trial,date,strike,ref_px,call_entry_px,call_entry_mod,call_exit_px,call_exit_mod,put_entry_px,put_entry_mod,put_exit_px,put_exit_mod,premium_total,exit_total,gross_usd,gross_pct,net_usd_cost0,net_pct_cost0,net_usd_cost1,net_pct_cost1,net_usd_cost2,net_pct_cost2
E1,2024-02-01,485.000000,485.290000,1.560000,571,4.130000,959,1.260000,571,0.020000,959,2.820000,4.150000,1.330000,47.163121,1.330000,47.163121,1.230000,43.617021,1.130000,40.070922
E1,2024-02-05,493.000000,493.130000,1.110000,571,0.030000,959,0.960000,571,0.460000,959,2.070000,0.490000,-1.580000,-76.328502,-1.580000,-76.328502,-1.680000,-81.159420,-1.780000,-85.990338
E1,2024-02-06,494.000000,493.730000,0.770000,571,0.100000,959,1.070000,571,0.150000,959,1.840000,0.250000,-1.590000,-86.413043,-1.590000,-86.413043,-1.690000,-91.847826,-1.790000,-97.282609
E1,2024-02-07,496.000000,496.330000,1.070000,571,1.970000,959,0.850000,571,0.010000,959,1.920000,1.980000,0.060000,3.125000,0.060000,3.125000,-0.040000,-2.083333,-0.140000,-7.291667
E1,2024-02-08,498.000000,497.930000,0.930000,571,0.410000,959,1.000000,571,0.040000,959,1.930000,0.450000,-1.480000,-76.683938,-1.480000,-76.683938,-1.580000,-81.865285,-1.680000,-87.046632
E1,2024-02-09,499.000000,498.750000,0.960000,571,2.170000,959,1.130000,571,0.010000,959,2.090000,2.180000,0.090000,4.306220,0.090000,4.306220,-0.010000,-0.478469,-0.110000,-5.263158
E1,2024-02-12,501.000000,501.290000,0.970000,571,0.150000,959,0.680000,571,0.110000,959,1.650000,0.260000,-1.390000,-84.242424,-1.390000,-84.242424,-1.490000,-90.303030,-1.590000,-96.363636
E1,2024-02-13,494.000000,494.295000,1.440000,571,0.300000,959,1.140000,571,0.170000,959,2.580000,0.470000,-2.110000,-81.782946,-2.110000,-81.782946,-2.210000,-85.658915,-2.310000,-89.534884
E1,2024-02-14,497.000000,497.040000,1.070000,571,1.710000,959,1.020000,571,0.010000,959,2.090000,1.720000,-0.370000,-17.703349,-0.370000,-17.703349,-0.470000,-22.488038,-0.570000,-27.272727
E1,2024-02-15,500.000000,499.520000,0.820000,571,1.990000,959,1.270000,571,0.010000,959,2.090000,2.000000,-0.090000,-4.306220,-0.090000,-4.306220,-0.190000,-9.090909,-0.290000,-13.875598
E1,2024-02-16,501.000000,501.440000,1.480000,571,0.010000,959,1.040000,571,1.630000,959,2.520000,1.640000,-0.880000,-34.920635,-0.880000,-34.920635,-0.980000,-38.888889,-1.080000,-42.857143
E1,2024-02-20,498.000000,498.020000,1.030000,571,0.010000,959,0.970000,571,1.620000,959,2.000000,1.630000,-0.370000,-18.500000,-0.370000,-18.500000,-0.470000,-23.500000,-0.570000,-28.500000
E1,2024-02-21,495.000000,495.330000,1.720000,571,2.370000,959,1.470000,573,0.240000,959,3.190000,2.610000,-0.580000,-18.181818,-0.580000,-18.181818,-0.680000,-21.316614,-0.780000,-24.451411
E1,2024-02-22,503.000000,503.260000,1.310000,571,4.570000,959,1.140000,571,0.010000,959,2.450000,4.580000,2.130000,86.938776,2.130000,86.938776,2.030000,82.857143,1.930000,78.775510
E1,2024-02-23,510.000000,509.765000,0.920000,571,0.010000,959,1.150000,571,2.000000,959,2.070000,2.010000,-0.060000,-2.898551,-0.060000,-2.898551,-0.160000,-7.729469,-0.260000,-12.560386
E1,2024-02-26,509.000000,508.520000,0.490000,614,0.010000,959,1.350000,614,3.100000,959,1.840000,3.110000,1.270000,69.021739,1.270000,69.021739,1.170000,63.586957,1.070000,58.152174
E1,2024-02-27,506.000000,506.500000,1.200000,571,0.800000,959,0.690000,571,0.010000,959,1.890000,0.810000,-1.080000,-57.142857,-1.080000,-57.142857,-1.180000,-62.433862,-1.280000,-67.724868
E1,2024-02-28,505.000000,505.290000,1.090000,571,1.180000,959,0.780000,571,0.010000,959,1.870000,1.190000,-0.680000,-36.363636,-0.680000,-36.363636,-0.780000,-41.711230,-0.880000,-47.058824
E1,2024-02-29,508.000000,508.470000,1.390000,571,0.420000,959,0.950000,571,0.230000,959,2.340000,0.650000,-1.690000,-72.222222,-1.690000,-72.222222,-1.790000,-76.495726,-1.890000,-80.769231
E1,2024-03-01,509.000000,509.470000,1.320000,571,4.000000,959,0.860000,571,0.010000,959,2.180000,4.010000,1.830000,83.944954,1.830000,83.944954,1.730000,79.357798,1.630000,74.770642
E1,2024-03-04,512.000000,512.185000,0.920000,571,0.390000,959,0.670000,571,0.070000,959,1.590000,0.460000,-1.130000,-71.069182,-1.130000,-71.069182,-1.230000,-77.358491,-1.330000,-83.647799
E1,2024-03-05,510.000000,510.230000,1.040000,571,0.010000,959,0.760000,571,2.960000,959,1.800000,2.970000,1.170000,65.000000,1.170000,65.000000,1.070000,59.444444,0.970000,53.888889
E1,2024-03-06,511.000000,510.630000,1.020000,571,0.010000,959,1.370000,571,1.210000,959,2.390000,1.220000,-1.170000,-48.953975,-1.170000,-48.953975,-1.270000,-53.138075,-1.370000,-57.322176
E1,2024-03-07,513.000000,512.940000,1.100000,571,2.000000,959,1.140000,571,0.010000,959,2.240000,2.010000,-0.230000,-10.267857,-0.230000,-10.267857,-0.330000,-14.732143,-0.430000,-19.196429
E1,2024-03-08,516.000000,515.790000,1.120000,571,0.010000,959,1.220000,571,3.750000,959,2.340000,3.760000,1.420000,60.683761,1.420000,60.683761,1.320000,56.410256,1.220000,52.136752
E1,2024-03-11,511.000000,510.600000,1.030000,571,0.300000,959,1.400000,571,0.050000,959,2.430000,0.350000,-2.080000,-85.596708,-2.080000,-85.596708,-2.180000,-89.711934,-2.280000,-93.827160
E1,2024-03-12,514.000000,513.590000,1.110000,571,2.770000,959,1.530000,571,0.010000,959,2.640000,2.780000,0.140000,5.303030,0.140000,5.303030,0.040000,1.515152,-0.060000,-2.272727
E1,2024-03-13,517.000000,516.770000,0.830000,571,0.010000,959,1.080000,571,1.080000,959,1.910000,1.090000,-0.820000,-42.931937,-0.820000,-42.931937,-0.920000,-48.167539,-1.020000,-53.403141
E1,2024-03-14,517.000000,516.820000,0.910000,571,0.010000,959,1.160000,571,2.460000,959,2.070000,2.470000,0.400000,19.323671,0.400000,19.323671,0.300000,14.492754,0.200000,9.661836
E1,2024-03-15,511.000000,510.690000,0.490000,718,0.010000,959,1.900000,718,1.260000,959,2.390000,1.270000,-1.120000,-46.861925,-1.120000,-46.861925,-1.220000,-51.046025,-1.320000,-55.230126
E1,2024-03-18,515.000000,514.540000,1.010000,571,0.030000,959,1.510000,571,2.000000,959,2.520000,2.030000,-0.490000,-19.444444,-0.490000,-19.444444,-0.590000,-23.412698,-0.690000,-27.380952
E1,2024-03-19,511.000000,511.485000,1.480000,571,4.600000,959,1.000000,571,0.010000,959,2.480000,4.610000,2.130000,85.887097,2.130000,85.887097,2.030000,81.854839,1.930000,77.822581
E1,2024-03-20,516.000000,515.655000,1.760000,571,4.490000,959,2.040000,571,0.010000,959,3.800000,4.500000,0.700000,18.421053,0.700000,18.421053,0.600000,15.789474,0.500000,13.157895
E1,2024-03-21,523.000000,523.065000,1.000000,571,0.010000,959,0.940000,571,1.000000,959,1.940000,1.010000,-0.930000,-47.938144,-0.930000,-47.938144,-1.030000,-53.092784,-1.130000,-58.247423
E1,2024-03-22,522.000000,522.290000,1.140000,571,0.010000,959,0.790000,571,0.750000,959,1.930000,0.760000,-1.170000,-60.621762,-1.170000,-60.621762,-1.270000,-65.803109,-1.370000,-70.984456
E1,2024-03-25,520.000000,520.060000,0.850000,571,0.060000,959,0.750000,571,0.220000,959,1.600000,0.280000,-1.320000,-82.500000,-1.320000,-82.500000,-1.420000,-88.750000,-1.520000,-95.000000
E1,2024-03-26,521.000000,521.000000,0.820000,571,0.010000,959,0.770000,571,2.310000,959,1.590000,2.320000,0.730000,45.911950,0.730000,45.911950,0.630000,39.622642,0.530000,33.333333
E1,2024-03-27,522.000000,521.550000,0.560000,571,1.250000,959,0.970000,571,0.030000,959,1.530000,1.280000,-0.250000,-16.339869,-0.250000,-16.339869,-0.350000,-22.875817,-0.450000,-29.411765
E1,2024-03-28,523.000000,522.950000,0.880000,571,0.300000,959,0.940000,571,0.140000,959,1.820000,0.440000,-1.380000,-75.824176,-1.380000,-75.824176,-1.480000,-81.318681,-1.580000,-86.813187
E1,2024-04-01,524.000000,523.620000,0.610000,571,0.010000,959,0.990000,571,1.830000,959,1.600000,1.840000,0.240000,15.000000,0.240000,15.000000,0.140000,8.750000,0.040000,2.500000
E1,2024-04-02,518.000000,518.265000,1.240000,571,0.860000,959,0.960000,571,0.020000,959,2.200000,0.880000,-1.320000,-60.000000,-1.320000,-60.000000,-1.420000,-64.545455,-1.520000,-69.090909
E1,2024-04-03,518.000000,518.010000,1.020000,571,1.510000,959,0.990000,571,0.030000,959,2.010000,1.540000,-0.470000,-23.383085,-0.470000,-23.383085,-0.570000,-28.358209,-0.670000,-33.333333
E1,2024-04-04,523.000000,523.265000,0.970000,571,0.010000,959,0.700000,571,10.000000,959,1.670000,10.010000,8.340000,499.401198,8.340000,499.401198,8.240000,493.413174,8.140000,487.425150
E1,2024-04-05,515.000000,514.790000,1.560000,571,3.550000,959,1.750000,571,0.010000,958,3.310000,3.560000,0.250000,7.552870,0.250000,7.552870,0.150000,4.531722,0.050000,1.510574
E1,2024-04-08,519.000000,519.295000,1.240000,571,0.050000,959,0.900000,571,0.370000,959,2.140000,0.420000,-1.720000,-80.373832,-1.720000,-80.373832,-1.820000,-85.046729,-1.920000,-89.719626
E1,2024-04-09,521.000000,520.510000,0.620000,571,0.010000,959,1.180000,571,1.690000,959,1.800000,1.700000,-0.100000,-5.555556,-0.100000,-5.555556,-0.200000,-11.111111,-0.300000,-16.666667
E1,2024-04-10,513.000000,512.890000,1.780000,571,1.020000,959,1.860000,571,0.050000,959,3.640000,1.070000,-2.570000,-70.604396,-2.570000,-70.604396,-2.670000,-73.351648,-2.770000,-76.098901
E1,2024-04-11,515.000000,515.030000,1.520000,571,3.100000,959,1.510000,571,0.010000,959,3.030000,3.110000,0.080000,2.640264,0.080000,2.640264,-0.020000,-0.660066,-0.120000,-3.960396
E1,2024-04-12,515.000000,514.690000,1.500000,571,0.010000,959,1.710000,571,4.130000,959,3.210000,4.140000,0.930000,28.971963,0.930000,28.971963,0.830000,25.856698,0.730000,22.741433
E1,2024-04-15,515.000000,514.760000,1.370000,571,0.010000,959,1.590000,571,10.470000,959,2.960000,10.480000,7.520000,254.054054,7.520000,254.054054,7.420000,250.675676,7.320000,247.297297
E1,2024-04-16,505.000000,504.635000,1.750000,571,0.010000,959,2.090000,571,1.510000,959,3.840000,1.520000,-2.320000,-60.416667,-2.320000,-60.416667,-2.420000,-63.020833,-2.520000,-65.625000
E1,2024-04-17,506.000000,505.930000,1.600000,571,0.010000,958,1.670000,571,5.160000,959,3.270000,5.170000,1.900000,58.103976,1.900000,58.103976,1.800000,55.045872,1.700000,51.987768
E1,2024-04-18,502.000000,501.790000,1.370000,571,0.020000,959,1.660000,571,2.400000,959,3.030000,2.420000,-0.610000,-20.132013,-0.610000,-20.132013,-0.710000,-23.432343,-0.810000,-26.732673
E1,2024-04-19,499.000000,499.230000,1.990000,571,0.010000,959,1.710000,571,3.930000,959,3.700000,3.940000,0.240000,6.486486,0.240000,6.486486,0.140000,3.783784,0.040000,1.081081
E1,2024-04-22,497.000000,497.200000,1.580000,571,2.270000,959,1.370000,571,0.010000,959,2.950000,2.280000,-0.670000,-22.711864,-0.670000,-22.711864,-0.770000,-26.101695,-0.870000,-29.491525
E1,2024-04-23,502.000000,501.690000,1.110000,571,3.560000,959,1.440000,571,0.010000,959,2.550000,3.570000,1.020000,40.000000,1.020000,40.000000,0.920000,36.078431,0.820000,32.156863
E1,2024-04-24,506.000000,506.210000,1.470000,571,0.320000,959,1.250000,571,0.820000,959,2.720000,1.140000,-1.580000,-58.088235,-1.580000,-58.088235,-1.680000,-61.764706,-1.780000,-65.441176
E1,2024-04-25,499.000000,499.170000,1.800000,571,4.470000,959,1.610000,571,0.040000,959,3.410000,4.510000,1.100000,32.258065,1.100000,32.258065,1.000000,29.325513,0.900000,26.392962
E1,2024-04-26,506.000000,506.230000,1.530000,571,2.450000,959,1.580000,571,0.010000,959,3.110000,2.460000,-0.650000,-20.900322,-0.650000,-20.900322,-0.750000,-24.115756,-0.850000,-27.331190
E1,2024-04-29,510.000000,510.420000,1.210000,571,0.160000,959,0.800000,571,0.120000,959,2.010000,0.280000,-1.730000,-86.069652,-1.730000,-86.069652,-1.830000,-91.044776,-1.930000,-96.019900
E1,2024-04-30,508.000000,508.280000,1.530000,571,0.010000,959,1.300000,571,5.580000,959,2.830000,5.590000,2.760000,97.526502,2.760000,97.526502,2.660000,93.992933,2.560000,90.459364
E1,2024-05-01,501.000000,501.285000,2.300000,571,0.130000,959,1.980000,571,0.970000,959,4.280000,1.100000,-3.180000,-74.299065,-3.180000,-74.299065,-3.280000,-76.635514,-3.380000,-78.971963
E1,2024-05-02,504.000000,503.715000,1.390000,571,1.240000,959,1.650000,571,0.190000,959,3.040000,1.430000,-1.610000,-52.960526,-1.610000,-52.960526,-1.710000,-56.250000,-1.810000,-59.539474
E1,2024-05-03,511.000000,510.895000,1.460000,571,0.330000,959,1.590000,571,0.070000,959,3.050000,0.400000,-2.650000,-86.885246,-2.650000,-86.885246,-2.750000,-90.163934,-2.850000,-93.442623
E1,2024-05-06,513.000000,513.455000,1.270000,571,3.350000,959,0.820000,571,0.010000,959,2.090000,3.360000,1.270000,60.765550,1.270000,60.765550,1.170000,55.980861,1.070000,51.196172
E1,2024-05-07,518.000000,517.890000,0.910000,571,0.020000,959,1.010000,571,0.850000,959,1.920000,0.870000,-1.050000,-54.687500,-1.050000,-54.687500,-1.150000,-59.895833,-1.250000,-65.104167
E1,2024-05-08,516.000000,515.590000,0.870000,571,1.290000,959,1.140000,571,0.010000,959,2.010000,1.300000,-0.710000,-35.323383,-0.710000,-35.323383,-0.810000,-40.298507,-0.910000,-45.273632
E1,2024-05-09,517.000000,517.440000,1.270000,571,3.150000,959,0.700000,571,0.010000,959,1.970000,3.160000,1.190000,60.406091,1.190000,60.406091,1.090000,55.329949,0.990000,50.253807
E1,2024-05-10,522.000000,521.730000,0.720000,571,0.010000,959,1.060000,571,1.220000,959,1.780000,1.230000,-0.550000,-30.898876,-0.550000,-30.898876,-0.650000,-36.516854,-0.750000,-42.134831
E1,2024-05-13,522.000000,522.380000,1.060000,571,0.010000,959,0.670000,571,1.080000,959,1.730000,1.090000,-0.640000,-36.994220,-0.640000,-36.994220,-0.740000,-42.774566,-0.840000,-48.554913
E1,2024-05-14,521.000000,521.400000,1.350000,571,2.330000,959,0.990000,571,0.010000,959,2.340000,2.340000,0.000000,0.000000,0.000000,0.000000,-0.100000,-4.273504,-0.200000,-8.547009
E1,2024-05-15,526.000000,526.090000,1.220000,571,3.660000,959,1.160000,571,0.010000,957,2.380000,3.670000,1.290000,54.201681,1.290000,54.201681,1.190000,50.000000,1.090000,45.798319
E1,2024-05-16,530.000000,530.215000,0.960000,571,0.010000,959,0.810000,571,1.400000,959,1.770000,1.410000,-0.360000,-20.338983,-0.360000,-20.338983,-0.460000,-25.988701,-0.560000,-31.638418
E1,2024-05-17,529.000000,529.005000,0.910000,571,0.420000,959,0.980000,571,0.030000,959,1.890000,0.450000,-1.440000,-76.190476,-1.440000,-76.190476,-1.540000,-81.481481,-1.640000,-86.772487
E1,2024-05-20,530.000000,529.760000,0.680000,571,0.170000,959,0.840000,571,0.180000,959,1.520000,0.350000,-1.170000,-76.973684,-1.170000,-76.973684,-1.270000,-83.552632,-1.370000,-90.131579
E1,2024-05-21,529.000000,529.355000,0.880000,571,2.320000,959,0.740000,571,0.010000,959,1.620000,2.330000,0.710000,43.827160,0.710000,43.827160,0.610000,37.654321,0.510000,31.481481
E1,2024-05-22,531.000000,530.720000,1.360000,571,0.730000,959,1.630000,571,2.000000,959,2.990000,2.730000,-0.260000,-8.695652,-0.260000,-8.695652,-0.360000,-12.040134,-0.460000,-15.384615
E1,2024-05-23,532.000000,532.340000,1.280000,571,0.010000,955,1.030000,571,6.000000,959,2.310000,6.010000,3.700000,160.173160,3.700000,160.173160,3.600000,155.844156,3.500000,151.515152
E1,2024-05-24,528.000000,527.720000,0.940000,571,1.460000,959,1.170000,571,0.010000,959,2.110000,1.470000,-0.640000,-30.331754,-0.640000,-30.331754,-0.740000,-35.071090,-0.840000,-39.810427
E1,2024-05-28,530.000000,530.420000,1.050000,571,0.100000,959,0.630000,571,0.230000,959,1.680000,0.330000,-1.350000,-80.357143,-1.350000,-80.357143,-1.450000,-86.309524,-1.550000,-92.261905
E1,2024-05-29,526.000000,525.800000,1.000000,571,0.060000,959,1.170000,571,0.440000,959,2.170000,0.500000,-1.670000,-76.958525,-1.670000,-76.958525,-1.770000,-81.566820,-1.870000,-86.175115
E1,2024-05-30,525.000000,524.710000,0.830000,571,0.020000,959,1.160000,571,2.390000,959,1.990000,2.410000,0.420000,21.105528,0.420000,21.105528,0.320000,16.080402,0.220000,11.055276
E1,2024-05-31,524.000000,523.650000,1.100000,571,2.440000,959,1.400000,571,0.010000,959,2.500000,2.450000,-0.050000,-2.000000,-0.050000,-2.000000,-0.150000,-6.000000,-0.250000,-10.000000
E1,2024-06-03,529.000000,528.740000,0.850000,571,0.010000,959,1.150000,571,1.930000,958,2.000000,1.940000,-0.060000,-3.000000,-0.060000,-3.000000,-0.160000,-8.000000,-0.260000,-13.000000
E1,2024-06-04,526.000000,526.355000,1.450000,571,2.380000,959,1.120000,571,0.010000,959,2.570000,2.390000,-0.180000,-7.003891,-0.180000,-7.003891,-0.280000,-10.894942,-0.380000,-14.785992
E1,2024-06-05,530.000000,530.390000,1.390000,571,4.710000,959,1.020000,571,0.010000,959,2.410000,4.720000,2.310000,95.850622,2.310000,95.850622,2.210000,91.701245,2.110000,87.551867
E1,2024-06-06,535.000000,534.780000,0.930000,571,0.030000,959,1.130000,571,0.550000,959,2.060000,0.580000,-1.480000,-71.844660,-1.480000,-71.844660,-1.580000,-76.699029,-1.680000,-81.553398
E1,2024-06-07,533.000000,532.790000,1.350000,572,1.000000,959,1.360000,571,0.030000,959,2.710000,1.030000,-1.680000,-61.992620,-1.680000,-61.992620,-1.780000,-65.682657,-1.880000,-69.372694
E1,2024-06-10,533.000000,532.955000,0.980000,571,2.730000,959,1.100000,572,0.010000,959,2.080000,2.740000,0.660000,31.730769,0.660000,31.730769,0.560000,26.923077,0.460000,22.115385
E1,2024-06-11,534.000000,533.560000,0.860000,571,2.970000,959,1.260000,571,0.010000,959,2.120000,2.980000,0.860000,40.566038,0.860000,40.566038,0.760000,35.849057,0.660000,31.132075
E1,2024-06-12,542.000000,541.590000,1.630000,571,0.100000,959,2.020000,571,0.810000,959,3.650000,0.910000,-2.740000,-75.068493,-2.740000,-75.068493,-2.840000,-77.808219,-2.940000,-80.547945
E1,2024-06-13,543.000000,542.690000,0.930000,571,0.090000,959,1.270000,571,0.530000,959,2.200000,0.620000,-1.580000,-71.818182,-1.580000,-71.818182,-1.680000,-76.363636,-1.780000,-80.909091
E1,2024-06-14,541.000000,540.950000,1.100000,571,1.820000,959,1.140000,571,0.010000,959,2.240000,1.830000,-0.410000,-18.303571,-0.410000,-18.303571,-0.510000,-22.767857,-0.610000,-27.232143
E1,2024-06-17,542.000000,541.930000,0.940000,571,5.010000,959,0.990000,571,0.010000,959,1.930000,5.020000,3.090000,160.103627,3.090000,160.103627,2.990000,154.922280,2.890000,149.740933
E1,2024-06-18,547.000000,547.280000,1.190000,571,1.500000,959,0.830000,571,0.010000,959,2.020000,1.510000,-0.510000,-25.247525,-0.510000,-25.247525,-0.610000,-30.198020,-0.710000,-35.148515
E1,2024-06-20,549.000000,548.895000,1.010000,571,0.010000,959,1.100000,571,2.070000,959,2.110000,2.080000,-0.030000,-1.421801,-0.030000,-1.421801,-0.130000,-6.161137,-0.230000,-10.900474
E1,2024-06-21,544.000000,544.460000,1.620000,571,0.300000,959,1.180000,571,0.040000,959,2.800000,0.340000,-2.460000,-87.857143,-2.460000,-87.857143,-2.560000,-91.428571,-2.660000,-95.000000
E1,2024-06-24,544.000000,544.250000,1.180000,571,0.010000,959,0.960000,571,1.170000,959,2.140000,1.180000,-0.960000,-44.859813,-0.960000,-44.859813,-1.060000,-49.532710,-1.160000,-54.205607
E1,2024-06-25,544.000000,543.670000,0.820000,571,1.110000,959,1.270000,571,0.010000,959,2.090000,1.120000,-0.970000,-46.411483,-0.970000,-46.411483,-1.070000,-51.196172,-1.170000,-55.980861
E1,2024-06-26,543.000000,543.260000,1.280000,571,2.940000,959,0.980000,571,0.020000,959,2.260000,2.960000,0.700000,30.973451,0.700000,30.973451,0.600000,26.548673,0.500000,22.123894
E1,2024-06-27,546.000000,545.570000,0.750000,571,0.230000,959,1.280000,571,0.080000,959,2.030000,0.310000,-1.720000,-84.729064,-1.720000,-84.729064,-1.820000,-89.655172,-1.920000,-94.581281
E1,2024-06-28,547.000000,546.820000,1.190000,571,0.010000,959,1.330000,571,3.000000,959,2.520000,3.010000,0.490000,19.444444,0.490000,19.444444,0.390000,15.476190,0.290000,11.507937
E1,2024-07-01,546.000000,545.825000,0.990000,571,0.010000,959,1.190000,571,0.710000,959,2.180000,0.720000,-1.460000,-66.972477,-1.460000,-66.972477,-1.560000,-71.559633,-1.660000,-76.146789
E1,2024-07-02,544.000000,544.090000,1.090000,571,4.670000,959,1.000000,571,0.010000,959,2.090000,4.680000,2.590000,123.923445,2.590000,123.923445,2.490000,119.138756,2.390000,114.354067
E1,2024-07-05,552.000000,551.830000,0.900000,571,2.660000,959,1.050000,571,0.010000,958,1.950000,2.670000,0.720000,36.923077,0.720000,36.923077,0.620000,31.794872,0.520000,26.666667
E1,2024-07-08,556.000000,555.680000,0.670000,571,0.030000,959,1.060000,571,0.980000,959,1.730000,1.010000,-0.720000,-41.618497,-0.720000,-41.618497,-0.820000,-47.398844,-0.920000,-53.179191
E1,2024-07-09,556.000000,556.130000,1.050000,571,0.070000,959,0.970000,571,0.250000,959,2.020000,0.320000,-1.700000,-84.158416,-1.700000,-84.158416,-1.800000,-89.108911,-1.900000,-94.059406
E1,2024-07-10,557.000000,557.210000,0.930000,571,4.390000,959,0.850000,571,0.010000,959,1.780000,4.400000,2.620000,147.191011,2.620000,147.191011,2.520000,141.573034,2.420000,135.955056
E1,2024-07-11,562.000000,561.660000,1.090000,571,0.010000,959,1.400000,571,4.990000,959,2.490000,5.000000,2.510000,100.803213,2.510000,100.803213,2.410000,96.787149,2.310000,92.771084
E1,2024-07-12,558.000000,557.720000,1.060000,571,1.050000,959,1.230000,571,0.030000,959,2.290000,1.080000,-1.210000,-52.838428,-1.210000,-52.838428,-1.310000,-57.205240,-1.410000,-61.572052
E1,2024-07-15,562.000000,562.080000,1.250000,571,0.020000,959,1.180000,571,0.580000,959,2.430000,0.600000,-1.830000,-75.308642,-1.830000,-75.308642,-1.930000,-79.423868,-2.030000,-83.539095
E1,2024-07-16,563.000000,563.010000,1.190000,571,1.600000,959,1.170000,571,0.010000,959,2.360000,1.610000,-0.750000,-31.779661,-0.750000,-31.779661,-0.850000,-36.016949,-0.950000,-40.254237
E1,2024-07-17,559.000000,559.430000,1.570000,571,0.010000,959,1.050000,571,1.900000,959,2.620000,1.910000,-0.710000,-27.099237,-0.710000,-27.099237,-0.810000,-30.916031,-0.910000,-34.732824
E1,2024-07-18,558.000000,558.125000,1.500000,571,0.010000,959,1.350000,571,5.060000,959,2.850000,5.070000,2.220000,77.894737,2.220000,77.894737,2.120000,74.385965,2.020000,70.877193
E1,2024-07-19,552.000000,552.045000,1.720000,571,0.010000,959,1.710000,571,2.980000,959,3.430000,2.990000,-0.440000,-12.827988,-0.440000,-12.827988,-0.540000,-15.743440,-0.640000,-18.658892
E1,2024-07-22,552.000000,552.300000,1.510000,571,2.730000,959,1.190000,572,0.010000,959,2.700000,2.740000,0.040000,1.481481,0.040000,1.481481,-0.060000,-2.222222,-0.160000,-5.925926
E1,2024-07-23,555.000000,554.510000,1.150000,571,0.280000,959,1.840000,571,1.640000,959,2.990000,1.920000,-1.070000,-35.785953,-1.070000,-35.785953,-1.170000,-39.130435,-1.270000,-42.474916
E1,2024-07-24,549.000000,549.060000,1.470000,571,0.010000,955,1.350000,571,7.900000,959,2.820000,7.910000,5.090000,180.496454,5.090000,180.496454,4.990000,176.950355,4.890000,173.404255
E1,2024-07-25,541.000000,541.480000,1.850000,571,0.010000,959,1.770000,571,2.450000,959,3.620000,2.460000,-1.160000,-32.044199,-1.160000,-32.044199,-1.260000,-34.806630,-1.360000,-37.569061
E1,2024-07-26,542.000000,541.580000,1.720000,571,2.400000,959,2.180000,571,0.010000,959,3.900000,2.410000,-1.490000,-38.205128,-1.490000,-38.205128,-1.590000,-40.769231,-1.690000,-43.333333
E1,2024-07-29,545.000000,545.270000,1.740000,571,0.130000,959,1.750000,571,0.330000,959,3.490000,0.460000,-3.030000,-86.819484,-3.030000,-86.819484,-3.130000,-89.684814,-3.230000,-92.550143
E1,2024-07-30,546.000000,546.440000,2.000000,571,0.010000,959,1.470000,571,3.500000,958,3.470000,3.510000,0.040000,1.152738,0.040000,1.152738,-0.060000,-1.729107,-0.160000,-4.610951
E1,2024-07-31,548.000000,548.390000,2.480000,571,2.920000,959,2.160000,571,0.110000,959,4.640000,3.030000,-1.610000,-34.698276,-1.610000,-34.698276,-1.710000,-36.853448,-1.810000,-39.008621
E1,2024-08-01,553.000000,553.040000,2.080000,571,0.010000,959,1.960000,571,10.200000,959,4.040000,10.210000,6.170000,152.722772,6.170000,152.722772,6.070000,150.247525,5.970000,147.772277
E1,2024-08-02,535.000000,535.090000,2.800000,571,0.020000,959,2.630000,571,2.070000,959,5.430000,2.090000,-3.340000,-61.510129,-3.340000,-61.510129,-3.440000,-63.351750,-3.540000,-65.193370
E1,2024-08-05,511.000000,511.370000,6.270000,571,5.970000,958,5.500000,571,0.020000,959,11.770000,5.990000,-5.780000,-49.107901,-5.780000,-49.107901,-5.880000,-49.957519,-5.980000,-50.807137
E1,2024-08-06,519.000000,519.260000,3.410000,571,3.120000,959,3.120000,571,0.040000,959,6.530000,3.160000,-3.370000,-51.607963,-3.370000,-51.607963,-3.470000,-53.139357,-3.570000,-54.670750
E1,2024-08-07,529.000000,528.690000,2.120000,571,0.010000,957,2.410000,571,10.230000,959,4.530000,10.240000,5.710000,126.048565,5.710000,126.048565,5.610000,123.841060,5.510000,121.633554
E1,2024-08-08,524.000000,523.710000,2.630000,571,5.730000,958,2.850000,571,0.010000,959,5.480000,5.740000,0.260000,4.744526,0.260000,4.744526,0.160000,2.919708,0.060000,1.094891
E1,2024-08-09,530.000000,530.155000,2.670000,571,2.990000,959,2.450000,571,0.010000,959,5.120000,3.000000,-2.120000,-41.406250,-2.120000,-41.406250,-2.220000,-43.359375,-2.320000,-45.312500
E1,2024-08-12,534.000000,534.120000,1.740000,571,0.050000,959,1.690000,571,1.160000,959,3.430000,1.210000,-2.220000,-64.723032,-2.220000,-64.723032,-2.320000,-67.638484,-2.420000,-70.553936
E1,2024-08-13,537.000000,536.800000,1.690000,571,5.070000,959,1.830000,571,0.010000,959,3.520000,5.080000,1.560000,44.318182,1.560000,44.318182,1.460000,41.477273,1.360000,38.636364
E1,2024-08-14,543.000000,543.225000,1.900000,571,0.820000,959,1.840000,571,0.070000,959,3.740000,0.890000,-2.850000,-76.203209,-2.850000,-76.203209,-2.950000,-78.877005,-3.050000,-81.550802
E1,2024-08-15,550.000000,549.800000,1.400000,571,3.000000,959,1.440000,571,0.010000,959,2.840000,3.010000,0.170000,5.985915,0.170000,5.985915,0.070000,2.464789,-0.030000,-1.056338
E1,2024-08-16,552.000000,551.730000,1.440000,571,2.250000,959,1.720000,571,0.010000,959,3.160000,2.260000,-0.900000,-28.481013,-0.900000,-28.481013,-1.000000,-31.645570,-1.100000,-34.810127
E1,2024-08-19,555.000000,554.990000,1.140000,571,4.310000,959,1.270000,571,0.010000,959,2.410000,4.320000,1.910000,79.253112,1.910000,79.253112,1.810000,75.103734,1.710000,70.954357
E1,2024-08-20,559.000000,559.485000,1.410000,571,0.080000,959,0.940000,571,0.410000,959,2.350000,0.490000,-1.860000,-79.148936,-1.860000,-79.148936,-1.960000,-83.404255,-2.060000,-87.659574
E1,2024-08-21,560.000000,559.690000,1.270000,571,0.690000,959,1.660000,571,0.030000,959,2.930000,0.720000,-2.210000,-75.426621,-2.210000,-75.426621,-2.310000,-78.839590,-2.410000,-82.252560
E1,2024-08-22,563.000000,562.865000,1.270000,571,0.010000,959,1.400000,571,7.410000,959,2.670000,7.420000,4.750000,177.902622,4.750000,177.902622,4.650000,174.157303,4.550000,170.411985
E1,2024-08-23,559.000000,559.030000,2.150000,571,2.660000,959,2.230000,571,0.010000,959,4.380000,2.670000,-1.710000,-39.041096,-1.710000,-39.041096,-1.810000,-41.324201,-1.910000,-43.607306
E1,2024-08-26,563.000000,563.390000,1.440000,571,0.010000,959,1.090000,571,2.140000,959,2.530000,2.150000,-0.380000,-15.019763,-0.380000,-15.019763,-0.480000,-18.972332,-0.580000,-22.924901
E1,2024-08-27,559.000000,559.380000,1.510000,571,2.620000,959,1.270000,571,0.010000,959,2.780000,2.630000,-0.150000,-5.395683,-0.150000,-5.395683,-0.250000,-8.992806,-0.350000,-12.589928
E1,2024-08-28,562.000000,561.610000,2.070000,571,0.420000,959,2.480000,571,4.230000,959,4.550000,4.650000,0.100000,2.197802,0.100000,2.197802,0.000000,0.000000,-0.100000,-2.197802
E1,2024-08-29,560.000000,560.150000,1.720000,571,0.020000,959,1.600000,571,1.570000,959,3.320000,1.590000,-1.730000,-52.108434,-1.730000,-52.108434,-1.830000,-55.120482,-1.930000,-58.132530
E1,2024-08-30,561.000000,560.860000,1.390000,571,2.600000,959,1.540000,571,0.070000,959,2.930000,2.670000,-0.260000,-8.873720,-0.260000,-8.873720,-0.360000,-12.286689,-0.460000,-15.699659
E1,2024-09-03,561.000000,560.750000,1.220000,571,0.030000,959,1.560000,571,9.320000,959,2.780000,9.350000,6.570000,236.330935,6.570000,236.330935,6.470000,232.733813,6.370000,229.136691
E1,2024-09-04,550.000000,550.310000,2.090000,571,0.970000,959,1.740000,571,0.090000,959,3.830000,1.060000,-2.770000,-72.323760,-2.770000,-72.323760,-2.870000,-74.934726,-2.970000,-77.545692
E1,2024-09-05,551.000000,551.140000,1.990000,571,0.040000,959,1.910000,571,1.360000,959,3.900000,1.400000,-2.500000,-64.102564,-2.500000,-64.102564,-2.600000,-66.666667,-2.700000,-69.230769
E1,2024-09-06,551.000000,550.880000,2.070000,571,0.010000,958,2.110000,571,10.660000,958,4.180000,10.670000,6.490000,155.263158,6.490000,155.263158,6.390000,152.870813,6.290000,150.478469
E1,2024-09-09,545.000000,544.850000,1.800000,571,1.400000,959,1.970000,571,0.020000,959,3.770000,1.420000,-2.350000,-62.334218,-2.350000,-62.334218,-2.450000,-64.986737,-2.550000,-67.639257
E1,2024-09-10,548.000000,548.370000,1.800000,571,0.860000,959,1.410000,571,0.060000,959,3.210000,0.920000,-2.290000,-71.339564,-2.290000,-71.339564,-2.390000,-74.454829,-2.490000,-77.570093
E1,2024-09-11,548.000000,548.000000,1.860000,571,7.050000,959,1.870000,571,0.010000,959,3.730000,7.060000,3.330000,89.276139,3.330000,89.276139,3.230000,86.595174,3.130000,83.914209
E1,2024-09-12,555.000000,554.815000,1.740000,571,3.780000,959,1.920000,571,0.010000,959,3.660000,3.790000,0.130000,3.551913,0.130000,3.551913,0.030000,0.819672,-0.070000,-1.912568
E1,2024-09-13,560.000000,559.640000,1.530000,571,1.930000,959,1.880000,571,0.010000,959,3.410000,1.940000,-1.470000,-43.108504,-1.470000,-43.108504,-1.570000,-46.041056,-1.670000,-48.973607
E1,2024-09-16,562.000000,562.050000,1.390000,571,0.880000,959,1.480000,571,0.020000,959,2.870000,0.900000,-1.970000,-68.641115,-1.970000,-68.641115,-2.070000,-72.125436,-2.170000,-75.609756
E1,2024-09-17,565.000000,565.260000,1.590000,571,0.010000,959,1.420000,571,2.090000,959,3.010000,2.100000,-0.910000,-30.232558,-0.910000,-30.232558,-1.010000,-33.554817,-1.110000,-36.877076
E1,2024-09-18,563.000000,563.060000,3.080000,571,0.040000,959,3.170000,571,1.650000,959,6.250000,1.690000,-4.560000,-72.960000,-4.560000,-72.960000,-4.660000,-74.560000,-4.760000,-76.160000
E1,2024-09-19,570.000000,570.370000,1.850000,571,0.860000,959,1.490000,571,0.040000,959,3.340000,0.900000,-2.440000,-73.053892,-2.440000,-73.053892,-2.540000,-76.047904,-2.640000,-79.041916
E1,2024-09-20,568.000000,567.815000,1.590000,571,0.310000,959,1.740000,571,0.260000,959,3.330000,0.570000,-2.760000,-82.882883,-2.760000,-82.882883,-2.860000,-85.885886,-2.960000,-88.888889
E1,2024-09-23,569.000000,568.850000,1.270000,571,0.560000,959,1.500000,571,0.030000,959,2.770000,0.590000,-2.180000,-78.700361,-2.180000,-78.700361,-2.280000,-82.310469,-2.380000,-85.920578
E1,2024-09-24,570.000000,570.030000,1.090000,571,1.190000,959,1.160000,571,0.010000,959,2.250000,1.200000,-1.050000,-46.666667,-1.050000,-46.666667,-1.150000,-51.111111,-1.250000,-55.555556
E1,2024-09-25,572.000000,571.540000,0.780000,571,0.010000,959,1.230000,571,2.000000,959,2.010000,2.010000,0.000000,0.000000,0.000000,0.000000,-0.100000,-4.975124,-0.200000,-9.950249
E1,2024-09-26,574.000000,574.000000,1.070000,571,0.010000,959,1.120000,571,1.280000,959,2.190000,1.290000,-0.900000,-41.095890,-0.900000,-41.095890,-1.000000,-45.662100,-1.100000,-50.228311
E1,2024-09-27,573.000000,573.375000,1.280000,571,0.010000,959,0.960000,571,1.670000,959,2.240000,1.680000,-0.560000,-25.000000,-0.560000,-25.000000,-0.660000,-29.464286,-0.760000,-33.928571
E1,2024-09-30,571.000000,570.870000,1.340000,571,2.640000,959,1.420000,571,0.020000,959,2.760000,2.660000,-0.100000,-3.623188,-0.100000,-3.623188,-0.200000,-7.246377,-0.300000,-10.869565
E1,2024-10-01,572.000000,572.495000,1.790000,571,0.010000,959,1.270000,571,3.500000,959,3.060000,3.510000,0.450000,14.705882,0.450000,14.705882,0.350000,11.437908,0.250000,8.169935
E1,2024-10-02,567.000000,566.900000,1.740000,571,1.780000,959,1.750000,571,0.010000,959,3.490000,1.790000,-1.700000,-48.710602,-1.700000,-48.710602,-1.800000,-51.575931,-1.900000,-54.441261
E1,2024-10-03,567.000000,567.465000,1.980000,571,0.790000,959,1.490000,571,0.070000,959,3.470000,0.860000,-2.610000,-75.216138,-2.610000,-75.216138,-2.710000,-78.097983,-2.810000,-80.979827
E1,2024-10-04,572.000000,571.850000,1.700000,571,0.880000,959,1.900000,571,0.040000,959,3.600000,0.920000,-2.680000,-74.444444,-2.680000,-74.444444,-2.780000,-77.222222,-2.880000,-80.000000
E1,2024-10-07,571.000000,571.255000,1.570000,571,0.010000,959,1.320000,571,3.440000,959,2.890000,3.450000,0.560000,19.377163,0.560000,19.377163,0.460000,15.916955,0.360000,12.456747
E1,2024-10-08,570.000000,570.175000,1.460000,571,3.000000,959,1.370000,571,0.010000,959,2.830000,3.010000,0.180000,6.360424,0.180000,6.360424,0.080000,2.826855,-0.020000,-0.706714
E1,2024-10-09,573.000000,572.790000,1.160000,571,4.200000,959,1.360000,571,0.010000,959,2.520000,4.210000,1.690000,67.063492,1.690000,67.063492,1.590000,63.095238,1.490000,59.126984
E1,2024-10-10,576.000000,575.650000,1.310000,571,0.280000,959,1.670000,571,0.180000,959,2.980000,0.460000,-2.520000,-84.563758,-2.520000,-84.563758,-2.620000,-87.919463,-2.720000,-91.275168
E1,2024-10-11,577.000000,576.570000,1.040000,571,2.600000,959,1.450000,571,0.010000,959,2.490000,2.610000,0.120000,4.819277,0.120000,4.819277,0.020000,0.803213,-0.080000,-3.212851
E1,2024-10-14,581.000000,580.910000,0.980000,571,3.340000,959,1.120000,571,0.010000,958,2.100000,3.350000,1.250000,59.523810,1.250000,59.523810,1.150000,54.761905,1.050000,50.000000
E1,2024-10-15,585.000000,584.640000,0.870000,571,0.010000,959,1.210000,571,5.430000,959,2.080000,5.440000,3.360000,161.538462,3.360000,161.538462,3.260000,156.730769,3.160000,151.923077
E1,2024-10-16,579.000000,579.325000,1.410000,571,3.290000,959,1.150000,571,0.010000,959,2.560000,3.300000,0.740000,28.906250,0.740000,28.906250,0.640000,25.000000,0.540000,21.093750
E1,2024-10-17,585.000000,585.400000,1.330000,571,0.010000,959,0.980000,571,2.550000,959,2.310000,2.560000,0.250000,10.822511,0.250000,10.822511,0.150000,6.493506,0.050000,2.164502
E1,2024-10-18,583.000000,583.370000,1.360000,571,1.590000,959,1.130000,571,0.010000,959,2.490000,1.600000,-0.890000,-35.742972,-0.890000,-35.742972,-0.990000,-39.759036,-1.090000,-43.775100
E1,2024-10-21,584.000000,584.110000,1.010000,571,0.050000,959,0.930000,571,0.400000,959,1.940000,0.450000,-1.490000,-76.804124,-1.490000,-76.804124,-1.590000,-81.958763,-1.690000,-87.113402
E1,2024-10-22,580.000000,580.495000,1.560000,571,3.410000,959,0.990000,571,0.010000,959,2.550000,3.420000,0.870000,34.117647,0.870000,34.117647,0.770000,30.196078,0.670000,26.274510
E1,2024-10-23,581.000000,581.250000,1.290000,571,0.010000,959,1.000000,571,2.990000,959,2.290000,3.000000,0.710000,31.004367,0.710000,31.004367,0.610000,26.637555,0.510000,22.270742
E1,2024-10-24,579.000000,579.155000,1.370000,571,0.300000,959,1.250000,571,0.100000,959,2.620000,0.400000,-2.220000,-84.732824,-2.220000,-84.732824,-2.320000,-88.549618,-2.420000,-92.366412
E1,2024-10-25,582.500000,582.410000,1.020000,571,0.010000,956,1.110000,571,3.250000,959,2.130000,3.260000,1.130000,53.051643,1.130000,53.051643,1.030000,48.356808,0.930000,43.661972
E1,2024-10-28,582.000000,582.080000,1.120000,571,0.010000,959,1.230000,571,1.250000,959,2.350000,1.260000,-1.090000,-46.382979,-1.090000,-46.382979,-1.190000,-50.638298,-1.290000,-54.893617
E1,2024-10-29,579.000000,579.155000,1.560000,571,2.590000,959,1.410000,571,0.050000,959,2.970000,2.640000,-0.330000,-11.111111,-0.330000,-11.111111,-0.430000,-14.478114,-0.530000,-17.845118
E1,2024-10-30,581.000000,581.240000,1.670000,571,0.450000,959,1.420000,571,1.640000,959,3.090000,2.090000,-1.000000,-32.362460,-1.000000,-32.362460,-1.100000,-35.598706,-1.200000,-38.834951
E1,2024-10-31,575.000000,574.670000,1.650000,571,0.010000,959,1.950000,571,6.090000,959,3.600000,6.100000,2.500000,69.444444,2.500000,69.444444,2.400000,66.666667,2.300000,63.888889
E1,2024-11-01,572.000000,571.680000,1.430000,571,0.030000,959,1.750000,571,0.950000,959,3.180000,0.980000,-2.200000,-69.182390,-2.200000,-69.182390,-2.300000,-72.327044,-2.400000,-75.471698
E1,2024-11-04,571.000000,571.025000,1.480000,571,0.010000,959,1.450000,571,1.270000,959,2.930000,1.280000,-1.650000,-56.313993,-1.650000,-56.313993,-1.750000,-59.726962,-1.850000,-63.139932
E1,2024-11-05,572.000000,571.740000,1.300000,571,4.530000,959,1.530000,571,0.010000,959,2.830000,4.540000,1.710000,60.424028,1.710000,60.424028,1.610000,56.890459,1.510000,53.356890
E1,2024-11-06,588.000000,588.230000,2.190000,571,3.040000,959,2.000000,571,0.010000,959,4.190000,3.050000,-1.140000,-27.207637,-1.140000,-27.207637,-1.240000,-29.594272,-1.340000,-31.980907
E1,2024-11-07,593.000000,593.345000,1.950000,571,2.500000,959,1.590000,571,0.010000,959,3.540000,2.510000,-1.030000,-29.096045,-1.030000,-29.096045,-1.130000,-31.920904,-1.230000,-34.745763
E1,2024-11-08,597.000000,596.550000,0.860000,571,1.200000,959,1.340000,571,0.060000,959,2.200000,1.260000,-0.940000,-42.727273,-0.940000,-42.727273,-1.040000,-47.272727,-1.140000,-51.818182
E1,2024-11-11,600.000000,600.050000,1.020000,571,0.010000,959,0.960000,571,1.300000,959,1.980000,1.310000,-0.670000,-33.838384,-0.670000,-33.838384,-0.770000,-38.888889,-0.870000,-43.939394
E1,2024-11-12,598.000000,598.490000,1.390000,571,0.010000,959,0.910000,571,1.300000,959,2.300000,1.310000,-0.990000,-43.043478,-0.990000,-43.043478,-1.090000,-47.391304,-1.190000,-51.739130
E1,2024-11-13,597.000000,597.245000,1.330000,571,0.320000,959,1.080000,571,0.070000,959,2.410000,0.390000,-2.020000,-83.817427,-2.020000,-83.817427,-2.120000,-87.966805,-2.220000,-92.116183
E1,2024-11-14,598.000000,597.580000,0.840000,571,0.010000,958,1.390000,571,4.450000,959,2.230000,4.460000,2.230000,100.000000,2.230000,100.000000,2.130000,95.515695,2.030000,91.031390
E1,2024-11-15,590.000000,590.025000,1.270000,571,0.010000,957,1.260000,571,4.590000,959,2.530000,4.600000,2.070000,81.818182,2.070000,81.818182,1.970000,77.865613,1.870000,73.913043
E1,2024-11-18,586.000000,585.590000,1.120000,571,2.920000,959,1.500000,571,0.010000,959,2.620000,2.930000,0.310000,11.832061,0.310000,11.832061,0.210000,8.015267,0.110000,4.198473
E1,2024-11-19,585.000000,585.230000,1.680000,571,5.120000,959,1.420000,571,0.010000,959,3.100000,5.130000,2.030000,65.483871,2.030000,65.483871,1.930000,62.258065,1.830000,59.032258
E1,2024-11-20,590.000000,590.400000,2.170000,571,1.660000,959,1.780000,571,1.200000,959,3.950000,2.860000,-1.090000,-27.594937,-1.090000,-27.594937,-1.190000,-30.126582,-1.290000,-32.658228
E1,2024-11-21,593.000000,593.415000,1.770000,571,0.700000,959,1.370000,571,0.070000,959,3.140000,0.770000,-2.370000,-75.477707,-2.370000,-75.477707,-2.470000,-78.662420,-2.570000,-81.847134
E1,2024-11-22,594.000000,593.580000,1.380000,571,1.400000,959,1.790000,571,0.010000,959,3.170000,1.410000,-1.760000,-55.520505,-1.760000,-55.520505,-1.860000,-58.675079,-1.960000,-61.829653
E1,2024-11-25,599.000000,598.930000,1.090000,571,0.010000,959,1.020000,571,1.380000,959,2.110000,1.390000,-0.720000,-34.123223,-0.720000,-34.123223,-0.820000,-38.862559,-0.920000,-43.601896
E1,2024-11-26,599.000000,599.185000,1.260000,571,1.710000,959,1.090000,571,0.010000,959,2.350000,1.720000,-0.630000,-26.808511,-0.630000,-26.808511,-0.730000,-31.063830,-0.830000,-35.319149
E1,2024-11-27,600.000000,600.060000,1.150000,571,0.010000,959,1.020000,571,1.250000,959,2.170000,1.260000,-0.910000,-41.935484,-0.910000,-41.935484,-1.010000,-46.543779,-1.110000,-51.152074
E1,2024-12-02,603.000000,603.450000,1.110000,571,0.630000,959,0.900000,571,0.010000,959,2.010000,0.640000,-1.370000,-68.159204,-1.370000,-68.159204,-1.470000,-73.134328,-1.570000,-78.109453
E1,2024-12-03,603.000000,603.325000,1.180000,571,0.870000,959,0.900000,571,0.020000,959,2.080000,0.890000,-1.190000,-57.211538,-1.190000,-57.211538,-1.290000,-62.019231,-1.390000,-66.826923
E1,2024-12-04,606.000000,605.680000,0.750000,571,1.650000,959,1.140000,571,0.010000,959,1.890000,1.660000,-0.230000,-12.169312,-0.230000,-12.169312,-0.330000,-17.460317,-0.430000,-22.751323
E1,2024-12-05,608.000000,607.830000,0.680000,571,0.010000,959,0.940000,571,1.360000,959,1.620000,1.370000,-0.250000,-15.432099,-0.250000,-15.432099,-0.350000,-21.604938,-0.450000,-27.777778
E1,2024-12-06,608.000000,607.800000,0.860000,571,0.040000,959,1.040000,571,0.220000,959,1.900000,0.260000,-1.640000,-86.315789,-1.640000,-86.315789,-1.740000,-91.578947,-1.840000,-96.842105
E1,2024-12-09,608.000000,607.660000,0.640000,571,0.010000,959,0.970000,571,3.310000,959,1.610000,3.320000,1.710000,106.211180,1.710000,106.211180,1.610000,100.000000,1.510000,93.788820
E1,2024-12-10,605.000000,604.830000,0.780000,571,0.010000,959,0.930000,571,2.720000,959,1.710000,2.730000,1.020000,59.649123,1.020000,59.649123,0.920000,53.801170,0.820000,47.953216
E1,2024-12-11,606.000000,605.800000,0.830000,571,1.600000,959,1.040000,571,0.010000,959,1.870000,1.610000,-0.260000,-13.903743,-0.260000,-13.903743,-0.360000,-19.251337,-0.460000,-24.598930
E1,2024-12-12,606.000000,606.180000,0.930000,572,0.030000,959,0.750000,572,1.500000,959,1.680000,1.530000,-0.150000,-8.928571,-0.150000,-8.928571,-0.250000,-14.880952,-0.350000,-20.833333
E1,2024-12-13,606.000000,606.030000,0.900000,571,0.010000,959,0.860000,571,1.600000,959,1.760000,1.610000,-0.150000,-8.522727,-0.150000,-8.522727,-0.250000,-14.204545,-0.350000,-19.886364
E1,2024-12-16,606.000000,606.045000,0.810000,571,0.810000,959,0.840000,571,0.010000,959,1.650000,0.820000,-0.830000,-50.303030,-0.830000,-50.303030,-0.930000,-56.363636,-1.030000,-62.424242
E1,2024-12-17,604.000000,603.915000,0.940000,571,0.270000,959,0.980000,571,0.060000,959,1.920000,0.330000,-1.590000,-82.812500,-1.590000,-82.812500,-1.690000,-88.020833,-1.790000,-93.229167
E1,2024-12-18,604.000000,603.860000,1.700000,571,0.010000,958,1.750000,571,17.210000,959,3.450000,17.220000,13.770000,399.130435,13.770000,399.130435,13.670000,396.231884,13.570000,393.333333
E1,2024-12-19,592.000000,592.100000,2.030000,571,0.010000,959,1.920000,571,5.920000,959,3.950000,5.930000,1.980000,50.126582,1.980000,50.126582,1.880000,47.594937,1.780000,45.063291
E1,2024-12-20,582.000000,582.170000,2.380000,571,8.130000,958,2.130000,571,0.010000,959,4.510000,8.140000,3.630000,80.487805,3.630000,80.487805,3.530000,78.270510,3.430000,76.053215
E1,2024-12-26,600.000000,599.850000,1.170000,571,1.200000,959,1.270000,571,0.010000,959,2.440000,1.210000,-1.230000,-50.409836,-1.230000,-50.409836,-1.330000,-54.508197,-1.430000,-58.606557
E1,2024-12-27,597.500000,597.460000,1.320000,571,0.010000,959,1.360000,571,2.790000,954,2.680000,2.800000,0.120000,4.477612,0.120000,4.477612,0.020000,0.746269,-0.080000,-2.985075
E1,2024-12-30,587.000000,587.255000,2.130000,571,1.200000,959,1.870000,571,0.030000,959,4.000000,1.230000,-2.770000,-69.250000,-2.770000,-69.250000,-2.870000,-71.750000,-2.970000,-74.250000
E1,2024-12-31,590.000000,590.105000,2.080000,571,0.010000,959,2.130000,571,3.750000,959,4.210000,3.760000,-0.450000,-10.688836,-0.450000,-10.688836,-0.550000,-13.064133,-0.650000,-15.439430
E1,2025-01-02,589.000000,589.210000,2.120000,571,0.010000,959,1.550000,571,4.220000,959,3.670000,4.230000,0.560000,15.258856,0.560000,15.258856,0.460000,12.534060,0.360000,9.809264
E1,2025-01-03,588.000000,588.095000,1.810000,571,4.060000,959,1.850000,571,0.010000,959,3.660000,4.070000,0.410000,11.202186,0.410000,11.202186,0.310000,8.469945,0.210000,5.737705
E1,2025-01-06,596.000000,596.230000,1.520000,571,0.030000,959,1.390000,571,0.560000,959,2.910000,0.590000,-2.320000,-79.725086,-2.320000,-79.725086,-2.420000,-83.161512,-2.520000,-86.597938
E1,2025-01-07,598.000000,597.505000,1.230000,571,0.010000,958,1.730000,571,9.300000,959,2.960000,9.310000,6.350000,214.527027,6.350000,214.527027,6.250000,211.148649,6.150000,207.770270
E1,2025-01-08,588.000000,588.270000,2.190000,571,1.330000,959,1.970000,571,0.020000,959,4.160000,1.350000,-2.810000,-67.548077,-2.810000,-67.548077,-2.910000,-69.951923,-3.010000,-72.355769
E1,2025-01-10,584.000000,584.385000,2.500000,571,0.010000,959,2.090000,571,3.620000,959,4.590000,3.630000,-0.960000,-20.915033,-0.960000,-20.915033,-1.060000,-23.093682,-1.160000,-25.272331
E1,2025-01-13,576.000000,575.660000,2.000000,571,5.550000,958,2.260000,571,0.010000,955,4.260000,5.560000,1.300000,30.516432,1.300000,30.516432,1.200000,28.169014,1.100000,25.821596
E1,2025-01-14,583.000000,583.450000,2.300000,571,0.030000,959,1.860000,571,0.900000,959,4.160000,0.930000,-3.230000,-77.644231,-3.230000,-77.644231,-3.330000,-80.048077,-3.430000,-82.451923
E1,2025-01-15,590.000000,590.480000,2.120000,571,2.680000,959,1.680000,571,0.010000,959,3.800000,2.690000,-1.110000,-29.210526,-1.110000,-29.210526,-1.210000,-31.842105,-1.310000,-34.473684
E1,2025-01-16,593.000000,593.460000,1.840000,571,0.010000,959,1.450000,571,1.350000,959,3.290000,1.360000,-1.930000,-58.662614,-1.930000,-58.662614,-2.030000,-61.702128,-2.130000,-64.741641
E1,2025-01-17,597.000000,596.650000,1.280000,571,0.710000,959,1.700000,571,0.060000,959,2.980000,0.770000,-2.210000,-74.161074,-2.210000,-74.161074,-2.310000,-77.516779,-2.410000,-80.872483
E1,2025-01-21,600.000000,600.500000,1.850000,571,2.830000,959,1.390000,571,0.010000,959,3.240000,2.840000,-0.400000,-12.345679,-0.400000,-12.345679,-0.500000,-15.432099,-0.600000,-18.518519
E1,2025-01-22,606.000000,605.880000,1.000000,571,0.400000,959,1.160000,571,0.050000,959,2.160000,0.450000,-1.710000,-79.166667,-1.710000,-79.166667,-1.810000,-83.796296,-1.910000,-88.425926
E1,2025-01-23,606.000000,605.710000,0.920000,571,3.450000,959,1.210000,571,0.010000,959,2.130000,3.460000,1.330000,62.441315,1.330000,62.441315,1.230000,57.746479,1.130000,53.051643
E1,2025-01-24,610.000000,609.940000,1.020000,571,0.010000,959,1.080000,571,2.100000,959,2.100000,2.110000,0.010000,0.476190,0.010000,0.476190,-0.090000,-4.285714,-0.190000,-9.047619
E1,2025-01-27,597.000000,597.400000,2.330000,571,2.430000,959,1.790000,571,0.010000,959,4.120000,2.440000,-1.680000,-40.776699,-1.680000,-40.776699,-1.780000,-43.203883,-1.880000,-45.631068
E1,2025-01-28,600.000000,599.605000,1.530000,571,4.610000,959,1.900000,571,0.010000,959,3.430000,4.620000,1.190000,34.693878,1.190000,34.693878,1.090000,31.778426,0.990000,28.862974
E1,2025-01-29,603.000000,603.495000,2.360000,571,0.400000,959,1.840000,571,1.620000,959,4.200000,2.020000,-2.180000,-51.904762,-2.180000,-51.904762,-2.280000,-54.285714,-2.380000,-56.666667
E1,2025-01-30,604.000000,604.170000,1.750000,571,1.110000,959,1.580000,571,0.250000,959,3.330000,1.360000,-1.970000,-59.159159,-1.970000,-59.159159,-2.070000,-62.162162,-2.170000,-65.165165
E1,2025-01-31,608.000000,607.750000,1.320000,571,0.010000,958,1.600000,571,5.650000,959,2.920000,5.660000,2.740000,93.835616,2.740000,93.835616,2.640000,90.410959,2.540000,86.986301
E1,2025-02-03,593.000000,593.290000,2.290000,571,5.010000,959,1.890000,571,0.020000,959,4.180000,5.030000,0.850000,20.334928,0.850000,20.334928,0.750000,17.942584,0.650000,15.550239
E1,2025-02-04,597.000000,597.330000,2.330000,571,5.060000,959,1.980000,571,0.020000,959,4.310000,5.080000,0.770000,17.865429,0.770000,17.865429,0.670000,15.545244,0.570000,13.225058
E1,2025-02-05,600.000000,600.360000,1.760000,571,4.270000,959,1.380000,571,0.010000,959,3.140000,4.280000,1.140000,36.305732,1.140000,36.305732,1.040000,33.121019,0.940000,29.936306
E1,2025-02-06,605.000000,605.470000,1.680000,571,1.500000,959,1.210000,571,0.260000,959,2.890000,1.760000,-1.130000,-39.100346,-1.130000,-39.100346,-1.230000,-42.560554,-1.330000,-46.020761
E1,2025-02-07,607.000000,607.220000,1.540000,571,0.010000,959,1.310000,571,6.340000,958,2.850000,6.350000,3.500000,122.807018,3.500000,122.807018,3.400000,119.298246,3.300000,115.789474
E1,2025-02-10,604.000000,603.945000,1.330000,571,0.850000,959,1.340000,571,0.020000,959,2.670000,0.870000,-1.800000,-67.415730,-1.800000,-67.415730,-1.900000,-71.161049,-2.000000,-74.906367
E1,2025-02-11,603.000000,602.850000,1.400000,571,2.250000,959,1.480000,571,0.010000,959,2.880000,2.260000,-0.620000,-21.527778,-0.620000,-21.527778,-0.720000,-25.000000,-0.820000,-28.472222
E1,2025-02-12,599.000000,598.550000,1.670000,571,4.270000,959,1.910000,571,0.010000,959,3.580000,4.280000,0.700000,19.553073,0.700000,19.553073,0.600000,16.759777,0.500000,13.966480
E1,2025-02-13,605.000000,604.775000,1.310000,571,4.810000,959,1.550000,571,0.010000,959,2.860000,4.820000,1.960000,68.531469,1.960000,68.531469,1.860000,65.034965,1.760000,61.538462
E1,2025-02-14,610.000000,609.970000,1.320000,571,0.040000,959,1.350000,571,0.400000,959,2.670000,0.440000,-2.230000,-83.520599,-2.230000,-83.520599,-2.330000,-87.265918,-2.430000,-91.011236
E1,2025-02-18,610.000000,610.410000,1.520000,571,1.300000,959,1.030000,571,0.020000,959,2.550000,1.320000,-1.230000,-48.235294,-1.230000,-48.235294,-1.330000,-52.156863,-1.430000,-56.078431
E1,2025-02-19,610.000000,610.020000,1.100000,571,2.750000,959,1.100000,571,0.010000,959,2.200000,2.760000,0.560000,25.454545,0.560000,25.454545,0.460000,20.909091,0.360000,16.363636
E1,2025-02-20,612.000000,611.580000,0.760000,571,0.010000,959,1.150000,571,1.710000,959,1.910000,1.720000,-0.190000,-9.947644,-0.190000,-9.947644,-0.290000,-15.183246,-0.390000,-20.418848
E1,2025-02-21,610.000000,609.600000,1.090000,571,0.010000,959,1.420000,571,9.850000,959,2.510000,9.860000,7.350000,292.828685,7.350000,292.828685,7.250000,288.844622,7.150000,284.860558
E1,2025-02-24,602.000000,602.370000,1.800000,571,0.010000,959,1.340000,571,5.000000,959,3.140000,5.010000,1.870000,59.554140,1.870000,59.554140,1.770000,56.369427,1.670000,53.184713
E1,2025-02-25,597.000000,596.670000,1.670000,571,0.010000,959,2.120000,571,2.680000,959,3.790000,2.690000,-1.100000,-29.023747,-1.100000,-29.023747,-1.200000,-31.662269,-1.300000,-34.300792
E1,2025-02-26,596.000000,595.675000,2.290000,571,0.650000,959,2.630000,571,2.230000,959,4.920000,2.880000,-2.040000,-41.463415,-2.040000,-41.463415,-2.140000,-43.495935,-2.240000,-45.528455
E1,2025-02-27,597.000000,596.770000,1.990000,571,0.010000,958,2.220000,571,11.990000,959,4.210000,12.000000,7.790000,185.035629,7.790000,185.035629,7.690000,182.660333,7.590000,180.285036
E1,2025-02-28,585.000000,584.510000,2.360000,571,8.770000,959,2.830000,571,0.010000,959,5.190000,8.780000,3.590000,69.171484,3.590000,69.171484,3.490000,67.244701,3.390000,65.317919
E1,2025-03-03,597.000000,596.600000,1.780000,571,0.010000,959,2.170000,571,13.500000,958,3.950000,13.510000,9.560000,242.025316,9.560000,242.025316,9.460000,239.493671,9.360000,236.962025
E1,2025-03-04,579.000000,578.760000,2.970000,571,0.040000,959,3.170000,571,2.350000,959,6.140000,2.390000,-3.750000,-61.074919,-3.750000,-61.074919,-3.850000,-62.703583,-3.950000,-64.332248
E1,2025-03-05,577.000000,577.020000,3.360000,571,6.000000,959,3.280000,571,0.010000,959,6.640000,6.010000,-0.630000,-9.487952,-0.630000,-9.487952,-0.730000,-10.993976,-0.830000,-12.500000
E1,2025-03-06,575.000000,574.800000,3.070000,571,0.140000,959,3.070000,571,2.480000,959,6.140000,2.620000,-3.520000,-57.328990,-3.520000,-57.328990,-3.620000,-58.957655,-3.720000,-60.586319
E1,2025-03-07,572.000000,571.865000,3.520000,571,4.100000,959,3.770000,571,0.010000,959,7.290000,4.110000,-3.180000,-43.621399,-3.180000,-43.621399,-3.280000,-44.993141,-3.380000,-46.364883
E1,2025-03-11,560.000000,559.850000,3.200000,571,0.010000,959,3.630000,571,3.730000,959,6.830000,3.740000,-3.090000,-45.241581,-3.090000,-45.241581,-3.190000,-46.705710,-3.290000,-48.169839
E1,2025-03-12,563.000000,562.755000,3.000000,571,0.010000,959,3.180000,571,3.910000,959,6.180000,3.920000,-2.260000,-36.569579,-2.260000,-36.569579,-2.360000,-38.187702,-2.460000,-39.805825
E1,2025-03-13,558.000000,558.140000,2.730000,571,0.010000,958,2.770000,571,6.500000,959,5.500000,6.510000,1.010000,18.363636,1.010000,18.363636,0.910000,16.545455,0.810000,14.727273
E1,2025-03-14,556.000000,556.060000,2.660000,571,6.930000,959,2.620000,571,0.010000,958,5.280000,6.940000,1.660000,31.439394,1.660000,31.439394,1.560000,29.545455,1.460000,27.651515
E1,2025-03-17,563.000000,563.110000,2.240000,571,4.010000,959,2.060000,571,0.010000,959,4.300000,4.020000,-0.280000,-6.511628,-0.280000,-6.511628,-0.380000,-8.837209,-0.480000,-11.162791
E1,2025-03-18,564.000000,564.330000,2.360000,571,0.010000,959,2.060000,571,3.410000,959,4.420000,3.420000,-1.000000,-22.624434,-1.000000,-22.624434,-1.100000,-24.886878,-1.200000,-27.149321
E1,2025-03-19,562.000000,562.405000,2.950000,571,4.860000,959,2.550000,571,0.010000,955,5.500000,4.870000,-0.630000,-11.454545,-0.630000,-11.454545,-0.730000,-13.272727,-0.830000,-15.090909
E1,2025-03-20,563.000000,563.280000,2.610000,571,2.340000,959,2.330000,571,0.010000,959,4.940000,2.350000,-2.590000,-52.429150,-2.590000,-52.429150,-2.690000,-54.453441,-2.790000,-56.477733
E1,2025-03-21,559.000000,559.160000,2.630000,571,5.900000,959,2.560000,571,0.010000,959,5.190000,5.910000,0.720000,13.872832,0.720000,13.872832,0.620000,11.946050,0.520000,10.019268
E1,2025-03-24,570.000000,570.315000,1.910000,571,4.110000,959,1.700000,571,0.010000,959,3.610000,4.120000,0.510000,14.127424,0.510000,14.127424,0.410000,11.357341,0.310000,8.587258
E1,2025-03-25,575.000000,575.480000,1.660000,571,0.400000,959,1.330000,571,0.100000,959,2.990000,0.500000,-2.490000,-83.277592,-2.490000,-83.277592,-2.590000,-86.622074,-2.690000,-89.966555
E1,2025-03-26,575.000000,575.310000,1.540000,571,0.010000,959,1.240000,571,5.930000,959,2.780000,5.940000,3.160000,113.669065,3.160000,113.669065,3.060000,110.071942,2.960000,106.474820
E1,2025-03-27,567.000000,567.390000,2.100000,571,0.250000,959,1.880000,571,0.280000,959,3.980000,0.530000,-3.450000,-86.683417,-3.450000,-86.683417,-3.550000,-89.195980,-3.650000,-91.708543
E1,2025-03-28,565.000000,564.895000,2.150000,571,0.010000,959,2.250000,571,9.450000,959,4.400000,9.460000,5.060000,115.000000,5.060000,115.000000,4.960000,112.727273,4.860000,110.454545
E1,2025-03-31,550.000000,549.950000,2.790000,571,8.400000,959,2.810000,571,0.010000,959,5.600000,8.410000,2.810000,50.178571,2.810000,50.178571,2.710000,48.392857,2.610000,46.607143
E1,2025-04-01,556.000000,556.475000,2.760000,571,5.000000,959,2.290000,571,0.010000,959,5.050000,5.010000,-0.040000,-0.792079,-0.040000,-0.792079,-0.140000,-2.772277,-0.240000,-4.752475
E1,2025-04-02,556.000000,555.790000,3.090000,571,9.010000,959,3.300000,571,0.100000,959,6.390000,9.110000,2.720000,42.566510,2.720000,42.566510,2.620000,41.001565,2.520000,39.436620
E1,2025-04-03,547.000000,546.620000,3.340000,571,0.010000,957,3.600000,571,9.810000,959,6.940000,9.820000,2.880000,41.498559,2.880000,41.498559,2.780000,40.057637,2.680000,38.616715
E1,2025-04-04,525.000000,524.800000,4.470000,571,0.010000,959,4.660000,571,19.200000,959,9.130000,19.210000,10.080000,110.405257,10.080000,110.405257,9.980000,109.309967,9.880000,108.214677
E1,2025-04-07,489.000000,488.830000,7.240000,571,14.650000,959,7.260000,571,0.010000,958,14.500000,14.660000,0.160000,1.103448,0.160000,1.103448,0.060000,0.413793,-0.040000,-0.275862
E1,2025-04-08,520.000000,520.440000,6.000000,571,0.010000,957,5.550000,571,22.650000,959,11.550000,22.660000,11.110000,96.190476,11.110000,96.190476,11.010000,95.324675,10.910000,94.458874
E1,2025-04-09,496.000000,495.530000,7.600000,571,47.270000,958,8.170000,571,0.010000,945,15.770000,47.280000,31.510000,199.809765,31.510000,199.809765,31.410000,199.175650,31.310000,198.541535
E1,2025-04-10,531.000000,531.440000,5.840000,571,0.030000,959,5.370000,571,6.320000,959,11.210000,6.350000,-4.860000,-43.354148,-4.860000,-43.354148,-4.960000,-44.246209,-5.060000,-45.138269
E1,2025-04-11,522.000000,522.480000,6.620000,571,12.150000,959,6.000000,571,0.010000,959,12.620000,12.160000,-0.460000,-3.645008,-0.460000,-3.645008,-0.560000,-4.437401,-0.660000,-5.229794
E1,2025-04-14,542.000000,542.490000,3.830000,571,0.020000,959,3.460000,571,2.940000,959,7.290000,2.960000,-4.330000,-59.396433,-4.330000,-59.396433,-4.430000,-60.768176,-4.530000,-62.139918
E1,2025-04-15,540.000000,540.060000,2.590000,571,0.040000,959,2.840000,571,2.370000,959,5.430000,2.410000,-3.020000,-55.616943,-3.020000,-55.616943,-3.120000,-57.458564,-3.220000,-59.300184
E1,2025-04-16,533.000000,532.820000,3.200000,571,0.020000,959,3.250000,571,7.360000,959,6.450000,7.380000,0.930000,14.418605,0.930000,14.418605,0.830000,12.868217,0.730000,11.317829
E1,2025-04-17,527.000000,527.495000,3.480000,571,0.250000,959,2.840000,571,0.760000,959,6.320000,1.010000,-5.310000,-84.018987,-5.310000,-84.018987,-5.410000,-85.601266,-5.510000,-87.183544
E1,2025-04-21,521.000000,521.200000,2.850000,571,0.010000,959,2.770000,571,6.700000,959,5.620000,6.710000,1.090000,19.395018,1.090000,19.395018,0.990000,17.615658,0.890000,15.836299
E1,2025-04-22,520.000000,519.785000,2.610000,571,6.540000,959,2.750000,571,0.010000,959,5.360000,6.550000,1.190000,22.201493,1.190000,22.201493,1.090000,20.335821,0.990000,18.470149
E1,2025-04-23,541.000000,540.910000,2.800000,571,0.020000,959,2.960000,571,4.510000,959,5.760000,4.530000,-1.230000,-21.354167,-1.230000,-21.354167,-1.330000,-23.090278,-1.430000,-24.826389
E1,2025-04-24,537.000000,536.760000,2.990000,571,9.590000,959,3.080000,571,0.010000,959,6.070000,9.600000,3.530000,58.154860,3.530000,58.154860,3.430000,56.507414,3.330000,54.859967
E1,2025-04-25,547.000000,546.510000,2.690000,571,3.550000,959,3.160000,571,0.020000,959,5.850000,3.570000,-2.280000,-38.974359,-2.280000,-38.974359,-2.380000,-40.683761,-2.480000,-42.393162
E1,2025-04-28,552.000000,552.225000,2.420000,571,0.070000,959,2.260000,571,0.960000,959,4.680000,1.030000,-3.650000,-77.991453,-3.650000,-77.991453,-3.750000,-80.128205,-3.850000,-82.264957
E1,2025-04-29,549.000000,549.260000,2.840000,571,5.120000,959,2.210000,571,0.010000,959,5.050000,5.130000,0.080000,1.584158,0.080000,1.584158,-0.020000,-0.396040,-0.120000,-2.376238
E1,2025-04-30,546.000000,545.665000,3.030000,571,8.600000,959,3.280000,571,0.020000,959,6.310000,8.620000,2.310000,36.608558,2.310000,36.608558,2.210000,35.023772,2.110000,33.438986
E1,2025-05-01,559.000000,559.450000,2.920000,571,0.720000,959,2.580000,571,1.280000,959,5.500000,2.000000,-3.500000,-63.636364,-3.500000,-63.636364,-3.600000,-65.454545,-3.700000,-67.272727
E1,2025-05-02,565.000000,565.200000,2.240000,571,1.610000,959,2.150000,571,0.050000,959,4.390000,1.660000,-2.730000,-62.186788,-2.730000,-62.186788,-2.830000,-64.464692,-2.930000,-66.742597
E1,2025-05-05,562.000000,562.450000,2.380000,571,1.360000,959,1.820000,571,0.030000,959,4.200000,1.390000,-2.810000,-66.904762,-2.810000,-66.904762,-2.910000,-69.285714,-3.010000,-71.666667
E1,2025-05-06,558.000000,558.490000,2.270000,571,0.990000,959,1.690000,571,0.070000,959,3.960000,1.060000,-2.900000,-73.232323,-2.900000,-73.232323,-3.000000,-75.757576,-3.100000,-78.282828
E1,2025-05-07,561.000000,560.660000,2.580000,571,0.460000,959,2.830000,571,0.240000,959,5.410000,0.700000,-4.710000,-87.060998,-4.710000,-87.060998,-4.810000,-88.909427,-4.910000,-90.757856
E1,2025-05-08,565.000000,564.970000,2.360000,571,0.340000,959,2.300000,571,0.330000,959,4.660000,0.670000,-3.990000,-85.622318,-3.990000,-85.622318,-4.090000,-87.768240,-4.190000,-89.914163
E1,2025-05-09,567.000000,566.960000,1.850000,571,0.010000,959,1.870000,571,2.850000,959,3.720000,2.860000,-0.860000,-23.118280,-0.860000,-23.118280,-0.960000,-25.806452,-1.060000,-28.494624
E1,2025-05-12,580.000000,579.645000,2.030000,571,2.890000,959,2.440000,571,0.020000,959,4.470000,2.910000,-1.560000,-34.899329,-1.560000,-34.899329,-1.660000,-37.136465,-1.760000,-39.373602
E1,2025-05-13,583.000000,583.040000,1.640000,571,3.880000,959,1.750000,571,0.010000,959,3.390000,3.890000,0.500000,14.749263,0.500000,14.749263,0.400000,11.799410,0.300000,8.849558
E1,2025-05-14,588.000000,588.165000,1.690000,571,0.100000,959,1.520000,571,0.620000,959,3.210000,0.720000,-2.490000,-77.570093,-2.490000,-77.570093,-2.590000,-80.685358,-2.690000,-83.800623
E1,2025-05-15,586.000000,586.090000,1.670000,571,4.350000,959,1.590000,571,0.010000,959,3.260000,4.360000,1.100000,33.742331,1.100000,33.742331,1.000000,30.674847,0.900000,27.607362
E1,2025-05-16,590.000000,590.480000,1.940000,571,4.500000,959,1.440000,571,0.010000,959,3.380000,4.510000,1.130000,33.431953,1.130000,33.431953,1.030000,30.473373,0.930000,27.514793
E1,2025-05-19,589.000000,588.765000,1.700000,571,5.920000,959,1.890000,571,0.010000,959,3.590000,5.930000,2.340000,65.181058,2.340000,65.181058,2.240000,62.395543,2.140000,59.610028
E1,2025-05-20,593.000000,593.500000,1.780000,571,0.160000,959,1.320000,571,0.340000,959,3.100000,0.500000,-2.600000,-83.870968,-2.600000,-83.870968,-2.700000,-87.096774,-2.800000,-90.322581
E1,2025-05-21,589.000000,589.410000,1.950000,571,0.010000,959,1.490000,571,5.850000,959,3.440000,5.860000,2.420000,70.348837,2.420000,70.348837,2.320000,67.441860,2.220000,64.534884
E1,2025-05-22,583.000000,583.125000,2.120000,571,0.370000,959,1.980000,571,0.290000,959,4.100000,0.660000,-3.440000,-83.902439,-3.440000,-83.902439,-3.540000,-86.341463,-3.640000,-88.780488
E1,2025-05-23,576.000000,576.240000,2.870000,571,3.210000,959,2.490000,571,0.020000,959,5.360000,3.230000,-2.130000,-39.738806,-2.130000,-39.738806,-2.230000,-41.604478,-2.330000,-43.470149
E1,2025-05-27,586.000000,585.510000,1.460000,571,4.700000,959,1.990000,571,0.010000,959,3.450000,4.710000,1.260000,36.521739,1.260000,36.521739,1.160000,33.623188,1.060000,30.724638
E1,2025-05-28,591.000000,591.490000,2.200000,571,0.100000,959,1.680000,571,3.120000,959,3.880000,3.220000,-0.660000,-17.010309,-0.660000,-17.010309,-0.760000,-19.587629,-0.860000,-22.164948
E1,2025-05-29,592.000000,591.905000,2.020000,571,0.010000,959,2.140000,571,2.460000,959,4.160000,2.470000,-1.690000,-40.625000,-1.690000,-40.625000,-1.790000,-43.028846,-1.890000,-45.432692
E1,2025-05-30,589.000000,588.520000,1.670000,571,0.650000,959,2.310000,571,0.390000,959,3.980000,1.040000,-2.940000,-73.869347,-2.940000,-73.869347,-3.040000,-76.381910,-3.140000,-78.894472
E1,2025-06-02,588.000000,588.480000,2.010000,571,4.820000,959,1.520000,571,0.010000,959,3.530000,4.830000,1.300000,36.827195,1.300000,36.827195,1.200000,33.994334,1.100000,31.161473
E1,2025-06-03,593.000000,592.790000,1.320000,571,3.010000,959,1.540000,571,0.010000,959,2.860000,3.020000,0.160000,5.594406,0.160000,5.594406,0.060000,2.097902,-0.040000,-1.398601
E1,2025-06-04,597.000000,597.225000,1.550000,571,0.010000,959,1.310000,571,1.120000,959,2.860000,1.130000,-1.730000,-60.489510,-1.730000,-60.489510,-1.830000,-63.986014,-1.930000,-67.482517
E1,2025-06-05,597.000000,596.800000,1.850000,571,0.010000,959,1.990000,571,3.950000,959,3.840000,3.960000,0.120000,3.125000,0.120000,3.125000,0.020000,0.520833,-0.080000,-2.083333
E1,2025-06-06,599.000000,598.840000,1.440000,571,0.230000,959,1.570000,571,0.220000,959,3.010000,0.450000,-2.560000,-85.049834,-2.560000,-85.049834,-2.660000,-88.372093,-2.760000,-91.694352
E1,2025-06-09,599.000000,599.285000,1.590000,571,0.640000,959,1.460000,571,0.060000,959,3.050000,0.700000,-2.350000,-77.049180,-2.350000,-77.049180,-2.450000,-80.327869,-2.550000,-83.606557
E1,2025-06-10,600.000000,600.410000,1.630000,571,3.080000,959,1.200000,571,0.010000,959,2.830000,3.090000,0.260000,9.187279,0.260000,9.187279,0.160000,5.653710,0.060000,2.120141
E1,2025-06-11,603.000000,603.040000,1.520000,571,0.010000,959,1.480000,571,1.510000,959,3.000000,1.520000,-1.480000,-49.333333,-1.480000,-49.333333,-1.580000,-52.666667,-1.680000,-56.000000
E1,2025-06-12,600.000000,600.050000,1.510000,571,3.640000,959,1.510000,571,0.010000,959,3.020000,3.650000,0.630000,20.860927,0.630000,20.860927,0.530000,17.549669,0.430000,14.238411
E1,2025-06-13,600.000000,600.030000,1.920000,571,0.010000,959,1.840000,571,3.020000,959,3.760000,3.030000,-0.730000,-19.414894,-0.730000,-19.414894,-0.830000,-22.074468,-0.930000,-24.734043
E1,2025-06-16,601.000000,601.140000,1.470000,571,1.680000,959,1.330000,571,0.010000,959,2.800000,1.690000,-1.110000,-39.642857,-1.110000,-39.642857,-1.210000,-43.214286,-1.310000,-46.785714
E1,2025-06-17,601.000000,600.635000,1.240000,571,0.010000,959,1.610000,571,3.310000,959,2.850000,3.320000,0.470000,16.491228,0.470000,16.491228,0.370000,12.982456,0.270000,9.473684
E1,2025-06-18,598.000000,597.760000,1.880000,571,0.120000,959,2.230000,571,0.640000,959,4.110000,0.760000,-3.350000,-81.508516,-3.350000,-81.508516,-3.450000,-83.941606,-3.550000,-86.374696
E1,2025-06-20,598.000000,598.030000,1.620000,571,0.010000,959,1.570000,571,3.520000,959,3.190000,3.530000,0.340000,10.658307,0.340000,10.658307,0.240000,7.523511,0.140000,4.388715
E1,2025-06-23,594.000000,594.430000,1.790000,571,6.210000,959,1.370000,571,0.020000,959,3.160000,6.230000,3.070000,97.151899,3.070000,97.151899,2.970000,93.987342,2.870000,90.822785
E1,2025-06-24,605.000000,604.540000,1.090000,571,1.930000,959,1.520000,571,0.010000,959,2.610000,1.940000,-0.670000,-25.670498,-0.670000,-25.670498,-0.770000,-29.501916,-0.870000,-33.333333
E1,2025-06-25,608.000000,608.075000,1.170000,571,0.030000,959,1.110000,571,0.820000,959,2.280000,0.850000,-1.430000,-62.719298,-1.430000,-62.719298,-1.530000,-67.105263,-1.630000,-71.491228
E1,2025-06-26,609.000000,609.220000,1.150000,571,2.840000,959,0.950000,571,0.020000,959,2.100000,2.860000,0.760000,36.190476,0.760000,36.190476,0.660000,31.428571,0.560000,26.666667
E1,2025-06-27,613.000000,613.300000,1.240000,571,1.870000,959,0.950000,571,0.050000,959,2.190000,1.920000,-0.270000,-12.328767,-0.270000,-12.328767,-0.370000,-16.894977,-0.470000,-21.461187
E1,2025-06-30,617.000000,616.880000,1.190000,571,0.890000,959,1.400000,571,0.060000,959,2.590000,0.950000,-1.640000,-63.320463,-1.640000,-63.320463,-1.740000,-67.181467,-1.840000,-71.042471
E1,2025-07-01,617.000000,616.830000,1.130000,571,0.660000,959,1.340000,571,0.060000,959,2.470000,0.720000,-1.750000,-70.850202,-1.750000,-70.850202,-1.850000,-74.898785,-1.950000,-78.947368
E1,2025-07-02,617.000000,616.920000,1.070000,571,3.360000,959,1.230000,571,0.010000,959,2.300000,3.370000,1.070000,46.521739,1.070000,46.521739,0.970000,42.173913,0.870000,37.826087
E1,2025-07-07,624.000000,623.585000,1.040000,571,0.010000,959,1.420000,571,3.190000,959,2.460000,3.200000,0.740000,30.081301,0.740000,30.081301,0.640000,26.016260,0.540000,21.951220
E1,2025-07-08,621.000000,621.030000,1.140000,571,0.010000,959,1.220000,571,0.680000,959,2.360000,0.690000,-1.670000,-70.762712,-1.670000,-70.762712,-1.770000,-75.000000,-1.870000,-79.237288
E1,2025-07-09,623.000000,623.220000,1.160000,571,1.020000,959,0.980000,571,0.020000,959,2.140000,1.040000,-1.100000,-51.401869,-1.100000,-51.401869,-1.200000,-56.074766,-1.300000,-60.747664
E1,2025-07-10,624.000000,624.010000,1.100000,571,1.930000,959,1.110000,571,0.010000,959,2.210000,1.940000,-0.270000,-12.217195,-0.270000,-12.217195,-0.370000,-16.742081,-0.470000,-21.266968
E1,2025-07-11,623.000000,623.080000,1.290000,571,0.690000,959,1.400000,571,0.080000,959,2.690000,0.770000,-1.920000,-71.375465,-1.920000,-71.375465,-2.020000,-75.092937,-2.120000,-78.810409
E1,2025-07-14,623.000000,622.915000,1.040000,571,1.700000,959,1.140000,571,0.010000,959,2.180000,1.710000,-0.470000,-21.559633,-0.470000,-21.559633,-0.570000,-26.146789,-0.670000,-30.733945
E1,2025-07-15,628.000000,627.720000,0.920000,571,0.010000,959,1.210000,571,5.500000,959,2.130000,5.510000,3.380000,158.685446,3.380000,158.685446,3.280000,153.990610,3.180000,149.295775
E1,2025-07-16,623.000000,623.400000,1.430000,571,1.230000,959,0.970000,571,0.020000,959,2.400000,1.250000,-1.150000,-47.916667,-1.150000,-47.916667,-1.250000,-52.083333,-1.350000,-56.250000
E1,2025-07-17,625.000000,624.725000,0.980000,571,3.000000,959,1.240000,571,0.010000,959,2.220000,3.010000,0.790000,35.585586,0.790000,35.585586,0.690000,31.081081,0.590000,26.576577
E1,2025-07-18,629.000000,629.110000,1.190000,571,0.010000,959,1.060000,571,1.470000,959,2.250000,1.480000,-0.770000,-34.222222,-0.770000,-34.222222,-0.870000,-38.666667,-0.970000,-43.111111
E1,2025-07-21,629.000000,629.045000,0.940000,571,0.080000,959,0.910000,571,0.280000,959,1.850000,0.360000,-1.490000,-80.540541,-1.490000,-80.540541,-1.590000,-85.945946,-1.690000,-91.351351
E1,2025-07-22,628.000000,628.500000,1.330000,571,0.790000,959,0.830000,571,0.030000,959,2.160000,0.820000,-1.340000,-62.037037,-1.340000,-62.037037,-1.440000,-66.666667,-1.540000,-71.296296
E1,2025-07-23,631.000000,631.015000,1.230000,571,3.120000,959,1.230000,571,0.030000,959,2.460000,3.150000,0.690000,28.048780,0.690000,28.048780,0.590000,23.983740,0.490000,19.918699
E1,2025-07-24,634.000000,634.275000,1.180000,571,0.540000,959,0.920000,571,0.100000,959,2.100000,0.640000,-1.460000,-69.523810,-1.460000,-69.523810,-1.560000,-74.285714,-1.660000,-79.047619
E1,2025-07-25,635.000000,635.020000,1.020000,571,2.120000,959,0.970000,571,0.020000,959,1.990000,2.140000,0.150000,7.537688,0.150000,7.537688,0.050000,2.512563,-0.050000,-2.512563
E1,2025-07-28,638.000000,637.560000,0.760000,571,0.010000,959,1.220000,571,1.170000,959,1.980000,1.180000,-0.800000,-40.404040,-0.800000,-40.404040,-0.900000,-45.454545,-1.000000,-50.505051
E1,2025-07-29,638.000000,638.320000,1.050000,571,0.010000,959,0.770000,571,2.620000,959,1.820000,2.630000,0.810000,44.505495,0.810000,44.505495,0.710000,39.010989,0.610000,33.516484
E1,2025-07-30,636.000000,635.565000,1.450000,571,0.150000,959,1.890000,571,1.580000,959,3.340000,1.730000,-1.610000,-48.203593,-1.610000,-48.203593,-1.710000,-51.197605,-1.810000,-54.191617
E1,2025-07-31,639.000000,638.600000,1.380000,571,0.020000,959,1.820000,571,6.660000,959,3.200000,6.680000,3.480000,108.750000,3.480000,108.750000,3.380000,105.625000,3.280000,102.500000
E1,2025-08-01,625.000000,625.385000,2.360000,571,0.020000,959,1.950000,571,3.130000,959,4.310000,3.150000,-1.160000,-26.914153,-1.160000,-26.914153,-1.260000,-29.234339,-1.360000,-31.554524
E1,2025-08-04,626.000000,626.250000,1.670000,571,4.880000,959,1.230000,571,0.010000,959,2.900000,4.890000,1.990000,68.620690,1.990000,68.620690,1.890000,65.172414,1.790000,61.724138
E1,2025-08-05,632.000000,631.550000,0.950000,571,0.010000,959,1.570000,571,3.980000,959,2.520000,3.990000,1.470000,58.333333,1.470000,58.333333,1.370000,54.365079,1.270000,50.396825
E1,2025-08-06,629.000000,629.010000,1.460000,571,3.670000,959,1.340000,571,0.010000,959,2.800000,3.680000,0.880000,31.428571,0.880000,31.428571,0.780000,27.857143,0.680000,24.285714
E1,2025-08-07,636.000000,636.105000,1.280000,571,0.010000,959,1.200000,571,3.910000,959,2.480000,3.920000,1.440000,58.064516,1.440000,58.064516,1.340000,54.032258,1.240000,50.000000
E1,2025-08-08,634.000000,634.360000,1.460000,571,3.170000,959,1.100000,571,0.020000,959,2.560000,3.190000,0.630000,24.609375,0.630000,24.609375,0.530000,20.703125,0.430000,16.796875
E1,2025-08-11,637.000000,637.330000,1.300000,571,0.020000,959,1.050000,571,1.180000,959,2.350000,1.200000,-1.150000,-48.936170,-1.150000,-48.936170,-1.250000,-53.191489,-1.350000,-57.446809
E1,2025-08-12,638.000000,638.030000,1.290000,571,4.690000,959,1.350000,571,0.010000,959,2.640000,4.700000,2.060000,78.030303,2.060000,78.030303,1.960000,74.242424,1.860000,70.454545
E1,2025-08-13,645.000000,645.050000,0.970000,571,0.120000,959,0.980000,571,0.270000,959,1.950000,0.390000,-1.560000,-80.000000,-1.560000,-80.000000,-1.660000,-85.128205,-1.760000,-90.256410
E1,2025-08-14,643.000000,642.620000,1.180000,571,2.190000,959,1.570000,571,0.030000,959,2.750000,2.220000,-0.530000,-19.272727,-0.530000,-19.272727,-0.630000,-22.909091,-0.730000,-26.545455
E1,2025-08-15,645.000000,645.355000,1.480000,571,0.010000,959,1.140000,571,1.550000,959,2.620000,1.560000,-1.060000,-40.458015,-1.060000,-40.458015,-1.160000,-44.274809,-1.260000,-48.091603
E1,2025-08-18,643.000000,643.015000,1.120000,571,0.340000,959,1.080000,571,0.050000,959,2.200000,0.390000,-1.810000,-82.272727,-1.810000,-82.272727,-1.910000,-86.818182,-2.010000,-91.363636
E1,2025-08-19,643.000000,642.760000,0.780000,571,0.010000,958,1.130000,571,3.200000,959,1.910000,3.210000,1.300000,68.062827,1.300000,68.062827,1.200000,62.827225,1.100000,57.591623
E1,2025-08-20,639.000000,638.840000,1.140000,571,0.020000,959,1.340000,571,0.960000,959,2.480000,0.980000,-1.500000,-60.483871,-1.500000,-60.483871,-1.600000,-64.516129,-1.700000,-68.548387
E1,2025-08-21,635.000000,635.420000,1.750000,571,0.600000,959,1.390000,571,0.040000,959,3.140000,0.640000,-2.500000,-79.617834,-2.500000,-79.617834,-2.600000,-82.802548,-2.700000,-85.987261
E1,2025-08-22,638.000000,637.740000,2.380000,571,7.410000,959,2.630000,571,0.010000,959,5.010000,7.420000,2.410000,48.103792,2.410000,48.103792,2.310000,46.107784,2.210000,44.111776
E1,2025-08-25,644.000000,643.860000,0.950000,571,0.010000,959,1.130000,571,1.450000,959,2.080000,1.460000,-0.620000,-29.807692,-0.620000,-29.807692,-0.720000,-34.615385,-0.820000,-39.423077
E1,2025-08-26,642.000000,642.480000,1.340000,571,3.200000,959,0.840000,571,0.010000,959,2.180000,3.210000,1.030000,47.247706,1.030000,47.247706,0.930000,42.660550,0.830000,38.073394
E1,2025-08-27,645.000000,645.025000,1.510000,571,2.280000,959,1.500000,571,0.620000,959,3.010000,2.900000,-0.110000,-3.654485,-0.110000,-3.654485,-0.210000,-6.976744,-0.310000,-10.299003
E1,2025-08-28,648.000000,647.860000,1.080000,571,0.980000,959,1.260000,571,0.020000,959,2.340000,1.000000,-1.340000,-57.264957,-1.340000,-57.264957,-1.440000,-61.538462,-1.540000,-65.811966
E1,2025-08-29,648.000000,647.710000,0.970000,571,0.010000,959,1.250000,571,3.000000,959,2.220000,3.010000,0.790000,35.585586,0.790000,35.585586,0.690000,31.081081,0.590000,26.576577
E1,2025-09-02,636.000000,636.225000,2.010000,571,4.150000,959,1.750000,571,0.020000,959,3.760000,4.170000,0.410000,10.904255,0.410000,10.904255,0.310000,8.244681,0.210000,5.585106
E1,2025-09-03,643.000000,642.550000,1.020000,571,0.630000,959,1.460000,571,0.050000,959,2.480000,0.680000,-1.800000,-72.580645,-1.800000,-72.580645,-1.900000,-76.612903,-2.000000,-80.645161
E1,2025-09-04,644.000000,644.450000,1.480000,571,4.870000,959,0.990000,571,0.010000,959,2.470000,4.880000,2.410000,97.570850,2.410000,97.570850,2.310000,93.522267,2.210000,89.473684
E1,2025-09-05,652.000000,652.160000,1.340000,571,0.010000,959,1.260000,571,4.980000,959,2.600000,4.990000,2.390000,91.923077,2.390000,91.923077,2.290000,88.076923,2.190000,84.230769
E1,2025-09-08,648.000000,648.280000,1.150000,571,0.800000,959,0.880000,571,0.010000,959,2.030000,0.810000,-1.220000,-60.098522,-1.220000,-60.098522,-1.320000,-65.024631,-1.420000,-69.950739
E1,2025-09-09,649.000000,649.270000,1.300000,571,1.250000,959,1.040000,571,0.010000,959,2.340000,1.260000,-1.080000,-46.153846,-1.080000,-46.153846,-1.180000,-50.427350,-1.280000,-54.700855
E1,2025-09-10,653.000000,653.010000,1.050000,571,0.020000,959,1.100000,571,0.770000,959,2.150000,0.790000,-1.360000,-63.255814,-1.360000,-63.255814,-1.460000,-67.906977,-1.560000,-72.558140
E1,2025-09-11,655.000000,654.505000,0.910000,571,2.540000,959,1.440000,571,0.010000,959,2.350000,2.550000,0.200000,8.510638,0.200000,8.510638,0.100000,4.255319,-0.000000,-0.000000
E1,2025-09-12,658.000000,657.665000,0.800000,571,0.030000,959,1.130000,571,0.600000,959,1.930000,0.630000,-1.300000,-67.357513,-1.300000,-67.357513,-1.400000,-72.538860,-1.500000,-77.720207
E1,2025-09-15,660.000000,659.965000,0.880000,571,0.810000,959,0.910000,571,0.010000,959,1.790000,0.820000,-0.970000,-54.189944,-0.970000,-54.189944,-1.070000,-59.776536,-1.170000,-65.363128
E1,2025-09-16,661.000000,661.320000,1.150000,571,0.010000,959,0.780000,571,1.130000,959,1.930000,1.140000,-0.790000,-40.932642,-0.790000,-40.932642,-0.890000,-46.113990,-0.990000,-51.295337
E1,2025-09-17,660.000000,660.260000,2.360000,571,0.040000,959,2.040000,571,0.700000,959,4.400000,0.740000,-3.660000,-83.181818,-3.660000,-83.181818,-3.760000,-85.454545,-3.860000,-87.727273
E1,2025-09-18,662.000000,662.010000,1.470000,571,0.390000,959,1.430000,571,0.090000,959,2.900000,0.480000,-2.420000,-83.448276,-2.420000,-83.448276,-2.520000,-86.896552,-2.620000,-90.344828
E1,2025-09-19,662.000000,661.890000,1.270000,571,1.620000,959,1.440000,571,0.030000,959,2.710000,1.650000,-1.060000,-39.114391,-1.060000,-39.114391,-1.160000,-42.804428,-1.260000,-46.494465
E1,2025-09-22,663.000000,662.585000,0.750000,571,3.790000,959,1.190000,571,0.010000,959,1.940000,3.800000,1.860000,95.876289,1.860000,95.876289,1.760000,90.721649,1.660000,85.567010
E1,2025-09-23,667.000000,666.880000,0.880000,571,0.010000,958,1.010000,571,3.870000,959,1.890000,3.880000,1.990000,105.291005,1.990000,105.291005,1.890000,100.000000,1.790000,94.708995
E1,2025-09-24,664.000000,664.180000,1.160000,571,0.010000,959,0.990000,571,2.970000,959,2.150000,2.980000,0.830000,38.604651,0.830000,38.604651,0.730000,33.953488,0.630000,29.302326
E1,2025-09-25,657.000000,657.210000,1.660000,571,0.920000,959,1.440000,571,0.040000,959,3.100000,0.960000,-2.140000,-69.032258,-2.140000,-69.032258,-2.240000,-72.258065,-2.340000,-75.483871
E1,2025-09-26,659.000000,659.380000,1.650000,571,2.870000,959,1.240000,571,0.010000,959,2.890000,2.880000,-0.010000,-0.346021,-0.010000,-0.346021,-0.110000,-3.806228,-0.210000,-7.266436
E1,2025-09-29,664.000000,664.350000,1.260000,571,0.020000,959,0.980000,571,0.440000,959,2.240000,0.460000,-1.780000,-79.464286,-1.780000,-79.464286,-1.880000,-83.928571,-1.980000,-88.392857
E1,2025-09-30,663.000000,663.110000,1.340000,571,3.010000,959,1.190000,571,0.010000,959,2.530000,3.020000,0.490000,19.367589,0.490000,19.367589,0.390000,15.415020,0.290000,11.462451
E1,2025-10-01,664.000000,664.200000,1.510000,571,4.550000,959,1.290000,571,0.010000,959,2.800000,4.560000,1.760000,62.857143,1.760000,62.857143,1.660000,59.285714,1.560000,55.714286
E1,2025-10-02,670.000000,670.340000,1.170000,571,0.010000,959,0.860000,571,0.900000,959,2.030000,0.910000,-1.120000,-55.172414,-1.120000,-55.172414,-1.220000,-60.098522,-1.320000,-65.024631
E1,2025-10-03,671.000000,670.630000,0.940000,571,0.010000,959,1.310000,571,1.890000,959,2.250000,1.900000,-0.350000,-15.555556,-0.350000,-15.555556,-0.450000,-20.000000,-0.550000,-24.444444
E1,2025-10-06,671.000000,671.280000,1.160000,571,0.580000,959,0.870000,571,0.010000,959,2.030000,0.590000,-1.440000,-70.935961,-1.440000,-70.935961,-1.540000,-75.862069,-1.640000,-80.788177
E1,2025-10-07,673.000000,672.635000,0.800000,571,0.010000,958,1.140000,571,4.150000,959,1.940000,4.160000,2.220000,114.432990,2.220000,114.432990,2.120000,109.278351,2.020000,104.123711
E1,2025-10-08,670.000000,670.240000,1.260000,571,2.960000,959,1.060000,571,0.010000,959,2.320000,2.970000,0.650000,28.017241,0.650000,28.017241,0.550000,23.706897,0.450000,19.396552
E1,2025-10-09,674.000000,673.870000,0.960000,571,0.010000,959,1.040000,571,3.120000,959,2.000000,3.130000,1.130000,56.500000,1.130000,56.500000,1.030000,51.500000,0.930000,46.500000
E1,2025-10-10,673.000000,672.590000,0.920000,571,0.010000,959,1.290000,571,19.810000,959,2.210000,19.820000,17.610000,796.832579,17.610000,796.832579,17.510000,792.307692,17.410000,787.782805
E1,2025-10-13,661.000000,661.350000,2.250000,571,2.050000,959,1.840000,571,0.020000,959,4.090000,2.070000,-2.020000,-49.388753,-2.020000,-49.388753,-2.120000,-51.833741,-2.220000,-54.278729
E1,2025-10-14,657.000000,656.970000,2.200000,571,5.250000,959,2.530000,571,0.020000,959,4.730000,5.270000,0.540000,11.416490,0.540000,11.416490,0.440000,9.302326,0.340000,7.188161
E1,2025-10-15,667.000000,666.640000,1.450000,571,0.030000,959,1.810000,571,1.900000,959,3.260000,1.930000,-1.330000,-40.797546,-1.330000,-40.797546,-1.430000,-43.865031,-1.530000,-46.932515
E1,2025-10-16,667.000000,667.380000,2.100000,571,0.010000,959,1.650000,571,6.220000,959,3.750000,6.230000,2.480000,66.133333,2.480000,66.133333,2.380000,63.466667,2.280000,60.800000
E1,2025-10-17,660.000000,659.830000,2.940000,571,4.100000,959,3.050000,571,0.020000,959,5.990000,4.120000,-1.870000,-31.218698,-1.870000,-31.218698,-1.970000,-32.888147,-2.070000,-34.557596
E1,2025-10-20,668.000000,668.400000,1.810000,571,3.300000,959,1.450000,571,0.010000,959,3.260000,3.310000,0.050000,1.533742,0.050000,1.533742,-0.050000,-1.533742,-0.150000,-4.601227
E1,2025-10-21,671.000000,671.180000,1.440000,571,0.490000,959,1.280000,571,0.240000,959,2.720000,0.730000,-1.990000,-73.161765,-1.990000,-73.161765,-2.090000,-76.838235,-2.190000,-80.514706
E1,2025-10-22,671.000000,670.970000,1.460000,571,0.010000,959,1.490000,571,3.090000,959,2.950000,3.100000,0.150000,5.084746,0.150000,5.084746,0.050000,1.694915,-0.050000,-1.694915
E1,2025-10-23,668.000000,668.280000,1.770000,571,3.690000,959,1.530000,571,0.010000,959,3.300000,3.700000,0.400000,12.121212,0.400000,12.121212,0.300000,9.090909,0.200000,6.060606
E1,2025-10-24,676.000000,675.780000,1.340000,571,1.100000,959,1.570000,571,0.020000,959,2.910000,1.120000,-1.790000,-61.512027,-1.790000,-61.512027,-1.890000,-64.948454,-1.990000,-68.384880
E1,2025-10-27,683.000000,682.845000,1.020000,571,2.200000,959,1.180000,571,0.010000,959,2.200000,2.210000,0.010000,0.454545,0.010000,0.454545,-0.090000,-4.090909,-0.190000,-8.636364
E1,2025-10-28,687.000000,687.095000,1.120000,571,0.160000,959,1.060000,571,0.190000,959,2.180000,0.350000,-1.830000,-83.944954,-1.830000,-83.944954,-1.930000,-88.532110,-2.030000,-93.119266
E1,2025-10-29,689.000000,688.595000,1.910000,571,0.640000,959,2.360000,571,3.040000,959,4.270000,3.680000,-0.590000,-13.817330,-0.590000,-13.817330,-0.690000,-16.159251,-0.790000,-18.501171
E1,2025-10-30,683.000000,683.435000,2.520000,571,0.100000,959,2.080000,571,2.830000,959,4.600000,2.930000,-1.670000,-36.304348,-1.670000,-36.304348,-1.770000,-38.478261,-1.870000,-40.652174
E1,2025-10-31,684.000000,684.440000,1.970000,571,0.030000,959,1.540000,571,1.970000,959,3.510000,2.000000,-1.510000,-43.019943,-1.510000,-43.019943,-1.610000,-45.868946,-1.710000,-48.717949
E1,2025-11-03,685.000000,685.100000,1.510000,571,0.010000,959,1.410000,571,1.640000,959,2.920000,1.650000,-1.270000,-43.493151,-1.270000,-43.493151,-1.370000,-46.917808,-1.470000,-50.342466
E1,2025-11-04,676.000000,676.045000,2.140000,571,0.080000,959,2.040000,571,0.820000,959,4.180000,0.900000,-3.280000,-78.468900,-3.280000,-78.468900,-3.380000,-80.861244,-3.480000,-83.253589
E1,2025-11-05,675.000000,674.925000,1.870000,571,2.650000,959,1.930000,571,0.020000,959,3.800000,2.670000,-1.130000,-29.736842,-1.130000,-29.736842,-1.230000,-32.368421,-1.330000,-35.000000
E1,2025-11-06,677.000000,676.795000,1.610000,571,0.010000,959,1.800000,571,7.170000,959,3.410000,7.180000,3.770000,110.557185,3.770000,110.557185,3.670000,107.624633,3.570000,104.692082
E1,2025-11-07,666.000000,666.490000,2.690000,571,5.030000,959,2.140000,571,0.020000,959,4.830000,5.050000,0.220000,4.554865,0.220000,4.554865,0.120000,2.484472,0.020000,0.414079
E1,2025-11-10,678.000000,677.970000,1.520000,571,3.370000,959,1.620000,571,0.010000,959,3.140000,3.380000,0.240000,7.643312,0.240000,7.643312,0.140000,4.458599,0.040000,1.273885
E1,2025-11-11,680.000000,680.295000,1.590000,571,2.710000,959,1.220000,571,0.010000,959,2.810000,2.720000,-0.090000,-3.202847,-0.090000,-3.202847,-0.190000,-6.761566,-0.290000,-10.320285
E1,2025-11-12,684.000000,684.080000,1.480000,571,0.020000,959,1.370000,571,0.730000,959,2.850000,0.750000,-2.100000,-73.684211,-2.100000,-73.684211,-2.200000,-77.192982,-2.300000,-80.701754
E1,2025-11-13,680.000000,680.290000,2.000000,571,0.010000,959,1.690000,571,8.000000,959,3.690000,8.010000,4.320000,117.073171,4.320000,117.073171,4.220000,114.363144,4.120000,111.653117
E1,2025-11-14,665.000000,664.800000,2.800000,571,6.410000,959,2.990000,571,0.010000,959,5.790000,6.420000,0.630000,10.880829,0.630000,10.880829,0.530000,9.153713,0.430000,7.426598
E1,2025-11-17,669.000000,669.470000,2.700000,571,0.010000,959,2.300000,571,3.300000,959,5.000000,3.310000,-1.690000,-33.800000,-1.690000,-33.800000,-1.790000,-35.800000,-1.890000,-37.800000
E1,2025-11-18,661.000000,661.100000,2.870000,571,0.100000,959,2.760000,571,0.990000,959,5.630000,1.090000,-4.540000,-80.639432,-4.540000,-80.639432,-4.640000,-82.415631,-4.740000,-84.191829
E1,2025-11-19,661.000000,660.640000,2.760000,571,2.420000,959,3.100000,571,0.740000,959,5.860000,3.160000,-2.700000,-46.075085,-2.700000,-46.075085,-2.800000,-47.781570,-2.900000,-49.488055
E1,2025-11-20,674.000000,673.640000,2.050000,571,0.010000,957,2.450000,571,21.490000,959,4.500000,21.500000,17.000000,377.777778,17.000000,377.777778,16.900000,375.555556,16.800000,373.333333
E1,2025-11-21,655.000000,654.720000,3.380000,571,3.660000,959,3.670000,571,0.020000,959,7.050000,3.680000,-3.370000,-47.801418,-3.370000,-47.801418,-3.470000,-49.219858,-3.570000,-50.638298
E1,2025-11-24,664.000000,663.750000,2.160000,571,4.800000,959,2.450000,571,0.020000,959,4.610000,4.820000,0.210000,4.555315,0.210000,4.555315,0.110000,2.386117,0.010000,0.216920
E1,2025-11-25,669.000000,668.780000,1.800000,571,6.060000,959,1.990000,571,0.010000,959,3.790000,6.070000,2.280000,60.158311,2.280000,60.158311,2.180000,57.519789,2.080000,54.881266
E1,2025-11-26,678.000000,678.065000,1.520000,571,1.910000,959,1.480000,571,0.010000,959,3.000000,1.920000,-1.080000,-36.000000,-1.080000,-36.000000,-1.180000,-39.333333,-1.280000,-42.666667
E1,2025-12-01,679.000000,679.060000,1.820000,571,1.420000,959,1.760000,571,0.010000,959,3.580000,1.430000,-2.150000,-60.055866,-2.150000,-60.055866,-2.250000,-62.849162,-2.350000,-65.642458
E1,2025-12-02,682.000000,682.005000,1.430000,571,0.020000,959,1.440000,571,0.540000,959,2.870000,0.560000,-2.310000,-80.487805,-2.310000,-80.487805,-2.410000,-83.972125,-2.510000,-87.456446
E1,2025-12-03,681.000000,680.830000,1.710000,571,2.730000,959,2.090000,571,0.010000,959,3.800000,2.740000,-1.060000,-27.894737,-1.060000,-27.894737,-1.160000,-30.526316,-1.260000,-33.157895
E1,2025-12-04,685.000000,685.050000,1.360000,571,0.010000,959,1.370000,571,0.520000,959,2.730000,0.530000,-2.200000,-80.586081,-2.200000,-80.586081,-2.300000,-84.249084,-2.400000,-87.912088
E1,2025-12-05,686.000000,686.365000,1.660000,571,0.010000,959,1.360000,571,0.450000,959,3.020000,0.460000,-2.560000,-84.768212,-2.560000,-84.768212,-2.660000,-88.079470,-2.760000,-91.390728
E1,2025-12-08,686.000000,686.205000,1.380000,571,0.010000,959,1.150000,571,2.390000,959,2.530000,2.400000,-0.130000,-5.138340,-0.130000,-5.138340,-0.230000,-9.090909,-0.330000,-13.043478
E1,2025-12-09,683.000000,683.155000,1.540000,571,0.160000,959,1.390000,571,0.110000,959,2.930000,0.270000,-2.660000,-90.784983,-2.660000,-90.784983,-2.760000,-94.197952,-2.860000,-97.610922
E1,2025-12-10,682.000000,682.250000,2.460000,571,5.680000,959,2.170000,571,0.010000,959,4.630000,5.690000,1.060000,22.894168,1.060000,22.894168,0.960000,20.734341,0.860000,18.574514
E1,2025-12-11,685.000000,684.880000,1.740000,571,4.150000,959,1.820000,571,0.030000,959,3.560000,4.180000,0.620000,17.415730,0.620000,17.415730,0.520000,14.606742,0.420000,11.797753
E1,2025-12-12,688.000000,688.445000,1.640000,571,0.010000,959,1.150000,571,6.290000,959,2.790000,6.300000,3.510000,125.806452,3.510000,125.806452,3.410000,122.222222,3.310000,118.637993
E1,2025-12-15,685.000000,685.040000,1.330000,571,0.010000,959,1.340000,571,3.780000,959,2.670000,3.790000,1.120000,41.947566,1.120000,41.947566,1.020000,38.202247,0.920000,34.456929
E1,2025-12-16,680.000000,680.445000,2.070000,571,0.030000,959,1.650000,571,1.120000,959,3.720000,1.150000,-2.570000,-69.086022,-2.570000,-69.086022,-2.670000,-71.774194,-2.770000,-74.462366
E1,2025-12-17,680.000000,680.070000,1.810000,571,0.010000,959,1.710000,571,8.720000,959,3.520000,8.730000,5.210000,148.011364,5.210000,148.011364,5.110000,145.170455,5.010000,142.329545
E1,2025-12-18,678.000000,678.325000,2.020000,571,0.040000,959,1.710000,571,1.550000,959,3.730000,1.590000,-2.140000,-57.372654,-2.140000,-57.372654,-2.240000,-60.053619,-2.340000,-62.734584
E1,2025-12-19,678.000000,677.645000,1.680000,571,2.500000,959,2.060000,571,0.010000,959,3.740000,2.510000,-1.230000,-32.887701,-1.230000,-32.887701,-1.330000,-35.561497,-1.430000,-38.235294
E1,2025-12-22,684.000000,684.405000,1.430000,571,0.890000,959,1.060000,571,0.010000,959,2.490000,0.900000,-1.590000,-63.855422,-1.590000,-63.855422,-1.690000,-67.871486,-1.790000,-71.887550
E1,2025-12-23,685.000000,685.430000,1.400000,571,2.870000,959,0.910000,571,0.010000,959,2.310000,2.880000,0.570000,24.675325,0.570000,24.675325,0.470000,20.346320,0.370000,16.017316
E1,2025-12-26,691.000000,690.510000,0.640000,571,0.010000,959,1.240000,571,0.730000,959,1.880000,0.740000,-1.140000,-60.638298,-1.140000,-60.638298,-1.240000,-65.957447,-1.340000,-71.276596
E1,2025-12-29,688.000000,687.695000,1.020000,571,0.080000,959,1.330000,571,0.190000,959,2.350000,0.270000,-2.080000,-88.510638,-2.080000,-88.510638,-2.180000,-92.765957,-2.280000,-97.021277
E1,2025-12-30,687.000000,687.470000,1.430000,571,0.140000,959,0.930000,571,0.130000,959,2.360000,0.270000,-2.090000,-88.559322,-2.090000,-88.559322,-2.190000,-92.796610,-2.290000,-97.033898
E1,2025-12-31,687.000000,687.080000,1.190000,571,0.010000,959,1.070000,571,5.030000,959,2.260000,5.040000,2.780000,123.008850,2.780000,123.008850,2.680000,118.584071,2.580000,114.159292
E1,2026-01-02,685.000000,685.395000,1.430000,571,0.010000,959,1.050000,571,1.650000,959,2.480000,1.660000,-0.820000,-33.064516,-0.820000,-33.064516,-0.920000,-37.096774,-1.020000,-41.129032
E1,2026-01-05,687.000000,687.420000,1.460000,571,0.730000,959,1.100000,571,0.020000,959,2.560000,0.750000,-1.810000,-70.703125,-1.810000,-70.703125,-1.910000,-74.609375,-2.010000,-78.515625
E1,2026-01-06,688.000000,688.490000,1.350000,571,3.920000,959,0.890000,571,0.010000,959,2.240000,3.930000,1.690000,75.446429,1.690000,75.446429,1.590000,70.982143,1.490000,66.517857
E1,2026-01-07,692.000000,691.945000,1.080000,571,0.010000,959,1.130000,571,2.420000,959,2.210000,2.430000,0.220000,9.954751,0.220000,9.954751,0.120000,5.429864,0.020000,0.904977
E1,2026-01-08,689.000000,688.800000,1.180000,571,0.490000,959,1.350000,571,0.050000,959,2.530000,0.540000,-1.990000,-78.656126,-1.990000,-78.656126,-2.090000,-82.608696,-2.190000,-86.561265
E1,2026-01-09,691.000000,690.720000,1.700000,571,3.050000,959,1.930000,571,0.010000,959,3.630000,3.060000,-0.570000,-15.702479,-0.570000,-15.702479,-0.670000,-18.457300,-0.770000,-21.212121
E1,2026-01-12,692.000000,691.790000,1.150000,571,3.360000,959,1.400000,571,0.010000,959,2.550000,3.370000,0.820000,32.156863,0.820000,32.156863,0.720000,28.235294,0.620000,24.313725
E1,2026-01-13,695.000000,695.455000,1.420000,571,0.010000,959,1.000000,571,1.260000,959,2.420000,1.270000,-1.150000,-47.520661,-1.150000,-47.520661,-1.250000,-51.652893,-1.350000,-55.785124
E1,2026-01-14,690.000000,690.235000,2.060000,571,0.520000,959,1.740000,571,0.050000,959,3.800000,0.570000,-3.230000,-85.000000,-3.230000,-85.000000,-3.330000,-87.631579,-3.430000,-90.263158
E1,2026-01-15,694.000000,694.400000,1.440000,571,0.010000,959,1.070000,571,1.800000,959,2.510000,1.810000,-0.700000,-27.888446,-0.700000,-27.888446,-0.800000,-31.872510,-0.900000,-35.856574
E1,2026-01-16,694.000000,693.930000,1.160000,571,0.010000,959,1.250000,571,2.350000,959,2.410000,2.360000,-0.050000,-2.074689,-0.050000,-2.074689,-0.150000,-6.224066,-0.250000,-10.373444
E1,2026-01-20,682.000000,682.080000,2.490000,571,0.010000,959,2.380000,571,4.410000,959,4.870000,4.420000,-0.450000,-9.240246,-0.450000,-9.240246,-0.550000,-11.293634,-0.650000,-13.347023
E1,2026-01-21,680.000000,679.700000,1.960000,571,5.100000,959,2.260000,571,0.010000,957,4.220000,5.110000,0.890000,21.090047,0.890000,21.090047,0.790000,18.720379,0.690000,16.350711
E1,2026-01-22,690.000000,690.070000,1.400000,571,0.020000,959,1.350000,571,1.090000,959,2.750000,1.110000,-1.640000,-59.636364,-1.640000,-59.636364,-1.740000,-63.272727,-1.840000,-66.909091
E1,2026-01-23,689.000000,688.505000,1.160000,571,0.350000,959,1.720000,571,0.090000,959,2.880000,0.440000,-2.440000,-84.722222,-2.440000,-84.722222,-2.540000,-88.194444,-2.640000,-91.666667
E1,2026-01-26,691.000000,691.080000,1.340000,571,1.770000,959,1.290000,571,0.010000,959,2.630000,1.780000,-0.850000,-32.319392,-0.850000,-32.319392,-0.950000,-36.121673,-1.050000,-39.923954
E1,2026-01-27,694.000000,693.920000,1.010000,571,1.540000,959,1.100000,571,0.010000,959,2.110000,1.550000,-0.560000,-26.540284,-0.560000,-26.540284,-0.660000,-31.279621,-0.760000,-36.018957
E1,2026-01-28,698.000000,697.670000,1.560000,571,0.060000,959,1.930000,571,2.670000,959,3.490000,2.730000,-0.760000,-21.776504,-0.760000,-21.776504,-0.860000,-24.641834,-0.960000,-27.507163
E1,2026-01-29,696.000000,696.240000,1.930000,571,0.100000,959,1.680000,571,2.160000,959,3.610000,2.260000,-1.350000,-37.396122,-1.350000,-37.396122,-1.450000,-40.166205,-1.550000,-42.936288
E1,2026-01-30,692.000000,691.700000,2.030000,571,0.180000,959,2.330000,571,0.440000,959,4.360000,0.620000,-3.740000,-85.779817,-3.740000,-85.779817,-3.840000,-88.073394,-3.940000,-90.366972
E1,2026-02-02,690.000000,690.130000,2.050000,571,5.540000,959,1.720000,571,0.010000,959,3.770000,5.550000,1.780000,47.214854,1.780000,47.214854,1.680000,44.562334,1.580000,41.909814
E1,2026-02-03,697.000000,696.505000,0.930000,571,0.010000,959,1.550000,571,7.380000,959,2.480000,7.390000,4.910000,197.983871,4.910000,197.983871,4.810000,193.951613,4.710000,189.919355
E1,2026-02-04,689.000000,689.490000,2.540000,571,0.170000,959,2.150000,571,3.070000,959,4.690000,3.240000,-1.450000,-30.916844,-1.450000,-30.916844,-1.550000,-33.049041,-1.650000,-35.181237
E1,2026-02-05,679.000000,679.390000,3.720000,571,0.330000,959,3.330000,571,1.900000,959,7.050000,2.230000,-4.820000,-68.368794,-4.820000,-68.368794,-4.920000,-69.787234,-5.020000,-71.205674
E1,2026-02-06,682.000000,681.745000,2.550000,571,9.400000,959,2.740000,571,0.010000,959,5.290000,9.410000,4.120000,77.882798,4.120000,77.882798,4.020000,75.992439,3.920000,74.102079
E1,2026-02-09,689.000000,688.905000,1.910000,571,5.440000,959,2.010000,571,0.010000,959,3.920000,5.450000,1.530000,39.030612,1.530000,39.030612,1.430000,36.479592,1.330000,33.928571
E1,2026-02-10,695.000000,695.300000,1.570000,571,0.010000,959,1.310000,571,2.860000,959,2.880000,2.870000,-0.010000,-0.347222,-0.010000,-0.347222,-0.110000,-3.819444,-0.210000,-7.291667
E1,2026-02-11,697.000000,697.030000,1.460000,571,0.010000,959,1.440000,571,5.160000,959,2.900000,5.170000,2.270000,78.275862,2.270000,78.275862,2.170000,74.827586,2.070000,71.379310
E1,2026-02-12,694.000000,694.220000,1.610000,571,0.010000,959,1.430000,571,12.820000,959,3.040000,12.830000,9.790000,322.039474,9.790000,322.039474,9.690000,318.750000,9.590000,315.460526
E1,2026-02-13,682.000000,682.070000,2.860000,571,0.100000,959,2.760000,571,0.570000,959,5.620000,0.670000,-4.950000,-88.078292,-4.950000,-88.078292,-5.050000,-89.857651,-5.150000,-91.637011
E1,2026-02-17,681.000000,681.460000,2.700000,571,1.800000,959,2.290000,571,0.010000,959,4.990000,1.810000,-3.180000,-63.727455,-3.180000,-63.727455,-3.280000,-65.731463,-3.380000,-67.735471
E1,2026-02-18,684.000000,684.070000,2.340000,571,2.230000,959,2.380000,571,0.020000,959,4.720000,2.250000,-2.470000,-52.330508,-2.470000,-52.330508,-2.570000,-54.449153,-2.670000,-56.567797
E1,2026-02-19,684.000000,684.280000,2.420000,571,0.560000,959,2.160000,571,0.080000,959,4.580000,0.640000,-3.940000,-86.026201,-3.940000,-86.026201,-4.040000,-88.209607,-4.140000,-90.393013
E1,2026-02-20,682.000000,682.280000,2.700000,571,7.050000,957,2.540000,571,0.010000,959,5.240000,7.060000,1.820000,34.732824,1.820000,34.732824,1.720000,32.824427,1.620000,30.916031
E1,2026-02-23,689.000000,688.860000,1.750000,571,0.010000,959,1.890000,571,6.770000,959,3.640000,6.780000,3.140000,86.263736,3.140000,86.263736,3.040000,83.516484,2.940000,80.769231
E1,2026-02-24,681.000000,680.810000,2.360000,571,6.590000,959,2.530000,571,0.010000,959,4.890000,6.600000,1.710000,34.969325,1.710000,34.969325,1.610000,32.924335,1.510000,30.879346
E1,2026-02-25,691.000000,690.750000,1.730000,571,2.380000,959,2.020000,571,0.310000,959,3.750000,2.690000,-1.060000,-28.266667,-1.060000,-28.266667,-1.160000,-30.933333,-1.260000,-33.600000
E1,2026-02-26,693.000000,692.620000,1.700000,571,0.010000,959,2.070000,571,4.010000,959,3.770000,4.020000,0.250000,6.631300,0.250000,6.631300,0.150000,3.978780,0.050000,1.326260
E1,2026-02-27,683.000000,683.070000,2.620000,571,3.230000,959,2.530000,571,0.010000,959,5.150000,3.240000,-1.910000,-37.087379,-1.910000,-37.087379,-2.010000,-39.029126,-2.110000,-40.970874
E1,2026-03-02,680.000000,680.050000,2.730000,571,6.810000,959,2.680000,571,0.010000,959,5.410000,6.820000,1.410000,26.062847,1.410000,26.062847,1.310000,24.214418,1.210000,22.365989
E1,2026-03-03,676.000000,676.300000,3.100000,571,4.290000,959,2.750000,571,0.010000,959,5.850000,4.300000,-1.550000,-26.495726,-1.550000,-26.495726,-1.650000,-28.205128,-1.750000,-29.914530
E1,2026-03-04,682.000000,682.260000,2.690000,571,3.600000,959,2.470000,571,0.010000,959,5.160000,3.610000,-1.550000,-30.038760,-1.550000,-30.038760,-1.650000,-31.976744,-1.750000,-33.914729
E1,2026-03-05,683.000000,682.910000,2.420000,571,0.020000,959,2.400000,571,1.560000,959,4.820000,1.580000,-3.240000,-67.219917,-3.240000,-67.219917,-3.340000,-69.294606,-3.440000,-71.369295
E1,2026-03-06,673.000000,672.510000,3.220000,571,0.120000,959,3.760000,571,0.710000,959,6.980000,0.830000,-6.150000,-88.108883,-6.150000,-88.108883,-6.250000,-89.541547,-6.350000,-90.974212
E1,2026-03-09,667.000000,666.640000,3.120000,571,11.130000,959,3.450000,571,0.010000,959,6.570000,11.140000,4.570000,69.558600,4.570000,69.558600,4.470000,68.036530,4.370000,66.514460
E1,2026-03-10,678.000000,678.490000,2.710000,571,0.130000,959,2.170000,571,1.070000,959,4.880000,1.200000,-3.680000,-75.409836,-3.680000,-75.409836,-3.780000,-77.459016,-3.880000,-79.508197
E1,2026-03-11,678.000000,677.570000,2.260000,571,0.020000,959,2.490000,571,1.890000,959,4.750000,1.910000,-2.840000,-59.789474,-2.840000,-59.789474,-2.940000,-61.894737,-3.040000,-64.000000
E1,2026-03-12,670.000000,669.930000,2.560000,571,0.010000,959,2.590000,571,3.700000,959,5.150000,3.710000,-1.440000,-27.961165,-1.440000,-27.961165,-1.540000,-29.902913,-1.640000,-31.844660
E1,2026-03-13,670.000000,669.910000,2.460000,571,0.010000,958,2.500000,571,7.670000,959,4.960000,7.680000,2.720000,54.838710,2.720000,54.838710,2.620000,52.822581,2.520000,50.806452
E1,2026-03-16,669.000000,668.580000,2.000000,571,0.240000,959,2.490000,571,0.260000,959,4.490000,0.500000,-3.990000,-88.864143,-3.990000,-88.864143,-4.090000,-91.091314,-4.190000,-93.318486
E1,2026-03-17,673.000000,672.800000,1.770000,571,0.010000,959,1.950000,571,2.060000,959,3.720000,2.070000,-1.650000,-44.354839,-1.650000,-44.354839,-1.750000,-47.043011,-1.850000,-49.731183
E1,2026-03-18,668.000000,668.380000,2.830000,571,0.010000,958,2.330000,571,6.350000,959,5.160000,6.360000,1.200000,23.255814,1.200000,23.255814,1.100000,21.317829,1.000000,19.379845
E1,2026-03-19,656.000000,656.060000,3.100000,571,4.000000,959,2.940000,571,0.020000,959,6.040000,4.020000,-2.020000,-33.443709,-2.020000,-33.443709,-2.120000,-35.099338,-2.220000,-36.754967
E1,2026-03-20,656.000000,655.670000,2.270000,571,0.010000,959,2.590000,571,7.720000,959,4.860000,7.730000,2.870000,59.053498,2.870000,59.053498,2.770000,56.995885,2.670000,54.938272
E1,2026-03-23,658.000000,657.700000,2.850000,571,0.040000,959,3.200000,571,2.570000,959,6.050000,2.610000,-3.440000,-56.859504,-3.440000,-56.859504,-3.540000,-58.512397,-3.640000,-60.165289
E1,2026-03-24,652.000000,652.310000,2.700000,571,1.280000,959,2.400000,571,0.040000,959,5.100000,1.320000,-3.780000,-74.117647,-3.780000,-74.117647,-3.880000,-76.078431,-3.980000,-78.039216
E1,2026-03-25,660.000000,659.920000,2.160000,571,0.010000,959,2.280000,571,3.570000,959,4.440000,3.580000,-0.860000,-19.369369,-0.860000,-19.369369,-0.960000,-21.621622,-1.060000,-23.873874
E1,2026-03-26,652.000000,651.695000,2.100000,571,0.010000,959,2.350000,571,6.560000,959,4.450000,6.570000,2.120000,47.640449,2.120000,47.640449,2.020000,45.393258,1.920000,43.146067
E1,2026-03-27,641.000000,641.170000,2.730000,571,0.090000,959,2.560000,571,6.730000,959,5.290000,6.820000,1.530000,28.922495,1.530000,28.922495,1.430000,27.032136,1.330000,25.141777
E1,2026-03-30,640.000000,640.210000,2.400000,571,0.010000,959,2.200000,571,7.930000,959,4.600000,7.940000,3.340000,72.608696,3.340000,72.608696,3.240000,70.434783,3.140000,68.260870
E1,2026-03-31,639.000000,639.370000,2.620000,571,11.500000,959,2.320000,571,0.020000,959,4.940000,11.520000,6.580000,133.198381,6.580000,133.198381,6.480000,131.174089,6.380000,129.149798
E1,2026-04-01,654.000000,653.870000,2.030000,571,0.910000,959,2.150000,571,0.070000,959,4.180000,0.980000,-3.200000,-76.555024,-3.200000,-76.555024,-3.300000,-78.947368,-3.400000,-81.339713
E1,2026-04-02,647.000000,647.320000,2.610000,571,8.790000,959,2.210000,571,0.010000,959,4.820000,8.800000,3.980000,82.572614,3.980000,82.572614,3.880000,80.497925,3.780000,78.423237
E1,2026-04-06,657.000000,656.740000,2.100000,571,1.820000,959,2.400000,571,0.020000,959,4.500000,1.840000,-2.660000,-59.111111,-2.660000,-59.111111,-2.760000,-61.333333,-2.860000,-63.555556
E1,2026-04-07,656.000000,655.985000,2.460000,571,3.650000,959,2.570000,571,0.220000,959,5.030000,3.870000,-1.160000,-23.061630,-1.160000,-23.061630,-1.260000,-25.049702,-1.360000,-27.037773
E1,2026-04-08,675.000000,675.440000,2.410000,571,1.080000,959,2.030000,571,0.140000,959,4.440000,1.220000,-3.220000,-72.522523,-3.220000,-72.522523,-3.320000,-74.774775,-3.420000,-77.027027
E1,2026-04-09,675.000000,675.000000,1.590000,571,4.900000,959,1.620000,571,0.030000,959,3.210000,4.930000,1.720000,53.582555,1.720000,53.582555,1.620000,50.467290,1.520000,47.352025
E1,2026-04-10,682.000000,681.580000,1.130000,571,0.010000,959,1.550000,571,2.500000,959,2.680000,2.510000,-0.170000,-6.343284,-0.170000,-6.343284,-0.270000,-10.074627,-0.370000,-13.805970
E1,2026-04-13,678.000000,677.520000,1.440000,571,7.990000,959,1.900000,571,0.010000,959,3.340000,8.000000,4.660000,139.520958,4.660000,139.520958,4.560000,136.526946,4.460000,133.532934
E1,2026-04-14,688.000000,688.220000,1.320000,571,6.220000,959,1.150000,571,0.010000,959,2.470000,6.230000,3.760000,152.226721,3.760000,152.226721,3.660000,148.178138,3.560000,144.129555
E1,2026-04-15,695.000000,695.150000,1.400000,571,5.050000,959,1.260000,571,0.030000,959,2.660000,5.080000,2.420000,90.977444,2.420000,90.977444,2.320000,87.218045,2.220000,83.458647
E1,2026-04-16,701.000000,700.680000,1.220000,571,0.620000,959,1.540000,571,0.140000,959,2.760000,0.760000,-2.000000,-72.463768,-2.000000,-72.463768,-2.100000,-76.086957,-2.200000,-79.710145
E1,2026-04-17,707.000000,706.630000,1.400000,571,3.000000,959,1.790000,571,0.010000,959,3.190000,3.010000,-0.180000,-5.642633,-0.180000,-5.642633,-0.280000,-8.777429,-0.380000,-11.912226
E1,2026-04-20,709.000000,708.860000,1.580000,571,0.120000,959,1.730000,571,0.380000,959,3.310000,0.500000,-2.810000,-84.894260,-2.810000,-84.894260,-2.910000,-87.915408,-3.010000,-90.936556
E1,2026-04-21,709.000000,709.325000,1.790000,571,0.010000,959,1.520000,571,4.830000,959,3.310000,4.840000,1.530000,46.223565,1.530000,46.223565,1.430000,43.202417,1.330000,40.181269
E1,2026-04-22,709.000000,709.000000,1.520000,571,2.190000,959,1.580000,571,0.030000,959,3.100000,2.220000,-0.880000,-28.387097,-0.880000,-28.387097,-0.980000,-31.612903,-1.080000,-34.838710
E1,2026-04-23,710.000000,709.910000,1.480000,571,0.060000,959,1.720000,571,1.670000,959,3.200000,1.730000,-1.470000,-45.937500,-1.470000,-45.937500,-1.570000,-49.062500,-1.670000,-52.187500
E1,2026-04-24,710.000000,709.955000,1.920000,571,3.990000,959,1.730000,571,0.020000,959,3.650000,4.010000,0.360000,9.863014,0.360000,9.863014,0.260000,7.123288,0.160000,4.383562
E1,2026-04-27,714.000000,713.870000,1.390000,571,1.250000,959,1.540000,571,0.100000,959,2.930000,1.350000,-1.580000,-53.924915,-1.580000,-53.924915,-1.680000,-57.337884,-1.780000,-60.750853
E1,2026-04-28,711.000000,711.040000,1.690000,571,0.780000,959,1.700000,571,0.090000,959,3.390000,0.870000,-2.520000,-74.336283,-2.520000,-74.336283,-2.620000,-77.286136,-2.720000,-80.235988
E1,2026-04-29,710.000000,710.380000,2.540000,571,2.630000,959,2.250000,571,1.090000,959,4.790000,3.720000,-1.070000,-22.338205,-1.070000,-22.338205,-1.170000,-24.425887,-1.270000,-26.513570
E1,2026-04-30,713.000000,713.200000,2.130000,571,5.720000,959,1.900000,571,0.030000,959,4.030000,5.750000,1.720000,42.679901,1.720000,42.679901,1.620000,40.198511,1.520000,37.717122
E1,2026-05-01,722.000000,721.690000,1.010000,571,0.030000,959,1.500000,571,1.310000,959,2.510000,1.340000,-1.170000,-46.613546,-1.170000,-46.613546,-1.270000,-50.597610,-1.370000,-54.581673
E1,2026-05-04,720.000000,719.710000,1.420000,571,0.030000,959,1.680000,571,1.850000,959,3.100000,1.880000,-1.220000,-39.354839,-1.220000,-39.354839,-1.320000,-42.580645,-1.420000,-45.806452
E1,2026-05-05,722.000000,721.780000,1.170000,571,1.730000,959,1.400000,571,0.040000,959,2.570000,1.770000,-0.800000,-31.128405,-0.800000,-31.128405,-0.900000,-35.019455,-1.000000,-38.910506
E1,2026-05-06,728.000000,728.440000,1.720000,571,5.970000,959,1.160000,571,0.010000,959,2.880000,5.980000,3.100000,107.638889,3.100000,107.638889,3.000000,104.166667,2.900000,100.694444
E1,2026-05-07,735.000000,734.685000,1.200000,571,0.010000,959,1.530000,571,3.470000,959,2.730000,3.480000,0.750000,27.472527,0.750000,27.472527,0.650000,23.809524,0.550000,20.146520
E1,2026-05-08,735.000000,735.040000,1.480000,571,2.440000,959,1.430000,571,0.020000,959,2.910000,2.460000,-0.450000,-15.463918,-0.450000,-15.463918,-0.550000,-18.900344,-0.650000,-22.336770
E1,2026-05-11,737.000000,737.400000,1.520000,571,2.220000,959,1.130000,571,0.020000,959,2.650000,2.240000,-0.410000,-15.471698,-0.410000,-15.471698,-0.510000,-19.245283,-0.610000,-23.018868
E1,2026-05-12,736.000000,736.230000,1.640000,571,2.140000,959,1.400000,571,0.010000,959,3.040000,2.150000,-0.890000,-29.276316,-0.890000,-29.276316,-0.990000,-32.565789,-1.090000,-35.855263
E1,2026-05-13,737.000000,737.345000,1.700000,571,5.330000,959,1.310000,571,0.020000,959,3.010000,5.350000,2.340000,77.740864,2.340000,77.740864,2.240000,74.418605,2.140000,71.096346
E1,2026-05-14,744.000000,744.500000,1.860000,571,4.130000,959,1.370000,571,0.030000,959,3.230000,4.160000,0.930000,28.792570,0.930000,28.792570,0.830000,25.696594,0.730000,22.600619
E1,2026-05-15,741.000000,740.750000,2.080000,571,0.030000,959,2.240000,571,2.000000,959,4.320000,2.030000,-2.290000,-53.009259,-2.290000,-53.009259,-2.390000,-55.324074,-2.490000,-57.638889
E1,2026-05-18,740.000000,739.700000,1.600000,571,0.030000,959,1.930000,571,1.560000,959,3.530000,1.590000,-1.940000,-54.957507,-1.940000,-54.957507,-2.040000,-57.790368,-2.140000,-60.623229
E1,2026-05-19,734.000000,734.350000,2.330000,571,0.260000,959,1.970000,571,0.450000,959,4.300000,0.710000,-3.590000,-83.488372,-3.590000,-83.488372,-3.690000,-85.813953,-3.790000,-88.139535
E1,2026-05-20,735.000000,735.405000,2.560000,571,6.340000,959,2.190000,571,0.070000,959,4.750000,6.410000,1.660000,34.947368,1.660000,34.947368,1.560000,32.842105,1.460000,30.736842
E1,2026-05-21,738.000000,737.655000,2.160000,571,4.870000,959,2.420000,571,0.010000,959,4.580000,4.880000,0.300000,6.550218,0.300000,6.550218,0.200000,4.366812,0.100000,2.183406
E1,2026-05-22,747.000000,747.080000,1.960000,571,0.040000,959,1.880000,571,1.460000,959,3.840000,1.500000,-2.340000,-60.937500,-2.340000,-60.937500,-2.440000,-63.541667,-2.540000,-66.145833
E1,2026-05-26,750.000000,749.620000,1.400000,571,0.580000,959,1.780000,571,0.100000,959,3.180000,0.680000,-2.500000,-78.616352,-2.500000,-78.616352,-2.600000,-81.761006,-2.700000,-84.905660
E1,2026-05-27,751.000000,750.830000,1.480000,571,0.200000,959,1.630000,571,0.700000,959,3.110000,0.900000,-2.210000,-71.061093,-2.210000,-71.061093,-2.310000,-74.276527,-2.410000,-77.491961
E1,2026-05-28,750.000000,750.225000,1.460000,571,4.650000,959,1.480000,571,0.020000,959,2.940000,4.670000,1.730000,58.843537,1.730000,58.843537,1.630000,55.442177,1.530000,52.040816
E1,2026-05-29,756.000000,756.010000,1.500000,571,0.540000,959,1.450000,571,0.150000,959,2.950000,0.690000,-2.260000,-76.610169,-2.260000,-76.610169,-2.360000,-80.000000,-2.460000,-83.389831
E1,2026-06-01,755.000000,755.290000,1.880000,571,3.450000,959,1.550000,571,0.020000,959,3.430000,3.470000,0.040000,1.166181,0.040000,1.166181,-0.060000,-1.749271,-0.160000,-4.664723
E1,2026-06-02,758.000000,757.585000,1.130000,571,1.540000,959,1.560000,571,0.020000,959,2.690000,1.560000,-1.130000,-42.007435,-1.130000,-42.007435,-1.230000,-45.724907,-1.330000,-49.442379
E1,2026-06-03,759.000000,758.570000,1.280000,571,0.020000,959,1.690000,571,4.900000,959,2.970000,4.920000,1.950000,65.656566,1.950000,65.656566,1.850000,62.289562,1.750000,58.922559
E1,2026-06-04,752.000000,751.900000,1.590000,571,5.490000,959,1.590000,571,0.010000,959,3.180000,5.500000,2.320000,72.955975,2.320000,72.955975,2.220000,69.811321,2.120000,66.666667
E1,2026-06-05,753.000000,752.530000,1.420000,571,0.020000,959,1.860000,571,15.620000,959,3.280000,15.640000,12.360000,376.829268,12.360000,376.829268,12.260000,373.780488,12.160000,370.731707
E1,2026-06-08,744.000000,743.860000,2.140000,571,0.010000,959,2.330000,571,4.650000,959,4.470000,4.660000,0.190000,4.250559,0.190000,4.250559,0.090000,2.013423,-0.010000,-0.223714
E1,2026-06-09,744.000000,743.875000,1.660000,571,0.010000,957,1.770000,571,6.970000,959,3.430000,6.980000,3.550000,103.498542,3.550000,103.498542,3.450000,100.583090,3.350000,97.667638
E1,2026-06-10,733.000000,733.105000,3.220000,571,0.010000,959,3.080000,571,7.210000,959,6.300000,7.220000,0.920000,14.603175,0.920000,14.603175,0.820000,13.015873,0.720000,11.428571
E1,2026-06-11,728.000000,728.005000,3.220000,571,10.510000,957,3.190000,571,0.010000,959,6.410000,10.520000,4.110000,64.118565,4.110000,64.118565,4.010000,62.558502,3.910000,60.998440
E1,2026-06-12,739.000000,739.350000,3.280000,571,2.890000,959,2.950000,571,0.020000,959,6.230000,2.910000,-3.320000,-53.290530,-3.320000,-53.290530,-3.420000,-54.895666,-3.520000,-56.500803
E1,2026-06-15,753.000000,752.510000,1.440000,571,1.730000,959,2.000000,571,0.030000,959,3.440000,1.760000,-1.680000,-48.837209,-1.680000,-48.837209,-1.780000,-51.744186,-1.880000,-54.651163
E1,2026-06-16,755.000000,754.970000,1.530000,571,0.010000,958,1.550000,571,4.460000,959,3.080000,4.470000,1.390000,45.129870,1.390000,45.129870,1.290000,41.883117,1.190000,38.636364
E1,2026-06-17,750.000000,750.350000,2.660000,571,0.010000,959,2.240000,571,8.980000,959,4.900000,8.990000,4.090000,83.469388,4.090000,83.469388,3.990000,81.428571,3.890000,79.387755
E1,2026-06-18,747.000000,747.410000,2.230000,571,0.180000,959,1.870000,571,0.600000,959,4.100000,0.780000,-3.320000,-80.975610,-3.320000,-80.975610,-3.420000,-83.414634,-3.520000,-85.853659
E1,2026-06-22,749.000000,748.970000,1.610000,571,0.010000,959,1.650000,571,4.470000,959,3.260000,4.480000,1.220000,37.423313,1.220000,37.423313,1.120000,34.355828,1.020000,31.288344
E1,2026-06-23,734.000000,733.595000,2.600000,571,0.350000,959,2.900000,571,0.610000,959,5.500000,0.960000,-4.540000,-82.545455,-4.540000,-82.545455,-4.640000,-84.363636,-4.740000,-86.181818
E1,2026-06-24,735.000000,734.570000,2.180000,571,0.210000,959,2.610000,571,1.990000,959,4.790000,2.200000,-2.590000,-54.070981,-2.590000,-54.070981,-2.690000,-56.158664,-2.790000,-58.246347
E1,2026-06-25,738.000000,738.040000,2.260000,571,0.010000,959,2.190000,571,5.610000,959,4.450000,5.620000,1.170000,26.292135,1.170000,26.292135,1.070000,24.044944,0.970000,21.797753
E1,2026-06-26,729.000000,729.310000,2.890000,571,1.150000,959,2.540000,571,0.620000,959,5.430000,1.770000,-3.660000,-67.403315,-3.660000,-67.403315,-3.760000,-69.244936,-3.860000,-71.086556
E1,2026-06-29,737.000000,737.050000,2.030000,571,3.830000,959,2.000000,571,0.010000,959,4.030000,3.840000,-0.190000,-4.714640,-0.190000,-4.714640,-0.290000,-7.196030,-0.390000,-9.677419
E1,2026-06-30,742.000000,741.575000,1.870000,571,4.660000,959,2.250000,571,0.020000,959,4.120000,4.680000,0.560000,13.592233,0.560000,13.592233,0.460000,11.165049,0.360000,8.737864
E1,2026-07-01,744.000000,743.920000,1.820000,571,1.890000,959,1.970000,571,0.030000,959,3.790000,1.920000,-1.870000,-49.340369,-1.870000,-49.340369,-1.970000,-51.978892,-2.070000,-54.617414
E1,2026-07-02,748.000000,747.955000,1.750000,571,0.010000,959,1.640000,571,2.800000,959,3.390000,2.810000,-0.580000,-17.109145,-0.580000,-17.109145,-0.680000,-20.058997,-0.780000,-23.008850
E1,2026-07-06,749.000000,748.570000,1.250000,571,2.240000,959,1.810000,571,0.010000,959,3.060000,2.250000,-0.810000,-26.470588,-0.810000,-26.470588,-0.910000,-29.738562,-1.010000,-33.006536
E1,2026-07-07,751.000000,750.715000,1.260000,571,0.010000,959,1.510000,571,3.300000,959,2.770000,3.310000,0.540000,19.494585,0.540000,19.494585,0.440000,15.884477,0.340000,12.274368
E1,2026-07-08,744.000000,743.515000,1.930000,571,1.350000,959,2.210000,571,0.030000,959,4.140000,1.380000,-2.760000,-66.666667,-2.760000,-66.666667,-2.860000,-69.082126,-2.960000,-71.497585
E1,2026-07-09,746.000000,746.180000,1.840000,571,5.360000,959,1.940000,571,0.010000,959,3.780000,5.370000,1.590000,42.063492,1.590000,42.063492,1.490000,39.417989,1.390000,36.772487
E1,2026-07-10,752.500000,752.480000,1.440000,571,2.430000,959,1.450000,571,0.020000,959,2.890000,2.450000,-0.440000,-15.224913,-0.440000,-15.224913,-0.540000,-18.685121,-0.640000,-22.145329
E1,2026-07-13,754.000000,753.580000,1.170000,571,0.010000,959,1.610000,571,4.750000,959,2.780000,4.760000,1.980000,71.223022,1.980000,71.223022,1.880000,67.625899,1.780000,64.028777
E1,2026-07-14,750.000000,749.920000,1.920000,571,1.940000,959,1.920000,571,0.010000,959,3.840000,1.950000,-1.890000,-49.218750,-1.890000,-49.218750,-1.990000,-51.822917,-2.090000,-54.427083
E1,2026-07-15,755.000000,754.695000,1.140000,571,0.110000,959,1.460000,571,0.390000,959,2.600000,0.500000,-2.100000,-80.769231,-2.100000,-80.769231,-2.200000,-84.615385,-2.300000,-88.461538
E1,2026-07-16,753.000000,753.390000,1.690000,571,0.020000,959,1.310000,571,2.240000,959,3.000000,2.260000,-0.740000,-24.666667,-0.740000,-24.666667,-0.840000,-28.000000,-0.940000,-31.333333
E1,2026-07-17,742.000000,742.460000,2.610000,571,1.380000,959,1.960000,571,0.060000,959,4.570000,1.440000,-3.130000,-68.490153,-3.130000,-68.490153,-3.230000,-70.678337,-3.330000,-72.866521
E1,2026-07-20,747.000000,747.490000,1.820000,571,0.010000,959,1.280000,571,4.810000,959,3.100000,4.820000,1.720000,55.483871,1.720000,55.483871,1.620000,52.258065,1.520000,49.032258
E1,2026-07-21,745.000000,745.480000,1.860000,571,3.160000,959,1.460000,571,0.010000,959,3.320000,3.170000,-0.150000,-4.518072,-0.150000,-4.518072,-0.250000,-7.530120,-0.350000,-10.542169
E1,2026-07-22,747.000000,747.350000,1.980000,571,1.200000,959,1.630000,571,0.860000,959,3.610000,2.060000,-1.550000,-42.936288,-1.550000,-42.936288,-1.650000,-45.706371,-1.750000,-48.476454
E1,2026-07-23,740.000000,739.760000,2.200000,571,0.050000,959,2.280000,571,1.770000,959,4.480000,1.820000,-2.660000,-59.375000,-2.660000,-59.375000,-2.760000,-61.607143,-2.860000,-63.839286
E1,2026-07-24,739.000000,738.600000,1.720000,571,0.290000,959,1.940000,571,0.440000,959,3.660000,0.730000,-2.930000,-80.054645,-2.930000,-80.054645,-3.030000,-82.786885,-3.130000,-85.519126
E1,2026-07-27,745.000000,744.560000,1.170000,571,0.010000,959,1.640000,571,6.020000,959,2.810000,6.030000,3.220000,114.590747,3.220000,114.590747,3.120000,111.032028,3.020000,107.473310
E1,2026-07-28,738.000000,738.380000,2.190000,571,2.820000,959,1.760000,571,0.010000,959,3.950000,2.830000,-1.120000,-28.354430,-1.120000,-28.354430,-1.220000,-30.886076,-1.320000,-33.417722
E1,2026-07-29,739.000000,738.830000,2.860000,571,0.010000,959,3.040000,571,9.530000,959,5.900000,9.540000,3.640000,61.694915,3.640000,61.694915,3.540000,60.000000,3.440000,58.305085
E1,2026-07-30,736.000000,735.505000,1.950000,571,5.910000,959,2.470000,571,0.030000,959,4.420000,5.940000,1.520000,34.389140,1.520000,34.389140,1.420000,32.126697,1.320000,29.864253
E1,2026-07-31,745.000000,745.410000,1.920000,571,1.810000,959,1.550000,571,0.050000,959,3.470000,1.860000,-1.610000,-46.397695,-1.610000,-46.397695,-1.710000,-49.279539,-1.810000,-52.161383
E1,2026-08-03,750.000000,749.885000,1.530000,571,7.550000,959,1.580000,571,0.010000,959,3.110000,7.560000,4.450000,143.086817,4.450000,143.086817,4.350000,139.871383,4.250000,136.655949
E1,2026-08-04,761.000000,761.470000,1.740000,571,10.210000,959,1.260000,571,0.010000,959,3.000000,10.220000,7.220000,240.666667,7.220000,240.666667,7.120000,237.333333,7.020000,234.000000
E1,2026-08-05,776.000000,776.135000,2.560000,571,0.010000,959,2.340000,571,6.460000,959,4.900000,6.470000,1.570000,32.040816,1.570000,32.040816,1.470000,30.000000,1.370000,27.959184
E1,2026-08-06,770.000000,770.005000,1.760000,571,0.050000,959,1.800000,571,1.500000,959,3.560000,1.550000,-2.010000,-56.460674,-2.010000,-56.460674,-2.110000,-59.269663,-2.210000,-62.078652
E1,2026-08-07,771.000000,771.225000,1.950000,571,2.200000,959,1.750000,571,0.010000,959,3.700000,2.210000,-1.490000,-40.270270,-1.490000,-40.270270,-1.590000,-42.972973,-1.690000,-45.675676
E1,2026-08-10,773.000000,773.440000,1.600000,571,0.100000,959,1.180000,571,0.410000,959,2.780000,0.510000,-2.270000,-81.654676,-2.270000,-81.654676,-2.370000,-85.251799,-2.470000,-88.848921
E1,2026-08-11,774.000000,773.555000,1.090000,571,0.020000,959,1.380000,571,3.890000,958,2.470000,3.910000,1.440000,58.299595,1.440000,58.299595,1.340000,54.251012,1.240000,50.202429
E1,2026-08-12,773.000000,773.150000,1.730000,571,0.150000,959,1.540000,573,0.600000,959,3.270000,0.750000,-2.520000,-77.064220,-2.520000,-77.064220,-2.620000,-80.122324,-2.720000,-83.180428
E1,2026-08-13,775.000000,774.520000,0.920000,571,2.730000,959,1.450000,571,0.010000,959,2.370000,2.740000,0.370000,15.611814,0.370000,15.611814,0.270000,11.392405,0.170000,7.172996
E1,2026-08-14,778.000000,778.345000,1.410000,571,0.010000,959,1.010000,571,1.670000,959,2.420000,1.680000,-0.740000,-30.578512,-0.740000,-30.578512,-0.840000,-34.710744,-0.940000,-38.842975
E1,2026-08-17,777.000000,776.550000,0.800000,571,0.010000,959,1.280000,571,4.240000,958,2.080000,4.250000,2.170000,104.326923,2.170000,104.326923,2.070000,99.519231,1.970000,94.711538
E1,2026-08-18,769.000000,769.360000,1.610000,571,0.010000,959,1.260000,571,1.500000,959,2.870000,1.510000,-1.360000,-47.386760,-1.360000,-47.386760,-1.460000,-50.871080,-1.560000,-54.355401
E1,2026-08-19,770.000000,770.385000,1.470000,571,0.020000,959,1.100000,571,0.880000,959,2.570000,0.900000,-1.670000,-64.980545,-1.670000,-64.980545,-1.770000,-68.871595,-1.870000,-72.762646
E1,2026-08-20,767.000000,766.580000,1.240000,571,0.010000,959,1.620000,571,4.390000,959,2.860000,4.400000,1.540000,53.846154,1.540000,53.846154,1.440000,50.349650,1.340000,46.853147
E1,2026-08-21,765.000000,765.220000,1.520000,571,0.630000,959,1.220000,571,0.050000,959,2.740000,0.680000,-2.060000,-75.182482,-2.060000,-75.182482,-2.160000,-78.832117,-2.260000,-82.481752
E1,2026-08-24,764.000000,764.135000,1.310000,571,0.110000,959,1.150000,571,0.560000,959,2.460000,0.670000,-1.790000,-72.764228,-1.790000,-72.764228,-1.890000,-76.829268,-1.990000,-80.894309
E1,2026-08-25,766.000000,766.180000,1.250000,571,0.170000,959,1.060000,571,0.340000,959,2.310000,0.510000,-1.800000,-77.922078,-1.800000,-77.922078,-1.900000,-82.251082,-2.000000,-86.580087
E1,2026-08-26,765.000000,765.320000,1.930000,571,1.810000,959,1.460000,571,0.790000,959,3.390000,2.600000,-0.790000,-23.303835,-0.790000,-23.303835,-0.890000,-26.253687,-0.990000,-29.203540
E1,2026-08-27,768.000000,767.650000,1.370000,571,3.130000,959,1.820000,571,0.010000,959,3.190000,3.140000,-0.050000,-1.567398,-0.050000,-1.567398,-0.150000,-4.702194,-0.250000,-7.836991
E1,2026-08-28,772.000000,771.655000,1.630000,571,0.030000,959,1.890000,571,2.760000,959,3.520000,2.790000,-0.730000,-20.738636,-0.730000,-20.738636,-0.830000,-23.579545,-0.930000,-26.420455
E1,2026-08-31,767.000000,767.445000,1.500000,571,0.150000,959,1.140000,571,0.470000,959,2.640000,0.620000,-2.020000,-76.515152,-2.020000,-76.515152,-2.120000,-80.303030,-2.220000,-84.090909
E1,2026-09-01,762.000000,761.825000,1.350000,571,0.210000,959,1.510000,571,0.510000,959,2.860000,0.720000,-2.140000,-74.825175,-2.140000,-74.825175,-2.240000,-78.321678,-2.340000,-81.818182
E1,2026-09-02,762.000000,761.770000,1.390000,571,3.150000,959,1.520000,571,0.020000,959,2.910000,3.170000,0.260000,8.934708,0.260000,8.934708,0.160000,5.498282,0.060000,2.061856
E1,2026-09-03,768.000000,768.320000,1.450000,571,5.030000,959,1.160000,571,0.010000,959,2.610000,5.040000,2.430000,93.103448,2.430000,93.103448,2.330000,89.272031,2.230000,85.440613
E1,2026-09-04,772.000000,772.475000,1.650000,571,0.010000,959,1.140000,571,1.780000,959,2.790000,1.790000,-1.000000,-35.842294,-1.000000,-35.842294,-1.100000,-39.426523,-1.200000,-43.010753
E1,2026-09-08,769.000000,768.850000,1.110000,571,0.010000,959,1.260000,571,2.900000,959,2.370000,2.910000,0.540000,22.784810,0.540000,22.784810,0.440000,18.565401,0.340000,14.345992
E1,2026-09-09,764.000000,763.845000,1.250000,571,0.010000,959,1.400000,571,1.580000,959,2.650000,1.590000,-1.060000,-40.000000,-1.060000,-40.000000,-1.160000,-43.773585,-1.260000,-47.547170
E1,2026-09-10,758.000000,757.880000,1.580000,571,0.420000,959,1.620000,571,0.510000,959,3.200000,0.930000,-2.270000,-70.937500,-2.270000,-70.937500,-2.370000,-74.062500,-2.470000,-77.187500
E1,2026-09-11,764.000000,764.500000,1.890000,571,0.320000,959,1.370000,571,0.100000,959,3.260000,0.420000,-2.840000,-87.116564,-2.840000,-87.116564,-2.940000,-90.184049,-3.040000,-93.251534
E2,2024-03-20,515.000000,515.470000,2.130000,810,5.100000,959,1.680000,810,0.010000,959,3.810000,5.110000,1.300000,34.120735,1.300000,34.120735,1.200000,31.496063,1.100000,28.871391
E2,2024-05-01,501.000000,500.800000,1.950000,810,0.130000,959,2.180000,810,0.970000,959,4.130000,1.100000,-3.030000,-73.365617,-3.030000,-73.365617,-3.130000,-75.786925,-3.230000,-78.208232
E2,2024-06-12,543.000000,542.615000,1.380000,810,0.010000,959,1.790000,810,1.750000,959,3.170000,1.760000,-1.410000,-44.479495,-1.410000,-44.479495,-1.510000,-47.634069,-1.610000,-50.788644
E2,2024-07-31,550.000000,549.670000,1.850000,810,1.210000,959,2.200000,810,0.550000,959,4.050000,1.760000,-2.290000,-56.543210,-2.290000,-56.543210,-2.390000,-59.012346,-2.490000,-61.481481
E2,2024-09-18,564.000000,563.805000,2.650000,810,0.010000,959,2.900000,810,2.850000,959,5.550000,2.860000,-2.690000,-48.468468,-2.690000,-48.468468,-2.790000,-50.270270,-2.890000,-52.072072
E2,2024-11-07,595.000000,594.540000,1.180000,810,0.620000,959,1.630000,810,0.050000,959,2.810000,0.670000,-2.140000,-76.156584,-2.140000,-76.156584,-2.240000,-79.715302,-2.340000,-83.274021
E2,2024-12-18,605.000000,605.320000,1.430000,810,0.010000,958,1.130000,810,18.240000,959,2.560000,18.250000,15.690000,612.890625,15.690000,612.890625,15.590000,608.984375,15.490000,605.078125
E2,2025-01-29,602.000000,602.280000,2.180000,810,0.810000,959,1.870000,810,1.000000,959,4.050000,1.810000,-2.240000,-55.308642,-2.240000,-55.308642,-2.340000,-57.777778,-2.440000,-60.246914
E2,2025-03-19,563.000000,563.125000,2.280000,810,3.870000,959,2.100000,810,0.010000,959,4.380000,3.880000,-0.500000,-11.415525,-0.500000,-11.415525,-0.600000,-13.698630,-0.700000,-15.981735
E2,2025-05-07,561.000000,561.310000,2.130000,810,0.460000,959,1.860000,810,0.240000,959,3.990000,0.700000,-3.290000,-82.456140,-3.290000,-82.456140,-3.390000,-84.962406,-3.490000,-87.468672
E2,2025-06-18,599.000000,598.810000,1.640000,810,0.020000,959,1.840000,810,1.630000,959,3.480000,1.650000,-1.830000,-52.586207,-1.830000,-52.586207,-1.930000,-55.459770,-2.030000,-58.333333
E2,2025-07-30,636.000000,636.250000,1.490000,810,0.150000,959,1.250000,810,1.580000,959,2.740000,1.730000,-1.010000,-36.861314,-1.010000,-36.861314,-1.110000,-40.510949,-1.210000,-44.160584
E2,2025-09-17,659.000000,658.750000,2.190000,810,0.490000,959,2.430000,810,0.140000,959,4.620000,0.630000,-3.990000,-86.363636,-3.990000,-86.363636,-4.090000,-88.528139,-4.190000,-90.692641
E2,2025-10-29,688.000000,687.770000,2.270000,810,1.040000,959,2.520000,810,1.750000,959,4.790000,2.790000,-2.000000,-41.753653,-2.000000,-41.753653,-2.100000,-43.841336,-2.200000,-45.929019
E2,2025-12-10,683.000000,682.880000,2.080000,810,4.240000,959,2.100000,810,0.010000,959,4.180000,4.250000,0.070000,1.674641,0.070000,1.674641,-0.030000,-0.717703,-0.130000,-3.110048
E2,2026-01-28,695.000000,695.220000,1.760000,810,1.040000,959,1.550000,810,0.610000,959,3.310000,1.650000,-1.660000,-50.151057,-1.660000,-50.151057,-1.760000,-53.172205,-1.860000,-56.193353
E2,2026-03-18,666.000000,665.610000,1.570000,810,0.010000,959,2.040000,810,4.340000,959,3.610000,4.350000,0.740000,20.498615,0.740000,20.498615,0.640000,17.728532,0.540000,14.958449
E2,2026-04-29,710.000000,709.985000,2.130000,810,2.630000,959,2.140000,810,1.090000,959,4.270000,3.720000,-0.550000,-12.880562,-0.550000,-12.880562,-0.650000,-15.222482,-0.750000,-17.564403
E2,2026-06-17,749.000000,749.330000,2.290000,810,0.010000,958,1.930000,810,7.950000,959,4.220000,7.960000,3.740000,88.625592,3.740000,88.625592,3.640000,86.255924,3.540000,83.886256
E2,2026-07-29,735.000000,735.450000,3.100000,810,0.050000,959,2.730000,810,5.300000,959,5.830000,5.350000,-0.480000,-8.233276,-0.480000,-8.233276,-0.580000,-9.948542,-0.680000,-11.663808
E3,2024-02-01,487.000000,487.135000,1.120000,810,2.310000,959,0.920000,810,0.120000,959,2.040000,2.430000,0.390000,19.117647,0.390000,19.117647,0.290000,14.215686,0.190000,9.313725
E3,2024-02-05,493.000000,492.610000,0.440000,810,0.030000,959,0.790000,810,0.460000,959,1.230000,0.490000,-0.740000,-60.162602,-0.740000,-60.162602,-0.840000,-68.292683,-0.940000,-76.422764
E3,2024-02-06,493.000000,492.940000,0.610000,810,0.890000,959,0.660000,810,0.010000,959,1.270000,0.900000,-0.370000,-29.133858,-0.370000,-29.133858,-0.470000,-37.007874,-0.570000,-44.881890
E3,2024-02-07,498.000000,498.220000,0.820000,810,0.180000,959,0.530000,810,0.120000,959,1.350000,0.300000,-1.050000,-77.777778,-1.050000,-77.777778,-1.150000,-85.185185,-1.250000,-92.592593
E3,2024-02-08,498.000000,498.015000,0.540000,810,0.410000,959,0.510000,810,0.040000,959,1.050000,0.450000,-0.600000,-57.142857,-0.600000,-57.142857,-0.700000,-66.666667,-0.800000,-76.190476
E3,2024-02-09,501.000000,500.790000,0.410000,810,0.240000,959,0.660000,810,0.080000,959,1.070000,0.320000,-0.750000,-70.093458,-0.750000,-70.093458,-0.850000,-79.439252,-0.950000,-88.785047
E3,2024-02-12,503.000000,502.510000,0.340000,810,0.030000,959,0.830000,810,2.010000,959,1.170000,2.040000,0.870000,74.358974,0.870000,74.358974,0.770000,65.811966,0.670000,57.264957
E3,2024-02-13,494.000000,494.080000,0.720000,810,0.300000,959,0.630000,810,0.170000,959,1.350000,0.470000,-0.880000,-65.185185,-0.880000,-65.185185,-0.980000,-72.592593,-1.080000,-80.000000
E3,2024-02-14,496.000000,495.910000,0.700000,810,2.850000,959,0.760000,810,0.010000,959,1.460000,2.860000,1.400000,95.890411,1.400000,95.890411,1.300000,89.041096,1.200000,82.191781
E3,2024-02-15,502.000000,501.630000,0.570000,810,0.140000,959,0.970000,810,0.200000,959,1.540000,0.340000,-1.200000,-77.922078,-1.200000,-77.922078,-1.300000,-84.415584,-1.400000,-90.909091
E3,2024-02-16,502.000000,501.710000,0.540000,810,0.010000,959,0.830000,810,2.730000,959,1.370000,2.740000,1.370000,100.000000,1.370000,100.000000,1.270000,92.700730,1.170000,85.401460
E3,2024-02-20,495.000000,495.130000,0.800000,810,1.330000,959,0.700000,810,0.020000,959,1.500000,1.350000,-0.150000,-10.000000,-0.150000,-10.000000,-0.250000,-16.666667,-0.350000,-23.333333
E3,2024-02-21,495.000000,495.400000,1.460000,810,2.370000,959,1.080000,810,0.240000,959,2.540000,2.610000,0.070000,2.755906,0.070000,2.755906,-0.030000,-1.181102,-0.130000,-5.118110
E3,2024-02-22,507.000000,506.820000,0.580000,810,0.570000,959,0.780000,810,0.040000,959,1.360000,0.610000,-0.750000,-55.147059,-0.750000,-55.147059,-0.850000,-62.500000,-0.950000,-69.852941
E3,2024-02-23,509.000000,508.830000,0.510000,810,0.010000,959,0.710000,810,1.070000,959,1.220000,1.080000,-0.140000,-11.475410,-0.140000,-11.475410,-0.240000,-19.672131,-0.340000,-27.868852
E3,2024-02-26,507.000000,506.650000,0.460000,810,0.010000,959,0.810000,810,1.040000,959,1.270000,1.050000,-0.220000,-17.322835,-0.220000,-17.322835,-0.320000,-25.196850,-0.420000,-33.070866
E3,2024-02-27,505.000000,505.285000,0.670000,810,1.940000,959,0.420000,810,0.010000,959,1.090000,1.950000,0.860000,78.899083,0.860000,78.899083,0.760000,69.724771,0.660000,60.550459
E3,2024-02-28,507.000000,506.565000,0.330000,810,0.010000,959,0.790000,810,0.880000,959,1.120000,0.890000,-0.230000,-20.535714,-0.230000,-20.535714,-0.330000,-29.464286,-0.430000,-38.392857
E3,2024-02-29,508.000000,507.800000,0.530000,810,0.420000,959,0.800000,810,0.230000,959,1.330000,0.650000,-0.680000,-51.127820,-0.680000,-51.127820,-0.780000,-58.646617,-0.880000,-66.165414
E3,2024-03-01,512.000000,512.200000,0.650000,810,0.840000,959,0.510000,810,0.010000,959,1.160000,0.850000,-0.310000,-26.724138,-0.310000,-26.724138,-0.410000,-35.344828,-0.510000,-43.965517
E3,2024-03-04,513.000000,512.680000,0.330000,810,0.020000,959,0.640000,810,0.740000,959,0.970000,0.760000,-0.210000,-21.649485,-0.210000,-21.649485,-0.310000,-31.958763,-0.410000,-42.268041
E3,2024-03-06,512.000000,511.770000,0.530000,810,0.010000,959,0.740000,810,2.180000,959,1.270000,2.190000,0.920000,72.440945,0.920000,72.440945,0.820000,64.566929,0.720000,56.692913
E3,2024-03-07,515.000000,514.960000,0.750000,810,0.270000,959,0.800000,810,0.390000,959,1.550000,0.660000,-0.890000,-57.419355,-0.890000,-57.419355,-0.990000,-63.870968,-1.090000,-70.322581
E3,2024-03-08,512.000000,512.245000,1.210000,810,0.100000,959,0.740000,810,0.320000,959,1.950000,0.420000,-1.530000,-78.461538,-1.530000,-78.461538,-1.630000,-83.589744,-1.730000,-88.717949
E3,2024-03-11,511.000000,511.320000,0.900000,810,0.300000,959,0.580000,810,0.050000,959,1.480000,0.350000,-1.130000,-76.351351,-1.130000,-76.351351,-1.230000,-83.108108,-1.330000,-89.864865
E3,2024-03-12,515.000000,514.970000,0.820000,810,1.820000,959,0.750000,810,0.010000,959,1.570000,1.830000,0.260000,16.560510,0.260000,16.560510,0.160000,10.191083,0.060000,3.821656
E3,2024-03-13,517.000000,517.260000,0.710000,810,0.010000,959,0.470000,810,1.080000,959,1.180000,1.090000,-0.090000,-7.627119,-0.090000,-7.627119,-0.190000,-16.101695,-0.290000,-24.576271
E3,2024-03-14,513.000000,512.925000,0.780000,810,2.000000,959,0.880000,810,0.030000,959,1.660000,2.030000,0.370000,22.289157,0.370000,22.289157,0.270000,16.265060,0.170000,10.240964
E3,2024-03-15,509.000000,509.390000,1.080000,810,0.910000,959,0.750000,810,0.160000,959,1.830000,1.070000,-0.760000,-41.530055,-0.760000,-41.530055,-0.860000,-46.994536,-0.960000,-52.459016
E3,2024-03-18,514.000000,514.180000,0.930000,810,0.090000,959,0.760000,810,1.210000,959,1.690000,1.300000,-0.390000,-23.076923,-0.390000,-23.076923,-0.490000,-28.994083,-0.590000,-34.911243
E3,2024-03-19,515.000000,515.010000,0.640000,810,0.750000,959,0.590000,810,0.010000,959,1.230000,0.760000,-0.470000,-38.211382,-0.470000,-38.211382,-0.570000,-46.341463,-0.670000,-54.471545
E3,2024-03-21,523.000000,523.340000,0.800000,810,0.010000,959,0.490000,810,1.000000,959,1.290000,1.010000,-0.280000,-21.705426,-0.280000,-21.705426,-0.380000,-29.457364,-0.480000,-37.209302
E3,2024-03-22,522.000000,522.160000,0.590000,810,0.010000,959,0.430000,810,0.750000,959,1.020000,0.760000,-0.260000,-25.490196,-0.260000,-25.490196,-0.360000,-35.294118,-0.460000,-45.098039
E3,2024-03-25,520.000000,520.475000,0.770000,810,0.060000,959,0.280000,810,0.220000,959,1.050000,0.280000,-0.770000,-73.333333,-0.770000,-73.333333,-0.870000,-82.857143,-0.970000,-92.380952
E3,2024-03-26,521.000000,520.905000,0.390000,810,0.010000,959,0.480000,810,2.310000,959,0.870000,2.320000,1.450000,166.666667,1.450000,166.666667,1.350000,155.172414,1.250000,143.678161
E3,2024-03-27,520.000000,520.295000,0.720000,810,2.880000,959,0.380000,810,0.010000,959,1.100000,2.890000,1.790000,162.727273,1.790000,162.727273,1.690000,153.636364,1.590000,144.545455
E3,2024-03-28,523.000000,523.020000,0.630000,810,0.300000,959,0.620000,810,0.140000,959,1.250000,0.440000,-0.810000,-64.800000,-0.810000,-64.800000,-0.910000,-72.800000,-1.010000,-80.800000
E3,2024-04-01,522.000000,521.640000,0.390000,810,0.230000,959,0.750000,810,0.120000,959,1.140000,0.350000,-0.790000,-69.298246,-0.790000,-69.298246,-0.890000,-78.070175,-0.990000,-86.842105
E3,2024-04-02,518.000000,517.570000,0.400000,810,0.860000,959,0.830000,810,0.020000,959,1.230000,0.880000,-0.350000,-28.455285,-0.350000,-28.455285,-0.450000,-36.585366,-0.550000,-44.715447
E3,2024-04-04,523.000000,523.140000,0.610000,810,0.010000,959,0.450000,810,10.000000,959,1.060000,10.010000,8.950000,844.339623,8.950000,844.339623,8.850000,834.905660,8.750000,825.471698
E3,2024-04-05,519.000000,519.320000,1.090000,810,0.040000,959,0.750000,810,0.600000,959,1.840000,0.640000,-1.200000,-65.217391,-1.200000,-65.217391,-1.300000,-70.652174,-1.400000,-76.086957
E3,2024-04-08,519.000000,519.210000,0.720000,810,0.050000,959,0.570000,810,0.370000,959,1.290000,0.420000,-0.870000,-67.441860,-0.870000,-67.441860,-0.970000,-75.193798,-1.070000,-82.945736
E3,2024-04-09,517.000000,517.140000,0.850000,810,2.350000,959,0.750000,810,0.010000,959,1.600000,2.360000,0.760000,47.500000,0.760000,47.500000,0.660000,41.250000,0.560000,35.000000
E3,2024-04-10,514.000000,514.090000,1.250000,810,0.360000,959,1.160000,810,0.250000,959,2.410000,0.610000,-1.800000,-74.688797,-1.800000,-74.688797,-1.900000,-78.838174,-2.000000,-82.987552
E3,2024-04-11,518.000000,517.575000,0.720000,810,0.200000,959,1.110000,810,0.150000,959,1.830000,0.350000,-1.480000,-80.874317,-1.480000,-80.874317,-1.580000,-86.338798,-1.680000,-91.803279
E3,2024-04-12,510.000000,509.525000,1.030000,810,0.970000,959,1.500000,810,0.060000,959,2.530000,1.030000,-1.500000,-59.288538,-1.500000,-59.288538,-1.600000,-63.241107,-1.700000,-67.193676
E3,2024-04-15,506.000000,505.795000,1.490000,810,0.040000,959,1.680000,810,1.500000,959,3.170000,1.540000,-1.630000,-51.419558,-1.630000,-51.419558,-1.730000,-54.574132,-1.830000,-57.728707
E3,2024-04-16,503.000000,503.190000,1.500000,810,0.540000,959,1.590000,810,0.090000,959,3.090000,0.630000,-2.460000,-79.611650,-2.460000,-79.611650,-2.560000,-82.847896,-2.660000,-86.084142
E3,2024-04-17,502.000000,501.875000,1.070000,810,0.010000,959,1.190000,810,1.650000,959,2.260000,1.660000,-0.600000,-26.548673,-0.600000,-26.548673,-0.700000,-30.973451,-0.800000,-35.398230
E3,2024-04-18,500.000000,500.110000,1.220000,810,0.150000,959,1.050000,810,0.770000,959,2.270000,0.920000,-1.350000,-59.471366,-1.350000,-59.471366,-1.450000,-63.876652,-1.550000,-68.281938
E3,2024-04-19,497.000000,496.970000,1.180000,810,0.010000,959,1.090000,810,1.900000,959,2.270000,1.910000,-0.360000,-15.859031,-0.360000,-15.859031,-0.460000,-20.264317,-0.560000,-24.669604
E3,2024-04-22,500.000000,500.055000,1.000000,810,0.080000,959,0.860000,810,0.410000,959,1.860000,0.490000,-1.370000,-73.655914,-1.370000,-73.655914,-1.470000,-79.032258,-1.570000,-84.408602
E3,2024-04-23,505.000000,505.315000,0.990000,810,0.660000,959,0.700000,810,0.080000,959,1.690000,0.740000,-0.950000,-56.213018,-0.950000,-56.213018,-1.050000,-62.130178,-1.150000,-68.047337
E3,2024-04-24,505.000000,505.405000,1.260000,810,0.840000,959,0.840000,810,0.320000,959,2.100000,1.160000,-0.940000,-44.761905,-0.940000,-44.761905,-1.040000,-49.523810,-1.140000,-54.285714
E3,2024-04-25,502.000000,501.755000,1.120000,810,1.940000,959,1.330000,810,0.370000,959,2.450000,2.310000,-0.140000,-5.714286,-0.140000,-5.714286,-0.240000,-9.795918,-0.340000,-13.877551
E3,2024-04-26,509.000000,509.500000,1.090000,810,0.030000,959,0.590000,810,0.790000,959,1.680000,0.820000,-0.860000,-51.190476,-0.860000,-51.190476,-0.960000,-57.142857,-1.060000,-63.095238
E3,2024-04-29,510.000000,510.300000,0.700000,810,0.160000,959,0.520000,810,0.120000,959,1.220000,0.280000,-0.940000,-77.049180,-0.940000,-77.049180,-1.040000,-85.245902,-1.140000,-93.442623
E3,2024-04-30,505.000000,505.125000,1.250000,810,0.150000,959,1.110000,810,3.020000,959,2.360000,3.170000,0.810000,34.322034,0.810000,34.322034,0.710000,30.084746,0.610000,25.847458
E3,2024-05-02,504.000000,504.185000,1.290000,810,1.240000,959,1.050000,810,0.190000,959,2.340000,1.430000,-0.910000,-38.888889,-0.910000,-38.888889,-1.010000,-43.162393,-1.110000,-47.435897
E3,2024-05-03,511.000000,511.140000,0.860000,810,0.330000,959,0.690000,810,0.070000,959,1.550000,0.400000,-1.150000,-74.193548,-1.150000,-74.193548,-1.250000,-80.645161,-1.350000,-87.096774
E3,2024-05-06,515.000000,514.660000,0.440000,810,1.520000,959,0.780000,810,0.010000,959,1.220000,1.530000,0.310000,25.409836,0.310000,25.409836,0.210000,17.213115,0.110000,9.016393
E3,2024-05-07,518.000000,518.450000,0.870000,810,0.020000,959,0.390000,810,0.850000,959,1.260000,0.870000,-0.390000,-30.952381,-0.390000,-30.952381,-0.490000,-38.888889,-0.590000,-46.825397
E3,2024-05-08,516.000000,516.300000,0.870000,810,1.290000,959,0.450000,810,0.010000,959,1.320000,1.300000,-0.020000,-1.515152,-0.020000,-1.515152,-0.120000,-9.090909,-0.220000,-16.666667
E3,2024-05-09,519.000000,519.430000,0.760000,810,1.210000,959,0.370000,810,0.010000,959,1.130000,1.220000,0.090000,7.964602,0.090000,7.964602,-0.010000,-0.884956,-0.110000,-9.734513
E3,2024-05-10,520.000000,520.200000,0.640000,810,0.810000,959,0.460000,810,0.030000,959,1.100000,0.840000,-0.260000,-23.636364,-0.260000,-23.636364,-0.360000,-32.727273,-0.460000,-41.818182
E3,2024-05-14,521.000000,521.050000,0.550000,810,2.330000,959,0.470000,810,0.010000,959,1.020000,2.340000,1.320000,129.411765,1.320000,129.411765,1.220000,119.607843,1.120000,109.803922
E3,2024-05-15,529.000000,528.740000,0.450000,810,0.730000,959,0.720000,810,0.020000,959,1.170000,0.750000,-0.420000,-35.897436,-0.420000,-35.897436,-0.520000,-44.444444,-0.620000,-52.991453
E3,2024-05-16,530.000000,529.865000,0.640000,810,0.010000,959,0.700000,810,1.400000,959,1.340000,1.410000,0.070000,5.223881,0.070000,5.223881,-0.030000,-2.238806,-0.130000,-9.701493
E3,2024-05-17,529.000000,528.740000,0.350000,810,0.420000,959,0.630000,810,0.030000,959,0.980000,0.450000,-0.530000,-54.081633,-0.530000,-54.081633,-0.630000,-64.285714,-0.730000,-74.489796
E3,2024-05-20,530.000000,530.245000,0.690000,810,0.170000,959,0.400000,810,0.180000,959,1.090000,0.350000,-0.740000,-67.889908,-0.740000,-67.889908,-0.840000,-77.064220,-0.940000,-86.238532
E3,2024-05-21,530.000000,530.180000,0.560000,810,1.280000,959,0.390000,810,0.010000,959,0.950000,1.290000,0.340000,35.789474,0.340000,35.789474,0.240000,25.263158,0.140000,14.736842
E3,2024-05-22,531.000000,530.865000,1.290000,810,0.730000,959,1.410000,810,2.000000,959,2.700000,2.730000,0.030000,1.111111,0.030000,1.111111,-0.070000,-2.592593,-0.170000,-6.296296
E3,2024-05-23,529.000000,529.415000,0.970000,810,0.010000,959,0.630000,810,3.260000,959,1.600000,3.270000,1.670000,104.375000,1.670000,104.375000,1.570000,98.125000,1.470000,91.875000
E3,2024-05-24,530.000000,529.550000,0.380000,810,0.010000,959,0.810000,810,0.530000,959,1.190000,0.540000,-0.650000,-54.621849,-0.650000,-54.621849,-0.750000,-63.025210,-0.850000,-71.428571
E3,2024-05-28,529.000000,529.360000,0.830000,810,0.910000,959,0.320000,810,0.020000,959,1.150000,0.930000,-0.220000,-19.130435,-0.220000,-19.130435,-0.320000,-27.826087,-0.420000,-36.521739
E3,2024-05-29,527.000000,526.890000,0.600000,810,0.010000,959,0.730000,810,1.300000,959,1.330000,1.310000,-0.020000,-1.503759,-0.020000,-1.503759,-0.120000,-9.022556,-0.220000,-16.541353
E3,2024-05-30,525.000000,524.975000,0.640000,810,0.020000,959,0.650000,810,2.390000,959,1.290000,2.410000,1.120000,86.821705,1.120000,86.821705,1.020000,79.069767,0.920000,71.317829
E3,2024-05-31,521.000000,520.840000,0.670000,810,4.010000,959,0.830000,810,0.010000,959,1.500000,4.020000,2.520000,168.000000,2.520000,168.000000,2.420000,161.333333,2.320000,154.666667
E3,2024-06-03,525.000000,524.765000,0.880000,810,2.140000,959,1.110000,810,0.010000,959,1.990000,2.150000,0.160000,8.040201,0.160000,8.040201,0.060000,3.015075,-0.040000,-2.010050
E3,2024-06-04,527.000000,527.020000,0.840000,810,1.270000,959,0.790000,810,0.020000,959,1.630000,1.290000,-0.340000,-20.858896,-0.340000,-20.858896,-0.440000,-26.993865,-0.540000,-33.128834
E3,2024-06-05,533.000000,532.770000,0.590000,810,1.560000,959,0.870000,810,0.010000,959,1.460000,1.570000,0.110000,7.534247,0.110000,7.534247,0.010000,0.684932,-0.090000,-6.164384
E3,2024-06-06,534.000000,534.185000,0.760000,810,0.550000,959,0.600000,810,0.050000,959,1.360000,0.600000,-0.760000,-55.882353,-0.760000,-55.882353,-0.860000,-63.235294,-0.960000,-70.588235
E3,2024-06-07,536.000000,536.245000,0.850000,810,0.010000,959,0.650000,810,2.130000,959,1.500000,2.140000,0.640000,42.666667,0.640000,42.666667,0.540000,36.000000,0.440000,29.333333
E3,2024-06-10,534.000000,534.260000,0.760000,810,1.510000,959,0.520000,810,0.010000,959,1.280000,1.520000,0.240000,18.750000,0.240000,18.750000,0.140000,10.937500,0.040000,3.125000
E3,2024-06-11,534.000000,534.390000,0.900000,810,2.970000,959,0.480000,810,0.010000,959,1.380000,2.980000,1.600000,115.942029,1.600000,115.942029,1.500000,108.695652,1.400000,101.449275
E3,2024-06-13,542.000000,541.730000,0.570000,810,0.600000,959,0.940000,810,0.020000,959,1.510000,0.620000,-0.890000,-58.940397,-0.890000,-58.940397,-0.990000,-65.562914,-1.090000,-72.185430
E3,2024-06-14,542.000000,542.225000,0.790000,810,0.800000,959,0.640000,810,0.030000,959,1.430000,0.830000,-0.600000,-41.958042,-0.600000,-41.958042,-0.700000,-48.951049,-0.800000,-55.944056
E3,2024-06-17,546.000000,546.420000,0.920000,810,0.710000,959,0.510000,810,0.010000,959,1.430000,0.720000,-0.710000,-49.650350,-0.710000,-49.650350,-0.810000,-56.643357,-0.910000,-63.636364
E3,2024-06-18,548.000000,547.940000,0.590000,810,0.300000,959,0.660000,810,0.040000,959,1.250000,0.340000,-0.910000,-72.800000,-0.910000,-72.800000,-1.010000,-80.800000,-1.110000,-88.800000
E3,2024-06-20,546.000000,546.255000,0.980000,810,1.080000,959,0.800000,810,0.020000,959,1.780000,1.100000,-0.680000,-38.202247,-0.680000,-38.202247,-0.780000,-43.820225,-0.880000,-49.438202
E3,2024-06-21,544.000000,544.105000,0.830000,810,0.300000,959,0.710000,810,0.040000,959,1.540000,0.340000,-1.200000,-77.922078,-1.200000,-77.922078,-1.300000,-84.415584,-1.400000,-90.909091
E3,2024-06-24,544.000000,544.095000,0.780000,810,0.010000,959,0.650000,810,1.170000,959,1.430000,1.180000,-0.250000,-17.482517,-0.250000,-17.482517,-0.350000,-24.475524,-0.450000,-31.468531
E3,2024-06-25,544.000000,543.555000,0.350000,810,1.110000,959,0.850000,810,0.010000,959,1.200000,1.120000,-0.080000,-6.666667,-0.080000,-6.666667,-0.180000,-15.000000,-0.280000,-23.333333
E3,2024-06-27,546.000000,546.195000,0.730000,810,0.230000,959,0.540000,810,0.080000,959,1.270000,0.310000,-0.960000,-75.590551,-0.960000,-75.590551,-1.060000,-83.464567,-1.160000,-91.338583
E3,2024-06-28,546.000000,546.115000,0.940000,810,0.020000,959,0.850000,810,2.000000,959,1.790000,2.020000,0.230000,12.849162,0.230000,12.849162,0.130000,7.262570,0.030000,1.675978
E3,2024-07-01,545.000000,544.960000,0.690000,810,0.500000,959,0.680000,810,0.080000,959,1.370000,0.580000,-0.790000,-57.664234,-0.790000,-57.664234,-0.890000,-64.963504,-0.990000,-72.262774
E3,2024-07-02,547.000000,546.535000,0.370000,810,1.950000,959,0.840000,810,0.020000,959,1.210000,1.970000,0.760000,62.809917,0.760000,62.809917,0.660000,54.545455,0.560000,46.280992
E3,2024-07-05,554.000000,553.900000,0.480000,810,0.630000,959,0.620000,810,0.020000,959,1.100000,0.650000,-0.450000,-40.909091,-0.450000,-40.909091,-0.550000,-50.000000,-0.650000,-59.090909
E3,2024-07-08,555.000000,555.010000,0.520000,810,0.190000,959,0.490000,810,0.150000,959,1.010000,0.340000,-0.670000,-66.336634,-0.670000,-66.336634,-0.770000,-76.237624,-0.870000,-86.138614
E3,2024-07-09,556.000000,556.130000,0.670000,810,0.070000,959,0.520000,810,0.250000,959,1.190000,0.320000,-0.870000,-73.109244,-0.870000,-73.109244,-0.970000,-81.512605,-1.070000,-89.915966
E3,2024-07-10,559.000000,559.445000,0.780000,810,2.650000,959,0.390000,810,0.010000,959,1.170000,2.660000,1.490000,127.350427,1.490000,127.350427,1.390000,118.803419,1.290000,110.256410
E3,2024-07-11,557.000000,556.845000,0.720000,810,0.220000,959,0.860000,810,0.590000,959,1.580000,0.810000,-0.770000,-48.734177,-0.770000,-48.734177,-0.870000,-55.063291,-0.970000,-61.392405
E3,2024-07-12,562.000000,562.370000,0.800000,810,0.010000,959,0.480000,810,2.900000,959,1.280000,2.910000,1.630000,127.343750,1.630000,127.343750,1.530000,119.531250,1.430000,111.718750
E3,2024-07-15,562.000000,561.620000,0.570000,810,0.020000,959,1.040000,810,0.580000,959,1.610000,0.600000,-1.010000,-62.732919,-1.010000,-62.732919,-1.110000,-68.944099,-1.210000,-75.155280
E3,2024-07-16,563.000000,562.700000,0.650000,810,1.600000,959,0.800000,810,0.010000,959,1.450000,1.610000,0.160000,11.034483,0.160000,11.034483,0.060000,4.137931,-0.040000,-2.758621
E3,2024-07-17,557.000000,557.440000,1.270000,810,0.350000,959,0.640000,810,0.280000,959,1.910000,0.630000,-1.280000,-67.015707,-1.280000,-67.015707,-1.380000,-72.251309,-1.480000,-77.486911
E3,2024-07-18,554.000000,554.500000,1.270000,810,0.110000,959,0.720000,810,1.210000,959,1.990000,1.320000,-0.670000,-33.668342,-0.670000,-33.668342,-0.770000,-38.693467,-0.870000,-43.718593
E3,2024-07-19,548.000000,548.350000,1.270000,810,1.000000,959,0.920000,810,0.040000,959,2.190000,1.040000,-1.150000,-52.511416,-1.150000,-52.511416,-1.250000,-57.077626,-1.350000,-61.643836
E3,2024-07-22,554.000000,554.250000,1.050000,810,0.830000,959,0.800000,810,0.070000,959,1.850000,0.900000,-0.950000,-51.351351,-0.950000,-51.351351,-1.050000,-56.756757,-1.150000,-62.162162
E3,2024-07-23,554.000000,554.460000,1.360000,810,0.730000,959,0.790000,810,0.900000,959,2.150000,1.630000,-0.520000,-24.186047,-0.520000,-24.186047,-0.620000,-28.837209,-0.720000,-33.488372
E3,2024-07-24,544.000000,544.200000,1.000000,810,0.010000,959,0.810000,810,2.800000,959,1.810000,2.810000,1.000000,55.248619,1.000000,55.248619,0.900000,49.723757,0.800000,44.198895
E3,2024-07-25,545.000000,544.830000,1.170000,810,0.010000,958,1.350000,810,6.440000,959,2.520000,6.450000,3.930000,155.952381,3.930000,155.952381,3.830000,151.984127,3.730000,148.015873
E3,2024-07-26,547.000000,547.090000,1.160000,810,0.010000,959,1.110000,810,3.070000,959,2.270000,3.080000,0.810000,35.682819,0.810000,35.682819,0.710000,31.277533,0.610000,26.872247
E3,2024-07-29,545.000000,545.115000,1.120000,810,0.130000,959,0.990000,810,0.330000,959,2.110000,0.460000,-1.650000,-78.199052,-1.650000,-78.199052,-1.750000,-82.938389,-1.850000,-87.677725
E3,2024-07-30,540.000000,540.350000,1.560000,810,2.420000,959,1.260000,810,0.220000,959,2.820000,2.640000,-0.180000,-6.382979,-0.180000,-6.382979,-0.280000,-9.929078,-0.380000,-13.475177
E3,2024-08-01,542.000000,542.050000,1.720000,810,1.450000,959,1.610000,810,0.800000,959,3.330000,2.250000,-1.080000,-32.432432,-1.080000,-32.432432,-1.180000,-35.435435,-1.280000,-38.438438
E3,2024-08-02,530.000000,530.470000,2.040000,810,2.820000,959,1.400000,810,0.020000,959,3.440000,2.840000,-0.600000,-17.441860,-0.600000,-17.441860,-0.700000,-20.348837,-0.800000,-23.255814
E3,2024-08-05,520.000000,519.790000,1.910000,810,0.020000,959,2.170000,810,2.520000,959,4.080000,2.540000,-1.540000,-37.745098,-1.540000,-37.745098,-1.640000,-40.196078,-1.740000,-42.647059
E3,2024-08-06,528.000000,527.940000,1.450000,810,0.010000,959,1.480000,810,5.510000,958,2.930000,5.520000,2.590000,88.395904,2.590000,88.395904,2.490000,84.982935,2.390000,81.569966
E3,2024-08-07,524.000000,523.980000,1.820000,810,0.010000,959,1.780000,810,5.880000,959,3.600000,5.890000,2.290000,63.611111,2.290000,63.611111,2.190000,60.833333,2.090000,58.055556
E3,2024-08-08,530.000000,530.080000,1.490000,810,0.750000,959,1.470000,810,0.330000,959,2.960000,1.080000,-1.880000,-63.513514,-1.880000,-63.513514,-1.980000,-66.891892,-2.080000,-70.270270
E3,2024-08-09,534.000000,534.440000,1.570000,810,0.060000,959,1.130000,810,1.150000,959,2.700000,1.210000,-1.490000,-55.185185,-1.490000,-55.185185,-1.590000,-58.888889,-1.690000,-62.592593
E3,2024-08-12,534.000000,533.630000,0.970000,810,0.050000,959,1.270000,810,1.160000,959,2.240000,1.210000,-1.030000,-45.982143,-1.030000,-45.982143,-1.130000,-50.446429,-1.230000,-54.910714
E3,2024-08-13,541.000000,540.895000,0.900000,810,1.080000,959,1.020000,810,0.040000,959,1.920000,1.120000,-0.800000,-41.666667,-0.800000,-41.666667,-0.900000,-46.875000,-1.000000,-52.083333
E3,2024-08-14,543.000000,543.260000,1.080000,810,0.820000,959,0.760000,810,0.070000,959,1.840000,0.890000,-0.950000,-51.630435,-0.950000,-51.630435,-1.050000,-57.065217,-1.150000,-62.500000
E3,2024-08-15,552.000000,552.110000,0.810000,810,1.020000,959,0.640000,810,0.040000,959,1.450000,1.060000,-0.390000,-26.896552,-0.390000,-26.896552,-0.490000,-33.793103,-0.590000,-40.689655
E3,2024-08-16,555.000000,554.570000,0.480000,810,0.020000,959,0.900000,810,0.740000,959,1.380000,0.760000,-0.620000,-44.927536,-0.620000,-44.927536,-0.720000,-52.173913,-0.820000,-59.420290
E3,2024-08-19,557.000000,557.140000,0.650000,810,2.450000,959,0.560000,810,0.010000,959,1.210000,2.460000,1.250000,103.305785,1.250000,103.305785,1.150000,95.041322,1.050000,86.776860
E3,2024-08-20,558.000000,558.095000,0.850000,810,0.670000,959,0.740000,810,0.030000,959,1.590000,0.700000,-0.890000,-55.974843,-0.890000,-55.974843,-0.990000,-62.264151,-1.090000,-68.553459
E3,2024-08-21,560.000000,560.190000,0.890000,810,0.690000,959,0.730000,810,0.030000,959,1.620000,0.720000,-0.900000,-55.555556,-0.900000,-55.555556,-1.000000,-61.728395,-1.100000,-67.901235
E3,2024-08-22,557.000000,557.450000,1.190000,810,0.070000,959,0.770000,810,0.700000,959,1.960000,0.770000,-1.190000,-60.714286,-1.190000,-60.714286,-1.290000,-65.816327,-1.390000,-70.918367
E3,2024-08-23,560.000000,560.370000,1.130000,810,2.200000,959,0.760000,810,0.010000,959,1.890000,2.210000,0.320000,16.931217,0.320000,16.931217,0.220000,11.640212,0.120000,6.349206
E3,2024-08-26,561.000000,561.100000,0.770000,810,0.120000,959,0.730000,810,0.360000,959,1.500000,0.480000,-1.020000,-68.000000,-1.020000,-68.000000,-1.120000,-74.666667,-1.220000,-81.333333
E3,2024-08-27,562.000000,561.950000,0.600000,810,0.060000,959,0.680000,810,0.370000,959,1.280000,0.430000,-0.850000,-66.406250,-0.850000,-66.406250,-0.950000,-74.218750,-1.050000,-82.031250
E3,2024-08-28,558.000000,557.910000,1.830000,810,1.810000,959,1.880000,810,1.580000,959,3.710000,3.390000,-0.320000,-8.625337,-0.320000,-8.625337,-0.420000,-11.320755,-0.520000,-14.016173
E3,2024-08-29,562.000000,562.400000,1.030000,810,0.010000,959,0.600000,810,3.650000,959,1.630000,3.660000,2.030000,124.539877,2.030000,124.539877,1.930000,118.404908,1.830000,112.269939
E3,2024-08-30,559.000000,558.940000,0.890000,810,4.500000,959,0.910000,810,0.010000,959,1.800000,4.510000,2.710000,150.555556,2.710000,150.555556,2.610000,145.000000,2.510000,139.444444
E3,2024-09-03,556.000000,555.530000,0.810000,810,0.010000,959,1.240000,810,3.830000,959,2.050000,3.840000,1.790000,87.317073,1.790000,87.317073,1.690000,82.439024,1.590000,77.560976
E3,2024-09-04,551.000000,551.150000,1.100000,810,0.260000,959,0.860000,810,0.430000,959,1.960000,0.690000,-1.270000,-64.795918,-1.270000,-64.795918,-1.370000,-69.897959,-1.470000,-75.000000
E3,2024-09-05,548.000000,547.930000,1.030000,810,1.490000,959,1.070000,810,0.060000,959,2.100000,1.550000,-0.550000,-26.190476,-0.550000,-26.190476,-0.650000,-30.952381,-0.750000,-35.714286
E3,2024-09-06,541.000000,540.650000,1.160000,810,0.280000,959,1.410000,810,0.820000,959,2.570000,1.100000,-1.470000,-57.198444,-1.470000,-57.198444,-1.570000,-61.089494,-1.670000,-64.980545
E3,2024-09-09,547.000000,547.120000,0.950000,810,0.110000,959,0.940000,810,0.650000,959,1.890000,0.760000,-1.130000,-59.788360,-1.130000,-59.788360,-1.230000,-65.079365,-1.330000,-70.370370
E3,2024-09-10,546.000000,546.370000,1.190000,810,2.760000,959,0.730000,810,0.010000,959,1.920000,2.770000,0.850000,44.270833,0.850000,44.270833,0.750000,39.062500,0.650000,33.854167
E3,2024-09-11,549.000000,549.100000,1.120000,810,5.270000,959,1.070000,810,0.020000,959,2.190000,5.290000,3.100000,141.552511,3.100000,141.552511,3.000000,136.986301,2.900000,132.420091
E3,2024-09-12,558.000000,557.900000,1.010000,810,1.100000,959,1.100000,810,0.060000,959,2.110000,1.160000,-0.950000,-45.023697,-0.950000,-45.023697,-1.050000,-49.763033,-1.150000,-54.502370
E3,2024-09-16,562.000000,561.640000,0.570000,810,0.880000,959,0.900000,810,0.020000,959,1.470000,0.900000,-0.570000,-38.775510,-0.570000,-38.775510,-0.670000,-45.578231,-0.770000,-52.380952
E3,2024-09-17,563.000000,562.815000,0.970000,810,0.330000,959,0.890000,810,0.190000,959,1.860000,0.520000,-1.340000,-72.043011,-1.340000,-72.043011,-1.440000,-77.419355,-1.540000,-82.795699
E3,2024-09-19,572.000000,572.020000,0.840000,810,0.060000,959,0.860000,810,1.180000,959,1.700000,1.240000,-0.460000,-27.058824,-0.460000,-27.058824,-0.560000,-32.941176,-0.660000,-38.823529
E3,2024-09-20,568.000000,568.340000,0.970000,810,0.310000,959,0.670000,810,0.260000,959,1.640000,0.570000,-1.070000,-65.243902,-1.070000,-65.243902,-1.170000,-71.341463,-1.270000,-77.439024
E3,2024-09-23,569.000000,568.880000,0.570000,810,0.560000,959,0.770000,810,0.030000,959,1.340000,0.590000,-0.750000,-55.970149,-0.750000,-55.970149,-0.850000,-63.432836,-0.950000,-70.895522
E3,2024-09-25,570.000000,569.855000,0.610000,810,0.280000,959,0.750000,810,0.300000,959,1.360000,0.580000,-0.780000,-57.352941,-0.780000,-57.352941,-0.880000,-64.705882,-0.980000,-72.058824
E3,2024-09-26,571.000000,571.160000,0.840000,810,1.220000,959,0.580000,810,0.020000,959,1.420000,1.240000,-0.180000,-12.676056,-0.180000,-12.676056,-0.280000,-19.718310,-0.380000,-26.760563
E3,2024-09-27,572.000000,571.845000,0.600000,810,0.030000,959,0.730000,810,0.640000,959,1.330000,0.670000,-0.660000,-49.624060,-0.660000,-49.624060,-0.760000,-57.142857,-0.860000,-64.661654
E3,2024-09-30,571.000000,571.190000,0.930000,810,2.640000,959,0.750000,810,0.020000,959,1.680000,2.660000,0.980000,58.333333,0.980000,58.333333,0.880000,52.380952,0.780000,46.428571
E3,2024-10-01,567.000000,566.575000,1.040000,810,1.630000,959,1.480000,810,0.010000,959,2.520000,1.640000,-0.880000,-34.920635,-0.880000,-34.920635,-0.980000,-38.888889,-1.080000,-42.857143
E3,2024-10-03,567.000000,566.840000,1.020000,810,0.790000,959,1.150000,810,0.070000,959,2.170000,0.860000,-1.310000,-60.368664,-1.310000,-60.368664,-1.410000,-64.976959,-1.510000,-69.585253
E3,2024-10-04,571.000000,571.100000,1.000000,810,1.950000,959,0.860000,810,0.020000,959,1.860000,1.970000,0.110000,5.913978,0.110000,5.913978,0.010000,0.537634,-0.090000,-4.838710
E3,2024-10-07,570.000000,570.270000,1.010000,810,0.010000,959,0.680000,810,2.220000,959,1.690000,2.230000,0.540000,31.952663,0.540000,31.952663,0.440000,26.035503,0.340000,20.118343
E3,2024-10-08,571.000000,571.145000,0.910000,810,2.050000,959,0.720000,810,0.010000,959,1.630000,2.060000,0.430000,26.380368,0.430000,26.380368,0.330000,20.245399,0.230000,14.110429
E3,2024-10-09,576.000000,576.355000,1.000000,810,1.180000,959,0.680000,810,0.030000,959,1.680000,1.210000,-0.470000,-27.976190,-0.470000,-27.976190,-0.570000,-33.928571,-0.670000,-39.880952
E3,2024-10-10,576.000000,576.500000,1.040000,810,0.280000,959,0.540000,810,0.180000,959,1.580000,0.460000,-1.120000,-70.886076,-1.120000,-70.886076,-1.220000,-77.215190,-1.320000,-83.544304
E3,2024-10-11,579.000000,578.945000,0.640000,810,0.580000,959,0.680000,810,0.040000,959,1.320000,0.620000,-0.700000,-53.030303,-0.700000,-53.030303,-0.800000,-60.606061,-0.900000,-68.181818
E3,2024-10-15,581.000000,581.060000,0.710000,810,0.010000,959,0.660000,810,0.960000,959,1.370000,0.970000,-0.400000,-29.197080,-0.400000,-29.197080,-0.500000,-36.496350,-0.600000,-43.795620
E3,2024-10-17,584.000000,584.270000,0.780000,810,0.020000,959,0.510000,810,1.570000,959,1.290000,1.590000,0.300000,23.255814,0.300000,23.255814,0.200000,15.503876,0.100000,7.751938
E3,2024-10-21,583.000000,582.930000,0.500000,810,0.710000,959,0.570000,810,0.020000,959,1.070000,0.730000,-0.340000,-31.775701,-0.340000,-31.775701,-0.440000,-41.121495,-0.540000,-50.467290
E3,2024-10-22,583.000000,582.790000,0.400000,810,0.400000,959,0.640000,810,0.050000,959,1.040000,0.450000,-0.590000,-56.730769,-0.590000,-56.730769,-0.690000,-66.346154,-0.790000,-75.961538
E3,2024-10-24,579.000000,579.100000,0.700000,810,0.300000,959,0.680000,810,0.100000,959,1.380000,0.400000,-0.980000,-71.014493,-0.980000,-71.014493,-1.080000,-78.260870,-1.180000,-85.507246
E3,2024-10-25,580.000000,580.250000,1.090000,810,0.020000,959,0.820000,810,0.950000,959,1.910000,0.970000,-0.940000,-49.214660,-0.940000,-49.214660,-1.040000,-54.450262,-1.140000,-59.685864
E3,2024-10-28,581.000000,581.370000,0.900000,810,0.080000,959,0.430000,810,0.310000,959,1.330000,0.390000,-0.940000,-70.676692,-0.940000,-70.676692,-1.040000,-78.195489,-1.140000,-85.714286
E3,2024-10-30,581.000000,581.410000,1.210000,810,0.450000,959,0.740000,810,1.640000,959,1.950000,2.090000,0.140000,7.179487,0.140000,7.179487,0.040000,2.051282,-0.060000,-3.076923
E3,2024-10-31,571.000000,571.020000,1.280000,810,0.130000,959,1.250000,810,2.500000,959,2.530000,2.630000,0.100000,3.952569,0.100000,3.952569,-0.000000,-0.000000,-0.100000,-3.952569
E3,2024-11-01,573.000000,573.450000,1.120000,810,0.010000,959,0.680000,810,1.980000,959,1.800000,1.990000,0.190000,10.555556,0.190000,10.555556,0.090000,5.000000,-0.010000,-0.555556
E3,2024-11-04,570.000000,570.430000,1.110000,810,0.120000,959,0.670000,810,0.320000,959,1.780000,0.440000,-1.340000,-75.280899,-1.340000,-75.280899,-1.440000,-80.898876,-1.540000,-86.516854
E3,2024-11-05,575.000000,575.395000,1.060000,810,1.550000,959,0.740000,810,0.020000,959,1.800000,1.570000,-0.230000,-12.777778,-0.230000,-12.777778,-0.330000,-18.333333,-0.430000,-23.888889
E3,2024-11-06,590.000000,590.260000,0.920000,810,1.160000,959,0.710000,810,0.030000,959,1.630000,1.190000,-0.440000,-26.993865,-0.440000,-26.993865,-0.540000,-33.128834,-0.640000,-39.263804
E3,2024-11-08,598.000000,598.260000,0.660000,810,0.350000,959,0.420000,810,0.090000,959,1.080000,0.440000,-0.640000,-59.259259,-0.640000,-59.259259,-0.740000,-68.518519,-0.840000,-77.777778
E3,2024-11-11,598.000000,597.720000,0.410000,810,0.860000,959,0.690000,810,0.020000,959,1.100000,0.880000,-0.220000,-20.000000,-0.220000,-20.000000,-0.320000,-29.090909,-0.420000,-38.181818
E3,2024-11-12,596.000000,595.990000,0.700000,810,0.910000,959,0.680000,810,0.010000,959,1.380000,0.920000,-0.460000,-33.333333,-0.460000,-33.333333,-0.560000,-40.579710,-0.660000,-47.826087
E3,2024-11-13,599.000000,598.890000,0.490000,810,0.010000,959,0.610000,810,1.890000,959,1.100000,1.900000,0.800000,72.727273,0.800000,72.727273,0.700000,63.636364,0.600000,54.545455
E3,2024-11-14,595.000000,595.125000,0.780000,810,0.010000,959,0.690000,810,1.600000,959,1.470000,1.610000,0.140000,9.523810,0.140000,9.523810,0.040000,2.721088,-0.060000,-4.081633
E3,2024-11-15,585.000000,585.270000,0.910000,810,0.760000,959,0.670000,810,0.080000,959,1.580000,0.840000,-0.740000,-46.835443,-0.740000,-46.835443,-0.840000,-53.164557,-0.940000,-59.493671
E3,2024-11-18,588.000000,588.100000,0.620000,810,0.230000,959,0.570000,810,0.080000,959,1.190000,0.310000,-0.880000,-73.949580,-0.880000,-73.949580,-0.980000,-82.352941,-1.080000,-90.756303
E3,2024-11-19,589.000000,589.475000,0.850000,810,1.380000,959,0.400000,810,0.010000,959,1.250000,1.390000,0.140000,11.200000,0.140000,11.200000,0.040000,3.200000,-0.060000,-4.800000
E3,2024-11-20,587.000000,587.480000,1.770000,810,3.560000,959,1.300000,810,0.340000,959,3.070000,3.900000,0.830000,27.035831,0.830000,27.035831,0.730000,23.778502,0.630000,20.521173
E3,2024-11-21,595.000000,594.580000,0.630000,810,0.020000,959,1.030000,810,1.410000,959,1.660000,1.430000,-0.230000,-13.855422,-0.230000,-13.855422,-0.330000,-19.879518,-0.430000,-25.903614
E3,2024-11-22,596.000000,595.720000,0.530000,810,0.010000,959,0.800000,810,0.480000,959,1.330000,0.490000,-0.840000,-63.157895,-0.840000,-63.157895,-0.940000,-70.676692,-1.040000,-78.195489
E3,2024-11-26,600.000000,599.875000,0.430000,810,0.980000,959,0.580000,810,0.010000,959,1.010000,0.990000,-0.020000,-1.980198,-0.020000,-1.980198,-0.120000,-11.881188,-0.220000,-21.782178
E3,2024-11-27,599.000000,598.550000,0.330000,810,0.040000,959,0.770000,810,0.290000,959,1.100000,0.330000,-0.770000,-70.000000,-0.770000,-70.000000,-0.870000,-79.090909,-0.970000,-88.181818
E3,2024-12-02,603.000000,603.500000,0.740000,810,0.630000,959,0.250000,810,0.010000,959,0.990000,0.640000,-0.350000,-35.353535,-0.350000,-35.353535,-0.450000,-45.454545,-0.550000,-55.555556
E3,2024-12-03,604.000000,603.595000,0.240000,810,0.080000,959,0.660000,810,0.240000,959,0.900000,0.320000,-0.580000,-64.444444,-0.580000,-64.444444,-0.680000,-75.555556,-0.780000,-86.666667
E3,2024-12-04,606.000000,605.590000,0.410000,810,1.650000,959,0.800000,810,0.010000,959,1.210000,1.660000,0.450000,37.190083,0.450000,37.190083,0.350000,28.925620,0.250000,20.661157
E3,2024-12-05,607.000000,607.270000,0.590000,810,0.030000,959,0.470000,810,0.400000,959,1.060000,0.430000,-0.630000,-59.433962,-0.630000,-59.433962,-0.730000,-68.867925,-0.830000,-78.301887
E3,2024-12-06,608.000000,607.965000,0.400000,810,0.040000,959,0.420000,810,0.220000,959,0.820000,0.260000,-0.560000,-68.292683,-0.560000,-68.292683,-0.660000,-80.487805,-0.760000,-92.682927
E3,2024-12-09,606.000000,605.720000,0.280000,810,0.010000,959,0.540000,810,1.300000,959,0.820000,1.310000,0.490000,59.756098,0.490000,59.756098,0.390000,47.560976,0.290000,35.365854
E3,2024-12-11,608.000000,608.380000,0.620000,810,0.020000,959,0.270000,810,0.460000,959,0.890000,0.480000,-0.410000,-46.067416,-0.410000,-46.067416,-0.510000,-57.303371,-0.610000,-68.539326
E3,2024-12-12,607.000000,606.550000,0.350000,810,0.010000,959,0.830000,810,2.560000,959,1.180000,2.570000,1.390000,117.796610,1.390000,117.796610,1.290000,109.322034,1.190000,100.847458
E3,2024-12-16,608.000000,607.745000,0.230000,810,0.010000,959,0.510000,810,0.700000,959,0.740000,0.710000,-0.030000,-4.054054,-0.030000,-4.054054,-0.130000,-17.567568,-0.230000,-31.081081
E3,2024-12-17,604.000000,604.225000,0.590000,810,0.270000,959,0.380000,810,0.060000,959,0.970000,0.330000,-0.640000,-65.979381,-0.640000,-65.979381,-0.740000,-76.288660,-0.840000,-86.597938
E3,2024-12-19,589.000000,589.255000,1.280000,810,0.010000,959,0.990000,810,2.820000,959,2.270000,2.830000,0.560000,24.669604,0.560000,24.669604,0.460000,20.264317,0.360000,15.859031
E3,2024-12-20,592.000000,592.330000,1.510000,810,0.100000,959,1.160000,810,1.200000,959,2.670000,1.300000,-1.370000,-51.310861,-1.370000,-51.310861,-1.470000,-55.056180,-1.570000,-58.801498
E3,2024-12-26,602.000000,601.630000,0.480000,810,0.010000,959,0.780000,810,0.760000,959,1.260000,0.770000,-0.490000,-38.888889,-0.490000,-38.888889,-0.590000,-46.825397,-0.690000,-54.761905
E3,2024-12-27,592.500000,592.530000,1.040000,810,2.460000,959,0.990000,810,0.020000,959,2.030000,2.480000,0.450000,22.167488,0.450000,22.167488,0.350000,17.241379,0.250000,12.315271
E3,2024-12-30,590.000000,590.390000,1.380000,810,0.010000,959,0.960000,810,1.750000,959,2.340000,1.760000,-0.580000,-24.786325,-0.580000,-24.786325,-0.680000,-29.059829,-0.780000,-33.333333
E3,2024-12-31,585.000000,585.245000,1.430000,810,1.160000,959,1.170000,810,0.050000,959,2.600000,1.210000,-1.390000,-53.461538,-1.390000,-53.461538,-1.490000,-57.307692,-1.590000,-61.153846
E3,2025-01-02,582.000000,582.020000,1.170000,810,2.080000,959,1.630000,810,0.010000,959,2.800000,2.090000,-0.710000,-25.357143,-0.710000,-25.357143,-0.810000,-28.928571,-0.910000,-32.500000
E3,2025-01-03,591.000000,591.450000,1.030000,810,0.800000,959,0.560000,810,0.030000,959,1.590000,0.830000,-0.760000,-47.798742,-0.760000,-47.798742,-0.860000,-54.088050,-0.960000,-60.377358
E3,2025-01-06,597.000000,597.340000,0.930000,810,0.020000,959,0.560000,810,1.740000,959,1.490000,1.760000,0.270000,18.120805,0.270000,18.120805,0.170000,11.409396,0.070000,4.697987
E3,2025-01-07,592.000000,591.870000,0.860000,810,0.010000,959,1.020000,810,3.300000,959,1.880000,3.310000,1.430000,76.063830,1.430000,76.063830,1.330000,70.744681,1.230000,65.425532
E3,2025-01-08,589.000000,588.910000,1.090000,810,0.440000,959,1.180000,810,0.140000,959,2.270000,0.580000,-1.690000,-74.449339,-1.690000,-74.449339,-1.790000,-78.854626,-1.890000,-83.259912
E3,2025-01-10,583.000000,582.850000,0.930000,810,0.010000,959,1.230000,810,2.470000,959,2.160000,2.480000,0.320000,14.814815,0.320000,14.814815,0.220000,10.185185,0.120000,5.555556
E3,2025-01-13,580.000000,579.870000,0.930000,810,1.540000,959,1.070000,810,0.020000,959,2.000000,1.560000,-0.440000,-22.000000,-0.440000,-22.000000,-0.540000,-27.000000,-0.640000,-32.000000
E3,2025-01-14,582.000000,581.960000,0.930000,810,0.320000,959,1.010000,810,0.150000,959,1.940000,0.470000,-1.470000,-75.773196,-1.470000,-75.773196,-1.570000,-80.927835,-1.670000,-86.082474
E3,2025-01-15,592.000000,592.410000,1.080000,810,0.750000,959,0.670000,810,0.020000,959,1.750000,0.770000,-0.980000,-56.000000,-0.980000,-56.000000,-1.080000,-61.714286,-1.180000,-67.428571
E3,2025-01-16,592.000000,592.130000,0.930000,810,0.100000,959,0.770000,810,0.410000,959,1.700000,0.510000,-1.190000,-70.000000,-1.190000,-70.000000,-1.290000,-75.882353,-1.390000,-81.764706
E3,2025-01-17,599.000000,599.000000,0.710000,810,0.010000,959,0.710000,810,1.400000,959,1.420000,1.410000,-0.010000,-0.704225,-0.010000,-0.704225,-0.110000,-7.746479,-0.210000,-14.788732
E3,2025-01-21,603.000000,602.590000,0.490000,810,0.270000,959,0.930000,810,0.380000,959,1.420000,0.650000,-0.770000,-54.225352,-0.770000,-54.225352,-0.870000,-61.267606,-0.970000,-68.309859
E3,2025-01-22,607.000000,607.160000,0.650000,810,0.020000,959,0.470000,810,0.630000,959,1.120000,0.650000,-0.470000,-41.964286,-0.470000,-41.964286,-0.570000,-50.892857,-0.670000,-59.821429
E3,2025-01-23,608.000000,608.070000,0.550000,810,1.660000,959,0.460000,810,0.010000,959,1.010000,1.670000,0.660000,65.346535,0.660000,65.346535,0.560000,55.445545,0.460000,45.544554
E3,2025-01-24,609.000000,608.510000,0.380000,810,0.010000,959,0.800000,810,1.190000,959,1.180000,1.200000,0.020000,1.694915,0.020000,1.694915,-0.080000,-6.779661,-0.180000,-15.254237
E3,2025-01-27,596.000000,596.345000,1.150000,810,3.070000,959,0.860000,810,0.010000,959,2.010000,3.080000,1.070000,53.233831,1.070000,53.233831,0.970000,48.258706,0.870000,43.283582
E3,2025-01-28,604.000000,604.360000,0.920000,810,0.620000,959,0.580000,810,0.060000,959,1.500000,0.680000,-0.820000,-54.666667,-0.820000,-54.666667,-0.920000,-61.333333,-1.020000,-68.000000
E3,2025-01-30,604.000000,604.015000,1.010000,810,1.110000,959,0.930000,810,0.250000,959,1.940000,1.360000,-0.580000,-29.896907,-0.580000,-29.896907,-0.680000,-35.051546,-0.780000,-40.206186
E3,2025-01-31,606.000000,606.470000,1.420000,810,0.010000,959,0.900000,810,4.100000,959,2.320000,4.110000,1.790000,77.155172,1.790000,77.155172,1.690000,72.844828,1.590000,68.534483
E3,2025-02-03,598.000000,597.790000,1.210000,810,0.250000,959,1.420000,810,0.610000,959,2.630000,0.860000,-1.770000,-67.300380,-1.770000,-67.300380,-1.870000,-71.102662,-1.970000,-74.904943
E3,2025-02-04,601.000000,601.180000,1.150000,810,1.150000,959,0.970000,810,0.370000,959,2.120000,1.520000,-0.600000,-28.301887,-0.600000,-28.301887,-0.700000,-33.018868,-0.800000,-37.735849
E3,2025-02-05,603.000000,602.630000,0.500000,810,1.100000,959,0.850000,810,0.010000,959,1.350000,1.110000,-0.240000,-17.777778,-0.240000,-17.777778,-0.340000,-25.185185,-0.440000,-32.592593
E3,2025-02-07,603.000000,603.380000,1.220000,810,0.010000,959,0.840000,810,2.080000,959,2.060000,2.090000,0.030000,1.456311,0.030000,1.456311,-0.070000,-3.398058,-0.170000,-8.252427
E3,2025-02-10,605.000000,604.715000,0.500000,810,0.090000,959,0.770000,810,0.280000,959,1.270000,0.370000,-0.900000,-70.866142,-0.900000,-70.866142,-1.000000,-78.740157,-1.100000,-86.614173
E3,2025-02-11,604.000000,604.215000,0.690000,810,1.250000,959,0.470000,810,0.010000,959,1.160000,1.260000,0.100000,8.620690,0.100000,8.620690,0.000000,0.000000,-0.100000,-8.620690
E3,2025-02-12,604.000000,603.680000,0.550000,810,0.020000,959,0.790000,810,0.660000,959,1.340000,0.680000,-0.660000,-49.253731,-0.660000,-49.253731,-0.760000,-56.716418,-0.860000,-64.179104
E3,2025-02-13,606.000000,606.480000,1.090000,810,3.610000,959,0.830000,810,0.010000,959,1.920000,3.620000,1.700000,88.541667,1.700000,88.541667,1.600000,83.333333,1.500000,78.125000
E3,2025-02-14,610.000000,610.110000,0.690000,810,0.040000,959,0.620000,810,0.400000,959,1.310000,0.440000,-0.870000,-66.412214,-0.870000,-66.412214,-0.970000,-74.045802,-1.070000,-81.679389
E3,2025-02-18,610.000000,609.665000,0.440000,810,1.300000,959,0.770000,810,0.020000,959,1.210000,1.320000,0.110000,9.090909,0.110000,9.090909,0.010000,0.826446,-0.090000,-7.438017
E3,2025-02-19,612.000000,611.830000,0.490000,810,0.880000,959,0.640000,810,0.020000,959,1.130000,0.900000,-0.230000,-20.353982,-0.230000,-20.353982,-0.330000,-29.203540,-0.430000,-38.053097
E3,2025-02-20,608.000000,607.950000,0.750000,810,2.360000,959,0.760000,810,0.010000,959,1.510000,2.370000,0.860000,56.953642,0.860000,56.953642,0.760000,50.331126,0.660000,43.708609
E3,2025-02-21,602.000000,602.050000,1.250000,810,0.010000,959,1.200000,810,1.990000,959,2.450000,2.000000,-0.450000,-18.367347,-0.450000,-18.367347,-0.550000,-22.448980,-0.650000,-26.530612
E3,2025-02-24,601.000000,601.435000,0.980000,810,0.010000,959,0.600000,810,3.730000,959,1.580000,3.740000,2.160000,136.708861,2.160000,136.708861,2.060000,130.379747,1.960000,124.050633
E3,2025-02-25,594.000000,593.770000,0.970000,810,0.360000,959,1.290000,810,0.150000,959,2.260000,0.510000,-1.750000,-77.433628,-1.750000,-77.433628,-1.850000,-81.858407,-1.950000,-86.283186
E3,2025-02-26,594.000000,594.350000,1.960000,810,1.560000,959,1.630000,810,1.110000,959,3.590000,2.670000,-0.920000,-25.626741,-0.920000,-25.626741,-1.020000,-28.412256,-1.120000,-31.197772
E3,2025-02-27,595.000000,594.695000,1.050000,810,0.010000,956,1.350000,810,9.870000,959,2.400000,9.880000,7.480000,311.666667,7.480000,311.666667,7.380000,307.500000,7.280000,303.333333
E3,2025-02-28,585.000000,584.860000,1.630000,810,8.770000,959,1.720000,810,0.010000,959,3.350000,8.780000,5.430000,162.089552,5.430000,162.089552,5.330000,159.104478,5.230000,156.119403
E3,2025-03-03,589.000000,588.640000,1.460000,810,0.010000,959,1.760000,810,5.190000,959,3.220000,5.200000,1.980000,61.490683,1.980000,61.490683,1.880000,58.385093,1.780000,55.279503
E3,2025-03-04,577.000000,577.240000,1.760000,810,0.460000,959,1.660000,810,0.680000,959,3.420000,1.140000,-2.280000,-66.666667,-2.280000,-66.666667,-2.380000,-69.590643,-2.480000,-72.514620
E3,2025-03-05,579.000000,579.030000,2.060000,810,4.250000,959,2.170000,810,0.010000,959,4.230000,4.260000,0.030000,0.709220,0.030000,0.709220,-0.070000,-1.654846,-0.170000,-4.018913
E3,2025-03-06,573.000000,572.940000,2.000000,810,0.620000,959,2.170000,810,0.850000,959,4.170000,1.470000,-2.700000,-64.748201,-2.700000,-64.748201,-2.800000,-67.146283,-2.900000,-69.544365
E3,2025-03-07,573.000000,572.850000,2.100000,810,3.010000,959,2.340000,810,0.020000,959,4.440000,3.030000,-1.410000,-31.756757,-1.410000,-31.756757,-1.510000,-34.009009,-1.610000,-36.261261
E3,2025-03-11,553.000000,552.630000,1.810000,810,4.120000,958,2.160000,810,0.020000,959,3.970000,4.140000,0.170000,4.282116,0.170000,4.282116,0.070000,1.763224,-0.030000,-0.755668
E3,2025-03-12,561.000000,561.455000,1.930000,810,0.030000,959,1.450000,810,2.130000,959,3.380000,2.160000,-1.220000,-36.094675,-1.220000,-36.094675,-1.320000,-39.053254,-1.420000,-42.011834
E3,2025-03-13,551.000000,551.090000,1.780000,810,0.690000,959,1.870000,810,0.220000,959,3.650000,0.910000,-2.740000,-75.068493,-2.740000,-75.068493,-2.840000,-77.808219,-2.940000,-80.547945
E3,2025-03-14,562.000000,561.660000,1.080000,810,0.890000,959,1.420000,810,0.120000,959,2.500000,1.010000,-1.490000,-59.600000,-1.490000,-59.600000,-1.590000,-63.600000,-1.690000,-67.600000
E3,2025-03-17,566.000000,565.780000,0.840000,810,1.080000,959,1.090000,810,0.020000,959,1.930000,1.100000,-0.830000,-43.005181,-0.830000,-43.005181,-0.930000,-48.186528,-1.030000,-53.367876
E3,2025-03-18,560.000000,560.280000,1.530000,810,1.050000,959,1.250000,810,0.040000,959,2.780000,1.090000,-1.690000,-60.791367,-1.690000,-60.791367,-1.790000,-64.388489,-1.890000,-67.985612
E3,2025-03-20,565.000000,565.100000,1.350000,810,0.880000,959,1.190000,810,0.100000,959,2.540000,0.980000,-1.560000,-61.417323,-1.560000,-61.417323,-1.660000,-65.354331,-1.760000,-69.291339
E3,2025-03-21,562.000000,561.980000,1.290000,810,2.230000,959,1.260000,810,0.010000,959,2.550000,2.240000,-0.310000,-12.156863,-0.310000,-12.156863,-0.410000,-16.078431,-0.510000,-20.000000
E3,2025-03-24,573.000000,573.220000,0.950000,810,1.000000,959,0.670000,810,0.030000,959,1.620000,1.030000,-0.590000,-36.419753,-0.590000,-36.419753,-0.690000,-42.592593,-0.790000,-48.765432
E3,2025-03-25,574.000000,574.400000,0.960000,810,1.300000,959,0.570000,810,0.010000,959,1.530000,1.310000,-0.220000,-14.379085,-0.220000,-14.379085,-0.320000,-20.915033,-0.420000,-27.450980
E3,2025-03-26,569.000000,568.835000,1.200000,810,0.420000,959,1.380000,810,0.630000,959,2.580000,1.050000,-1.530000,-59.302326,-1.530000,-59.302326,-1.630000,-63.178295,-1.730000,-67.054264
E3,2025-03-27,567.000000,567.250000,1.220000,810,0.250000,959,0.970000,810,0.280000,959,2.190000,0.530000,-1.660000,-75.799087,-1.660000,-75.799087,-1.760000,-80.365297,-1.860000,-84.931507
E3,2025-03-28,555.000000,555.320000,1.440000,810,0.810000,959,1.050000,810,0.090000,959,2.490000,0.900000,-1.590000,-63.855422,-1.590000,-63.855422,-1.690000,-67.871486,-1.790000,-71.887550
E3,2025-03-31,554.000000,553.510000,1.160000,810,4.540000,959,1.770000,810,0.010000,959,2.930000,4.550000,1.620000,55.290102,1.620000,55.290102,1.520000,51.877133,1.420000,48.464164
E3,2025-04-01,560.000000,559.620000,0.970000,810,1.120000,959,1.260000,810,0.040000,959,2.230000,1.160000,-1.070000,-47.982063,-1.070000,-47.982063,-1.170000,-52.466368,-1.270000,-56.950673
E3,2025-04-02,566.000000,565.820000,2.190000,810,1.290000,959,2.380000,810,2.480000,959,4.570000,3.770000,-0.800000,-17.505470,-0.800000,-17.505470,-0.900000,-19.693654,-1.000000,-21.881838
E3,2025-04-03,542.000000,542.220000,2.030000,810,0.010000,959,1.800000,810,4.610000,959,3.830000,4.620000,0.790000,20.626632,0.790000,20.626632,0.690000,18.015666,0.590000,15.404700
E3,2025-04-04,510.000000,510.480000,3.020000,810,0.040000,959,2.530000,810,4.410000,959,5.550000,4.450000,-1.100000,-19.819820,-1.100000,-19.819820,-1.200000,-21.621622,-1.300000,-23.423423
E3,2025-04-07,502.000000,504.680000,6.150000,810,3.030000,959,3.380000,810,0.400000,959,9.530000,3.430000,-6.100000,-64.008395,-6.100000,-64.008395,-6.200000,-65.057712,-6.300000,-66.107030
E3,2025-04-08,507.000000,502.580000,1.930000,810,0.010000,959,6.650000,810,9.670000,959,8.580000,9.680000,1.100000,12.820513,1.100000,12.820513,1.000000,11.655012,0.900000,10.489510
E3,2025-04-09,508.000000,525.150000,16.390000,810,35.910000,959,1.300000,810,0.020000,959,17.690000,35.930000,18.240000,103.109101,18.240000,103.109101,18.140000,102.543810,18.040000,101.978519
E3,2025-04-10,519.000000,518.780000,4.760000,810,5.700000,959,4.980000,810,0.050000,959,9.740000,5.750000,-3.990000,-40.965092,-3.990000,-40.965092,-4.090000,-41.991786,-4.190000,-43.018480
E3,2025-04-11,530.000000,529.960000,3.180000,810,3.850000,959,3.150000,810,0.020000,959,6.330000,3.870000,-2.460000,-38.862559,-2.460000,-38.862559,-2.560000,-40.442338,-2.660000,-42.022117
E3,2025-04-14,538.000000,537.765000,1.810000,810,0.950000,959,2.180000,810,0.160000,959,3.990000,1.110000,-2.880000,-72.180451,-2.880000,-72.180451,-2.980000,-74.686717,-3.080000,-77.192982
E3,2025-04-15,539.000000,538.590000,1.360000,810,0.100000,959,1.730000,810,1.460000,959,3.090000,1.560000,-1.530000,-49.514563,-1.530000,-49.514563,-1.630000,-52.750809,-1.730000,-55.987055
E3,2025-04-16,531.000000,530.630000,1.680000,810,0.040000,959,2.220000,810,5.000000,958,3.900000,5.040000,1.140000,29.230769,1.140000,29.230769,1.040000,26.666667,0.940000,24.102564
E3,2025-04-17,528.000000,528.040000,1.700000,810,0.070000,959,1.930000,810,1.730000,959,3.630000,1.800000,-1.830000,-50.413223,-1.830000,-50.413223,-1.930000,-53.168044,-2.030000,-55.922865
E3,2025-04-21,510.000000,510.145000,1.800000,810,3.980000,959,1.500000,810,0.010000,959,3.300000,3.990000,0.690000,20.909091,0.690000,20.909091,0.590000,17.878788,0.490000,14.848485
E3,2025-04-22,522.000000,522.410000,2.100000,810,4.960000,959,1.720000,810,0.010000,959,3.820000,4.970000,1.150000,30.104712,1.150000,30.104712,1.050000,27.486911,0.950000,24.869110
E3,2025-04-23,538.000000,538.450000,2.230000,810,0.060000,959,1.640000,810,2.840000,959,3.870000,2.900000,-0.970000,-25.064599,-0.970000,-25.064599,-1.070000,-27.648579,-1.170000,-30.232558
E3,2025-04-24,545.000000,545.490000,2.100000,810,1.760000,959,1.580000,810,0.340000,959,3.680000,2.100000,-1.580000,-42.934783,-1.580000,-42.934783,-1.680000,-45.652174,-1.780000,-48.369565
E3,2025-04-25,550.000000,550.400000,1.440000,810,0.660000,959,1.070000,810,0.190000,959,2.510000,0.850000,-1.660000,-66.135458,-1.660000,-66.135458,-1.760000,-70.119522,-1.860000,-74.103586
E3,2025-04-28,545.000000,545.200000,1.460000,810,6.070000,959,1.210000,810,0.010000,959,2.670000,6.080000,3.410000,127.715356,3.410000,127.715356,3.310000,123.970037,3.210000,120.224719
E3,2025-04-29,553.000000,552.710000,1.020000,810,1.260000,959,1.290000,810,0.070000,959,2.310000,1.330000,-0.980000,-42.424242,-0.980000,-42.424242,-1.080000,-46.753247,-1.180000,-51.082251
E3,2025-04-30,550.000000,549.875000,1.530000,810,4.430000,959,1.720000,810,0.070000,959,3.250000,4.500000,1.250000,38.461538,1.250000,38.461538,1.150000,35.384615,1.050000,32.307692
E3,2025-05-01,561.000000,561.300000,1.660000,810,0.160000,959,1.380000,810,2.700000,959,3.040000,2.860000,-0.180000,-5.921053,-0.180000,-5.921053,-0.280000,-9.210526,-0.380000,-12.500000
E3,2025-05-02,567.000000,566.580000,0.880000,810,0.120000,959,1.190000,810,0.500000,959,2.070000,0.620000,-1.450000,-70.048309,-1.450000,-70.048309,-1.550000,-74.879227,-1.650000,-79.710145
E3,2025-05-08,569.000000,569.160000,1.200000,810,0.020000,959,1.010000,810,4.320000,959,2.210000,4.340000,2.130000,96.380090,2.130000,96.380090,2.030000,91.855204,1.930000,87.330317
E3,2025-05-09,564.000000,564.020000,0.950000,810,0.330000,959,1.280000,810,0.180000,959,2.230000,0.510000,-1.720000,-77.130045,-1.720000,-77.130045,-1.820000,-81.614350,-1.920000,-86.098655
E3,2025-05-12,582.000000,581.540000,0.790000,810,0.990000,959,1.270000,810,0.060000,959,2.060000,1.050000,-1.010000,-49.029126,-1.010000,-49.029126,-1.110000,-53.883495,-1.210000,-58.737864
E3,2025-05-13,589.000000,588.525000,0.600000,810,0.010000,959,1.100000,810,2.240000,959,1.700000,2.250000,0.550000,32.352941,0.550000,32.352941,0.450000,26.470588,0.350000,20.588235
E3,2025-05-14,586.000000,586.275000,1.110000,810,1.570000,959,0.800000,810,0.020000,959,1.910000,1.590000,-0.320000,-16.753927,-0.320000,-16.753927,-0.420000,-21.989529,-0.520000,-27.225131
E3,2025-05-15,590.000000,590.360000,1.090000,810,0.510000,959,0.740000,810,0.120000,959,1.830000,0.630000,-1.200000,-65.573770,-1.200000,-65.573770,-1.300000,-71.038251,-1.400000,-76.502732
E3,2025-05-16,593.000000,593.250000,0.920000,810,1.270000,959,0.680000,810,0.020000,959,1.600000,1.290000,-0.310000,-19.375000,-0.310000,-19.375000,-0.410000,-25.625000,-0.510000,-31.875000
E3,2025-05-19,595.000000,595.065000,0.900000,810,0.150000,959,0.710000,810,0.280000,959,1.610000,0.430000,-1.180000,-73.291925,-1.180000,-73.291925,-1.280000,-79.503106,-1.380000,-85.714286
E3,2025-05-20,593.000000,593.490000,1.010000,810,0.160000,959,0.580000,810,0.340000,959,1.590000,0.500000,-1.090000,-68.553459,-1.090000,-68.553459,-1.190000,-74.842767,-1.290000,-81.132075
E3,2025-05-21,584.000000,584.270000,1.950000,810,0.090000,959,1.680000,810,1.050000,959,3.630000,1.140000,-2.490000,-68.595041,-2.490000,-68.595041,-2.590000,-71.349862,-2.690000,-74.104683
E3,2025-05-22,584.000000,584.470000,1.360000,810,0.070000,959,0.880000,810,0.990000,959,2.240000,1.060000,-1.180000,-52.678571,-1.180000,-52.678571,-1.280000,-57.142857,-1.380000,-61.607143
E3,2025-05-23,581.000000,580.900000,1.130000,810,0.020000,959,1.270000,810,1.870000,959,2.400000,1.890000,-0.510000,-21.250000,-0.510000,-21.250000,-0.610000,-25.416667,-0.710000,-29.583333
E3,2025-05-27,590.000000,590.170000,0.830000,810,0.960000,959,0.750000,810,0.030000,959,1.580000,0.990000,-0.590000,-37.341772,-0.590000,-37.341772,-0.690000,-43.670886,-0.790000,-50.000000
E3,2025-05-28,590.000000,590.160000,1.390000,810,0.210000,959,1.230000,810,2.370000,959,2.620000,2.580000,-0.040000,-1.526718,-0.040000,-1.526718,-0.140000,-5.343511,-0.240000,-9.160305
E3,2025-05-29,590.000000,589.550000,0.870000,810,0.320000,959,1.340000,810,0.310000,959,2.210000,0.630000,-1.580000,-71.493213,-1.580000,-71.493213,-1.680000,-76.018100,-1.780000,-80.542986
E3,2025-05-30,586.000000,585.990000,1.340000,810,3.280000,959,1.330000,810,0.020000,959,2.670000,3.300000,0.630000,23.595506,0.630000,23.595506,0.530000,19.850187,0.430000,16.104869
E3,2025-06-02,590.000000,590.170000,0.890000,810,2.800000,959,0.730000,810,0.010000,959,1.620000,2.810000,1.190000,73.456790,1.190000,73.456790,1.090000,67.283951,0.990000,61.111111
E3,2025-06-03,597.000000,596.580000,0.480000,810,0.020000,959,0.910000,810,1.020000,959,1.390000,1.040000,-0.350000,-25.179856,-0.350000,-25.179856,-0.450000,-32.374101,-0.550000,-39.568345
E3,2025-06-04,597.000000,597.260000,0.870000,810,0.010000,959,0.580000,810,1.120000,959,1.450000,1.130000,-0.320000,-22.068966,-0.320000,-22.068966,-0.420000,-28.965517,-0.520000,-35.862069
E3,2025-06-05,597.000000,596.705000,0.740000,810,0.010000,959,1.050000,810,3.950000,959,1.790000,3.960000,2.170000,121.229050,2.170000,121.229050,2.070000,115.642458,1.970000,110.055866
E3,2025-06-06,598.000000,598.350000,1.080000,810,1.040000,959,0.650000,810,0.030000,959,1.730000,1.070000,-0.660000,-38.150289,-0.660000,-38.150289,-0.760000,-43.930636,-0.860000,-49.710983
E3,2025-06-09,601.000000,600.720000,0.650000,810,0.020000,959,0.930000,810,1.530000,959,1.580000,1.550000,-0.030000,-1.898734,-0.030000,-1.898734,-0.130000,-8.227848,-0.230000,-14.556962
E3,2025-06-10,602.000000,601.820000,0.600000,810,1.040000,959,0.790000,810,0.030000,959,1.390000,1.070000,-0.320000,-23.021583,-0.320000,-23.021583,-0.420000,-30.215827,-0.520000,-37.410072
E3,2025-06-11,604.000000,604.305000,0.950000,810,0.010000,959,0.560000,810,2.600000,959,1.510000,2.610000,1.100000,72.847682,1.100000,72.847682,1.000000,66.225166,0.900000,59.602649
E3,2025-06-12,603.000000,603.220000,0.910000,810,0.750000,959,0.660000,810,0.040000,959,1.570000,0.790000,-0.780000,-49.681529,-0.780000,-49.681529,-0.880000,-56.050955,-0.980000,-62.420382
E3,2025-06-13,600.000000,599.680000,0.870000,810,0.010000,959,1.210000,810,3.020000,959,2.080000,3.030000,0.950000,45.673077,0.950000,45.673077,0.850000,40.865385,0.750000,36.057692
E3,2025-06-16,604.000000,603.670000,0.560000,810,0.010000,959,0.880000,810,1.270000,959,1.440000,1.280000,-0.160000,-11.111111,-0.160000,-11.111111,-0.260000,-18.055556,-0.360000,-25.000000
E3,2025-06-17,599.000000,598.930000,1.070000,810,0.070000,959,1.120000,810,1.470000,959,2.190000,1.540000,-0.650000,-29.680365,-0.650000,-29.680365,-0.750000,-34.246575,-0.850000,-38.812785
E3,2025-06-20,593.000000,593.490000,1.370000,810,1.250000,959,0.850000,810,0.050000,959,2.220000,1.300000,-0.920000,-41.441441,-0.920000,-41.441441,-1.020000,-45.945946,-1.120000,-50.450450
E3,2025-06-23,598.000000,598.210000,1.130000,810,2.110000,959,0.970000,810,0.020000,959,2.100000,2.130000,0.030000,1.428571,0.030000,1.428571,-0.070000,-3.333333,-0.170000,-8.095238
E3,2025-06-24,606.000000,606.460000,0.970000,810,0.820000,959,0.520000,810,0.040000,959,1.490000,0.860000,-0.630000,-42.281879,-0.630000,-42.281879,-0.730000,-48.993289,-0.830000,-55.704698
E3,2025-06-25,607.000000,606.895000,0.600000,810,0.300000,959,0.700000,810,0.200000,959,1.300000,0.500000,-0.800000,-61.538462,-0.800000,-61.538462,-0.900000,-69.230769,-1.000000,-76.923077
E3,2025-06-26,611.000000,611.330000,0.700000,810,0.970000,959,0.410000,810,0.060000,959,1.110000,1.030000,-0.080000,-7.207207,-0.080000,-7.207207,-0.180000,-16.216216,-0.280000,-25.225225
E3,2025-06-27,615.000000,615.480000,0.890000,810,0.190000,959,0.410000,810,0.400000,959,1.300000,0.590000,-0.710000,-54.615385,-0.710000,-54.615385,-0.810000,-62.307692,-0.910000,-70.000000
E3,2025-06-30,616.000000,616.425000,1.140000,810,2.080000,959,0.710000,810,0.020000,959,1.850000,2.100000,0.250000,13.513514,0.250000,13.513514,0.150000,8.108108,0.050000,2.702703
E3,2025-07-01,618.000000,618.000000,0.680000,810,0.080000,959,0.660000,810,0.550000,959,1.340000,0.630000,-0.710000,-52.985075,-0.710000,-52.985075,-0.810000,-60.447761,-0.910000,-67.910448
E3,2025-07-02,619.000000,619.480000,0.900000,810,1.440000,959,0.420000,810,0.010000,959,1.320000,1.450000,0.130000,9.848485,0.130000,9.848485,0.030000,2.272727,-0.070000,-5.303030
E3,2025-07-07,621.000000,620.830000,0.700000,810,0.150000,959,0.920000,810,0.240000,959,1.620000,0.390000,-1.230000,-75.925926,-1.230000,-75.925926,-1.330000,-82.098765,-1.430000,-88.271605
E3,2025-07-08,621.000000,620.990000,0.700000,810,0.010000,959,0.730000,810,0.680000,959,1.430000,0.690000,-0.740000,-51.748252,-0.740000,-51.748252,-0.840000,-58.741259,-0.940000,-65.734266
E3,2025-07-09,622.000000,622.380000,0.870000,810,1.950000,959,0.490000,810,0.010000,959,1.360000,1.960000,0.600000,44.117647,0.600000,44.117647,0.500000,36.764706,0.400000,29.411765
E3,2025-07-10,626.000000,626.190000,0.640000,810,0.140000,959,0.430000,810,0.210000,959,1.070000,0.350000,-0.720000,-67.289720,-0.720000,-67.289720,-0.820000,-76.635514,-0.920000,-85.981308
E3,2025-07-11,625.000000,624.560000,0.430000,810,0.020000,959,0.880000,810,1.400000,959,1.310000,1.420000,0.110000,8.396947,0.110000,8.396947,0.010000,0.763359,-0.090000,-6.870229
E3,2025-07-14,625.000000,624.700000,0.340000,810,0.060000,959,0.650000,810,0.340000,959,0.990000,0.400000,-0.590000,-59.595960,-0.590000,-59.595960,-0.690000,-69.696970,-0.790000,-79.797980
E3,2025-07-15,624.000000,623.910000,0.590000,810,0.010000,959,0.670000,810,1.760000,959,1.260000,1.770000,0.510000,40.476190,0.510000,40.476190,0.410000,32.539683,0.310000,24.603175
E3,2025-07-16,623.000000,623.105000,0.720000,810,1.230000,959,0.590000,810,0.020000,959,1.310000,1.250000,-0.060000,-4.580153,-0.060000,-4.580153,-0.160000,-12.213740,-0.260000,-19.847328
E3,2025-07-17,627.000000,627.070000,0.590000,810,1.100000,959,0.530000,810,0.060000,959,1.120000,1.160000,0.040000,3.571429,0.040000,3.571429,-0.060000,-5.357143,-0.160000,-14.285714
E3,2025-07-18,627.000000,627.080000,0.650000,810,0.620000,959,0.570000,810,0.040000,959,1.220000,0.660000,-0.560000,-45.901639,-0.560000,-45.901639,-0.660000,-54.098361,-0.760000,-62.295082
E3,2025-07-21,631.000000,631.405000,0.700000,810,0.010000,959,0.300000,810,2.200000,959,1.000000,2.210000,1.210000,121.000000,1.210000,121.000000,1.110000,111.000000,1.010000,101.000000
E3,2025-07-22,629.000000,629.080000,0.620000,810,0.080000,959,0.530000,810,0.300000,959,1.150000,0.380000,-0.770000,-66.956522,-0.770000,-66.956522,-0.870000,-75.652174,-0.970000,-84.347826
E3,2025-07-23,632.000000,632.130000,0.870000,810,2.210000,959,0.720000,810,0.060000,959,1.590000,2.270000,0.680000,42.767296,0.680000,42.767296,0.580000,36.477987,0.480000,30.188679
E3,2025-07-24,636.000000,635.520000,0.310000,810,0.020000,959,0.860000,810,1.550000,959,1.170000,1.570000,0.400000,34.188034,0.400000,34.188034,0.300000,25.641026,0.200000,17.094017
E3,2025-07-25,637.000000,637.130000,0.560000,810,0.200000,959,0.450000,810,0.170000,959,1.010000,0.370000,-0.640000,-63.366337,-0.640000,-63.366337,-0.740000,-73.267327,-0.840000,-83.168317
E3,2025-07-28,636.000000,636.465000,0.860000,810,0.920000,959,0.320000,810,0.040000,959,1.180000,0.960000,-0.220000,-18.644068,-0.220000,-18.644068,-0.320000,-27.118644,-0.420000,-35.593220
E3,2025-07-29,636.000000,636.360000,0.670000,810,0.010000,959,0.370000,810,0.820000,959,1.040000,0.830000,-0.210000,-20.192308,-0.210000,-20.192308,-0.310000,-29.807692,-0.410000,-39.423077
E3,2025-07-31,634.000000,634.450000,1.750000,810,0.290000,959,1.250000,810,2.300000,959,3.000000,2.590000,-0.410000,-13.666667,-0.410000,-13.666667,-0.510000,-17.000000,-0.610000,-20.333333
E3,2025-08-01,621.000000,621.275000,1.340000,810,0.900000,959,1.120000,810,0.090000,959,2.460000,0.990000,-1.470000,-59.756098,-1.470000,-59.756098,-1.570000,-63.821138,-1.670000,-67.886179
E3,2025-08-04,630.000000,630.395000,0.830000,810,1.120000,959,0.440000,810,0.050000,959,1.270000,1.170000,-0.100000,-7.874016,-0.100000,-7.874016,-0.200000,-15.748031,-0.300000,-23.622047
E3,2025-08-05,630.000000,629.840000,0.560000,810,0.010000,959,0.700000,810,1.970000,959,1.260000,1.980000,0.720000,57.142857,0.720000,57.142857,0.620000,49.206349,0.520000,41.269841
E3,2025-08-06,632.000000,632.260000,0.740000,810,0.760000,959,0.480000,810,0.050000,959,1.220000,0.810000,-0.410000,-33.606557,-0.410000,-33.606557,-0.510000,-41.803279,-0.610000,-50.000000
E3,2025-08-07,630.000000,630.105000,1.020000,810,2.280000,959,1.040000,810,0.030000,959,2.060000,2.310000,0.250000,12.135922,0.250000,12.135922,0.150000,7.281553,0.050000,2.427184
E3,2025-08-08,637.000000,636.610000,0.420000,810,0.280000,959,0.810000,810,0.120000,959,1.230000,0.400000,-0.830000,-67.479675,-0.830000,-67.479675,-0.930000,-75.609756,-1.030000,-83.739837
E3,2025-08-11,637.000000,637.380000,0.800000,810,0.020000,959,0.400000,810,1.180000,959,1.200000,1.200000,-0.000000,-0.000000,-0.000000,-0.000000,-0.100000,-8.333333,-0.200000,-16.666667
E3,2025-08-12,641.000000,641.470000,0.840000,810,1.640000,959,0.370000,810,0.020000,959,1.210000,1.660000,0.450000,37.190083,0.450000,37.190083,0.350000,28.925620,0.250000,20.661157
E3,2025-08-13,644.000000,643.570000,0.400000,810,0.910000,959,0.830000,810,0.030000,959,1.230000,0.940000,-0.290000,-23.577236,-0.290000,-23.577236,-0.390000,-31.707317,-0.490000,-39.837398
E3,2025-08-14,645.000000,644.970000,0.560000,810,0.150000,959,0.640000,810,0.210000,959,1.200000,0.360000,-0.840000,-70.000000,-0.840000,-70.000000,-0.940000,-78.333333,-1.040000,-86.666667
E3,2025-08-15,644.000000,644.300000,0.790000,810,0.090000,959,0.500000,810,0.610000,959,1.290000,0.700000,-0.590000,-45.736434,-0.590000,-45.736434,-0.690000,-53.488372,-0.790000,-61.240310
E3,2025-08-18,643.000000,643.380000,0.780000,810,0.340000,959,0.380000,810,0.050000,959,1.160000,0.390000,-0.770000,-66.379310,-0.770000,-66.379310,-0.870000,-75.000000,-0.970000,-83.620690
E3,2025-08-19,640.000000,639.710000,0.550000,810,0.070000,959,0.760000,810,0.330000,959,1.310000,0.400000,-0.910000,-69.465649,-0.910000,-69.465649,-1.010000,-77.099237,-1.110000,-84.732824
E3,2025-08-20,637.000000,636.810000,0.670000,810,1.060000,959,0.880000,810,0.030000,959,1.550000,1.090000,-0.460000,-29.677419,-0.460000,-29.677419,-0.560000,-36.129032,-0.660000,-42.580645
E3,2025-08-21,635.000000,634.510000,0.670000,810,0.600000,959,1.170000,810,0.040000,959,1.840000,0.640000,-1.200000,-65.217391,-1.200000,-65.217391,-1.300000,-70.652174,-1.400000,-76.086957
E3,2025-08-22,646.000000,646.170000,0.690000,810,0.020000,959,0.580000,810,0.740000,959,1.270000,0.760000,-0.510000,-40.157480,-0.510000,-40.157480,-0.610000,-48.031496,-0.710000,-55.905512
E3,2025-08-25,645.000000,644.790000,0.330000,810,0.010000,959,0.550000,810,2.570000,959,0.880000,2.580000,1.700000,193.181818,1.700000,193.181818,1.600000,181.818182,1.500000,170.454545
E3,2025-08-26,643.000000,643.455000,0.730000,810,2.150000,959,0.300000,810,0.010000,959,1.030000,2.160000,1.130000,109.708738,1.130000,109.708738,1.030000,100.000000,0.930000,90.291262
E3,2025-08-27,647.000000,646.535000,0.910000,810,1.070000,959,1.430000,810,1.450000,959,2.340000,2.520000,0.180000,7.692308,0.180000,7.692308,0.080000,3.418803,-0.020000,-0.854701
E3,2025-08-28,648.000000,648.225000,0.680000,810,0.980000,959,0.470000,810,0.020000,959,1.150000,1.000000,-0.150000,-13.043478,-0.150000,-13.043478,-0.250000,-21.739130,-0.350000,-30.434783
E3,2025-08-29,644.000000,644.240000,0.960000,810,1.040000,959,0.720000,810,0.040000,959,1.680000,1.080000,-0.600000,-35.714286,-0.600000,-35.714286,-0.700000,-41.666667,-0.800000,-47.619048
E3,2025-09-02,638.000000,637.875000,0.750000,810,2.240000,959,0.880000,810,0.020000,959,1.630000,2.260000,0.630000,38.650307,0.630000,38.650307,0.530000,32.515337,0.430000,26.380368
E3,2025-09-03,642.000000,642.340000,0.810000,810,1.590000,959,0.450000,810,0.010000,959,1.260000,1.600000,0.340000,26.984127,0.340000,26.984127,0.240000,19.047619,0.140000,11.111111
E3,2025-09-04,647.000000,646.700000,0.530000,810,2.030000,959,0.820000,810,0.030000,959,1.350000,2.060000,0.710000,52.592593,0.710000,52.592593,0.610000,45.185185,0.510000,37.777778
E3,2025-09-05,646.000000,645.950000,0.770000,810,1.250000,959,0.820000,810,0.030000,959,1.590000,1.280000,-0.310000,-19.496855,-0.310000,-19.496855,-0.410000,-25.786164,-0.510000,-32.075472
E3,2025-09-08,649.000000,648.570000,0.350000,810,0.060000,959,0.770000,810,0.230000,959,1.120000,0.290000,-0.830000,-74.107143,-0.830000,-74.107143,-0.930000,-83.035714,-1.030000,-91.964286
E3,2025-09-09,650.000000,649.625000,0.340000,810,0.400000,959,0.720000,810,0.100000,959,1.060000,0.500000,-0.560000,-52.830189,-0.560000,-52.830189,-0.660000,-62.264151,-0.760000,-71.698113
E3,2025-09-10,652.000000,652.160000,0.770000,810,0.360000,959,0.570000,810,0.090000,959,1.340000,0.450000,-0.890000,-66.417910,-0.890000,-66.417910,-0.990000,-73.880597,-1.090000,-81.343284
E3,2025-09-11,657.000000,657.290000,0.750000,810,0.650000,959,0.430000,810,0.050000,959,1.180000,0.700000,-0.480000,-40.677966,-0.480000,-40.677966,-0.580000,-49.152542,-0.680000,-57.627119
E3,2025-09-12,658.000000,658.140000,0.520000,810,0.030000,959,0.370000,810,0.600000,959,0.890000,0.630000,-0.260000,-29.213483,-0.260000,-29.213483,-0.360000,-40.449438,-0.460000,-51.685393
E3,2025-09-15,660.000000,659.795000,0.470000,810,0.810000,959,0.670000,810,0.010000,959,1.140000,0.820000,-0.320000,-28.070175,-0.320000,-28.070175,-0.420000,-36.842105,-0.520000,-45.614035
E3,2025-09-16,660.000000,660.180000,0.610000,810,0.130000,959,0.430000,810,0.150000,959,1.040000,0.280000,-0.760000,-73.076923,-0.760000,-73.076923,-0.860000,-82.692308,-0.960000,-92.307692
E3,2025-09-18,663.000000,663.380000,0.840000,810,0.010000,959,0.420000,810,0.740000,959,1.260000,0.750000,-0.510000,-40.476190,-0.510000,-40.476190,-0.610000,-48.412698,-0.710000,-56.349206
E3,2025-09-19,663.000000,662.590000,0.350000,810,0.570000,959,0.760000,810,0.040000,959,1.110000,0.610000,-0.500000,-45.045045,-0.500000,-45.045045,-0.600000,-54.054054,-0.700000,-63.063063
E3,2025-09-22,667.000000,666.525000,0.290000,810,0.080000,959,0.750000,810,0.290000,959,1.040000,0.370000,-0.670000,-64.423077,-0.670000,-64.423077,-0.770000,-74.038462,-0.870000,-83.653846
E3,2025-09-23,664.000000,663.690000,0.680000,810,0.050000,959,0.950000,810,0.860000,959,1.630000,0.910000,-0.720000,-44.171779,-0.720000,-44.171779,-0.820000,-50.306748,-0.920000,-56.441718
E3,2025-09-24,662.000000,661.540000,0.440000,810,0.020000,959,0.930000,810,0.980000,959,1.370000,1.000000,-0.370000,-27.007299,-0.370000,-27.007299,-0.470000,-34.306569,-0.570000,-41.605839
E3,2025-09-25,657.000000,657.245000,1.020000,810,0.920000,959,0.760000,810,0.040000,959,1.780000,0.960000,-0.820000,-46.067416,-0.820000,-46.067416,-0.920000,-51.685393,-1.020000,-57.303371
E3,2025-09-26,662.000000,661.620000,0.470000,810,0.070000,959,0.830000,810,0.330000,959,1.300000,0.400000,-0.900000,-69.230769,-0.900000,-69.230769,-1.000000,-76.923077,-1.100000,-84.615385
E3,2025-09-29,663.000000,662.610000,0.350000,810,0.660000,959,0.800000,810,0.010000,959,1.150000,0.670000,-0.480000,-41.739130,-0.480000,-41.739130,-0.580000,-50.434783,-0.680000,-59.130435
E3,2025-09-30,662.000000,661.980000,0.830000,810,4.140000,959,0.920000,810,0.010000,959,1.750000,4.150000,2.400000,137.142857,2.400000,137.142857,2.300000,131.428571,2.200000,125.714286
E3,2025-10-01,668.000000,667.835000,0.450000,810,0.600000,959,0.630000,810,0.040000,959,1.080000,0.640000,-0.440000,-40.740741,-0.440000,-40.740741,-0.540000,-50.000000,-0.640000,-59.259259
E3,2025-10-02,668.000000,668.360000,0.780000,810,1.270000,959,0.430000,810,0.010000,959,1.210000,1.280000,0.070000,5.785124,0.070000,5.785124,-0.030000,-2.479339,-0.130000,-10.743802
E3,2025-10-03,670.000000,670.360000,1.010000,810,0.030000,959,0.650000,810,0.880000,959,1.660000,0.910000,-0.750000,-45.180723,-0.750000,-45.180723,-0.850000,-51.204819,-0.950000,-57.228916
E3,2025-10-06,672.000000,672.050000,0.520000,810,0.010000,959,0.480000,810,0.410000,959,1.000000,0.420000,-0.580000,-58.000000,-0.580000,-58.000000,-0.680000,-68.000000,-0.780000,-78.000000
E3,2025-10-07,669.000000,668.870000,0.650000,810,0.230000,959,0.780000,810,0.100000,959,1.430000,0.330000,-1.100000,-76.923077,-1.100000,-76.923077,-1.200000,-83.916084,-1.300000,-90.909091
E3,2025-10-08,673.000000,672.870000,0.410000,810,0.120000,959,0.540000,810,0.080000,959,0.950000,0.200000,-0.750000,-78.947368,-0.750000,-78.947368,-0.850000,-89.473684,-0.950000,-100.000000
E3,2025-10-09,669.000000,669.470000,1.030000,810,2.180000,959,0.580000,810,0.020000,959,1.610000,2.200000,0.590000,36.645963,0.590000,36.645963,0.490000,30.434783,0.390000,24.223602
E3,2025-10-10,660.000000,659.950000,1.310000,810,0.010000,959,1.710000,810,6.790000,959,3.020000,6.800000,3.780000,125.165563,3.780000,125.165563,3.680000,121.854305,3.580000,118.543046
E3,2025-10-13,663.000000,663.190000,1.010000,810,0.270000,959,0.840000,810,0.190000,959,1.850000,0.460000,-1.390000,-75.135135,-1.390000,-75.135135,-1.490000,-80.540541,-1.590000,-85.945946
E3,2025-10-14,665.000000,665.490000,1.200000,810,0.010000,959,0.740000,810,2.900000,959,1.940000,2.910000,0.970000,50.000000,0.970000,50.000000,0.870000,44.845361,0.770000,39.690722
E3,2025-10-15,661.000000,661.120000,1.750000,810,4.230000,959,1.790000,810,0.020000,959,3.540000,4.250000,0.710000,20.056497,0.710000,20.056497,0.610000,17.231638,0.510000,14.406780
E3,2025-10-16,664.000000,663.705000,1.370000,810,0.020000,959,1.600000,810,3.250000,959,2.970000,3.270000,0.300000,10.101010,0.300000,10.101010,0.200000,6.734007,0.100000,3.367003
E3,2025-10-17,661.000000,661.100000,1.570000,810,3.360000,959,1.480000,810,0.020000,959,3.050000,3.380000,0.330000,10.819672,0.330000,10.819672,0.230000,7.540984,0.130000,4.262295
E3,2025-10-20,672.000000,671.630000,0.390000,810,0.020000,959,0.780000,810,0.680000,959,1.170000,0.700000,-0.470000,-40.170940,-0.470000,-40.170940,-0.570000,-48.717949,-0.670000,-57.264957
E3,2025-10-21,672.000000,671.670000,0.540000,810,0.080000,959,0.870000,810,0.820000,959,1.410000,0.900000,-0.510000,-36.170213,-0.510000,-36.170213,-0.610000,-43.262411,-0.710000,-50.354610
E3,2025-10-22,665.000000,665.000000,1.300000,810,2.600000,959,1.430000,810,0.030000,959,2.730000,2.630000,-0.100000,-3.663004,-0.100000,-3.663004,-0.200000,-7.326007,-0.300000,-10.989011
E3,2025-10-23,671.000000,671.080000,0.680000,810,0.620000,959,0.600000,810,0.040000,959,1.280000,0.660000,-0.620000,-48.437500,-0.620000,-48.437500,-0.720000,-56.250000,-0.820000,-64.062500
E3,2025-10-24,678.000000,678.010000,0.570000,810,0.010000,959,0.560000,810,0.950000,959,1.130000,0.960000,-0.170000,-15.044248,-0.170000,-15.044248,-0.270000,-23.893805,-0.370000,-32.743363
E3,2025-10-27,683.000000,683.350000,0.680000,810,2.200000,959,0.340000,810,0.010000,959,1.020000,2.210000,1.190000,116.666667,1.190000,116.666667,1.090000,106.862745,0.990000,97.058824
E3,2025-10-28,687.000000,687.115000,0.640000,810,0.160000,959,0.520000,810,0.190000,959,1.160000,0.350000,-0.810000,-69.827586,-0.810000,-69.827586,-0.910000,-78.448276,-1.010000,-87.068966
E3,2025-10-30,684.000000,684.050000,1.280000,810,0.040000,959,1.220000,810,3.990000,959,2.500000,4.030000,1.530000,61.200000,1.530000,61.200000,1.430000,57.200000,1.330000,53.200000
E3,2025-10-31,680.000000,680.250000,1.460000,810,2.150000,959,1.170000,810,0.020000,959,2.630000,2.170000,-0.460000,-17.490494,-0.460000,-17.490494,-0.560000,-21.292776,-0.660000,-25.095057
E3,2025-11-03,684.000000,683.680000,0.520000,810,0.040000,959,0.820000,810,0.740000,959,1.340000,0.780000,-0.560000,-41.791045,-0.560000,-41.791045,-0.660000,-49.253731,-0.760000,-56.716418
E3,2025-11-04,676.000000,675.610000,0.860000,810,0.080000,959,1.230000,810,0.820000,959,2.090000,0.900000,-1.190000,-56.937799,-1.190000,-56.937799,-1.290000,-61.722488,-1.390000,-66.507177
E3,2025-11-05,680.000000,680.310000,0.860000,810,0.010000,959,0.520000,810,2.490000,959,1.380000,2.500000,1.120000,81.159420,1.120000,81.159420,1.020000,73.913043,0.920000,66.666667
E3,2025-11-06,671.000000,671.300000,1.340000,810,0.090000,959,1.050000,810,0.840000,959,2.390000,0.930000,-1.460000,-61.087866,-1.460000,-61.087866,-1.560000,-65.271967,-1.660000,-69.456067
E3,2025-11-07,665.000000,665.365000,1.420000,810,6.000000,959,1.060000,810,0.010000,959,2.480000,6.010000,3.530000,142.338710,3.530000,142.338710,3.430000,138.306452,3.330000,134.274194
E3,2025-11-10,680.000000,679.650000,0.470000,810,1.340000,959,0.820000,810,0.010000,959,1.290000,1.350000,0.060000,4.651163,0.060000,4.651163,-0.040000,-3.100775,-0.140000,-10.852713
E3,2025-11-11,683.000000,682.915000,0.620000,810,0.130000,959,0.690000,810,0.230000,959,1.310000,0.360000,-0.950000,-72.519084,-0.950000,-72.519084,-1.050000,-80.152672,-1.150000,-87.786260
E3,2025-11-12,684.000000,683.700000,0.720000,810,0.020000,959,1.040000,810,0.730000,959,1.760000,0.750000,-1.010000,-57.386364,-1.010000,-57.386364,-1.110000,-63.068182,-1.210000,-68.750000
E3,2025-11-13,673.000000,672.565000,1.220000,810,0.100000,959,1.650000,810,1.030000,959,2.870000,1.130000,-1.740000,-60.627178,-1.740000,-60.627178,-1.840000,-64.111498,-1.940000,-67.595819
E3,2025-11-14,673.000000,673.480000,1.610000,810,0.050000,959,1.140000,810,1.200000,959,2.750000,1.250000,-1.500000,-54.545455,-1.500000,-54.545455,-1.600000,-58.181818,-1.700000,-61.818182
E3,2025-11-17,668.000000,668.475000,1.610000,810,0.010000,959,1.140000,810,2.560000,959,2.750000,2.570000,-0.180000,-6.545455,-0.180000,-6.545455,-0.280000,-10.181818,-0.380000,-13.818182
E3,2025-11-18,664.000000,664.050000,1.500000,810,0.010000,959,1.520000,810,3.870000,959,3.020000,3.880000,0.860000,28.476821,0.860000,28.476821,0.760000,25.165563,0.660000,21.854305
E3,2025-11-19,661.000000,661.330000,2.160000,810,2.420000,959,1.860000,810,0.740000,959,4.020000,3.160000,-0.860000,-21.393035,-0.860000,-21.393035,-0.960000,-23.880597,-1.060000,-26.368159
E3,2025-11-20,659.000000,659.380000,2.530000,810,0.010000,959,2.150000,810,6.620000,959,4.680000,6.630000,1.950000,41.666667,1.950000,41.666667,1.850000,39.529915,1.750000,37.393162
E3,2025-11-21,659.000000,658.850000,1.670000,810,0.510000,959,1.850000,810,0.360000,959,3.520000,0.870000,-2.650000,-75.284091,-2.650000,-75.284091,-2.750000,-78.125000,-2.850000,-80.965909
E3,2025-11-24,669.000000,668.860000,0.720000,810,0.150000,959,0.890000,810,0.110000,959,1.610000,0.260000,-1.350000,-83.850932,-1.350000,-83.850932,-1.450000,-90.062112,-1.550000,-96.273292
E3,2025-11-25,674.000000,674.100000,0.720000,810,1.010000,959,0.620000,810,0.010000,959,1.340000,1.020000,-0.320000,-23.880597,-0.320000,-23.880597,-0.420000,-31.343284,-0.520000,-38.805970
E3,2025-11-26,681.000000,680.980000,0.710000,810,0.010000,959,0.730000,810,1.350000,959,1.440000,1.360000,-0.080000,-5.555556,-0.080000,-5.555556,-0.180000,-12.500000,-0.280000,-19.444444
E3,2025-12-01,683.000000,682.630000,0.450000,810,0.010000,959,0.800000,810,2.740000,959,1.250000,2.750000,1.500000,120.000000,1.500000,120.000000,1.400000,112.000000,1.300000,104.000000
E3,2025-12-02,681.000000,681.030000,0.970000,810,0.480000,959,0.700000,810,0.050000,959,1.670000,0.530000,-1.140000,-68.263473,-1.140000,-68.263473,-1.240000,-74.251497,-1.340000,-80.239521
E3,2025-12-03,684.000000,684.070000,0.630000,810,0.090000,959,0.570000,810,0.250000,959,1.200000,0.340000,-0.860000,-71.666667,-0.860000,-71.666667,-0.960000,-80.000000,-1.060000,-88.333333
E3,2025-12-04,685.000000,684.665000,0.500000,810,0.010000,959,0.830000,810,0.520000,959,1.330000,0.530000,-0.800000,-60.150376,-0.800000,-60.150376,-0.900000,-67.669173,-1.000000,-75.187970
E3,2025-12-05,687.000000,686.770000,0.570000,810,0.010000,959,0.820000,810,1.380000,959,1.390000,1.390000,0.000000,0.000000,0.000000,0.000000,-0.100000,-7.194245,-0.200000,-14.388489
E3,2025-12-08,683.000000,682.640000,0.650000,810,0.680000,959,0.930000,810,0.010000,959,1.580000,0.690000,-0.890000,-56.329114,-0.890000,-56.329114,-0.990000,-62.658228,-1.090000,-68.987342
E3,2025-12-09,684.000000,684.290000,0.670000,810,0.010000,959,0.370000,810,0.960000,959,1.040000,0.970000,-0.070000,-6.730769,-0.070000,-6.730769,-0.170000,-16.346154,-0.270000,-25.961538
E3,2025-12-11,688.000000,687.635000,0.730000,810,1.350000,959,1.090000,810,0.220000,959,1.820000,1.570000,-0.250000,-13.736264,-0.250000,-13.736264,-0.350000,-19.230769,-0.450000,-24.725275
E3,2025-12-12,684.000000,683.810000,0.760000,810,0.010000,959,1.060000,810,2.250000,959,1.820000,2.260000,0.440000,24.175824,0.440000,24.175824,0.340000,18.681319,0.240000,13.186813
E3,2025-12-15,680.000000,679.700000,0.720000,810,0.780000,959,1.010000,810,0.020000,959,1.730000,0.800000,-0.930000,-53.757225,-0.930000,-53.757225,-1.030000,-59.537572,-1.130000,-65.317919
E3,2025-12-16,676.000000,675.980000,0.940000,810,2.890000,959,0.980000,810,0.010000,959,1.920000,2.900000,0.980000,51.041667,0.980000,51.041667,0.880000,45.833333,0.780000,40.625000
E3,2025-12-17,673.000000,673.285000,1.260000,810,0.020000,959,0.960000,810,1.730000,959,2.220000,1.750000,-0.470000,-21.171171,-0.470000,-21.171171,-0.570000,-25.675676,-0.670000,-30.180180
E3,2025-12-18,679.000000,679.140000,0.890000,810,0.010000,959,0.750000,810,2.320000,959,1.640000,2.330000,0.690000,42.073171,0.690000,42.073171,0.590000,35.975610,0.490000,29.878049
E3,2025-12-19,681.000000,680.650000,0.440000,810,0.040000,959,0.790000,810,0.590000,959,1.230000,0.630000,-0.600000,-48.780488,-0.600000,-48.780488,-0.700000,-56.910569,-0.800000,-65.040650
E3,2025-12-22,685.000000,684.755000,0.280000,810,0.040000,959,0.530000,810,0.240000,959,0.810000,0.280000,-0.530000,-65.432099,-0.530000,-65.432099,-0.630000,-77.777778,-0.730000,-90.123457
E3,2025-12-23,688.000000,687.560000,0.190000,810,0.070000,959,0.640000,810,0.220000,959,0.830000,0.290000,-0.540000,-65.060241,-0.540000,-65.060241,-0.640000,-77.108434,-0.740000,-89.156627
E3,2025-12-26,690.000000,689.660000,0.240000,810,0.280000,959,0.520000,810,0.030000,959,0.760000,0.310000,-0.450000,-59.210526,-0.450000,-59.210526,-0.550000,-72.368421,-0.650000,-85.526316
E3,2025-12-29,687.000000,687.355000,0.620000,810,0.840000,959,0.260000,810,0.020000,959,0.880000,0.860000,-0.020000,-2.272727,-0.020000,-2.272727,-0.120000,-13.636364,-0.220000,-25.000000
E3,2025-12-30,688.000000,687.760000,0.310000,810,0.010000,959,0.540000,810,1.040000,959,0.850000,1.050000,0.200000,23.529412,0.200000,23.529412,0.100000,11.764706,-0.000000,-0.000000
E3,2025-12-31,685.000000,685.310000,0.780000,810,0.010000,959,0.480000,810,2.990000,959,1.260000,3.000000,1.740000,138.095238,1.740000,138.095238,1.640000,130.158730,1.540000,122.222222
E3,2026-01-02,681.000000,680.905000,0.690000,810,2.280000,959,0.810000,810,0.020000,959,1.500000,2.300000,0.800000,53.333333,0.800000,53.333333,0.700000,46.666667,0.600000,40.000000
E3,2026-01-05,689.000000,688.510000,0.260000,810,0.010000,959,0.760000,810,1.250000,959,1.020000,1.260000,0.240000,23.529412,0.240000,23.529412,0.140000,13.725490,0.040000,3.921569
E3,2026-01-06,691.000000,690.930000,0.370000,810,0.840000,959,0.450000,810,0.010000,959,0.820000,0.850000,0.030000,3.658537,0.030000,3.658537,-0.070000,-8.536585,-0.170000,-20.731707
E3,2026-01-07,692.000000,692.430000,0.810000,810,0.010000,959,0.390000,810,2.420000,959,1.200000,2.430000,1.230000,102.500000,1.230000,102.500000,1.130000,94.166667,1.030000,85.833333
E3,2026-01-08,689.000000,689.470000,1.000000,810,0.490000,959,0.520000,810,0.050000,959,1.520000,0.540000,-0.980000,-64.473684,-0.980000,-64.473684,-1.080000,-71.052632,-1.180000,-77.631579
E3,2026-01-09,694.000000,693.995000,0.550000,810,0.140000,959,0.560000,810,0.120000,959,1.110000,0.260000,-0.850000,-76.576577,-0.850000,-76.576577,-0.950000,-85.585586,-1.050000,-94.594595
E3,2026-01-12,695.000000,695.090000,0.450000,810,0.270000,959,0.380000,810,0.070000,959,0.830000,0.340000,-0.490000,-59.036145,-0.490000,-59.036145,-0.590000,-71.084337,-0.690000,-83.132530
E3,2026-01-13,693.000000,692.840000,0.630000,810,0.710000,959,0.750000,810,0.020000,959,1.380000,0.730000,-0.650000,-47.101449,-0.650000,-47.101449,-0.750000,-54.347826,-0.850000,-61.594203
E3,2026-01-14,688.000000,687.550000,0.580000,810,2.440000,959,0.990000,810,0.010000,959,1.570000,2.450000,0.880000,56.050955,0.880000,56.050955,0.780000,49.681529,0.680000,43.312102
E3,2026-01-15,695.000000,694.960000,0.510000,810,0.010000,959,0.570000,810,2.850000,959,1.080000,2.860000,1.780000,164.814815,1.780000,164.814815,1.680000,155.555556,1.580000,146.296296
E3,2026-01-16,693.000000,693.010000,0.580000,810,0.010000,959,0.560000,810,1.400000,959,1.140000,1.410000,0.270000,23.684211,0.270000,23.684211,0.170000,14.912281,0.070000,6.140351
E3,2026-01-20,680.000000,680.150000,1.240000,810,0.010000,959,1.110000,810,2.440000,959,2.350000,2.450000,0.100000,4.255319,0.100000,4.255319,-0.000000,-0.000000,-0.100000,-4.255319
E3,2026-01-21,681.000000,680.620000,0.810000,810,4.100000,959,1.190000,810,0.010000,959,2.000000,4.110000,2.110000,105.500000,2.110000,105.500000,2.010000,100.500000,1.910000,95.500000
E3,2026-01-22,690.000000,690.480000,0.960000,810,0.020000,959,0.500000,810,1.090000,959,1.460000,1.110000,-0.350000,-23.972603,-0.350000,-23.972603,-0.450000,-30.821918,-0.550000,-37.671233
E3,2026-01-23,689.000000,689.070000,0.770000,810,0.350000,959,0.700000,810,0.090000,959,1.470000,0.440000,-1.030000,-70.068027,-1.030000,-70.068027,-1.130000,-76.870748,-1.230000,-83.673469
E3,2026-01-26,694.000000,694.020000,0.540000,810,0.010000,959,0.510000,810,1.320000,959,1.050000,1.330000,0.280000,26.666667,0.280000,26.666667,0.180000,17.142857,0.080000,7.619048
E3,2026-01-27,696.000000,695.900000,0.410000,810,0.040000,959,0.490000,810,0.450000,959,0.900000,0.490000,-0.410000,-45.555556,-0.410000,-45.555556,-0.510000,-56.666667,-0.610000,-67.777778
E3,2026-01-29,690.000000,690.320000,1.400000,810,4.040000,959,1.090000,810,0.030000,959,2.490000,4.070000,1.580000,63.453815,1.580000,63.453815,1.480000,59.437751,1.380000,55.421687
E3,2026-01-30,689.000000,689.020000,1.320000,810,2.660000,959,1.290000,810,0.010000,959,2.610000,2.670000,0.060000,2.298851,0.060000,2.298851,-0.040000,-1.532567,-0.140000,-5.363985
E3,2026-02-02,696.000000,696.200000,0.700000,810,0.040000,959,0.510000,810,0.640000,959,1.210000,0.680000,-0.530000,-43.801653,-0.530000,-43.801653,-0.630000,-52.066116,-0.730000,-60.330579
E3,2026-02-03,686.000000,686.190000,1.450000,810,3.430000,959,1.260000,810,0.010000,959,2.710000,3.440000,0.730000,26.937269,0.730000,26.937269,0.630000,23.247232,0.530000,19.557196
E3,2026-02-04,684.000000,684.110000,1.810000,810,2.370000,959,1.720000,810,0.270000,959,3.530000,2.640000,-0.890000,-25.212465,-0.890000,-25.212465,-0.990000,-28.045326,-1.090000,-30.878187
E3,2026-02-05,679.000000,679.465000,2.010000,810,0.330000,959,1.540000,810,1.900000,959,3.550000,2.230000,-1.320000,-37.183099,-1.320000,-37.183099,-1.420000,-40.000000,-1.520000,-42.816901
E3,2026-02-06,689.000000,689.020000,0.830000,810,1.710000,959,0.820000,810,0.020000,959,1.650000,1.730000,0.080000,4.848485,0.080000,4.848485,-0.020000,-1.212121,-0.120000,-7.272727
E3,2026-02-09,694.000000,694.150000,0.810000,810,0.180000,959,0.610000,810,0.210000,959,1.420000,0.390000,-1.030000,-72.535211,-1.030000,-72.535211,-1.130000,-79.577465,-1.230000,-86.619718
E3,2026-02-10,693.000000,693.460000,1.110000,810,0.020000,959,0.670000,810,0.980000,959,1.780000,1.000000,-0.780000,-43.820225,-0.780000,-43.820225,-0.880000,-49.438202,-0.980000,-55.056180
E3,2026-02-11,693.000000,692.640000,0.650000,810,0.010000,959,1.000000,810,1.050000,959,1.650000,1.060000,-0.590000,-35.757576,-0.590000,-35.757576,-0.690000,-41.818182,-0.790000,-47.878788
E3,2026-02-12,683.000000,682.915000,1.430000,810,0.030000,959,1.400000,810,1.880000,959,2.830000,1.910000,-0.920000,-32.508834,-0.920000,-32.508834,-1.020000,-36.042403,-1.120000,-39.575972
E3,2026-02-13,685.000000,685.350000,1.330000,810,0.010000,959,0.940000,810,3.270000,959,2.270000,3.280000,1.010000,44.493392,1.010000,44.493392,0.910000,40.088106,0.810000,35.682819
E3,2026-02-17,682.000000,682.220000,1.370000,810,0.710000,959,1.060000,810,0.040000,959,2.430000,0.750000,-1.680000,-69.135802,-1.680000,-69.135802,-1.780000,-73.251029,-1.880000,-77.366255
E3,2026-02-18,688.000000,687.650000,0.670000,810,0.010000,959,0.920000,810,1.970000,959,1.590000,1.980000,0.390000,24.528302,0.390000,24.528302,0.290000,18.238994,0.190000,11.949686
E3,2026-02-19,683.000000,682.660000,0.960000,810,1.490000,959,1.320000,810,0.010000,959,2.280000,1.500000,-0.780000,-34.210526,-0.780000,-34.210526,-0.880000,-38.596491,-0.980000,-42.982456
E3,2026-02-20,687.000000,686.640000,1.120000,810,2.500000,959,1.330000,810,0.020000,959,2.450000,2.520000,0.070000,2.857143,0.070000,2.857143,-0.030000,-1.224490,-0.130000,-5.306122
E3,2026-02-23,684.000000,683.550000,0.720000,810,0.010000,959,1.200000,810,1.660000,959,1.920000,1.670000,-0.250000,-13.020833,-0.250000,-13.020833,-0.350000,-18.229167,-0.450000,-23.437500
E3,2026-02-24,687.000000,686.980000,0.670000,810,0.440000,959,0.750000,810,0.030000,959,1.420000,0.470000,-0.950000,-66.901408,-0.950000,-66.901408,-1.050000,-73.943662,-1.150000,-80.985915
E3,2026-02-25,692.000000,692.430000,1.490000,810,1.720000,959,1.060000,810,0.590000,959,2.550000,2.310000,-0.240000,-9.411765,-0.240000,-9.411765,-0.340000,-13.333333,-0.440000,-17.254902
E3,2026-02-26,686.000000,685.790000,0.930000,810,3.360000,959,1.160000,810,0.010000,959,2.090000,3.370000,1.280000,61.244019,1.280000,61.244019,1.180000,56.459330,1.080000,51.674641
E3,2026-02-27,684.000000,683.720000,1.080000,810,2.340000,959,1.350000,810,0.020000,959,2.430000,2.360000,-0.070000,-2.880658,-0.070000,-2.880658,-0.170000,-6.995885,-0.270000,-11.111111
E3,2026-03-02,687.000000,686.520000,0.560000,810,0.100000,959,1.020000,810,0.760000,959,1.580000,0.860000,-0.720000,-45.569620,-0.720000,-45.569620,-0.820000,-51.898734,-0.920000,-58.227848
E3,2026-03-03,680.000000,679.890000,1.210000,810,0.460000,959,1.350000,810,0.180000,959,2.560000,0.640000,-1.920000,-75.000000,-1.920000,-75.000000,-2.020000,-78.906250,-2.120000,-82.812500
E3,2026-03-04,686.000000,686.450000,1.200000,810,0.230000,959,0.770000,810,1.070000,959,1.970000,1.300000,-0.670000,-34.010152,-0.670000,-34.010152,-0.770000,-39.086294,-0.870000,-44.162437
E3,2026-03-05,677.000000,676.510000,1.270000,810,4.480000,959,1.780000,810,0.010000,959,3.050000,4.490000,1.440000,47.213115,1.440000,47.213115,1.340000,43.934426,1.240000,40.655738
E3,2026-03-06,675.000000,674.820000,1.350000,810,0.010000,959,1.630000,810,2.420000,959,2.980000,2.430000,-0.550000,-18.456376,-0.550000,-18.456376,-0.650000,-21.812081,-0.750000,-25.167785
E3,2026-03-09,669.000000,669.040000,1.330000,810,9.400000,959,1.300000,810,0.010000,959,2.630000,9.410000,6.780000,257.794677,6.780000,257.794677,6.680000,253.992395,6.580000,250.190114
E3,2026-03-10,683.000000,682.810000,0.970000,810,0.010000,959,1.170000,810,6.350000,959,2.140000,6.360000,4.220000,197.196262,4.220000,197.196262,4.120000,192.523364,4.020000,187.850467
E3,2026-03-11,676.000000,676.440000,1.580000,810,0.510000,959,1.100000,810,0.200000,959,2.680000,0.710000,-1.970000,-73.507463,-1.970000,-73.507463,-2.070000,-77.238806,-2.170000,-80.970149
E3,2026-03-12,669.000000,668.940000,1.360000,810,0.010000,959,1.400000,810,3.000000,959,2.760000,3.010000,0.250000,9.057971,0.250000,9.057971,0.150000,5.434783,0.050000,1.811594
E3,2026-03-13,664.000000,663.820000,1.290000,810,0.020000,959,1.480000,810,1.800000,959,2.770000,1.820000,-0.950000,-34.296029,-0.950000,-34.296029,-1.050000,-37.906137,-1.150000,-41.516245
E3,2026-03-16,669.000000,669.470000,1.240000,810,0.240000,959,0.780000,810,0.260000,959,2.020000,0.500000,-1.520000,-75.247525,-1.520000,-75.247525,-1.620000,-80.198020,-1.720000,-85.148515
E3,2026-03-17,671.000000,671.500000,1.120000,810,0.110000,959,0.580000,810,0.320000,959,1.700000,0.430000,-1.270000,-74.705882,-1.270000,-74.705882,-1.370000,-80.588235,-1.470000,-86.470588
E3,2026-03-19,657.000000,657.265000,1.260000,810,2.720000,959,0.920000,810,0.010000,959,2.180000,2.730000,0.550000,25.229358,0.550000,25.229358,0.450000,20.642202,0.350000,16.055046
E3,2026-03-20,652.000000,652.330000,1.370000,810,0.040000,959,1.080000,810,3.590000,959,2.450000,3.630000,1.180000,48.163265,1.180000,48.163265,1.080000,44.081633,0.980000,40.000000
E3,2026-03-23,656.000000,655.560000,1.200000,810,0.170000,959,1.590000,810,0.610000,959,2.790000,0.780000,-2.010000,-72.043011,-2.010000,-72.043011,-2.110000,-75.627240,-2.210000,-79.211470
E3,2026-03-24,654.000000,653.870000,1.150000,810,0.070000,959,1.270000,810,0.800000,959,2.420000,0.870000,-1.550000,-64.049587,-1.550000,-64.049587,-1.650000,-68.181818,-1.750000,-72.314050
E3,2026-03-25,658.000000,657.980000,1.050000,810,0.050000,959,1.120000,810,1.370000,959,2.170000,1.420000,-0.750000,-34.562212,-0.750000,-34.562212,-0.850000,-39.170507,-0.950000,-43.778802
E3,2026-03-26,649.000000,648.580000,0.990000,810,0.030000,959,1.380000,810,3.640000,959,2.370000,3.670000,1.300000,54.852321,1.300000,54.852321,1.200000,50.632911,1.100000,46.413502
E3,2026-03-27,637.000000,636.740000,1.280000,810,0.220000,959,1.520000,810,3.110000,959,2.800000,3.330000,0.530000,18.928571,0.530000,18.928571,0.430000,15.357143,0.330000,11.785714
E3,2026-03-30,633.000000,633.300000,1.480000,810,0.140000,959,1.110000,810,1.100000,959,2.590000,1.240000,-1.350000,-52.123552,-1.350000,-52.123552,-1.450000,-55.984556,-1.550000,-59.845560
E3,2026-03-31,647.000000,647.050000,1.650000,810,3.500000,959,1.620000,810,0.040000,959,3.270000,3.540000,0.270000,8.256881,0.270000,8.256881,0.170000,5.198777,0.070000,2.140673
E3,2026-04-01,658.000000,658.220000,0.960000,810,0.010000,959,0.760000,810,2.910000,959,1.720000,2.920000,1.200000,69.767442,1.200000,69.767442,1.100000,63.953488,1.000000,58.139535
E3,2026-04-02,655.000000,654.610000,1.010000,810,0.910000,959,1.450000,810,0.080000,959,2.460000,0.990000,-1.470000,-59.756098,-1.470000,-59.756098,-1.570000,-63.821138,-1.670000,-67.886179
E3,2026-04-06,657.000000,657.230000,1.190000,810,1.820000,959,0.940000,810,0.020000,959,2.130000,1.840000,-0.290000,-13.615023,-0.290000,-13.615023,-0.390000,-18.309859,-0.490000,-23.004695
E3,2026-04-07,656.000000,655.780000,1.190000,810,3.650000,959,1.410000,810,0.220000,959,2.600000,3.870000,1.270000,48.846154,1.270000,48.846154,1.170000,45.000000,1.070000,41.153846
E3,2026-04-08,675.000000,675.080000,1.060000,810,1.080000,959,0.910000,810,0.140000,959,1.970000,1.220000,-0.750000,-38.071066,-0.750000,-38.071066,-0.850000,-43.147208,-0.950000,-48.223350
E3,2026-04-09,680.000000,679.840000,0.880000,810,0.250000,959,1.010000,810,0.380000,959,1.890000,0.630000,-1.260000,-66.666667,-1.260000,-66.666667,-1.360000,-71.957672,-1.460000,-77.248677
E3,2026-04-10,679.000000,678.650000,0.670000,810,0.450000,959,0.950000,810,0.120000,959,1.620000,0.570000,-1.050000,-64.814815,-1.050000,-64.814815,-1.150000,-70.987654,-1.250000,-77.160494
E3,2026-04-13,683.000000,682.570000,0.530000,810,3.000000,959,0.960000,810,0.020000,959,1.490000,3.020000,1.530000,102.684564,1.530000,102.684564,1.430000,95.973154,1.330000,89.261745
E3,2026-04-14,694.000000,693.775000,0.580000,810,0.440000,959,0.820000,810,0.120000,959,1.400000,0.560000,-0.840000,-60.000000,-0.840000,-60.000000,-0.940000,-67.142857,-1.040000,-74.285714
E3,2026-04-15,697.000000,697.460000,0.920000,810,2.860000,959,0.510000,810,0.040000,959,1.430000,2.900000,1.470000,102.797203,1.470000,102.797203,1.370000,95.804196,1.270000,88.811189
E3,2026-04-16,701.000000,700.690000,0.800000,810,0.620000,959,1.080000,810,0.140000,959,1.880000,0.760000,-1.120000,-59.574468,-1.120000,-59.574468,-1.220000,-64.893617,-1.320000,-70.212766
E3,2026-04-17,710.000000,710.125000,1.080000,810,0.210000,959,0.910000,810,0.220000,959,1.990000,0.430000,-1.560000,-78.391960,-1.560000,-78.391960,-1.660000,-83.417085,-1.760000,-88.442211
E3,2026-04-20,708.000000,707.850000,0.640000,810,0.730000,959,0.810000,810,0.060000,959,1.450000,0.790000,-0.660000,-45.517241,-0.660000,-45.517241,-0.760000,-52.413793,-0.860000,-59.310345
E3,2026-04-21,705.000000,704.930000,0.990000,810,0.240000,959,1.020000,810,1.120000,959,2.010000,1.360000,-0.650000,-32.338308,-0.650000,-32.338308,-0.750000,-37.313433,-0.850000,-42.288557
E3,2026-04-22,710.000000,710.260000,0.940000,810,1.220000,959,0.690000,810,0.060000,959,1.630000,1.280000,-0.350000,-21.472393,-0.350000,-21.472393,-0.450000,-27.607362,-0.550000,-33.742331
E3,2026-04-23,706.000000,706.360000,1.780000,810,2.510000,959,1.540000,810,0.060000,959,3.320000,2.570000,-0.750000,-22.590361,-0.750000,-22.590361,-0.850000,-25.602410,-0.950000,-28.614458
E3,2026-04-24,713.000000,712.840000,0.790000,810,0.970000,959,0.840000,810,0.070000,959,1.630000,1.040000,-0.590000,-36.196319,-0.590000,-36.196319,-0.690000,-42.331288,-0.790000,-48.466258
E3,2026-04-27,715.000000,714.840000,0.690000,810,0.470000,959,0.860000,810,0.320000,959,1.550000,0.790000,-0.760000,-49.032258,-0.760000,-49.032258,-0.860000,-55.483871,-0.960000,-61.935484
E3,2026-04-28,710.000000,710.250000,0.900000,810,1.700000,959,0.660000,810,0.040000,959,1.560000,1.740000,0.180000,11.538462,0.180000,11.538462,0.080000,5.128205,-0.020000,-1.282051
E3,2026-04-30,716.000000,716.470000,1.330000,810,2.680000,959,0.880000,810,0.100000,959,2.210000,2.780000,0.570000,25.791855,0.570000,25.791855,0.470000,21.266968,0.370000,16.742081
E3,2026-05-01,723.000000,722.990000,0.630000,810,0.010000,959,0.660000,810,2.270000,959,1.290000,2.280000,0.990000,76.744186,0.990000,76.744186,0.890000,68.992248,0.790000,61.240310
E3,2026-05-04,718.000000,718.460000,1.130000,810,0.310000,959,0.610000,810,0.190000,959,1.740000,0.500000,-1.240000,-71.264368,-1.240000,-71.264368,-1.340000,-77.011494,-1.440000,-82.758621
E3,2026-05-05,724.000000,723.895000,0.550000,810,0.210000,959,0.680000,810,0.480000,959,1.230000,0.690000,-0.540000,-43.902439,-0.540000,-43.902439,-0.640000,-52.032520,-0.740000,-60.162602
E3,2026-05-06,732.000000,731.770000,0.500000,810,1.930000,959,0.730000,810,0.030000,959,1.230000,1.960000,0.730000,59.349593,0.730000,59.349593,0.630000,51.219512,0.530000,43.089431
E3,2026-05-07,731.000000,730.670000,0.870000,810,0.720000,959,1.200000,810,0.150000,959,2.070000,0.870000,-1.200000,-57.971014,-1.200000,-57.971014,-1.300000,-62.801932,-1.400000,-67.632850
E3,2026-05-08,738.000000,737.770000,0.570000,810,0.090000,959,0.840000,810,0.680000,959,1.410000,0.770000,-0.640000,-45.390071,-0.640000,-45.390071,-0.740000,-52.482270,-0.840000,-59.574468
E3,2026-05-11,740.000000,740.030000,0.590000,810,0.020000,959,0.560000,810,0.820000,959,1.150000,0.840000,-0.310000,-26.956522,-0.310000,-26.956522,-0.410000,-35.652174,-0.510000,-44.347826
E3,2026-05-12,734.000000,734.450000,1.170000,810,4.030000,959,0.720000,810,0.020000,959,1.890000,4.050000,2.160000,114.285714,2.160000,114.285714,2.060000,108.994709,1.960000,103.703704
E3,2026-05-13,743.000000,742.525000,0.500000,810,0.080000,959,1.020000,810,0.740000,959,1.520000,0.820000,-0.700000,-46.052632,-0.700000,-46.052632,-0.800000,-52.631579,-0.900000,-59.210526
E3,2026-05-14,747.000000,747.180000,1.010000,810,1.220000,959,0.850000,810,0.120000,959,1.860000,1.340000,-0.520000,-27.956989,-0.520000,-27.956989,-0.620000,-33.333333,-0.720000,-38.709677
E3,2026-05-15,743.000000,742.670000,0.870000,810,0.010000,959,1.170000,810,3.920000,959,2.040000,3.930000,1.890000,92.647059,1.890000,92.647059,1.790000,87.745098,1.690000,82.843137
E3,2026-05-18,737.000000,737.200000,1.100000,810,1.480000,959,0.920000,810,0.020000,959,2.020000,1.500000,-0.520000,-25.742574,-0.520000,-25.742574,-0.620000,-30.693069,-0.720000,-35.643564
E3,2026-05-19,737.000000,737.320000,1.190000,810,0.010000,959,0.870000,810,3.210000,959,2.060000,3.220000,1.160000,56.310680,1.160000,56.310680,1.060000,51.456311,0.960000,46.601942
E3,2026-05-20,740.000000,740.240000,1.570000,810,2.140000,959,1.480000,810,0.850000,959,3.050000,2.990000,-0.060000,-1.967213,-0.060000,-1.967213,-0.160000,-5.245902,-0.260000,-8.524590
E3,2026-05-21,743.000000,742.520000,0.810000,810,0.230000,959,1.330000,810,0.520000,959,2.140000,0.750000,-1.390000,-64.953271,-1.390000,-64.953271,-1.490000,-69.626168,-1.590000,-74.299065
E3,2026-05-22,748.000000,748.490000,1.210000,810,0.020000,959,0.780000,810,2.510000,959,1.990000,2.530000,0.540000,27.135678,0.540000,27.135678,0.440000,22.110553,0.340000,17.085427
E3,2026-05-26,749.000000,748.640000,0.690000,810,1.500000,959,1.060000,810,0.030000,959,1.750000,1.530000,-0.220000,-12.571429,-0.220000,-12.571429,-0.320000,-18.285714,-0.420000,-24.000000
E3,2026-05-27,749.000000,749.330000,0.950000,810,1.570000,959,0.640000,810,0.060000,959,1.590000,1.630000,0.040000,2.515723,0.040000,2.515723,-0.060000,-3.773585,-0.160000,-10.062893
E3,2026-05-28,754.000000,754.395000,0.810000,810,0.800000,959,0.460000,810,0.090000,959,1.270000,0.890000,-0.380000,-29.921260,-0.380000,-29.921260,-0.480000,-37.795276,-0.580000,-45.669291
E3,2026-05-29,756.000000,756.500000,1.220000,810,0.540000,959,0.700000,810,0.150000,959,1.920000,0.690000,-1.230000,-64.062500,-1.230000,-64.062500,-1.330000,-69.270833,-1.430000,-74.479167
E3,2026-06-01,759.000000,758.520000,0.440000,810,0.050000,959,0.950000,810,0.680000,959,1.390000,0.730000,-0.660000,-47.482014,-0.660000,-47.482014,-0.760000,-54.676259,-0.860000,-61.870504
E3,2026-06-02,759.000000,759.090000,0.660000,810,0.510000,959,0.560000,810,0.040000,959,1.220000,0.550000,-0.670000,-54.918033,-0.670000,-54.918033,-0.770000,-63.114754,-0.870000,-71.311475
E3,2026-06-03,754.000000,754.250000,1.200000,810,1.060000,959,0.970000,810,0.720000,959,2.170000,1.780000,-0.390000,-17.972350,-0.390000,-17.972350,-0.490000,-22.580645,-0.590000,-27.188940
E3,2026-06-04,757.000000,757.250000,0.760000,810,0.320000,959,0.530000,810,0.180000,959,1.290000,0.500000,-0.790000,-61.240310,-0.790000,-61.240310,-0.890000,-68.992248,-0.990000,-76.744186
E3,2026-06-05,744.000000,744.090000,1.280000,810,0.030000,959,1.170000,810,6.720000,959,2.450000,6.750000,4.300000,175.510204,4.300000,175.510204,4.200000,171.428571,4.100000,167.346939
E3,2026-06-08,742.000000,742.350000,1.380000,810,0.010000,959,1.030000,810,2.800000,959,2.410000,2.810000,0.400000,16.597510,0.400000,16.597510,0.300000,12.448133,0.200000,8.298755
E3,2026-06-09,731.000000,730.530000,1.770000,810,5.860000,959,2.230000,810,0.010000,959,4.000000,5.870000,1.870000,46.750000,1.870000,46.750000,1.770000,44.250000,1.670000,41.750000
E3,2026-06-10,729.000000,728.780000,1.700000,810,0.030000,959,1.920000,810,3.320000,959,3.620000,3.350000,-0.270000,-7.458564,-0.270000,-7.458564,-0.370000,-10.220994,-0.470000,-12.983425
E3,2026-06-11,734.000000,733.850000,1.840000,810,3.720000,959,2.130000,810,0.030000,959,3.970000,3.750000,-0.220000,-5.541562,-0.220000,-5.541562,-0.320000,-8.060453,-0.420000,-10.579345
E3,2026-06-12,742.000000,741.810000,1.350000,810,0.180000,959,1.550000,810,0.480000,959,2.900000,0.660000,-2.240000,-77.241379,-2.240000,-77.241379,-2.340000,-80.689655,-2.440000,-84.137931
E3,2026-06-15,756.000000,756.270000,0.860000,810,0.040000,959,0.600000,810,1.260000,959,1.460000,1.300000,-0.160000,-10.958904,-0.160000,-10.958904,-0.260000,-17.808219,-0.360000,-24.657534
E3,2026-06-16,752.000000,752.080000,0.760000,810,0.030000,959,0.750000,810,1.430000,959,1.510000,1.460000,-0.050000,-3.311258,-0.050000,-3.311258,-0.150000,-9.933775,-0.250000,-16.556291
E3,2026-06-18,748.000000,747.780000,0.720000,810,0.030000,959,0.920000,810,1.440000,959,1.640000,1.470000,-0.170000,-10.365854,-0.170000,-10.365854,-0.270000,-16.463415,-0.370000,-22.560976
E3,2026-06-22,745.000000,744.810000,0.720000,810,0.070000,959,0.920000,810,0.970000,959,1.640000,1.040000,-0.600000,-36.585366,-0.600000,-36.585366,-0.700000,-42.682927,-0.800000,-48.780488
E3,2026-06-23,737.000000,737.320000,1.230000,810,0.020000,959,0.880000,810,3.250000,959,2.110000,3.270000,1.160000,54.976303,1.160000,54.976303,1.060000,50.236967,0.960000,45.497630
E3,2026-06-24,732.000000,732.490000,1.890000,810,1.660000,959,1.370000,810,0.410000,959,3.260000,2.070000,-1.190000,-36.503067,-1.190000,-36.503067,-1.290000,-39.570552,-1.390000,-42.638037
E3,2026-06-25,733.000000,733.440000,1.510000,810,0.580000,959,1.110000,810,0.270000,959,2.620000,0.850000,-1.770000,-67.557252,-1.770000,-67.557252,-1.870000,-71.374046,-1.970000,-75.190840
E3,2026-06-26,735.000000,735.030000,1.080000,810,0.010000,959,1.110000,810,5.150000,959,2.190000,5.160000,2.970000,135.616438,2.970000,135.616438,2.870000,131.050228,2.770000,126.484018
E3,2026-06-29,740.000000,740.270000,1.040000,810,0.970000,959,0.820000,810,0.140000,959,1.860000,1.110000,-0.750000,-40.322581,-0.750000,-40.322581,-0.850000,-45.698925,-0.950000,-51.075269
E3,2026-06-30,746.000000,746.460000,1.180000,810,0.690000,959,0.730000,810,0.350000,959,1.910000,1.040000,-0.870000,-45.549738,-0.870000,-45.549738,-0.970000,-50.785340,-1.070000,-56.020942
E3,2026-07-01,748.000000,748.140000,0.830000,810,0.020000,959,0.710000,810,2.290000,959,1.540000,2.310000,0.770000,50.000000,0.770000,50.000000,0.670000,43.506494,0.570000,37.012987
E3,2026-07-02,742.000000,741.600000,0.980000,810,2.840000,959,1.380000,810,0.020000,959,2.360000,2.860000,0.500000,21.186441,0.500000,21.186441,0.400000,16.949153,0.300000,12.711864
E3,2026-07-06,750.000000,750.480000,0.990000,810,1.350000,959,0.470000,810,0.020000,959,1.460000,1.370000,-0.090000,-6.164384,-0.090000,-6.164384,-0.190000,-13.013699,-0.290000,-19.863014
E3,2026-07-07,749.000000,749.050000,0.750000,810,0.020000,959,0.710000,810,1.350000,959,1.460000,1.370000,-0.090000,-6.164384,-0.090000,-6.164384,-0.190000,-13.013699,-0.290000,-19.863014
E3,2026-07-08,746.000000,745.900000,0.990000,810,0.110000,959,1.090000,810,0.780000,959,2.080000,0.890000,-1.190000,-57.211538,-1.190000,-57.211538,-1.290000,-62.019231,-1.390000,-66.826923
E3,2026-07-09,752.000000,751.685000,0.420000,810,0.060000,959,0.740000,810,0.420000,959,1.160000,0.480000,-0.680000,-58.620690,-0.680000,-58.620690,-0.780000,-67.241379,-0.880000,-75.862069
E3,2026-07-10,754.000000,754.070000,0.600000,810,0.900000,959,0.520000,810,0.010000,959,1.120000,0.910000,-0.210000,-18.750000,-0.210000,-18.750000,-0.310000,-27.678571,-0.410000,-36.607143
E3,2026-07-13,750.000000,749.870000,0.840000,810,0.060000,959,0.900000,810,0.960000,959,1.740000,1.020000,-0.720000,-41.379310,-0.720000,-41.379310,-0.820000,-47.126437,-0.920000,-52.873563
E3,2026-07-14,752.000000,752.420000,0.920000,810,0.140000,959,0.550000,810,0.240000,959,1.470000,0.380000,-1.090000,-74.149660,-1.090000,-74.149660,-1.190000,-80.952381,-1.290000,-87.755102
E3,2026-07-15,753.000000,752.920000,0.670000,810,1.760000,959,0.750000,810,0.010000,959,1.420000,1.770000,0.350000,24.647887,0.350000,24.647887,0.250000,17.605634,0.150000,10.563380
E3,2026-07-16,753.000000,752.700000,0.710000,810,0.020000,959,1.010000,810,2.240000,959,1.720000,2.260000,0.540000,31.395349,0.540000,31.395349,0.440000,25.581395,0.340000,19.767442
E3,2026-07-17,747.000000,746.925000,1.020000,810,0.010000,959,1.070000,810,3.780000,959,2.090000,3.790000,1.700000,81.339713,1.700000,81.339713,1.600000,76.555024,1.500000,71.770335
E3,2026-07-20,744.000000,744.140000,1.010000,810,0.020000,959,0.890000,810,1.970000,959,1.900000,1.990000,0.090000,4.736842,0.090000,4.736842,-0.010000,-0.526316,-0.110000,-5.789474
E3,2026-07-21,748.000000,748.450000,0.910000,810,0.390000,959,0.470000,810,0.060000,959,1.380000,0.450000,-0.930000,-67.391304,-0.930000,-67.391304,-1.030000,-74.637681,-1.130000,-81.884058
E3,2026-07-22,749.000000,749.160000,1.100000,810,0.390000,959,0.940000,810,2.070000,959,2.040000,2.460000,0.420000,20.588235,0.420000,20.588235,0.320000,15.686275,0.220000,10.784314
E3,2026-07-23,739.000000,738.730000,0.990000,810,0.260000,959,1.310000,810,1.130000,959,2.300000,1.390000,-0.910000,-39.565217,-0.910000,-39.565217,-1.010000,-43.913043,-1.110000,-48.260870
E3,2026-07-24,742.000000,741.760000,0.700000,810,0.010000,959,0.990000,810,3.360000,959,1.690000,3.370000,1.680000,99.408284,1.680000,99.408284,1.580000,93.491124,1.480000,87.573964
E3,2026-07-27,736.000000,736.275000,1.390000,810,3.120000,959,1.040000,810,0.020000,959,2.430000,3.140000,0.710000,29.218107,0.710000,29.218107,0.610000,25.102881,0.510000,20.987654
E3,2026-07-28,741.000000,741.270000,1.060000,810,0.260000,959,0.800000,810,0.460000,959,1.860000,0.720000,-1.140000,-61.290323,-1.140000,-61.290323,-1.240000,-66.666667,-1.340000,-72.043011
E3,2026-07-30,740.000000,740.010000,1.160000,810,2.050000,959,1.350000,810,0.510000,959,2.510000,2.560000,0.050000,1.992032,0.050000,1.992032,-0.050000,-1.992032,-0.150000,-5.976096
E3,2026-07-31,746.000000,746.200000,1.090000,810,0.710000,959,0.950000,810,0.120000,959,2.040000,0.830000,-1.210000,-59.313725,-1.210000,-59.313725,-1.310000,-64.215686,-1.410000,-69.117647
E3,2026-08-03,757.000000,757.135000,0.730000,810,0.720000,959,0.610000,810,0.140000,959,1.340000,0.860000,-0.480000,-35.820896,-0.480000,-35.820896,-0.580000,-43.283582,-0.680000,-50.746269
E3,2026-08-04,771.000000,771.120000,1.300000,810,0.740000,959,1.190000,810,0.460000,959,2.490000,1.200000,-1.290000,-51.807229,-1.290000,-51.807229,-1.390000,-55.823293,-1.490000,-59.839357
E3,2026-08-05,771.000000,771.230000,1.210000,810,0.080000,959,0.970000,810,1.290000,959,2.180000,1.370000,-0.810000,-37.155963,-0.810000,-37.155963,-0.910000,-41.743119,-1.010000,-46.330275
E3,2026-08-06,768.000000,767.950000,0.840000,810,0.790000,959,0.830000,810,0.200000,959,1.670000,0.990000,-0.680000,-40.718563,-0.680000,-40.718563,-0.780000,-46.706587,-0.880000,-52.694611
E3,2026-08-07,772.000000,772.140000,0.790000,810,1.140000,959,0.630000,810,0.030000,959,1.420000,1.170000,-0.250000,-17.605634,-0.250000,-17.605634,-0.350000,-24.647887,-0.450000,-31.690141
E3,2026-08-10,773.000000,773.195000,0.710000,810,0.100000,959,0.510000,810,0.410000,959,1.220000,0.510000,-0.710000,-58.196721,-0.710000,-58.196721,-0.810000,-66.393443,-0.910000,-74.590164
E3,2026-08-11,771.000000,770.800000,0.600000,810,0.100000,959,0.770000,810,0.650000,959,1.370000,0.750000,-0.620000,-45.255474,-0.620000,-45.255474,-0.720000,-52.554745,-0.820000,-59.854015
E3,2026-08-12,773.000000,772.765000,0.500000,810,0.150000,959,0.730000,810,0.600000,959,1.230000,0.750000,-0.480000,-39.024390,-0.480000,-39.024390,-0.580000,-47.154472,-0.680000,-55.284553
E3,2026-08-13,777.000000,777.200000,0.670000,810,0.900000,959,0.490000,810,0.080000,959,1.160000,0.980000,-0.180000,-15.517241,-0.180000,-15.517241,-0.280000,-24.137931,-0.380000,-32.758621
E3,2026-08-14,776.000000,775.750000,0.460000,810,0.350000,959,0.650000,810,0.050000,959,1.110000,0.400000,-0.710000,-63.963964,-0.710000,-63.963964,-0.810000,-72.972973,-0.910000,-81.981982
E3,2026-08-17,774.000000,773.580000,0.460000,810,0.010000,959,0.800000,810,1.240000,959,1.260000,1.250000,-0.010000,-0.793651,-0.010000,-0.793651,-0.110000,-8.730159,-0.210000,-16.666667
E3,2026-08-18,768.000000,768.120000,0.690000,810,0.040000,959,0.550000,810,0.600000,959,1.240000,0.640000,-0.600000,-48.387097,-0.600000,-48.387097,-0.700000,-56.451613,-0.800000,-64.516129
E3,2026-08-19,770.000000,769.635000,0.560000,810,0.020000,959,0.930000,810,0.880000,959,1.490000,0.900000,-0.590000,-39.597315,-0.590000,-39.597315,-0.690000,-46.308725,-0.790000,-53.020134
E3,2026-08-20,765.000000,764.690000,0.610000,810,0.010000,959,0.840000,810,2.510000,959,1.450000,2.520000,1.070000,73.793103,1.070000,73.793103,0.970000,66.896552,0.870000,60.000000
E3,2026-08-21,766.000000,765.795000,0.520000,810,0.060000,959,0.680000,810,0.430000,959,1.200000,0.490000,-0.710000,-59.166667,-0.710000,-59.166667,-0.810000,-67.500000,-0.910000,-75.833333
E3,2026-08-24,763.000000,763.400000,0.860000,810,0.610000,959,0.450000,810,0.090000,959,1.310000,0.700000,-0.610000,-46.564885,-0.610000,-46.564885,-0.710000,-54.198473,-0.810000,-61.832061
E3,2026-08-25,765.000000,764.800000,0.460000,810,0.880000,959,0.650000,810,0.050000,959,1.110000,0.930000,-0.180000,-16.216216,-0.180000,-16.216216,-0.280000,-25.225225,-0.380000,-34.234234
E3,2026-08-26,766.000000,765.770000,1.130000,810,1.230000,959,1.370000,810,1.220000,959,2.500000,2.450000,-0.050000,-2.000000,-0.050000,-2.000000,-0.150000,-6.000000,-0.250000,-10.000000
E3,2026-08-27,772.000000,771.870000,0.560000,810,0.060000,959,0.730000,810,0.960000,959,1.290000,1.020000,-0.270000,-20.930233,-0.270000,-20.930233,-0.370000,-28.682171,-0.470000,-36.434109
E3,2026-08-28,769.000000,768.920000,0.950000,810,0.450000,959,1.080000,810,0.120000,959,2.030000,0.570000,-1.460000,-71.921182,-1.460000,-71.921182,-1.560000,-76.847291,-1.660000,-81.773399
E3,2026-08-31,765.000000,765.235000,0.810000,810,1.580000,959,0.550000,810,0.010000,959,1.360000,1.590000,0.230000,16.911765,0.230000,16.911765,0.130000,9.558824,0.030000,2.205882
E3,2026-09-01,762.000000,761.800000,0.670000,810,0.210000,959,0.840000,810,0.510000,959,1.510000,0.720000,-0.790000,-52.317881,-0.790000,-52.317881,-0.890000,-58.940397,-0.990000,-65.562914
E3,2026-09-02,765.000000,764.760000,0.740000,810,0.650000,959,1.000000,810,0.490000,959,1.740000,1.140000,-0.600000,-34.482759,-0.600000,-34.482759,-0.700000,-40.229885,-0.800000,-45.977011
E3,2026-09-03,773.000000,772.760000,0.480000,810,0.310000,959,0.720000,810,0.110000,959,1.200000,0.420000,-0.780000,-65.000000,-0.780000,-65.000000,-0.880000,-73.333333,-0.980000,-81.666667
E3,2026-09-04,770.000000,769.610000,0.470000,810,0.320000,959,0.830000,810,0.100000,959,1.300000,0.420000,-0.880000,-67.692308,-0.880000,-67.692308,-0.980000,-75.384615,-1.080000,-83.076923
E3,2026-09-08,768.000000,767.590000,0.370000,810,0.010000,959,0.790000,810,1.910000,959,1.160000,1.920000,0.760000,65.517241,0.760000,65.517241,0.660000,56.896552,0.560000,48.275862
E3,2026-09-09,763.000000,763.000000,0.650000,810,0.050000,959,0.660000,810,0.590000,959,1.310000,0.640000,-0.670000,-51.145038,-0.670000,-51.145038,-0.770000,-58.778626,-0.870000,-66.412214
E3,2026-09-10,758.000000,758.450000,1.100000,810,0.420000,959,0.620000,810,0.510000,959,1.720000,0.930000,-0.790000,-45.930233,-0.790000,-45.930233,-0.890000,-51.744186,-0.990000,-57.558140
E3,2026-09-11,766.000000,766.035000,0.600000,810,0.010000,959,0.570000,810,1.870000,959,1.170000,1.880000,0.710000,60.683761,0.710000,60.683761,0.610000,52.136752,0.510000,43.589744
