window,trial,date,entry_px,exit_px,net_pts_cost1
CONTEXT,U1,2006-01-20,1274.900000,1261.900000,-14.000000
CONTEXT,U1,2006-02-02,1272.300000,1270.800000,-2.500000
CONTEXT,U1,2006-02-10,1255.700000,1267.400000,10.700000
CONTEXT,U1,2006-02-28,1281.000000,1280.000000,-2.000000
CONTEXT,U1,2006-03-23,1298.500000,1302.300000,2.800000
CONTEXT,U1,2006-04-07,1301.700000,1295.000000,-7.700000
CONTEXT,U1,2006-04-11,1288.900000,1286.500000,-3.400000
CONTEXT,U1,2006-05-11,1313.900000,1305.700000,-9.200000
CONTEXT,U1,2006-05-30,1270.200000,1259.900000,-11.300000
CONTEXT,U1,2006-06-06,1261.700000,1263.900000,1.200000
CONTEXT,U1,2006-06-08,1247.700000,1257.400000,8.700000
CONTEXT,U1,2006-06-12,1249.800000,1236.300000,-14.500000
CONTEXT,U1,2006-06-19,1248.200000,1239.300000,-9.900000
CONTEXT,U1,2006-07-05,1265.500000,1270.000000,3.500000
CONTEXT,U1,2006-07-11,1260.300000,1272.500000,11.200000
CONTEXT,U1,2006-07-12,1265.700000,1258.700000,-8.000000
CONTEXT,U1,2006-07-13,1249.100000,1241.500000,-8.600000
CONTEXT,U1,2006-07-18,1230.300000,1235.800000,4.500000
CONTEXT,U1,2006-07-21,1245.900000,1239.700000,-7.200000
CONTEXT,U1,2006-08-01,1265.700000,1270.400000,3.700000
CONTEXT,U1,2006-09-22,1312.800000,1316.600000,2.800000
CONTEXT,U1,2006-10-26,1380.800000,1388.300000,6.500000
CONTEXT,U1,2006-11-14,1381.700000,1394.100000,11.400000
CONTEXT,U1,2006-11-27,1392.000000,1382.100000,-10.900000
CONTEXT,U1,2006-12-01,1392.500000,1397.000000,3.500000
CONTEXT,U1,2007-01-18,1427.100000,1425.200000,-2.900000
CONTEXT,U1,2007-01-22,1422.400000,1422.500000,-0.900000
CONTEXT,U1,2007-01-26,1419.000000,1421.500000,1.500000
CONTEXT,U1,2007-02-23,1448.900000,1451.400000,1.500000
CONTEXT,U1,2007-03-09,1403.800000,1402.600000,-2.200000
CONTEXT,U1,2007-03-22,1432.900000,1436.400000,2.500000
CONTEXT,U1,2007-03-26,1428.400000,1439.100000,9.700000
CONTEXT,U1,2007-03-28,1419.700000,1418.500000,-2.200000
CONTEXT,U1,2007-03-29,1422.000000,1424.300000,1.300000
CONTEXT,U1,2007-04-11,1441.100000,1440.200000,-1.900000
CONTEXT,U1,2007-04-24,1476.000000,1481.700000,4.700000
CONTEXT,U1,2007-06-06,1519.200000,1517.700000,-2.500000
CONTEXT,U1,2007-06-26,1495.500000,1492.800000,-3.700000
CONTEXT,U1,2007-07-20,1540.400000,1533.000000,-8.400000
CONTEXT,U1,2007-07-25,1510.100000,1517.100000,6.000000
CONTEXT,U1,2007-07-27,1474.800000,1457.200000,-18.600000
CONTEXT,U1,2007-07-31,1475.100000,1452.000000,-24.100000
CONTEXT,U1,2007-08-01,1442.900000,1464.600000,20.700000
CONTEXT,U1,2007-08-03,1459.100000,1430.500000,-29.600000
CONTEXT,U1,2007-08-06,1430.900000,1466.300000,34.400000
CONTEXT,U1,2007-08-14,1436.800000,1425.300000,-12.500000
CONTEXT,U1,2007-08-17,1428.500000,1445.200000,15.700000
CONTEXT,U1,2007-08-28,1451.700000,1433.700000,-19.000000
CONTEXT,U1,2007-09-05,1472.200000,1471.800000,-1.400000
CONTEXT,U1,2007-09-10,1446.700000,1451.300000,3.600000
CONTEXT,U1,2007-10-15,1555.100000,1551.600000,-4.500000
CONTEXT,U1,2007-10-17,1544.600000,1542.400000,-3.200000
CONTEXT,U1,2007-10-19,1519.700000,1500.800000,-19.900000
CONTEXT,U1,2007-10-24,1499.400000,1516.300000,15.900000
CONTEXT,U1,2007-11-02,1503.100000,1510.600000,6.500000
CONTEXT,U1,2007-11-06,1501.500000,1520.800000,18.300000
CONTEXT,U1,2007-11-14,1482.700000,1469.300000,-14.400000
CONTEXT,U1,2007-11-16,1449.500000,1457.800000,7.300000
CONTEXT,U1,2007-11-19,1439.100000,1433.700000,-6.400000
CONTEXT,U1,2007-11-21,1416.100000,1415.700000,-1.400000
CONTEXT,U1,2007-11-26,1432.900000,1405.500000,-28.400000
CONTEXT,U1,2007-12-12,1497.000000,1487.500000,-10.500000
CONTEXT,U1,2007-12-13,1471.900000,1489.400000,16.500000
CONTEXT,U1,2007-12-20,1450.700000,1460.400000,8.700000
CONTEXT,U1,2007-12-28,1480.500000,1477.600000,-3.900000
CONTEXT,U1,2008-01-02,1457.000000,1446.600000,-11.400000
CONTEXT,U1,2008-01-04,1420.900000,1409.500000,-12.400000
CONTEXT,U1,2008-01-07,1409.100000,1415.500000,5.400000
CONTEXT,U1,2008-01-15,1386.300000,1378.800000,-8.500000
CONTEXT,U1,2008-01-16,1366.200000,1370.500000,3.300000
CONTEXT,U1,2008-01-17,1358.900000,1330.500000,-29.400000
CONTEXT,U1,2008-01-25,1344.500000,1326.600000,-18.900000
CONTEXT,U1,2008-02-14,1358.300000,1345.800000,-13.500000
CONTEXT,U1,2008-02-19,1356.100000,1346.300000,-10.800000
CONTEXT,U1,2008-02-21,1350.800000,1340.800000,-11.000000
CONTEXT,U1,2008-02-22,1332.200000,1353.400000,20.200000
CONTEXT,U1,2008-02-29,1340.600000,1330.200000,-11.400000
CONTEXT,U1,2008-03-14,1295.800000,1287.800000,-9.000000
CONTEXT,U1,2008-03-19,1329.800000,1298.800000,-32.000000
CONTEXT,U1,2008-03-26,1339.100000,1340.300000,0.200000
CONTEXT,U1,2008-03-27,1334.600000,1325.900000,-9.700000
CONTEXT,U1,2008-04-15,1330.200000,1335.700000,4.500000
CONTEXT,U1,2008-04-24,1373.900000,1388.100000,13.200000
CONTEXT,U1,2008-04-29,1387.000000,1391.200000,3.200000
CONTEXT,U1,2008-05-02,1414.000000,1413.000000,-2.000000
CONTEXT,U1,2008-05-13,1397.200000,1402.700000,4.500000
CONTEXT,U1,2008-05-16,1415.500000,1424.800000,8.300000
CONTEXT,U1,2008-05-21,1408.900000,1390.400000,-19.500000
CONTEXT,U1,2008-05-23,1379.400000,1375.700000,-4.700000
CONTEXT,U1,2008-06-02,1387.100000,1384.900000,-3.200000
CONTEXT,U1,2008-06-06,1382.500000,1359.200000,-24.300000
CONTEXT,U1,2008-06-11,1346.800000,1335.100000,-12.700000
CONTEXT,U1,2008-06-26,1297.800000,1283.600000,-15.200000
CONTEXT,U1,2008-07-14,1243.500000,1228.000000,-16.500000
CONTEXT,U1,2008-07-15,1212.300000,1214.500000,1.200000
CONTEXT,U1,2008-07-24,1270.800000,1253.100000,-18.700000
CONTEXT,U1,2008-08-01,1260.100000,1259.400000,-1.700000
CONTEXT,U1,2008-08-04,1247.900000,1247.200000,-1.700000
CONTEXT,U1,2008-08-18,1294.700000,1279.500000,-16.200000
CONTEXT,U1,2008-08-25,1277.000000,1267.600000,-10.400000
CONTEXT,U1,2008-09-04,1254.400000,1236.400000,-19.000000
CONTEXT,U1,2008-09-05,1219.400000,1241.900000,21.500000
CONTEXT,U1,2008-09-08,1253.200000,1268.400000,14.200000
CONTEXT,U1,2008-09-09,1249.400000,1224.700000,-25.700000
CONTEXT,U1,2008-09-10,1223.700000,1231.700000,7.000000
CONTEXT,U1,2008-09-17,1182.200000,1156.500000,-26.700000
CONTEXT,U1,2008-09-18,1165.000000,1200.500000,34.500000
CONTEXT,U1,2008-09-19,1240.600000,1248.800000,7.200000
CONTEXT,U1,2008-09-22,1233.800000,1203.200000,-31.600000
CONTEXT,U1,2008-09-29,1172.400000,1128.000000,-45.400000
CONTEXT,U1,2008-10-01,1144.300000,1162.000000,16.700000
CONTEXT,U1,2008-10-02,1133.400000,1114.200000,-20.200000
CONTEXT,U1,2008-10-06,1045.900000,1063.800000,16.900000
CONTEXT,U1,2008-10-07,1058.400000,997.800000,-61.600000
CONTEXT,U1,2008-10-09,975.500000,917.700000,-58.800000
CONTEXT,U1,2008-10-14,1002.100000,998.400000,-4.700000
CONTEXT,U1,2008-10-15,950.300000,905.700000,-45.600000
CONTEXT,U1,2008-10-16,873.600000,945.100000,70.500000
CONTEXT,U1,2008-10-28,846.300000,937.400000,90.100000
CONTEXT,U1,2008-10-29,927.200000,918.700000,-9.500000
CONTEXT,U1,2008-10-30,943.700000,950.200000,5.500000
CONTEXT,U1,2008-11-06,927.300000,901.600000,-26.700000
CONTEXT,U1,2008-11-10,930.200000,917.700000,-13.500000
CONTEXT,U1,2008-11-11,885.300000,895.800000,9.500000
CONTEXT,U1,2008-11-12,867.600000,850.400000,-18.200000
CONTEXT,U1,2008-11-14,879.700000,870.200000,-10.500000
CONTEXT,U1,2008-11-17,850.300000,847.800000,-3.500000
CONTEXT,U1,2008-11-19,839.400000,806.000000,-34.400000
CONTEXT,U1,2008-11-21,747.600000,798.500000,49.900000
CONTEXT,U1,2008-11-25,849.600000,854.900000,4.300000
CONTEXT,U1,2008-12-01,845.800000,815.400000,-31.400000
CONTEXT,U1,2008-12-05,824.300000,875.200000,49.900000
CONTEXT,U1,2008-12-15,864.900000,869.600000,3.700000
CONTEXT,U1,2008-12-22,883.000000,870.700000,-13.300000
CONTEXT,U1,2008-12-29,863.500000,870.600000,6.100000
CONTEXT,U1,2009-01-06,932.200000,935.900000,2.700000
CONTEXT,U1,2009-01-07,916.000000,908.300000,-8.700000
CONTEXT,U1,2009-01-09,894.900000,890.300000,-5.600000
CONTEXT,U1,2009-01-12,880.100000,869.800000,-11.300000
CONTEXT,U1,2009-01-14,840.400000,842.600000,1.200000
CONTEXT,U1,2009-01-15,823.500000,844.100000,19.600000
CONTEXT,U1,2009-01-16,849.300000,848.500000,-1.800000
CONTEXT,U1,2009-01-20,827.000000,804.100000,-23.900000
CONTEXT,U1,2009-01-21,805.900000,839.200000,32.300000
CONTEXT,U1,2009-01-22,817.100000,826.600000,8.500000
CONTEXT,U1,2009-01-30,834.800000,825.700000,-10.100000
CONTEXT,U1,2009-02-18,784.500000,787.400000,1.900000
CONTEXT,U1,2009-02-19,790.400000,779.600000,-11.800000
CONTEXT,U1,2009-02-23,760.400000,743.400000,-18.000000
CONTEXT,U1,2009-02-25,754.800000,765.100000,9.300000
CONTEXT,U1,2009-03-02,716.300000,701.800000,-15.500000
CONTEXT,U1,2009-03-03,703.200000,696.000000,-8.200000
CONTEXT,U1,2009-03-06,676.100000,684.300000,7.200000
CONTEXT,U1,2009-03-19,794.300000,783.800000,-11.500000
CONTEXT,U1,2009-03-30,787.100000,787.300000,-0.800000
CONTEXT,U1,2009-04-03,828.600000,841.600000,12.000000
CONTEXT,U1,2009-04-16,847.800000,863.600000,14.800000
CONTEXT,U1,2009-04-17,861.100000,869.100000,7.000000
CONTEXT,U1,2009-04-20,840.600000,832.400000,-9.200000
CONTEXT,U1,2009-04-23,836.700000,851.800000,14.100000
CONTEXT,U1,2009-05-05,896.900000,902.400000,4.500000
CONTEXT,U1,2009-05-06,907.800000,918.900000,10.100000
CONTEXT,U1,2009-05-07,914.100000,905.500000,-9.600000
CONTEXT,U1,2009-05-12,905.300000,907.800000,1.500000
CONTEXT,U1,2009-05-21,884.800000,888.600000,2.800000
CONTEXT,U1,2009-06-05,945.200000,940.900000,-5.300000
CONTEXT,U1,2009-06-09,936.700000,942.500000,4.800000
CONTEXT,U1,2009-06-10,939.700000,939.200000,-1.500000
CONTEXT,U1,2009-06-15,923.900000,924.400000,-0.500000
CONTEXT,U1,2009-06-22,901.700000,893.400000,-9.300000
CONTEXT,U1,2009-06-30,917.400000,920.100000,1.700000
CONTEXT,U1,2009-07-02,903.900000,897.100000,-7.800000
CONTEXT,U1,2009-07-07,890.400000,879.800000,-11.600000
CONTEXT,U1,2009-08-05,996.900000,1002.400000,4.500000
CONTEXT,U1,2009-08-06,998.500000,997.000000,-2.500000
CONTEXT,U1,2009-08-11,996.300000,994.200000,-3.100000
CONTEXT,U1,2009-08-14,997.800000,1004.800000,6.000000
CONTEXT,U1,2009-08-27,1016.800000,1031.600000,13.800000
CONTEXT,U1,2009-08-28,1031.800000,1029.800000,-3.000000
CONTEXT,U1,2009-09-24,1052.000000,1051.000000,-2.000000
CONTEXT,U1,2009-09-30,1049.600000,1055.700000,5.100000
CONTEXT,U1,2009-10-01,1042.800000,1029.500000,-14.300000
CONTEXT,U1,2009-10-23,1084.800000,1079.800000,-6.000000
CONTEXT,U1,2009-10-28,1051.700000,1042.900000,-9.800000
CONTEXT,U1,2009-11-19,1089.600000,1095.100000,4.500000
CONTEXT,U1,2010-01-15,1136.400000,1135.600000,-1.800000
CONTEXT,U1,2010-01-20,1131.600000,1137.600000,5.000000
CONTEXT,U1,2010-01-21,1123.800000,1115.300000,-9.500000
CONTEXT,U1,2010-01-28,1088.300000,1083.300000,-6.000000
CONTEXT,U1,2010-02-04,1071.400000,1061.900000,-10.500000
CONTEXT,U1,2010-02-23,1098.000000,1094.200000,-4.800000
CONTEXT,U1,2010-03-19,1161.500000,1160.200000,-2.300000
CONTEXT,U1,2010-04-16,1199.000000,1192.200000,-7.800000
CONTEXT,U1,2010-05-04,1173.600000,1172.800000,-1.800000
CONTEXT,U1,2010-05-07,1108.300000,1109.800000,0.500000
CONTEXT,U1,2010-05-14,1138.200000,1136.200000,-3.000000
CONTEXT,U1,2010-06-17,1107.500000,1116.300000,7.800000
CONTEXT,U1,2010-06-24,1078.800000,1074.000000,-5.800000
CONTEXT,U1,2010-06-25,1069.200000,1078.200000,8.000000
CONTEXT,U1,2010-06-29,1047.600000,1041.300000,-7.300000
CONTEXT,U1,2010-07-01,1012.900000,1026.900000,13.000000
CONTEXT,U1,2010-07-15,1084.900000,1095.400000,9.500000
CONTEXT,U1,2010-07-16,1078.800000,1064.500000,-15.300000
CONTEXT,U1,2010-08-11,1093.200000,1089.500000,-4.700000
CONTEXT,U1,2010-08-19,1077.500000,1075.000000,-3.500000
CONTEXT,U1,2010-10-15,1174.900000,1177.600000,1.700000
CONTEXT,U1,2010-10-28,1181.800000,1184.300000,1.500000
CONTEXT,U1,2011-01-28,1287.200000,1275.100000,-13.100000
CONTEXT,U1,2011-03-07,1315.900000,1310.100000,-6.800000
CONTEXT,U1,2011-04-18,1297.100000,1305.300000,7.200000
CONTEXT,U1,2011-05-04,1346.500000,1347.000000,-0.500000
CONTEXT,U1,2011-05-20,1332.100000,1333.300000,0.200000
CONTEXT,U1,2011-06-01,1330.400000,1314.700000,-16.700000
CONTEXT,U1,2011-06-10,1273.200000,1270.500000,-3.700000
CONTEXT,U1,2011-06-24,1273.000000,1269.000000,-5.000000
CONTEXT,U1,2011-07-18,1300.700000,1305.200000,3.500000
CONTEXT,U1,2011-07-27,1316.100000,1304.800000,-12.300000
CONTEXT,U1,2011-08-01,1282.900000,1286.200000,2.300000
CONTEXT,U1,2011-08-03,1245.200000,1260.000000,13.800000
CONTEXT,U1,2011-08-04,1226.800000,1199.800000,-28.000000
CONTEXT,U1,2011-08-05,1195.400000,1197.700000,1.300000
CONTEXT,U1,2011-08-08,1153.400000,1119.600000,-34.800000
CONTEXT,U1,2011-08-10,1129.000000,1119.000000,-11.000000
CONTEXT,U1,2011-08-18,1145.000000,1141.800000,-4.200000
CONTEXT,U1,2011-08-22,1130.800000,1123.500000,-8.300000
CONTEXT,U1,2011-08-25,1166.900000,1159.100000,-8.800000
CONTEXT,U1,2011-09-14,1168.900000,1188.400000,18.500000
CONTEXT,U1,2011-09-15,1191.600000,1209.000000,16.400000
CONTEXT,U1,2011-09-21,1195.500000,1165.800000,-30.700000
CONTEXT,U1,2011-09-26,1138.500000,1162.200000,22.700000
CONTEXT,U1,2011-09-29,1160.400000,1160.400000,-1.000000
CONTEXT,U1,2011-10-07,1162.600000,1156.300000,-7.300000
CONTEXT,U1,2011-10-13,1191.300000,1204.000000,11.700000
CONTEXT,U1,2011-10-17,1210.800000,1201.000000,-10.800000
CONTEXT,U1,2011-10-20,1203.300000,1215.000000,10.700000
CONTEXT,U1,2011-10-26,1224.100000,1241.900000,16.800000
CONTEXT,U1,2011-11-10,1232.400000,1239.900000,6.500000
CONTEXT,U1,2011-11-21,1184.400000,1192.400000,7.000000
CONTEXT,U1,2011-12-12,1234.800000,1236.300000,0.500000
CONTEXT,U1,2011-12-28,1255.800000,1251.200000,-5.600000
CONTEXT,U1,2012-01-12,1287.700000,1295.800000,7.100000
CONTEXT,U1,2012-01-31,1309.600000,1311.300000,0.700000
CONTEXT,U1,2012-04-13,1374.600000,1370.200000,-5.400000
CONTEXT,U1,2012-05-08,1350.600000,1362.200000,10.600000
CONTEXT,U1,2012-05-23,1299.000000,1318.200000,18.200000
CONTEXT,U1,2012-05-31,1301.000000,1310.000000,8.000000
CONTEXT,U1,2012-06-07,1319.000000,1314.800000,-5.200000
CONTEXT,U1,2012-06-11,1321.600000,1309.000000,-13.600000
CONTEXT,U1,2012-07-10,1350.200000,1340.600000,-10.600000
CONTEXT,U1,2012-07-17,1346.800000,1362.600000,14.800000
CONTEXT,U1,2012-07-24,1340.400000,1337.800000,-3.600000
CONTEXT,U1,2012-11-02,1422.900000,1412.300000,-11.600000
CONTEXT,U1,2012-11-07,1395.500000,1393.700000,-2.800000
CONTEXT,U1,2012-11-14,1366.200000,1354.600000,-12.600000
CONTEXT,U2,2006-01-11,1289.400000,1295.100000,4.700000
CONTEXT,U2,2006-01-25,1268.300000,1265.000000,-4.300000
CONTEXT,U2,2006-01-26,1270.800000,1274.600000,2.800000
CONTEXT,U2,2006-01-31,1280.700000,1279.700000,-2.000000
CONTEXT,U2,2006-02-07,1259.500000,1254.800000,-5.700000
CONTEXT,U2,2006-02-17,1285.400000,1286.900000,0.500000
CONTEXT,U2,2006-02-21,1285.500000,1283.200000,-3.300000
CONTEXT,U2,2006-03-17,1306.000000,1307.500000,0.500000
CONTEXT,U2,2006-03-31,1298.700000,1295.200000,-4.500000
CONTEXT,U2,2006-04-21,1313.900000,1310.700000,-4.200000
CONTEXT,U2,2006-04-24,1306.800000,1307.800000,0.000000
CONTEXT,U2,2006-04-25,1305.700000,1301.700000,-5.000000
CONTEXT,U2,2006-05-03,1306.800000,1307.800000,0.000000
CONTEXT,U2,2006-05-12,1299.300000,1290.400000,-9.900000
CONTEXT,U2,2006-05-16,1293.600000,1291.600000,-3.000000
CONTEXT,U2,2006-05-19,1263.000000,1266.700000,2.700000
CONTEXT,U2,2006-05-25,1263.400000,1273.400000,9.000000
CONTEXT,U2,2006-05-26,1274.500000,1280.000000,4.500000
CONTEXT,U2,2006-06-13,1230.400000,1223.200000,-8.200000
CONTEXT,U2,2006-06-16,1249.800000,1251.000000,0.200000
CONTEXT,U2,2006-06-22,1246.000000,1245.100000,-1.900000
CONTEXT,U2,2006-06-28,1239.800000,1246.100000,5.300000
CONTEXT,U2,2006-07-14,1236.300000,1235.400000,-1.900000
CONTEXT,U2,2006-07-26,1262.200000,1267.400000,4.200000
CONTEXT,U2,2006-08-07,1274.900000,1275.600000,-0.300000
CONTEXT,U2,2006-08-11,1266.900000,1265.900000,-2.000000
CONTEXT,U2,2006-08-18,1295.400000,1301.900000,5.500000
CONTEXT,U2,2006-08-23,1294.800000,1292.600000,-3.200000
CONTEXT,U2,2006-08-24,1294.200000,1295.200000,0.000000
CONTEXT,U2,2006-08-29,1298.100000,1304.800000,5.700000
CONTEXT,U2,2006-09-05,1309.500000,1313.700000,3.200000
CONTEXT,U2,2006-09-07,1294.000000,1294.000000,-1.000000
CONTEXT,U2,2006-09-11,1292.000000,1300.000000,7.000000
CONTEXT,U2,2006-09-15,1324.500000,1321.300000,-4.200000
CONTEXT,U2,2006-09-19,1320.700000,1320.700000,-1.000000
CONTEXT,U2,2006-09-25,1315.900000,1328.100000,11.200000
CONTEXT,U2,2006-09-28,1337.000000,1340.100000,2.100000
CONTEXT,U2,2006-10-17,1361.400000,1365.900000,3.500000
CONTEXT,U2,2006-10-18,1367.500000,1366.500000,-2.000000
CONTEXT,U2,2006-10-20,1366.000000,1369.000000,2.000000
CONTEXT,U2,2006-11-01,1379.000000,1368.500000,-11.500000
CONTEXT,U2,2006-11-03,1368.000000,1364.800000,-4.200000
CONTEXT,U2,2006-11-16,1399.600000,1400.100000,-0.500000
CONTEXT,U2,2006-11-30,1398.100000,1400.900000,1.800000
CONTEXT,U2,2006-12-07,1412.400000,1408.200000,-5.200000
CONTEXT,U2,2006-12-13,1413.500000,1413.800000,-0.700000
CONTEXT,U2,2006-12-21,1422.400000,1418.400000,-5.000000
CONTEXT,U2,2006-12-22,1415.100000,1410.600000,-5.500000
CONTEXT,U2,2007-01-05,1411.200000,1409.000000,-3.200000
CONTEXT,U2,2007-01-08,1406.200000,1413.100000,5.900000
CONTEXT,U2,2007-01-25,1435.300000,1423.300000,-13.000000
CONTEXT,U2,2007-02-06,1444.600000,1447.100000,1.500000
CONTEXT,U2,2007-02-08,1443.400000,1447.600000,3.200000
CONTEXT,U2,2007-02-12,1435.200000,1433.500000,-2.700000
CONTEXT,U2,2007-02-26,1453.500000,1449.800000,-4.700000
CONTEXT,U2,2007-02-27,1432.000000,1397.300000,-35.700000
CONTEXT,U2,2007-03-16,1394.300000,1388.300000,-7.000000
CONTEXT,U2,2007-03-27,1431.500000,1430.800000,-1.700000
CONTEXT,U2,2007-04-25,1484.800000,1495.300000,9.500000
CONTEXT,U2,2007-05-01,1482.300000,1486.300000,3.000000
CONTEXT,U2,2007-05-24,1517.600000,1507.900000,-10.700000
CONTEXT,U2,2007-06-12,1499.400000,1493.200000,-7.200000
CONTEXT,U2,2007-06-18,1531.500000,1531.800000,-0.700000
CONTEXT,U2,2007-06-20,1534.800000,1512.500000,-23.300000
CONTEXT,U2,2007-06-22,1515.000000,1504.600000,-11.400000
CONTEXT,U2,2007-07-05,1522.800000,1525.600000,1.800000
CONTEXT,U2,2007-07-09,1528.400000,1531.900000,2.500000
CONTEXT,U2,2007-07-18,1539.100000,1546.400000,6.300000
CONTEXT,U2,2007-07-19,1549.200000,1552.200000,2.000000
CONTEXT,U2,2007-07-26,1497.800000,1484.700000,-14.100000
CONTEXT,U2,2007-08-02,1461.500000,1471.000000,8.500000
CONTEXT,U2,2007-08-10,1436.000000,1453.400000,16.400000
CONTEXT,U2,2007-08-13,1460.500000,1453.600000,-7.900000
CONTEXT,U2,2007-08-16,1393.200000,1414.600000,20.400000
CONTEXT,U2,2007-08-20,1445.300000,1445.100000,-1.200000
CONTEXT,U2,2007-08-23,1465.900000,1462.500000,-4.400000
CONTEXT,U2,2007-08-27,1471.000000,1466.500000,-5.500000
CONTEXT,U2,2007-08-31,1470.300000,1470.800000,-0.500000
CONTEXT,U2,2007-09-06,1473.100000,1478.700000,4.600000
CONTEXT,U2,2007-09-07,1455.800000,1453.800000,-3.000000
CONTEXT,U2,2007-09-17,1475.900000,1476.700000,-0.200000
CONTEXT,U2,2007-09-20,1525.600000,1518.400000,-8.200000
CONTEXT,U2,2007-09-28,1529.600000,1528.600000,-2.000000
CONTEXT,U2,2007-10-02,1545.400000,1548.400000,2.000000
CONTEXT,U2,2007-10-10,1561.000000,1563.500000,1.500000
CONTEXT,U2,2007-10-16,1542.800000,1540.800000,-3.000000
CONTEXT,U2,2007-10-23,1510.200000,1520.400000,9.200000
CONTEXT,U2,2007-10-26,1526.700000,1535.500000,7.800000
CONTEXT,U2,2007-10-29,1537.000000,1540.500000,2.500000
CONTEXT,U2,2007-11-01,1527.400000,1506.800000,-21.600000
CONTEXT,U2,2007-11-07,1499.400000,1474.800000,-25.600000
CONTEXT,U2,2007-11-30,1483.200000,1482.800000,-1.400000
CONTEXT,U2,2007-12-07,1506.200000,1504.500000,-2.700000
CONTEXT,U2,2007-12-11,1513.900000,1477.200000,-37.700000
CONTEXT,U2,2007-12-18,1451.700000,1454.000000,1.300000
CONTEXT,U2,2007-12-27,1489.300000,1477.700000,-12.600000
CONTEXT,U2,2007-12-31,1469.400000,1466.000000,-4.400000
CONTEXT,U2,2008-01-18,1335.300000,1323.700000,-12.600000
CONTEXT,U2,2008-01-24,1335.200000,1347.200000,11.000000
CONTEXT,U2,2008-02-04,1383.200000,1376.500000,-7.700000
CONTEXT,U2,2008-02-05,1350.600000,1333.500000,-18.100000
CONTEXT,U2,2008-02-11,1323.600000,1335.100000,10.500000
CONTEXT,U2,2008-02-13,1350.700000,1362.900000,11.200000
CONTEXT,U2,2008-03-03,1324.700000,1329.700000,4.000000
CONTEXT,U2,2008-03-04,1312.300000,1325.100000,11.800000
CONTEXT,U2,2008-03-06,1320.500000,1304.000000,-17.500000
CONTEXT,U2,2008-03-10,1290.700000,1274.200000,-17.500000
CONTEXT,U2,2008-03-11,1299.000000,1320.000000,20.000000
CONTEXT,U2,2008-03-13,1286.500000,1314.700000,27.200000
CONTEXT,U2,2008-03-25,1346.500000,1352.000000,4.500000
CONTEXT,U2,2008-03-28,1328.100000,1315.100000,-14.000000
CONTEXT,U2,2008-04-04,1368.200000,1371.200000,2.000000
CONTEXT,U2,2008-04-09,1363.600000,1355.100000,-9.500000
CONTEXT,U2,2008-04-21,1380.500000,1388.800000,7.300000
CONTEXT,U2,2008-04-25,1389.900000,1398.900000,8.000000
CONTEXT,U2,2008-05-05,1404.100000,1406.300000,1.200000
CONTEXT,U2,2008-05-07,1413.600000,1391.100000,-23.500000
CONTEXT,U2,2008-05-08,1392.400000,1397.100000,3.700000
CONTEXT,U2,2008-05-20,1417.100000,1414.100000,-4.000000
CONTEXT,U2,2008-05-28,1384.800000,1390.800000,5.000000
CONTEXT,U2,2008-06-17,1361.200000,1350.700000,-11.500000
CONTEXT,U2,2008-06-18,1336.700000,1338.700000,1.000000
CONTEXT,U2,2008-06-20,1327.000000,1318.000000,-10.000000
CONTEXT,U2,2008-06-23,1319.300000,1319.000000,-1.300000
CONTEXT,U2,2008-06-27,1280.300000,1280.100000,-1.200000
CONTEXT,U2,2008-07-10,1242.200000,1254.000000,10.800000
CONTEXT,U2,2008-07-17,1247.800000,1259.300000,10.500000
CONTEXT,U2,2008-07-18,1258.800000,1259.300000,-0.500000
CONTEXT,U2,2008-07-21,1261.800000,1259.500000,-3.300000
CONTEXT,U2,2008-08-12,1296.200000,1290.500000,-6.700000
CONTEXT,U2,2008-08-13,1280.700000,1286.000000,4.300000
CONTEXT,U2,2008-08-19,1267.000000,1267.300000,-0.700000
CONTEXT,U2,2008-08-29,1288.100000,1283.100000,-6.000000
CONTEXT,U2,2008-10-22,923.200000,897.500000,-26.700000
CONTEXT,U2,2008-11-13,853.900000,910.300000,55.400000
CONTEXT,U2,2008-12-10,895.100000,897.700000,1.600000
CONTEXT,U2,2008-12-26,870.700000,873.500000,1.800000
CONTEXT,U2,2009-02-17,795.800000,789.000000,-7.800000
CONTEXT,U2,2009-03-05,693.600000,683.400000,-11.200000
CONTEXT,U2,2009-03-13,751.300000,756.300000,4.000000
CONTEXT,U2,2009-03-18,771.800000,793.800000,21.000000
CONTEXT,U2,2009-03-20,784.500000,767.100000,-18.400000
CONTEXT,U2,2009-03-24,810.400000,805.900000,-5.500000
CONTEXT,U2,2009-03-26,820.400000,831.700000,10.300000
CONTEXT,U2,2009-04-06,828.000000,834.200000,5.200000
CONTEXT,U2,2009-05-01,869.000000,876.500000,6.500000
CONTEXT,U2,2009-05-08,915.300000,927.800000,11.500000
CONTEXT,U2,2009-05-13,889.200000,884.200000,-6.000000
CONTEXT,U2,2009-05-28,896.000000,906.000000,9.000000
CONTEXT,U2,2009-06-03,933.000000,932.500000,-1.500000
CONTEXT,U2,2009-06-08,932.000000,939.500000,6.500000
CONTEXT,U2,2009-06-17,907.100000,911.300000,3.200000
CONTEXT,U2,2009-06-23,891.400000,894.600000,2.200000
CONTEXT,U2,2009-06-26,915.100000,918.100000,2.000000
CONTEXT,U2,2009-07-08,880.300000,879.200000,-2.100000
CONTEXT,U2,2009-07-09,882.000000,881.700000,-1.300000
CONTEXT,U2,2009-07-14,898.800000,905.800000,6.000000
CONTEXT,U2,2009-07-17,936.300000,940.500000,3.200000
CONTEXT,U2,2009-07-20,942.400000,949.900000,6.500000
CONTEXT,U2,2009-07-21,952.800000,954.300000,0.500000
CONTEXT,U2,2009-07-24,966.500000,979.500000,12.000000
CONTEXT,U2,2009-07-27,973.800000,982.100000,7.300000
CONTEXT,U2,2009-08-17,981.400000,979.600000,-2.800000
CONTEXT,U2,2009-09-03,997.100000,1002.900000,4.800000
CONTEXT,U2,2009-09-18,1069.000000,1068.700000,-1.300000
CONTEXT,U2,2009-09-23,1069.200000,1061.600000,-8.600000
CONTEXT,U2,2009-09-29,1060.000000,1060.700000,-0.300000
CONTEXT,U2,2009-10-16,1083.000000,1088.300000,4.300000
CONTEXT,U2,2009-10-20,1095.300000,1091.300000,-5.000000
CONTEXT,U2,2009-10-30,1057.800000,1034.700000,-24.100000
CONTEXT,U2,2009-11-11,1097.900000,1098.900000,0.000000
CONTEXT,U2,2009-12-04,1111.200000,1106.400000,-5.800000
CONTEXT,U2,2009-12-08,1092.600000,1092.100000,-1.500000
CONTEXT,U2,2009-12-18,1098.500000,1103.000000,3.500000
CONTEXT,U2,2009-12-28,1126.800000,1128.300000,0.500000
CONTEXT,U2,2009-12-31,1124.200000,1114.300000,-10.900000
CONTEXT,U2,2010-01-11,1145.100000,1146.900000,0.800000
CONTEXT,U2,2010-01-25,1097.500000,1095.700000,-2.800000
CONTEXT,U2,2010-02-09,1063.700000,1069.400000,4.700000
CONTEXT,U2,2010-02-10,1062.900000,1067.100000,3.200000
CONTEXT,U2,2010-02-22,1107.600000,1107.500000,-1.100000
CONTEXT,U2,2010-03-12,1148.400000,1149.900000,0.500000
CONTEXT,U2,2010-04-07,1184.200000,1183.400000,-1.800000
CONTEXT,U2,2010-04-13,1191.400000,1197.900000,5.500000
CONTEXT,U2,2010-04-30,1203.900000,1186.100000,-18.800000
CONTEXT,U2,2010-05-06,1157.000000,1126.400000,-31.600000
CONTEXT,U2,2010-05-17,1132.500000,1136.800000,3.300000
CONTEXT,U2,2010-05-18,1139.000000,1121.000000,-19.000000
CONTEXT,U2,2010-05-20,1084.300000,1071.300000,-14.000000
CONTEXT,U2,2010-05-28,1096.100000,1089.600000,-7.500000
CONTEXT,U2,2010-06-07,1060.800000,1050.100000,-11.700000
CONTEXT,U2,2010-06-08,1048.300000,1061.300000,12.000000
CONTEXT,U2,2010-06-21,1125.600000,1113.500000,-13.100000
CONTEXT,U2,2010-06-23,1089.800000,1092.300000,1.500000
CONTEXT,U2,2010-07-02,1024.600000,1021.100000,-4.500000
CONTEXT,U2,2010-07-08,1062.700000,1070.000000,6.300000
CONTEXT,U2,2010-07-19,1062.900000,1071.400000,7.500000
CONTEXT,U2,2010-07-21,1081.800000,1069.000000,-13.800000
CONTEXT,U2,2010-07-27,1113.100000,1113.100000,-1.000000
CONTEXT,U2,2010-07-29,1107.200000,1100.700000,-7.500000
CONTEXT,U2,2010-08-06,1108.800000,1120.800000,11.000000
CONTEXT,U2,2010-08-10,1113.600000,1120.800000,6.200000
CONTEXT,U2,2010-08-18,1088.800000,1094.100000,4.300000
CONTEXT,U2,2010-08-20,1068.200000,1071.200000,2.000000
CONTEXT,U2,2010-08-23,1071.100000,1066.800000,-5.300000
CONTEXT,U2,2010-08-27,1052.100000,1063.800000,10.700000
CONTEXT,U2,2010-09-03,1096.500000,1104.500000,7.000000
CONTEXT,U2,2010-09-07,1095.800000,1091.500000,-5.300000
CONTEXT,U2,2010-09-09,1106.400000,1103.900000,-3.500000
CONTEXT,U2,2010-09-17,1128.200000,1127.700000,-1.500000
CONTEXT,U2,2010-09-21,1143.200000,1142.500000,-1.700000
CONTEXT,U2,2010-09-28,1143.200000,1149.400000,5.200000
CONTEXT,U2,2010-09-30,1148.000000,1142.700000,-6.300000
CONTEXT,U2,2010-10-01,1144.200000,1147.700000,2.500000
CONTEXT,U2,2010-10-04,1142.900000,1138.900000,-5.000000
CONTEXT,U2,2010-10-07,1160.700000,1160.200000,-1.500000
CONTEXT,U2,2010-10-27,1175.100000,1183.400000,7.300000
CONTEXT,U2,2010-11-08,1219.500000,1223.700000,3.200000
CONTEXT,U2,2010-11-10,1209.800000,1219.000000,8.200000
CONTEXT,U2,2010-11-12,1201.100000,1200.000000,-2.100000
CONTEXT,U2,2010-11-16,1184.400000,1179.400000,-6.000000
CONTEXT,U2,2010-11-29,1178.000000,1188.300000,9.300000
CONTEXT,U2,2010-12-07,1230.900000,1223.900000,-8.000000
CONTEXT,U2,2010-12-08,1222.800000,1228.500000,4.700000
CONTEXT,U2,2010-12-09,1230.000000,1233.500000,2.500000
CONTEXT,U2,2010-12-20,1242.100000,1247.100000,4.000000
CONTEXT,U2,2010-12-28,1256.200000,1259.000000,1.800000
CONTEXT,U2,2011-01-04,1267.400000,1269.600000,1.200000
CONTEXT,U2,2011-01-07,1271.700000,1271.200000,-1.500000
CONTEXT,U2,2011-01-19,1286.900000,1281.600000,-6.300000
CONTEXT,U2,2011-01-20,1272.000000,1280.300000,7.300000
CONTEXT,U2,2011-02-03,1298.300000,1305.800000,6.500000
CONTEXT,U2,2011-02-04,1302.800000,1309.500000,5.700000
CONTEXT,U2,2011-03-01,1325.200000,1305.400000,-20.800000
CONTEXT,U2,2011-03-04,1325.000000,1320.800000,-5.200000
CONTEXT,U2,2011-03-09,1312.500000,1320.000000,6.500000
CONTEXT,U2,2011-03-10,1300.400000,1294.900000,-6.500000
CONTEXT,U2,2011-03-14,1292.000000,1296.200000,3.200000
CONTEXT,U2,2011-03-16,1271.900000,1257.100000,-15.800000
CONTEXT,U2,2011-03-22,1295.000000,1295.200000,-0.800000
CONTEXT,U2,2011-03-23,1287.900000,1298.400000,9.500000
CONTEXT,U2,2011-04-08,1332.900000,1329.100000,-4.800000
CONTEXT,U2,2011-04-12,1311.000000,1315.000000,3.000000
CONTEXT,U2,2011-04-25,1332.200000,1335.400000,2.200000
CONTEXT,U2,2011-04-27,1345.000000,1355.800000,9.800000
CONTEXT,U2,2011-05-11,1350.800000,1342.200000,-9.600000
CONTEXT,U2,2011-05-12,1334.700000,1348.700000,13.000000
CONTEXT,U2,2011-05-13,1345.400000,1337.800000,-8.600000
CONTEXT,U2,2011-05-19,1337.400000,1343.600000,5.200000
CONTEXT,U2,2011-05-31,1337.500000,1345.500000,7.000000
CONTEXT,U2,2011-06-06,1292.300000,1285.800000,-7.500000
CONTEXT,U2,2011-06-17,1277.500000,1272.200000,-6.300000
CONTEXT,U2,2011-06-23,1267.000000,1284.600000,16.600000
CONTEXT,U2,2011-07-11,1320.200000,1320.000000,-1.200000
CONTEXT,U2,2011-07-15,1309.900000,1316.900000,6.000000
CONTEXT,U2,2011-07-22,1341.500000,1345.000000,2.500000
CONTEXT,U2,2011-08-12,1177.700000,1178.500000,-0.200000
CONTEXT,U2,2011-08-30,1200.300000,1211.600000,10.300000
CONTEXT,U2,2011-09-16,1209.000000,1217.000000,7.000000
CONTEXT,U2,2011-09-19,1191.100000,1204.400000,12.300000
CONTEXT,U2,2011-09-28,1173.100000,1151.000000,-23.100000
CONTEXT,U2,2011-10-25,1241.500000,1229.400000,-13.100000
CONTEXT,U2,2011-10-27,1269.700000,1285.000000,14.300000
CONTEXT,U2,2011-11-03,1246.000000,1260.800000,13.800000
CONTEXT,U2,2011-11-04,1242.900000,1252.700000,8.800000
CONTEXT,U2,2011-11-07,1245.400000,1260.200000,13.800000
CONTEXT,U2,2011-11-08,1262.700000,1276.700000,13.000000
CONTEXT,U2,2011-11-22,1185.900000,1187.600000,0.700000
CONTEXT,U2,2011-11-23,1169.500000,1162.000000,-8.500000
CONTEXT,U2,2011-12-07,1249.700000,1261.500000,10.800000
CONTEXT,U2,2011-12-08,1248.700000,1234.900000,-14.800000
CONTEXT,U2,2011-12-13,1240.000000,1225.000000,-16.000000
CONTEXT,U2,2011-12-14,1213.400000,1211.600000,-2.800000
CONTEXT,U2,2011-12-15,1217.100000,1216.300000,-1.800000
CONTEXT,U2,2011-12-19,1216.700000,1204.900000,-12.800000
CONTEXT,U2,2011-12-21,1234.200000,1244.000000,8.800000
CONTEXT,U2,2012-01-06,1278.200000,1278.900000,-0.300000
CONTEXT,U2,2012-01-09,1277.700000,1280.700000,2.000000
CONTEXT,U2,2012-01-13,1283.200000,1289.900000,5.700000
CONTEXT,U2,2012-01-26,1322.800000,1318.500000,-5.300000
CONTEXT,U2,2012-02-09,1348.200000,1351.900000,2.700000
CONTEXT,U2,2012-02-13,1348.100000,1351.100000,2.000000
CONTEXT,U2,2012-02-17,1358.300000,1361.500000,2.200000
CONTEXT,U2,2012-02-29,1368.600000,1364.900000,-4.700000
CONTEXT,U2,2012-03-06,1344.900000,1343.100000,-2.800000
CONTEXT,U2,2012-03-28,1407.600000,1405.600000,-3.000000
CONTEXT,U2,2012-03-30,1404.400000,1407.600000,2.200000
CONTEXT,U2,2012-04-04,1395.000000,1398.600000,2.600000
CONTEXT,U2,2012-04-10,1374.600000,1357.800000,-17.800000
CONTEXT,U2,2012-04-16,1369.800000,1368.600000,-2.200000
CONTEXT,U2,2012-04-23,1360.200000,1366.000000,4.800000
CONTEXT,U2,2012-05-04,1375.600000,1367.200000,-9.400000
CONTEXT,U2,2012-05-10,1358.200000,1357.200000,-2.000000
CONTEXT,U2,2012-05-17,1321.200000,1304.600000,-17.600000
CONTEXT,U2,2012-05-30,1313.600000,1313.000000,-1.600000
CONTEXT,U2,2012-06-01,1283.800000,1277.200000,-7.600000
CONTEXT,U2,2012-06-04,1275.200000,1276.600000,0.400000
CONTEXT,U2,2012-06-20,1355.200000,1355.700000,-0.500000
CONTEXT,U2,2012-06-21,1349.600000,1325.200000,-25.400000
CONTEXT,U2,2012-06-25,1313.400000,1313.400000,-1.000000
CONTEXT,U2,2012-06-28,1315.400000,1328.000000,11.600000
CONTEXT,U2,2012-07-02,1358.000000,1364.600000,5.600000
CONTEXT,U2,2012-07-12,1327.600000,1334.600000,6.000000
CONTEXT,U2,2012-07-25,1331.800000,1337.400000,4.600000
CONTEXT,U2,2012-08-13,1399.200000,1404.200000,4.000000
CONTEXT,U2,2012-08-30,1398.800000,1399.800000,0.000000
CONTEXT,U2,2012-09-04,1396.600000,1404.100000,6.500000
CONTEXT,U2,2012-09-21,1463.000000,1459.200000,-4.800000
CONTEXT,U2,2012-09-26,1432.600000,1433.600000,0.000000
CONTEXT,U2,2012-09-28,1437.000000,1439.200000,1.200000
CONTEXT,U2,2012-10-02,1443.400000,1444.400000,0.000000
CONTEXT,U2,2012-10-09,1445.200000,1441.200000,-5.000000
CONTEXT,U2,2012-10-19,1446.400000,1431.800000,-15.600000
CONTEXT,U2,2012-10-23,1409.200000,1411.700000,1.500000
CONTEXT,U2,2012-10-25,1411.400000,1411.800000,-0.600000
CONTEXT,U2,2012-10-26,1405.500000,1410.600000,4.100000
CONTEXT,U2,2012-11-12,1376.600000,1378.800000,1.200000
CONTEXT,U2,2012-11-15,1352.400000,1352.600000,-0.800000
CONTEXT,U2,2012-11-16,1347.600000,1359.300000,10.700000
CONTEXT,U2,2012-12-03,1414.400000,1409.000000,-6.400000
CONTEXT,U2,2012-12-05,1399.600000,1409.000000,8.400000
CONTEXT,U2,2012-12-07,1414.000000,1417.800000,2.800000
CONTEXT,U2,2012-12-12,1430.800000,1428.800000,-3.000000
CONTEXT,U2,2012-12-19,1446.000000,1437.400000,-9.600000
CONTEXT,U2,2012-12-26,1423.400000,1420.400000,-4.000000
CONTEXT,U2,2012-12-27,1412.000000,1418.400000,5.400000
CONTEXT,U3,2006-01-27,1283.800000,1283.600000,-0.800000
CONTEXT,U3,2006-03-10,1281.700000,1282.300000,-1.600000
CONTEXT,U3,2006-04-03,1306.400000,1297.800000,7.600000
CONTEXT,U3,2006-04-13,1290.400000,1288.200000,1.200000
CONTEXT,U3,2006-04-27,1304.900000,1309.400000,-5.500000
CONTEXT,U3,2006-05-15,1292.200000,1294.200000,-3.000000
CONTEXT,U3,2006-05-24,1259.500000,1257.800000,0.700000
CONTEXT,U3,2006-05-31,1268.500000,1269.500000,-2.000000
CONTEXT,U3,2006-06-01,1275.400000,1285.100000,-10.700000
CONTEXT,U3,2006-06-15,1243.200000,1256.200000,-14.000000
CONTEXT,U3,2006-06-21,1247.200000,1252.200000,-6.000000
CONTEXT,U3,2006-06-29,1256.800000,1272.500000,-16.700000
CONTEXT,U3,2006-07-06,1276.800000,1273.400000,2.400000
CONTEXT,U3,2006-07-19,1254.800000,1258.800000,-5.000000
CONTEXT,U3,2006-07-24,1255.200000,1260.500000,-6.300000
CONTEXT,U3,2006-08-03,1276.600000,1279.100000,-3.500000
CONTEXT,U3,2006-08-28,1301.200000,1301.700000,-1.500000
CONTEXT,U3,2006-09-12,1307.100000,1312.400000,-6.300000
CONTEXT,U3,2006-10-23,1375.000000,1377.000000,-3.000000
CONTEXT,U3,2006-11-06,1375.300000,1380.000000,-5.700000
CONTEXT,U3,2006-11-13,1387.500000,1385.300000,1.200000
CONTEXT,U3,2006-11-28,1385.900000,1387.200000,-2.300000
CONTEXT,U3,2006-12-14,1422.700000,1425.200000,-3.500000
CONTEXT,U3,2007-01-11,1424.200000,1423.200000,0.000000
CONTEXT,U3,2007-02-14,1453.200000,1454.400000,-2.200000
CONTEXT,U3,2007-02-28,1412.900000,1406.400000,5.500000
CONTEXT,U3,2007-03-01,1402.800000,1402.800000,-1.000000
CONTEXT,U3,2007-03-05,1387.300000,1373.600000,12.700000
CONTEXT,U3,2007-03-15,1393.400000,1392.200000,0.200000
CONTEXT,U3,2007-03-19,1402.300000,1404.600000,-3.300000
CONTEXT,U3,2007-04-03,1438.500000,1438.800000,-1.300000
CONTEXT,U3,2007-04-16,1466.100000,1469.300000,-4.200000
CONTEXT,U3,2007-05-02,1497.300000,1496.400000,-0.100000
CONTEXT,U3,2007-05-11,1504.100000,1507.400000,-4.300000
CONTEXT,U3,2007-06-14,1524.100000,1523.400000,-0.300000
CONTEXT,U3,2007-06-21,1518.800000,1522.000000,-4.200000
CONTEXT,U3,2007-06-25,1512.900000,1498.600000,13.300000
CONTEXT,U3,2007-07-02,1516.700000,1519.400000,-3.700000
CONTEXT,U3,2007-07-11,1515.000000,1518.800000,-4.800000
CONTEXT,U3,2007-07-12,1531.800000,1548.000000,-17.200000
CONTEXT,U3,2007-07-13,1552.000000,1551.600000,-0.600000
CONTEXT,U3,2007-08-08,1494.200000,1497.200000,-4.000000
CONTEXT,U3,2007-08-09,1481.900000,1453.800000,27.100000
CONTEXT,U3,2007-08-15,1434.900000,1406.300000,27.600000
CONTEXT,U3,2007-08-30,1461.900000,1458.000000,2.900000
CONTEXT,U3,2007-09-04,1483.300000,1489.600000,-7.300000
CONTEXT,U3,2007-09-11,1464.100000,1472.400000,-9.300000
CONTEXT,U3,2007-09-14,1480.800000,1484.000000,-4.200000
CONTEXT,U3,2007-09-19,1535.500000,1528.700000,5.800000
CONTEXT,U3,2007-10-01,1538.800000,1549.300000,-11.500000
CONTEXT,U3,2007-11-05,1504.200000,1501.200000,2.000000
CONTEXT,U3,2007-11-12,1458.800000,1438.400000,19.400000
CONTEXT,U3,2007-11-20,1449.700000,1439.800000,8.900000
CONTEXT,U3,2007-11-27,1424.500000,1428.800000,-5.300000
CONTEXT,U3,2007-11-28,1457.300000,1470.500000,-14.200000
CONTEXT,U3,2007-12-06,1489.600000,1508.400000,-19.800000
CONTEXT,U3,2007-12-10,1518.000000,1517.300000,-0.300000
CONTEXT,U3,2007-12-14,1486.000000,1467.500000,17.500000
CONTEXT,U3,2007-12-19,1460.500000,1451.800000,7.700000
CONTEXT,U3,2008-01-22,1302.700000,1307.200000,-5.500000
CONTEXT,U3,2008-01-23,1291.800000,1335.400000,-44.600000
CONTEXT,U3,2008-01-28,1334.900000,1350.600000,-16.700000
CONTEXT,U3,2008-01-31,1348.600000,1369.600000,-22.000000
CONTEXT,U3,2008-02-07,1326.400000,1333.700000,-8.300000
CONTEXT,U3,2008-02-12,1357.800000,1345.600000,11.200000
CONTEXT,U3,2008-02-25,1359.200000,1369.200000,-11.000000
CONTEXT,U3,2008-02-27,1383.100000,1377.400000,4.700000
CONTEXT,U3,2008-03-07,1304.600000,1292.700000,10.900000
CONTEXT,U3,2008-03-17,1279.600000,1275.900000,2.700000
CONTEXT,U3,2008-03-18,1307.700000,1329.200000,-22.500000
CONTEXT,U3,2008-03-20,1313.000000,1329.200000,-17.200000
CONTEXT,U3,2008-03-24,1351.800000,1349.800000,1.000000
CONTEXT,U3,2008-03-31,1319.900000,1321.900000,-3.000000
CONTEXT,U3,2008-04-01,1352.400000,1369.900000,-18.500000
CONTEXT,U3,2008-04-10,1362.300000,1360.100000,1.200000
CONTEXT,U3,2008-04-16,1355.500000,1363.200000,-8.700000
CONTEXT,U3,2008-05-01,1389.700000,1409.000000,-20.300000
CONTEXT,U3,2008-05-06,1405.600000,1417.600000,-13.000000
CONTEXT,U3,2008-05-19,1432.100000,1426.100000,5.000000
CONTEXT,U3,2008-05-29,1397.000000,1397.600000,-1.600000
CONTEXT,U3,2008-06-04,1383.700000,1377.200000,5.500000
CONTEXT,U3,2008-06-05,1392.200000,1403.200000,-12.000000
CONTEXT,U3,2008-06-10,1358.500000,1357.300000,0.200000
CONTEXT,U3,2008-06-12,1350.600000,1340.300000,9.300000
CONTEXT,U3,2008-06-13,1355.100000,1359.600000,-5.500000
CONTEXT,U3,2008-06-16,1360.400000,1359.900000,-0.500000
CONTEXT,U3,2008-06-25,1328.500000,1322.800000,4.700000
CONTEXT,U3,2008-06-30,1288.100000,1279.900000,7.200000
CONTEXT,U3,2008-07-01,1282.400000,1285.100000,-3.700000
CONTEXT,U3,2008-07-16,1225.300000,1244.500000,-20.200000
CONTEXT,U3,2008-07-22,1257.300000,1276.500000,-20.200000
CONTEXT,U3,2008-07-23,1285.000000,1281.500000,2.500000
CONTEXT,U3,2008-07-29,1247.600000,1261.600000,-15.000000
CONTEXT,U3,2008-07-31,1283.800000,1266.600000,16.200000
CONTEXT,U3,2008-08-05,1267.200000,1282.600000,-16.400000
CONTEXT,U3,2008-08-08,1282.200000,1294.900000,-13.700000
CONTEXT,U3,2008-08-14,1290.700000,1292.500000,-2.800000
CONTEXT,U3,2008-08-22,1290.800000,1292.300000,-2.500000
CONTEXT,U3,2008-08-26,1274.100000,1271.100000,2.000000
CONTEXT,U3,2008-09-11,1226.700000,1250.200000,-24.500000
CONTEXT,U3,2008-09-12,1248.200000,1253.000000,-5.800000
CONTEXT,U3,2008-09-15,1234.000000,1199.000000,34.000000
CONTEXT,U3,2008-09-16,1200.500000,1214.200000,-14.700000
CONTEXT,U3,2008-09-25,1203.800000,1212.000000,-9.200000
CONTEXT,U3,2008-09-26,1198.600000,1215.100000,-17.500000
CONTEXT,U3,2008-10-03,1148.900000,1102.800000,45.100000
CONTEXT,U3,2008-10-08,989.600000,983.400000,5.200000
CONTEXT,U3,2008-10-10,883.600000,905.800000,-23.200000
CONTEXT,U3,2008-10-13,948.200000,1010.800000,-63.600000
CONTEXT,U3,2008-10-17,946.400000,938.200000,7.200000
CONTEXT,U3,2008-10-21,971.800000,951.300000,19.500000
CONTEXT,U3,2008-10-23,920.500000,906.500000,13.000000
CONTEXT,U3,2008-10-24,869.600000,870.600000,-2.000000
CONTEXT,U3,2008-10-27,871.200000,844.100000,26.100000
CONTEXT,U3,2008-10-31,951.700000,968.000000,-17.300000
CONTEXT,U3,2008-11-04,997.300000,1001.800000,-5.500000
CONTEXT,U3,2008-11-05,992.100000,949.500000,41.600000
CONTEXT,U3,2008-11-07,921.300000,927.800000,-7.500000
CONTEXT,U3,2008-11-18,854.400000,856.600000,-3.200000
CONTEXT,U3,2008-11-20,802.000000,752.100000,48.900000
CONTEXT,U3,2008-11-24,834.400000,844.300000,-10.900000
CONTEXT,U3,2008-11-26,857.100000,885.100000,-29.000000
CONTEXT,U3,2008-12-02,834.900000,848.600000,-14.700000
CONTEXT,U3,2008-12-03,856.400000,869.900000,-14.500000
CONTEXT,U3,2008-12-04,873.200000,843.500000,28.700000
CONTEXT,U3,2008-12-08,909.800000,907.100000,1.700000
CONTEXT,U3,2008-12-09,914.900000,887.900000,26.000000
CONTEXT,U3,2008-12-11,897.900000,874.000000,22.900000
CONTEXT,U3,2008-12-12,868.700000,879.700000,-12.000000
CONTEXT,U3,2008-12-19,903.000000,887.700000,14.300000
CONTEXT,U3,2008-12-31,900.100000,905.100000,-6.000000
CONTEXT,U3,2009-01-02,917.300000,932.400000,-16.100000
CONTEXT,U3,2009-01-05,933.500000,930.200000,2.300000
CONTEXT,U3,2009-01-13,873.800000,870.800000,2.000000
CONTEXT,U3,2009-01-23,815.800000,830.100000,-15.300000
CONTEXT,U3,2009-01-26,849.800000,836.000000,12.800000
CONTEXT,U3,2009-02-02,818.800000,824.100000,-6.300000
CONTEXT,U3,2009-02-04,848.300000,830.700000,16.600000
CONTEXT,U3,2009-02-05,835.700000,844.500000,-9.800000
CONTEXT,U3,2009-02-06,859.700000,867.700000,-9.000000
CONTEXT,U3,2009-02-09,873.800000,869.300000,3.500000
CONTEXT,U3,2009-02-20,768.600000,770.100000,-2.500000
CONTEXT,U3,2009-02-24,753.900000,771.900000,-19.000000
CONTEXT,U3,2009-02-27,744.700000,735.400000,8.300000
CONTEXT,U3,2009-03-09,685.200000,676.200000,8.000000
CONTEXT,U3,2009-03-10,705.200000,717.400000,-13.200000
CONTEXT,U3,2009-03-12,732.100000,750.400000,-19.300000
CONTEXT,U3,2009-03-23,799.700000,823.300000,-24.600000
CONTEXT,U3,2009-03-25,821.200000,814.100000,6.100000
CONTEXT,U3,2009-04-01,800.800000,808.800000,-9.000000
CONTEXT,U3,2009-04-02,835.700000,833.100000,1.600000
CONTEXT,U3,2009-04-21,834.100000,848.600000,-15.500000
CONTEXT,U3,2009-04-22,853.300000,843.300000,9.000000
CONTEXT,U3,2009-04-27,866.900000,856.400000,9.500000
CONTEXT,U3,2009-04-28,858.600000,853.300000,4.300000
CONTEXT,U3,2009-04-29,872.100000,871.800000,-0.700000
CONTEXT,U3,2009-05-04,894.900000,906.900000,-13.000000
CONTEXT,U3,2009-05-18,898.500000,909.800000,-12.300000
CONTEXT,U3,2009-05-26,903.600000,909.600000,-7.000000
CONTEXT,U3,2009-06-01,942.400000,943.600000,-2.200000
CONTEXT,U3,2009-06-24,910.400000,901.100000,8.300000
CONTEXT,U3,2009-06-25,905.800000,920.900000,-16.100000
CONTEXT,U3,2009-07-01,930.900000,923.100000,6.800000
CONTEXT,U3,2009-07-13,887.300000,900.300000,-14.000000
CONTEXT,U3,2009-07-22,954.000000,954.000000,-1.000000
CONTEXT,U3,2009-07-23,970.500000,975.500000,-6.000000
CONTEXT,U3,2009-07-30,996.200000,985.900000,9.300000
CONTEXT,U3,2009-08-07,1013.800000,1009.800000,3.000000
CONTEXT,U3,2009-08-12,1007.000000,1005.500000,0.500000
CONTEXT,U3,2009-08-19,987.000000,997.300000,-11.300000
CONTEXT,U3,2009-08-21,1023.700000,1026.700000,-4.000000
CONTEXT,U3,2009-09-14,1042.300000,1048.700000,-7.400000
CONTEXT,U3,2009-09-28,1061.100000,1063.800000,-3.700000
CONTEXT,U3,2009-10-02,1026.700000,1025.400000,0.300000
CONTEXT,U3,2009-10-05,1036.300000,1040.300000,-5.000000
CONTEXT,U3,2009-10-06,1057.000000,1055.300000,0.700000
CONTEXT,U3,2009-10-21,1099.300000,1081.400000,16.900000
CONTEXT,U3,2009-10-26,1088.900000,1066.800000,21.100000
CONTEXT,U3,2009-11-05,1063.700000,1066.200000,-3.500000
CONTEXT,U3,2009-11-09,1084.000000,1093.500000,-10.500000
CONTEXT,U3,2009-11-16,1110.800000,1109.600000,0.200000
CONTEXT,U3,2010-01-04,1131.200000,1133.000000,-2.800000
CONTEXT,U3,2010-01-19,1145.000000,1149.700000,-5.700000
CONTEXT,U3,2010-03-22,1163.800000,1166.300000,-3.500000
CONTEXT,U3,2010-04-29,1206.200000,1206.200000,-1.000000
CONTEXT,U3,2010-05-21,1074.700000,1087.700000,-14.000000
CONTEXT,U3,2010-06-01,1090.900000,1070.900000,19.000000
CONTEXT,U3,2010-07-07,1043.900000,1059.700000,-16.800000
CONTEXT,U3,2010-07-20,1063.800000,1082.600000,-19.800000
CONTEXT,U3,2010-07-22,1094.800000,1092.800000,1.000000
CONTEXT,U3,2010-07-30,1100.400000,1100.400000,-1.000000
CONTEXT,U3,2010-08-12,1084.400000,1082.900000,0.500000
CONTEXT,U3,2010-08-16,1079.500000,1079.200000,-0.700000
CONTEXT,U3,2010-08-31,1052.900000,1047.900000,4.000000
CONTEXT,U3,2010-09-01,1078.300000,1079.800000,-2.500000
CONTEXT,U3,2010-09-08,1100.200000,1098.700000,0.500000
CONTEXT,U3,2010-09-20,1140.000000,1145.100000,-6.100000
CONTEXT,U3,2010-09-24,1147.800000,1150.300000,-3.500000
CONTEXT,U3,2010-10-20,1177.700000,1179.200000,-2.500000
CONTEXT,U3,2010-11-18,1200.800000,1197.300000,2.500000
CONTEXT,U3,2010-12-02,1217.800000,1222.100000,-5.300000
CONTEXT,U3,2011-02-07,1320.400000,1317.400000,2.000000
CONTEXT,U3,2011-02-11,1325.000000,1328.900000,-4.900000
CONTEXT,U3,2011-03-02,1312.400000,1308.400000,3.000000
CONTEXT,U3,2011-03-15,1272.700000,1281.700000,-10.000000
CONTEXT,U3,2011-05-16,1341.600000,1329.800000,10.800000
CONTEXT,U3,2011-06-03,1306.000000,1299.700000,5.300000
CONTEXT,U3,2011-06-20,1275.500000,1279.000000,-4.500000
CONTEXT,U3,2011-06-21,1292.500000,1296.300000,-4.800000
CONTEXT,U3,2011-06-27,1277.500000,1280.300000,-3.800000
CONTEXT,U3,2011-07-01,1330.700000,1340.300000,-10.600000
CONTEXT,U3,2011-07-13,1330.400000,1318.600000,10.800000
CONTEXT,U3,2011-07-21,1343.100000,1344.100000,-2.000000
CONTEXT,U3,2011-07-29,1297.400000,1291.600000,4.800000
CONTEXT,U3,2011-08-09,1145.600000,1171.600000,-27.000000
CONTEXT,U3,2011-08-11,1151.000000,1170.300000,-20.300000
CONTEXT,U3,2011-08-19,1144.500000,1123.200000,20.300000
CONTEXT,U3,2011-08-23,1135.200000,1160.700000,-26.500000
CONTEXT,U3,2011-08-26,1159.300000,1175.100000,-16.800000
CONTEXT,U3,2011-09-08,1202.500000,1185.000000,16.500000
CONTEXT,U3,2011-09-20,1218.500000,1203.300000,14.200000
CONTEXT,U3,2011-09-23,1134.300000,1134.700000,-1.400000
CONTEXT,U3,2011-10-04,1090.000000,1122.400000,-33.400000
CONTEXT,U3,2011-10-05,1133.100000,1143.900000,-11.800000
CONTEXT,U3,2011-10-10,1188.700000,1195.700000,-8.000000
CONTEXT,U3,2011-10-11,1196.700000,1196.200000,-0.500000
CONTEXT,U3,2011-10-24,1248.800000,1253.800000,-6.000000
CONTEXT,U3,2011-11-01,1227.100000,1217.800000,8.300000
CONTEXT,U3,2011-11-11,1265.700000,1264.400000,0.300000
CONTEXT,U3,2011-11-16,1253.500000,1237.400000,15.100000
CONTEXT,U3,2011-11-30,1239.800000,1246.300000,-7.500000
CONTEXT,U3,2011-12-09,1250.100000,1255.100000,-6.000000
CONTEXT,U3,2011-12-20,1236.000000,1241.500000,-6.500000
CONTEXT,U3,2012-01-18,1302.300000,1307.800000,-6.500000
CONTEXT,U3,2012-04-12,1381.800000,1387.600000,-6.800000
CONTEXT,U3,2012-04-17,1386.200000,1389.600000,-4.400000
CONTEXT,U3,2012-05-11,1361.600000,1352.400000,8.200000
CONTEXT,U3,2012-05-21,1309.000000,1315.400000,-7.400000
CONTEXT,U3,2012-05-22,1327.400000,1316.600000,9.800000
CONTEXT,U3,2012-06-06,1304.400000,1315.000000,-11.600000
CONTEXT,U3,2012-07-13,1350.200000,1355.800000,-6.600000
CONTEXT,U3,2012-07-18,1371.000000,1372.200000,-2.200000
CONTEXT,U3,2012-09-06,1430.000000,1431.800000,-2.800000
CONTEXT,U3,2012-10-01,1454.000000,1442.800000,10.200000
CONTEXT,U3,2012-11-01,1424.600000,1426.000000,-2.400000
CONTEXT,U3,2012-11-09,1382.600000,1378.000000,3.600000
CONTEXT,U3,2012-11-13,1386.400000,1374.000000,11.400000
SELECTION,U1,2013-02-07,1501.000000,1508.200000,6.200000
SELECTION,U1,2013-04-17,1546.600000,1549.200000,1.600000
SELECTION,U1,2013-06-12,1624.400000,1612.200000,-13.200000
SELECTION,U1,2013-10-03,1677.400000,1677.600000,-0.800000
SELECTION,U1,2013-11-07,1761.000000,1747.600000,-14.400000
SELECTION,U1,2014-02-03,1762.800000,1740.000000,-23.800000
SELECTION,U1,2014-03-24,1853.000000,1856.300000,2.300000
SELECTION,U1,2014-04-10,1859.200000,1831.400000,-28.800000
SELECTION,U1,2014-05-15,1869.500000,1871.000000,0.500000
SELECTION,U1,2014-07-31,1942.200000,1929.200000,-14.000000
SELECTION,U1,2014-08-15,1950.200000,1954.600000,3.400000
SELECTION,U1,2014-09-25,1974.400000,1966.000000,-9.400000
SELECTION,U1,2015-01-02,2053.000000,2056.400000,2.400000
SELECTION,U1,2015-01-05,2030.000000,2019.800000,-11.200000
SELECTION,U1,2015-01-09,2045.200000,2043.400000,-2.800000
SELECTION,U1,2015-01-12,2033.000000,2027.400000,-6.600000
SELECTION,U1,2015-01-15,2005.000000,1990.600000,-15.400000
SELECTION,U1,2015-01-20,2006.600000,2021.200000,13.600000
SELECTION,U1,2015-01-28,2023.600000,2000.000000,-24.600000
SELECTION,U1,2015-03-13,2045.400000,2053.400000,7.000000
SELECTION,U1,2015-05-26,2105.600000,2103.600000,-3.000000
SELECTION,U1,2015-05-29,2106.800000,2107.000000,-0.800000
SELECTION,U1,2015-07-07,2047.900000,2081.000000,32.100000
SELECTION,U1,2015-08-25,1932.400000,1866.800000,-66.600000
SELECTION,U1,2015-08-26,1893.200000,1940.200000,46.000000
SELECTION,U1,2015-09-02,1925.500000,1948.000000,21.500000
SELECTION,U1,2015-09-09,1971.200000,1940.600000,-31.600000
SELECTION,U1,2015-09-24,1907.800000,1930.600000,21.800000
SELECTION,U1,2015-09-28,1907.400000,1879.800000,-28.600000
SELECTION,U1,2015-10-01,1909.500000,1921.900000,11.400000
SELECTION,U1,2015-12-07,2070.600000,2076.800000,5.200000
SELECTION,U1,2015-12-17,2056.000000,2041.400000,-15.600000
SELECTION,U1,2016-01-04,1992.000000,2011.800000,18.800000
SELECTION,U1,2016-01-11,1914.800000,1921.400000,5.600000
SELECTION,U1,2016-01-19,1887.600000,1880.000000,-8.600000
SELECTION,U1,2016-01-20,1825.200000,1857.000000,30.800000
SELECTION,U1,2016-01-28,1883.600000,1889.800000,5.200000
SELECTION,U1,2016-02-03,1885.200000,1910.400000,24.200000
SELECTION,U1,2016-02-05,1889.000000,1876.800000,-13.200000
SELECTION,U1,2016-02-08,1840.800000,1851.000000,9.200000
SELECTION,U1,2016-02-23,1925.000000,1919.600000,-6.400000
SELECTION,U1,2016-06-27,1990.400000,1998.800000,7.400000
SELECTION,U1,2016-08-02,2152.200000,2157.000000,3.800000
SELECTION,U1,2016-09-13,2130.400000,2126.200000,-5.200000
SELECTION,U1,2016-10-11,2141.800000,2135.400000,-7.400000
SELECTION,U1,2016-10-27,2132.800000,2131.600000,-2.200000
SELECTION,U1,2016-11-10,2153.400000,2166.800000,12.400000
SELECTION,U1,2017-01-12,2254.000000,2269.000000,14.000000
SELECTION,U1,2017-01-30,2268.600000,2279.000000,9.400000
SELECTION,U1,2017-03-21,2360.200000,2343.400000,-17.800000
SELECTION,U1,2017-04-11,2338.000000,2352.800000,13.800000
SELECTION,U1,2018-02-08,2648.800000,2577.000000,-72.800000
SELECTION,U1,2018-02-09,2586.200000,2617.400000,30.200000
SELECTION,U1,2018-02-15,2692.000000,2730.600000,37.600000
SELECTION,U1,2018-03-06,2713.800000,2727.400000,12.600000
SELECTION,U1,2018-03-19,2722.200000,2711.000000,-12.200000
SELECTION,U1,2018-04-02,2593.200000,2575.200000,-19.000000
SELECTION,U1,2018-04-13,2649.600000,2652.600000,2.000000
SELECTION,U1,2018-05-03,2594.000000,2624.200000,29.200000
SELECTION,U1,2018-05-24,2704.800000,2725.400000,19.600000
SELECTION,U1,2018-06-25,2722.000000,2716.400000,-6.600000
SELECTION,U1,2018-08-15,2805.200000,2817.600000,11.400000
SELECTION,U1,2018-10-10,2849.000000,2789.200000,-60.800000
SELECTION,U1,2018-10-11,2761.000000,2727.600000,-34.400000
SELECTION,U1,2018-10-17,2785.600000,2808.200000,21.600000
SELECTION,U1,2018-10-24,2718.400000,2654.000000,-65.400000
SELECTION,U1,2018-10-26,2629.800000,2653.400000,22.600000
SELECTION,U1,2018-11-02,2727.800000,2718.400000,-10.400000
SELECTION,U1,2018-11-12,2743.400000,2725.200000,-19.200000
SELECTION,U1,2018-11-14,2721.400000,2701.400000,-21.000000
SELECTION,U1,2018-12-03,2777.600000,2789.800000,11.200000
SELECTION,U1,2018-12-06,2640.800000,2696.000000,54.200000
SELECTION,U1,2018-12-10,2595.800000,2637.200000,40.400000
SELECTION,U1,2018-12-26,2348.000000,2466.600000,117.600000
SELECTION,U1,2018-12-28,2480.600000,2484.800000,3.200000
SELECTION,U1,2019-01-03,2460.400000,2447.000000,-14.400000
SELECTION,U1,2019-01-08,2553.800000,2573.800000,19.000000
SELECTION,U1,2019-03-07,2750.200000,2748.600000,-2.600000
SELECTION,U1,2019-03-22,2824.000000,2801.400000,-23.600000
SELECTION,U1,2019-05-07,2884.800000,2882.600000,-3.200000
SELECTION,U1,2019-05-09,2837.800000,2868.600000,29.800000
SELECTION,U1,2019-05-10,2829.200000,2881.600000,51.400000
SELECTION,U1,2019-06-05,2805.200000,2826.800000,20.600000
SELECTION,U1,2019-08-02,2911.400000,2928.400000,16.000000
SELECTION,U1,2019-08-05,2864.000000,2841.000000,-24.000000
SELECTION,U1,2019-08-14,2863.600000,2838.600000,-26.000000
SELECTION,U1,2019-08-22,2906.400000,2921.800000,14.400000
SELECTION,U1,2019-10-01,2958.600000,2938.600000,-21.000000
SELECTION,U1,2019-10-02,2891.400000,2886.000000,-6.400000
SELECTION,U1,2019-12-02,3115.000000,3115.000000,-1.000000
SELECTION,U1,2019-12-30,3223.400000,3223.000000,-1.400000
SELECTION,U1,2020-01-31,3248.600000,3225.700000,-23.900000
SELECTION,U1,2020-02-25,3202.200000,3129.400000,-73.800000
SELECTION,U1,2020-03-10,2783.600000,2882.400000,97.800000
SELECTION,U1,2020-03-11,2782.200000,2739.400000,-43.800000
SELECTION,U1,2020-03-13,2540.400000,2704.600000,163.200000
SELECTION,U1,2020-03-23,2245.600000,2207.900000,-38.700000
SELECTION,U1,2020-04-07,2693.000000,2654.600000,-39.400000
SELECTION,U1,2020-04-13,2725.200000,2758.000000,31.800000
SELECTION,U1,2020-04-17,2838.400000,2870.800000,31.400000
SELECTION,U1,2020-04-21,2742.200000,2733.000000,-10.200000
SELECTION,U1,2020-04-28,2863.200000,2863.200000,-1.000000
SELECTION,U2,2013-01-08,1452.000000,1456.600000,3.600000
SELECTION,U2,2013-01-10,1461.800000,1471.400000,8.600000
SELECTION,U2,2013-01-28,1499.000000,1499.800000,-0.200000
SELECTION,U2,2013-02-20,1525.600000,1510.600000,-16.000000
SELECTION,U2,2013-02-25,1514.600000,1487.000000,-28.600000
SELECTION,U2,2013-02-26,1490.800000,1497.200000,5.400000
SELECTION,U2,2013-03-06,1540.400000,1541.200000,-0.200000
SELECTION,U2,2013-03-08,1545.600000,1550.200000,3.600000
SELECTION,U2,2013-03-19,1549.800000,1547.200000,-3.600000
SELECTION,U2,2013-03-25,1551.200000,1550.400000,-1.800000
SELECTION,U2,2013-04-01,1558.000000,1560.600000,1.600000
SELECTION,U2,2013-04-03,1560.400000,1552.400000,-9.000000
SELECTION,U2,2013-04-12,1580.200000,1587.400000,6.200000
SELECTION,U2,2013-04-18,1547.800000,1540.000000,-8.800000
SELECTION,U2,2013-04-22,1550.600000,1560.200000,8.600000
SELECTION,U2,2013-04-26,1578.200000,1581.000000,1.800000
SELECTION,U2,2013-05-21,1663.800000,1668.600000,3.800000
SELECTION,U2,2013-05-29,1640.800000,1648.600000,6.800000
SELECTION,U2,2013-06-03,1628.400000,1639.400000,10.000000
SELECTION,U2,2013-06-05,1617.400000,1607.800000,-10.600000
SELECTION,U2,2013-06-14,1628.800000,1626.200000,-3.600000
SELECTION,U2,2013-06-20,1603.000000,1586.600000,-17.400000
SELECTION,U2,2013-06-21,1589.600000,1592.200000,1.600000
SELECTION,U2,2013-06-24,1567.200000,1571.600000,3.400000
SELECTION,U2,2013-06-26,1596.800000,1602.600000,4.800000
SELECTION,U2,2013-07-05,1618.600000,1630.200000,10.600000
SELECTION,U2,2013-07-23,1690.600000,1692.000000,0.400000
SELECTION,U2,2013-07-24,1688.400000,1684.600000,-4.800000
SELECTION,U2,2013-07-26,1675.000000,1690.400000,14.400000
SELECTION,U2,2013-08-06,1691.800000,1695.800000,3.000000
SELECTION,U2,2013-08-07,1686.400000,1690.200000,2.800000
SELECTION,U2,2013-08-08,1689.600000,1696.000000,5.400000
SELECTION,U2,2013-08-13,1684.800000,1693.600000,7.800000
SELECTION,U2,2013-08-14,1687.000000,1685.000000,-3.000000
SELECTION,U2,2013-08-15,1661.600000,1660.600000,-2.000000
SELECTION,U2,2013-08-30,1632.000000,1631.200000,-1.800000
SELECTION,U2,2013-09-16,1701.600000,1697.600000,-5.000000
SELECTION,U2,2013-09-20,1721.200000,1709.600000,-12.600000
SELECTION,U2,2013-09-23,1698.600000,1701.600000,2.000000
SELECTION,U2,2013-10-08,1667.000000,1654.800000,-13.200000
SELECTION,U2,2013-10-09,1650.600000,1655.800000,4.200000
SELECTION,U2,2013-10-23,1742.000000,1745.600000,2.600000
SELECTION,U2,2013-11-04,1760.200000,1766.800000,5.600000
SELECTION,U2,2013-11-06,1764.600000,1769.800000,4.200000
SELECTION,U2,2013-12-05,1786.000000,1785.600000,-1.400000
SELECTION,U2,2013-12-11,1794.400000,1782.000000,-13.400000
SELECTION,U2,2013-12-17,1778.400000,1780.800000,1.400000
SELECTION,U2,2014-01-02,1837.200000,1832.000000,-6.200000
SELECTION,U2,2014-01-06,1827.800000,1826.000000,-2.800000
SELECTION,U2,2014-01-09,1832.200000,1837.800000,4.600000
SELECTION,U2,2014-01-10,1836.800000,1842.200000,4.400000
SELECTION,U2,2014-01-16,1839.600000,1844.800000,4.200000
SELECTION,U2,2014-01-21,1840.600000,1842.400000,0.800000
SELECTION,U2,2014-01-22,1840.200000,1843.600000,2.400000
SELECTION,U2,2014-01-23,1823.600000,1827.800000,3.200000
SELECTION,U2,2014-01-24,1806.800000,1788.400000,-19.400000
SELECTION,U2,2014-01-27,1783.200000,1779.600000,-4.600000
SELECTION,U2,2014-02-05,1741.200000,1749.200000,7.000000
SELECTION,U2,2014-03-07,1875.800000,1878.000000,1.200000
SELECTION,U2,2014-03-10,1867.700000,1877.800000,9.100000
SELECTION,U2,2014-03-13,1864.400000,1847.500000,-17.900000
SELECTION,U2,2014-03-25,1859.400000,1865.400000,5.000000
SELECTION,U2,2014-03-26,1867.900000,1851.300000,-17.600000
SELECTION,U2,2014-04-03,1888.100000,1887.200000,-1.900000
SELECTION,U2,2014-04-04,1890.800000,1864.900000,-26.900000
SELECTION,U2,2014-04-07,1852.900000,1843.900000,-10.000000
SELECTION,U2,2014-04-15,1825.200000,1841.800000,15.600000
SELECTION,U2,2014-04-16,1847.000000,1860.800000,12.800000
SELECTION,U2,2014-04-24,1874.900000,1877.400000,1.500000
SELECTION,U2,2014-04-25,1862.200000,1861.900000,-1.300000
SELECTION,U2,2014-05-06,1872.400000,1865.900000,-7.500000
SELECTION,U2,2014-05-07,1864.100000,1876.900000,11.800000
SELECTION,U2,2014-05-09,1867.900000,1877.900000,9.000000
SELECTION,U2,2014-06-02,1919.400000,1924.400000,4.000000
SELECTION,U2,2014-06-12,1935.600000,1929.800000,-6.800000
SELECTION,U2,2014-06-26,1950.200000,1956.600000,5.400000
SELECTION,U2,2014-07-08,1964.200000,1964.000000,-1.200000
SELECTION,U2,2014-07-15,1970.400000,1973.400000,2.000000
SELECTION,U2,2014-07-16,1976.400000,1980.600000,3.200000
SELECTION,U2,2014-07-21,1964.600000,1973.200000,7.600000
SELECTION,U2,2014-07-28,1968.600000,1977.400000,7.800000
SELECTION,U2,2014-07-30,1965.400000,1969.400000,3.000000
SELECTION,U2,2014-08-04,1920.600000,1937.400000,15.800000
SELECTION,U2,2014-08-07,1919.200000,1907.800000,-12.400000
SELECTION,U2,2014-08-22,1985.000000,1988.200000,2.200000
SELECTION,U2,2014-09-09,1993.000000,1988.000000,-6.000000
SELECTION,U2,2014-09-10,1984.800000,1995.600000,9.800000
SELECTION,U2,2014-09-22,1995.600000,1994.400000,-2.200000
SELECTION,U2,2014-10-01,1961.400000,1945.000000,-17.400000
SELECTION,U2,2014-10-02,1934.200000,1945.200000,10.000000
SELECTION,U2,2014-10-06,1967.200000,1964.000000,-4.200000
SELECTION,U2,2014-10-08,1926.600000,1967.600000,40.000000
SELECTION,U2,2014-10-09,1955.600000,1927.400000,-29.200000
SELECTION,U2,2014-10-10,1923.600000,1905.800000,-18.800000
SELECTION,U2,2014-10-13,1897.600000,1873.800000,-24.800000
SELECTION,U2,2014-10-31,2012.000000,2015.800000,2.800000
SELECTION,U2,2014-11-04,2001.000000,2010.000000,8.000000
SELECTION,U2,2014-11-05,2019.400000,2022.400000,2.000000
SELECTION,U2,2014-11-19,2040.800000,2049.600000,7.800000
SELECTION,U2,2014-11-21,2067.200000,2064.400000,-3.800000
SELECTION,U2,2014-11-25,2067.800000,2069.200000,0.400000
SELECTION,U2,2014-12-01,2051.200000,2054.400000,2.200000
SELECTION,U2,2014-12-04,2064.200000,2072.600000,7.400000
SELECTION,U2,2014-12-10,2048.800000,2026.600000,-23.200000
SELECTION,U2,2014-12-12,2016.800000,2003.200000,-14.600000
SELECTION,U2,2014-12-15,2002.800000,1988.800000,-15.000000
SELECTION,U2,2015-01-06,2013.600000,2000.000000,-14.600000
SELECTION,U2,2015-01-27,2021.800000,2027.000000,4.200000
SELECTION,U2,2015-01-29,1991.400000,2019.400000,27.000000
SELECTION,U2,2015-02-02,1989.600000,2017.600000,27.000000
SELECTION,U2,2015-02-10,2049.800000,2066.200000,15.400000
SELECTION,U2,2015-03-03,2104.400000,2107.200000,1.800000
SELECTION,U2,2015-03-04,2092.600000,2098.200000,4.600000
SELECTION,U2,2015-03-10,2056.400000,2045.000000,-12.400000
SELECTION,U2,2015-03-11,2043.400000,2040.000000,-4.400000
SELECTION,U2,2015-04-01,2058.400000,2059.000000,-0.400000
SELECTION,U2,2015-04-17,2079.400000,2079.200000,-1.200000
SELECTION,U2,2015-04-21,2098.600000,2096.200000,-3.400000
SELECTION,U2,2015-04-27,2118.000000,2107.200000,-11.800000
SELECTION,U2,2015-04-30,2092.400000,2083.000000,-10.400000
SELECTION,U2,2015-05-05,2101.800000,2087.000000,-15.800000
SELECTION,U2,2015-05-06,2085.500000,2078.400000,-8.100000
SELECTION,U2,2015-05-13,2097.000000,2097.800000,-0.200000
SELECTION,U2,2015-06-01,2109.800000,2111.400000,0.600000
SELECTION,U2,2015-06-08,2086.600000,2079.200000,-8.400000
SELECTION,U2,2015-06-12,2091.200000,2094.000000,1.800000
SELECTION,U2,2015-06-30,2062.800000,2060.400000,-3.400000
SELECTION,U2,2015-07-01,2074.500000,2076.600000,1.100000
SELECTION,U2,2015-07-02,2076.900000,2074.100000,-3.800000
SELECTION,U2,2015-07-09,2066.700000,2049.900000,-17.800000
SELECTION,U2,2015-07-24,2091.300000,2079.000000,-13.300000
SELECTION,U2,2015-08-06,2088.700000,2082.300000,-7.400000
SELECTION,U2,2015-08-07,2073.000000,2076.700000,2.700000
SELECTION,U2,2015-08-12,2055.600000,2085.600000,29.000000
SELECTION,U2,2015-08-19,2075.300000,2079.300000,3.000000
SELECTION,U2,2015-08-21,2006.500000,1970.800000,-36.700000
SELECTION,U2,2015-09-08,1948.400000,1968.600000,19.200000
SELECTION,U2,2015-09-11,1940.800000,1960.600000,18.800000
SELECTION,U2,2015-09-14,1955.800000,1953.100000,-3.700000
SELECTION,U2,2015-09-22,1933.200000,1940.300000,6.100000
SELECTION,U2,2015-10-14,1994.800000,1993.300000,-2.500000
SELECTION,U2,2015-10-21,2030.700000,2018.200000,-13.500000
SELECTION,U2,2015-11-04,2102.600000,2102.300000,-1.300000
SELECTION,U2,2015-11-05,2091.400000,2099.200000,6.800000
SELECTION,U2,2015-11-09,2079.200000,2077.800000,-2.400000
SELECTION,U2,2015-11-11,2075.200000,2073.800000,-2.400000
SELECTION,U2,2015-11-13,2031.100000,2021.900000,-10.200000
SELECTION,U2,2015-11-30,2087.000000,2081.800000,-6.200000
SELECTION,U2,2015-12-03,2071.600000,2050.400000,-22.200000
SELECTION,U2,2015-12-14,2006.000000,2023.200000,16.200000
SELECTION,U2,2015-12-16,2051.000000,2073.600000,21.600000
SELECTION,U2,2015-12-18,2023.200000,2003.000000,-21.200000
SELECTION,U2,2015-12-22,2025.200000,2039.200000,13.000000
SELECTION,U2,2015-12-28,2043.800000,2055.600000,10.800000
SELECTION,U2,2016-01-08,1947.400000,1919.800000,-28.600000
SELECTION,U2,2016-01-12,1929.400000,1937.000000,6.600000
SELECTION,U2,2016-01-13,1934.800000,1888.400000,-47.400000
SELECTION,U2,2016-01-25,1889.800000,1875.400000,-15.400000
SELECTION,U2,2016-01-27,1889.800000,1880.000000,-10.800000
SELECTION,U2,2016-02-02,1908.400000,1899.200000,-10.200000
SELECTION,U2,2016-02-16,1878.600000,1894.200000,14.600000
SELECTION,U2,2016-02-18,1919.200000,1917.000000,-3.200000
SELECTION,U2,2016-02-24,1896.800000,1928.000000,30.200000
SELECTION,U2,2016-02-25,1927.400000,1951.400000,23.000000
SELECTION,U2,2016-03-08,1980.600000,1978.800000,-2.800000
SELECTION,U2,2016-03-09,1983.800000,1989.000000,4.200000
SELECTION,U2,2016-03-10,1984.800000,1989.800000,4.000000
SELECTION,U2,2016-03-28,2035.000000,2036.600000,0.600000
SELECTION,U2,2016-04-04,2066.600000,2066.000000,-1.600000
SELECTION,U2,2016-04-07,2048.800000,2042.200000,-7.600000
SELECTION,U2,2016-04-22,2082.600000,2092.000000,8.400000
SELECTION,U2,2016-04-25,2078.800000,2087.600000,7.800000
SELECTION,U2,2016-04-26,2086.600000,2091.400000,3.800000
SELECTION,U2,2016-04-29,2060.600000,2063.800000,2.200000
SELECTION,U2,2016-05-03,2056.000000,2061.800000,4.800000
SELECTION,U2,2016-05-12,2061.400000,2064.600000,2.200000
SELECTION,U2,2016-05-19,2028.000000,2039.600000,10.600000
SELECTION,U2,2016-06-03,2091.800000,2098.800000,6.000000
SELECTION,U2,2016-06-14,2065.600000,2075.600000,9.000000
SELECTION,U2,2016-06-16,2055.800000,2078.400000,21.600000
SELECTION,U2,2016-06-17,2066.400000,2070.600000,3.200000
SELECTION,U2,2016-07-05,2087.200000,2087.400000,-0.800000
SELECTION,U2,2016-07-25,2164.400000,2168.600000,3.200000
SELECTION,U2,2016-07-26,2161.600000,2169.400000,6.800000
SELECTION,U2,2016-07-27,2166.000000,2167.400000,0.400000
SELECTION,U2,2016-08-30,2174.800000,2176.600000,0.800000
SELECTION,U2,2016-08-31,2167.000000,2170.000000,2.000000
SELECTION,U2,2016-09-01,2157.600000,2170.000000,11.400000
SELECTION,U2,2016-09-06,2177.200000,2186.400000,8.200000
SELECTION,U2,2016-09-09,2156.000000,2127.600000,-29.400000
SELECTION,U2,2016-09-20,2142.800000,2137.600000,-6.200000
SELECTION,U2,2016-09-28,2152.400000,2169.400000,16.000000
SELECTION,U2,2016-10-07,2151.600000,2151.200000,-1.400000
SELECTION,U2,2016-10-13,2117.800000,2131.000000,12.200000
SELECTION,U2,2016-10-18,2138.000000,2137.200000,-1.800000
SELECTION,U2,2016-10-20,2133.600000,2139.000000,4.400000
SELECTION,U2,2016-11-01,2120.800000,2109.200000,-12.600000
SELECTION,U2,2016-11-02,2101.600000,2096.000000,-6.600000
SELECTION,U2,2016-11-11,2152.400000,2162.200000,8.800000
SELECTION,U2,2016-11-14,2159.000000,2163.200000,3.200000
SELECTION,U2,2016-11-18,2180.400000,2181.600000,0.200000
SELECTION,U2,2016-11-30,2207.600000,2199.000000,-9.600000
SELECTION,U2,2016-12-01,2195.400000,2190.800000,-5.600000
SELECTION,U2,2016-12-28,2259.600000,2249.200000,-11.400000
SELECTION,U2,2016-12-30,2243.800000,2241.000000,-3.800000
SELECTION,U2,2017-01-03,2249.600000,2256.200000,5.600000
SELECTION,U2,2017-01-19,2266.600000,2262.600000,-5.000000
SELECTION,U2,2017-01-23,2261.000000,2265.000000,3.000000
SELECTION,U2,2017-02-01,2276.000000,2278.400000,1.400000
SELECTION,U2,2017-02-16,2342.800000,2347.000000,3.200000
SELECTION,U2,2017-02-23,2358.400000,2363.600000,4.200000
SELECTION,U2,2017-03-02,2387.400000,2380.800000,-7.600000
SELECTION,U2,2017-03-10,2369.800000,2373.200000,2.400000
SELECTION,U2,2017-03-14,2362.600000,2365.600000,2.000000
SELECTION,U2,2017-03-16,2381.600000,2381.000000,-1.600000
SELECTION,U2,2017-04-03,2351.200000,2358.000000,5.800000
SELECTION,U2,2017-04-12,2345.200000,2343.800000,-2.400000
SELECTION,U2,2017-04-27,2383.600000,2387.800000,3.200000
SELECTION,U2,2017-04-28,2385.200000,2382.600000,-3.600000
SELECTION,U2,2017-05-11,2385.400000,2393.600000,7.200000
SELECTION,U2,2017-05-17,2370.000000,2357.200000,-13.800000
SELECTION,U2,2017-05-31,2410.800000,2411.000000,-0.800000
SELECTION,U2,2017-06-14,2436.000000,2437.800000,0.800000
SELECTION,U2,2017-06-16,2424.400000,2432.600000,7.200000
SELECTION,U2,2017-06-29,2432.200000,2419.000000,-14.200000
SELECTION,U2,2017-07-06,2417.600000,2409.600000,-9.000000
SELECTION,U2,2017-08-02,2467.000000,2475.400000,7.400000
SELECTION,U2,2017-08-10,2453.800000,2437.600000,-17.200000
SELECTION,U2,2017-08-17,2455.800000,2429.800000,-27.000000
SELECTION,U2,2017-09-05,2463.200000,2457.600000,-6.600000
SELECTION,U2,2017-09-25,2492.000000,2495.600000,2.600000
SELECTION,U2,2017-10-25,2555.600000,2556.400000,-0.200000
SELECTION,U2,2017-12-04,2654.400000,2638.600000,-16.800000
SELECTION,U2,2017-12-20,2680.600000,2680.400000,-1.200000
SELECTION,U2,2018-01-16,2792.600000,2776.200000,-17.400000
SELECTION,U2,2018-01-25,2837.600000,2838.000000,-0.600000
SELECTION,U2,2018-01-29,2856.800000,2851.800000,-6.000000
SELECTION,U2,2018-01-31,2826.400000,2824.400000,-3.000000
SELECTION,U2,2018-02-02,2795.600000,2758.400000,-38.200000
SELECTION,U2,2018-02-12,2632.400000,2653.000000,19.600000
SELECTION,U2,2018-02-27,2768.600000,2743.400000,-26.200000
SELECTION,U2,2018-02-28,2746.800000,2712.400000,-35.400000
SELECTION,U2,2018-03-08,2727.400000,2738.400000,10.000000
SELECTION,U2,2018-03-13,2788.200000,2765.200000,-24.000000
SELECTION,U2,2018-03-14,2765.600000,2749.400000,-17.200000
SELECTION,U2,2018-03-22,2672.000000,2640.800000,-32.200000
SELECTION,U2,2018-03-26,2614.200000,2655.600000,40.400000
SELECTION,U2,2018-03-27,2652.200000,2608.600000,-44.600000
SELECTION,U2,2018-03-28,2605.000000,2600.600000,-5.400000
SELECTION,U2,2018-04-06,2627.000000,2598.200000,-29.800000
SELECTION,U2,2018-04-19,2691.200000,2689.600000,-2.600000
SELECTION,U2,2018-04-20,2675.200000,2666.600000,-9.600000
SELECTION,U2,2018-04-24,2664.600000,2630.400000,-35.200000
SELECTION,U2,2018-04-27,2660.600000,2665.600000,4.000000
SELECTION,U2,2018-05-01,2626.600000,2648.800000,21.200000
SELECTION,U2,2018-05-31,2709.400000,2704.200000,-6.200000
SELECTION,U2,2018-06-07,2770.600000,2769.800000,-1.800000
SELECTION,U2,2018-06-14,2778.000000,2784.200000,5.200000
SELECTION,U2,2018-06-21,2751.600000,2749.200000,-3.400000
SELECTION,U2,2018-07-05,2715.200000,2735.400000,19.200000
SELECTION,U2,2018-07-16,2793.400000,2797.600000,3.200000
SELECTION,U2,2018-07-27,2830.800000,2817.400000,-14.400000
SELECTION,U2,2018-07-30,2807.800000,2801.400000,-7.400000
SELECTION,U2,2018-09-05,2885.400000,2889.000000,2.600000
SELECTION,U2,2018-09-06,2875.600000,2880.200000,3.600000
SELECTION,U2,2018-09-10,2878.800000,2878.800000,-1.000000
SELECTION,U2,2018-09-12,2882.200000,2888.600000,5.400000
SELECTION,U2,2018-09-17,2895.600000,2890.400000,-6.200000
SELECTION,U2,2018-09-24,2916.400000,2920.000000,2.600000
SELECTION,U2,2018-09-25,2916.800000,2915.800000,-2.000000
SELECTION,U2,2018-10-04,2907.000000,2901.800000,-6.200000
SELECTION,U2,2018-10-05,2895.800000,2885.800000,-11.000000
SELECTION,U2,2018-10-22,2764.200000,2753.800000,-11.400000
SELECTION,U2,2018-10-23,2699.400000,2737.600000,37.200000
SELECTION,U2,2018-11-09,2782.000000,2778.600000,-4.400000
SELECTION,U2,2018-11-19,2716.000000,2690.400000,-26.600000
SELECTION,U2,2018-11-28,2688.800000,2743.000000,53.200000
SELECTION,U2,2018-11-29,2725.600000,2737.400000,10.800000
SELECTION,U2,2018-12-04,2768.600000,2702.800000,-66.800000
SELECTION,U2,2018-12-07,2680.200000,2632.800000,-48.400000
SELECTION,U2,2018-12-11,2658.200000,2637.400000,-21.800000
SELECTION,U2,2018-12-13,2651.400000,2649.600000,-2.800000
SELECTION,U2,2018-12-27,2422.800000,2489.400000,65.600000
SELECTION,U2,2018-12-31,2489.600000,2508.200000,17.600000
SELECTION,U2,2019-01-09,2575.400000,2584.800000,8.400000
SELECTION,U2,2019-01-22,2643.600000,2634.600000,-10.000000
SELECTION,U2,2019-01-23,2633.200000,2638.200000,4.000000
SELECTION,U2,2019-01-28,2631.200000,2641.600000,9.400000
SELECTION,U2,2019-01-29,2630.200000,2638.000000,6.800000
SELECTION,U2,2019-02-07,2700.600000,2703.800000,2.200000
SELECTION,U2,2019-02-08,2683.600000,2706.600000,22.000000
SELECTION,U2,2019-02-11,2708.200000,2708.200000,-1.000000
SELECTION,U2,2019-02-21,2771.400000,2775.000000,2.600000
SELECTION,U2,2019-03-01,2796.400000,2804.200000,6.800000
SELECTION,U2,2019-03-04,2806.400000,2793.200000,-14.200000
SELECTION,U2,2019-03-05,2786.400000,2789.600000,2.200000
SELECTION,U2,2019-03-06,2780.000000,2771.600000,-9.400000
SELECTION,U2,2019-03-27,2811.200000,2805.600000,-6.600000
SELECTION,U2,2019-03-29,2823.800000,2834.000000,9.200000
SELECTION,U2,2019-04-15,2900.600000,2906.400000,4.800000
SELECTION,U2,2019-04-16,2909.600000,2908.400000,-2.200000
SELECTION,U2,2019-04-17,2903.600000,2900.400000,-4.200000
SELECTION,U2,2019-04-18,2898.400000,2905.600000,6.200000
SELECTION,U2,2019-04-30,2930.800000,2943.400000,11.600000
SELECTION,U2,2019-05-23,2824.600000,2821.600000,-4.000000
SELECTION,U2,2019-05-24,2823.400000,2826.800000,2.400000
SELECTION,U2,2019-05-29,2779.800000,2781.400000,0.600000
SELECTION,U2,2019-06-11,2893.600000,2886.200000,-8.400000
SELECTION,U2,2019-06-20,2946.800000,2953.200000,5.400000
SELECTION,U2,2019-06-25,2932.000000,2917.400000,-15.600000
SELECTION,U2,2019-07-01,2966.600000,2963.600000,-4.000000
SELECTION,U2,2019-07-05,2972.600000,2991.000000,17.400000
SELECTION,U2,2019-07-17,2993.400000,2983.400000,-11.000000
SELECTION,U2,2019-07-19,2996.600000,2976.000000,-21.600000
SELECTION,U2,2019-07-29,3015.600000,3018.200000,1.600000
SELECTION,U2,2019-08-09,2914.400000,2916.000000,0.600000
SELECTION,U2,2019-08-26,2862.200000,2878.200000,15.000000
SELECTION,U2,2019-08-27,2882.200000,2866.800000,-16.400000
SELECTION,U2,2019-08-30,2926.000000,2921.800000,-5.200000
SELECTION,U2,2019-09-10,2959.800000,2979.200000,18.400000
SELECTION,U2,2019-09-24,2996.400000,2966.200000,-31.200000
SELECTION,U2,2019-09-26,2969.800000,2977.400000,6.600000
SELECTION,U2,2019-10-08,2906.000000,2889.600000,-17.400000
SELECTION,U2,2019-10-17,2994.000000,2996.000000,1.000000
SELECTION,U2,2019-10-24,3002.400000,3007.000000,3.600000
SELECTION,U2,2019-10-31,3028.400000,3034.200000,4.800000
SELECTION,U2,2019-11-19,3113.200000,3118.800000,4.600000
SELECTION,U2,2019-11-21,3098.800000,3102.200000,2.400000
SELECTION,U2,2019-11-22,3103.000000,3108.800000,4.800000
SELECTION,U2,2019-12-03,3075.600000,3093.200000,16.600000
SELECTION,U2,2019-12-05,3110.800000,3117.400000,5.600000
SELECTION,U2,2020-01-24,3321.000000,3297.000000,-25.000000
SELECTION,U2,2020-02-05,3322.200000,3336.400000,13.200000
SELECTION,U2,2020-02-21,3340.600000,3338.200000,-3.400000
SELECTION,U2,2020-03-04,3051.400000,3129.000000,76.600000
SELECTION,U2,2020-04-03,2502.400000,2484.600000,-18.800000
SELECTION,U2,2020-04-15,2767.800000,2780.000000,11.200000
SELECTION,U2,2020-04-16,2788.600000,2794.000000,4.400000
SELECTION,U2,2020-04-22,2781.200000,2795.600000,13.400000
SELECTION,U2,2020-04-24,2799.400000,2834.400000,34.000000
SELECTION,U2,2020-05-06,2878.000000,2847.200000,-31.800000
SELECTION,U2,2020-05-12,2929.400000,2868.600000,-61.800000
SELECTION,U2,2020-05-13,2849.000000,2819.000000,-31.000000
SELECTION,U3,2013-02-27,1506.000000,1516.000000,-11.000000
SELECTION,U3,2013-03-01,1517.600000,1517.800000,-1.200000
SELECTION,U3,2013-04-10,1582.200000,1586.400000,-5.200000
SELECTION,U3,2013-05-14,1647.000000,1650.000000,-4.000000
SELECTION,U3,2013-07-02,1621.800000,1611.800000,9.000000
SELECTION,U3,2013-07-18,1692.200000,1688.800000,2.400000
SELECTION,U3,2013-08-29,1644.400000,1637.000000,6.400000
SELECTION,U3,2013-10-01,1693.000000,1694.400000,-2.400000
SELECTION,U3,2013-10-16,1719.200000,1721.000000,-2.800000
SELECTION,U3,2013-11-08,1760.400000,1770.600000,-11.200000
SELECTION,U3,2013-12-04,1799.400000,1792.600000,5.800000
SELECTION,U3,2014-02-06,1766.400000,1772.200000,-6.800000
SELECTION,U3,2014-02-13,1821.200000,1828.200000,-8.000000
SELECTION,U3,2014-02-24,1852.400000,1846.600000,4.800000
SELECTION,U3,2014-03-28,1865.300000,1856.100000,8.200000
SELECTION,U3,2014-08-06,1925.000000,1918.600000,5.400000
SELECTION,U3,2014-10-16,1853.200000,1861.600000,-9.400000
SELECTION,U3,2014-12-11,2052.400000,2036.600000,14.800000
SELECTION,U3,2014-12-16,1999.200000,1973.400000,24.800000
SELECTION,U3,2015-01-08,2058.600000,2061.200000,-3.600000
SELECTION,U3,2015-01-16,2003.400000,2016.300000,-13.900000
SELECTION,U3,2015-01-21,2036.000000,2031.000000,4.000000
SELECTION,U3,2015-04-06,2077.600000,2080.000000,-3.400000
SELECTION,U3,2015-06-10,2100.400000,2103.800000,-4.400000
SELECTION,U3,2015-06-18,2119.900000,2122.200000,-3.300000
SELECTION,U3,2015-07-06,2073.500000,2067.800000,4.700000
SELECTION,U3,2015-08-24,1923.000000,1888.400000,33.600000
SELECTION,U3,2015-08-27,1975.800000,1987.700000,-12.900000
SELECTION,U3,2015-09-03,1972.000000,1948.800000,22.200000
SELECTION,U3,2015-09-10,1950.800000,1951.900000,-2.100000
SELECTION,U3,2015-09-18,1971.000000,1955.800000,14.200000
SELECTION,U3,2015-10-02,1910.400000,1950.300000,-40.900000
SELECTION,U3,2015-10-13,2019.400000,2002.500000,15.900000
SELECTION,U3,2015-10-22,2044.700000,2052.200000,-8.500000
SELECTION,U3,2015-12-04,2078.000000,2090.700000,-13.700000
SELECTION,U3,2015-12-09,2075.000000,2047.000000,27.000000
SELECTION,U3,2016-01-07,1974.600000,1941.600000,32.000000
SELECTION,U3,2016-01-14,1911.000000,1919.600000,-9.600000
SELECTION,U3,2016-01-26,1895.000000,1901.000000,-7.000000
SELECTION,U3,2016-01-29,1910.400000,1935.800000,-26.400000
SELECTION,U3,2016-02-04,1923.800000,1913.600000,9.200000
SELECTION,U3,2016-02-17,1921.600000,1925.400000,-4.800000
SELECTION,U3,2016-04-01,2061.600000,2073.200000,-12.600000
SELECTION,U3,2016-04-18,2087.800000,2094.800000,-8.000000
SELECTION,U3,2016-05-16,2059.800000,2066.000000,-7.200000
SELECTION,U3,2016-05-24,2073.800000,2075.400000,-2.600000
SELECTION,U3,2016-06-24,2057.800000,2035.400000,21.400000
SELECTION,U3,2016-09-12,2136.200000,2158.600000,-23.400000
SELECTION,U3,2016-09-15,2138.200000,2145.800000,-8.600000
SELECTION,U3,2016-11-09,2138.100000,2162.400000,-25.300000
SELECTION,U3,2018-02-05,2759.400000,2643.400000,115.000000
SELECTION,U3,2018-02-06,2635.400000,2693.400000,-59.000000
SELECTION,U3,2018-02-07,2712.000000,2677.800000,33.200000
SELECTION,U3,2018-02-14,2671.800000,2697.600000,-26.800000
SELECTION,U3,2018-02-16,2737.800000,2731.400000,5.400000
SELECTION,U3,2018-03-05,2697.000000,2720.800000,-24.800000
SELECTION,U3,2018-03-07,2721.600000,2726.200000,-5.600000
SELECTION,U3,2018-03-29,2630.800000,2637.400000,-7.600000
SELECTION,U3,2018-04-04,2594.400000,2640.200000,-46.800000
SELECTION,U3,2018-05-04,2643.000000,2658.600000,-16.600000
SELECTION,U3,2018-10-16,2784.600000,2807.000000,-23.400000
SELECTION,U3,2018-10-19,2792.600000,2765.800000,25.800000
SELECTION,U3,2018-11-16,2733.000000,2736.400000,-4.400000
SELECTION,U3,2018-12-19,2569.200000,2506.200000,62.000000
SELECTION,U3,2019-01-02,2493.800000,2509.400000,-16.600000
SELECTION,U3,2019-01-04,2515.200000,2531.600000,-17.400000
SELECTION,U3,2019-01-15,2600.800000,2609.400000,-9.600000
SELECTION,U3,2019-01-31,2693.200000,2702.000000,-9.800000
SELECTION,U3,2019-03-11,2770.200000,2782.600000,-13.400000
SELECTION,U3,2019-03-21,2841.600000,2856.400000,-15.800000
SELECTION,U3,2019-05-06,2918.000000,2931.000000,-14.000000
SELECTION,U3,2019-05-08,2893.600000,2877.600000,15.000000
SELECTION,U3,2019-05-14,2835.200000,2833.600000,0.600000
SELECTION,U3,2019-05-15,2841.600000,2850.800000,-10.200000
SELECTION,U3,2019-05-16,2885.600000,2876.400000,8.200000
SELECTION,U3,2019-05-17,2882.400000,2859.200000,22.200000
SELECTION,U3,2019-06-07,2884.000000,2873.400000,9.600000
SELECTION,U3,2019-06-18,2929.800000,2918.600000,10.200000
SELECTION,U3,2019-08-01,3005.000000,2950.200000,53.800000
SELECTION,U3,2019-08-07,2860.600000,2880.400000,-20.800000
SELECTION,U3,2019-08-08,2911.600000,2935.400000,-24.800000
SELECTION,U3,2019-08-13,2925.200000,2924.800000,-0.600000
SELECTION,U3,2019-08-16,2889.800000,2888.000000,0.800000
SELECTION,U3,2019-08-28,2876.200000,2886.800000,-11.600000
SELECTION,U3,2019-10-10,2940.600000,2936.800000,2.800000
SELECTION,U3,2019-10-11,2982.200000,2967.000000,14.200000
SELECTION,U3,2019-10-15,2998.400000,2993.400000,4.000000
SELECTION,U3,2019-10-25,3016.400000,3019.000000,-3.600000
SELECTION,U3,2019-12-12,3169.800000,3167.800000,1.000000
SELECTION,U3,2020-01-06,3233.200000,3247.000000,-14.800000
SELECTION,U3,2020-01-28,3279.200000,3279.000000,-0.800000
SELECTION,U3,2020-02-03,3261.800000,3249.600000,11.200000
SELECTION,U3,2020-02-10,3340.000000,3353.600000,-14.600000
SELECTION,U3,2020-02-26,3172.200000,3116.400000,54.800000
SELECTION,U3,2020-03-06,2971.700000,2970.800000,-0.100000
SELECTION,U3,2020-03-20,2442.200000,2293.800000,147.400000
SELECTION,U3,2020-03-24,2381.600000,2440.000000,-59.400000
SELECTION,U3,2020-03-26,2552.000000,2621.400000,-70.400000
SELECTION,U3,2020-03-30,2574.200000,2620.600000,-47.400000
SELECTION,U3,2020-04-01,2504.600000,2462.200000,41.400000
SELECTION,U3,2020-04-02,2507.800000,2521.800000,-15.000000
SELECTION,U3,2020-04-06,2597.000000,2653.200000,-57.200000
SELECTION,U3,2020-04-20,2854.200000,2818.800000,34.400000
SELECTION,U3,2020-04-23,2835.200000,2793.800000,40.400000
SELECTION,U3,2020-05-05,2886.400000,2866.400000,19.000000
HOLDOUT,U1,2020-07-31,3232.400000,3265.400000,32.000000
HOLDOUT,U1,2020-08-10,3331.650000,3355.200000,22.550000
HOLDOUT,U1,2020-09-03,3510.100000,3454.200000,-56.900000
HOLDOUT,U1,2020-09-04,3383.500000,3426.100000,41.600000
HOLDOUT,U1,2020-09-10,3381.750000,3340.000000,-42.750000
HOLDOUT,U1,2020-09-18,3328.100000,3305.500000,-23.600000
HOLDOUT,U1,2020-09-21,3228.650000,3270.000000,40.350000
HOLDOUT,U1,2020-09-22,3265.300000,3302.700000,36.400000
HOLDOUT,U1,2020-10-26,3394.300000,3394.500000,-0.800000
HOLDOUT,U1,2020-10-28,3284.550000,3267.000000,-18.550000
HOLDOUT,U1,2020-10-30,3247.400000,3267.800000,19.400000
HOLDOUT,U1,2020-11-09,3600.900000,3545.500000,-56.400000
HOLDOUT,U1,2021-01-04,3704.500000,3688.600000,-16.900000
HOLDOUT,U1,2021-02-10,3898.000000,3900.900000,1.900000
HOLDOUT,U1,2021-02-26,3820.600000,3803.100000,-18.500000
HOLDOUT,U1,2021-03-05,3749.700000,3836.100000,85.400000
HOLDOUT,U1,2021-05-04,4131.600000,4155.700000,23.100000
HOLDOUT,U1,2021-06-01,4199.300000,4196.300000,-4.000000
HOLDOUT,U1,2021-07-06,4308.900000,4328.550000,18.650000
HOLDOUT,U1,2021-09-10,4482.700000,4455.300000,-28.400000
HOLDOUT,U1,2021-09-14,4451.500000,4442.000000,-10.500000
HOLDOUT,U1,2021-09-16,4446.750000,4471.700000,23.950000
HOLDOUT,U1,2021-09-21,4333.600000,4336.300000,1.700000
HOLDOUT,U1,2021-09-28,4354.650000,4336.300000,-19.350000
HOLDOUT,U1,2021-10-04,4277.950000,4285.100000,6.150000
HOLDOUT,U1,2021-11-30,4577.900000,4561.700000,-17.200000
HOLDOUT,U1,2021-12-03,4521.450000,4534.300000,11.850000
HOLDOUT,U1,2022-01-10,4574.000000,4655.700000,80.700000
HOLDOUT,U1,2022-01-24,4282.400000,4400.900000,117.500000
HOLDOUT,U1,2022-02-17,4407.900000,4369.800000,-39.100000
HOLDOUT,U1,2022-02-23,4281.700000,4220.500000,-62.200000
HOLDOUT,U1,2022-03-03,4350.000000,4357.500000,6.500000
HOLDOUT,U1,2022-03-04,4288.600000,4321.500000,31.900000
HOLDOUT,U1,2022-03-07,4254.200000,4194.700000,-60.500000
HOLDOUT,U1,2022-04-22,4325.400000,4260.500000,-65.900000
HOLDOUT,U1,2022-04-25,4209.900000,4285.600000,74.700000
HOLDOUT,U1,2022-04-26,4206.900000,4160.900000,-47.000000
HOLDOUT,U1,2022-04-28,4191.800000,4277.500000,84.700000
HOLDOUT,U1,2022-04-29,4204.700000,4119.100000,-86.600000
HOLDOUT,U1,2022-05-05,4170.500000,4142.000000,-29.500000
HOLDOUT,U1,2022-05-09,4013.100000,3982.600000,-31.500000
HOLDOUT,U1,2022-05-10,3986.400000,3990.800000,3.400000
HOLDOUT,U1,2022-05-17,4036.800000,4083.200000,45.400000
HOLDOUT,U1,2022-05-18,4004.700000,3919.400000,-86.300000
HOLDOUT,U1,2022-05-20,3877.300000,3895.900000,17.600000
HOLDOUT,U1,2022-05-24,3880.600000,3940.400000,58.800000
HOLDOUT,U1,2022-06-01,4104.200000,4096.100000,-9.100000
HOLDOUT,U1,2022-06-10,3910.400000,3897.600000,-13.800000
HOLDOUT,U1,2022-06-13,3759.500000,3750.800000,-9.700000
HOLDOUT,U1,2022-06-16,3666.500000,3670.800000,3.300000
HOLDOUT,U1,2022-06-17,3631.500000,3658.100000,25.600000
HOLDOUT,U1,2022-07-05,3734.900000,3819.800000,83.900000
HOLDOUT,U1,2022-08-22,4144.100000,4134.100000,-11.000000
HOLDOUT,U1,2022-08-26,4127.600000,4053.500000,-75.100000
HOLDOUT,U1,2022-08-30,3988.900000,3981.700000,-8.200000
HOLDOUT,U1,2022-09-01,3902.100000,3963.300000,60.200000
HOLDOUT,U1,2022-09-13,3983.200000,3930.300000,-53.900000
HOLDOUT,U1,2022-09-22,3740.800000,3742.900000,1.100000
HOLDOUT,U1,2022-09-23,3672.400000,3681.900000,8.500000
HOLDOUT,U1,2022-09-29,3628.300000,3627.600000,-1.700000
HOLDOUT,U1,2022-10-07,3666.000000,3627.500000,-39.500000
HOLDOUT,U1,2022-10-10,3600.150000,3600.800000,-0.350000
HOLDOUT,U1,2022-10-14,3628.800000,3576.800000,-53.000000
HOLDOUT,U1,2022-10-18,3712.400000,3711.900000,-1.500000
HOLDOUT,U1,2022-11-01,3841.000000,3845.100000,3.100000
HOLDOUT,U1,2022-11-18,3944.800000,3962.300000,16.500000
HOLDOUT,U1,2022-12-06,3954.300000,3939.300000,-16.000000
HOLDOUT,U1,2022-12-13,4046.700000,4020.300000,-27.400000
HOLDOUT,U1,2022-12-15,3910.900000,3898.100000,-13.800000
HOLDOUT,U1,2022-12-22,3790.100000,3807.300000,16.200000
HOLDOUT,U1,2023-01-26,4002.850000,4047.500000,43.650000
HOLDOUT,U1,2023-03-07,4002.800000,3982.900000,-20.900000
HOLDOUT,U1,2023-03-17,3896.650000,3901.200000,3.550000
HOLDOUT,U1,2023-04-12,4093.300000,4080.400000,-13.900000
HOLDOUT,U1,2023-05-02,4089.450000,4108.250000,17.800000
HOLDOUT,U1,2023-05-10,4112.000000,4126.800000,13.800000
HOLDOUT,U1,2023-08-08,4455.250000,4488.600000,32.350000
HOLDOUT,U1,2023-08-24,4404.950000,4369.200000,-36.750000
HOLDOUT,U1,2023-08-25,4355.600000,4399.800000,43.200000
HOLDOUT,U1,2023-09-06,4456.450000,4462.400000,4.950000
HOLDOUT,U1,2023-09-15,4445.500000,4433.050000,-13.450000
HOLDOUT,U1,2023-10-03,4218.900000,4216.800000,-3.100000
HOLDOUT,U1,2023-10-05,4216.400000,4243.100000,25.700000
HOLDOUT,U1,2023-10-13,4327.350000,4316.250000,-12.100000
HOLDOUT,U1,2023-10-20,4227.100000,4212.500000,-15.600000
HOLDOUT,U1,2024-01-11,4740.300000,4763.700000,22.400000
HOLDOUT,U1,2024-02-05,4908.000000,4925.550000,16.550000
HOLDOUT,U1,2024-04-09,5155.100000,5193.400000,37.300000
HOLDOUT,U1,2024-04-15,5109.700000,5045.200000,-65.500000
HOLDOUT,U1,2024-04-17,5032.250000,5005.200000,-28.050000
HOLDOUT,U1,2024-05-23,5293.600000,5259.600000,-35.000000
HOLDOUT,U1,2024-06-03,5257.800000,5277.700000,18.900000
HOLDOUT,U1,2024-07-24,5455.300000,5412.100000,-44.200000
HOLDOUT,U1,2024-08-01,5471.000000,5431.800000,-40.200000
HOLDOUT,U1,2024-08-02,5289.100000,5329.200000,39.100000
HOLDOUT,U1,2024-09-03,5553.400000,5521.600000,-32.800000
HOLDOUT,U1,2024-09-06,5446.900000,5404.600000,-43.300000
HOLDOUT,U1,2024-09-11,5406.550000,5542.300000,134.750000
HOLDOUT,U1,2024-09-26,5710.000000,5721.700000,10.700000
HOLDOUT,U1,2024-10-01,5679.100000,5686.100000,6.000000
HOLDOUT,U1,2024-10-31,5710.400000,5684.600000,-26.800000
HOLDOUT,U1,2024-11-15,5862.850000,5857.400000,-6.450000
HOLDOUT,U1,2024-12-27,5938.950000,5949.900000,9.950000
HOLDOUT,U1,2025-01-07,5935.800000,5887.300000,-49.500000
HOLDOUT,U1,2025-01-10,5807.050000,5804.900000,-3.150000
HOLDOUT,U1,2025-02-07,6029.300000,6008.250000,-22.050000
HOLDOUT,U1,2025-02-20,6077.600000,6104.100000,25.500000
HOLDOUT,U1,2025-02-24,5979.500000,5972.200000,-8.300000
HOLDOUT,U1,2025-02-25,5918.150000,5943.100000,23.950000
HOLDOUT,U1,2025-03-04,5744.600000,5768.800000,23.200000
HOLDOUT,U1,2025-03-11,5546.200000,5560.800000,13.600000
HOLDOUT,U1,2025-03-12,5557.500000,5589.200000,30.700000
HOLDOUT,U1,2025-03-18,5602.800000,5609.200000,5.400000
HOLDOUT,U1,2025-03-28,5584.200000,5557.000000,-28.200000
HOLDOUT,U1,2025-04-03,5403.600000,5373.000000,-31.600000
HOLDOUT,U1,2025-04-04,5160.000000,5059.300000,-101.700000
HOLDOUT,U1,2025-04-08,5179.700000,4966.000000,-214.700000
HOLDOUT,U1,2025-04-10,5264.550000,5246.300000,-19.250000
HOLDOUT,U1,2025-04-21,5149.300000,5139.600000,-10.700000
HOLDOUT,U1,2025-06-20,5937.600000,5941.800000,3.200000
HOLDOUT,U1,2025-07-15,6239.700000,6221.900000,-18.800000
HOLDOUT,U1,2025-08-01,6219.400000,6217.400000,-3.000000
HOLDOUT,U1,2025-08-05,6276.100000,6280.250000,3.150000
HOLDOUT,U1,2025-08-20,6336.500000,6379.200000,41.700000
HOLDOUT,U1,2025-09-05,6443.850000,6472.200000,27.350000
HOLDOUT,U1,2025-10-10,6671.700000,6532.750000,-139.950000
HOLDOUT,U1,2025-11-06,6711.100000,6702.400000,-9.700000
HOLDOUT,U1,2025-11-07,6636.800000,6709.200000,71.400000
HOLDOUT,U1,2025-11-13,6765.500000,6720.700000,-45.800000
HOLDOUT,U1,2025-11-18,6575.600000,6601.600000,25.000000
HOLDOUT,U1,2025-12-12,6823.700000,6818.000000,-6.700000
HOLDOUT,U1,2025-12-15,6810.200000,6807.150000,-4.050000
HOLDOUT,U1,2025-12-17,6747.400000,6714.300000,-34.100000
HOLDOUT,U1,2026-01-02,6812.850000,6833.300000,19.450000
HOLDOUT,U1,2026-01-29,6861.600000,6939.650000,77.050000
HOLDOUT,U1,2026-02-11,6923.050000,6918.100000,-5.950000
HOLDOUT,U1,2026-02-12,6885.950000,6811.900000,-75.050000
HOLDOUT,U1,2026-02-23,6823.700000,6823.900000,-0.800000
HOLDOUT,U1,2026-02-26,6880.800000,6893.200000,11.400000
HOLDOUT,U1,2026-03-13,6649.850000,6623.000000,-27.850000
HOLDOUT,U1,2026-04-07,6524.100000,6592.300000,67.200000
HOLDOUT,U1,2026-06-09,7377.700000,7370.700000,-8.000000
HOLDOUT,U1,2026-07-27,7397.200000,7388.500000,-9.700000
HOLDOUT,U1,2026-07-29,7348.700000,7295.700000,-54.000000
HOLDOUT,U2,2020-08-24,3414.300000,3429.700000,14.400000
HOLDOUT,U2,2020-08-25,3428.400000,3441.200000,11.800000
HOLDOUT,U2,2020-08-28,3484.550000,3505.400000,19.850000
HOLDOUT,U2,2020-09-08,3354.500000,3332.600000,-22.900000
HOLDOUT,U2,2020-09-23,3291.700000,3226.700000,-66.000000
HOLDOUT,U2,2020-09-29,3326.800000,3324.500000,-3.300000
HOLDOUT,U2,2020-10-01,3362.200000,3370.800000,7.600000
HOLDOUT,U2,2020-10-13,3514.100000,3501.800000,-13.300000
HOLDOUT,U2,2020-10-19,3473.200000,3419.600000,-54.600000
HOLDOUT,U2,2020-10-23,3448.300000,3456.500000,7.200000
HOLDOUT,U2,2020-10-27,3387.400000,3382.600000,-5.800000
HOLDOUT,U2,2020-11-06,3490.200000,3501.600000,10.400000
HOLDOUT,U2,2020-11-10,3517.800000,3541.000000,22.200000
HOLDOUT,U2,2020-11-25,3621.400000,3626.300000,3.900000
HOLDOUT,U2,2020-11-30,3608.750000,3623.200000,13.450000
HOLDOUT,U2,2020-12-09,3697.800000,3670.000000,-28.800000
HOLDOUT,U2,2020-12-15,3665.950000,3695.700000,28.750000
HOLDOUT,U2,2020-12-18,3691.250000,3691.100000,-1.150000
HOLDOUT,U2,2020-12-21,3633.300000,3678.600000,44.300000
HOLDOUT,U2,2020-12-29,3726.700000,3714.600000,-13.100000
HOLDOUT,U2,2021-01-15,3750.700000,3756.600000,4.900000
HOLDOUT,U2,2021-01-25,3817.700000,3844.100000,25.400000
HOLDOUT,U2,2021-01-26,3846.000000,3837.300000,-9.700000
HOLDOUT,U2,2021-01-27,3794.650000,3744.000000,-51.650000
HOLDOUT,U2,2021-02-01,3725.750000,3761.900000,35.150000
HOLDOUT,U2,2021-02-11,3904.900000,3907.000000,1.100000
HOLDOUT,U2,2021-02-16,3931.350000,3922.900000,-9.450000
HOLDOUT,U2,2021-02-25,3889.700000,3823.200000,-67.500000
HOLDOUT,U2,2021-03-02,3879.000000,3865.000000,-15.000000
HOLDOUT,U2,2021-03-17,3935.300000,3972.800000,36.500000
HOLDOUT,U2,2021-03-25,3846.000000,3896.200000,49.200000
HOLDOUT,U2,2021-03-29,3929.600000,3957.400000,26.800000
HOLDOUT,U2,2021-04-19,4153.150000,4153.200000,-0.950000
HOLDOUT,U2,2021-04-20,4124.100000,4121.900000,-3.200000
HOLDOUT,U2,2021-04-29,4181.000000,4200.400000,18.400000
HOLDOUT,U2,2021-05-03,4185.700000,4181.600000,-5.100000
HOLDOUT,U2,2021-05-05,4164.200000,4157.200000,-8.000000
HOLDOUT,U2,2021-05-10,4216.000000,4179.600000,-37.400000
HOLDOUT,U2,2021-05-11,4118.950000,4142.200000,22.250000
HOLDOUT,U2,2021-05-12,4093.700000,4054.800000,-39.900000
HOLDOUT,U2,2021-05-25,4192.300000,4182.900000,-10.400000
HOLDOUT,U2,2021-06-07,4217.200000,4222.200000,4.000000
HOLDOUT,U2,2021-06-08,4219.800000,4222.600000,1.800000
HOLDOUT,U2,2021-06-11,4232.800000,4243.800000,10.000000
HOLDOUT,U2,2021-06-15,4241.000000,4245.100000,3.100000
HOLDOUT,U2,2021-06-18,4160.250000,4149.600000,-11.650000
HOLDOUT,U2,2021-07-07,4327.550000,4344.800000,16.250000
HOLDOUT,U2,2021-07-16,4338.300000,4313.700000,-25.600000
HOLDOUT,U2,2021-07-19,4240.600000,4246.000000,4.400000
HOLDOUT,U2,2021-07-27,4387.350000,4389.700000,1.350000
HOLDOUT,U2,2021-08-03,4376.200000,4412.400000,35.200000
HOLDOUT,U2,2021-08-16,4435.600000,4469.900000,33.300000
HOLDOUT,U2,2021-08-26,4465.700000,4463.200000,-3.500000
HOLDOUT,U2,2021-09-07,4516.200000,4515.000000,-2.200000
HOLDOUT,U2,2021-09-08,4498.200000,4509.300000,10.100000
HOLDOUT,U2,2021-09-13,4467.500000,4465.800000,-2.700000
HOLDOUT,U2,2021-09-17,4424.000000,4413.900000,-11.100000
HOLDOUT,U2,2021-09-20,4338.850000,4340.100000,0.250000
HOLDOUT,U2,2021-09-30,4336.950000,4290.600000,-47.350000
HOLDOUT,U2,2021-10-01,4294.200000,4342.400000,47.200000
HOLDOUT,U2,2021-10-13,4330.200000,4351.700000,20.500000
HOLDOUT,U2,2021-11-01,4587.000000,4600.700000,12.700000
HOLDOUT,U2,2021-11-09,4675.600000,4673.700000,-2.900000
HOLDOUT,U2,2021-11-18,4674.500000,4696.800000,21.300000
HOLDOUT,U2,2021-11-23,4650.800000,4682.700000,30.900000
HOLDOUT,U2,2021-11-29,4627.200000,4646.400000,18.200000
HOLDOUT,U2,2021-12-08,4670.000000,4695.300000,24.300000
HOLDOUT,U2,2021-12-10,4679.500000,4706.900000,26.400000
HOLDOUT,U2,2021-12-13,4679.500000,4666.900000,-13.600000
HOLDOUT,U2,2021-12-14,4614.400000,4633.800000,18.400000
HOLDOUT,U2,2021-12-15,4620.450000,4705.800000,84.350000
HOLDOUT,U2,2021-12-16,4713.600000,4665.100000,-49.500000
HOLDOUT,U2,2021-12-20,4519.600000,4550.900000,30.300000
HOLDOUT,U2,2021-12-21,4573.600000,4630.600000,56.000000
HOLDOUT,U2,2022-01-04,4771.600000,4774.700000,2.100000
HOLDOUT,U2,2022-01-07,4654.700000,4659.900000,4.200000
HOLDOUT,U2,2022-01-11,4635.300000,4697.500000,61.200000
HOLDOUT,U2,2022-01-13,4702.100000,4647.900000,-55.200000
HOLDOUT,U2,2022-01-18,4575.400000,4565.000000,-11.400000
HOLDOUT,U2,2022-01-19,4563.200000,4518.300000,-45.900000
HOLDOUT,U2,2022-01-25,4310.200000,4344.900000,33.700000
HOLDOUT,U2,2022-01-26,4389.200000,4331.100000,-59.100000
HOLDOUT,U2,2022-02-04,4448.500000,4487.500000,38.000000
HOLDOUT,U2,2022-02-14,4378.450000,4388.900000,9.450000
HOLDOUT,U2,2022-02-16,4430.000000,4466.800000,35.800000
HOLDOUT,U2,2022-02-18,4353.900000,4342.700000,-12.200000
HOLDOUT,U2,2022-03-01,4329.000000,4299.300000,-30.700000
HOLDOUT,U2,2022-03-08,4187.900000,4163.100000,-25.800000
HOLDOUT,U2,2022-03-10,4216.100000,4254.800000,37.700000
HOLDOUT,U2,2022-03-11,4265.800000,4200.700000,-66.100000
HOLDOUT,U2,2022-04-01,4519.800000,4529.300000,8.500000
HOLDOUT,U2,2022-04-06,4449.500000,4466.400000,15.900000
HOLDOUT,U2,2022-04-11,4425.700000,4400.100000,-26.600000
HOLDOUT,U2,2022-04-14,4416.050000,4379.500000,-37.550000
HOLDOUT,U2,2022-04-21,4473.400000,4379.200000,-95.200000
HOLDOUT,U2,2022-05-04,4150.800000,4290.800000,139.000000
HOLDOUT,U2,2022-05-16,3982.400000,4002.600000,19.200000
HOLDOUT,U2,2022-06-03,4109.300000,4105.100000,-5.200000
HOLDOUT,U2,2022-06-14,3752.800000,3738.300000,-15.500000
HOLDOUT,U2,2022-06-28,3885.000000,3808.300000,-77.700000
HOLDOUT,U2,2022-06-30,3755.400000,3772.850000,16.450000
HOLDOUT,U2,2022-07-01,3751.300000,3811.100000,58.800000
HOLDOUT,U2,2022-07-11,3842.250000,3841.900000,-1.350000
HOLDOUT,U2,2022-07-25,3950.100000,3954.900000,3.800000
HOLDOUT,U2,2022-07-26,3929.200000,3907.900000,-22.300000
HOLDOUT,U2,2022-08-09,4110.700000,4113.800000,2.100000
HOLDOUT,U2,2022-08-19,4226.000000,4221.900000,-5.100000
HOLDOUT,U2,2022-08-31,3980.000000,3951.100000,-29.900000
HOLDOUT,U2,2022-09-15,3914.700000,3901.900000,-13.800000
HOLDOUT,U2,2022-10-05,3716.050000,3771.900000,54.850000
HOLDOUT,U2,2022-10-27,3820.400000,3800.700000,-20.700000
HOLDOUT,U2,2022-11-02,3829.500000,3750.200000,-80.300000
HOLDOUT,U2,2022-11-09,3783.800000,3741.700000,-43.100000
HOLDOUT,U2,2022-11-15,4000.800000,3985.300000,-16.500000
HOLDOUT,U2,2022-11-16,3958.100000,3955.100000,-4.000000
HOLDOUT,U2,2022-11-21,3938.200000,3945.600000,6.400000
HOLDOUT,U2,2022-11-30,3943.600000,4074.500000,129.900000
HOLDOUT,U2,2022-12-01,4074.200000,4074.100000,-1.100000
HOLDOUT,U2,2022-12-16,3830.700000,3833.500000,1.800000
HOLDOUT,U2,2022-12-19,3815.600000,3800.000000,-16.600000
HOLDOUT,U2,2022-12-27,3821.100000,3813.350000,-8.750000
HOLDOUT,U2,2022-12-28,3794.450000,3766.900000,-28.550000
HOLDOUT,U2,2023-01-03,3823.200000,3809.200000,-15.000000
HOLDOUT,U2,2023-01-05,3794.400000,3793.400000,-2.000000
HOLDOUT,U2,2023-01-11,3916.000000,3955.500000,38.500000
HOLDOUT,U2,2023-01-12,3950.400000,3970.300000,18.900000
HOLDOUT,U2,2023-01-18,3972.700000,3915.900000,-57.800000
HOLDOUT,U2,2023-01-19,3879.600000,3885.700000,5.100000
HOLDOUT,U2,2023-01-25,3948.750000,4002.450000,52.700000
HOLDOUT,U2,2023-02-01,4041.500000,4106.500000,64.000000
HOLDOUT,U2,2023-02-08,4120.800000,4107.000000,-14.800000
HOLDOUT,U2,2023-02-09,4128.200000,4071.500000,-57.700000
HOLDOUT,U2,2023-02-17,4048.600000,4072.550000,22.950000
HOLDOUT,U2,2023-02-21,4015.350000,3990.600000,-25.750000
HOLDOUT,U2,2023-02-23,3994.000000,4006.000000,11.000000
HOLDOUT,U2,2023-02-24,3942.600000,3964.400000,20.800000
HOLDOUT,U2,2023-03-21,3963.100000,3988.800000,24.700000
HOLDOUT,U2,2023-03-27,3964.200000,3964.200000,-1.000000
HOLDOUT,U2,2023-03-28,3948.800000,3956.950000,7.150000
HOLDOUT,U2,2023-03-29,3987.900000,4013.300000,24.400000
HOLDOUT,U2,2023-04-04,4095.800000,4087.000000,-9.800000
HOLDOUT,U2,2023-04-05,4061.850000,4076.300000,13.450000
HOLDOUT,U2,2023-04-18,4135.500000,4142.150000,5.650000
HOLDOUT,U2,2023-04-21,4107.800000,4121.600000,12.800000
HOLDOUT,U2,2023-05-04,4048.900000,4049.650000,-0.250000
HOLDOUT,U2,2023-05-12,4115.550000,4116.100000,-0.450000
HOLDOUT,U2,2023-05-24,4103.050000,4109.850000,5.800000
HOLDOUT,U2,2023-05-25,4138.200000,4146.200000,7.000000
HOLDOUT,U2,2023-05-30,4207.600000,4201.350000,-7.250000
HOLDOUT,U2,2023-05-31,4167.200000,4178.600000,10.400000
HOLDOUT,U2,2023-06-07,4276.000000,4265.700000,-11.300000
HOLDOUT,U2,2023-06-16,4413.750000,4392.800000,-21.950000
HOLDOUT,U2,2023-06-20,4361.000000,4372.400000,10.400000
HOLDOUT,U2,2023-07-06,4373.600000,4396.900000,22.300000
HOLDOUT,U2,2023-07-27,4575.550000,4525.000000,-51.550000
HOLDOUT,U2,2023-08-02,4508.650000,4501.600000,-8.050000
HOLDOUT,U2,2023-08-09,4473.550000,4457.400000,-17.150000
HOLDOUT,U2,2023-08-15,4442.550000,4429.300000,-14.250000
HOLDOUT,U2,2023-08-17,4398.050000,4362.600000,-36.450000
HOLDOUT,U2,2023-08-22,4397.850000,4381.100000,-17.750000
HOLDOUT,U2,2023-09-01,4509.600000,4511.800000,1.200000
HOLDOUT,U2,2023-09-11,4467.900000,4485.400000,16.500000
HOLDOUT,U2,2023-09-19,4407.400000,4426.200000,17.800000
HOLDOUT,U2,2023-09-21,4341.500000,4313.000000,-29.500000
HOLDOUT,U2,2023-09-26,4280.700000,4258.400000,-23.300000
HOLDOUT,U2,2023-09-27,4253.500000,4259.250000,4.750000
HOLDOUT,U2,2023-09-29,4304.800000,4273.000000,-32.800000
HOLDOUT,U2,2023-10-04,4207.000000,4247.050000,39.050000
HOLDOUT,U2,2023-10-12,4359.300000,4336.800000,-23.500000
HOLDOUT,U2,2023-10-18,4327.100000,4302.400000,-25.700000
HOLDOUT,U2,2023-10-19,4291.550000,4264.300000,-28.250000
HOLDOUT,U2,2023-10-25,4204.700000,4176.200000,-29.500000
HOLDOUT,U2,2023-10-27,4133.050000,4107.600000,-26.450000
HOLDOUT,U2,2023-11-09,4370.400000,4338.800000,-32.600000
HOLDOUT,U2,2023-12-04,4544.900000,4565.900000,20.000000
HOLDOUT,U2,2023-12-06,4572.300000,4547.400000,-25.900000
HOLDOUT,U2,2024-01-12,4757.300000,4766.500000,8.200000
HOLDOUT,U2,2024-01-31,4869.200000,4829.550000,-40.650000
HOLDOUT,U2,2024-02-14,4955.550000,4986.200000,29.650000
HOLDOUT,U2,2024-03-05,5081.300000,5071.200000,-11.100000
HOLDOUT,U2,2024-03-14,5148.900000,5148.600000,-1.300000
HOLDOUT,U2,2024-03-22,5211.050000,5214.000000,1.950000
HOLDOUT,U2,2024-03-27,5199.500000,5230.800000,30.300000
HOLDOUT,U2,2024-04-01,5223.200000,5222.100000,-2.100000
HOLDOUT,U2,2024-04-02,5170.600000,5189.000000,17.400000
HOLDOUT,U2,2024-04-11,5133.200000,5180.500000,46.300000
HOLDOUT,U2,2024-04-12,5126.500000,5108.800000,-18.700000
HOLDOUT,U2,2024-04-16,5031.400000,5034.100000,1.700000
HOLDOUT,U2,2024-04-19,4981.550000,4951.850000,-30.700000
HOLDOUT,U2,2024-04-22,4960.850000,4995.400000,33.550000
HOLDOUT,U2,2024-04-24,5051.650000,5056.600000,3.950000
HOLDOUT,U2,2024-05-02,5023.600000,5050.300000,25.700000
HOLDOUT,U2,2024-05-03,5093.500000,5112.500000,18.000000
HOLDOUT,U2,2024-05-10,5203.100000,5208.100000,4.000000
HOLDOUT,U2,2024-05-13,5212.050000,5209.250000,-3.800000
HOLDOUT,U2,2024-05-31,5208.550000,5273.350000,63.800000
HOLDOUT,U2,2024-06-13,5406.350000,5423.500000,16.150000
HOLDOUT,U2,2024-07-01,5432.600000,5452.000000,18.400000
HOLDOUT,U2,2024-07-11,5585.750000,5564.200000,-22.550000
HOLDOUT,U2,2024-07-18,5568.000000,5528.000000,-41.000000
HOLDOUT,U2,2024-07-29,5440.400000,5449.100000,7.700000
HOLDOUT,U2,2024-07-30,5436.050000,5419.700000,-17.350000
HOLDOUT,U2,2024-08-22,5606.500000,5562.600000,-44.900000
HOLDOUT,U2,2024-08-26,5611.200000,5607.800000,-4.400000
HOLDOUT,U2,2024-08-28,5594.000000,5583.500000,-11.500000
HOLDOUT,U2,2024-09-09,5433.550000,5464.400000,29.850000
HOLDOUT,U2,2024-09-10,5466.600000,5487.600000,20.000000
HOLDOUT,U2,2024-09-16,5605.300000,5628.700000,22.400000
HOLDOUT,U2,2024-09-19,5695.800000,5709.900000,13.100000
HOLDOUT,U2,2024-09-20,5662.300000,5680.300000,17.000000
HOLDOUT,U2,2024-10-04,5702.050000,5729.350000,26.300000
HOLDOUT,U2,2024-10-15,5819.700000,5799.200000,-21.500000
HOLDOUT,U2,2024-10-17,5831.250000,5823.200000,-9.050000
HOLDOUT,U2,2024-10-21,5825.800000,5837.200000,10.400000
HOLDOUT,U2,2024-10-24,5788.200000,5792.300000,3.100000
HOLDOUT,U2,2024-10-28,5814.500000,5807.700000,-7.800000
HOLDOUT,U2,2024-11-06,5867.050000,5910.100000,42.050000
HOLDOUT,U2,2024-11-12,5972.550000,5969.150000,-4.400000
HOLDOUT,U2,2024-11-20,5875.600000,5904.900000,28.300000
HOLDOUT,U2,2024-11-21,5919.400000,5936.650000,16.250000
HOLDOUT,U2,2024-11-25,5977.700000,5974.900000,-3.800000
HOLDOUT,U2,2024-11-27,5987.800000,5986.800000,-2.000000
HOLDOUT,U2,2024-12-09,6055.800000,6046.500000,-10.300000
HOLDOUT,U2,2024-12-13,6034.500000,6042.600000,7.100000
HOLDOUT,U2,2024-12-19,5896.900000,5861.200000,-36.700000
HOLDOUT,U2,2024-12-31,5885.900000,5860.700000,-26.200000
HOLDOUT,U2,2025-01-02,5874.600000,5846.200000,-29.400000
HOLDOUT,U2,2025-01-14,5816.900000,5822.000000,4.100000
HOLDOUT,U2,2025-01-30,6017.100000,6047.800000,29.700000
HOLDOUT,U2,2025-02-06,6046.250000,6062.400000,15.150000
HOLDOUT,U2,2025-02-21,6071.100000,6000.200000,-71.900000
HOLDOUT,U2,2025-02-27,5943.300000,5850.300000,-94.000000
HOLDOUT,U2,2025-03-03,5930.050000,5839.400000,-91.650000
HOLDOUT,U2,2025-03-13,5566.700000,5516.000000,-51.700000
HOLDOUT,U2,2025-03-26,5736.000000,5687.500000,-49.500000
HOLDOUT,U2,2025-04-14,5428.050000,5389.800000,-39.250000
HOLDOUT,U2,2025-04-17,5257.400000,5263.400000,5.000000
HOLDOUT,U2,2025-04-25,5459.500000,5505.500000,45.000000
HOLDOUT,U2,2025-05-08,5629.600000,5649.700000,19.100000
HOLDOUT,U2,2025-05-09,5646.500000,5641.400000,-6.100000
HOLDOUT,U2,2025-05-12,5791.000000,5829.300000,37.300000
HOLDOUT,U2,2025-05-28,5895.800000,5878.000000,-18.800000
HOLDOUT,U2,2025-05-29,5909.900000,5899.500000,-11.400000
HOLDOUT,U2,2025-06-30,6160.900000,6178.300000,16.400000
HOLDOUT,U2,2025-07-09,6213.200000,6240.350000,26.150000
HOLDOUT,U2,2025-07-16,6224.200000,6242.300000,17.100000
HOLDOUT,U2,2025-07-18,6271.100000,6275.900000,3.800000
HOLDOUT,U2,2025-07-29,6369.250000,6352.600000,-17.650000
HOLDOUT,U2,2025-07-31,6368.850000,6319.000000,-50.850000
HOLDOUT,U2,2025-08-07,6328.200000,6323.600000,-5.600000
HOLDOUT,U2,2025-08-15,6435.400000,6435.200000,-1.200000
HOLDOUT,U2,2025-08-19,6408.550000,6397.500000,-12.050000
HOLDOUT,U2,2025-08-29,6440.250000,6450.000000,8.750000
HOLDOUT,U2,2025-09-16,6596.850000,6599.300000,1.450000
HOLDOUT,U2,2025-09-24,6630.600000,6610.700000,-20.900000
HOLDOUT,U2,2025-10-02,6676.550000,6691.500000,13.950000
HOLDOUT,U2,2025-10-07,6710.900000,6691.400000,-20.500000
HOLDOUT,U2,2025-10-09,6716.050000,6711.900000,-5.150000
HOLDOUT,U2,2025-10-22,6700.700000,6678.200000,-23.500000
HOLDOUT,U2,2025-11-03,6822.700000,6833.700000,10.000000
HOLDOUT,U2,2025-11-10,6758.950000,6813.100000,53.150000
HOLDOUT,U2,2025-11-12,6823.400000,6833.200000,8.800000
HOLDOUT,U2,2025-11-21,6529.200000,6591.500000,61.300000
HOLDOUT,U2,2025-12-04,6832.100000,6844.950000,11.850000
HOLDOUT,U2,2025-12-08,6834.500000,6836.800000,1.300000
HOLDOUT,U2,2025-12-31,6845.400000,6818.200000,-28.200000
HOLDOUT,U2,2026-01-13,6937.000000,6937.100000,-0.900000
HOLDOUT,U2,2026-01-14,6873.250000,6906.200000,31.950000
HOLDOUT,U2,2026-01-16,6920.000000,6915.800000,-5.200000
HOLDOUT,U2,2026-02-03,6929.950000,6894.350000,-36.600000
HOLDOUT,U2,2026-02-04,6882.050000,6861.000000,-22.050000
HOLDOUT,U2,2026-02-05,6774.600000,6774.400000,-1.200000
HOLDOUT,U2,2026-02-17,6786.900000,6827.600000,39.700000
HOLDOUT,U2,2026-03-03,6718.750000,6802.900000,83.150000
HOLDOUT,U2,2026-03-12,6682.000000,6660.500000,-22.500000
HOLDOUT,U2,2026-03-20,6530.100000,6484.800000,-46.300000
HOLDOUT,U2,2026-03-27,6401.100000,6340.400000,-61.700000
HOLDOUT,U2,2026-03-30,6379.400000,6320.200000,-60.200000
HOLDOUT,U2,2026-04-08,6729.500000,6760.000000,29.500000
HOLDOUT,U2,2026-04-20,7072.300000,7087.900000,14.600000
HOLDOUT,U2,2026-04-21,7072.300000,7039.100000,-34.200000
HOLDOUT,U2,2026-05-12,7337.300000,7381.900000,43.600000
HOLDOUT,U2,2026-05-19,7332.400000,7338.000000,4.600000
HOLDOUT,U2,2026-05-27,7494.600000,7505.900000,10.300000
HOLDOUT,U2,2026-06-03,7562.700000,7541.800000,-21.900000
HOLDOUT,U2,2026-06-05,7499.900000,7374.500000,-126.400000
HOLDOUT,U2,2026-06-11,7250.300000,7376.700000,125.400000
HOLDOUT,U2,2026-06-16,7530.200000,7505.800000,-25.400000
HOLDOUT,U2,2026-06-17,7491.100000,7411.000000,-81.100000
HOLDOUT,U2,2026-06-22,7451.100000,7442.700000,-9.400000
HOLDOUT,U2,2026-06-25,7353.400000,7333.300000,-21.100000
HOLDOUT,U2,2026-07-07,7462.100000,7477.700000,14.600000
HOLDOUT,U2,2026-07-20,7442.250000,7421.500000,-21.750000
HOLDOUT,U2,2026-07-31,7421.600000,7467.900000,45.300000
HOLDOUT,U2,2026-08-05,7738.700000,7697.900000,-41.800000
HOLDOUT,U2,2026-08-12,7721.100000,7725.400000,3.300000
HOLDOUT,U2,2026-08-14,7769.400000,7763.000000,-7.400000
HOLDOUT,U2,2026-08-25,7644.700000,7657.900000,12.200000
HOLDOUT,U2,2026-09-04,7695.100000,7701.800000,5.700000
HOLDOUT,U3,2020-08-12,3372.700000,3374.200000,-2.500000
HOLDOUT,U3,2020-08-20,3371.900000,3382.200000,-11.300000
HOLDOUT,U3,2020-09-09,3399.000000,3399.000000,-1.000000
HOLDOUT,U3,2020-09-14,3396.500000,3384.200000,11.300000
HOLDOUT,U3,2020-09-17,3367.500000,3358.700000,7.800000
HOLDOUT,U3,2020-09-24,3232.000000,3235.300000,-4.300000
HOLDOUT,U3,2020-09-25,3247.900000,3287.300000,-40.400000
HOLDOUT,U3,2020-09-30,3358.450000,3349.000000,8.450000
HOLDOUT,U3,2020-10-02,3341.800000,3338.200000,2.600000
HOLDOUT,U3,2020-10-05,3382.400000,3397.200000,-15.800000
HOLDOUT,U3,2020-10-29,3288.950000,3299.500000,-11.550000
HOLDOUT,U3,2020-11-03,3379.650000,3359.700000,18.950000
HOLDOUT,U3,2020-11-04,3460.100000,3434.600000,24.500000
HOLDOUT,U3,2020-11-05,3516.800000,3503.300000,12.500000
HOLDOUT,U3,2020-12-10,3675.100000,3666.700000,7.400000
HOLDOUT,U3,2021-01-06,3751.100000,3736.400000,13.700000
HOLDOUT,U3,2021-01-07,3794.100000,3789.600000,3.500000
HOLDOUT,U3,2021-01-28,3800.000000,3774.900000,24.100000
HOLDOUT,U3,2021-02-02,3820.600000,3813.900000,5.700000
HOLDOUT,U3,2021-02-24,3885.600000,3917.600000,-33.000000
HOLDOUT,U3,2021-03-01,3890.800000,3895.000000,-5.200000
HOLDOUT,U3,2021-03-08,3870.700000,3815.900000,53.800000
HOLDOUT,U3,2021-03-09,3883.100000,3869.700000,12.400000
HOLDOUT,U3,2021-04-21,4137.600000,4160.700000,-24.100000
HOLDOUT,U3,2021-04-23,4159.100000,4167.300000,-9.200000
HOLDOUT,U3,2021-05-07,4222.900000,4220.600000,1.300000
HOLDOUT,U3,2021-05-13,4115.500000,4102.800000,11.700000
HOLDOUT,U3,2021-05-20,4141.600000,4151.200000,-10.600000
HOLDOUT,U3,2021-06-21,4201.300000,4207.600000,-7.300000
HOLDOUT,U3,2021-07-20,4301.600000,4310.500000,-9.900000
HOLDOUT,U3,2021-08-19,4392.300000,4399.600000,-8.300000
HOLDOUT,U3,2021-08-27,4498.000000,4501.600000,-4.600000
HOLDOUT,U3,2021-09-23,4435.800000,4431.000000,3.800000
HOLDOUT,U3,2021-10-05,4342.300000,4329.900000,11.400000
HOLDOUT,U3,2021-10-07,4413.600000,4385.300000,27.300000
HOLDOUT,U3,2021-10-11,4397.200000,4346.600000,49.600000
HOLDOUT,U3,2021-12-02,4547.700000,4573.200000,-26.500000
HOLDOUT,U3,2021-12-07,4687.100000,4682.900000,3.200000
HOLDOUT,U3,2021-12-22,4660.800000,4677.000000,-17.200000
HOLDOUT,U3,2021-12-27,4749.900000,4773.100000,-24.200000
HOLDOUT,U3,2022-01-20,4583.250000,4465.800000,116.450000
HOLDOUT,U3,2022-01-31,4454.200000,4498.150000,-44.950000
HOLDOUT,U3,2022-02-10,4550.600000,4493.800000,55.800000
HOLDOUT,U3,2022-02-24,4172.600000,4283.100000,-111.500000
HOLDOUT,U3,2022-02-25,4327.000000,4376.500000,-50.500000
HOLDOUT,U3,2022-02-28,4358.550000,4364.900000,-7.350000
HOLDOUT,U3,2022-03-14,4239.600000,4169.400000,69.200000
HOLDOUT,U3,2022-03-16,4331.900000,4356.700000,-25.800000
HOLDOUT,U3,2022-03-22,4485.600000,4496.100000,-11.500000
HOLDOUT,U3,2022-04-19,4428.100000,4449.100000,-22.000000
HOLDOUT,U3,2022-04-27,4194.200000,4171.900000,21.300000
HOLDOUT,U3,2022-05-11,4015.200000,3927.200000,87.000000
HOLDOUT,U3,2022-05-12,3935.600000,3923.900000,10.700000
HOLDOUT,U3,2022-05-13,4008.350000,4016.100000,-8.750000
HOLDOUT,U3,2022-05-25,3960.300000,3974.000000,-14.700000
HOLDOUT,U3,2022-05-26,4043.000000,4053.100000,-11.100000
HOLDOUT,U3,2022-05-27,4109.800000,4153.500000,-44.700000
HOLDOUT,U3,2022-06-07,4129.800000,4157.500000,-28.700000
HOLDOUT,U3,2022-06-21,3759.500000,3751.200000,7.300000
HOLDOUT,U3,2022-06-22,3765.200000,3743.300000,20.900000
HOLDOUT,U3,2022-06-24,3865.700000,3900.700000,-36.000000
HOLDOUT,U3,2022-07-07,3874.200000,3888.400000,-15.200000
HOLDOUT,U3,2022-07-08,3893.200000,3885.500000,6.700000
HOLDOUT,U3,2022-07-13,3793.400000,3788.600000,3.800000
HOLDOUT,U3,2022-07-19,3889.650000,3921.700000,-33.050000
HOLDOUT,U3,2022-07-20,3955.850000,3948.600000,6.250000
HOLDOUT,U3,2022-08-01,4131.900000,4107.700000,23.200000
HOLDOUT,U3,2022-08-05,4127.400000,4134.300000,-7.900000
HOLDOUT,U3,2022-09-07,3926.800000,3978.200000,-52.400000
HOLDOUT,U3,2022-09-08,4002.900000,4003.750000,-1.850000
HOLDOUT,U3,2022-09-09,4060.900000,4065.100000,-5.200000
HOLDOUT,U3,2022-09-19,3863.600000,3885.150000,-22.550000
HOLDOUT,U3,2022-09-26,3684.700000,3643.300000,40.400000
HOLDOUT,U3,2022-09-30,3643.600000,3572.100000,70.500000
HOLDOUT,U3,2022-10-03,3643.600000,3666.600000,-24.000000
HOLDOUT,U3,2022-10-04,3770.600000,3779.900000,-10.300000
HOLDOUT,U3,2022-10-13,3536.200000,3660.800000,-125.600000
HOLDOUT,U3,2022-10-20,3720.700000,3654.000000,65.700000
HOLDOUT,U3,2022-10-25,3822.300000,3848.300000,-27.000000
HOLDOUT,U3,2022-10-26,3856.400000,3821.300000,34.100000
HOLDOUT,U3,2022-10-28,3859.900000,3889.900000,-31.000000
HOLDOUT,U3,2022-11-10,3902.700000,3944.850000,-43.150000
HOLDOUT,U3,2022-11-23,4022.200000,4022.400000,-1.200000
HOLDOUT,U3,2022-12-07,3953.700000,3931.100000,21.600000
HOLDOUT,U3,2022-12-09,3970.300000,3932.950000,36.350000
HOLDOUT,U3,2022-12-14,4044.300000,3993.900000,49.400000
HOLDOUT,U3,2022-12-21,3867.600000,3861.300000,5.300000
HOLDOUT,U3,2022-12-29,3831.500000,3833.700000,-3.200000
HOLDOUT,U3,2023-01-06,3852.700000,3880.100000,-28.400000
HOLDOUT,U3,2023-01-09,3927.300000,3879.000000,47.300000
HOLDOUT,U3,2023-01-13,3960.900000,3984.900000,-25.000000
HOLDOUT,U3,2023-01-23,4000.700000,4005.900000,-6.200000
HOLDOUT,U3,2023-02-03,4159.000000,4123.100000,34.900000
HOLDOUT,U3,2023-02-13,4115.400000,4127.400000,-13.000000
HOLDOUT,U3,2023-02-16,4114.900000,4082.700000,31.200000
HOLDOUT,U3,2023-03-13,3874.000000,3853.300000,19.700000
HOLDOUT,U3,2023-03-16,3916.500000,3960.300000,-44.800000
HOLDOUT,U3,2023-03-20,3930.550000,3935.800000,-6.250000
HOLDOUT,U3,2023-03-23,3988.400000,3932.900000,54.500000
HOLDOUT,U3,2023-05-05,4111.850000,4126.800000,-15.950000
HOLDOUT,U3,2023-05-18,4174.300000,4192.150000,-18.850000
HOLDOUT,U3,2023-05-26,4196.900000,4199.600000,-3.700000
HOLDOUT,U3,2023-06-02,4269.500000,4277.350000,-8.850000
HOLDOUT,U3,2023-06-15,4395.050000,4425.900000,-31.850000
HOLDOUT,U3,2023-08-14,4472.150000,4481.000000,-9.850000
HOLDOUT,U3,2023-08-23,4419.000000,4429.800000,-11.800000
HOLDOUT,U3,2023-08-29,4458.300000,4491.900000,-34.600000
HOLDOUT,U3,2023-10-16,4370.350000,4360.400000,8.950000
HOLDOUT,U3,2023-10-17,4352.200000,4361.100000,-9.900000
HOLDOUT,U3,2023-11-02,4291.400000,4306.900000,-16.500000
HOLDOUT,U3,2023-11-14,4490.900000,4486.600000,3.300000
HOLDOUT,U3,2024-01-05,4701.400000,4678.600000,21.800000
HOLDOUT,U3,2024-02-02,4922.700000,4942.900000,-21.200000
HOLDOUT,U3,2024-04-03,5207.700000,5195.400000,11.300000
HOLDOUT,U3,2024-04-05,5179.700000,5185.400000,-6.700000
HOLDOUT,U3,2024-04-23,5051.600000,5055.000000,-4.400000
HOLDOUT,U3,2024-07-12,5610.500000,5599.100000,10.400000
HOLDOUT,U3,2024-08-05,5161.600000,5174.000000,-13.400000
HOLDOUT,U3,2024-08-06,5251.900000,5220.700000,30.200000
HOLDOUT,U3,2024-08-08,5278.500000,5306.100000,-28.600000
HOLDOUT,U3,2024-09-04,5540.700000,5508.300000,31.400000
HOLDOUT,U3,2024-10-11,5790.850000,5796.000000,-6.150000
HOLDOUT,U3,2024-11-01,5743.900000,5710.300000,32.600000
HOLDOUT,U3,2024-11-05,5738.050000,5766.900000,-29.850000
HOLDOUT,U3,2024-12-20,5885.700000,5909.300000,-24.600000
HOLDOUT,U3,2025-01-27,5980.000000,5994.900000,-15.900000
HOLDOUT,U3,2025-02-03,5981.950000,5977.000000,3.950000
HOLDOUT,U3,2025-02-04,6007.900000,6017.400000,-10.500000
HOLDOUT,U3,2025-02-26,5991.600000,5944.900000,45.700000
HOLDOUT,U3,2025-02-28,5885.550000,5938.950000,-54.400000
HOLDOUT,U3,2025-03-06,5791.800000,5727.300000,63.500000
HOLDOUT,U3,2025-03-14,5603.900000,5627.800000,-24.900000
HOLDOUT,U3,2025-03-20,5690.200000,5656.900000,32.300000
HOLDOUT,U3,2025-03-27,5707.000000,5670.300000,35.700000
HOLDOUT,U3,2025-04-02,5617.500000,5646.300000,-29.800000
HOLDOUT,U3,2025-04-07,5057.700000,5044.500000,12.200000
HOLDOUT,U3,2025-04-22,5247.600000,5269.500000,-22.900000
HOLDOUT,U3,2025-04-24,5424.400000,5464.400000,-41.000000
HOLDOUT,U3,2025-04-29,5531.200000,5540.900000,-10.700000
HOLDOUT,U3,2025-05-06,5610.500000,5587.300000,22.200000
HOLDOUT,U3,2025-05-13,5869.700000,5867.600000,1.100000
HOLDOUT,U3,2025-05-19,5921.700000,5948.800000,-28.100000
HOLDOUT,U3,2025-06-16,6039.550000,6027.050000,11.500000
HOLDOUT,U3,2025-08-22,6457.450000,6453.100000,3.350000
HOLDOUT,U3,2025-10-20,6708.350000,6712.700000,-5.350000
HOLDOUT,U3,2025-11-14,6720.500000,6719.350000,0.150000
HOLDOUT,U3,2025-11-24,6667.000000,6688.200000,-22.200000
HOLDOUT,U3,2026-01-21,6846.200000,6853.400000,-8.200000
HOLDOUT,U3,2026-02-02,6944.400000,6953.900000,-10.500000
HOLDOUT,U3,2026-02-06,6856.400000,6907.200000,-51.800000
HOLDOUT,U3,2026-02-09,6944.450000,6940.000000,3.450000
HOLDOUT,U3,2026-02-18,6884.800000,6861.900000,21.900000
HOLDOUT,U3,2026-02-20,6884.200000,6894.400000,-11.200000
HOLDOUT,U3,2026-02-24,6854.250000,6873.700000,-20.450000
HOLDOUT,U3,2026-03-02,6839.100000,6863.500000,-25.400000
HOLDOUT,U3,2026-03-04,6860.700000,6851.300000,8.400000
HOLDOUT,U3,2026-03-10,6812.500000,6771.300000,40.200000
HOLDOUT,U3,2026-03-24,6551.600000,6532.000000,18.600000
HOLDOUT,U3,2026-04-02,6543.900000,6557.600000,-14.700000
HOLDOUT,U3,2026-04-14,6914.100000,6943.600000,-30.500000
HOLDOUT,U3,2026-04-17,7104.400000,7100.600000,2.800000
HOLDOUT,U3,2026-05-06,7322.550000,7337.700000,-16.150000
HOLDOUT,U3,2026-06-24,7396.000000,7333.200000,61.800000
HOLDOUT,U3,2026-06-26,7328.900000,7293.500000,34.400000
HOLDOUT,U3,2026-08-03,7552.900000,7577.200000,-25.300000
HOLDOUT,U3,2026-08-04,7662.100000,7711.100000,-50.000000
