date,direction,entry_mod,exit_mod,entry_px,exit_px,move_pct,gate_value,vix_prev,ret_pct,pts,kind,candidate,decision_mod,mae_pts,opt_ret,premium,K
2013-01-10,1.000000,781,955,1466.400000,1470.400000,0.534100,0.003000,13.810000,0.340971,5.000000,c,13:00|call|gap>0.3%,780,-1.400000,0.026385,37.900000,1430.000000
2013-01-25,1.000000,782,955,1498.800000,1500.400000,0.307939,0.003000,12.690000,0.200160,3.000000,c,13:00|call|gap>0.3%,780,-1.000000,-0.034739,40.300000,1460.000000
2013-02-01,1.000000,781,955,1511.800000,1511.800000,0.561047,0.003000,14.280000,-0.026459,-0.400000,c,13:00|call|gap>0.3%,780,-2.000000,-0.090090,33.300000,1480.000000
2013-02-05,1.000000,781,955,1508.200000,1509.600000,0.548715,0.003000,14.670000,0.066304,1.000000,c,13:00|call|gap>0.3%,780,0.000000,-0.040302,39.700000,1470.000000
2013-02-22,1.000000,781,955,1513.000000,1514.200000,0.519515,0.003000,15.220000,0.171844,2.600000,c,13:00|call|gap>0.3%,780,-2.400000,-0.052174,34.500000,1480.000000
2013-02-25,1.000000,781,955,1513.400000,1489.000000,0.514648,0.003000,14.170000,-1.744417,-26.400000,c,13:00|call|gap>0.3%,780,-26.400000,-0.785100,34.900000,1480.000000
2013-02-26,1.000000,781,955,1494.400000,1496.200000,0.497646,0.003000,18.990000,0.187366,2.800000,c,13:00|call|gap>0.3%,780,-4.600000,-0.033426,35.900000,1460.000000
2013-03-05,1.000000,781,955,1540.800000,1537.800000,0.524590,0.003000,14.010000,-0.103842,-1.600000,c,13:00|call|gap>0.3%,780,-3.600000,-0.141844,42.300000,1500.000000
2013-03-06,1.000000,781,955,1539.000000,1540.400000,0.350832,0.003000,13.480000,0.142950,2.200000,c,13:00|call|gap>0.3%,780,-0.400000,-0.039506,40.500000,1500.000000
2013-03-08,1.000000,781,955,1547.400000,1551.000000,0.427517,0.003000,13.060000,0.180949,2.800000,c,13:00|call|gap>0.3%,780,-0.800000,0.015424,38.900000,1510.000000
2013-03-20,1.000000,781,955,1555.400000,1556.600000,0.568769,0.003000,14.390000,0.115726,1.800000,c,13:00|call|gap>0.3%,780,-1.800000,-0.048780,36.900000,1520.000000
2013-03-22,1.000000,781,955,1553.200000,1552.000000,0.323834,0.003000,13.990000,0.154520,2.400000,c,13:00|call|gap>0.3%,780,-2.200000,-0.121037,34.700000,1520.000000
2013-03-25,1.000000,781,955,1545.600000,1550.800000,0.308563,0.003000,13.570000,0.310559,4.800000,c,13:00|call|gap>0.3%,780,-2.000000,0.059299,37.100000,1510.000000
2013-03-26,1.000000,781,955,1557.000000,1561.400000,0.386997,0.003000,13.740000,0.321130,5.000000,c,13:00|call|gap>0.3%,780,0.000000,0.036364,38.500000,1520.000000
2013-04-02,1.000000,782,955,1571.400000,1567.000000,0.358836,0.003000,13.580000,-0.229095,-3.600000,c,13:00|call|gap>0.3%,780,-7.600000,-0.172494,42.900000,1530.000000
2013-04-16,1.000000,781,955,1571.000000,1572.400000,0.787097,0.003000,17.270000,0.127307,2.000000,c,13:00|call|gap>0.3%,780,-5.000000,-0.037647,42.500000,1530.000000
2013-04-23,1.000000,784,955,1576.000000,1577.000000,0.512755,0.003000,14.390000,0.038071,0.600000,c,13:00|call|gap>0.3%,780,-15.800000,-0.053333,37.500000,1540.000000
2013-05-03,1.000000,782,955,1615.800000,1612.800000,0.877743,0.003000,13.590000,-0.259933,-4.200000,c,13:00|call|gap>0.3%,780,-4.800000,-0.160858,37.300000,1580.000000
2013-05-17,1.000000,781,955,1658.000000,1666.000000,0.375667,0.003000,13.070000,0.530760,8.800000,c,13:00|call|gap>0.3%,780,-0.800000,0.126582,39.500000,1620.000000
2013-05-28,1.000000,781,955,1664.800000,1660.400000,1.054929,0.003000,13.990000,-0.336377,-5.600000,c,13:00|call|gap>0.3%,780,-10.600000,-0.203857,36.300000,1630.000000
2013-06-07,1.000000,781,955,1638.000000,1643.200000,0.715166,0.003000,16.630000,0.317460,5.200000,c,13:00|call|gap>0.3%,780,-5.400000,0.055696,39.500000,1600.000000
2013-06-10,1.000000,781,955,1642.400000,1641.400000,0.304284,0.003000,15.140000,0.012177,0.200000,c,13:00|call|gap>0.3%,780,-2.600000,-0.091116,43.900000,1600.000000
2013-06-12,1.000000,781,955,1619.200000,1614.400000,0.701107,0.003000,17.070000,-0.432312,-7.000000,c,13:00|call|gap>0.3%,780,-8.600000,-0.191646,40.700000,1580.000000
2013-06-17,1.000000,781,955,1643.400000,1637.400000,0.688722,0.003000,17.150000,-0.279908,-4.600000,c,13:00|call|gap>0.3%,780,-13.600000,-0.257880,34.900000,1610.000000
2013-06-21,1.000000,781,955,1589.200000,1590.800000,0.705912,0.003000,20.490000,0.188774,3.000000,c,13:00|call|gap>0.3%,780,-5.400000,-0.034398,40.700000,1550.000000
2013-06-25,1.000000,781,955,1585.800000,1588.600000,0.916264,0.003000,20.110000,0.088284,1.400000,c,13:00|call|gap>0.3%,780,-4.400000,-0.005362,37.300002,1550.000000
2013-06-26,1.000000,781,955,1599.000000,1603.400000,0.831653,0.003000,18.470000,0.225141,3.600000,c,13:00|call|gap>0.3%,780,-1.400000,0.034568,40.500000,1560.000000
2013-06-27,1.000000,781,955,1613.400000,1613.400000,0.611506,0.003000,17.210000,-0.074377,-1.200000,c,13:00|call|gap>0.3%,780,-1.800000,-0.085960,34.900000,1580.000000
2013-07-01,1.000000,781,955,1622.200000,1613.800000,0.686470,0.003000,16.860000,-0.517815,-8.400000,c,13:00|call|gap>0.3%,780,-11.000000,-0.260870,43.700000,1580.000000
2013-07-08,1.000000,781,955,1637.200000,1638.000000,0.527543,0.003000,14.890000,0.122160,2.000000,c,13:00|call|gap>0.3%,780,-1.200000,-0.056848,38.700000,1600.000000
2013-07-09,1.000000,783,955,1652.200000,1650.400000,0.658858,0.003000,14.780000,-0.072630,-1.200000,c,13:00|call|gap>0.3%,780,-2.800000,-0.109840,43.700000,1610.000000
2013-07-11,1.000000,781,955,1669.200000,1675.000000,1.174619,0.003000,14.210000,0.311526,5.200000,c,13:00|call|gap>0.3%,780,-1.600000,0.068796,40.700000,1630.000000
2013-07-17,1.000000,781,955,1681.200000,1679.600000,0.370061,0.003000,14.420000,-0.118963,-2.000000,c,13:00|call|gap>0.3%,780,-4.200000,-0.107728,42.700000,1640.000000
2013-07-24,1.000000,781,955,1685.400000,1683.400000,0.330969,0.003000,12.660000,-0.047466,-0.800000,c,13:00|call|gap>0.3%,780,-4.400000,-0.135501,36.900000,1650.000000
2013-07-30,1.000000,781,955,1687.200000,1686.000000,0.320551,0.003000,13.390000,-0.142248,-2.400000,c,13:00|call|gap>0.3%,780,-6.400000,-0.108527,38.700000,1650.000000
2013-08-01,1.000000,781,955,1702.400000,1705.400000,0.390071,0.003000,13.450000,0.164474,2.800000,c,13:00|call|gap>0.3%,780,-1.000000,0.000000,43.900000,1660.000000
2013-08-08,1.000000,781,955,1698.200000,1697.200000,0.473317,0.003000,12.980000,-0.129549,-2.200000,c,13:00|call|gap>0.3%,780,-2.200000,-0.100756,39.700000,1660.000000
2013-08-23,1.000000,781,955,1660.000000,1664.200000,0.350199,0.003000,14.760000,0.132530,2.200000,c,13:00|call|gap>0.3%,780,-0.800000,0.028916,41.500000,1620.000000
2013-09-03,1.000000,781,955,1634.400000,1637.600000,1.005395,0.003000,17.010000,0.256975,4.200000,c,13:00|call|gap>0.3%,780,-2.400000,0.005571,35.900000,1600.000000
2013-09-06,1.000000,781,955,1659.400000,1655.400000,0.362713,0.003000,15.770000,-0.289261,-4.800000,c,13:00|call|gap>0.3%,780,-5.600000,-0.171149,40.900000,1620.000000
2013-09-10,1.000000,781,955,1681.200000,1682.000000,0.610413,0.003000,15.630000,0.142755,2.400000,c,13:00|call|gap>0.3%,780,-1.400000,-0.051522,42.700000,1640.000000
2013-10-10,1.000000,781,955,1683.800000,1689.600000,1.038773,0.003000,19.600000,0.498872,8.400000,c,13:00|call|gap>0.3%,780,-2.200000,0.079320,35.300013,1650.000000
2013-10-16,1.000000,781,955,1717.800000,1720.000000,0.589345,0.003000,18.660000,0.186285,3.200000,c,13:00|call|gap>0.3%,780,-3.000000,-0.020356,39.300000,1680.000000
2013-10-18,1.000000,781,955,1740.600000,1743.200000,0.369472,0.003000,13.480000,0.172354,3.000000,c,13:00|call|gap>0.3%,780,-0.400000,-0.009501,42.100000,1700.000000
2013-11-04,1.000000,781,955,1762.000000,1766.000000,0.329583,0.003000,13.280000,0.272418,4.800000,c,13:00|call|gap>0.3%,780,-0.400000,0.022989,43.500000,1720.000000
2013-11-06,1.000000,781,955,1767.400000,1769.200000,0.431475,0.003000,13.270000,0.135793,2.400000,c,13:00|call|gap>0.3%,780,-0.400000,-0.030848,38.900000,1730.000000
2013-11-21,1.000000,781,955,1791.400000,1796.000000,0.303098,0.003000,13.400000,0.256782,4.600000,c,13:00|call|gap>0.3%,780,-0.200000,0.037296,42.900000,1750.000000
2013-12-06,1.000000,781,955,1805.200000,1805.000000,0.940860,0.003000,15.080000,0.000000,0.000000,c,13:00|call|gap>0.3%,780,-3.200000,-0.068522,46.700000,1760.000000
2013-12-16,1.000000,781,955,1786.600000,1787.400000,0.473026,0.003000,15.760000,0.011194,0.200000,c,13:00|call|gap>0.3%,780,-2.000000,-0.057743,38.100000,1750.000000
2013-12-23,1.000000,781,955,1829.000000,1829.000000,0.461538,0.003000,13.790000,0.000000,0.000000,c,13:00|call|gap>0.3%,780,-3.200000,-0.074074,40.500000,1790.000000
2014-01-06,1.000000,781,955,1825.800000,1828.400000,0.371544,0.003000,13.760000,0.010954,0.200000,c,13:00|call|gap>0.3%,780,-1.800000,-0.008457,47.300000,1780.000000
2014-01-07,1.000000,781,955,1838.000000,1837.600000,0.372399,0.003000,13.550000,-0.087051,-1.600000,c,13:00|call|gap>0.3%,780,-4.400000,-0.086076,39.500000,1800.000000
2014-01-09,1.000000,781,955,1837.200000,1838.200000,0.304845,0.003000,12.870000,0.032658,0.600000,c,13:00|call|gap>0.3%,780,-5.800000,-0.051680,38.700000,1800.000000
2014-01-14,1.000000,781,955,1835.000000,1837.200000,0.330033,0.003000,13.280000,0.163488,3.000000,c,13:00|call|gap>0.3%,780,-1.400000,-0.017204,46.500000,1790.000000
2014-01-21,1.000000,781,955,1838.000000,1841.600000,0.588043,0.003000,12.440000,0.239391,4.400000,c,13:00|call|gap>0.3%,780,-0.200000,0.015190,39.500000,1800.000000
2014-01-30,1.000000,781,955,1795.600000,1792.800000,0.857691,0.003000,17.350000,-0.189352,-3.400000,c,13:00|call|gap>0.3%,780,-5.400000,-0.123142,47.100000,1750.000000
2014-02-04,1.000000,781,955,1754.400000,1754.200000,0.454023,0.003000,21.440000,-0.136799,-2.400000,c,13:00|call|gap>0.3%,780,-8.000000,-0.069717,45.900001,1710.000000
2014-02-07,1.000000,781,955,1787.000000,1795.000000,0.507843,0.003000,17.230000,0.436486,7.800000,c,13:00|call|gap>0.3%,780,-0.400000,0.129870,38.500000,1750.000000
2014-03-04,1.000000,781,955,1871.300000,1873.800000,1.008021,0.003000,16.000000,0.080158,1.500000,c,13:00|call|gap>0.3%,780,-3.500000,-0.011682,42.800000,1830.000000
2014-03-07,1.000000,781,955,1875.900000,1876.100000,0.378102,0.003000,14.210000,0.111946,2.100000,c,13:00|call|gap>0.3%,780,-4.500000,-0.059072,47.400000,1830.000000
2014-03-13,1.000000,781,955,1851.900000,1847.000000,0.321113,0.003000,14.470000,-0.237594,-4.400000,c,13:00|call|gap>0.3%,780,-9.600000,-0.182028,43.400000,1810.000000
2014-03-17,1.000000,781,955,1859.300000,1858.200000,0.532204,0.003000,17.820000,-0.037649,-0.700000,c,13:00|call|gap>0.3%,780,-2.700000,-0.100490,40.800000,1820.000000
2014-03-21,1.000000,781,955,1876.700000,1864.500000,0.400662,0.003000,14.520000,-0.650077,-12.200000,c,13:00|call|gap>0.3%,780,-13.900000,-0.315353,48.200000,1830.000000
2014-03-24,1.000000,781,955,1851.400000,1857.500000,0.337892,0.003000,15.000000,0.264665,4.900000,c,13:00|call|gap>0.3%,780,-0.400000,0.072261,42.900000,1810.000000
2014-03-25,1.000000,781,955,1861.400000,1865.400000,0.495610,0.003000,15.090000,0.214892,4.000000,c,13:00|call|gap>0.3%,780,-0.400000,0.023310,42.900000,1820.000000
2014-03-26,1.000000,781,955,1869.700000,1853.600000,0.385976,0.003000,14.020000,-0.984115,-18.400000,c,13:00|call|gap>0.3%,780,-18.600000,-0.463592,41.200000,1830.000000
2014-03-31,1.000000,781,955,1873.200000,1870.800000,0.614191,0.003000,14.410000,-0.090754,-1.700000,c,13:00|call|gap>0.3%,780,-4.900000,-0.120805,44.700000,1830.000000
2014-04-01,1.000000,781,955,1877.600000,1883.600000,0.331285,0.003000,13.880000,0.324883,6.100000,c,13:00|call|gap>0.3%,780,-1.000000,0.076726,39.100000,1840.000000
2014-04-04,1.000000,781,955,1873.700000,1866.400000,0.556380,0.003000,13.370000,-0.469659,-8.800000,c,13:00|call|gap>0.3%,780,-11.800000,-0.227876,45.200000,1830.000000
2014-04-14,1.000000,781,955,1830.900000,1827.500000,0.771520,0.003000,17.030000,-0.114698,-2.100000,c,13:00|call|gap>0.3%,780,-16.900000,-0.150943,42.400000,1790.000000
2014-04-16,1.000000,781,955,1853.000000,1860.200000,0.667825,0.003000,15.610000,0.420939,7.800000,c,13:00|call|gap>0.3%,780,-2.900000,0.094382,44.500000,1810.000000
2014-04-24,1.000000,781,955,1880.900000,1876.900000,0.474996,0.003000,13.270000,-0.186081,-3.500000,c,13:00|call|gap>0.3%,780,-7.500000,-0.165094,42.400000,1840.000000
2014-04-28,1.000000,781,955,1858.500000,1868.700000,0.386702,0.003000,14.060000,0.495023,9.200000,c,13:00|call|gap>0.3%,780,-10.200000,0.180000,40.000000,1820.000000
2014-04-29,1.000000,781,955,1878.400000,1876.200000,0.321251,0.003000,13.970000,-0.117121,-2.200000,c,13:00|call|gap>0.3%,780,-2.900000,-0.130326,39.900000,1840.000000
2014-05-07,1.000000,781,955,1869.600000,1876.400000,0.332279,0.003000,13.800000,0.390458,7.300000,c,13:00|call|gap>0.3%,780,-3.000000,0.092457,41.100000,1830.000000
2014-05-12,1.000000,782,955,1891.600000,1895.200000,0.388732,0.003000,12.920000,0.190315,3.600000,c,13:00|call|gap>0.3%,780,-0.100000,0.013921,43.100000,1850.000000
2014-05-21,1.000000,782,955,1884.100000,1887.900000,0.304536,0.003000,12.960000,0.185765,3.500000,c,13:00|call|gap>0.3%,780,-2.500000,0.017544,45.600000,1840.000000
2014-07-14,1.000000,783,955,1976.800000,1976.200000,0.508337,0.003000,12.080000,0.000000,0.000000,c,13:00|call|gap>0.3%,780,-1.000000,-0.074534,48.300000,1930.000000
2014-07-16,1.000000,781,955,1980.600000,1979.800000,0.435796,0.003000,11.960000,0.000000,0.000000,c,13:00|call|gap>0.3%,780,-1.200000,-0.090261,42.100000,1940.000000
2014-07-18,1.000000,781,955,1973.600000,1976.800000,0.306498,0.003000,14.540000,0.192542,3.800000,c,13:00|call|gap>0.3%,780,-2.800000,0.004435,45.100000,1930.000000
2014-07-22,1.000000,781,955,1983.400000,1982.400000,0.354754,0.003000,12.810000,-0.080670,-1.600000,c,13:00|call|gap>0.3%,780,-3.600000,-0.089087,44.900000,1940.000000
2014-07-30,1.000000,781,955,1966.600000,1969.800000,0.345318,0.003000,13.280000,0.142378,2.800000,c,13:00|call|gap>0.3%,780,-3.800000,0.004158,48.100000,1920.000000
2014-08-07,1.000000,781,955,1911.600000,1910.000000,0.469092,0.003000,16.370000,-0.198786,-3.800000,c,13:00|call|gap>0.3%,780,-8.200000,-0.106729,43.100000,1870.000000
2014-08-11,1.000000,782,955,1941.000000,1936.400000,0.373057,0.003000,15.770000,-0.288511,-5.600000,c,13:00|call|gap>0.3%,780,-6.400000,-0.178824,42.500000,1900.000000
2014-08-13,1.000000,781,955,1945.600000,1946.200000,0.393212,0.003000,14.130000,0.051398,1.000000,c,13:00|call|gap>0.3%,780,-2.200000,-0.050955,47.100000,1900.000000
2014-08-15,1.000000,781,955,1947.200000,1955.000000,0.378555,0.003000,12.420000,0.380033,7.400000,c,13:00|call|gap>0.3%,780,-2.000000,0.098563,48.700000,1900.000000
2014-08-25,1.000000,781,955,1996.000000,1997.800000,0.492908,0.003000,11.470000,0.110220,2.200000,c,13:00|call|gap>0.3%,780,-1.000000,-0.025263,47.500000,1950.000000
2014-09-03,1.000000,784,955,2002.800000,2000.600000,0.399640,0.003000,12.250000,-0.109846,-2.200000,c,13:00|call|gap>0.3%,780,-5.000000,-0.117381,44.300000,1960.000000
2014-09-19,1.000000,781,955,2010.000000,2013.600000,0.327934,0.003000,12.030000,0.049751,1.000000,c,13:00|call|gap>0.3%,780,-3.200000,0.011650,51.500000,1960.000000
2014-10-03,1.000000,781,955,1968.600000,1969.400000,0.688875,0.003000,16.160000,-0.081276,-1.600000,c,13:00|call|gap>0.3%,780,-3.400000,-0.043912,50.100000,1920.000000
2014-10-06,1.000000,781,955,1958.400000,1965.400000,0.396543,0.003000,14.550000,0.285948,5.600000,c,13:00|call|gap>0.3%,780,-1.200000,0.080160,49.900000,1910.000000
2014-10-14,1.000000,781,955,1890.600000,1875.800000,0.533675,0.003000,24.640000,-0.698191,-13.200000,c,13:00|call|gap>0.3%,780,-19.800000,-0.422807,42.100321,1850.000000
2014-10-17,1.000000,781,955,1890.600000,1887.000000,1.192523,0.003000,25.200000,-0.306781,-5.800000,c,13:00|call|gap>0.3%,780,-14.800000,-0.156779,42.100459,1850.000000
2014-10-21,1.000000,781,955,1928.800000,1938.200000,0.699043,0.003000,18.570000,0.580672,11.200000,c,13:00|call|gap>0.3%,780,-1.000000,0.158809,40.300004,1890.000000
2014-10-23,1.000000,781,955,1952.000000,1949.200000,0.996678,0.003000,17.870000,-0.163934,-3.200000,c,13:00|call|gap>0.3%,780,-5.200000,-0.133333,43.500000,1910.000000
2014-10-28,1.000000,781,955,1970.200000,1981.400000,0.367347,0.003000,16.040000,0.639529,12.600000,c,13:00|call|gap>0.3%,780,-0.200000,0.196643,41.700000,1930.000000
2014-10-31,1.000000,781,955,2013.600000,2015.400000,1.193940,0.003000,14.520000,0.109257,2.200000,c,13:00|call|gap>0.3%,780,-4.200000,-0.026608,45.100000,1970.000000
2014-11-05,1.000000,781,955,2020.800000,2021.400000,0.706468,0.003000,14.890000,0.079177,1.600000,c,13:00|call|gap>0.3%,780,-5.800000,-0.056738,42.300000,1980.000000
2014-12-11,1.000000,781,955,2055.200000,2034.800000,0.375012,0.003000,18.530000,-0.905021,-18.600000,c,13:00|call|gap>0.3%,780,-23.200000,-0.501071,46.700000,2010.000000
2014-12-15,1.000000,781,955,2001.400000,1993.400000,0.529153,0.003000,21.080000,-0.629559,-12.600000,c,13:00|call|gap>0.3%,780,-13.000000,-0.256411,42.900039,1960.000000
2014-12-18,1.000000,781,955,2048.800000,2060.800000,1.400060,0.003000,19.440000,0.722374,14.800000,c,13:00|call|gap>0.3%,780,-4.200000,0.178926,50.300000,2000.000000
2014-12-19,1.000000,781,955,2068.800000,2077.200000,0.339213,0.003000,16.810000,0.280356,5.800000,c,13:00|call|gap>0.3%,780,-1.200000,0.107356,50.300000,2020.000000
2014-12-23,1.000000,781,955,2086.400000,2085.200000,0.355462,0.003000,15.250000,-0.086273,-1.800000,c,13:00|call|gap>0.3%,780,-2.600000,-0.087683,47.900000,2040.000000
2015-01-07,1.000000,781,955,2023.600000,2023.000000,0.780000,0.003000,21.120000,0.059300,1.200000,c,13:00|call|gap>0.3%,780,-4.800000,-0.079823,45.100018,1980.000000
2015-01-08,1.000000,781,955,2058.400000,2059.600000,0.849467,0.003000,19.310000,0.136028,2.800000,c,13:00|call|gap>0.3%,780,-2.600000,-0.036072,49.900000,2010.000000
2015-01-13,1.000000,781,955,2040.800000,2021.000000,0.739864,0.003000,19.600000,-0.931007,-19.000000,c,13:00|call|gap>0.3%,780,-34.600000,-0.435946,52.300000,1990.000000
2015-01-15,1.000000,781,955,1992.600000,1991.200000,0.378222,0.003000,21.480000,-0.100371,-2.000000,c,13:00|call|gap>0.3%,780,-3.000000,-0.099774,44.100030,1950.000000
2015-01-20,1.000000,781,955,2009.800000,2019.800000,0.391807,0.003000,20.950000,0.567221,11.400000,c,13:00|call|gap>0.3%,780,-3.800000,0.136452,51.300001,1960.000000
2015-01-22,1.000000,781,955,2043.800000,2060.800000,0.462826,0.003000,18.850000,0.880712,18.000000,c,13:00|call|gap>0.3%,780,-2.000000,0.309051,45.300001,2000.000000
2015-01-28,1.000000,781,955,2030.000000,2001.600000,0.700543,0.003000,17.220000,-1.477833,-30.000000,c,13:00|call|gap>0.3%,780,-31.400000,-0.609709,51.500000,1980.000000
2015-02-02,1.000000,781,955,1991.600000,2016.000000,0.311089,0.003000,20.970000,1.305483,26.000000,c,13:00|call|gap>0.3%,780,-4.600000,0.496519,43.100029,1950.000000
2015-02-03,1.000000,781,955,2030.400000,2046.200000,0.565028,0.003000,19.430000,0.807723,16.400000,c,13:00|call|gap>0.3%,780,-0.200000,0.246628,51.900000,1980.000000
2015-02-05,1.000000,781,955,2053.400000,2059.400000,0.402118,0.003000,18.330000,0.350638,7.200000,c,13:00|call|gap>0.3%,780,-0.400000,0.066815,44.900001,2010.000000
2015-02-10,1.000000,781,955,2058.600000,2068.400000,0.616438,0.003000,18.550000,0.369183,7.600000,c,13:00|call|gap>0.3%,780,-2.600000,0.135729,50.100000,2010.000000
2015-02-12,1.000000,781,955,2082.400000,2086.800000,0.474071,0.003000,16.960000,0.220899,4.600000,c,13:00|call|gap>0.3%,780,-0.400000,0.031891,43.900000,2040.000000
2015-03-12,1.000000,781,955,2059.800000,2066.400000,0.392157,0.003000,16.870000,0.310710,6.400000,c,13:00|call|gap>0.3%,780,-1.200000,0.070175,51.300000,2010.000000
2015-03-16,1.000000,781,955,2074.000000,2080.400000,0.438297,0.003000,16.000000,0.356798,7.400000,c,13:00|call|gap>0.3%,780,-2.400000,0.074725,45.500000,2030.000000
2015-03-20,1.000000,781,955,2112.600000,2110.000000,0.593642,0.003000,14.070000,-0.198807,-4.200000,c,13:00|call|gap>0.3%,780,-4.800000,-0.126984,44.100000,2070.000000
2015-03-30,1.000000,782,955,2084.600000,2085.400000,0.602059,0.003000,15.070000,0.019188,0.400000,c,13:00|call|gap>0.3%,780,-0.600000,-0.047722,46.100000,2040.000000
2015-04-20,1.000000,784,955,2100.200000,2098.600000,0.548288,0.003000,13.890000,-0.085706,-1.800000,c,13:00|call|gap>0.3%,780,-2.800000,-0.088975,51.700000,2050.000000
2015-04-21,1.000000,781,955,2098.000000,2096.600000,0.419367,0.003000,13.300000,-0.085796,-1.800000,c,13:00|call|gap>0.3%,780,-5.400000,-0.088889,49.500000,2050.000000
2015-04-27,1.000000,781,955,2111.400000,2105.800000,0.330750,0.003000,12.290000,-0.198920,-4.200000,c,13:00|call|gap>0.3%,780,-6.400000,-0.162571,52.900000,2060.000000
2015-05-01,1.000000,781,955,2098.200000,2105.000000,0.480077,0.003000,14.550000,0.352683,7.400000,c,13:00|call|gap>0.3%,780,-1.600000,0.076459,49.700000,2050.000000
2015-05-06,1.000000,781,955,2077.200000,2074.900000,0.335410,0.003000,14.310000,0.057770,1.200000,c,13:00|call|gap>0.3%,780,-12.000000,-0.108830,48.700000,2030.000000
2015-05-08,1.000000,785,955,2115.000000,2116.200000,0.967897,0.003000,15.130000,-0.018913,-0.400000,c,13:00|call|gap>0.3%,780,-3.400000,-0.038710,46.500000,2070.000000
2015-05-14,1.000000,781,955,2117.200000,2119.800000,0.591095,0.003000,13.760000,0.132250,2.800000,c,13:00|call|gap>0.3%,780,-0.600000,-0.008214,48.700000,2070.000000
2015-06-01,1.000000,781,955,2116.000000,2110.800000,0.389179,0.003000,13.840000,-0.217391,-4.600000,c,13:00|call|gap>0.3%,780,-5.800000,-0.172632,47.500000,2070.000000
2015-06-03,1.000000,781,955,2114.400000,2114.000000,0.331974,0.003000,14.240000,0.009459,0.200000,c,13:00|call|gap>0.3%,780,-2.200000,-0.074074,45.900000,2070.000000
2015-06-10,1.000000,781,955,2106.600000,2105.400000,0.442563,0.003000,14.470000,-0.132916,-2.800000,c,13:00|call|gap>0.3%,780,-3.000000,-0.087318,48.100000,2060.000000
2015-06-18,1.000000,781,955,2123.200000,2121.100000,0.318956,0.003000,14.500000,-0.047099,-1.000000,c,13:00|call|gap>0.3%,780,-4.300000,-0.114094,44.700000,2080.000000
2015-06-22,1.000000,781,955,2123.800000,2122.400000,0.706664,0.003000,13.960000,-0.028251,-0.600000,c,13:00|call|gap>0.3%,780,-2.800000,-0.097130,45.300000,2080.000000
2015-06-25,1.000000,781,955,2108.900000,2102.700000,0.308320,0.003000,13.260000,-0.374603,-7.900000,c,13:00|call|gap>0.3%,780,-8.200000,-0.182540,50.400000,2060.000000
2015-06-30,1.000000,781,955,2058.200000,2066.000000,0.894855,0.003000,18.850000,0.106890,2.200000,c,13:00|call|gap>0.3%,780,-0.400000,0.096579,49.700000,2010.000000
2015-07-01,1.000000,781,955,2068.800000,2076.200000,0.902737,0.003000,18.230000,0.377030,7.800000,c,13:00|call|gap>0.3%,780,-1.800000,0.087475,50.300000,2020.000000
2015-07-09,1.000000,781,955,2060.700000,2055.200000,1.275972,0.003000,19.660000,-0.524094,-10.800000,c,13:00|call|gap>0.3%,780,-10.800000,-0.162835,52.200000,2010.000000
2015-07-10,1.000000,781,955,2076.400000,2078.000000,1.209815,0.003000,19.970000,-0.024080,-0.500000,c,13:00|call|gap>0.3%,780,-4.000000,-0.029228,47.900002,2030.000000
2015-07-13,1.000000,782,955,2093.200000,2099.900000,0.732213,0.003000,16.830000,0.272310,5.700000,c,13:00|call|gap>0.3%,780,0.000000,0.082774,44.700000,2050.000000
2015-07-16,1.000000,781,955,2120.100000,2123.600000,0.602638,0.003000,13.230000,0.165087,3.500000,c,13:00|call|gap>0.3%,780,-0.800000,0.009690,51.600000,2070.000000
2015-07-28,1.000000,781,955,2084.400000,2091.400000,0.522699,0.003000,15.600000,0.350221,7.300000,c,13:00|call|gap>0.3%,780,-0.400000,0.087146,45.900000,2040.000000
2015-07-31,1.000000,781,955,2109.300000,2102.000000,0.313331,0.003000,12.130000,-0.289195,-6.100000,c,13:00|call|gap>0.3%,780,-9.300000,-0.202756,50.800000,2060.000000
2015-08-05,1.000000,781,955,2100.400000,2098.300000,0.554758,0.003000,13.000000,-0.076176,-1.600000,c,13:00|call|gap>0.3%,780,-5.400000,-0.098266,51.900000,2050.000000
2015-08-10,1.000000,781,955,2100.700000,2101.500000,0.635624,0.003000,13.390000,0.114248,2.400000,c,13:00|call|gap>0.3%,780,-0.400000,-0.042146,52.200000,2050.000000
2015-08-25,1.000000,781,955,1928.600000,1879.800000,3.187884,0.003000,40.740000,-3.204397,-61.800000,c,13:00|call|gap>0.3%,780,-63.800000,-1.000000,40.231600,1890.000000
2015-08-26,1.000000,781,955,1894.400000,1936.600000,2.603385,0.003000,36.020000,2.417652,45.800000,c,13:00|call|gap>0.3%,780,-7.800000,0.853432,45.914814,1850.000000
2015-08-27,1.000000,781,955,1986.500000,1981.300000,1.278219,0.003000,30.320000,0.060408,1.200000,c,13:00|call|gap>0.3%,780,-40.200000,-0.170870,48.002144,1940.000000
2015-09-02,1.000000,781,955,1932.800000,1942.800000,1.639602,0.003000,31.400000,0.786424,15.200000,c,13:00|call|gap>0.3%,780,-5.600000,0.157855,44.306059,1890.000000
2015-09-03,1.000000,781,955,1957.600000,1952.200000,0.446612,0.003000,26.090000,-0.449530,-8.800000,c,13:00|call|gap>0.3%,780,-14.400000,-0.171081,49.100116,1910.000000
2015-09-08,1.000000,781,955,1951.900000,1967.900000,1.792974,0.003000,27.800000,0.855577,16.700000,c,13:00|call|gap>0.3%,780,-3.200000,0.299481,43.401952,1910.000000
2015-09-09,1.000000,781,955,1969.800000,1938.400000,0.934674,0.003000,24.900000,-1.482384,-29.200000,c,13:00|call|gap>0.3%,780,-33.400000,-0.832934,41.300945,1930.000000
2015-09-15,1.000000,781,955,1969.600000,1979.300000,0.327684,0.003000,24.250000,0.441714,8.700000,c,13:00|call|gap>0.3%,780,-0.400000,0.162998,41.100687,1930.000000
2015-09-21,1.000000,781,955,1956.400000,1965.200000,0.562430,0.003000,22.280000,0.531589,10.400000,c,13:00|call|gap>0.3%,780,-0.800000,0.121085,47.900008,1910.000000
2015-09-25,1.000000,781,955,1947.400000,1931.200000,0.911634,0.003000,23.470000,-0.893499,-17.400000,c,13:00|call|gap>0.3%,780,-27.800000,-0.392638,48.900014,1900.000000
2015-09-30,1.000000,781,955,1899.300000,1918.800000,1.259968,0.003000,26.830000,0.952983,18.100000,c,13:00|call|gap>0.3%,780,-0.300000,0.404347,40.801871,1860.000000
2015-10-05,1.000000,781,955,1977.200000,1986.200000,0.743475,0.003000,20.940000,0.434959,8.600000,c,13:00|call|gap>0.3%,780,-1.600000,0.123203,48.700001,1930.000000
2015-10-07,1.000000,781,955,1982.900000,1992.700000,0.555892,0.003000,19.400000,0.635433,12.600000,c,13:00|call|gap>0.3%,780,-2.300000,0.153153,44.400002,1940.000000
2015-10-15,1.000000,781,955,2006.200000,2023.700000,0.406361,0.003000,18.030000,0.877280,17.600000,c,13:00|call|gap>0.3%,780,-0.100000,0.303983,47.700000,1960.000000
2015-10-22,1.000000,781,955,2052.700000,2050.800000,0.554950,0.003000,16.700000,-0.024358,-0.500000,c,13:00|call|gap>0.3%,780,-11.600000,-0.110860,44.200000,2010.000000
2015-10-23,1.000000,781,955,2068.700000,2075.600000,1.003801,0.003000,14.450000,0.323875,6.700000,c,13:00|call|gap>0.3%,780,-1.900000,0.077689,50.200000,2020.000000
2015-11-18,1.000000,781,955,2066.200000,2085.400000,0.302380,0.003000,18.840000,0.851805,17.600000,c,13:00|call|gap>0.3%,780,-2.400000,0.339623,47.700000,2020.000000
2015-11-20,1.000000,781,955,2092.600000,2088.600000,0.422711,0.003000,16.990000,-0.143362,-3.000000,c,13:00|call|gap>0.3%,780,-7.600000,-0.158730,44.100000,2050.000000
2015-12-01,1.000000,781,955,2095.400000,2102.000000,0.374676,0.003000,16.130000,0.343610,7.200000,c,13:00|call|gap>0.3%,780,-5.000000,0.076759,46.900000,2050.000000
2015-12-15,1.000000,781,955,2054.200000,2044.800000,0.840253,0.003000,22.730000,-0.477071,-9.800000,c,13:00|call|gap>0.3%,780,-12.600000,-0.271336,45.700083,2010.000000
2015-12-16,1.000000,781,955,2047.200000,2076.000000,0.635883,0.003000,20.950000,1.289566,26.400000,c,13:00|call|gap>0.3%,780,-6.000000,0.529774,48.700004,2000.000000
2015-12-21,1.000000,781,955,2012.400000,2018.400000,0.788817,0.003000,20.700000,0.407474,8.200000,c,13:00|call|gap>0.3%,780,-6.400000,0.068337,43.900019,1970.000000
2015-12-22,1.000000,781,955,2032.600000,2037.400000,0.534495,0.003000,18.700000,0.324707,6.600000,c,13:00|call|gap>0.3%,780,-2.200000,0.040816,44.100002,1990.000000
2015-12-23,1.000000,781,955,2059.800000,2065.000000,0.598274,0.003000,16.600000,0.271871,5.600000,c,13:00|call|gap>0.3%,780,-3.400000,0.042885,51.300000,2010.000000
2015-12-29,1.000000,781,955,2075.600000,2080.000000,0.651878,0.003000,16.910000,0.134901,2.800000,c,13:00|call|gap>0.3%,780,-0.400000,0.029724,47.100000,2030.000000
2016-01-08,1.000000,781,955,1945.400000,1918.600000,0.602596,0.003000,24.990000,-1.315925,-25.600000,c,13:00|call|gap>0.3%,780,-28.800000,-0.635395,46.900108,1900.000000
2016-01-11,1.000000,781,955,1915.200000,1924.000000,0.593812,0.003000,27.010000,0.323726,6.200000,c,13:00|call|gap>0.3%,780,-16.600000,0.124189,46.700337,1870.000000
2016-01-12,1.000000,781,955,1920.400000,1938.200000,0.905590,0.003000,24.300000,0.864403,16.600000,c,13:00|call|gap>0.3%,780,-8.600000,0.353210,41.900357,1880.000000
2016-01-13,1.000000,781,955,1917.800000,1889.400000,0.423335,0.003000,22.470000,-1.533007,-29.400000,c,13:00|call|gap>0.3%,780,-34.000000,-0.636917,49.300003,1870.000000
2016-01-14,1.000000,781,955,1912.000000,1919.000000,0.413048,0.003000,25.220000,0.397490,7.600000,c,13:00|call|gap>0.3%,780,0.000000,0.091946,43.500334,1870.000000
2016-01-19,1.000000,781,955,1883.400000,1884.000000,1.171709,0.003000,27.020000,-0.180525,-3.400000,c,13:00|call|gap>0.3%,780,-21.600000,-0.053462,44.900479,1840.000000
2016-01-22,1.000000,781,955,1898.800000,1903.400000,1.671847,0.003000,26.690000,0.284390,5.400000,c,13:00|call|gap>0.3%,780,-3.200000,0.039650,40.302036,1860.000000
2016-01-26,1.000000,781,955,1901.400000,1898.000000,0.415911,0.003000,24.150000,-0.021037,-0.400000,c,13:00|call|gap>0.3%,780,-8.800000,-0.149188,42.900186,1860.000000
2016-01-28,1.000000,781,955,1890.200000,1891.800000,1.000000,0.003000,23.110000,-0.021162,-0.400000,c,13:00|call|gap>0.3%,780,-7.800000,-0.033576,41.700127,1850.000000
2016-01-29,1.000000,781,955,1923.400000,1935.000000,0.476241,0.003000,22.420000,0.644692,12.400000,c,13:00|call|gap>0.3%,780,-2.600000,0.191536,44.900024,1880.000000
2016-02-03,1.000000,781,955,1891.000000,1909.600000,0.695029,0.003000,21.980000,1.025912,19.400000,c,13:00|call|gap>0.3%,780,-13.000000,0.367058,42.500035,1850.000000
2016-02-10,1.000000,781,955,1873.200000,1850.800000,0.561798,0.003000,26.540000,-1.227845,-23.000000,c,13:00|call|gap>0.3%,780,-24.600000,-0.568236,44.700354,1830.000000
2016-02-12,1.000000,781,955,1853.400000,1862.600000,1.072680,0.003000,28.140000,0.561131,10.400000,c,13:00|call|gap>0.3%,780,-4.600000,0.138067,44.900695,1810.000000
2016-02-16,1.000000,781,955,1892.000000,1892.400000,1.137461,0.003000,25.400000,0.116279,2.200000,c,13:00|call|gap>0.3%,780,-3.400000,-0.059777,43.500316,1850.000000
2016-02-17,1.000000,781,955,1925.600000,1925.600000,0.749657,0.003000,24.110000,-0.010386,-0.200000,c,13:00|call|gap>0.3%,780,-4.200000,-0.063695,47.100041,1880.000000
2016-02-22,1.000000,781,955,1940.200000,1943.600000,0.980904,0.003000,20.530000,0.195856,3.800000,c,13:00|call|gap>0.3%,780,-1.800000,0.009592,41.700022,1900.000000
2016-02-26,1.000000,781,955,1956.800000,1948.400000,0.543200,0.003000,19.110000,-0.511038,-10.000000,c,13:00|call|gap>0.3%,780,-11.800000,-0.236025,48.300000,1910.000000
2016-03-01,1.000000,781,955,1967.400000,1974.000000,0.808290,0.003000,20.550000,0.498119,9.800000,c,13:00|call|gap>0.3%,780,-0.600000,0.073620,48.900001,1920.000000
2016-03-09,1.000000,781,955,1985.000000,1985.600000,0.495250,0.003000,18.670000,0.201511,4.000000,c,13:00|call|gap>0.3%,780,-2.000000,-0.051613,46.500000,1940.000000
2016-03-11,1.000000,781,955,2016.800000,2020.800000,0.884511,0.003000,18.050000,0.267751,5.400000,c,13:00|call|gap>0.3%,780,-3.600000,0.020704,48.300000,1970.000000
2016-03-30,1.000000,781,955,2063.600000,2064.600000,0.554583,0.003000,13.820000,0.038767,0.800000,c,13:00|call|gap>0.3%,780,-3.600000,-0.044346,45.100000,2020.000000
2016-04-08,1.000000,781,955,2050.000000,2045.600000,0.695329,0.003000,16.160000,-0.087805,-1.800000,c,13:00|call|gap>0.3%,780,-8.400000,-0.143689,51.500000,2000.000000
2016-04-11,1.000000,781,955,2056.200000,2044.800000,0.351528,0.003000,15.360000,-0.680868,-14.000000,c,13:00|call|gap>0.3%,780,-14.600000,-0.301887,47.700000,2010.000000
2016-04-13,1.000000,781,955,2077.200000,2082.600000,0.504267,0.003000,14.850000,0.259965,5.400000,c,13:00|call|gap>0.3%,780,-3.000000,0.049281,48.700000,2030.000000
2016-05-02,1.000000,781,955,2073.400000,2079.400000,0.300417,0.003000,15.700000,0.347256,7.200000,c,13:00|call|gap>0.3%,780,-0.400000,0.066815,44.900000,2030.000000
2016-05-05,1.000000,781,955,2052.600000,2047.000000,0.302557,0.003000,16.050000,-0.155900,-3.200000,c,13:00|call|gap>0.3%,780,-8.400000,-0.195011,44.100000,2010.000000
2016-05-10,1.000000,781,955,2077.700000,2082.500000,0.422782,0.003000,14.570000,0.279155,5.800000,c,13:00|call|gap>0.3%,780,-1.400000,0.036585,49.200000,2030.000000
2016-05-12,1.000000,781,955,2059.400000,2063.400000,0.358458,0.003000,14.690000,0.252501,5.200000,c,13:00|call|gap>0.3%,780,-4.200000,0.019646,50.900000,2010.000000
2016-05-20,1.000000,782,955,2055.200000,2051.000000,0.353010,0.003000,16.330000,-0.155703,-3.200000,c,13:00|call|gap>0.3%,780,-7.200000,-0.154176,46.700000,2010.000000
2016-05-24,1.000000,781,955,2076.800000,2076.600000,0.507664,0.003000,15.820000,-0.067411,-1.400000,c,13:00|call|gap>0.3%,780,-4.000000,-0.066253,48.300000,2030.000000
2016-05-25,1.000000,781,955,2091.000000,2090.800000,0.404741,0.003000,14.420000,-0.066954,-1.400000,c,13:00|call|gap>0.3%,780,-2.000000,-0.060952,52.500000,2040.000000
2016-06-20,1.000000,781,955,2094.400000,2082.800000,1.101130,0.003000,19.410000,-0.515661,-10.800000,c,13:00|call|gap>0.3%,780,-12.000000,-0.318083,45.900004,2050.000000
2016-06-23,1.000000,781,955,2105.200000,2111.400000,0.853635,0.003000,21.170000,0.351511,7.400000,c,13:00|call|gap>0.3%,780,-2.400000,0.068522,46.700022,2060.000000
2016-06-28,1.000000,781,955,2021.400000,2033.600000,0.950570,0.003000,23.850000,0.662907,13.400000,c,13:00|call|gap>0.3%,780,-5.000000,0.214440,42.900418,1980.000000
2016-06-29,1.000000,781,955,2064.200000,2069.200000,0.835463,0.003000,18.750000,0.261603,5.400000,c,13:00|call|gap>0.3%,780,-2.000000,0.043764,45.700001,2020.000000
2016-07-08,1.000000,781,955,2124.400000,2130.000000,0.753242,0.003000,14.760000,0.207117,4.400000,c,13:00|call|gap>0.3%,780,0.000000,0.056645,45.900000,2080.000000
2016-07-12,1.000000,781,955,2154.000000,2152.400000,0.533658,0.003000,13.540000,-0.111421,-2.400000,c,13:00|call|gap>0.3%,780,-3.200000,-0.101099,45.500000,2110.000000
2016-07-14,1.000000,781,955,2163.600000,2165.200000,0.697026,0.003000,13.040000,-0.009244,-0.200000,c,13:00|call|gap>0.3%,780,-4.400000,-0.031042,45.100000,2120.000000
2016-07-15,1.000000,781,955,2157.200000,2160.800000,0.314320,0.003000,12.820000,0.166883,3.600000,c,13:00|call|gap>0.3%,780,-0.200000,0.012320,48.700000,2110.000000
2016-08-05,1.000000,783,955,2180.800000,2181.600000,0.332533,0.003000,12.420000,0.064197,1.400000,c,13:00|call|gap>0.3%,780,-1.000000,-0.042065,52.300000,2130.000000
2016-09-02,1.000000,782,955,2175.800000,2179.600000,0.460829,0.003000,13.480000,0.183840,4.000000,c,13:00|call|gap>0.3%,780,-2.600000,0.016913,47.300000,2130.000000
2016-09-19,1.000000,781,955,2140.000000,2137.800000,0.393111,0.003000,15.370000,-0.130841,-2.800000,c,13:00|call|gap>0.3%,780,-6.200000,-0.100971,51.500000,2090.000000
2016-09-20,1.000000,781,955,2138.400000,2141.200000,0.467902,0.003000,15.530000,-0.037411,-0.800000,c,13:00|call|gap>0.3%,780,-1.200000,-0.004008,49.900000,2090.000000
2016-09-21,1.000000,781,955,2141.800000,2160.800000,0.364895,0.003000,15.920000,0.887104,19.000000,c,13:00|call|gap>0.3%,780,-3.400000,0.300188,53.300000,2090.000000
2016-09-22,1.000000,781,955,2175.200000,2175.200000,0.592373,0.003000,13.300000,-0.036778,-0.800000,c,13:00|call|gap>0.3%,780,-5.400000,-0.064240,46.700000,2130.000000
2016-09-30,1.000000,781,955,2167.800000,2168.800000,0.455984,0.003000,14.020000,-0.101485,-2.200000,c,13:00|call|gap>0.3%,780,-2.600000,-0.040568,49.300000,2120.000000
2016-10-05,1.000000,781,955,2160.400000,2157.600000,0.335133,0.003000,13.630000,-0.120348,-2.600000,c,13:00|call|gap>0.3%,780,-3.200000,-0.111753,51.900000,2110.000000
2016-10-10,1.000000,781,955,2163.400000,2161.600000,0.520640,0.003000,13.480000,-0.073958,-1.600000,c,13:00|call|gap>0.3%,780,-2.600000,-0.106904,44.900000,2120.000000
2016-10-14,1.000000,784,955,2134.400000,2134.000000,0.525575,0.003000,16.690000,-0.149925,-3.200000,c,13:00|call|gap>0.3%,780,-3.200000,-0.074074,45.900000,2090.000000
2016-10-18,1.000000,781,955,2140.200000,2138.400000,0.866045,0.003000,16.210000,-0.140174,-3.000000,c,13:00|call|gap>0.3%,780,-3.000000,-0.092843,51.700000,2090.000000
2016-10-24,1.000000,782,955,2146.800000,2149.200000,0.495466,0.003000,13.340000,0.074530,1.600000,c,13:00|call|gap>0.3%,780,-0.400000,-0.012422,48.300000,2100.000000
2016-10-27,1.000000,781,955,2136.600000,2131.200000,0.392964,0.003000,14.240000,-0.234017,-5.000000,c,13:00|call|gap>0.3%,780,-5.800000,-0.174636,48.100000,2090.000000
2016-11-07,1.000000,782,955,2127.000000,2129.000000,1.439954,0.003000,22.510000,0.112835,2.400000,c,13:00|call|gap>0.3%,780,-4.600000,-0.020619,48.500041,2080.000000
2016-11-10,1.000000,781,955,2168.400000,2166.400000,0.425453,0.003000,14.380000,-0.073787,-1.600000,c,13:00|call|gap>0.3%,780,-3.600000,-0.100200,49.900000,2120.000000
2016-11-30,1.000000,781,955,2207.200000,2203.000000,0.344765,0.003000,12.900000,-0.371511,-8.200000,c,13:00|call|gap>0.3%,780,-8.400000,-0.147844,48.700000,2160.000000
2016-12-05,1.000000,781,955,2204.600000,2203.800000,0.456246,0.003000,14.120000,-0.009072,-0.200000,c,13:00|call|gap>0.3%,780,-4.600000,-0.082430,46.100000,2160.000000
2016-12-13,1.000000,782,955,2273.200000,2272.200000,0.354453,0.003000,12.640000,-0.043991,-1.000000,c,13:00|call|gap>0.3%,780,-2.000000,-0.073126,54.700000,2220.000000
2017-01-03,1.000000,781,955,2246.200000,2254.400000,0.669344,0.003000,14.040000,0.445196,10.000000,c,13:00|call|gap>0.3%,780,-2.400000,0.109015,47.700000,2200.000000
2017-01-20,1.000000,781,955,2266.400000,2269.600000,0.327057,0.003000,12.780000,0.158842,3.600000,c,13:00|call|gap>0.3%,780,-2.200000,0.004175,47.900000,2220.000000
2017-02-03,1.000000,781,955,2295.200000,2296.200000,0.482541,0.003000,11.930000,0.017428,0.400000,c,13:00|call|gap>0.3%,780,-1.200000,-0.035273,56.700000,2240.000000
2017-03-01,1.000000,781,955,2397.000000,2396.600000,0.803859,0.003000,12.920000,-0.050063,-1.200000,c,13:00|call|gap>0.3%,780,-1.800000,-0.058120,58.500000,2340.000000
2017-03-10,1.000000,781,955,2366.600000,2372.400000,0.498985,0.003000,12.300000,0.278881,6.600000,c,13:00|call|gap>0.3%,780,-4.200000,0.048193,58.100000,2310.000000
2017-04-24,1.000000,781,955,2371.000000,2373.200000,1.107325,0.003000,14.630000,0.092788,2.200000,c,13:00|call|gap>0.3%,780,0.000000,-0.015238,52.500000,2320.000000
2017-04-25,1.000000,781,955,2386.000000,2388.600000,0.328670,0.003000,10.840000,0.050293,1.200000,c,13:00|call|gap>0.3%,780,-0.200000,-0.006957,57.500000,2330.000000
2017-06-28,1.000000,781,955,2441.200000,2441.400000,0.462963,0.003000,11.060000,-0.057349,-1.400000,c,13:00|call|gap>0.3%,780,-2.400000,-0.053131,52.700000,2390.000000
2017-06-30,1.000000,781,955,2424.800000,2427.800000,0.347251,0.003000,11.440000,-0.107225,-2.600000,c,13:00|call|gap>0.3%,780,-2.800000,0.000000,56.300000,2370.000000
2017-07-12,1.000000,781,955,2442.200000,2443.000000,0.470103,0.003000,10.890000,0.032757,0.800000,c,13:00|call|gap>0.3%,780,-1.400000,-0.040968,53.700000,2390.000000
2017-08-25,1.000000,781,955,2446.600000,2445.400000,0.328084,0.003000,12.230000,-0.147143,-3.600000,c,13:00|call|gap>0.3%,780,-4.400000,-0.072289,58.100000,2390.000000
2017-09-06,1.000000,781,955,2465.400000,2465.400000,0.309245,0.003000,12.230000,0.000000,0.000000,c,13:00|call|gap>0.3%,780,-1.000000,-0.052724,56.900000,2410.000000
2017-11-30,1.000000,781,955,2655.400000,2649.000000,0.388483,0.003000,10.700000,-0.316337,-8.400000,c,13:00|call|gap>0.3%,780,-13.400000,-0.165202,56.900000,2600.000000
2017-12-04,1.000000,781,955,2656.000000,2641.400000,0.711636,0.003000,11.430000,-0.655120,-17.400000,c,13:00|call|gap>0.3%,780,-17.400000,-0.306087,57.500000,2600.000000
2017-12-08,1.000000,784,955,2650.400000,2650.400000,0.363940,0.003000,10.160000,0.060368,1.600000,c,13:00|call|gap>0.3%,780,-3.800000,-0.048465,61.900000,2590.000000
2017-12-15,1.000000,781,955,2675.800000,2673.600000,0.429767,0.003000,10.490000,-0.044846,-1.200000,c,13:00|call|gap>0.3%,780,-4.000000,-0.090750,57.300000,2620.000000
2017-12-18,1.000000,782,955,2693.800000,2692.000000,0.583265,0.003000,9.420000,-0.059396,-1.600000,c,13:00|call|gap>0.3%,780,-3.800000,-0.073507,65.300000,2630.000000
2017-12-20,1.000000,781,955,2682.400000,2681.600000,0.387770,0.003000,10.030000,-0.074560,-2.000000,c,13:00|call|gap>0.3%,780,-2.800000,-0.059468,63.900000,2620.000000
2018-01-16,1.000000,781,955,2788.600000,2776.600000,0.509874,0.003000,10.160000,-0.444668,-12.400000,c,13:00|call|gap>0.3%,780,-20.800000,-0.249584,60.100000,2730.000000
2018-01-17,1.000000,781,955,2797.800000,2801.600000,0.389021,0.003000,11.660000,0.185860,5.200000,c,13:00|call|gap>0.3%,780,-1.200000,0.013491,59.300000,2740.000000
2018-01-25,1.000000,781,955,2840.400000,2837.200000,0.338314,0.003000,11.470000,-0.084495,-2.400000,c,13:00|call|gap>0.3%,780,-11.000000,-0.100162,61.900000,2780.000000
2018-01-26,1.000000,781,955,2857.200000,2869.600000,0.345314,0.003000,11.580000,0.489990,14.000000,c,13:00|call|gap>0.3%,780,-0.800000,0.160136,58.700000,2800.000000
2018-01-31,1.000000,781,955,2828.400000,2824.000000,0.368533,0.003000,14.790000,-0.141423,-4.000000,c,13:00|call|gap>0.3%,780,-16.800000,-0.123539,59.900000,2770.000000
2018-02-09,1.000000,781,955,2556.200000,2625.000000,1.202949,0.003000,33.460000,2.394179,61.200000,c,13:00|call|gap>0.3%,780,-27.000000,1.139747,57.717106,2500.000000
2018-02-12,1.000000,781,955,2655.000000,2656.200000,0.802323,0.003000,29.060000,-0.075330,-2.000000,c,13:00|call|gap>0.3%,780,-10.000000,-0.031977,56.506936,2600.000000
2018-02-15,1.000000,781,955,2715.400000,2725.000000,0.674674,0.003000,19.260000,0.559770,15.200000,c,13:00|call|gap>0.3%,780,-3.800000,0.115993,56.900010,2660.000000
2018-02-22,1.000000,781,955,2719.000000,2702.000000,0.429693,0.003000,20.020000,-0.595807,-16.200000,c,13:00|call|gap>0.3%,780,-23.000000,-0.330579,60.500006,2660.000000
2018-02-23,1.000000,781,955,2724.600000,2743.200000,0.540181,0.003000,18.720000,0.807458,22.000000,c,13:00|call|gap>0.3%,780,-3.600000,0.278075,56.100008,2670.000000
2018-02-26,1.000000,781,955,2771.600000,2775.600000,0.458749,0.003000,16.490000,0.259778,7.200000,c,13:00|call|gap>0.3%,780,-2.400000,0.015848,63.100000,2710.000000
2018-02-28,1.000000,781,955,2750.000000,2720.600000,0.466574,0.003000,18.590000,-1.367273,-37.600000,c,13:00|call|gap>0.3%,780,-37.800000,-0.526829,61.500001,2690.000000
2018-03-06,1.000000,781,955,2729.200000,2723.400000,0.389591,0.003000,18.730000,-0.065953,-1.800000,c,13:00|call|gap>0.3%,780,-9.200000,-0.144975,60.700001,2670.000000
2018-03-09,1.000000,781,955,2774.400000,2783.200000,0.606193,0.003000,16.540000,0.439735,12.200000,c,13:00|call|gap>0.3%,780,-0.600000,0.088012,65.900000,2710.000000
2018-03-13,1.000000,781,955,2781.600000,2763.800000,0.488681,0.003000,15.780000,-0.589589,-16.400000,c,13:00|call|gap>0.3%,780,-23.200000,-0.329635,63.100000,2720.000000
2018-03-14,1.000000,781,955,2750.200000,2747.800000,0.365254,0.003000,16.350000,-0.029089,-0.800000,c,13:00|call|gap>0.3%,780,-6.800000,-0.087520,61.700000,2690.000000
2018-03-26,1.000000,781,955,2619.200000,2656.600000,1.618148,0.003000,24.870000,1.389737,36.400000,c,13:00|call|gap>0.3%,780,-0.400000,0.566716,60.700230,2560.000000
2018-03-27,1.000000,781,955,2664.200000,2602.600000,0.376563,0.003000,21.030000,-2.086930,-55.600000,c,13:00|call|gap>0.3%,780,-72.600000,-1.000000,55.700068,2610.000000
2018-03-29,1.000000,781,955,2631.200000,2638.200000,0.476813,0.003000,22.870000,0.235634,6.200000,c,13:00|call|gap>0.3%,780,-6.400000,0.063795,62.700027,2570.000000
2018-04-03,1.000000,781,955,2584.600000,2606.400000,0.559180,0.003000,23.620000,0.959530,24.800000,c,13:00|call|gap>0.3%,780,-9.400000,0.335109,56.100283,2530.000000
2018-04-05,1.000000,781,955,2664.400000,2661.200000,0.606015,0.003000,20.060000,-0.225191,-6.000000,c,13:00|call|gap>0.3%,780,-19.400000,-0.110913,55.900025,2610.000000
2018-04-09,1.000000,781,955,2643.200000,2615.000000,0.646601,0.003000,21.490000,-1.271186,-33.600000,c,13:00|call|gap>0.3%,780,-36.600000,-0.570385,54.700123,2590.000000
2018-04-10,1.000000,781,955,2642.800000,2653.400000,1.318210,0.003000,21.770000,0.370819,9.800000,c,13:00|call|gap>0.3%,780,-0.400000,0.118196,64.300006,2580.000000
2018-04-12,1.000000,781,955,2667.400000,2662.800000,0.560989,0.003000,20.240000,-0.277424,-7.400000,c,13:00|call|gap>0.3%,780,-15.200000,-0.129032,58.900010,2610.000000
2018-04-13,1.000000,781,955,2657.800000,2652.000000,0.578947,0.003000,18.490000,-0.195651,-5.200000,c,13:00|call|gap>0.3%,780,-16.800000,-0.148398,59.300001,2600.000000
2018-04-16,1.000000,781,955,2681.200000,2677.400000,0.708739,0.003000,17.410000,-0.238699,-6.400000,c,13:00|call|gap>0.3%,780,-8.400000,-0.108453,62.700000,2620.000000
2018-04-17,1.000000,781,955,2700.800000,2704.400000,0.740242,0.003000,16.560000,0.066647,1.800000,c,13:00|call|gap>0.3%,780,-3.000000,0.009631,62.300000,2640.000000
2018-04-24,1.000000,781,955,2638.600000,2628.400000,0.427543,0.003000,16.340000,-0.310771,-8.200000,c,13:00|call|gap>0.3%,780,-25.800000,-0.219634,60.100000,2580.000000
2018-04-26,1.000000,781,955,2658.600000,2663.200000,0.455339,0.003000,17.840000,0.165501,4.400000,c,13:00|call|gap>0.3%,780,-0.200000,0.026622,60.100000,2600.000000
2018-05-07,1.000000,781,955,2673.000000,2666.600000,0.315956,0.003000,14.770000,-0.224467,-6.000000,c,13:00|call|gap>0.3%,780,-13.800000,-0.145736,64.500000,2610.000000
2018-05-21,1.000000,781,955,2732.000000,2731.200000,0.590101,0.003000,13.420000,-0.021962,-0.600000,c,13:00|call|gap>0.3%,780,-5.200000,-0.059843,63.500000,2670.000000
2018-05-30,1.000000,781,955,2721.000000,2723.200000,0.543195,0.003000,17.020000,0.073502,2.000000,c,13:00|call|gap>0.3%,780,-1.600000,-0.012800,62.500000,2660.000000
2018-06-01,1.000000,781,955,2733.200000,2731.600000,0.606464,0.003000,15.430000,-0.007317,-0.200000,c,13:00|call|gap>0.3%,780,-5.200000,-0.071097,64.700000,2670.000000
2018-06-04,1.000000,781,955,2745.800000,2745.800000,0.329308,0.003000,13.460000,0.014568,0.400000,c,13:00|call|gap>0.3%,780,-2.800000,-0.052356,57.300000,2690.000000
2018-06-14,1.000000,781,955,2781.000000,2782.800000,0.367409,0.003000,12.940000,0.115067,3.200000,c,13:00|call|gap>0.3%,780,-1.600000,-0.019200,62.500000,2720.000000
2018-06-22,1.000000,781,955,2761.200000,2758.400000,0.545613,0.003000,14.640000,-0.253513,-7.000000,c,13:00|call|gap>0.3%,780,-9.200000,-0.092504,62.700000,2700.000000
2018-06-29,1.000000,781,955,2734.000000,2723.200000,0.412493,0.003000,16.850000,-0.607169,-16.600000,c,13:00|call|gap>0.3%,780,-16.600000,-0.210687,65.500000,2670.000000
2018-07-09,1.000000,781,955,2779.400000,2782.800000,0.442285,0.003000,13.370000,0.151112,4.200000,c,13:00|call|gap>0.3%,780,-3.000000,0.006568,60.900000,2720.000000
2018-07-12,1.000000,781,955,2796.200000,2796.200000,0.490408,0.003000,13.630000,0.035763,1.000000,c,13:00|call|gap>0.3%,780,-5.600000,-0.051993,57.700000,2740.000000
2018-07-24,1.000000,781,955,2819.200000,2818.800000,0.541774,0.003000,12.620000,-0.028377,-0.800000,c,13:00|call|gap>0.3%,780,-9.600000,-0.056013,60.700000,2760.000000
2018-07-31,1.000000,781,955,2820.400000,2814.000000,0.335547,0.003000,14.260000,-0.212736,-6.000000,c,13:00|call|gap>0.3%,780,-9.200000,-0.151858,61.900000,2760.000000
2018-08-14,1.000000,781,955,2838.400000,2838.800000,0.311924,0.003000,14.780000,0.028185,0.800000,c,13:00|call|gap>0.3%,780,-1.400000,-0.043406,59.900000,2780.000000
2018-08-16,1.000000,781,955,2846.200000,2838.200000,0.567859,0.003000,14.640000,-0.175673,-5.000000,c,13:00|call|gap>0.3%,780,-8.800000,-0.162482,67.700000,2780.000000
2018-08-27,1.000000,781,955,2898.000000,2895.000000,0.445248,0.003000,11.990000,-0.034507,-1.000000,c,13:00|call|gap>0.3%,780,-3.400000,-0.100840,59.500000,2840.000000
2018-09-10,1.000000,781,955,2877.400000,2877.800000,0.403647,0.003000,14.880000,0.048655,1.400000,c,13:00|call|gap>0.3%,780,-0.800000,-0.037736,68.900000,2810.000000
2018-09-13,1.000000,782,955,2904.000000,2904.000000,0.394655,0.003000,13.140000,0.041322,1.200000,c,13:00|call|gap>0.3%,780,-3.200000,-0.045802,65.500000,2840.000000
2018-09-20,1.000000,781,955,2932.600000,2932.400000,0.453671,0.003000,11.750000,-0.020460,-0.600000,c,13:00|call|gap>0.3%,780,-2.600000,-0.049922,64.100000,2870.000000
2018-10-01,1.000000,781,955,2927.400000,2924.600000,0.521548,0.003000,12.120000,-0.088816,-2.600000,c,13:00|call|gap>0.3%,780,-9.000000,-0.084180,68.900000,2860.000000
2018-10-03,1.000000,781,955,2936.200000,2926.400000,0.396771,0.003000,12.050000,-0.354199,-10.400000,c,13:00|call|gap>0.3%,780,-15.200000,-0.189069,67.700000,2870.000000
2018-10-12,1.000000,781,955,2737.800000,2773.400000,1.627805,0.003000,24.980000,0.986193,27.000000,c,13:00|call|gap>0.3%,780,-6.800000,0.549728,59.300745,2680.000000
2018-10-16,1.000000,781,955,2794.000000,2810.400000,0.771190,0.003000,21.300000,0.465283,13.000000,c,13:00|call|gap>0.3%,780,-1.800000,0.204580,65.500008,2730.000000
2018-10-25,1.000000,781,955,2698.600000,2700.600000,0.836473,0.003000,25.230000,0.185281,5.000000,c,13:00|call|gap>0.3%,780,-9.200000,-0.016648,60.100566,2640.000000
2018-10-29,1.000000,781,955,2669.800000,2630.000000,1.349212,0.003000,24.160000,-1.146153,-30.600000,c,13:00|call|gap>0.3%,780,-70.000000,-0.698206,61.300163,2610.000000
2018-10-31,1.000000,781,955,2721.400000,2712.800000,1.059781,0.003000,23.350000,-0.470346,-12.800000,c,13:00|call|gap>0.3%,780,-14.800000,-0.184421,62.900077,2660.000000
2018-11-01,1.000000,781,955,2730.600000,2737.400000,0.310123,0.003000,21.230000,0.183110,5.000000,c,13:00|call|gap>0.3%,780,-5.600000,0.061191,62.100015,2670.000000
2018-11-02,1.000000,781,955,2700.200000,2719.400000,0.460594,0.003000,19.340000,0.674024,18.200000,c,13:00|call|gap>0.3%,780,-3.800000,0.262561,61.700001,2640.000000
2018-11-07,1.000000,781,955,2796.600000,2809.400000,0.894025,0.003000,19.910000,0.486305,13.600000,c,13:00|call|gap>0.3%,780,-5.800000,0.168674,58.100026,2740.000000
2018-11-14,1.000000,781,955,2704.800000,2701.200000,0.764593,0.003000,20.020000,-0.125702,-3.400000,c,13:00|call|gap>0.3%,780,-20.600000,-0.117230,56.300028,2650.000000
2018-11-21,1.000000,781,955,2666.000000,2650.200000,0.605969,0.003000,22.480000,-0.637659,-17.000000,c,13:00|call|gap>0.3%,780,-17.800000,-0.326958,57.500135,2610.000000
2018-11-28,1.000000,781,955,2720.200000,2742.200000,0.477398,0.003000,19.020000,0.838174,22.800000,c,13:00|call|gap>0.3%,780,-3.800000,0.307942,61.700001,2660.000000
2018-12-03,1.000000,781,955,2784.400000,2787.200000,1.640534,0.003000,18.070000,0.193938,5.400000,c,13:00|call|gap>0.3%,780,-10.000000,-0.003035,65.900000,2720.000000
2018-12-11,1.000000,781,955,2637.800000,2638.000000,1.342333,0.003000,22.640000,-0.015164,-0.400000,c,13:00|call|gap>0.3%,780,-17.000000,-0.047219,59.300071,2580.000000
2018-12-12,1.000000,781,955,2683.000000,2654.200000,1.289148,0.003000,21.760000,-1.177786,-31.600000,c,13:00|call|gap>0.3%,780,-33.200000,-0.493023,64.500007,2620.000000
2018-12-13,1.000000,781,955,2645.600000,2652.000000,0.362073,0.003000,21.460000,0.151194,4.000000,c,13:00|call|gap>0.3%,780,-8.800000,0.059544,57.100055,2590.000000
2018-12-18,1.000000,781,955,2566.600000,2554.800000,0.785114,0.003000,24.520000,-0.779241,-20.000000,c,13:00|call|gap>0.3%,780,-37.800000,-0.254737,58.100264,2510.000000
2018-12-21,1.000000,781,955,2445.000000,2415.800000,0.373013,0.003000,28.380000,-1.267894,-31.000000,c,13:00|call|gap>0.3%,780,-36.800000,-0.569925,56.501787,2390.000000
2018-12-28,1.000000,781,955,2490.400000,2483.000000,0.538282,0.003000,29.960000,-0.224863,-5.600000,c,13:00|call|gap>0.3%,780,-14.800000,-0.200564,51.911603,2440.000000
2018-12-31,1.000000,781,955,2501.600000,2496.800000,0.700258,0.003000,28.340000,0.263831,6.600000,c,13:00|call|gap>0.3%,780,-16.200000,-0.146974,53.105093,2450.000000
2019-01-04,1.000000,781,955,2532.800000,2530.600000,1.430323,0.003000,25.450000,-0.047378,-1.200000,c,13:00|call|gap>0.3%,780,-11.200000,-0.095782,54.301089,2480.000000
2019-01-08,1.000000,781,955,2558.000000,2573.800000,1.004079,0.003000,21.400000,0.617670,15.800000,c,13:00|call|gap>0.3%,780,-2.400000,0.215126,59.500011,2500.000000
2019-01-09,1.000000,781,955,2593.400000,2581.600000,0.318595,0.003000,20.470000,-0.331611,-8.600000,c,13:00|call|gap>0.3%,780,-14.200000,-0.269581,54.900031,2540.000000
2019-01-18,1.000000,781,955,2672.400000,2664.600000,0.766662,0.003000,18.060000,-0.112259,-3.000000,c,13:00|call|gap>0.3%,780,-11.200000,-0.169014,63.900000,2610.000000
2019-01-23,1.000000,781,955,2625.200000,2636.000000,0.402338,0.003000,20.800000,0.495200,13.000000,c,13:00|call|gap>0.3%,780,-4.800000,0.137566,56.700029,2570.000000
2019-01-25,1.000000,781,955,2664.800000,2661.400000,0.749886,0.003000,18.890000,-0.097568,-2.600000,c,13:00|call|gap>0.3%,780,-8.000000,-0.113677,56.300005,2610.000000
2019-01-30,1.000000,781,955,2661.000000,2679.000000,0.614102,0.003000,19.130000,0.691469,18.400000,c,13:00|call|gap>0.3%,780,-5.400000,0.240000,62.500000,2600.000000
2019-02-12,1.000000,781,955,2740.800000,2744.200000,0.672033,0.003000,15.970000,0.094863,2.600000,c,13:00|call|gap>0.3%,780,-0.600000,0.006421,62.300000,2680.000000
2019-02-13,1.000000,781,955,2750.200000,2752.800000,0.328060,0.003000,15.430000,0.050905,1.400000,c,13:00|call|gap>0.3%,780,-0.400000,-0.006483,61.700000,2690.000000
2019-02-15,1.000000,781,955,2768.200000,2772.600000,0.714130,0.003000,16.220000,0.252872,7.000000,c,13:00|call|gap>0.3%,780,-4.400000,0.023451,59.700000,2710.000000
2019-02-25,1.000000,781,955,2803.000000,2794.800000,0.565943,0.003000,13.510000,-0.249732,-7.000000,c,13:00|call|gap>0.3%,780,-8.200000,-0.173643,64.500000,2740.000000
2019-03-01,1.000000,781,955,2795.800000,2803.200000,0.675093,0.003000,14.780000,0.300451,8.400000,c,13:00|call|gap>0.3%,780,-0.400000,0.065379,67.300000,2730.000000
2019-03-04,1.000000,781,955,2770.400000,2789.000000,0.399401,0.003000,13.570000,0.822986,22.800000,c,13:00|call|gap>0.3%,780,-3.400000,0.252019,61.900000,2710.000000
2019-03-13,1.000000,781,955,2816.600000,2811.400000,0.379629,0.003000,13.770000,-0.191721,-5.400000,c,13:00|call|gap>0.3%,780,-7.600000,-0.141136,58.100000,2760.000000
2019-03-19,1.000000,781,955,2845.200000,2830.600000,0.395145,0.003000,13.100000,-0.344440,-9.800000,c,13:00|call|gap>0.3%,780,-20.800000,-0.263868,66.700000,2780.000000
2019-03-26,1.000000,781,955,2814.800000,2815.600000,0.707395,0.003000,16.330000,0.156317,4.400000,c,13:00|call|gap>0.3%,780,-10.400000,-0.033183,66.300000,2750.000000
2019-03-29,1.000000,781,955,2827.800000,2833.000000,0.575407,0.003000,14.430000,0.219252,6.200000,c,13:00|call|gap>0.3%,780,-3.400000,0.037099,59.300000,2770.000000
2019-04-01,1.000000,781,955,2861.400000,2868.600000,0.741002,0.003000,13.710000,0.181729,5.200000,c,13:00|call|gap>0.3%,780,-2.000000,0.066773,62.900000,2800.000000
2019-04-03,1.000000,781,955,2882.200000,2873.800000,0.474330,0.003000,13.360000,-0.326140,-9.400000,c,13:00|call|gap>0.3%,780,-17.000000,-0.178964,63.700000,2820.000000
2019-04-12,1.000000,781,955,2906.800000,2906.800000,0.616173,0.003000,13.020000,0.061924,1.800000,c,13:00|call|gap>0.3%,780,-2.800000,-0.043924,68.300000,2840.000000
2019-04-16,1.000000,782,955,2910.600000,2906.600000,0.344068,0.003000,12.320000,-0.075586,-2.200000,c,13:00|call|gap>0.3%,780,-9.000000,-0.112721,62.100000,2850.000000
2019-04-17,1.000000,781,955,2902.600000,2901.600000,0.385091,0.003000,12.180000,-0.075794,-2.200000,c,13:00|call|gap>0.3%,780,-7.200000,-0.062402,64.100000,2840.000000
2019-05-03,1.000000,781,955,2942.000000,2943.400000,0.528193,0.003000,14.420000,0.040789,1.200000,c,13:00|call|gap>0.3%,780,-1.400000,-0.025197,63.500000,2880.000000
2019-05-14,1.000000,781,955,2844.600000,2837.800000,0.362912,0.003000,20.550000,-0.386698,-11.000000,c,13:00|call|gap>0.3%,780,-12.400000,-0.148260,66.100004,2780.000000
2019-05-21,1.000000,781,955,2865.000000,2863.800000,0.648024,0.003000,16.310000,0.000000,0.000000,c,13:00|call|gap>0.3%,780,-2.000000,-0.063158,66.500000,2800.000000
2019-05-24,1.000000,781,955,2833.200000,2828.200000,0.531613,0.003000,16.920000,-0.225893,-6.400000,c,13:00|call|gap>0.3%,780,-9.000000,-0.123648,64.700000,2770.000000
2019-06-04,1.000000,781,955,2792.200000,2800.200000,0.918635,0.003000,18.860000,0.386792,10.800000,c,13:00|call|gap>0.3%,780,-3.400000,0.078493,63.700001,2730.000000
2019-06-05,1.000000,781,955,2819.800000,2826.000000,0.642169,0.003000,16.970000,0.248245,7.000000,c,13:00|call|gap>0.3%,780,-4.400000,0.052202,61.300000,2760.000000
2019-06-07,1.000000,781,955,2882.200000,2874.000000,0.407762,0.003000,15.930000,-0.305322,-8.800000,c,13:00|call|gap>0.3%,780,-9.800000,-0.175824,63.700000,2820.000000
2019-06-10,1.000000,781,955,2896.200000,2887.400000,0.605554,0.003000,16.300000,-0.324563,-9.400000,c,13:00|call|gap>0.3%,780,-9.800000,-0.174298,67.700000,2830.000000
2019-06-11,1.000000,781,955,2879.800000,2887.400000,0.713593,0.003000,15.940000,0.222238,6.400000,c,13:00|call|gap>0.3%,780,0.000000,0.075041,61.300000,2820.000000
2019-06-13,1.000000,781,955,2894.200000,2887.800000,0.347150,0.003000,15.910000,-0.027641,-0.800000,c,13:00|call|gap>0.3%,780,-11.400000,-0.143075,65.700000,2830.000000
2019-06-18,1.000000,781,955,2919.600000,2916.800000,0.657303,0.003000,15.350000,-0.034251,-1.000000,c,13:00|call|gap>0.3%,780,-5.000000,-0.094926,61.100000,2860.000000
2019-06-20,1.000000,781,955,2941.800000,2957.400000,1.018455,0.003000,14.330000,0.387518,11.400000,c,13:00|call|gap>0.3%,780,-1.400000,0.199052,63.300000,2880.000000
2019-06-26,1.000000,781,955,2923.200000,2915.600000,0.322205,0.003000,16.280000,-0.321565,-9.400000,c,13:00|call|gap>0.3%,780,-10.600000,-0.163833,64.700000,2860.000000
2019-06-28,1.000000,781,955,2937.600000,2938.600000,0.362592,0.003000,15.820000,0.034041,1.000000,c,13:00|call|gap>0.3%,780,-7.400000,-0.028944,69.100000,2870.000000
2019-07-01,1.000000,781,955,2955.400000,2964.200000,1.238685,0.003000,15.080000,0.277458,8.200000,c,13:00|call|gap>0.3%,780,-4.000000,0.086697,66.900000,2890.000000
2019-07-10,1.000000,781,955,2995.200000,2993.000000,0.389314,0.003000,14.090000,-0.073451,-2.200000,c,13:00|call|gap>0.3%,780,-5.200000,-0.077961,66.700000,2930.000000
2019-07-19,1.000000,781,955,2997.400000,2978.600000,0.400855,0.003000,13.530000,-0.713952,-21.400000,c,13:00|call|gap>0.3%,780,-23.000000,-0.316401,68.900000,2930.000000
2019-07-23,1.000000,781,955,2992.600000,3003.600000,0.428983,0.003000,13.530000,0.380940,11.400000,c,13:00|call|gap>0.3%,780,-0.600000,0.124805,64.100000,2930.000000
2019-08-06,1.000000,781,955,2853.000000,2875.400000,0.640620,0.003000,24.590000,0.876271,25.000000,c,13:00|call|gap>0.3%,780,-0.400000,0.300769,64.500302,2790.000000
2019-08-08,1.000000,781,955,2928.400000,2931.400000,0.513818,0.003000,19.490000,0.239038,7.000000,c,13:00|call|gap>0.3%,780,-7.200000,-0.000000,69.900001,2860.000000
2019-08-15,1.000000,781,955,2845.600000,2850.800000,0.324103,0.003000,22.100000,0.007028,0.200000,c,13:00|call|gap>0.3%,780,-22.600000,0.032787,67.100017,2780.000000
2019-08-16,1.000000,781,955,2886.800000,2892.800000,0.646567,0.003000,21.180000,0.041569,1.200000,c,13:00|call|gap>0.3%,780,-3.800000,0.043924,68.300006,2820.000000
2019-08-19,1.000000,781,955,2926.800000,2925.800000,1.163435,0.003000,18.470000,-0.143501,-4.200000,c,13:00|call|gap>0.3%,780,-5.200000,-0.058565,68.300000,2860.000000
2019-08-21,1.000000,781,955,2925.000000,2923.800000,0.841495,0.003000,17.500000,-0.061538,-1.800000,c,13:00|call|gap>0.3%,780,-8.600000,-0.063158,66.500000,2860.000000
2019-08-26,1.000000,781,955,2874.400000,2872.400000,0.878426,0.003000,19.870000,0.132202,3.800000,c,13:00|call|gap>0.3%,780,-11.400000,-0.075873,65.900003,2810.000000
2019-08-27,1.000000,781,955,2861.200000,2869.800000,0.542005,0.003000,19.320000,0.195722,5.600000,c,13:00|call|gap>0.3%,780,-1.800000,0.089314,62.700004,2800.000000
2019-08-29,1.000000,781,955,2925.200000,2922.200000,0.976860,0.003000,19.350000,-0.068371,-2.000000,c,13:00|call|gap>0.3%,780,-5.200000,-0.089955,66.700002,2860.000000
2019-08-30,1.000000,781,955,2926.800000,2928.000000,0.581554,0.003000,17.880000,-0.170835,-5.000000,c,13:00|call|gap>0.3%,780,-12.200000,-0.026354,68.300000,2860.000000
2019-09-04,1.000000,781,955,2932.400000,2937.400000,0.826162,0.003000,19.660000,0.163688,4.800000,c,13:00|call|gap>0.3%,780,-4.600000,0.031299,63.900007,2870.000000
2019-09-05,1.000000,781,955,2976.200000,2977.200000,0.953289,0.003000,17.330000,-0.026880,-0.800000,c,13:00|call|gap>0.3%,780,-4.800000,-0.029542,67.700000,2910.000000
2019-09-09,1.000000,781,955,2976.600000,2978.600000,0.355920,0.003000,15.000000,0.073910,2.200000,c,13:00|call|gap>0.3%,780,-5.200000,-0.014684,68.100000,2910.000000
2019-09-24,1.000000,781,955,2962.200000,2965.000000,0.381118,0.003000,14.910000,0.135035,4.000000,c,13:00|call|gap>0.3%,780,-6.000000,-0.003140,63.700000,2900.000000
2019-09-27,1.000000,781,955,2954.800000,2955.800000,0.302277,0.003000,16.070000,0.196291,5.800000,c,13:00|call|gap>0.3%,780,-10.800000,-0.030166,66.300000,2890.000000
2019-10-01,1.000000,781,955,2946.600000,2940.000000,0.309202,0.003000,16.240000,-0.271499,-8.000000,c,13:00|call|gap>0.3%,780,-10.000000,-0.140969,68.100000,2880.000000
2019-10-09,1.000000,781,955,2921.400000,2919.800000,0.775194,0.003000,20.280000,-0.171151,-5.000000,c,13:00|call|gap>0.3%,780,-7.600000,-0.073132,62.900019,2860.000000
2019-10-11,1.000000,781,955,2980.400000,2970.000000,1.021520,0.003000,17.570000,-0.449604,-13.400000,c,13:00|call|gap>0.3%,780,-14.400000,-0.216478,61.900001,2920.000000
2019-10-15,1.000000,781,955,2998.800000,2994.400000,0.364348,0.003000,14.570000,-0.180072,-5.400000,c,13:00|call|gap>0.3%,780,-5.800000,-0.105263,70.300000,2930.000000
2019-10-17,1.000000,781,955,2996.600000,2995.400000,0.414938,0.003000,13.680000,-0.020023,-0.600000,c,13:00|call|gap>0.3%,780,-3.200000,-0.061674,68.100000,2930.000000
2019-10-21,1.000000,783,955,3002.200000,3004.400000,0.475935,0.003000,14.250000,0.059956,1.800000,c,13:00|call|gap>0.3%,780,-2.800000,-0.012559,63.700000,2940.000000
2019-10-24,1.000000,781,955,3003.600000,3008.400000,0.319787,0.003000,14.010000,0.113197,3.400000,c,13:00|call|gap>0.3%,780,-5.000000,0.027650,65.100000,2940.000000
2019-10-28,1.000000,781,955,3034.400000,3036.200000,0.430606,0.003000,12.650000,0.052729,1.600000,c,13:00|call|gap>0.3%,780,0.000000,-0.018209,65.900000,2970.000000
2019-11-01,1.000000,781,955,3055.600000,3061.000000,0.527322,0.003000,13.220000,0.242178,7.400000,c,13:00|call|gap>0.3%,780,-0.400000,0.035768,67.100000,2990.000000
2019-11-04,1.000000,781,955,3075.800000,3075.000000,0.541952,0.003000,12.300000,-0.032512,-1.000000,c,13:00|call|gap>0.3%,780,-4.600000,-0.056464,67.300000,3010.000000
2019-11-07,1.000000,782,955,3091.600000,3079.200000,0.455670,0.003000,12.620000,-0.271704,-8.400000,c,13:00|call|gap>0.3%,780,-14.200000,-0.210670,73.100000,3020.000000
2019-11-15,1.000000,781,955,3112.400000,3115.200000,0.491115,0.003000,13.050000,0.192777,6.000000,c,13:00|call|gap>0.3%,780,-1.600000,-0.003130,63.900000,3050.000000
2019-12-04,1.000000,781,955,3114.600000,3114.200000,0.381482,0.003000,15.960000,-0.044950,-1.400000,c,13:00|call|gap>0.3%,780,-2.400000,-0.051437,66.100000,3050.000000
2019-12-06,1.000000,781,955,3149.400000,3145.200000,0.673638,0.003000,14.520000,-0.127008,-4.000000,c,13:00|call|gap>0.3%,780,-5.400000,-0.101551,70.900000,3080.000000
2019-12-16,1.000000,781,955,3197.000000,3191.800000,0.637385,0.003000,12.630000,-0.162652,-5.200000,c,13:00|call|gap>0.3%,780,-5.200000,-0.119708,68.500000,3130.000000
2019-12-20,1.000000,781,955,3226.500000,3226.000000,0.330177,0.003000,12.500000,-0.083682,-2.700000,c,13:00|call|gap>0.3%,780,-3.900000,-0.051471,68.000000,3160.000000
2020-01-02,1.000000,781,955,3243.400000,3256.400000,0.513868,0.003000,13.780000,0.480977,15.600000,c,13:00|call|gap>0.3%,780,-3.000000,0.133511,74.900000,3170.000000
2020-01-09,1.000000,781,955,3269.200000,3275.200000,0.516224,0.003000,13.450000,0.208002,6.800000,c,13:00|call|gap>0.3%,780,-2.000000,0.042433,70.700000,3200.000000
2020-01-16,1.000000,781,955,3309.600000,3316.400000,0.449547,0.003000,12.420000,0.284022,9.400000,c,13:00|call|gap>0.3%,780,-1.400000,0.053446,71.100000,3240.000000
2020-01-28,1.000000,781,955,3279.900000,3283.000000,0.505424,0.003000,18.230000,-0.027440,-0.900000,c,13:00|call|gap>0.3%,780,-3.500000,0.001401,71.400001,3210.000000
2020-01-29,1.000000,781,955,3287.900000,3279.400000,0.457457,0.003000,16.280000,-0.371058,-12.200000,c,13:00|call|gap>0.3%,780,-12.500000,-0.165706,69.400000,3220.000000
2020-02-03,1.000000,781,955,3257.400000,3250.400000,0.492916,0.003000,18.840000,-0.239455,-7.800000,c,13:00|call|gap>0.3%,780,-10.000000,-0.145138,68.900005,3190.000000
2020-02-04,1.000000,781,955,3305.600000,3299.000000,1.243230,0.003000,17.970000,-0.187561,-6.200000,c,13:00|call|gap>0.3%,780,-8.400000,-0.124514,77.100000,3230.000000
2020-02-05,1.000000,781,955,3327.000000,3331.600000,0.945626,0.003000,16.050000,0.282537,9.400000,c,13:00|call|gap>0.3%,780,-2.400000,0.023358,68.500000,3260.000000
2020-02-06,1.000000,781,955,3348.000000,3347.200000,0.311713,0.003000,15.150000,-0.035842,-1.200000,c,13:00|call|gap>0.3%,780,-5.600000,-0.054676,69.500000,3280.000000
2020-02-11,1.000000,781,955,3369.200000,3360.400000,0.453244,0.003000,15.040000,-0.296806,-10.000000,c,13:00|call|gap>0.3%,780,-15.200000,-0.166902,70.700000,3300.000000
2020-02-12,1.000000,781,955,3376.800000,3381.600000,0.464396,0.003000,15.180000,0.112533,3.800000,c,13:00|call|gap>0.3%,780,-4.800000,0.022989,78.300000,3300.000000
2020-02-19,1.000000,781,955,3392.000000,3387.800000,0.314409,0.003000,14.830000,-0.141509,-4.800000,c,13:00|call|gap>0.3%,780,-5.800000,-0.097959,73.500000,3320.000000
2020-02-25,1.000000,781,955,3170.400000,3129.600000,0.471055,0.003000,25.030000,-1.293212,-41.000000,c,13:00|call|gap>0.3%,780,-51.400000,-0.609182,71.900414,3100.000000
2020-02-26,1.000000,781,955,3145.400000,3120.800000,0.456957,0.003000,27.850000,-0.921981,-29.000000,c,13:00|call|gap>0.3%,780,-36.000000,-0.412598,66.904722,3080.000000
2020-03-02,1.000000,781,955,3039.600000,3079.600000,0.695570,0.003000,40.110000,1.717331,52.200000,c,13:00|call|gap>0.3%,780,-50.000000,0.518750,71.176956,2970.000000
2020-03-04,1.000000,781,955,3080.400000,3127.400000,1.942168,0.003000,36.820000,1.577717,48.600000,c,13:00|call|gap>0.3%,780,-3.000000,0.611126,71.937262,3010.000000
2020-03-10,1.000000,781,955,2775.200000,2875.800000,3.677490,0.003000,54.460000,3.862785,107.200000,c,13:00|call|gap>0.3%,780,-18.400000,1.445423,67.186745,2710.000000
2020-03-13,1.000000,781,955,2551.000000,2658.600000,5.996437,0.003000,75.470000,6.021168,153.600000,c,13:00|call|gap>0.3%,780,-25.400000,1.593900,64.420381,2490.000000
2020-03-17,1.000000,781,955,2484.100000,2512.100000,2.328113,0.003000,82.690000,2.065134,51.300000,c,13:00|call|gap>0.3%,780,-40.200000,0.368907,58.879083,2430.000000
2020-03-20,1.000000,781,955,2382.800000,2292.600000,0.730169,0.003000,72.000000,-3.735102,-89.000000,c,13:00|call|gap>0.3%,780,-94.400000,-1.000000,56.163754,2330.000000
2020-03-24,1.000000,781,955,2402.400000,2435.400000,6.227637,0.003000,61.590000,1.565102,37.600000,c,13:00|call|gap>0.3%,780,-48.800000,0.526937,54.946615,2350.000000
2020-03-25,1.000000,781,955,2511.800000,2492.800000,0.442623,0.003000,61.670000,-1.520822,-38.200000,c,13:00|call|gap>0.3%,780,-50.600000,-0.426987,54.623577,2460.000000
2020-03-26,1.000000,781,955,2593.800000,2627.400000,1.079398,0.003000,63.950000,1.064076,27.600000,c,13:00|call|gap>0.3%,780,-41.800000,0.510863,56.854926,2540.000000
2020-03-30,1.000000,781,955,2603.800000,2625.200000,0.831298,0.003000,65.540000,0.645211,16.800000,c,13:00|call|gap>0.3%,780,-21.000000,0.292122,57.037958,2550.000000
2020-04-06,1.000000,781,955,2629.000000,2672.200000,3.912099,0.003000,46.800000,0.920502,24.200000,c,13:00|call|gap>0.3%,780,-11.000000,0.658055,60.733821,2570.000000
2020-04-07,1.000000,781,955,2733.400000,2668.000000,3.478818,0.003000,45.240000,-2.882857,-78.800000,c,13:00|call|gap>0.3%,780,-80.200000,-1.000000,65.059436,2670.000000
2020-04-08,1.000000,781,955,2716.000000,2745.500000,1.066074,0.003000,46.700000,1.038292,28.200000,c,13:00|call|gap>0.3%,780,-11.800000,0.451542,57.869491,2660.000000
2020-04-09,1.000000,781,955,2807.000000,2788.000000,1.253553,0.003000,43.350000,-0.798005,-22.400000,c,13:00|call|gap>0.3%,780,-49.600000,-0.378870,58.763912,2750.000000
2020-04-14,1.000000,781,955,2831.200000,2842.000000,1.986947,0.003000,41.170000,0.402656,11.400000,c,13:00|call|gap>0.3%,780,-4.400000,0.122068,62.830420,2770.000000
2020-04-16,1.000000,781,955,2776.400000,2797.600000,0.532374,0.003000,40.840000,0.633914,17.600000,c,13:00|call|gap>0.3%,780,-5.800000,0.310335,58.076731,2720.000000
2020-04-17,1.000000,781,955,2845.200000,2870.000000,2.247674,0.003000,40.110000,0.899761,25.600000,c,13:00|call|gap>0.3%,780,-15.600000,0.325413,66.771617,2780.000000
2020-04-22,1.000000,781,955,2790.400000,2802.800000,1.975851,0.003000,45.410000,0.186353,5.200000,c,13:00|call|gap>0.3%,780,-4.200000,0.147236,62.149392,2730.000000
2020-04-23,1.000000,781,955,2815.200000,2795.400000,0.447131,0.003000,41.980000,-0.760159,-21.400000,c,13:00|call|gap>0.3%,780,-23.800000,-0.342764,66.794871,2750.000000
2020-04-24,1.000000,781,955,2805.000000,2832.800000,0.608490,0.003000,41.380000,1.048128,29.400000,c,13:00|call|gap>0.3%,780,-3.300000,0.371201,66.583971,2740.000000
2020-04-27,1.000000,781,955,2874.600000,2879.600000,0.747954,0.003000,35.930000,0.041745,1.200000,c,13:00|call|gap>0.3%,780,-8.200000,0.029761,66.131876,2810.000000
2020-04-28,1.000000,781,955,2878.000000,2864.000000,1.387440,0.003000,33.290000,-0.514246,-14.800000,c,13:00|call|gap>0.3%,780,-18.800000,-0.286184,59.539117,2820.000000
2020-04-29,1.000000,781,955,2946.600000,2939.800000,2.015228,0.003000,33.570000,-0.312224,-9.200000,c,13:00|call|gap>0.3%,780,-15.800000,-0.144103,68.115672,2880.000000
2020-05-05,1.000000,781,955,2890.200000,2871.400000,1.034701,0.003000,35.970000,-0.823472,-23.800000,c,13:00|call|gap>0.3%,780,-27.600000,-0.353947,61.759619,2830.000000
2020-05-06,1.000000,781,955,2870.800000,2851.400000,0.687273,0.003000,33.610000,-0.822071,-23.600000,c,13:00|call|gap>0.3%,780,-24.600000,-0.359840,62.328122,2810.000000
2020-05-07,1.000000,781,955,2896.600000,2877.800000,1.218741,0.003000,34.120000,-0.552372,-16.000000,c,13:00|call|gap>0.3%,780,-21.000000,-0.320272,68.115496,2830.000000
2020-05-08,1.000000,781,955,2923.500000,2929.600000,1.197667,0.003000,31.440000,0.160766,4.700000,c,13:00|call|gap>0.3%,780,-11.900000,0.047509,65.011357,2860.000000
2020-05-12,1.000000,781,955,2927.800000,2879.000000,0.426796,0.003000,27.570000,-2.021996,-59.200000,c,13:00|call|gap>0.3%,780,-59.200000,-0.747478,69.300945,2860.000000
2020-07-31,1.000000,781,955,3216.700000,3257.400000,0.598839,0.003000,24.760000,1.513974,48.700000,c,13:00|call|gap>0.3%,780,0.000000,0.552763,68.200991,3150.000000
2020-08-03,1.000000,781,955,3288.900000,3290.100000,0.554297,0.003000,24.460000,-0.039527,-1.300000,c,13:00|call|gap>0.3%,780,-4.250000,-0.025578,70.400723,3220.000000
2020-08-05,1.000000,782,955,3318.100000,3320.600000,0.433333,0.003000,23.760000,0.081372,2.700000,c,13:00|call|gap>0.3%,780,-6.200000,-0.007192,69.600599,3250.000000
2020-08-11,1.000000,781,955,3369.400000,3327.050000,0.426204,0.003000,22.130000,-1.193091,-40.200000,c,13:00|call|gap>0.3%,780,-48.900000,-0.639634,70.900180,3300.000000
2020-08-12,1.000000,781,955,3372.750000,3374.900000,0.759942,0.003000,24.030000,0.042992,1.450000,c,13:00|call|gap>0.3%,780,-7.050000,-0.011453,74.250353,3300.000000
2020-08-17,1.000000,781,955,3380.800000,3379.150000,0.322092,0.003000,22.050000,-0.065073,-2.200000,c,13:00|call|gap>0.3%,780,-4.900000,-0.064317,72.300126,3310.000000
2020-08-24,1.000000,781,955,3416.750000,3424.550000,0.792482,0.003000,22.540000,0.379015,12.950000,c,13:00|call|gap>0.3%,780,-5.250000,0.061341,78.250052,3340.000000
2020-08-28,1.000000,781,955,3496.300000,3503.850000,0.321543,0.003000,24.470000,0.260275,9.100000,c,13:00|call|gap>0.3%,780,-8.550000,0.058478,77.800412,3420.000000
2020-09-02,1.000000,781,955,3554.900000,3580.800000,0.589920,0.003000,26.120000,0.624490,22.200000,c,13:00|call|gap>0.3%,780,-0.700000,0.299706,76.401923,3480.000000
2020-09-09,1.000000,781,955,3412.950000,3409.600000,1.305287,0.003000,31.460000,-0.408737,-13.950000,c,13:00|call|gap>0.3%,780,-16.550000,-0.085485,74.465685,3340.000000
2020-09-10,1.000000,781,955,3383.700000,3349.750000,0.567814,0.003000,28.810000,-1.291486,-43.700000,c,13:00|call|gap>0.3%,780,-54.800000,-0.491387,75.204511,3310.000000
2020-09-11,1.000000,781,955,3334.500000,3339.400000,0.538922,0.003000,29.710000,0.170940,5.700000,c,13:00|call|gap>0.3%,780,-24.400000,0.024934,76.004861,3260.000000
2020-09-14,1.000000,781,955,3398.000000,3387.850000,1.059817,0.003000,26.870000,-0.406121,-13.800000,c,13:00|call|gap>0.3%,780,-22.400000,-0.189268,69.505086,3330.000000
2020-09-15,1.000000,781,955,3416.900000,3400.800000,0.845104,0.003000,25.850000,-0.450701,-15.400000,c,13:00|call|gap>0.3%,780,-26.700000,-0.243628,78.400614,3340.000000
2020-09-16,1.000000,784,955,3412.650000,3387.600000,0.426283,0.003000,25.590000,-0.719382,-24.550000,c,13:00|call|gap>0.3%,780,-26.850000,-0.378296,74.151046,3340.000000
2020-09-22,1.000000,784,955,3274.000000,3305.950000,0.474006,0.003000,27.780000,0.876604,28.700000,c,13:00|call|gap>0.3%,780,-0.050000,0.383417,75.501469,3200.000000
2020-09-28,1.000000,781,955,3341.300000,3339.450000,1.368905,0.003000,26.380000,0.008979,0.300000,c,13:00|call|gap>0.3%,780,-5.500000,-0.066643,72.801756,3270.000000
2020-10-01,1.000000,781,955,3372.300000,3367.050000,0.822634,0.003000,26.370000,-0.044480,-1.500000,c,13:00|call|gap>0.3%,780,-21.900000,-0.111809,73.801654,3300.000000
2020-10-05,1.000000,781,955,3385.700000,3395.300000,0.674016,0.003000,27.630000,0.339664,11.500000,c,13:00|call|gap>0.3%,780,-10.400000,0.085466,77.201840,3310.000000
2020-10-07,1.000000,781,955,3396.700000,3412.350000,0.955452,0.003000,29.480000,0.309124,10.500000,c,13:00|call|gap>0.3%,780,-0.650000,0.161706,78.203944,3320.000000
2020-10-08,1.000000,782,955,3432.700000,3437.750000,0.636887,0.003000,28.060000,0.136918,4.700000,c,13:00|call|gap>0.3%,780,-4.250000,0.027567,74.204402,3360.000000
2020-10-09,1.000000,781,955,3467.350000,3464.900000,0.525106,0.003000,26.360000,0.030282,1.050000,c,13:00|call|gap>0.3%,780,-7.550000,-0.069130,78.850967,3390.000000
2020-10-12,1.000000,781,955,3528.300000,3524.800000,0.795756,0.003000,25.000000,-0.130374,-4.600000,c,13:00|call|gap>0.3%,780,-6.000000,-0.081459,79.800456,3450.000000
2020-10-16,1.000000,781,955,3489.650000,3477.450000,0.451851,0.003000,26.970000,-0.471394,-16.450000,c,13:00|call|gap>0.3%,780,-17.750000,-0.187317,81.150992,3410.000000
2020-10-19,1.000000,781,955,3462.050000,3413.000000,0.423241,0.003000,27.410000,-1.226152,-42.450000,c,13:00|call|gap>0.3%,780,-51.000000,-0.707699,73.554201,3390.000000
2020-10-20,1.000000,781,955,3451.300000,3437.300000,0.426951,0.003000,29.180000,-0.507055,-17.500000,c,13:00|call|gap>0.3%,780,-24.100000,-0.233619,72.809736,3380.000000
2020-10-23,1.000000,781,955,3436.350000,3455.100000,0.369957,0.003000,28.110000,0.586378,20.150000,c,13:00|call|gap>0.3%,780,-0.350000,0.202272,77.852583,3360.000000
2020-11-02,1.000000,781,955,3290.800000,3298.900000,1.046576,0.003000,38.020000,0.346420,11.400000,c,13:00|call|gap>0.3%,780,-18.300000,0.069288,72.384635,3220.000000
2020-11-03,1.000000,781,955,3363.700000,3370.700000,1.052329,0.003000,37.130000,-0.118917,-4.000000,c,13:00|call|gap>0.3%,780,-14.500000,0.052326,75.261814,3290.000000
2020-11-04,1.000000,781,955,3467.550000,3435.700000,1.455487,0.003000,35.550000,-0.950239,-32.950000,c,13:00|call|gap>0.3%,780,-35.850000,-0.441116,79.086227,3390.000000
2020-11-05,1.000000,781,955,3508.400000,3504.700000,1.693065,0.003000,29.570000,-0.145365,-5.100000,c,13:00|call|gap>0.3%,780,-13.700000,-0.083910,79.904806,3430.000000
2020-11-09,1.000000,781,955,3619.400000,3554.150000,3.943911,0.003000,24.860000,-2.041775,-73.900000,c,13:00|call|gap>0.3%,780,-78.600000,-0.843635,80.900511,3540.000000
2020-11-11,1.000000,781,955,3570.850000,3565.450000,0.646710,0.003000,24.800000,-0.110618,-3.950000,c,13:00|call|gap>0.3%,780,-19.950000,-0.102007,82.350290,3490.000000
2020-11-13,1.000000,781,955,3566.500000,3578.700000,0.580375,0.003000,25.350000,0.361699,12.900000,c,13:00|call|gap>0.3%,780,-2.200000,0.117935,78.000966,3490.000000
2020-11-16,1.000000,781,955,3610.150000,3613.500000,0.882830,0.003000,23.100000,0.391950,14.150000,c,13:00|call|gap>0.3%,780,-13.350000,0.004285,81.650112,3530.000000
2020-11-23,1.000000,781,955,3565.550000,3570.700000,0.531825,0.003000,23.700000,0.267841,9.550000,c,13:00|call|gap>0.3%,780,-2.800000,0.027899,77.050393,3490.000000
2020-11-24,1.000000,781,955,3630.200000,3633.650000,0.769209,0.003000,22.660000,0.049584,1.800000,c,13:00|call|gap>0.3%,780,-6.600000,0.005507,81.700085,3550.000000
2020-12-01,1.000000,781,955,3665.150000,3662.250000,0.894237,0.003000,20.570000,-0.151426,-5.550000,c,13:00|call|gap>0.3%,780,-10.400000,-0.076974,76.650052,3590.000000
2020-12-14,1.000000,781,955,3670.350000,3653.800000,0.649865,0.003000,23.310000,-0.641628,-23.550000,c,13:00|call|gap>0.3%,780,-25.150000,-0.238853,81.850174,3590.000000
2020-12-15,1.000000,781,955,3684.000000,3690.800000,0.756828,0.003000,24.720000,0.317590,11.700000,c,13:00|call|gap>0.3%,780,0.000000,0.050307,75.501723,3610.000000
2020-12-17,1.000000,781,955,3717.250000,3721.550000,0.499865,0.003000,22.500000,0.122402,4.550000,c,13:00|call|gap>0.3%,780,-1.650000,0.016505,78.750229,3640.000000
2020-12-23,1.000000,781,955,3693.350000,3682.800000,0.318714,0.003000,24.230000,-0.475178,-17.550000,c,13:00|call|gap>0.3%,780,-19.250000,-0.159696,84.850209,3610.000000
2020-12-29,1.000000,781,955,3714.750000,3711.700000,0.440706,0.003000,21.700000,-0.004038,-0.150000,c,13:00|call|gap>0.3%,780,-5.900000,-0.079347,76.250208,3640.000000
2021-01-04,1.000000,781,955,3663.300000,3685.300000,0.387856,0.003000,22.750000,0.690634,25.300000,c,13:00|call|gap>0.3%,780,-2.100000,0.254002,74.800506,3590.000000
2021-01-07,1.000000,781,955,3790.500000,3791.800000,0.666417,0.003000,25.070000,-0.023744,-0.900000,c,13:00|call|gap>0.3%,780,-6.000000,-0.020744,82.001000,3710.000000
2021-01-08,1.000000,781,955,3795.800000,3812.050000,0.427486,0.003000,22.370000,0.437325,16.600000,c,13:00|call|gap>0.3%,780,-24.700000,0.151775,87.300044,3710.000000
2021-01-19,1.000000,781,955,3787.900000,3789.400000,0.716073,0.003000,24.340000,-0.050160,-1.900000,c,13:00|call|gap>0.3%,780,-2.450000,-0.018904,79.401012,3710.000000
2021-01-20,1.000000,781,955,3837.300000,3843.250000,0.661648,0.003000,23.240000,0.028666,1.100000,c,13:00|call|gap>0.3%,780,-2.000000,0.037428,78.800675,3760.000000
2021-01-28,1.000000,781,955,3817.250000,3781.700000,0.520833,0.003000,37.210000,-1.109437,-42.350000,c,13:00|call|gap>0.3%,780,-44.250000,-0.490346,78.877085,3740.000000
2021-02-01,1.000000,781,955,3763.700000,3769.400000,1.026999,0.003000,33.090000,-0.047825,-1.800000,c,13:00|call|gap>0.3%,780,-5.300000,0.031447,85.220118,3680.000000
2021-02-02,1.000000,781,955,3830.200000,3818.100000,0.917090,0.003000,30.240000,-0.425565,-16.300000,c,13:00|call|gap>0.3%,780,-16.300000,-0.184963,81.714051,3750.000000
2021-02-04,1.000000,781,955,3848.250000,3855.800000,0.303776,0.003000,22.910000,0.346911,13.350000,c,13:00|call|gap>0.3%,780,-0.200000,0.057047,79.750464,3770.000000
2021-02-05,1.000000,781,955,3883.400000,3875.600000,0.528278,0.003000,21.770000,-0.177679,-6.900000,c,13:00|call|gap>0.3%,780,-11.500000,-0.127209,84.900071,3800.000000
2021-02-08,1.000000,781,955,3889.800000,3900.650000,0.443699,0.003000,20.870000,0.388195,15.100000,c,13:00|call|gap>0.3%,780,-3.700000,0.096555,81.300073,3810.000000
2021-02-10,1.000000,781,955,3894.800000,3897.400000,0.474043,0.003000,21.630000,0.156619,6.100000,c,13:00|call|gap>0.3%,780,-0.850000,-0.004636,86.300048,3810.000000
2021-02-11,1.000000,781,955,3891.900000,3905.000000,0.315312,0.003000,21.990000,0.387985,15.100000,c,13:00|call|gap>0.3%,780,-2.900000,0.121101,83.400126,3810.000000
2021-02-16,1.000000,781,955,3928.450000,3924.100000,0.343861,0.003000,19.970000,-0.141277,-5.550000,c,13:00|call|gap>0.3%,780,-8.300000,-0.081712,89.950004,3840.000000
2021-02-19,1.000000,781,955,3907.000000,3896.900000,0.358285,0.003000,22.490000,-0.166368,-6.500000,c,13:00|call|gap>0.3%,780,-11.300000,-0.148023,88.500068,3820.000000
2021-02-26,1.000000,781,955,3831.300000,3822.000000,0.533584,0.003000,28.890000,-0.736043,-28.200000,c,13:00|call|gap>0.3%,780,-29.300000,-0.148624,82.807160,3750.000000
2021-03-01,1.000000,781,955,3889.200000,3893.000000,1.406747,0.003000,27.950000,0.149131,5.800000,c,13:00|call|gap>0.3%,780,-6.500000,0.009816,80.707733,3810.000000
2021-03-05,1.000000,781,955,3794.700000,3837.550000,0.987418,0.003000,28.570000,1.090995,41.400000,c,13:00|call|gap>0.3%,780,-15.400000,0.462240,86.203356,3710.000000
2021-03-09,1.000000,781,955,3892.100000,3875.350000,1.113761,0.003000,25.470000,-0.575525,-22.400000,c,13:00|call|gap>0.3%,780,-23.500000,-0.236257,83.601437,3810.000000
2021-03-10,1.000000,781,955,3899.800000,3896.200000,0.710649,0.003000,24.030000,-0.120519,-4.700000,c,13:00|call|gap>0.3%,780,-10.600000,-0.081191,81.300920,3820.000000
2021-03-11,1.000000,781,955,3949.550000,3936.000000,0.718852,0.003000,22.560000,-0.355737,-14.050000,c,13:00|call|gap>0.3%,780,-16.750000,-0.204199,81.050428,3870.000000
2021-03-24,1.000000,781,955,3911.700000,3879.000000,0.359343,0.003000,20.300000,-0.938211,-36.700000,c,13:00|call|gap>0.3%,780,-36.700000,-0.429087,83.200029,3830.000000
2021-03-26,1.000000,781,955,3925.700000,3949.150000,0.338792,0.003000,19.810000,0.843162,33.100000,c,13:00|call|gap>0.3%,780,-22.600000,0.234518,87.200006,3840.000000
2021-04-01,1.000000,781,955,3997.300000,4001.700000,0.570549,0.003000,19.400000,0.202637,8.100000,c,13:00|call|gap>0.3%,780,-3.750000,0.015766,88.800004,3910.000000
2021-04-05,1.000000,781,955,4063.800000,4066.850000,0.751485,0.003000,17.330000,-0.017225,-0.700000,c,13:00|call|gap>0.3%,780,-6.200000,0.000586,85.300001,3980.000000
2021-04-08,1.000000,781,955,4081.000000,4083.100000,0.324643,0.003000,17.160000,0.107817,4.400000,c,13:00|call|gap>0.3%,780,-2.600000,-0.009730,92.500000,3990.000000
2021-04-15,1.000000,781,955,4157.000000,4157.600000,0.605486,0.003000,16.990000,0.000000,0.000000,c,13:00|call|gap>0.3%,780,-7.900000,-0.027119,88.500000,4070.000000
2021-04-16,1.000000,781,955,4165.150000,4172.200000,0.368054,0.003000,16.570000,0.188469,7.850000,c,13:00|call|gap>0.3%,780,-1.050000,0.046740,86.650000,4080.000000
2021-04-29,1.000000,781,955,4179.950000,4198.750000,0.725992,0.003000,17.280000,0.489240,20.450000,c,13:00|call|gap>0.3%,780,-1.950000,0.172772,91.450000,4090.000000
2021-05-03,1.000000,781,955,4185.900000,4178.050000,0.505595,0.003000,18.610000,-0.102726,-4.300000,c,13:00|call|gap>0.3%,780,-9.250000,-0.124142,87.400006,4100.000000
2021-05-05,1.000000,781,955,4167.500000,4155.250000,0.421108,0.003000,19.480000,-0.247151,-10.300000,c,13:00|call|gap>0.3%,780,-16.000000,-0.171348,89.000011,4080.000000
2021-05-13,1.000000,781,955,4098.500000,4109.950000,0.429121,0.003000,27.590000,0.104916,4.300000,c,13:00|call|gap>0.3%,780,-19.500000,0.093847,90.003441,4010.000000
2021-05-14,1.000000,781,955,4162.900000,4171.750000,0.716584,0.003000,23.130000,0.024022,1.000000,c,13:00|call|gap>0.3%,780,-2.200000,0.061969,94.400121,4070.000000
2021-05-21,1.000000,781,955,4148.550000,4150.900000,0.436019,0.003000,20.670000,0.032541,1.350000,c,13:00|call|gap>0.3%,780,-1.450000,-0.007219,90.050029,4060.000000
2021-05-24,1.000000,781,955,4192.750000,4193.100000,0.580737,0.003000,20.150000,-0.036969,-1.550000,c,13:00|call|gap>0.3%,780,-3.250000,-0.028117,94.250007,4100.000000
2021-05-28,1.000000,781,955,4209.500000,4199.700000,0.403024,0.003000,16.740000,-0.206675,-8.700000,c,13:00|call|gap>0.3%,780,-11.500000,-0.140659,91.000000,4120.000000
2021-06-01,1.000000,781,955,4197.500000,4197.850000,0.595125,0.003000,16.760000,-0.028588,-1.200000,c,13:00|call|gap>0.3%,780,-5.300000,-0.029775,89.000000,4110.000000
2021-06-04,1.000000,781,955,4219.450000,4226.450000,0.477589,0.003000,18.040000,0.152864,6.450000,c,13:00|call|gap>0.3%,780,-1.550000,0.043980,90.950001,4130.000000
2021-06-10,1.000000,781,955,4239.300000,4234.150000,0.332084,0.003000,17.890000,-0.091996,-3.900000,c,13:00|call|gap>0.3%,780,-7.500000,-0.089758,90.800001,4150.000000
2021-06-21,1.000000,781,955,4198.900000,4207.700000,0.450646,0.003000,20.700000,0.207197,8.700000,c,13:00|call|gap>0.3%,780,-0.600000,0.064159,90.400036,4110.000000
2021-06-24,1.000000,781,955,4252.100000,4251.250000,0.532368,0.003000,16.320000,-0.037628,-1.600000,c,13:00|call|gap>0.3%,780,-4.200000,-0.041132,93.600000,4160.000000
2021-07-09,1.000000,781,955,4348.400000,4356.700000,0.378278,0.003000,19.000000,0.172477,7.500000,c,13:00|call|gap>0.3%,780,-2.250000,0.058954,89.900013,4260.000000
2021-07-14,1.000000,781,955,4365.600000,4360.600000,0.395933,0.003000,17.120000,-0.050394,-2.200000,c,13:00|call|gap>0.3%,780,-7.000000,-0.082389,97.100000,4270.000000
2021-07-23,1.000000,781,955,4393.800000,4398.550000,0.475305,0.003000,17.690000,0.081934,3.600000,c,13:00|call|gap>0.3%,780,-1.950000,0.018363,95.300001,4300.000000
2021-08-02,1.000000,781,955,4389.500000,4373.500000,0.424193,0.003000,18.240000,-0.307552,-13.500000,c,13:00|call|gap>0.3%,780,-16.450000,-0.208791,91.000005,4300.000000
2021-08-23,1.000000,781,955,4481.000000,4472.400000,0.405981,0.003000,18.560000,-0.180763,-8.100000,c,13:00|call|gap>0.3%,780,-9.600000,-0.125405,92.500008,4390.000000
2021-09-02,1.000000,781,955,4534.200000,4528.700000,0.357526,0.003000,16.110000,-0.044109,-2.000000,c,13:00|call|gap>0.3%,780,-15.050000,-0.088819,95.700000,4440.000000
2021-09-10,1.000000,781,955,4492.200000,4456.000000,0.483350,0.003000,18.800000,-0.821424,-36.900000,c,13:00|call|gap>0.3%,780,-39.050000,-0.418357,93.700009,4400.000000
2021-09-13,1.000000,781,955,4462.250000,4462.350000,0.704779,0.003000,20.950000,0.079556,3.550000,c,13:00|call|gap>0.3%,780,-21.150000,-0.030934,93.750078,4370.000000
2021-09-14,1.000000,781,955,4450.900000,4438.800000,0.358278,0.003000,19.370000,-0.199960,-8.900000,c,13:00|call|gap>0.3%,780,-18.400000,-0.163420,92.400019,4360.000000
2021-09-21,1.000000,781,955,4354.000000,4344.400000,0.601369,0.003000,25.710000,-0.406523,-17.700000,c,13:00|call|gap>0.3%,780,-18.450000,-0.131949,95.501332,4260.000000
2021-09-22,1.000000,781,955,4384.500000,4379.400000,0.569610,0.003000,24.360000,-0.136846,-6.000000,c,13:00|call|gap>0.3%,780,-18.100000,-0.084381,96.000584,4290.000000
2021-09-23,1.000000,781,955,4438.000000,4432.100000,0.447642,0.003000,20.870000,-0.157729,-7.000000,c,13:00|call|gap>0.3%,780,-7.300000,-0.089447,99.500019,4340.000000
2021-09-29,1.000000,781,955,4348.800000,4340.600000,0.352835,0.003000,23.250000,-0.121873,-5.300000,c,13:00|call|gap>0.3%,780,-10.100000,-0.124037,90.300626,4260.000000
2021-09-30,1.000000,781,955,4308.500000,4300.200000,0.363762,0.003000,22.560000,-0.415458,-17.900000,c,13:00|call|gap>0.3%,780,-19.000000,-0.125559,90.000339,4220.000000
2021-10-01,1.000000,781,955,4311.200000,4345.300000,0.456813,0.003000,23.140000,0.723696,31.200000,c,13:00|call|gap>0.3%,780,0.000000,0.335486,92.700324,4220.000000
2021-10-05,1.000000,781,955,4343.200000,4332.200000,0.396724,0.003000,22.960000,-0.306226,-13.300000,c,13:00|call|gap>0.3%,780,-14.600000,-0.147837,94.700222,4250.000000
2021-10-07,1.000000,781,955,4410.650000,4384.700000,0.795585,0.003000,21.000000,-0.574745,-25.350000,c,13:00|call|gap>0.3%,780,-28.600000,-0.314162,92.150091,4320.000000
2021-10-14,1.000000,781,955,4421.400000,4422.250000,0.909989,0.003000,18.640000,0.081422,3.600000,c,13:00|call|gap>0.3%,780,-5.500000,-0.023143,92.900006,4330.000000
2021-10-15,1.000000,781,955,4453.200000,4457.700000,0.548023,0.003000,16.860000,0.116770,5.200000,c,13:00|call|gap>0.3%,780,-3.200000,0.015839,94.700000,4360.000000
2021-10-19,1.000000,781,955,4505.300000,4504.000000,0.380135,0.003000,16.310000,0.037733,1.700000,c,13:00|call|gap>0.3%,780,-9.250000,-0.044421,96.800000,4410.000000
2021-10-26,1.000000,781,955,4561.250000,4565.000000,0.375420,0.003000,15.240000,-0.038367,-1.750000,c,13:00|call|gap>0.3%,780,-2.850000,0.008086,92.750000,4470.000000
2021-10-28,1.000000,781,955,4568.400000,4581.250000,0.354711,0.003000,16.980000,0.291130,13.300000,c,13:00|call|gap>0.3%,780,-1.000000,0.098599,99.900000,4470.000000
2021-11-05,1.000000,781,955,4688.500000,4683.100000,0.518346,0.003000,15.440000,-0.061853,-2.900000,c,13:00|call|gap>0.3%,780,-19.200000,-0.084000,100.000000,4590.000000
2021-11-11,1.000000,781,955,4642.900000,4639.300000,0.332118,0.003000,18.730000,-0.094768,-4.400000,c,13:00|call|gap>0.3%,780,-5.400000,-0.069915,94.400014,4550.000000
2021-11-22,1.000000,781,955,4704.300000,4681.800000,0.400853,0.003000,17.910000,-0.633463,-29.800000,c,13:00|call|gap>0.3%,780,-30.500000,-0.266180,95.800005,4610.000000
2021-12-01,1.000000,781,955,4608.700000,4520.900000,1.199114,0.003000,27.190000,-2.263111,-104.300000,c,13:00|call|gap>0.3%,780,-105.400000,-0.905960,100.203524,4510.000000
2021-12-03,1.000000,781,955,4515.800000,4527.900000,0.406717,0.003000,27.950000,0.409673,18.500000,c,13:00|call|gap>0.3%,780,-26.400000,0.093462,97.305594,4420.000000
2021-12-06,1.000000,781,955,4595.100000,4588.550000,0.595461,0.003000,30.670000,-0.145807,-6.700000,c,13:00|call|gap>0.3%,780,-11.750000,-0.099067,96.622080,4500.000000
2021-12-07,1.000000,781,955,4684.900000,4678.500000,1.213931,0.003000,27.180000,-0.042690,-2.000000,c,13:00|call|gap>0.3%,780,-22.400000,-0.097576,96.407027,4590.000000
2021-12-10,1.000000,781,955,4688.700000,4705.800000,0.611103,0.003000,21.580000,0.388167,18.200000,c,13:00|call|gap>0.3%,780,-4.800000,0.140717,100.200105,4590.000000
2021-12-16,1.000000,781,955,4678.200000,4671.350000,0.422882,0.003000,19.290000,-0.280022,-13.100000,c,13:00|call|gap>0.3%,780,-30.200000,-0.098796,99.700010,4580.000000
2021-12-21,1.000000,781,955,4616.600000,4625.900000,0.799842,0.003000,22.870000,0.303253,14.000000,c,13:00|call|gap>0.3%,780,-4.100000,0.064217,98.100339,4520.000000
2021-12-27,1.000000,781,955,4756.900000,4771.150000,0.316624,0.003000,17.960000,0.340558,16.200000,c,13:00|call|gap>0.3%,780,-0.400000,0.114329,98.400004,4660.000000
2022-01-04,1.000000,781,955,4767.600000,4778.600000,0.305599,0.003000,16.600000,0.148922,7.100000,c,13:00|call|gap>0.3%,780,-11.400000,0.080727,99.100000,4670.000000
2022-01-12,1.000000,781,955,4715.500000,4712.950000,0.399148,0.003000,18.410000,-0.095430,-4.500000,c,13:00|call|gap>0.3%,780,-17.000000,-0.057217,97.000007,4620.000000
2022-01-19,1.000000,781,955,4574.000000,4523.200000,0.354874,0.003000,22.790000,-1.217753,-55.700000,c,13:00|call|gap>0.3%,780,-59.350000,-0.563353,95.500425,4480.000000
2022-01-20,1.000000,781,955,4564.500000,4466.600000,0.407233,0.003000,23.850000,-2.162340,-98.700000,c,13:00|call|gap>0.3%,780,-101.750000,-1.000000,96.000803,4470.000000
2022-01-26,1.000000,781,955,4414.800000,4329.850000,1.485650,0.003000,31.160000,-1.895896,-83.700000,c,13:00|call|gap>0.3%,780,-126.000000,-0.912552,96.317455,4320.000000
2022-01-27,1.000000,781,955,4341.400000,4319.050000,1.184457,0.003000,31.960000,-0.650712,-28.250000,c,13:00|call|gap>0.3%,780,-46.700000,-0.273087,92.927244,4250.000000
2022-01-28,1.000000,781,955,4346.600000,4405.400000,0.323430,0.003000,30.490000,1.677173,72.900000,c,13:00|call|gap>0.3%,780,-27.000000,0.568659,98.109277,4250.000000
2022-02-02,1.000000,781,955,4566.700000,4579.650000,0.571908,0.003000,21.960000,0.113868,5.200000,c,13:00|call|gap>0.3%,780,-13.900000,0.101322,98.200129,4470.000000
2022-02-09,1.000000,781,955,4566.400000,4570.400000,0.982719,0.003000,21.440000,0.168623,7.700000,c,13:00|call|gap>0.3%,780,-8.800000,0.010214,97.900085,4470.000000
2022-02-15,1.000000,781,955,4440.100000,4459.500000,1.123288,0.003000,28.330000,0.445936,19.800000,c,13:00|call|gap>0.3%,780,-1.150000,0.178901,91.610771,4350.000000
2022-02-23,1.000000,781,955,4277.000000,4216.700000,0.700684,0.003000,28.810000,-1.321019,-56.500000,c,13:00|call|gap>0.3%,780,-63.300000,-0.715294,88.512280,4190.000000
2022-03-02,1.000000,781,955,4379.100000,4383.650000,0.572186,0.003000,33.320000,-0.027403,-1.200000,c,13:00|call|gap>0.3%,780,-2.200000,0.016485,90.655502,4290.000000
2022-03-03,1.000000,781,955,4376.900000,4352.600000,0.596176,0.003000,30.740000,-0.443236,-19.400000,c,13:00|call|gap>0.3%,780,-37.300000,-0.277518,98.410746,4280.000000
2022-03-09,1.000000,781,955,4280.300000,4271.500000,2.123418,0.003000,35.130000,-0.135505,-5.800000,c,13:00|call|gap>0.3%,780,-17.200000,-0.129158,91.865162,4190.000000
2022-03-11,1.000000,781,955,4239.900000,4205.700000,0.627527,0.003000,30.230000,-0.924550,-39.200000,c,13:00|call|gap>0.3%,780,-44.400000,-0.407090,91.413613,4150.000000
2022-03-15,1.000000,781,955,4238.400000,4259.600000,0.671559,0.003000,31.770000,0.549736,23.300000,c,13:00|call|gap>0.3%,780,-24.300000,0.202082,89.927310,4150.000000
2022-03-16,1.000000,781,955,4316.800000,4344.100000,0.872891,0.003000,29.830000,0.924296,39.900000,c,13:00|call|gap>0.3%,780,-68.300000,0.274903,88.320450,4230.000000
2022-03-22,1.000000,781,955,4490.800000,4491.700000,0.362294,0.003000,23.530000,0.118019,5.300000,c,13:00|call|gap>0.3%,780,-9.150000,-0.022762,92.300910,4400.000000
2022-03-24,1.000000,781,955,4481.250000,4498.500000,0.473186,0.003000,23.570000,0.512134,22.950000,c,13:00|call|gap>0.3%,780,-7.050000,0.153628,92.750839,4390.000000
2022-03-29,1.000000,781,955,4580.100000,4610.700000,0.919162,0.003000,19.630000,0.781642,35.800000,c,13:00|call|gap>0.3%,780,-3.400000,0.271653,101.600006,4480.000000
2022-04-01,1.000000,781,955,4497.400000,4529.100000,0.327579,0.003000,20.560000,0.709299,31.900000,c,13:00|call|gap>0.3%,780,-5.500000,0.290192,98.900021,4400.000000
2022-04-12,1.000000,781,955,4421.100000,4384.850000,0.713620,0.003000,24.370000,-0.866300,-38.300000,c,13:00|call|gap>0.3%,780,-54.550000,-0.423873,92.601170,4330.000000
2022-04-20,1.000000,781,955,4464.100000,4446.550000,0.456272,0.003000,21.370000,-0.380816,-17.000000,c,13:00|call|gap>0.3%,780,-29.050000,-0.214959,95.600080,4370.000000
2022-04-21,1.000000,781,955,4427.700000,4385.050000,0.885971,0.003000,20.320000,-1.095377,-48.500000,c,13:00|call|gap>0.3%,780,-56.400000,-0.460182,99.200010,4330.000000
2022-04-28,1.000000,781,955,4257.300000,4266.300000,1.210480,0.003000,31.600000,0.474479,20.200000,c,13:00|call|gap>0.3%,780,-4.700000,0.067202,88.830382,4170.000000
2022-05-10,1.000000,781,955,3963.700000,3987.000000,1.617034,0.003000,34.750000,0.683705,27.100000,c,13:00|call|gap>0.3%,780,-2.150000,0.237474,85.254309,3880.000000
2022-05-13,1.000000,781,955,4020.000000,4007.400000,1.123882,0.003000,31.770000,-0.097015,-3.900000,c,13:00|call|gap>0.3%,780,-47.950000,-0.170608,91.512833,3930.000000
2022-05-17,1.000000,781,955,4061.500000,4074.250000,1.558987,0.003000,27.470000,0.534285,21.700000,c,13:00|call|gap>0.3%,780,-26.000000,0.117366,83.007726,3980.000000
2022-05-20,1.000000,781,955,3826.900000,3892.700000,0.993811,0.003000,29.350000,1.803026,69.000000,c,13:00|call|gap>0.3%,780,-21.300000,0.800668,78.415323,3750.000000
2022-05-23,1.000000,781,955,3957.700000,3962.100000,0.859878,0.003000,29.430000,0.300680,11.900000,c,13:00|call|gap>0.3%,780,-17.300000,0.015631,89.205639,3870.000000
2022-05-27,1.000000,781,955,4124.800000,4146.200000,0.651353,0.003000,27.500000,0.695791,28.700000,c,13:00|call|gap>0.3%,780,-5.800000,0.213125,86.306029,4040.000000
2022-06-01,1.000000,781,955,4082.500000,4100.650000,0.527896,0.003000,26.190000,0.333129,13.600000,c,13:00|call|gap>0.3%,780,-3.800000,0.180302,84.003915,4000.000000
2022-06-06,1.000000,781,955,4122.300000,4121.200000,1.045042,0.003000,24.790000,-0.130995,-5.400000,c,13:00|call|gap>0.3%,780,-16.600000,-0.043714,93.800400,4030.000000
2022-06-14,1.000000,781,955,3743.600000,3737.950000,0.482564,0.003000,34.020000,-0.141575,-5.300000,c,13:00|call|gap>0.3%,780,-37.700000,-0.101916,85.125660,3660.000000
2022-06-15,1.000000,781,955,3761.400000,3794.700000,0.937592,0.003000,32.690000,0.813527,30.600000,c,13:00|call|gap>0.3%,780,-40.000000,0.365122,82.922986,3680.000000
2022-06-23,1.000000,781,955,3732.900000,3778.450000,0.625117,0.003000,28.950000,1.323368,49.400000,c,13:00|call|gap>0.3%,780,-3.900000,0.504072,84.404191,3650.000000
2022-06-24,1.000000,781,955,3872.850000,3890.000000,0.848690,0.003000,29.050000,0.719109,27.850000,c,13:00|call|gap>0.3%,780,-5.050000,0.167656,84.357062,3790.000000
2022-06-28,1.000000,781,955,3843.500000,3809.450000,0.383359,0.003000,26.950000,-0.915832,-35.200000,c,13:00|call|gap>0.3%,780,-38.050000,-0.435897,85.002153,3760.000000
2022-07-07,1.000000,781,955,3881.000000,3888.900000,0.482638,0.003000,26.730000,0.190673,7.400000,c,13:00|call|gap>0.3%,780,-7.000000,0.059352,82.503267,3800.000000
2022-07-15,1.000000,781,955,3839.300000,3846.800000,1.226336,0.003000,26.400000,0.257860,9.900000,c,13:00|call|gap>0.3%,780,-3.100000,0.055652,80.803117,3760.000000
2022-07-18,1.000000,781,955,3871.950000,3818.050000,0.901486,0.003000,24.230000,-1.336536,-51.750000,c,13:00|call|gap>0.3%,780,-65.150000,-0.681848,83.450627,3790.000000
2022-07-19,1.000000,781,955,3904.900000,3924.550000,1.088948,0.003000,25.300000,0.430229,16.800000,c,13:00|call|gap>0.3%,780,-6.850000,0.192697,86.400840,3820.000000
2022-07-27,1.000000,781,955,3961.300000,4016.000000,0.941682,0.003000,24.690000,1.234443,48.900000,c,13:00|call|gap>0.3%,780,-6.050000,0.624370,82.801353,3880.000000
2022-07-29,1.000000,781,955,4103.200000,4120.800000,0.418802,0.003000,22.330000,0.441119,18.100000,c,13:00|call|gap>0.3%,780,-2.900000,0.172368,84.700334,4020.000000
2022-08-03,1.000000,781,955,4145.000000,4150.400000,0.531693,0.003000,23.930000,-0.026538,-1.100000,c,13:00|call|gap>0.3%,780,-5.300000,0.027735,86.500888,4060.000000
2022-08-08,1.000000,781,955,4133.400000,4131.450000,0.435382,0.003000,21.150000,-0.101611,-4.200000,c,13:00|call|gap>0.3%,780,-14.500000,-0.058305,84.900137,4050.000000
2022-08-10,1.000000,781,955,4188.700000,4198.600000,1.798823,0.003000,21.770000,0.226801,9.500000,c,13:00|call|gap>0.3%,780,-5.000000,0.076495,90.200100,4100.000000
2022-08-11,1.000000,781,955,4223.200000,4199.400000,0.759849,0.003000,19.740000,-0.544611,-23.000000,c,13:00|call|gap>0.3%,780,-30.800000,-0.282999,94.700005,4130.000000
2022-08-12,1.000000,781,955,4242.800000,4265.450000,0.480929,0.003000,20.200000,0.648157,27.500000,c,13:00|call|gap>0.3%,780,-2.000000,0.208377,94.300010,4150.000000
2022-08-25,1.000000,781,955,4154.400000,4187.900000,0.377121,0.003000,22.820000,0.982091,40.800000,c,13:00|call|gap>0.3%,780,-1.600000,0.355057,85.900475,4070.000000
2022-08-30,1.000000,781,955,3978.950000,3975.400000,0.332812,0.003000,26.210000,0.069114,2.750000,c,13:00|call|gap>0.3%,780,-18.850000,-0.072426,90.450985,3890.000000
2022-08-31,1.000000,781,955,3977.500000,3961.250000,0.439511,0.003000,26.210000,-0.663734,-26.400000,c,13:00|call|gap>0.3%,780,-27.000000,-0.216303,89.001245,3890.000000
2022-09-02,1.000000,781,955,3959.900000,3918.200000,0.994121,0.003000,25.560000,-0.959620,-38.000000,c,13:00|call|gap>0.3%,780,-56.550000,-0.549156,81.402790,3880.000000
2022-09-09,1.000000,781,955,4056.600000,4069.400000,0.590696,0.003000,23.610000,0.209535,8.500000,c,13:00|call|gap>0.3%,780,-1.700000,0.111233,88.100371,3970.000000
2022-09-12,1.000000,781,955,4101.900000,4105.900000,0.555952,0.003000,22.790000,0.202345,8.300000,c,13:00|call|gap>0.3%,780,-7.300000,0.010706,93.400083,4010.000000
2022-09-14,1.000000,781,955,3954.300000,3938.900000,0.358751,0.003000,27.270000,-0.227600,-9.000000,c,13:00|call|gap>0.3%,780,-42.800000,-0.214483,85.803334,3870.000000
2022-09-21,1.000000,781,955,3859.500000,3783.100000,0.494508,0.003000,27.160000,-2.217904,-85.600000,c,13:00|call|gap>0.3%,780,-85.600000,-0.973612,81.004709,3780.000000
2022-09-27,1.000000,781,955,3623.100000,3638.200000,1.010073,0.003000,32.260000,0.299467,10.850000,c,13:00|call|gap>0.3%,780,-13.800000,0.161630,74.636492,3550.000000
2022-10-03,1.000000,781,955,3643.950000,3662.200000,1.072198,0.003000,31.620000,0.621578,22.650000,c,13:00|call|gap>0.3%,780,-1.650000,0.201663,75.478745,3570.000000
2022-10-04,1.000000,781,955,3762.600000,3776.100000,1.570938,0.003000,30.100000,0.459788,17.300000,c,13:00|call|gap>0.3%,780,-21.400000,0.124746,84.107889,3680.000000
2022-10-10,1.000000,781,955,3582.400000,3607.900000,0.336320,0.003000,31.360000,0.513622,18.400000,c,13:00|call|gap>0.3%,780,-5.000000,0.303988,73.927035,3510.000000
2022-10-14,1.000000,781,955,3597.000000,3574.650000,0.677448,0.003000,31.940000,-0.561579,-20.200000,c,13:00|call|gap>0.3%,780,-27.400000,-0.323095,78.519141,3520.000000
2022-10-17,1.000000,781,955,3664.700000,3667.600000,1.766943,0.003000,32.020000,0.106421,3.900000,c,13:00|call|gap>0.3%,780,-5.100000,-0.001724,76.231435,3590.000000
2022-10-18,1.000000,781,955,3699.250000,3701.100000,2.254266,0.003000,31.370000,0.341961,12.650000,c,13:00|call|gap>0.3%,780,-17.050000,-0.014438,80.766114,3620.000000
2022-10-24,1.000000,781,955,3773.300000,3783.350000,0.430136,0.003000,29.690000,0.381629,14.400000,c,13:00|call|gap>0.3%,780,-6.950000,0.083057,84.806275,3690.000000
2022-10-27,1.000000,781,955,3816.200000,3793.900000,0.300945,0.003000,27.280000,-0.406163,-15.500000,c,13:00|call|gap>0.3%,780,-22.900000,-0.288496,87.701497,3730.000000
2022-11-01,1.000000,781,955,3847.200000,3850.000000,1.016260,0.003000,25.880000,-0.054585,-2.100000,c,13:00|call|gap>0.3%,780,-4.400000,-0.002585,78.703438,3770.000000
2022-11-04,1.000000,781,955,3713.100000,3758.300000,1.607665,0.003000,25.300000,1.300800,48.300000,c,13:00|call|gap>0.3%,780,-12.500000,0.498809,84.600512,3630.000000
2022-11-07,1.000000,781,955,3772.400000,3796.200000,0.449301,0.003000,24.550000,0.734281,27.700000,c,13:00|call|gap>0.3%,780,-0.800000,0.247907,83.900463,3690.000000
2022-11-10,1.000000,781,955,3893.150000,3945.050000,3.698853,0.003000,26.090000,1.327973,51.700000,c,13:00|call|gap>0.3%,780,-1.450000,0.577641,84.651723,3810.000000
2022-11-15,1.000000,781,955,4000.450000,3980.550000,1.577535,0.003000,23.730000,-0.378707,-15.150000,c,13:00|call|gap>0.3%,780,-54.750000,-0.279447,81.951002,3920.000000
2022-11-18,1.000000,781,955,3937.150000,3953.650000,0.857172,0.003000,23.930000,0.638787,25.150000,c,13:00|call|gap>0.3%,780,-3.250000,0.152281,88.650249,3850.000000
2022-11-22,1.000000,781,955,3975.700000,3997.550000,0.529704,0.003000,22.360000,0.578514,23.000000,c,13:00|call|gap>0.3%,780,-2.250000,0.216168,87.200114,3890.000000
2022-12-01,1.000000,781,955,4074.400000,4073.950000,0.328875,0.003000,20.580000,-0.007363,-0.300000,c,13:00|call|gap>0.3%,780,-10.300000,-0.040164,85.900048,3990.000000
2022-12-08,1.000000,781,955,3959.400000,3959.800000,0.493501,0.003000,22.680000,0.049250,1.950000,c,13:00|call|gap>0.3%,780,-13.050000,-0.032144,80.900502,3880.000000
2022-12-13,1.000000,781,955,4003.500000,4020.250000,2.856570,0.003000,25.000000,0.419633,16.800000,c,13:00|call|gap>0.3%,780,-5.400000,0.161747,85.001313,3920.000000
2022-12-21,1.000000,781,955,3863.400000,3859.550000,0.730637,0.003000,21.480000,-0.054356,-2.100000,c,13:00|call|gap>0.3%,780,-10.800000,-0.080684,84.900048,3780.000000
2022-12-29,1.000000,781,955,3839.500000,3836.400000,0.796411,0.003000,22.140000,-0.151061,-5.800000,c,13:00|call|gap>0.3%,780,-7.400000,-0.075311,81.000188,3760.000000
2023-01-03,1.000000,781,955,3785.600000,3809.050000,0.486313,0.003000,21.670000,0.623415,23.600000,c,13:00|call|gap>0.3%,780,-4.150000,0.234787,87.100022,3700.000000
2023-01-04,1.000000,781,955,3840.100000,3831.400000,0.598551,0.003000,22.900000,-0.067707,-2.600000,c,13:00|call|gap>0.3%,780,-28.100000,-0.143386,81.600304,3760.000000
2023-01-06,1.000000,781,955,3856.300000,3880.100000,0.888385,0.003000,22.460000,0.617172,23.800000,c,13:00|call|gap>0.3%,780,-4.150000,0.236901,87.800059,3770.000000
2023-01-09,1.000000,781,955,3923.900000,3878.400000,0.609520,0.003000,21.130000,-1.144270,-44.900000,c,13:00|call|gap>0.3%,780,-47.200000,-0.567916,85.400042,3840.000000
2023-01-11,1.000000,781,955,3932.250000,3953.150000,0.455709,0.003000,20.580000,0.591265,23.250000,c,13:00|call|gap>0.3%,780,-1.850000,0.213731,83.750038,3850.000000
2023-01-12,1.000000,781,955,3978.450000,3967.700000,0.300847,0.003000,21.090000,-0.204854,-8.150000,c,13:00|call|gap>0.3%,780,-21.950000,-0.152863,89.950018,3890.000000
2023-01-18,1.000000,781,955,3932.950000,3916.850000,0.349466,0.003000,19.360000,-0.433517,-17.050000,c,13:00|call|gap>0.3%,780,-19.950000,-0.226169,84.450008,3850.000000
2023-01-20,1.000000,781,955,3921.100000,3958.800000,0.355148,0.003000,20.520000,0.964015,37.800000,c,13:00|call|gap>0.3%,780,-8.900000,0.420096,82.600045,3840.000000
2023-01-26,1.000000,781,955,4022.200000,4043.600000,0.740796,0.003000,19.080000,0.629009,25.300000,c,13:00|call|gap>0.3%,780,-5.600000,0.219833,83.700012,3940.000000
2023-02-02,1.000000,781,955,4168.650000,4161.650000,1.022769,0.003000,17.870000,-0.032385,-1.350000,c,13:00|call|gap>0.3%,780,-35.850000,-0.110926,90.150001,4080.000000
2023-02-09,1.000000,781,955,4100.200000,4072.200000,0.925250,0.003000,19.630000,-0.699966,-28.700000,c,13:00|call|gap>0.3%,780,-41.300000,-0.338059,91.700004,4010.000000
2023-02-23,1.000000,781,955,3976.600000,4004.700000,0.752766,0.003000,22.290000,0.739325,29.400000,c,13:00|call|gap>0.3%,780,-5.900000,0.284902,88.100089,3890.000000
2023-02-27,1.000000,781,955,3988.500000,3976.600000,0.877813,0.003000,21.670000,-0.289583,-11.550000,c,13:00|call|gap>0.3%,780,-20.800000,-0.165556,90.000034,3900.000000
2023-03-03,1.000000,781,955,4028.450000,4041.050000,0.472564,0.003000,19.590000,0.330152,13.300000,c,13:00|call|gap>0.3%,780,-2.150000,0.106726,89.950004,3940.000000
2023-03-14,1.000000,781,955,3916.000000,3910.150000,1.339112,0.003000,26.520000,0.020429,0.800000,c,13:00|call|gap>0.3%,780,-45.400000,-0.101158,87.501498,3830.000000
2023-03-21,1.000000,781,955,3963.300000,3988.950000,0.935007,0.003000,24.150000,0.643403,25.500000,c,13:00|call|gap>0.3%,780,-1.800000,0.267089,84.800677,3880.000000
2023-03-23,1.000000,781,955,3965.800000,3937.100000,0.736888,0.003000,22.260000,-0.829593,-32.900000,c,13:00|call|gap>0.3%,780,-61.700000,-0.363116,87.300098,3880.000000
2023-03-27,1.000000,781,955,3964.400000,3964.400000,0.614102,0.003000,21.740000,-0.005045,-0.200000,c,13:00|call|gap>0.3%,780,-6.000000,-0.034925,85.900083,3880.000000
2023-03-29,1.000000,781,955,3995.100000,4012.250000,1.070269,0.003000,19.970000,0.455558,18.200000,c,13:00|call|gap>0.3%,780,-2.800000,0.163395,86.600014,3910.000000
2023-03-30,1.000000,781,955,4023.850000,4035.550000,0.680238,0.003000,19.120000,0.309405,12.450000,c,13:00|call|gap>0.3%,780,-6.250000,0.101933,85.350008,3940.000000
2023-04-12,1.000000,781,955,4109.000000,4074.900000,0.543087,0.003000,19.100000,-0.696033,-28.600000,c,13:00|call|gap>0.3%,780,-34.500000,-0.409945,90.500003,4020.000000
2023-04-18,1.000000,781,955,4137.300000,4144.600000,0.408272,0.003000,16.950000,0.117226,4.850000,c,13:00|call|gap>0.3%,780,-5.000000,0.048423,88.800000,4050.000000
2023-04-27,1.000000,781,955,4098.900000,4124.150000,0.647921,0.003000,18.840000,0.607480,24.900000,c,13:00|call|gap>0.3%,780,-2.300000,0.246128,90.400002,4010.000000
2023-05-05,1.000000,781,955,4112.300000,4125.250000,0.937118,0.003000,20.090000,0.352601,14.500000,c,13:00|call|gap>0.3%,780,-1.300000,0.118734,83.800058,4030.000000
2023-05-10,1.000000,781,955,4106.600000,4126.350000,0.715433,0.003000,17.710000,0.491891,20.200000,c,13:00|call|gap>0.3%,780,-17.800000,0.190125,88.100001,4020.000000
2023-05-12,1.000000,781,955,4094.700000,4115.250000,0.327606,0.003000,16.930000,0.522627,21.400000,c,13:00|call|gap>0.3%,780,-3.600000,0.203596,86.200000,4010.000000
2023-05-17,1.000000,781,955,4145.500000,4154.450000,0.502096,0.003000,17.990000,0.142323,5.900000,c,13:00|call|gap>0.3%,780,-0.900000,0.068391,87.000002,4060.000000
2023-05-25,1.000000,781,955,4137.400000,4146.600000,0.913659,0.003000,20.030000,0.212694,8.800000,c,13:00|call|gap>0.3%,780,-2.950000,0.069741,88.900018,4050.000000
2023-06-02,1.000000,781,955,4278.900000,4280.750000,0.661467,0.003000,15.650000,-0.036224,-1.550000,c,13:00|call|gap>0.3%,780,-4.100000,-0.012721,90.400000,4190.000000
2023-06-13,1.000000,781,955,4369.200000,4364.900000,0.366511,0.003000,15.010000,-0.057219,-2.500000,c,13:00|call|gap>0.3%,780,-15.100000,-0.080485,90.700000,4280.000000
2023-06-16,1.000000,781,955,4420.900000,4394.000000,0.489396,0.003000,14.500000,-0.635617,-28.100000,c,13:00|call|gap>0.3%,780,-31.100000,-0.323593,92.400000,4330.000000
2023-06-30,1.000000,781,955,4435.200000,4439.350000,0.753184,0.003000,13.540000,-0.067641,-3.000000,c,13:00|call|gap>0.3%,780,-3.000000,0.011892,96.700000,4340.000000
2023-07-12,1.000000,781,955,4458.900000,4457.500000,0.885876,0.003000,14.840000,0.024670,1.100000,c,13:00|call|gap>0.3%,780,-7.250000,-0.043825,100.400000,4360.000000
2023-07-13,1.000000,781,955,4485.400000,4497.500000,0.424888,0.003000,13.540000,0.238552,10.700000,c,13:00|call|gap>0.3%,780,-3.650000,0.093911,96.900000,4390.000000
2023-07-21,1.000000,781,955,4530.450000,4526.400000,0.369257,0.003000,13.990000,-0.186516,-8.450000,c,13:00|call|gap>0.3%,780,-8.650000,-0.069152,101.950000,4430.000000
2023-07-27,1.000000,781,955,4584.500000,4521.500000,0.784843,0.003000,13.190000,-1.297851,-59.500000,c,13:00|call|gap>0.3%,780,-68.700000,-0.687500,96.000000,4490.000000
2023-07-28,1.000000,781,955,4567.400000,4568.700000,0.723757,0.003000,14.410000,0.037220,1.700000,c,13:00|call|gap>0.3%,780,-16.200000,-0.017189,98.900000,4470.000000
2023-08-04,1.000000,781,955,4527.250000,4463.700000,0.406567,0.003000,15.920000,-1.310950,-59.350000,c,13:00|call|gap>0.3%,780,-64.400000,-0.673924,98.750000,4430.000000
2023-08-07,1.000000,781,955,4497.050000,4506.150000,0.425256,0.003000,17.100000,0.216809,9.750000,c,13:00|call|gap>0.3%,780,-2.150000,0.061898,98.550000,4400.000000
2023-08-10,1.000000,781,955,4463.150000,4459.050000,0.550770,0.003000,15.960000,-0.097465,-4.350000,c,13:00|call|gap>0.3%,780,-15.850000,-0.075013,94.650000,4370.000000
2023-08-17,1.000000,781,955,4403.950000,4370.650000,0.336654,0.003000,16.780000,-0.938930,-41.350000,c,13:00|call|gap>0.3%,780,-46.450000,-0.380304,95.450000,4310.000000
2023-08-22,1.000000,781,955,4386.000000,4382.200000,0.408586,0.003000,17.130000,-0.111719,-4.900000,c,13:00|call|gap>0.3%,780,-10.000000,-0.069744,97.500000,4290.000000
2023-08-24,1.000000,781,955,4397.950000,4371.200000,0.422141,0.003000,15.980000,-0.653714,-28.750000,c,13:00|call|gap>0.3%,780,-29.400000,-0.299145,99.450000,4300.000000
2023-08-25,1.000000,781,955,4388.500000,4401.700000,0.384510,0.003000,17.200000,0.257491,11.300000,c,13:00|call|gap>0.3%,780,-14.800000,0.113333,90.000001,4300.000000
2023-08-28,1.000000,781,955,4427.200000,4427.150000,0.531842,0.003000,15.680000,0.013553,0.600000,c,13:00|call|gap>0.3%,780,-18.450000,-0.030902,98.700000,4330.000000
2023-09-01,1.000000,781,955,4508.200000,4512.300000,0.659707,0.003000,13.570000,0.079854,3.600000,c,13:00|call|gap>0.3%,780,-9.300000,0.011033,99.700000,4410.000000
2023-09-11,1.000000,781,955,4476.650000,4480.600000,0.608196,0.003000,13.840000,0.195459,8.750000,c,13:00|call|gap>0.3%,780,-1.450000,0.009679,98.150000,4380.000000
2023-09-14,1.000000,781,955,4505.200000,4502.900000,0.586839,0.003000,13.480000,-0.026636,-1.200000,c,13:00|call|gap>0.3%,780,-5.750000,-0.054809,96.700000,4410.000000
2023-09-20,1.000000,781,955,4439.000000,4391.150000,0.307261,0.003000,14.110000,-1.211985,-53.800000,c,13:00|call|gap>0.3%,780,-54.700000,-0.561878,90.500000,4350.000000
2023-09-29,1.000000,781,955,4278.700000,4270.450000,0.742106,0.003000,17.340000,-0.133218,-5.700000,c,13:00|call|gap>0.3%,780,-19.300000,-0.124723,90.200001,4190.000000
2023-10-13,1.000000,782,955,4322.100000,4313.400000,0.364324,0.003000,16.690000,-0.135351,-5.850000,c,13:00|call|gap>0.3%,780,-23.100000,-0.125000,93.600000,4230.000000
2023-10-16,1.000000,781,955,4361.850000,4366.450000,0.506226,0.003000,19.320000,-0.033243,-1.450000,c,13:00|call|gap>0.3%,780,-18.550000,0.017140,93.350009,4270.000000
2023-10-24,1.000000,781,955,4214.100000,4240.400000,0.516028,0.003000,20.370000,0.510192,21.500000,c,13:00|call|gap>0.3%,780,-3.350000,0.243724,95.600008,4120.000000
2023-10-27,1.000000,781,955,4119.200000,4102.300000,0.432622,0.003000,20.680000,-0.281608,-11.600000,c,13:00|call|gap>0.3%,780,-26.800000,-0.219405,90.700021,4030.000000
2023-10-30,1.000000,781,955,4130.900000,4159.800000,0.681663,0.003000,21.270000,0.617299,25.500000,c,13:00|call|gap>0.3%,780,-1.200000,0.280303,92.400028,4040.000000
2023-11-02,1.000000,781,955,4289.500000,4307.300000,0.932191,0.003000,16.870000,0.405642,17.400000,c,13:00|call|gap>0.3%,780,-0.100000,0.162637,91.000000,4200.000000
2023-11-03,1.000000,781,955,4357.800000,4349.000000,0.567694,0.003000,15.660000,-0.243242,-10.600000,c,13:00|call|gap>0.3%,780,-11.200000,-0.132139,89.300000,4270.000000
2023-11-10,1.000000,781,955,4387.100000,4405.800000,0.486310,0.003000,15.290000,0.458161,20.100000,c,13:00|call|gap>0.3%,780,-4.950000,0.159229,98.600000,4290.000000
2023-11-14,1.000000,781,955,4487.200000,4484.400000,1.404003,0.003000,14.760000,-0.013371,-0.600000,c,13:00|call|gap>0.3%,780,-10.150000,-0.058764,98.700000,4390.000000
2023-11-15,1.000000,781,955,4498.000000,4494.650000,0.361075,0.003000,14.160000,-0.024455,-1.100000,c,13:00|call|gap>0.3%,780,-9.800000,-0.063819,99.500000,4400.000000
2023-11-22,1.000000,781,955,4551.300000,4552.050000,0.378353,0.003000,13.350000,-0.028563,-1.300000,c,13:00|call|gap>0.3%,780,-12.000000,-0.024246,92.800000,4460.000000
2023-11-29,1.000000,781,955,4562.100000,4546.100000,0.496845,0.003000,12.690000,-0.339756,-15.500000,c,13:00|call|gap>0.3%,780,-20.000000,-0.202991,93.600000,4470.000000
2023-12-06,1.000000,781,955,4560.900000,4544.600000,0.477463,0.003000,12.850000,-0.295994,-13.500000,c,13:00|call|gap>0.3%,780,-17.250000,-0.188477,102.400000,4460.000000
2023-12-07,1.000000,781,955,4583.250000,4582.650000,0.477196,0.003000,12.970000,-0.025091,-1.150000,c,13:00|call|gap>0.3%,780,-3.750000,-0.037995,94.750000,4490.000000
2023-12-14,1.000000,781,955,4714.950000,4715.000000,0.428231,0.003000,12.190000,0.113469,5.350000,c,13:00|call|gap>0.3%,780,-22.150000,-0.030586,96.450000,4620.000000
2023-12-18,1.000000,781,955,4724.550000,4723.250000,0.340897,0.003000,12.280000,-0.094189,-4.450000,c,13:00|call|gap>0.3%,780,-4.650000,-0.044768,96.050000,4630.000000
2023-12-21,1.000000,781,955,4696.200000,4727.600000,0.696492,0.003000,13.670000,0.651591,30.600000,c,13:00|call|gap>0.3%,780,-7.600000,0.290686,97.700000,4600.000000
2024-01-12,1.000000,781,955,4763.600000,4767.900000,0.300187,0.003000,12.440000,0.060878,2.900000,c,13:00|call|gap>0.3%,780,-5.600000,0.012369,105.100000,4660.000000
2024-01-18,1.000000,781,955,4727.350000,4764.050000,0.387482,0.003000,14.790000,0.796429,37.650000,c,13:00|call|gap>0.3%,780,-3.050000,0.340921,98.850000,4630.000000
2024-01-22,1.000000,781,955,4835.400000,4837.000000,0.316075,0.003000,13.300000,-0.018613,-0.900000,c,13:00|call|gap>0.3%,780,-7.150000,-0.013096,106.900000,4730.000000
2024-01-24,1.000000,781,955,4884.900000,4854.800000,0.616724,0.003000,12.550000,-0.628467,-30.700000,c,13:00|call|gap>0.3%,780,-34.700000,-0.311090,106.400000,4780.000000
2024-01-25,1.000000,781,955,4866.600000,4873.650000,0.424375,0.003000,13.140000,0.279456,13.600000,c,13:00|call|gap>0.3%,780,-12.700000,0.037465,108.100000,4760.000000
2024-02-01,1.000000,781,955,4873.000000,4887.500000,0.367529,0.003000,14.350000,0.394008,19.200000,c,13:00|call|gap>0.3%,780,-10.300000,0.110048,104.500000,4770.000000
2024-02-07,1.000000,781,955,4973.100000,4977.550000,0.462560,0.003000,13.060000,0.144779,7.200000,c,13:00|call|gap>0.3%,780,-1.900000,0.013862,104.600000,4870.000000
2024-02-14,1.000000,781,955,4961.500000,4986.800000,0.530193,0.003000,15.850000,0.497833,24.700000,c,13:00|call|gap>0.3%,780,-9.100000,0.216505,103.000000,4860.000000
2024-02-22,1.000000,781,955,5063.600000,5079.200000,1.363527,0.003000,15.340000,0.221187,11.200000,c,13:00|call|gap>0.3%,780,-2.800000,0.119886,105.100000,4960.000000
2024-02-23,1.000000,781,955,5085.150000,5084.000000,0.350753,0.003000,14.540000,-0.136672,-6.950000,c,13:00|call|gap>0.3%,780,-8.550000,-0.038912,106.650000,4980.000000
2024-02-29,1.000000,781,955,5073.750000,5094.650000,0.382313,0.003000,13.840000,0.152747,7.750000,c,13:00|call|gap>0.3%,780,-2.000000,0.170071,105.250000,4970.000000
2024-03-06,1.000000,781,955,5112.500000,5100.900000,0.694116,0.003000,14.460000,-0.297311,-15.200000,c,13:00|call|gap>0.3%,780,-26.500000,-0.140385,104.000000,5010.000000
2024-03-07,1.000000,781,955,5145.550000,5154.600000,0.668982,0.003000,14.500000,0.109804,5.650000,c,13:00|call|gap>0.3%,780,-4.000000,0.056516,107.050000,5040.000000
2024-03-12,1.000000,781,955,5146.600000,5172.450000,0.424442,0.003000,15.220000,0.409979,21.100000,c,13:00|call|gap>0.3%,780,-9.850000,0.211378,108.100000,5040.000000
2024-03-18,1.000000,781,955,5135.500000,5128.800000,0.672773,0.003000,14.410000,-0.126570,-6.500000,c,13:00|call|gap>0.3%,780,-11.000000,-0.090654,107.000000,5030.000000
2024-03-21,1.000000,781,955,5235.350000,5223.900000,0.570583,0.003000,13.040000,-0.277918,-14.550000,c,13:00|call|gap>0.3%,780,-15.950000,-0.135236,106.850000,5130.000000
2024-03-27,1.000000,781,955,5202.700000,5226.700000,0.578347,0.003000,13.240000,0.540104,28.100000,c,13:00|call|gap>0.3%,780,-5.200000,0.183888,114.200000,5090.000000
2024-04-04,1.000000,781,955,5233.150000,5138.450000,0.787235,0.003000,14.330000,-1.948157,-101.950000,c,13:00|call|gap>0.3%,780,-105.550000,-0.852159,114.650000,5120.000000
2024-04-09,1.000000,781,955,5169.200000,5185.700000,0.367300,0.003000,15.190000,0.468158,24.200000,c,13:00|call|gap>0.3%,780,-12.000000,0.121951,110.700000,5060.000000
2024-04-15,1.000000,781,955,5096.600000,5050.700000,0.847557,0.003000,17.310000,-1.008515,-51.400000,c,13:00|call|gap>0.3%,780,-60.650000,-0.452359,108.100001,4990.000000
2024-04-17,1.000000,781,955,5001.000000,5011.050000,0.530383,0.003000,18.400000,0.083983,4.200000,c,13:00|call|gap>0.3%,780,-2.200000,0.068780,102.500008,4900.000000
2024-04-22,1.000000,781,955,4982.700000,4993.550000,0.538183,0.003000,18.710000,0.254882,12.700000,c,13:00|call|gap>0.3%,780,0.000000,0.075336,104.200008,4880.000000
2024-04-23,1.000000,781,955,5050.500000,5054.100000,0.464427,0.003000,16.940000,0.089100,4.500000,c,13:00|call|gap>0.3%,780,-4.500000,0.005357,112.000000,4940.000000
2024-04-26,1.000000,781,955,5095.350000,5084.400000,0.573948,0.003000,15.370000,-0.262985,-13.400000,c,13:00|call|gap>0.3%,780,-13.400000,-0.130557,106.850000,4990.000000
2024-04-29,1.000000,781,955,5099.150000,5096.900000,0.406340,0.003000,15.030000,0.030397,1.550000,c,13:00|call|gap>0.3%,780,-25.750000,-0.047447,110.650000,4990.000000
2024-05-02,1.000000,781,955,5023.950000,5044.200000,0.808822,0.003000,15.390000,0.524488,26.350000,c,13:00|call|gap>0.3%,780,-0.200000,0.163585,105.450000,4920.000000
2024-05-03,1.000000,781,955,5107.050000,5113.000000,1.213789,0.003000,14.680000,0.106715,5.450000,c,13:00|call|gap>0.3%,780,-0.200000,0.027176,108.550000,5000.000000
2024-05-06,1.000000,781,955,5147.000000,5163.000000,0.493888,0.003000,13.490000,0.357490,18.400000,c,13:00|call|gap>0.3%,780,-4.000000,0.119816,108.500000,5040.000000
2024-05-10,1.000000,781,955,5206.100000,5212.500000,0.315288,0.003000,12.690000,0.038416,2.000000,c,13:00|call|gap>0.3%,780,-7.000000,0.031599,107.600000,5100.000000
2024-05-13,1.000000,781,955,5209.350000,5207.600000,0.346576,0.003000,12.550000,-0.001920,-0.100000,c,13:00|call|gap>0.3%,780,-11.650000,-0.042851,110.850000,5100.000000
2024-05-15,1.000000,781,955,5285.800000,5297.100000,0.476805,0.003000,13.420000,0.230807,12.200000,c,13:00|call|gap>0.3%,780,-2.400000,0.077353,107.300000,5180.000000
2024-05-23,1.000000,781,955,5296.400000,5254.350000,0.596451,0.003000,12.290000,-0.694812,-36.800000,c,13:00|call|gap>0.3%,780,-48.600000,-0.417516,107.900000,5190.000000
2024-05-24,1.000000,782,955,5294.600000,5291.050000,0.363145,0.003000,12.770000,0.000000,0.000000,c,13:00|call|gap>0.3%,780,-10.400000,-0.056417,116.100000,5180.000000
2024-06-03,1.000000,782,955,5235.350000,5269.000000,0.325220,0.003000,12.920000,0.808924,42.350000,c,13:00|call|gap>0.3%,780,-8.400000,0.286851,106.850000,5130.000000
2024-06-05,1.000000,781,955,5325.650000,5344.500000,0.461815,0.003000,13.160000,0.391502,20.850000,c,13:00|call|gap>0.3%,780,-3.650000,0.135297,117.150000,5210.000000
2024-06-12,1.000000,781,955,5428.700000,5421.650000,0.859388,0.003000,12.850000,-0.292888,-15.900000,c,13:00|call|gap>0.3%,780,-25.100000,-0.091198,110.200000,5320.000000
2024-06-13,1.000000,781,955,5409.200000,5428.250000,0.339935,0.003000,12.040000,0.264364,14.300000,c,13:00|call|gap>0.3%,780,-0.700000,0.144986,110.700000,5300.000000
2024-07-15,1.000000,781,955,5620.100000,5609.300000,0.405422,0.003000,12.460000,-0.087187,-4.900000,c,13:00|call|gap>0.3%,780,-23.700000,-0.113487,121.600000,5500.000000
2024-07-22,1.000000,781,955,5536.400000,5547.550000,0.734142,0.003000,16.520000,0.182429,10.100000,c,13:00|call|gap>0.3%,780,0.000000,0.069126,117.900000,5420.000000
2024-07-26,1.000000,781,955,5467.250000,5430.350000,0.739241,0.003000,18.460000,-0.435319,-23.800000,c,13:00|call|gap>0.3%,780,-39.550000,-0.336000,118.750002,5350.000000
2024-07-29,1.000000,781,955,5462.500000,5448.800000,0.335265,0.003000,16.390000,-0.245309,-13.400000,c,13:00|call|gap>0.3%,780,-17.800000,-0.146491,114.000000,5350.000000
2024-07-31,1.000000,781,955,5504.400000,5511.500000,1.326642,0.003000,17.690000,-0.012717,-0.700000,c,13:00|call|gap>0.3%,780,-16.900000,0.035375,115.900002,5390.000000
2024-08-01,1.000000,781,955,5438.100000,5421.400000,0.403365,0.003000,16.360000,-0.115849,-6.300000,c,13:00|call|gap>0.3%,780,-43.500000,-0.164716,119.600000,5320.000000
2024-08-06,1.000000,781,955,5274.900000,5229.700000,0.417472,0.003000,38.570000,-1.027508,-54.200000,c,13:00|call|gap>0.3%,780,-54.950000,-0.414790,116.539439,5160.000000
2024-08-07,1.000000,781,955,5252.900000,5185.700000,1.239297,0.003000,27.710000,-1.266919,-66.550000,c,13:00|call|gap>0.3%,780,-72.300000,-0.613653,114.404956,5140.000000
2024-08-08,1.000000,781,955,5280.500000,5296.000000,1.030590,0.003000,27.850000,0.484803,25.600000,c,13:00|call|gap>0.3%,780,-12.900000,0.111534,112.007353,5170.000000
2024-08-13,1.000000,781,955,5409.100000,5415.400000,0.617863,0.003000,20.710000,0.199664,10.800000,c,13:00|call|gap>0.3%,780,-13.800000,0.029836,110.600121,5300.000000
2024-08-15,1.000000,781,955,5516.300000,5523.500000,1.099709,0.003000,16.190000,0.242916,13.400000,c,13:00|call|gap>0.3%,780,-1.400000,0.035654,117.800000,5400.000000
2024-08-22,1.000000,781,955,5574.500000,5553.900000,0.342466,0.003000,16.270000,-0.213472,-11.900000,c,13:00|call|gap>0.3%,780,-24.500000,-0.203448,116.000000,5460.000000
2024-08-23,1.000000,781,955,5590.700000,5621.600000,0.598641,0.003000,17.550000,0.540183,30.200000,c,13:00|call|gap>0.3%,780,0.000000,0.228314,122.200000,5470.000000
2024-08-29,1.000000,781,955,5628.600000,5581.600000,0.343870,0.003000,17.110000,-0.808372,-45.500000,c,13:00|call|gap>0.3%,780,-56.500000,-0.416320,120.100000,5510.000000
2024-08-30,1.000000,781,955,5591.600000,5635.200000,0.417331,0.003000,15.650000,0.788683,44.100000,c,13:00|call|gap>0.3%,780,-5.500000,0.329813,123.100000,5470.000000
2024-09-09,1.000000,781,955,5475.650000,5459.300000,0.780816,0.003000,22.380000,-0.205455,-11.250000,c,13:00|call|gap>0.3%,780,-32.400000,-0.165175,117.150231,5360.000000
2024-09-10,1.000000,781,955,5451.900000,5486.800000,0.352280,0.003000,19.450000,0.654818,35.700000,c,13:00|call|gap>0.3%,780,-0.600000,0.281305,113.400023,5340.000000
2024-09-17,1.000000,781,955,5621.400000,5627.500000,0.397960,0.003000,17.140000,0.179671,10.100000,c,13:00|call|gap>0.3%,780,-13.450000,0.025224,122.900000,5500.000000
2024-09-19,1.000000,781,955,5714.950000,5708.650000,1.718948,0.003000,18.230000,-0.088365,-5.050000,c,13:00|call|gap>0.3%,780,-11.000000,-0.079863,116.450008,5600.000000
2024-09-26,1.000000,781,955,5711.200000,5722.300000,0.806162,0.003000,15.410000,0.183849,10.500000,c,13:00|call|gap>0.3%,780,-11.850000,0.066015,122.700000,5590.000000
2024-10-04,1.000000,781,955,5710.100000,5728.600000,0.808440,0.003000,20.490000,0.337122,19.250000,c,13:00|call|gap>0.3%,780,-14.000000,0.127467,121.600045,5590.000000
2024-10-08,1.000000,781,955,5718.000000,5734.100000,0.459669,0.003000,22.640000,0.243092,13.900000,c,13:00|call|gap>0.3%,780,-11.300000,0.109619,119.500443,5600.000000
2024-10-17,1.000000,781,955,5844.700000,5823.800000,0.628574,0.003000,19.580000,-0.367855,-21.500000,c,13:00|call|gap>0.3%,780,-23.100000,-0.189382,126.200012,5720.000000
2024-10-18,1.000000,781,955,5848.550000,5845.300000,0.303957,0.003000,19.110000,-0.043601,-2.550000,c,13:00|call|gap>0.3%,780,-10.150000,-0.052062,120.050022,5730.000000
2024-10-24,1.000000,781,955,5788.450000,5795.500000,0.342537,0.003000,19.240000,0.066512,3.850000,c,13:00|call|gap>0.3%,780,-7.400000,0.033764,119.950020,5670.000000
2024-10-25,1.000000,781,955,5819.100000,5788.300000,0.408301,0.003000,19.080000,-0.498359,-29.000000,c,13:00|call|gap>0.3%,780,-37.700000,-0.280265,120.600017,5700.000000
2024-10-28,1.000000,781,955,5810.800000,5806.200000,0.623478,0.003000,20.330000,-0.053349,-3.100000,c,13:00|call|gap>0.3%,780,-5.400000,-0.062143,122.300049,5690.000000
2024-11-01,1.000000,781,955,5730.600000,5712.550000,0.492559,0.003000,23.160000,-0.354239,-20.300000,c,13:00|call|gap>0.3%,780,-24.250000,-0.172403,122.100476,5610.000000
2024-11-06,1.000000,781,955,5892.000000,5911.450000,2.172744,0.003000,20.490000,0.307196,18.100000,c,13:00|call|gap>0.3%,780,0.000000,0.133198,123.500064,5770.000000
2024-11-07,1.000000,781,955,5953.950000,5953.200000,0.372244,0.003000,16.270000,0.059624,3.550000,c,13:00|call|gap>0.3%,780,-14.350000,-0.029892,125.450000,5830.000000
2024-11-21,1.000000,781,955,5938.200000,5939.000000,0.492811,0.003000,17.160000,-0.026102,-1.550000,c,13:00|call|gap>0.3%,780,-2.650000,-0.016962,129.700000,5810.000000
2024-11-25,1.000000,781,955,5966.600000,5975.200000,0.670025,0.003000,15.240000,0.139108,8.300000,c,13:00|call|gap>0.3%,780,-0.500000,0.043716,128.100000,5840.000000
2024-12-04,1.000000,781,955,6063.200000,6075.200000,0.309669,0.003000,13.300000,0.214408,13.000000,c,13:00|call|gap>0.3%,780,-10.800000,0.072173,124.700000,5940.000000
2024-12-11,1.000000,781,955,6082.200000,6076.100000,0.476033,0.003000,14.180000,-0.106869,-6.500000,c,13:00|call|gap>0.3%,780,-9.100000,-0.073565,123.700000,5960.000000
2024-12-13,1.000000,781,955,6029.950000,6042.500000,0.324294,0.003000,13.920000,0.209786,12.650000,c,13:00|call|gap>0.3%,780,-0.500000,0.072651,131.450000,5900.000000
2024-12-19,1.000000,781,955,5882.600000,5872.350000,0.845846,0.003000,27.620000,-0.363785,-21.400000,c,13:00|call|gap>0.3%,780,-22.950000,-0.106824,124.107737,5760.000000
2025-01-02,1.000000,781,955,5821.900000,5845.500000,0.566485,0.003000,17.350000,0.417390,24.300000,c,13:00|call|gap>0.3%,780,-16.800000,0.166937,123.400001,5700.000000
2025-01-03,1.000000,781,955,5905.400000,5917.400000,0.499470,0.003000,17.930000,0.237071,14.000000,c,13:00|call|gap>0.3%,780,-3.100000,0.070922,126.900001,5780.000000
2025-01-06,1.000000,781,955,5975.000000,5949.300000,0.678278,0.003000,16.130000,-0.348117,-20.800000,c,13:00|call|gap>0.3%,780,-37.800000,-0.226877,126.500000,5850.000000
2025-01-07,1.000000,781,955,5911.250000,5885.000000,0.338417,0.003000,16.040000,-0.405160,-23.950000,c,13:00|call|gap>0.3%,780,-43.350000,-0.238289,122.750000,5790.000000
2025-01-14,1.000000,781,955,5803.300000,5815.300000,0.503947,0.003000,19.190000,0.322230,18.700000,c,13:00|call|gap>0.3%,780,-13.800000,0.072115,124.800008,5680.000000
2025-01-15,1.000000,781,955,5914.100000,5928.600000,1.437650,0.003000,18.710000,0.226577,13.400000,c,13:00|call|gap>0.3%,780,-0.200000,0.091560,125.600006,5790.000000
2025-01-17,1.000000,781,955,5986.900000,5979.000000,0.887274,0.003000,16.600000,-0.175383,-10.500000,c,13:00|call|gap>0.3%,780,-13.300000,-0.084891,128.400000,5860.000000
2025-01-22,1.000000,781,955,6073.350000,6065.800000,0.499237,0.003000,15.060000,-0.165477,-10.050000,c,13:00|call|gap>0.3%,780,-10.950000,-0.084501,124.850000,5950.000000
2025-01-30,1.000000,781,955,6034.300000,6053.600000,0.368050,0.003000,16.560000,0.223721,13.500000,c,13:00|call|gap>0.3%,780,-15.850000,0.129571,125.800000,5910.000000
2025-01-31,1.000000,781,955,6089.350000,6019.150000,0.449750,0.003000,15.840000,-1.174181,-71.500000,c,13:00|call|gap>0.3%,780,-78.600000,-0.559419,130.850000,5960.000000
2025-02-06,1.000000,784,955,6058.300000,6063.100000,0.306220,0.003000,15.770000,0.067676,4.100000,c,13:00|call|gap>0.3%,780,-32.000000,0.013867,129.800000,5930.000000
2025-02-10,1.000000,781,955,6045.800000,6048.700000,0.531769,0.003000,16.540000,0.043005,2.600000,c,13:00|call|gap>0.3%,780,-2.900000,-0.000786,127.300000,5920.000000
2025-02-24,1.000000,781,955,6007.400000,5975.700000,0.332489,0.003000,18.210000,-0.585944,-35.200000,c,13:00|call|gap>0.3%,780,-41.000000,-0.269201,128.900002,5880.000000
2025-02-27,1.000000,781,955,5939.800000,5853.300000,0.402025,0.003000,19.100000,-1.506785,-89.500000,c,13:00|call|gap>0.3%,780,-93.250000,-0.737840,121.300024,5820.000000
2025-03-03,1.000000,781,955,5915.800000,5831.150000,0.384748,0.003000,19.630000,-1.291457,-76.400000,c,13:00|call|gap>0.3%,780,-116.600000,-0.688531,127.300014,5790.000000
2025-03-12,1.000000,781,955,5594.050000,5595.450000,1.098763,0.003000,26.920000,-0.086699,-4.850000,c,13:00|call|gap>0.3%,780,-14.200000,-0.013906,115.556888,5480.000000
2025-03-14,1.000000,781,955,5622.100000,5635.400000,0.821247,0.003000,24.660000,0.101386,5.700000,c,13:00|call|gap>0.3%,780,-19.300000,0.083326,123.600813,5500.000000
2025-03-19,1.000000,781,955,5651.050000,5669.700000,0.340512,0.003000,21.700000,0.335336,18.950000,c,13:00|call|gap>0.3%,780,-27.450000,0.127702,122.550101,5530.000000
2025-03-24,1.000000,781,955,5730.000000,5746.900000,1.168088,0.003000,19.280000,0.178010,10.200000,c,13:00|call|gap>0.3%,780,-8.950000,0.114403,121.500013,5610.000000
2025-04-08,1.000000,781,955,5067.400000,4955.750000,3.469125,0.003000,46.980000,-2.001026,-101.400000,c,13:00|call|gap>0.3%,780,-174.600000,-0.995617,109.523530,4960.000000
2025-04-14,1.000000,781,955,5369.100000,5388.200000,1.882959,0.003000,37.560000,0.385539,20.700000,c,13:00|call|gap>0.3%,780,-11.600000,0.143638,110.786822,5260.000000
2025-04-17,1.000000,781,955,5302.600000,5263.500000,0.342381,0.003000,32.640000,-0.739260,-39.200000,c,13:00|call|gap>0.3%,780,-45.300000,-0.369185,114.138055,5190.000000
2025-04-22,1.000000,781,955,5278.300000,5264.700000,1.210211,0.003000,33.820000,-0.166720,-8.800000,c,13:00|call|gap>0.3%,780,-60.300000,-0.151736,109.871513,5170.000000
2025-04-23,1.000000,781,955,5378.000000,5368.300000,2.561913,0.003000,30.570000,-0.466716,-25.100000,c,13:00|call|gap>0.3%,780,-39.000000,-0.116250,109.533284,5270.000000
2025-05-01,1.000000,781,955,5600.400000,5595.000000,1.153388,0.003000,24.700000,-0.292836,-16.400000,c,13:00|call|gap>0.3%,780,-21.600000,-0.068916,121.900973,5480.000000
2025-05-02,1.000000,781,955,5674.000000,5666.300000,1.135387,0.003000,24.600000,-0.148044,-8.400000,c,13:00|call|gap>0.3%,780,-13.700000,-0.092660,115.502466,5560.000000
2025-05-08,1.000000,781,955,5698.700000,5649.600000,0.728808,0.003000,23.550000,-0.859845,-49.000000,c,13:00|call|gap>0.3%,780,-53.250000,-0.433448,120.200742,5580.000000
2025-05-12,1.000000,781,955,5811.300000,5819.300000,3.072819,0.003000,21.900000,0.309741,18.000000,c,13:00|call|gap>0.3%,780,-3.000000,0.040715,122.800202,5690.000000
2025-05-29,1.000000,781,955,5901.200000,5893.900000,0.901667,0.003000,19.310000,-0.028808,-1.700000,c,13:00|call|gap>0.3%,780,-24.500000,-0.083945,122.700021,5780.000000
2025-06-06,1.000000,781,955,5977.900000,5994.350000,0.934107,0.003000,18.480000,0.198230,11.850000,c,13:00|call|gap>0.3%,780,-6.350000,0.103941,129.400003,5850.000000
2025-06-16,1.000000,781,955,6027.000000,6025.350000,0.611616,0.003000,20.820000,0.000830,0.050000,c,13:00|call|gap>0.3%,780,-10.300000,-0.036187,128.500064,5900.000000
2025-06-24,1.000000,781,955,6067.400000,6071.100000,0.707406,0.003000,19.830000,0.001648,0.100000,c,13:00|call|gap>0.3%,780,-4.300000,0.005430,128.900024,5940.000000
2025-06-30,1.000000,781,955,6167.500000,6185.900000,0.418002,0.003000,16.320000,0.175111,10.800000,c,13:00|call|gap>0.3%,780,-17.100000,0.119380,129.000000,6040.000000
2025-07-09,1.000000,781,955,6219.300000,6240.900000,0.394174,0.003000,16.810000,0.338463,21.050000,c,13:00|call|gap>0.3%,780,-2.000000,0.142202,130.800000,6090.000000
2025-07-15,1.000000,781,955,6235.600000,6229.000000,0.451409,0.003000,17.200000,-0.219706,-13.700000,c,13:00|call|gap>0.3%,780,-14.800000,-0.075531,127.100002,6110.000000
2025-07-23,1.000000,781,955,6318.250000,6335.200000,0.438945,0.003000,16.500000,0.369564,23.350000,c,13:00|call|gap>0.3%,780,-2.500000,0.107514,129.750000,6190.000000
2025-07-31,1.000000,781,955,6375.800000,6313.400000,0.772189,0.003000,15.480000,-0.890869,-56.800000,c,13:00|call|gap>0.3%,780,-68.000000,-0.476329,137.300000,6240.000000
2025-08-04,1.000000,781,955,6302.400000,6307.300000,0.640139,0.003000,20.380000,0.131696,8.300000,c,13:00|call|gap>0.3%,780,-7.250000,0.014189,133.900045,6170.000000
2025-08-07,1.000000,781,955,6317.400000,6311.000000,0.561878,0.003000,16.770000,0.098142,6.200000,c,13:00|call|gap>0.3%,780,-25.450000,-0.072925,128.900001,6190.000000
2025-08-12,1.000000,781,955,6416.100000,6426.600000,0.382160,0.003000,16.250000,0.158975,10.200000,c,13:00|call|gap>0.3%,780,-1.550000,0.054506,137.600000,6280.000000
2025-08-13,1.000000,781,955,6431.900000,6449.750000,0.348568,0.003000,14.730000,0.268972,17.300000,c,13:00|call|gap>0.3%,780,-4.500000,0.111319,133.400000,6300.000000
2025-08-22,1.000000,781,955,6450.400000,6449.300000,0.334314,0.003000,16.600000,0.041858,2.700000,c,13:00|call|gap>0.3%,780,-7.150000,-0.031084,131.900001,6320.000000
2025-09-03,1.000000,781,955,6419.800000,6431.500000,0.371643,0.003000,17.170000,0.253123,16.250000,c,13:00|call|gap>0.3%,780,-14.800000,0.066260,131.300002,6290.000000
2025-09-05,1.000000,781,955,6462.200000,6468.650000,0.375181,0.003000,15.300000,0.154746,10.000000,c,13:00|call|gap>0.3%,780,-15.700000,0.025804,133.700000,6330.000000
2025-09-10,1.000000,781,955,6529.400000,6524.700000,0.517485,0.003000,15.040000,-0.101081,-6.600000,c,13:00|call|gap>0.3%,780,-23.000000,-0.054649,140.900000,6390.000000
2025-09-11,1.000000,781,955,6570.500000,6578.600000,0.302018,0.003000,15.350000,0.076098,5.000000,c,13:00|call|gap>0.3%,780,-1.350000,0.035915,142.000000,6430.000000
2025-09-15,1.000000,781,955,6600.500000,6603.800000,0.311010,0.003000,14.760000,0.121203,8.000000,c,13:00|call|gap>0.3%,780,-6.700000,0.002113,142.000000,6460.000000
2025-09-18,1.000000,781,955,6641.050000,6623.700000,0.385222,0.003000,15.720000,-0.277818,-18.450000,c,13:00|call|gap>0.3%,780,-21.350000,-0.142757,142.550000,6500.000000
2025-09-29,1.000000,781,955,6629.700000,6633.200000,0.392883,0.003000,15.290000,0.102569,6.800000,c,13:00|call|gap>0.3%,780,-10.800000,0.003541,141.200000,6490.000000
2025-10-06,1.000000,781,955,6715.850000,6718.400000,0.360873,0.003000,16.650000,0.000000,0.000000,c,13:00|call|gap>0.3%,780,-2.400000,-0.003276,137.350001,6580.000000
2025-10-13,1.000000,781,955,6642.300000,6633.400000,1.135816,0.003000,21.660000,-0.175391,-11.650000,c,13:00|call|gap>0.3%,780,-25.200000,-0.082755,143.800115,6500.000000
2025-10-15,1.000000,781,955,6628.800000,6633.300000,0.682517,0.003000,20.810000,0.331885,22.000000,c,13:00|call|gap>0.3%,780,-38.900000,0.010691,140.300079,6490.000000
2025-10-20,1.000000,781,955,6712.000000,6716.400000,0.452356,0.003000,20.780000,0.010429,0.700000,c,13:00|call|gap>0.3%,780,0.000000,0.009756,143.500063,6570.000000
2025-10-24,1.000000,781,955,6780.000000,6775.000000,0.729682,0.003000,17.300000,-0.132743,-9.000000,c,13:00|call|gap>0.3%,780,-12.200000,-0.056537,141.500001,6640.000000
2025-10-27,1.000000,781,955,6837.200000,6854.000000,0.830010,0.003000,16.370000,0.218657,14.950000,c,13:00|call|gap>0.3%,780,-5.300000,0.099495,138.700001,6700.000000
2025-10-31,1.000000,781,955,6805.800000,6828.900000,0.717542,0.003000,16.910000,0.213054,14.500000,c,13:00|call|gap>0.3%,780,-12.900000,0.136456,147.300000,6660.000000
2025-11-03,1.000000,781,955,6838.100000,6829.100000,0.533701,0.003000,17.440000,-0.064345,-4.400000,c,13:00|call|gap>0.3%,780,-13.400000,-0.085960,139.600003,6700.000000
2025-11-10,1.000000,781,955,6796.200000,6814.700000,0.941990,0.003000,19.080000,0.248668,16.900000,c,13:00|call|gap>0.3%,780,-2.100000,0.112563,137.700031,6660.000000
2025-11-20,1.000000,781,955,6577.200000,6532.050000,1.549013,0.003000,23.660000,-0.805814,-53.000000,c,13:00|call|gap>0.3%,780,-58.300000,-0.347156,138.700904,6440.000000
2025-11-21,1.000000,781,955,6599.300000,6584.950000,0.352534,0.003000,26.420000,-0.118194,-7.800000,c,13:00|call|gap>0.3%,780,-30.300000,-0.123250,140.804092,6460.000000
2025-11-24,1.000000,781,955,6692.000000,6696.850000,0.530228,0.003000,23.430000,-0.056784,-3.800000,c,13:00|call|gap>0.3%,780,-13.200000,0.012888,143.500593,6550.000000
2025-11-26,1.000000,781,955,6812.300000,6802.400000,0.388889,0.003000,18.560000,-0.233401,-15.900000,c,13:00|call|gap>0.3%,780,-16.000000,-0.089708,143.800006,6670.000000
2025-12-15,1.000000,781,955,6802.800000,6809.300000,0.578615,0.003000,15.740000,0.063944,4.350000,c,13:00|call|gap>0.3%,780,-7.500000,0.024255,144.300000,6660.000000
2025-12-18,1.000000,781,955,6783.700000,6771.550000,0.917445,0.003000,17.620000,-0.273450,-18.550000,c,13:00|call|gap>0.3%,780,-30.200000,-0.104339,145.200001,6640.000000
2025-12-19,1.000000,781,955,6805.150000,6801.400000,0.309553,0.003000,16.870000,0.000735,0.050000,c,13:00|call|gap>0.3%,780,-8.850000,-0.046028,146.650000,6660.000000
2025-12-22,1.000000,781,955,6851.400000,6847.900000,0.500353,0.003000,14.910000,-0.062761,-4.300000,c,13:00|call|gap>0.3%,780,-9.300000,-0.045486,142.900000,6710.000000
2026-01-02,1.000000,781,955,6813.500000,6823.500000,0.541199,0.003000,14.950000,0.290600,19.800000,c,13:00|call|gap>0.3%,780,-14.700000,0.048276,145.000000,6670.000000
2026-01-05,1.000000,781,955,6885.450000,6872.000000,0.465368,0.003000,14.510000,-0.118366,-8.150000,c,13:00|call|gap>0.3%,780,-13.800000,-0.111943,146.950000,6740.000000
2026-01-15,1.000000,781,955,6940.350000,6917.850000,0.576294,0.003000,16.750000,-0.267278,-18.550000,c,13:00|call|gap>0.3%,780,-27.550000,-0.179767,141.850001,6800.000000
2026-01-22,1.000000,781,955,6909.650000,6888.350000,0.658068,0.003000,16.900000,-0.290174,-20.050000,c,13:00|call|gap>0.3%,780,-33.650000,-0.172157,141.150001,6770.000000
2026-02-06,1.000000,781,955,6891.600000,6915.700000,0.589720,0.003000,21.770000,0.226363,15.600000,c,13:00|call|gap>0.3%,780,-5.500000,0.147447,143.100284,6750.000000
2026-02-11,1.000000,781,955,6928.500000,6924.450000,0.624901,0.003000,17.790000,-0.150105,-10.400000,c,13:00|call|gap>0.3%,780,-14.100000,-0.047000,150.000001,6780.000000
2026-02-12,1.000000,781,955,6828.300000,6815.500000,0.349807,0.003000,17.650000,-0.240177,-16.400000,c,13:00|call|gap>0.3%,780,-24.300000,-0.113019,139.800004,6690.000000
2026-02-25,1.000000,781,955,6926.600000,6933.500000,0.402985,0.003000,19.550000,0.063523,4.400000,c,13:00|call|gap>0.3%,780,-4.400000,0.026333,148.100017,6780.000000
2026-03-13,1.000000,781,955,6633.850000,6622.300000,0.478943,0.003000,27.290000,-0.163555,-10.850000,c,13:00|call|gap>0.3%,780,-20.150000,-0.107571,135.360947,6500.000000
2026-03-16,1.000000,781,955,6694.500000,6690.000000,0.922543,0.003000,27.190000,-0.071701,-4.800000,c,13:00|call|gap>0.3%,780,-14.500000,-0.055224,136.011086,6560.000000
2026-03-17,1.000000,781,955,6712.500000,6707.550000,0.508991,0.003000,23.510000,-0.074488,-5.000000,c,13:00|call|gap>0.3%,780,-7.700000,-0.055212,144.000626,6570.000000
2026-03-23,1.000000,781,955,6558.300000,6563.200000,1.477301,0.003000,26.780000,-0.070140,-4.600000,c,13:00|call|gap>0.3%,780,-14.900000,0.013555,139.804966,6420.000000
2026-03-25,1.000000,781,955,6577.800000,6565.550000,0.836650,0.003000,26.950000,-0.158108,-10.400000,c,13:00|call|gap>0.3%,780,-21.900000,-0.109514,139.305897,6440.000000
2026-03-30,1.000000,781,955,6356.000000,6323.500000,0.917923,0.003000,31.050000,-0.563247,-35.800000,c,13:00|call|gap>0.3%,780,-63.100000,-0.258317,137.525056,6220.000000
2026-03-31,1.000000,781,955,6471.900000,6498.350000,1.089364,0.003000,30.610000,0.452726,29.300000,c,13:00|call|gap>0.3%,780,-10.000000,0.175476,133.435329,6340.000000
2026-04-01,1.000000,781,955,6577.900000,6550.300000,0.609118,0.003000,25.250000,-0.396783,-26.100000,c,13:00|call|gap>0.3%,780,-41.100000,-0.219525,139.402328,6440.000000
2026-04-08,1.000000,781,955,6761.800000,6751.800000,2.604554,0.003000,25.780000,-0.026620,-1.800000,c,13:00|call|gap>0.3%,780,-33.500000,-0.090739,143.303231,6620.000000
2026-04-17,1.000000,781,955,7118.900000,7101.000000,0.674241,0.003000,17.940000,-0.257062,-18.300000,c,13:00|call|gap>0.3%,780,-28.900000,-0.138963,150.400003,6970.000000
2026-04-22,1.000000,781,955,7090.900000,7110.150000,0.742993,0.003000,19.500000,0.297564,21.100000,c,13:00|call|gap>0.3%,780,-0.700000,0.106627,152.400014,6940.000000
2026-04-24,1.000000,781,955,7137.100000,7140.700000,0.331023,0.003000,19.310000,0.036429,2.600000,c,13:00|call|gap>0.3%,780,-9.800000,0.004038,148.600023,6990.000000
2026-04-30,1.000000,781,955,7148.100000,7189.900000,0.432834,0.003000,18.810000,0.503630,36.000000,c,13:00|call|gap>0.3%,780,-0.300000,0.259358,149.600011,7000.000000
2026-05-01,1.000000,781,955,7221.400000,7210.800000,0.394621,0.003000,16.890000,-0.228488,-16.500000,c,13:00|call|gap>0.3%,780,-16.550000,-0.088947,152.900000,7070.000000
2026-05-05,1.000000,781,955,7234.700000,7234.700000,0.518041,0.003000,18.290000,0.038702,2.800000,c,13:00|call|gap>0.3%,780,-3.300000,-0.020520,146.200013,7090.000000
2026-05-06,1.000000,781,955,7307.500000,7345.500000,0.594819,0.003000,17.380000,0.413274,30.200000,c,13:00|call|gap>0.3%,780,0.000000,0.234899,149.000003,7160.000000
2026-05-08,1.000000,781,955,7370.100000,7372.050000,0.470931,0.003000,17.080000,0.071912,5.300000,c,13:00|call|gap>0.3%,780,-8.750000,-0.006926,151.600001,7220.000000
2026-05-22,1.000000,781,955,7475.700000,7457.400000,0.465862,0.003000,16.760000,-0.254157,-19.000000,c,13:00|call|gap>0.3%,780,-26.100000,-0.135496,157.200000,7320.000000
2026-06-08,1.000000,781,955,7414.700000,7392.900000,0.800054,0.003000,21.510000,-0.301428,-22.350000,c,13:00|call|gap>0.3%,780,-32.700000,-0.158772,156.200184,7260.000000
2026-06-09,1.000000,781,955,7269.700000,7365.200000,0.564773,0.003000,18.920000,1.389328,101.000000,c,13:00|call|gap>0.3%,780,-5.600000,0.611772,151.200015,7120.000000
2026-06-11,1.000000,781,955,7268.100000,7378.300000,0.443783,0.003000,22.220000,1.494201,108.600000,c,13:00|call|gap>0.3%,780,-15.100000,0.716572,149.600501,7120.000000
2026-06-12,1.000000,781,955,7416.800000,7418.300000,0.416175,0.003000,19.440000,-0.001348,-0.100000,c,13:00|call|gap>0.3%,780,-16.050000,-0.009476,158.300016,7260.000000
2026-06-15,1.000000,781,955,7557.800000,7537.900000,1.365837,0.003000,17.680000,-0.136283,-10.300000,c,13:00|call|gap>0.3%,780,-23.800000,-0.143754,159.300002,7400.000000
2026-06-18,1.000000,781,955,7465.200000,7477.100000,1.159232,0.003000,18.440000,0.030810,2.300000,c,13:00|call|gap>0.3%,780,-13.100000,0.056796,156.700007,7310.000000
2026-06-25,1.000000,781,955,7328.900000,7324.050000,0.760923,0.003000,18.630000,0.060036,4.400000,c,13:00|call|gap>0.3%,780,-15.600000,-0.052194,150.400014,7180.000000
2026-06-29,1.000000,781,955,7388.700000,7403.650000,0.995407,0.003000,18.410000,0.269330,19.900000,c,13:00|call|gap>0.3%,780,-0.100000,0.079560,150.200013,7240.000000
2026-07-15,1.000000,781,955,7519.400000,7544.500000,0.303881,0.003000,16.500000,0.376360,28.300000,c,13:00|call|gap>0.3%,780,-1.600000,0.137352,160.900000,7360.000000
2026-07-20,1.000000,781,955,7450.700000,7418.800000,0.505866,0.003000,18.770000,-0.391909,-29.200000,c,13:00|call|gap>0.3%,780,-35.100000,-0.229304,152.200019,7300.000000
2026-07-21,1.000000,781,955,7487.700000,7483.000000,0.560534,0.003000,18.650000,-0.082135,-6.150000,c,13:00|call|gap>0.3%,780,-8.150000,-0.048367,159.200006,7330.000000
2026-07-27,1.000000,781,955,7370.600000,7388.300000,0.812018,0.003000,18.580000,0.242857,17.900000,c,13:00|call|gap>0.3%,780,-11.800000,0.096647,152.100012,7220.000000
2026-07-30,1.000000,781,955,7397.600000,7411.700000,0.884768,0.003000,20.660000,0.252785,18.700000,c,13:00|call|gap>0.3%,780,-4.900000,0.069767,159.100053,7240.000000
2026-07-31,1.000000,781,955,7448.400000,7481.850000,0.411930,0.003000,17.090000,0.261801,19.500000,c,13:00|call|gap>0.3%,780,-2.850000,0.190432,159.900000,7290.000000
2026-08-03,1.000000,781,955,7561.100000,7576.600000,0.361547,0.003000,15.990000,0.212932,16.100000,c,13:00|call|gap>0.3%,780,-1.050000,0.076876,162.600000,7400.000000
2026-08-04,1.000000,781,955,7705.600000,7714.800000,0.384047,0.003000,15.860000,0.071377,5.500000,c,13:00|call|gap>0.3%,780,0.000000,0.039465,157.100000,7550.000000
2026-08-05,1.000000,781,955,7718.800000,7713.600000,0.622479,0.003000,16.500000,-0.270767,-20.900000,c,13:00|call|gap>0.3%,780,-23.500000,-0.051154,160.300000,7560.000000
2026-08-07,1.000000,781,955,7719.000000,7729.450000,0.307036,0.003000,15.150000,0.156108,12.050000,c,13:00|call|gap>0.3%,780,-10.100000,0.046417,160.500000,7560.000000
2026-08-12,1.000000,781,955,7729.750000,7720.700000,0.546384,0.003000,15.280000,-0.056276,-4.350000,c,13:00|call|gap>0.3%,780,-9.650000,-0.074729,161.250000,7570.000000
2026-08-19,1.000000,781,955,7699.200000,7682.800000,0.390297,0.003000,15.840000,-0.107803,-8.300000,c,13:00|call|gap>0.3%,780,-17.000000,-0.120722,160.700000,7540.000000
2026-08-21,1.000000,781,955,7663.550000,7658.400000,0.441898,0.003000,16.010000,-0.093299,-7.150000,c,13:00|call|gap>0.3%,780,-12.950000,-0.052564,155.050000,7510.000000
2026-08-25,1.000000,781,955,7657.200000,7659.600000,0.348386,0.003000,15.850000,0.009142,0.700000,c,13:00|call|gap>0.3%,780,-10.300000,-0.003781,158.700000,7500.000000
2026-08-27,1.000000,781,955,7720.500000,7710.000000,0.332271,0.003000,15.210000,-0.112687,-8.700000,c,13:00|call|gap>0.3%,780,-28.600000,-0.083333,162.000000,7560.000000
2026-09-03,1.000000,781,955,7727.500000,7729.350000,0.361376,0.003000,15.200000,0.060822,4.700000,c,13:00|call|gap>0.3%,780,-6.150000,-0.007233,159.000000,7570.000000
2026-09-11,1.000000,781,955,7657.250000,7645.950000,0.877459,0.003000,17.840000,-0.206993,-15.850000,c,13:00|call|gap>0.3%,780,-16.850000,-0.090079,158.750004,7500.000000
