date,S1_MEANREV,S2_TSMOM,S3_XSMOM,S5_VOLMGD,S6_STREV,S8_BAB,S12_GAPUP,S13_VOLTS
2006-01-03,0.00000000,0.00000000,0.00000000,0.00000000,0.00000000,0.00000000,0.00000000,
2006-01-04,0.00000000,0.00000000,0.00000000,0.00000000,-0.00000000,0.00000000,0.00000000,
2006-01-05,0.00000000,0.00000000,0.00000000,0.00000000,0.00000000,0.00000000,0.00000000,
2006-01-06,0.00000000,0.00000000,0.00000000,0.00000000,-0.00000000,0.00000000,0.00000000,
2006-01-09,0.00000000,0.00000000,0.00000000,0.00000000,-0.00000000,0.00000000,0.00000000,
2006-01-10,0.00000000,0.00000000,0.00000000,0.00000000,0.00000000,-0.00000000,0.00000000,
2006-01-11,0.00000000,0.00000000,0.00000000,0.00000000,-0.00000000,0.00000000,0.00000000,
2006-01-12,0.00000000,0.00000000,0.00000000,-0.00000000,0.00000000,-0.00000000,0.00000000,
2006-01-13,0.00000000,0.00000000,0.00000000,-0.00000000,0.00000000,-0.00000000,0.00000000,
2006-01-17,0.00000000,0.00000000,0.00000000,-0.00000000,-0.00000000,-0.00000000,0.00000000,
2006-01-18,0.00000000,0.00000000,0.00000000,-0.00000000,-0.00000000,-0.00000000,0.00000000,
2006-01-19,0.00000000,0.00000000,0.00000000,0.00000000,0.00000000,-0.00000000,0.00000000,
2006-01-20,-0.00000000,0.00000000,0.00000000,-0.00000000,-0.00000000,-0.00000000,0.00000000,
2006-01-23,0.00000000,0.00000000,0.00000000,0.00000000,0.00000000,-0.00000000,0.00000000,
2006-01-24,0.00000000,0.00000000,0.00000000,0.00000000,-0.00000000,-0.00000000,0.00000000,
2006-01-25,0.00000000,0.00000000,0.00000000,0.00000000,-0.00000000,0.00000000,0.00000000,
2006-01-26,0.00000000,0.00000000,0.00000000,0.00000000,-0.00000000,0.00000000,0.00000000,
2006-01-27,0.00000000,0.00000000,0.00000000,0.00000000,-0.00000000,-0.00000000,0.00000000,
2006-01-30,0.00000000,0.00000000,0.00000000,-0.00000000,-0.00000000,-0.00000000,0.00000000,
2006-01-31,0.00000000,0.00000000,0.00000000,-0.00000000,-0.00000000,0.00000000,0.00000000,
2006-02-01,0.00000000,0.00000000,0.00000000,0.00000000,-0.00000000,0.00000000,0.00000000,
2006-02-02,0.00000000,0.00000000,0.00000000,-0.00000000,0.00000000,-0.00000000,0.00000000,
2006-02-03,0.00000000,0.00000000,0.00000000,-0.00000000,-0.00000000,-0.00000000,0.00000000,
2006-02-06,0.00000000,0.00000000,0.00000000,0.00000000,0.00000000,-0.00000000,0.00000000,
2006-02-07,0.00000000,0.00000000,0.00000000,-0.00000000,-0.00000000,0.00000000,0.00000000,
2006-02-08,0.00000000,0.00000000,0.00000000,0.00000000,0.00000000,-0.00000000,0.00000000,
2006-02-09,0.00000000,0.00000000,0.00000000,-0.00000000,0.00000000,0.00000000,0.00000000,
2006-02-10,0.00000000,0.00000000,0.00000000,0.00000000,-0.00000000,0.00000000,0.00000000,
2006-02-13,-0.00000000,0.00000000,0.00000000,-0.00000000,-0.00000000,0.00000000,0.00000000,
2006-02-14,0.00000000,0.00000000,0.00000000,0.00000000,0.00000000,0.00000000,0.00000000,
2006-02-15,0.00000000,0.00000000,0.00000000,0.00000000,-0.00000000,0.00000000,0.00000000,
2006-02-16,0.00000000,0.00000000,0.00000000,0.00000000,0.00000000,-0.00000000,0.00000000,
2006-02-17,0.00000000,0.00000000,0.00000000,-0.00000000,-0.00000000,0.00000000,0.00000000,
2006-02-21,0.00000000,0.00000000,0.00000000,-0.00000000,0.00000000,-0.00000000,0.00000000,
2006-02-22,0.00000000,0.00000000,0.00000000,0.00000000,-0.00000000,0.00000000,0.00000000,
2006-02-23,0.00000000,0.00000000,0.00000000,-0.00000000,0.00000000,-0.00000000,0.00000000,
2006-02-24,0.00000000,0.00000000,0.00000000,0.00000000,0.00000000,-0.00000000,0.00000000,
2006-02-27,0.00000000,0.00000000,0.00000000,0.00000000,-0.00000000,0.00000000,0.00000000,
2006-02-28,0.00000000,-0.00000000,-0.00000000,-0.00000000,0.00000000,-0.00000000,0.00000000,
2006-03-01,0.00000000,0.00000000,0.00000000,0.00000000,0.00000000,-0.00000000,0.00000000,
2006-03-02,0.00000000,-0.00000000,0.00000000,-0.00000000,-0.00000000,-0.00000000,0.00000000,
2006-03-03,0.00000000,-0.00000000,-0.00000000,-0.00000000,0.00000000,0.00000000,0.00000000,
2006-03-06,0.00000000,-0.00000000,-0.00000000,-0.00000000,0.00000000,0.00000000,0.00000000,
2006-03-07,0.00000000,-0.00000000,-0.00000000,-0.00000000,0.00000000,0.00000000,0.00000000,
2006-03-08,0.00000000,0.00000000,-0.00000000,0.00000000,-0.00000000,0.00000000,0.00000000,
2006-03-09,0.00000000,0.00000000,0.00000000,-0.00000000,-0.00000000,-0.00000000,0.00000000,
2006-03-10,0.00000000,0.00000000,0.00000000,0.00000000,0.00000000,0.00000000,0.00000000,
2006-03-13,0.00000000,0.00000000,-0.00000000,0.00000000,0.00000000,-0.00000000,0.00000000,
2006-03-14,0.00000000,0.00000000,0.00000000,0.00000000,0.00000000,0.00000000,0.00000000,
2006-03-15,0.00000000,0.00000000,0.00000000,0.00000000,-0.00000000,0.00000000,0.00000000,
2006-03-16,0.00000000,0.00000000,-0.00000000,0.00000000,0.00000000,-0.00000000,0.00000000,
2006-03-17,0.00000000,0.00000000,0.00000000,-0.00000000,-0.00000000,0.00000000,-0.00000000,
2006-03-20,0.00000000,-0.00000000,-0.00000000,-0.00000000,0.00000000,0.00000000,0.00000000,
2006-03-21,0.00000000,-0.00000000,-0.00000000,-0.00000000,0.00000000,-0.00000000,0.00000000,
2006-03-22,0.00000000,0.00000000,0.00000000,0.00000000,0.00000000,-0.00000000,0.00000000,
2006-03-23,-0.00000000,-0.00000000,-0.00000000,-0.00000000,0.00000000,-0.00000000,0.00000000,
2006-03-24,0.00000000,0.00000000,-0.00000000,0.00000000,-0.00000000,-0.00000000,0.00000000,
2006-03-27,-0.00000000,-0.00000000,-0.00000000,-0.00000000,-0.00000000,-0.00000000,0.00000000,
2006-03-28,-0.00000000,-0.00000000,-0.00000000,-0.00000000,0.00000000,-0.00000000,0.00000000,
2006-03-29,0.00000000,0.00000000,0.00000000,0.00000000,-0.00000000,0.00000000,0.00000000,
2006-03-30,0.00000000,0.00432130,0.00822167,-0.00203375,-0.00043629,-0.00157885,0.00000000,
2006-03-31,0.00000000,-0.00202902,-0.00112294,0.00029400,0.00286405,0.00408903,0.00000000,
2006-04-03,0.00000000,0.00613764,0.01295508,-0.00103985,-0.00507412,-0.00170427,-0.02299220,
2006-04-04,0.00000000,0.00203738,-0.00155707,0.00883498,-0.00065358,0.00307029,0.00000000,
2006-04-05,0.00000000,0.01048042,0.00387074,0.00473829,-0.00457288,-0.00643695,0.00000000,
2006-04-06,0.00000000,0.00241320,0.00595062,-0.00146649,-0.00743895,-0.00796074,0.00000000,
2006-04-07,0.00000000,-0.01722111,-0.00820127,-0.01389040,0.00192728,-0.00370228,0.00000000,
2006-04-10,0.00000000,-0.00166733,-0.00104299,0.00189207,-0.00010030,-0.00325303,0.00000000,
2006-04-11,0.00000000,-0.00729380,-0.00989558,-0.01136648,0.00325401,-0.00932592,0.00000000,
2006-04-12,0.00000000,0.00030905,0.00446219,0.00224518,0.00145378,-0.00198178,0.00000000,
2006-04-13,-0.00276140,-0.00489949,0.00126262,-0.00182416,-0.00171433,0.00108708,0.00000000,
2006-04-17,-0.00081250,0.00605364,0.00499533,-0.00055471,-0.00653293,-0.00815927,0.00000000,
2006-04-18,0.03315634,0.03089083,0.02311501,0.02259357,0.00415535,0.00143605,0.01402106,
2006-04-19,0.00000000,0.01050387,0.01177468,0.00202583,-0.01413910,-0.00334545,0.00000000,
2006-04-20,0.00000000,-0.00857976,-0.01417749,0.00150129,0.01533916,0.00940888,0.00000000,
2006-04-21,0.00000000,0.00820057,0.00819581,0.00016466,-0.00898648,-0.00716626,-0.00894841,
2006-04-24,0.00000000,-0.00624847,-0.00829003,-0.00213073,0.00939037,0.00134529,0.00000000,
2006-04-25,0.00000000,-0.00263522,0.00525145,-0.00480580,-0.00065507,-0.00108378,0.00000000,
2006-04-26,0.00000000,0.00694169,0.00973186,0.00026211,-0.00248454,0.00784584,0.00000000,
2006-04-27,0.00000000,-0.00025901,-0.00834403,0.00559326,0.00451807,0.01252431,0.00000000,
2006-04-28,0.00000000,0.00619899,0.00484432,0.00398294,-0.00055794,0.00021637,0.00000000,
2006-05-01,0.00000000,-0.00297991,0.00825328,-0.00992859,-0.00591566,-0.01870550,0.00000000,
2006-05-02,0.00000000,0.00691065,0.00741298,0.00864987,-0.00629118,-0.00276752,0.00018290,
2006-05-03,0.00000000,-0.00155284,-0.00106119,-0.00411190,-0.00018701,0.00237201,0.00000000,
2006-05-04,0.00000000,0.00714822,0.00480203,0.00388380,-0.00425417,0.00782940,0.00000000,
2006-05-05,0.00000000,0.01381064,0.00833628,0.00989951,-0.00782156,0.00656939,0.01017565,
2006-05-08,0.00000000,0.00138162,0.00119176,-0.00129989,-0.00063872,-0.00042276,0.00000000,
2006-05-09,0.00000000,0.00607885,0.00835237,0.00209871,-0.00443562,-0.00939451,0.00000000,
2006-05-10,0.00000000,-0.00310551,-0.00481950,-0.00063831,0.00537789,-0.00673269,0.00000000,
2006-05-11,0.00000000,-0.01316875,-0.00751691,-0.01411510,0.00686402,-0.00313773,0.00000000,
2006-05-12,0.00000000,-0.01415654,-0.00980173,-0.01396026,-0.01072437,0.00697919,0.00000000,
2006-05-15,0.00529484,-0.00688014,-0.01651802,0.00180967,0.00937242,0.02015412,0.00000000,
2006-05-16,-0.00384419,0.00154984,-0.00115544,-0.00134572,-0.00016375,0.00051459,0.00000000,
2006-05-17,-0.04963698,-0.02246921,-0.01692836,-0.01743414,-0.02267021,-0.00929408,0.00000000,
2006-05-18,0.00000000,-0.00453268,-0.00884012,-0.00419242,-0.00908331,0.00041154,0.00000000,
2006-05-19,0.00000000,0.00188430,0.00034386,0.00587300,0.00397714,0.00044035,0.00018954,
2006-05-22,-0.01387223,-0.01434946,-0.01816320,-0.00610235,-0.01039436,0.00114795,0.00000000,
2006-05-23,-0.01331877,-0.00312663,-0.00036618,-0.00595127,-0.00535218,-0.00779630,-0.02937559,
2006-05-24,0.01351336,-0.00282673,-0.00771879,0.00610805,-0.00405101,0.00273719,0.00000000,
2006-05-25,0.02009341,0.01429249,0.01356079,0.00912905,0.01888392,-0.00230450,0.01320814,
2006-05-26,0.00762829,0.00650096,0.00515981,0.00346966,0.00436293,0.00069155,0.00000000,
2006-05-30,0.00000000,-0.01256717,-0.01270423,-0.01209842,-0.00080425,-0.00720771,0.00000000,
2006-05-31,0.00000000,0.00263149,0.00426421,0.00681641,0.00138056,0.00286026,0.00000000,
2006-06-01,0.00000000,0.00634548,0.00460760,0.00559551,-0.01396291,0.00617977,0.00000000,
2006-06-02,0.00000000,0.00610734,0.00081851,0.00138368,0.00095610,0.00141724,0.00953642,
2006-06-05,0.00000000,-0.00962141,-0.01089196,-0.00855787,0.00024001,-0.00310527,0.00000000,
2006-06-06,0.00000000,-0.00695239,-0.00634758,-0.00133550,-0.00563624,0.00279006,0.00000000,
2006-06-07,0.00000000,-0.00626517,-0.00830306,-0.00429627,-0.00246999,0.01506362,0.00000000,
2006-06-08,0.00000000,-0.00794294,-0.01130267,-0.00049662,-0.01231810,0.00098398,0.00000000,
2006-06-09,0.00000000,-0.00010259,-0.00459007,-0.00186046,-0.00786522,0.00017172,0.00000000,
2006-06-12,0.00000000,-0.00992510,-0.00890685,-0.00637872,-0.01631315,0.00214583,-0.03103780,
2006-06-13,0.00000000,-0.01756652,-0.01858684,-0.00683144,-0.01758702,-0.00227732,0.00000000,
2006-06-14,0.00000000,0.00622242,0.01047985,0.00456475,0.01137864,-0.01575738,0.00000000,
2006-06-15,0.00000000,0.01926358,0.02070453,0.01213814,0.02925981,0.00969119,0.03021973,
2006-06-16,0.00000000,-0.00303675,-0.00172424,-0.00575043,0.00377028,0.00028209,0.00000000,
2006-06-19,0.00000000,-0.00717102,-0.00648946,-0.00407151,-0.00085673,0.00856693,-0.01142875,
2006-06-20,0.00000000,0.00144694,0.00379474,0.00173935,-0.00020844,0.00515422,0.00000000,
2006-06-21,0.00000000,0.00901217,0.00845071,0.00383503,-0.00972229,-0.00577473,0.00000000,
2006-06-22,0.00000000,-0.00413951,-0.00187831,-0.00225849,0.00227431,-0.00760977,0.00000000,
2006-06-23,0.00000000,-0.00128351,0.00001409,-0.00008458,-0.00117893,-0.00617783,0.00000000,
2006-06-26,0.00000000,0.00279501,0.00260951,0.00236036,-0.00177371,0.00568592,0.00000000,
2006-06-27,0.00000000,-0.00556859,-0.00732936,-0.00478977,0.00250816,-0.00442505,0.00000000,
2006-06-28,0.00000000,0.00449542,0.00688239,0.00372727,0.00138164,0.00080415,0.00000000,
2006-06-29,0.00000000,0.01901189,0.01630907,0.01174755,0.00060096,-0.00318289,0.03576340,
2006-06-30,0.00000000,0.00385690,0.00264837,0.00003288,-0.00071466,-0.00228784,0.00000000,
2006-07-03,0.00000000,0.00687768,0.00760302,0.00221595,-0.01027042,0.00108773,0.00000000,
2006-07-05,0.00000000,-0.00621583,-0.00627210,-0.00308818,0.00605828,-0.00578419,0.00000000,
2006-07-06,0.00000000,0.00401576,0.00303829,0.00168942,-0.00255539,-0.00030668,0.00000000,
2006-07-07,0.00000000,-0.00228168,-0.00456096,-0.00379045,0.00496012,0.00248030,0.00000000,
2006-07-10,0.00000000,0.00275583,0.00177984,0.00112505,0.00026147,0.01182832,-0.00359210,
2006-07-11,0.00000000,0.00235210,0.00247774,0.00262229,-0.00156874,-0.00973189,0.00000000,
2006-07-12,0.00000000,-0.00450159,-0.00591006,-0.00633410,-0.00921045,-0.00516035,0.00000000,
2006-07-13,0.00000000,-0.00864784,-0.00835186,-0.00958358,-0.00976499,-0.00716812,0.00000000,
2006-07-14,0.00000000,-0.00403439,-0.00290080,-0.00235712,-0.00184686,-0.00788993,0.00000000,
2006-07-17,0.00000000,-0.00414686,-0.00686464,-0.00089678,-0.00217111,0.01184375,0.00000000,
2006-07-18,0.00000000,0.00207951,0.00133950,0.00363588,0.00269167,-0.00569142,0.00000000,
2006-07-19,0.00000000,0.01222446,0.00917918,0.01023428,0.01233896,0.01357566,0.00272131,
2006-07-20,0.00000000,-0.00561440,-0.00666020,-0.00471580,-0.00254888,0.00446169,0.00000000,
2006-07-21,0.00000000,-0.00509984,-0.00191191,-0.00476998,0.00191666,0.00592530,0.00000000,
2006-07-24,0.00000000,0.00947382,0.00697843,0.01231276,-0.00080585,0.00458332,0.00000000,
2006-07-25,0.00000000,0.00213120,0.00189909,0.00210890,-0.00265511,-0.00202270,0.00000000,
2006-07-26,0.00000000,0.00073055,-0.00046466,0.00079818,0.00138740,-0.00149802,0.00000000,
2006-07-27,0.00000000,0.00227724,0.00446669,-0.00057342,0.00223618,-0.00793138,-0.01376899,
2006-07-28,0.00000000,0.00742105,0.00509914,0.00631586,-0.00566630,0.00663247,-0.00161558,
2006-07-31,0.00000000,-0.00177594,-0.00136076,-0.00062851,0.00224175,-0.01064385,0.00000000,
2006-08-01,0.00000000,-0.00260739,-0.00083612,-0.00348418,-0.00134212,-0.00251714,0.00000000,
2006-08-02,0.00000000,0.00313019,0.00428086,0.00478565,-0.00595206,0.00342751,0.00000000,
2006-08-03,0.00000000,0.00089591,-0.00140078,0.00184708,0.00369093,0.00779051,0.00000000,
2006-08-04,0.00000000,0.00305574,-0.00049129,-0.00120883,-0.00152449,0.00912764,-0.00394286,
2006-08-07,0.00000000,-0.00355944,-0.00259919,-0.00137494,-0.00710391,-0.00571474,0.00000000,
2006-08-08,0.00000000,-0.00270803,-0.00075995,-0.00312687,0.00391063,0.00086028,0.00000000,
2006-08-09,0.00000000,-0.00100918,0.00165985,-0.00256981,-0.00093166,-0.01056447,-0.01569312,
2006-08-10,0.00000000,0.00095888,0.00068891,0.00234310,0.00111864,0.01393505,0.00000000,
2006-08-11,0.00000000,-0.00388546,-0.00262618,-0.00226083,-0.00086188,0.00313843,0.00000000,
2006-08-14,0.00000000,0.00164581,0.00050799,0.00074664,0.00275117,0.00688614,-0.01258515,
2006-08-15,0.00000000,0.00762038,0.00457354,0.01195868,-0.00285170,0.00861018,0.00357355,
2006-08-16,0.00000000,0.00384904,0.00276782,0.00772867,-0.00462225,0.00576763,0.00432771,
2006-08-17,0.00000000,-0.00148957,-0.00299171,0.00232798,-0.00845520,0.00774435,0.00000000,
2006-08-18,0.00000000,0.00116996,-0.00048517,0.00507080,0.00045734,-0.00347241,0.00000000,
2006-08-21,0.00000000,0.00132474,-0.00060924,-0.00450523,0.00965328,-0.00780383,0.00000000,
2006-08-22,0.00000000,0.00027588,-0.00141710,-0.00009076,0.00046741,-0.00309415,0.00000000,
2006-08-23,0.00000000,-0.00462963,-0.00428910,-0.00386861,-0.00567973,0.00109381,0.00000000,
2006-08-24,0.00000000,-0.00105101,-0.00129124,-0.00121068,0.00181251,-0.00346231,0.00393212,
2006-08-25,0.00000000,0.00016638,-0.00079349,0.00177455,-0.00014304,-0.00603667,0.00000000,
2006-08-28,0.00000000,0.00353376,0.00124883,0.00697086,0.00481162,0.00990760,0.00000000,
2006-08-29,0.00000000,0.00213530,0.00157450,0.00177175,0.00039323,0.00331164,0.00000000,
2006-08-30,0.00000000,0.00132508,-0.00026445,0.00098796,0.00137430,0.00366213,0.00000000,
2006-08-31,0.00000000,0.00120145,0.00035740,-0.00027516,0.00164902,0.00577712,0.00000000,
2006-09-01,0.00000000,0.00214017,0.00552455,0.01064170,-0.00318271,-0.00162920,-0.00128750,
2006-09-05,0.00000000,0.00546981,0.00607037,0.00321642,-0.00642774,-0.00271870,0.00000000,
2006-09-06,0.00000000,-0.00775236,-0.00751553,-0.01513677,0.00678815,0.00491155,0.00000000,
2006-09-07,0.00000000,-0.00553911,-0.00591275,-0.00684262,0.00523244,-0.00198995,0.00000000,
2006-09-08,0.00000000,0.00168025,-0.00074140,0.00422348,-0.00158535,0.00918441,0.00000000,
2006-09-11,0.00000000,-0.00678142,-0.00724970,0.00150727,-0.02201881,0.01281047,0.00000000,
2006-09-12,0.00000000,0.00649181,0.00370696,0.01569211,-0.00560882,0.01211707,0.00000000,
2006-09-13,0.00000000,0.00317948,0.00148563,0.00587963,0.00338584,-0.00123452,0.00000000,
2006-09-14,0.00000000,-0.00246061,-0.00341636,0.00010968,-0.01014115,0.00328047,0.00000000,
2006-09-15,0.00000000,0.00064397,0.00277685,-0.00342155,0.00075879,0.00037332,0.00101893,
2006-09-18,0.00000000,0.00262810,0.00168242,0.00237747,0.00823068,-0.01018633,0.00000000,
2006-09-19,0.00000000,-0.00447604,-0.00522615,-0.00442447,-0.00142828,0.00679311,0.00000000,
2006-09-20,0.00000000,0.00140332,-0.00063720,0.00949404,-0.00300045,0.01108793,-0.00213131,
2006-09-21,0.00000000,-0.00427587,-0.00918257,-0.00855442,0.00224526,-0.00309007,0.00000000,
2006-09-22,0.00000000,-0.00210677,-0.00097093,-0.00510495,-0.00407673,0.00307426,0.00000000,
2006-09-25,0.00000000,0.00242764,-0.00168757,0.01279218,0.00329847,0.00856098,0.00000000,
2006-09-26,0.00000000,0.00324692,0.00169981,0.01319996,0.00911227,-0.00173695,0.00000000,
2006-09-27,0.00000000,0.00692414,0.00553481,0.00172394,0.00533616,-0.00408253,0.00000000,
2006-09-28,0.00000000,0.00145065,0.00034452,-0.00055573,-0.00105886,0.00325983,0.00000000,
2006-09-29,0.00000000,-0.00174018,-0.00138463,-0.00121750,0.00015181,0.00308197,0.00000000,
2006-10-02,0.00000000,0.00180148,0.00259647,-0.00550937,0.00136691,0.00240887,0.00000000,
2006-10-03,0.00000000,-0.00334803,-0.00168391,0.00301256,0.01205807,0.01471282,0.00000000,
2006-10-04,0.00000000,0.00963128,0.00341739,0.01724123,-0.00048136,0.00802773,0.00000000,
2006-10-05,0.00000000,0.00537290,0.00622846,0.00237030,0.00302353,-0.00413709,0.00000000,
2006-10-06,0.00000000,-0.00452892,0.00107586,-0.00179940,0.00417303,-0.00339729,0.00000000,
2006-10-09,0.00000000,0.00151540,0.00296406,0.00088692,0.00022534,0.00283119,0.00000000,
2006-10-10,0.00000000,0.00257509,0.00589467,0.00202608,-0.00299942,-0.00336829,0.00000000,
2006-10-11,0.00000000,-0.00254163,-0.00123819,-0.00180269,0.00165654,0.00206210,0.00000000,
2006-10-12,0.00000000,0.01076579,0.00908080,0.01427127,-0.00774381,-0.00024593,0.00000000,
2006-10-13,0.00000000,0.00503343,0.01028800,0.00392584,-0.00638164,-0.00465006,0.00000000,
2006-10-16,0.00000000,0.00518487,0.00227578,0.00238997,-0.00534393,-0.00844481,0.00000000,
2006-10-17,0.00000000,-0.00694571,-0.00649248,-0.00504409,0.00759615,0.00187580,0.00000000,
2006-10-18,0.00000000,0.00428078,0.00332717,0.00210724,0.00070006,0.00485125,-0.00092206,
2006-10-19,0.00000000,0.00267235,0.00244187,0.00263247,-0.00666259,-0.00818366,0.00000000,
2006-10-20,0.00000000,0.00003667,-0.00287900,0.00035988,0.00437010,0.00719689,0.00000000,
2006-10-23,0.00000000,0.00238767,0.00349807,0.00811160,0.00087584,0.00688076,0.00000000,
2006-10-24,0.00000000,0.00107790,-0.00173807,0.00540276,0.00533362,0.00287460,0.00000000,
2006-10-25,0.00000000,0.00652672,0.00271228,0.00648607,-0.00001927,-0.00861953,0.00000000,
2006-10-26,0.00000000,0.00826968,0.00218686,0.00639003,0.00170564,0.01175165,0.00667244,
2006-10-27,0.00000000,-0.00877838,-0.01035001,-0.01290007,0.00712429,-0.00577529,0.00000000,
2006-10-30,0.00000000,0.00269762,0.00037642,-0.00132296,0.00465016,0.00295254,0.00000000,
2006-10-31,0.00000000,0.00210223,-0.00164592,-0.00025740,-0.00034429,-0.00585984,0.00000000,
2006-11-01,0.00000000,-0.00152977,-0.00166703,-0.01252261,-0.00333535,-0.00231810,0.00000000,
2006-11-02,0.00000000,-0.00401369,-0.00811540,-0.00097565,0.00021249,0.00226515,0.00000000,
2006-11-03,-0.00526393,-0.00568264,0.00455443,-0.00351197,0.00150067,-0.00747515,0.00568365,
2006-11-06,0.03383624,0.00732858,0.00726403,0.02184124,-0.00087233,0.01207465,0.00000000,
2006-11-07,0.00000000,0.00078940,-0.00955967,0.00566885,0.00308610,0.00716515,0.00000000,
2006-11-08,0.00000000,0.00015936,-0.00427543,0.00318652,0.00445584,-0.00043996,0.00000000,
2006-11-09,0.00000000,-0.00124655,0.00326314,-0.00788572,0.00016484,-0.00572012,0.00000000,
2006-11-10,0.00000000,0.00185571,-0.00089646,0.00059963,0.00869245,0.00696700,0.00000000,
2006-11-13,0.00000000,-0.00173525,-0.00141740,0.00375677,-0.00334577,0.00346448,0.00000000,
2006-11-14,0.00000000,0.00880094,0.00701821,0.01156159,0.00646301,0.01021815,0.00000000,
2006-11-15,0.00000000,-0.00087718,0.00536621,0.00406792,-0.00262128,0.00305561,0.00000000,
2006-11-16,0.00000000,-0.00275365,0.00075469,0.00373585,-0.00100455,0.01116702,0.00000000,
2006-11-17,0.00000000,-0.00135130,-0.00358441,0.00041528,0.00552663,-0.00725700,0.00000000,
2006-11-20,0.00000000,0.00430337,0.01501973,0.00083147,-0.00619098,0.00041000,0.00000000,
2006-11-21,0.00000000,0.00834209,0.01165317,0.00145554,0.00247232,-0.00187618,0.00000000,
2006-11-22,0.00000000,0.00547671,0.00199053,0.00296352,0.00069865,0.00168183,0.00000000,
2006-11-24,0.00000000,0.00059543,0.00275890,-0.00605503,-0.00353649,-0.00186270,0.00000000,
2006-11-27,0.00000000,-0.01109481,-0.01921283,-0.01982431,0.00538559,-0.01219159,0.00000000,
2006-11-28,0.00000000,0.00648392,0.00181423,0.00458295,0.00325312,0.00288276,0.00000000,
2006-11-29,0.03129046,0.01098837,0.01120578,0.01147852,0.00246577,0.00281093,0.00000000,
2006-11-30,0.00000000,0.00624933,0.00332059,0.00040733,-0.00500985,-0.00042994,0.00000000,
2006-12-01,0.00000000,-0.00329716,-0.00272308,-0.00227624,-0.00213207,0.00110368,0.00000000,
2006-12-04,0.00000000,0.00788592,0.01051124,0.00827162,0.00509685,0.00705587,0.00000000,
2006-12-05,0.00000000,0.00033195,0.00227100,0.00450087,-0.00221120,-0.00190552,0.00000000,
2006-12-06,0.00000000,-0.00285277,-0.00377583,-0.00088615,-0.00081080,-0.00258584,0.00000000,
2006-12-07,0.00000000,-0.00220512,-0.00511558,-0.00509083,0.00217117,0.00055550,0.00000000,
2006-12-08,0.00000000,-0.00426410,0.00372971,0.00207285,-0.00229510,0.00206076,0.00000000,
2006-12-11,0.00000000,0.00461119,0.00031427,0.00327335,-0.00037437,0.00264532,0.00000000,
2006-12-12,0.00000000,-0.00030254,-0.00625798,-0.00091847,-0.00362988,0.00403917,0.00000000,
2006-12-13,0.00000000,-0.00353351,0.00530493,0.00123572,0.00312320,0.00054584,0.00080679,
2006-12-14,0.00000000,0.00233295,0.00809062,0.01036838,0.00573674,0.00202872,0.00000000,
2006-12-15,0.00000000,-0.00505911,-0.00145261,-0.00625187,-0.00569683,-0.00228184,-0.00403277,
2006-12-18,0.00000000,-0.00290703,-0.00462061,-0.00304793,0.00309199,-0.00010634,0.00000000,
2006-12-19,0.00000000,0.00115044,-0.00353272,0.00209940,0.00342792,0.00223199,0.00000000,
2006-12-20,0.00000000,-0.00349114,-0.00677732,-0.00063210,0.00484189,0.00546612,0.00000000,
2006-12-21,0.00000000,-0.00490817,-0.00725232,-0.00418480,-0.00228403,0.00218722,0.00000000,
2006-12-22,0.00000000,-0.00458431,-0.00050701,-0.00688437,0.00143873,-0.00318191,0.00000000,
2006-12-26,0.00000000,0.00365927,0.00595257,0.00631799,0.00086510,0.00670686,0.00000000,
2006-12-27,0.01970617,0.01117214,0.01646678,0.00693016,0.00770512,-0.00090797,0.00000000,
2006-12-28,0.00000000,0.00208270,0.00319717,-0.00267861,-0.00037988,-0.00360897,0.00000000,
2006-12-29,0.00000000,-0.00002953,-0.00097554,-0.00517520,-0.00027603,-0.00276541,0.00000000,
2007-01-03,0.00000000,-0.00086167,0.00065303,-0.00249563,0.00693259,0.01470438,0.00000000,
2007-01-04,0.00000000,-0.00544878,-0.01008182,0.00294712,0.00088520,-0.00038314,0.00000000,
2007-01-05,0.00000000,-0.02356397,-0.01591428,-0.01114805,0.01747707,-0.01809382,0.00000000,
2007-01-06,,,,,,0.00000000,,
2007-01-07,,,,,,0.00000000,,
2007-01-08,0.00000000,0.00000000,0.00000000,0.00000000,0.00000000,0.00091672,0.00000000,
2007-01-09,-0.00000000,-0.00000000,-0.00000000,-0.00000000,-0.00000000,0.00271215,0.00000000,
2007-01-10,0.00000000,0.00000000,0.00000000,0.00000000,-0.00000000,-0.00033179,0.00000000,
2007-01-11,0.00000000,0.00000000,0.00000000,0.00000000,0.00000000,0.00893505,0.00000000,
2007-01-12,0.00000000,0.00000000,0.00000000,0.00000000,0.00000000,-0.00307323,0.00000000,
2007-01-16,0.00000000,0.00000000,0.00000000,-0.00000000,-0.00000000,0.00602396,0.00000000,
2007-01-17,0.00000000,0.00000000,0.00000000,0.00000000,-0.00000000,-0.00473983,0.00000000,
2007-01-18,0.00000000,-0.00000000,-0.00000000,-0.00000000,0.00000000,0.00709268,0.00000000,
2007-01-19,0.00000000,0.00000000,0.00000000,0.00000000,-0.00000000,0.00025321,0.00000000,
2007-01-22,0.00000000,-0.00000000,-0.00000000,-0.00000000,0.00000000,-0.00472257,0.00000000,
2007-01-23,0.00000000,0.00000000,0.00000000,0.00000000,-0.00000000,-0.00453497,0.00000000,
2007-01-24,0.00000000,0.00000000,0.00000000,0.00000000,0.00000000,0.00383583,0.00000000,
2007-01-25,0.00000000,-0.00000000,-0.00000000,-0.00000000,0.00000000,-0.00642392,0.00000000,
2007-01-26,0.00000000,0.00000000,0.00000000,-0.00000000,-0.00000000,-0.00232875,0.00000000,
2007-01-29,0.00000000,-0.00000000,-0.00000000,-0.00000000,0.00000000,0.00195297,0.00000000,
2007-01-30,0.00000000,0.00000000,0.00000000,0.00000000,-0.00000000,-0.00022039,0.00000000,
2007-01-31,0.00000000,0.00000000,0.00000000,0.00000000,-0.00000000,0.00481278,0.00000000,
2007-02-01,0.00000000,0.00000000,0.00000000,0.00000000,0.00000000,0.01120465,0.00000000,
2007-02-02,0.00000000,-0.00000000,0.00000000,0.00000000,-0.00000000,0.00644681,0.00000000,
2007-02-05,0.00000000,-0.00000000,0.00000000,0.00000000,-0.00000000,0.00190848,0.00000000,
2007-02-06,0.00000000,0.00000000,0.00000000,-0.00000000,-0.00000000,0.01005341,0.00000000,
2007-02-07,0.00000000,0.00000000,0.00000000,0.00000000,-0.00000000,0.00328214,0.00000000,
2007-02-08,0.00000000,0.00000000,-0.00000000,-0.00000000,0.00000000,-0.00286226,0.00000000,
2007-02-09,0.00000000,-0.00000000,-0.00000000,-0.00000000,0.00000000,-0.00464471,0.00000000,
2007-02-12,0.00000000,-0.00000000,-0.00000000,-0.00000000,0.00000000,-0.00065380,0.00000000,
2007-02-13,0.00000000,0.00000000,0.00000000,0.00000000,0.00000000,0.00472337,0.00000000,
2007-02-14,0.00000000,0.00000000,-0.00000000,0.00000000,-0.00000000,-0.00123770,0.00000000,
2007-02-15,0.00000000,0.00000000,0.00000000,0.00000000,-0.00000000,0.00405509,0.00000000,
2007-02-16,0.00000000,0.00000000,-0.00000000,-0.00000000,0.00000000,0.00088378,0.00000000,
2007-02-20,0.00000000,0.00000000,-0.00000000,0.00000000,-0.00000000,0.01359724,0.00000000,
2007-02-21,0.00000000,0.00000000,0.00000000,-0.00000000,0.00000000,-0.00749270,0.00000000,
2007-02-22,0.00000000,0.00000000,0.00000000,-0.00000000,-0.00000000,-0.00328969,0.00000000,
2007-02-23,0.00000000,0.00000000,-0.00000000,-0.00000000,-0.00000000,-0.00839933,0.00000000,
2007-02-26,0.00000000,0.00000000,-0.00000000,-0.00000000,-0.00000000,-0.00341754,0.00000000,
2007-02-27,0.00000000,-0.00000000,-0.00000000,-0.00000000,0.00000000,-0.02753248,0.00000000,
2007-02-28,0.00000000,0.00000000,0.00000000,0.00000000,0.00000000,-0.00079418,0.00000000,
2007-03-01,0.00000000,-0.00000000,-0.00000000,-0.00000000,-0.00000000,-0.00293450,0.00000000,
2007-03-02,0.00000000,-0.00000000,-0.00000000,-0.00000000,-0.00000000,-0.00733298,0.00000000,
2007-03-05,0.00000000,-0.00000000,-0.00000000,-0.00000000,-0.00000000,-0.01292641,0.00000000,
2007-03-06,0.00000000,0.00000000,0.00000000,0.00000000,0.00000000,0.01277684,0.00000000,
2007-03-07,-0.00000000,-0.00000000,-0.00000000,-0.00000000,-0.00000000,-0.00379153,0.00000000,
2007-03-08,0.00000000,0.00000000,0.00000000,0.00000000,0.00000000,0.00384771,-0.00000000,
2007-03-09,0.00000000,-0.00000000,0.00000000,0.00000000,0.00000000,0.00266600,-0.00000000,
2007-03-12,0.00000000,0.00000000,0.00000000,0.00000000,-0.00000000,0.00457806,0.00000000,
2007-03-13,0.00000000,-0.00000000,-0.00000000,-0.00000000,0.00000000,-0.01558508,0.00000000,
2007-03-14,0.00000000,0.00000000,0.00000000,0.00000000,0.00000000,-0.00241793,0.00000000,
2007-03-15,0.00000000,0.00000000,0.00000000,0.00000000,-0.00000000,0.00686254,0.00000000,
2007-03-16,0.00000000,-0.00000000,-0.00000000,-0.00000000,-0.00000000,0.00026587,-0.00000000,
2007-03-19,0.00000000,0.00000000,0.00000000,0.00000000,0.00000000,0.00899906,0.00000000,
2007-03-20,0.00000000,0.00000000,0.00000000,0.00000000,0.00000000,0.00534722,0.00000000,
2007-03-21,0.00000000,0.00000000,0.00000000,0.00000000,-0.00000000,0.01227368,0.00000000,
2007-03-22,0.00000000,-0.00000000,0.00000000,-0.00000000,-0.00000000,-0.00072486,0.00000000,
2007-03-23,0.00000000,-0.00000000,0.00000000,0.00000000,-0.00000000,0.00288471,0.00000000,
2007-03-26,0.00000000,0.00000000,-0.00000000,-0.00000000,-0.00000000,-0.00443241,0.00000000,
2007-03-27,0.00000000,-0.00000000,-0.00000000,-0.00000000,0.00000000,-0.00593904,0.00000000,
2007-03-28,0.00000000,-0.00000000,-0.00000000,-0.00000000,0.00000000,-0.00757937,0.00000000,
2007-03-29,0.00000000,0.00000000,0.00000000,0.00000000,0.00000000,0.00118881,0.00000000,
2007-03-30,0.00000000,-0.00000000,0.00000000,0.00000000,0.00000000,0.00182066,0.00000000,
2007-04-02,0.00000000,-0.00000000,0.00000000,0.00000000,0.00000000,0.00325947,0.00000000,
2007-04-03,0.00000000,0.00000000,0.00000000,0.00000000,-0.00000000,0.00820040,0.00000000,
2007-04-04,0.00294103,0.00283340,-0.00080602,0.00053013,0.00017849,-0.00314093,0.00000000,
2007-04-05,0.00716667,0.00001579,0.00220171,0.00141496,-0.00246936,0.00131882,0.00000000,
2007-04-09,0.00000000,-0.00397382,0.00246368,0.00072944,-0.00413137,0.00192627,0.00000000,
2007-04-10,0.00000000,0.00496089,0.00244129,0.00063189,-0.00331837,0.00113174,0.00000000,
2007-04-11,0.00000000,-0.00332866,-0.00532488,-0.00220715,0.00265668,-0.00669309,0.00000000,
2007-04-12,0.00000000,0.00241547,0.00186851,0.00239622,-0.00290677,-0.00163482,0.00000000,
2007-04-13,0.00000000,0.00186915,0.00563919,0.00308639,-0.00483237,0.00152677,0.00000000,
2007-04-16,0.00000000,0.00347854,0.00223898,0.00657324,-0.00079959,0.00833429,0.00220739,
2007-04-17,0.00000000,0.00264149,0.00115950,0.00175576,0.00587598,0.00376167,0.00000000,
2007-04-18,0.00000000,0.00159803,-0.00255852,0.00086259,0.00067376,0.00092384,0.00000000,
2007-04-19,0.00000000,-0.00212510,-0.00234817,-0.00022416,0.00201473,-0.00110301,0.00000000,
2007-04-20,0.00000000,0.00354793,0.00433901,0.00739875,0.00485834,0.00584439,0.01131463,
2007-04-23,0.00000000,0.00112505,-0.00206817,-0.00353567,0.00191361,0.00011363,0.00000000,
2007-04-24,0.00000000,0.00040760,-0.00222549,0.00036773,-0.00416796,-0.00075979,0.00000000,
2007-04-25,0.00000000,0.00193037,0.00275105,0.00844881,0.00525185,0.01060585,0.01326345,
2007-04-26,0.00000000,-0.00464174,-0.00034247,0.00096947,-0.00404775,0.00001716,0.00000000,
2007-04-27,0.00000000,0.00071414,-0.00200534,-0.00071336,0.00099543,-0.00293423,0.00000000,
2007-04-30,0.00000000,-0.00009891,-0.00880053,-0.00824477,-0.00453039,-0.00710749,0.00000000,
2007-05-01,0.00000000,-0.00439731,0.00120233,-0.00045707,-0.00085885,0.00210728,0.00000000,
2007-05-02,0.00000000,0.00229308,0.00675892,0.00760043,0.00491657,0.00132261,0.00000000,
2007-05-03,0.00000000,0.00039979,0.00215767,0.00433787,0.00395381,0.00082158,0.00000000,
2007-05-04,0.00000000,0.00344577,0.00130603,0.00322610,-0.00403050,-0.00298543,0.00115592,
2007-05-07,0.00000000,0.00076969,0.00085885,0.00016908,0.00090839,0.00685095,0.00000000,
2007-05-08,0.00000000,-0.00289241,-0.00337122,-0.00112450,0.00328499,0.00042393,0.00000000,
2007-05-09,0.00000000,0.00071698,0.00587637,0.00229729,-0.00174621,-0.00227054,0.00000000,
2007-05-10,0.00000000,-0.00457353,-0.00126923,-0.00884799,0.01125059,-0.00327089,0.00000000,
2007-05-11,0.00000000,0.00421683,0.00175829,0.00638155,0.00876773,0.00225888,0.00000000,
2007-05-14,0.00000000,-0.00336318,-0.00209874,-0.00158615,0.00087681,-0.00078375,0.00000000,
2007-05-15,0.00000000,-0.00159765,-0.00332935,0.00018954,0.00208739,-0.00031532,0.00000000,
2007-05-16,0.00000000,0.00000220,0.00559326,0.00516955,-0.00187695,-0.00207873,0.00000000,
2007-05-17,0.00000000,-0.00484241,-0.00519896,-0.00145746,-0.00693137,-0.00214613,0.00000000,
2007-05-18,0.00000000,-0.00186536,-0.00042201,0.00634414,-0.00320942,0.00173635,0.00153725,
2007-05-21,0.00000000,0.00210609,-0.00272728,-0.00036912,0.00015859,0.00318130,0.00000000,
2007-05-22,0.00000000,-0.00386289,0.00238871,-0.00058059,0.00338730,0.00337377,0.00000000,
2007-05-23,0.00000000,-0.00095833,-0.00127065,0.00009476,-0.00062100,-0.00421856,0.00000000,
2007-05-24,0.00000000,-0.01082970,-0.00993865,-0.01189528,0.00722384,-0.00549083,0.00000000,
2007-05-25,0.00000000,0.00380569,0.00361919,0.00516755,0.00256945,-0.00393821,0.00710317,
2007-05-29,0.01087745,0.00265626,0.00494718,0.00444533,-0.00096696,0.00801838,0.00000000,
2007-05-30,0.02443510,0.00613634,0.00764926,0.01016544,0.00198582,0.00069798,0.00000000,
2007-05-31,0.00000000,0.00278164,-0.00338772,-0.00135917,0.00097986,0.00117167,0.00000000,
2007-06-01,0.00000000,0.00119158,0.01031844,0.00653271,-0.01056629,-0.00428484,0.00308835,
2007-06-04,0.00000000,0.00587310,-0.00074878,0.00016676,-0.00061355,0.00636108,0.00000000,
2007-06-05,0.00000000,-0.00841324,-0.00298629,-0.00550425,0.00335093,-0.00930726,0.00000000,
2007-06-06,0.00000000,-0.00966169,-0.01122008,-0.01455088,0.00954325,-0.00912308,0.00000000,
2007-06-07,0.00000000,-0.03079496,-0.00688916,-0.02084046,-0.00529723,-0.01861336,0.00000000,
2007-06-08,0.03903421,0.00559511,0.01270103,0.01149765,0.01270151,0.00752863,0.00000000,
2007-06-11,0.00447202,0.00386866,0.00282812,0.00136821,-0.00110744,0.00510380,0.00000000,
2007-06-12,-0.02830775,-0.02402111,-0.00666678,-0.00922701,-0.01165511,-0.00924071,0.00000000,
2007-06-13,0.03306309,0.01903026,0.00696164,0.01214305,0.01053762,-0.00358234,0.02854478,
2007-06-14,0.01181140,0.00574218,0.00618650,0.00462489,-0.00906081,-0.00992871,0.00000000,
2007-06-15,0.00000000,0.01533639,0.00495364,0.00098149,-0.00158075,0.00298086,-0.00238545,
2007-06-18,0.00000000,-0.00119188,0.00153627,-0.00086485,-0.00674783,-0.00299296,0.00000000,
2007-06-19,0.00000000,0.00503878,-0.00154168,0.00182501,0.00575689,-0.00356246,0.00000000,
2007-06-20,0.00000000,-0.01313110,-0.00541074,-0.01047582,0.00295601,-0.01493720,0.00000000,
2007-06-21,0.00000000,0.00225279,0.00647660,0.00378345,0.00491806,-0.00651952,0.00000000,
2007-06-22,0.00000000,-0.00338295,-0.01081282,-0.00634362,-0.00436971,-0.00647824,0.00000000,
2007-06-25,0.00000000,-0.00627564,-0.00543490,-0.00311639,-0.01241849,-0.00244921,0.00000000,
2007-06-26,0.00000000,-0.01088559,-0.01258834,-0.00679329,-0.01123267,0.00573452,-0.01961124,
2007-06-27,0.00000000,0.00567192,0.00512072,0.00907955,0.01087896,0.00470229,0.00000000,
2007-06-28,0.00000000,0.00048574,0.00188025,-0.00008621,0.00536591,0.00029306,0.00000000,
2007-06-29,0.00000000,0.00690321,-0.00311140,0.00019994,-0.00257535,-0.00742504,0.00000000,
2007-07-02,0.00000000,0.00942819,0.01355497,0.00550889,0.01263035,0.00647051,0.01185724,
2007-07-03,0.00000000,-0.00065445,0.00465551,0.00215523,-0.00278159,0.00527069,0.00000000,
2007-07-05,0.00000000,-0.00163894,0.00406152,-0.00062262,-0.00633781,-0.00046375,0.01339568,
2007-07-06,0.00000000,0.00410078,0.00496948,0.00312250,-0.00920311,0.00001802,0.00000000,
2007-07-09,0.00000000,0.00423090,0.00199384,0.00007673,-0.00214892,-0.01271500,0.00000000,
2007-07-10,0.00000000,0.00016757,-0.01747041,-0.00940055,0.01338499,-0.01288852,0.00000000,
2007-07-11,0.00000000,0.00056888,0.00763023,0.00471326,-0.00242394,-0.00006574,0.00000000,
2007-07-12,0.00000000,0.00869612,0.01324427,0.01044305,-0.00809125,0.00743598,0.02202695,
2007-07-13,0.00000000,0.00408250,0.00030079,0.00187357,0.00036322,-0.00122189,0.00000000,
2007-07-16,0.00000000,-0.00389354,-0.00613523,-0.00009575,0.00741466,-0.00120860,0.00000000,
2007-07-17,0.00000000,-0.00212561,0.00022297,-0.00035386,-0.00299777,-0.00656811,0.00000000,
2007-07-18,0.00000000,0.00503212,-0.00454488,-0.00125691,0.00486458,-0.00523899,0.00000000,
2007-07-19,0.00000000,0.00349022,0.00449606,0.00271011,-0.00623492,0.00069769,-0.00139130,
2007-07-20,0.00000000,-0.00072346,-0.00782589,-0.00703733,-0.00648730,-0.01564359,0.00000000,
2007-07-23,0.00000000,0.00056011,0.00621367,0.00223870,-0.00132217,-0.00019988,-0.00897204,
2007-07-24,0.00000000,-0.01088199,-0.01390485,-0.01280280,-0.00249392,-0.01995308,0.00000000,
2007-07-25,0.00000000,-0.00270280,-0.00203717,0.00132798,-0.00110304,0.00163682,0.00809203,
2007-07-26,-0.04628605,-0.01605740,-0.02529726,-0.01604963,-0.01449159,-0.01399039,0.00000000,
2007-07-27,0.00000000,-0.00965420,-0.00855329,-0.01092543,-0.01578904,-0.02488777,0.00000000,
2007-07-30,0.00000000,0.00864849,0.00945012,0.00836089,0.01516935,-0.00247042,0.00000000,
2007-07-31,-0.01577701,0.00054514,-0.00565655,-0.00558476,-0.00594223,-0.01484676,-0.06038882,
2007-08-01,0.00000000,-0.00601690,0.00159279,0.00235532,0.00216776,0.01053877,0.00000000,
2007-08-02,0.00000000,0.00370655,0.00275351,0.00391877,0.00533565,-0.00103320,0.00000000,
2007-08-03,0.00000000,-0.00684095,-0.01151902,-0.01241197,0.00589418,-0.01546379,0.00000000,
2007-08-06,0.00000000,0.00050057,0.00427880,0.00704364,0.00367514,0.02641088,0.02552289,
2007-08-07,0.00000000,0.00292552,-0.00002833,0.00431937,0.00331969,0.00053875,0.00000000,
2007-08-08,0.00000000,0.00763616,0.00385343,0.00557708,0.00014663,-0.00053862,0.00538129,
2007-08-09,0.00000000,-0.01939564,-0.01533901,-0.01167850,0.01383376,-0.02063911,0.00000000,
2007-08-10,0.00000000,-0.00439811,-0.00165959,-0.00163229,-0.00005443,0.00227042,0.00000000,
2007-08-13,0.00000000,-0.00201488,-0.00152730,0.00131153,0.00035044,0.00334619,-0.00814777,
2007-08-14,0.00000000,-0.00789138,-0.00672081,-0.00558468,-0.00321073,-0.00928266,0.00000000,
2007-08-15,0.00000000,-0.01253181,-0.00896811,-0.00500194,-0.01975782,0.00097654,0.00000000,
2007-08-16,0.00000000,-0.00794946,-0.00552270,0.00268877,-0.00806287,0.01097999,0.00000000,
2007-08-17,0.00000000,0.00843088,0.00454741,0.00645278,0.01073593,0.00688726,0.01017675,
2007-08-20,0.00000000,0.00286068,-0.00021681,-0.00016352,0.00467484,-0.00199995,0.00000000,
2007-08-21,0.00000000,0.00005653,-0.00112331,0.00067651,-0.00136963,0.00101296,0.00000000,
2007-08-22,0.00000000,0.00999877,0.00963963,0.00402651,0.01269526,0.00247938,0.00920126,
2007-08-23,0.00000000,0.00262608,0.00245571,-0.00030199,-0.00015332,0.00076158,0.00862461,
2007-08-24,0.00000000,0.01055179,0.00335418,0.00426957,-0.00646640,0.00074065,0.00000000,
2007-08-27,0.00000000,-0.00232407,-0.00170682,-0.00333941,0.00571925,-0.00574547,0.00000000,
2007-08-28,0.00000000,-0.00934209,-0.00667568,-0.00823674,0.01136494,-0.01009922,0.00000000,
2007-08-29,0.00000000,0.01008176,0.00087263,0.00705971,-0.00551086,0.00507679,0.02008592,
2007-08-30,0.00000000,-0.00185058,-0.00352937,-0.00091883,0.00380705,-0.00566684,0.00000000,
2007-08-31,0.00000000,0.00809807,0.00299427,0.00347342,0.00479146,0.00340245,-0.00782081,
2007-09-04,0.00000000,0.00220133,0.00536571,0.00374313,0.00389727,0.00236356,0.00000000,
2007-09-05,0.00000000,-0.00070836,-0.00569087,-0.00354580,0.00824835,-0.00162524,0.00000000,
2007-09-06,0.00000000,0.00247333,0.00116807,0.00095672,-0.00675901,-0.00134912,0.00000000,
2007-09-07,0.00000000,0.00446077,-0.00299442,-0.00596289,0.00582577,-0.00367811,0.00000000,
2007-09-10,0.00000000,0.00244459,0.00107966,-0.00084499,-0.00452364,-0.00282855,0.00638016,
2007-09-11,0.00000000,0.00708739,0.00769239,0.00594044,0.00730350,0.00091896,0.00766737,
2007-09-12,0.00000000,0.00153955,0.00187505,0.00127937,0.00036685,-0.00486692,0.00000000,
2007-09-13,0.00000000,-0.00296448,0.00201379,0.00349790,0.00202038,-0.00119495,-0.00308124,
2007-09-14,0.00000000,-0.00149801,-0.00150529,-0.00003995,0.00159799,-0.00174879,0.00000000,
2007-09-17,0.00000000,0.00192410,-0.00263079,-0.00302685,0.00070185,-0.00729064,0.00000000,
2007-09-18,0.00000000,0.01395912,0.01240709,0.01646586,-0.01410819,0.00512874,0.03136157,
2007-09-19,0.00000000,0.00111322,0.00349090,0.00284199,-0.00600865,0.00549508,-0.00317265,
2007-09-20,0.00000000,-0.00017349,0.01035254,-0.00340352,0.00249135,-0.00637671,0.00000000,
2007-09-21,0.00000000,0.00416731,-0.00054537,-0.00097598,-0.00080697,-0.00007861,-0.00395991,
2007-09-24,0.00000000,0.00017090,-0.00065494,-0.00091188,-0.00036032,-0.00303433,0.00000000,
2007-09-25,0.00000000,-0.00248968,0.00064180,-0.00097618,0.00262080,-0.00009674,0.00000000,
2007-09-26,0.00000000,0.00177815,-0.00036461,0.00325867,-0.00137654,0.00711849,0.00047535,
2007-09-27,0.00000000,0.01257125,0.00377784,0.00243176,-0.00669085,0.00275913,0.00236285,
2007-09-28,0.00000000,0.00314621,0.00166647,-0.00197609,0.00119074,0.00423175,0.00000000,
2007-10-01,0.00000000,0.00257944,0.00979782,0.00712102,-0.00377747,-0.00081113,0.00000000,
2007-10-02,0.00000000,-0.00606161,-0.00719118,-0.00084143,0.00598334,-0.00024872,0.00000000,
2007-10-03,0.00000000,-0.00464118,-0.00569552,-0.00125770,0.00347718,0.00584230,0.00000000,
2007-10-04,0.00000000,0.00659376,0.00335055,0.00100849,0.00231160,-0.00361087,0.00000000,
2007-10-05,0.00000000,0.00380338,0.01108921,0.00800124,-0.00442515,0.00226029,0.00152189,
2007-10-08,0.00000000,-0.00975561,-0.00628821,-0.00353141,0.00256471,0.00107653,0.00000000,
2007-10-09,0.00000000,0.00700334,0.01003201,0.00667278,0.00388393,-0.00296978,0.00000000,
2007-10-10,0.00000000,0.00174196,-0.00109797,-0.00116254,0.00270258,-0.00547341,0.00000000,
2007-10-11,0.00000000,0.00301039,0.00435466,-0.00342108,-0.00141786,-0.00138651,-0.01665389,
2007-10-12,0.00000000,0.00229511,0.00811732,0.00385092,-0.00747239,-0.00186405,0.00000000,
2007-10-15,0.00000000,-0.00043315,-0.00006644,-0.00589902,-0.00473132,-0.00515698,0.00000000,
2007-10-16,0.00000000,-0.00398925,-0.00405655,-0.00537041,0.00159675,-0.00024363,0.00000000,
2007-10-17,0.00000000,0.00396107,-0.00338067,0.00202580,0.00403891,-0.00322997,0.00336449,
2007-10-18,0.00000000,0.00806526,0.00746895,-0.00364028,-0.00335568,-0.00667126,0.00000000,
2007-10-19,0.00000000,-0.00425021,-0.01532356,-0.02599645,-0.00365401,-0.00137964,0.00000000,
2007-10-22,0.00000000,-0.00469201,-0.00605092,0.00391172,0.00557561,0.00301291,0.00000000,
2007-10-23,0.02431248,0.00506685,0.00725066,0.00558743,0.01128454,0.00064710,0.01024839,
2007-10-24,0.00000000,0.00456560,0.00331394,-0.00126087,0.00013691,-0.00402092,0.00000000,
2007-10-25,0.00000000,0.00568148,0.00767866,0.00163387,0.00066545,0.00922642,0.00000000,
2007-10-26,0.00000000,0.00906925,0.01214450,0.00816702,0.00919577,-0.00932641,0.00777178,
2007-10-29,0.00000000,0.00851240,0.00718285,0.00219946,-0.00681053,-0.00867332,0.00000000,
2007-10-30,0.00000000,-0.00773284,-0.01170395,-0.00483022,0.01271624,0.00677101,0.00000000,
2007-10-31,0.00000000,0.00951649,0.01729045,0.00747023,-0.01975274,-0.00577093,0.00530568,
2007-11-01,0.00000000,-0.00900555,-0.01232371,-0.01616552,0.01543985,-0.00227849,0.00000000,
2007-11-02,0.00000000,0.01018251,0.01070271,0.00062415,-0.01048396,-0.00955866,0.00007757,
2007-11-05,0.00000000,-0.00646144,-0.00406093,-0.00451529,-0.00041328,-0.00036786,0.00000000,
2007-11-06,0.00000000,0.01313624,0.01398620,0.00822446,0.00403640,-0.01100661,0.01153247,
2007-11-07,0.00000000,-0.00512846,-0.00384866,-0.01572100,-0.00399852,-0.00779886,0.00000000,
2007-11-08,0.00000000,0.00338067,0.00308835,-0.00251415,-0.00039652,-0.00051379,0.00000000,
2007-11-09,0.00000000,-0.00378360,-0.00823716,-0.00680736,-0.00100327,-0.00330722,0.00000000,
2007-11-12,0.00000000,-0.02251858,-0.02613219,-0.00478451,-0.00258144,0.02354026,0.00000000,
2007-11-13,0.00000000,0.00737579,0.00627972,0.01490896,0.02450008,-0.00438357,0.02404352,
2007-11-14,0.00000000,0.00481273,0.00673709,-0.00111028,0.00690912,-0.01523723,-0.01496619,
2007-11-15,0.00000000,-0.00798539,-0.00988461,-0.00573515,-0.00967106,0.00285944,0.00000000,
2007-11-16,0.00000000,0.00441850,0.00588674,0.00066953,0.00421950,-0.00431122,0.00182264,
2007-11-19,0.00000000,-0.00352229,-0.00550564,-0.00542483,-0.00296518,-0.00025965,0.00000000,
2007-11-20,0.00000000,0.01266807,0.01025429,0.00252138,0.00566142,-0.01385745,0.00000000,
2007-11-21,0.00000000,-0.00576675,-0.00694542,-0.00844493,-0.01569986,-0.00406785,0.00000000,
2007-11-23,0.00000000,0.00798480,0.00301609,0.00693763,0.01093971,0.00023371,0.00000000,
2007-11-26,0.00000000,-0.00025333,-0.00783849,-0.00843855,-0.00948884,-0.00949624,0.00000000,
2007-11-27,0.00000000,-0.00331865,-0.00114076,0.00416198,0.01276935,0.00740253,0.00244950,
2007-11-28,0.00000000,0.00480485,0.00078486,0.01158827,0.00726302,0.00263992,0.01175989,
2007-11-29,0.00000000,-0.00180382,-0.00375862,0.00009911,-0.00176182,-0.00155733,0.00000000,
2007-11-30,0.00000000,-0.00283512,-0.00285867,0.00317387,-0.00712497,0.00788803,0.00197739,
2007-12-03,0.00000000,0.00153386,0.00202473,-0.00207795,0.00326064,-0.00544626,0.00000000,
2007-12-04,0.00000000,-0.00169183,0.00079709,-0.00295942,0.00741880,-0.00191415,0.00000000,
2007-12-05,0.00000000,-0.00236085,0.00185966,0.00549850,-0.01065881,0.00522493,0.00252854,
2007-12-06,0.00000000,0.00694550,0.00695432,0.00458522,-0.00325818,0.00506280,0.00000000,
2007-12-07,0.00000000,-0.00590929,-0.00142862,-0.00006342,-0.00017770,-0.00425547,0.00000000,
2007-12-10,0.00000000,0.00441875,0.00172452,0.00266296,-0.00393121,-0.00353849,0.00141989,
2007-12-11,0.00000000,-0.00463733,-0.00524943,-0.00942175,0.01613130,-0.00852491,0.00000000,
2007-12-12,0.00000000,0.00907152,0.01117663,0.00313796,-0.00769661,-0.00674604,-0.00111663,
2007-12-13,0.00000000,-0.01296718,-0.00193610,-0.00069631,0.00442825,0.00341902,0.00000000,
2007-12-14,0.00000000,-0.01197140,0.00066787,-0.00465627,-0.01123670,-0.00570329,0.00000000,
2007-12-17,0.00000000,-0.00515639,-0.00697244,-0.00513373,-0.01465402,0.00454622,0.00000000,
2007-12-18,0.00000000,0.00465982,-0.00008417,0.00200004,0.00636075,-0.00121134,0.01600553,
2007-12-19,0.00000000,0.00321873,0.00030384,-0.00000022,-0.00206834,-0.00928060,0.00000000,
2007-12-20,0.00000000,-0.00219916,0.00014842,0.00230003,-0.00110972,0.00103049,0.01128944,
2007-12-21,0.00000000,0.00526913,0.00614853,0.00330923,0.00874217,-0.00195749,0.00805150,
2007-12-24,0.00000000,-0.00039746,0.00081849,0.00284612,-0.00318035,0.00226954,0.00000000,
2007-12-26,0.00000000,0.00369358,0.00412665,0.00084145,-0.00293992,-0.00726409,0.00000000,
2007-12-27,0.00000000,0.00086616,0.00127121,-0.00545141,0.00536329,-0.00573898,0.00000000,
2007-12-28,0.00000000,0.00701955,-0.00033435,-0.00105861,-0.00099706,-0.00390033,0.00544419,
2007-12-31,0.00000000,-0.00218489,-0.00306007,-0.00371224,0.00384380,-0.00186833,0.00000000,
2008-01-02,0.00000000,0.01063885,0.00707373,-0.00431877,-0.01119920,-0.00895039,0.00000000,
2008-01-03,0.00000000,0.00283919,0.00572548,-0.00024457,-0.00270842,-0.00662392,0.00000000,
2008-01-04,0.00000000,-0.00750893,-0.00284852,-0.01245290,-0.00611026,-0.00447532,0.00000000,
2008-01-07,0.00000000,-0.00338575,-0.00376580,-0.00039500,0.00128870,0.01762098,-0.00688231,
2008-01-08,0.00000000,0.00290037,0.00709757,-0.00785108,-0.00832036,-0.00375784,-0.02614636,
2008-01-09,0.00000000,0.00048302,-0.00028143,0.00520488,0.00792327,0.00072665,0.00000000,
2008-01-10,0.00000000,0.00231760,0.00102337,0.00310774,0.00206618,0.00429116,0.00000000,
2008-01-11,0.00000000,0.00242511,0.00446464,-0.00385224,-0.00556514,0.00293547,0.00000000,
2008-01-14,0.00000000,0.00767458,0.00415067,0.00437731,0.00301932,-0.00281114,0.00735155,
2008-01-15,0.00000000,-0.00753179,-0.00492323,-0.01206849,0.00295836,0.00231690,0.00000000,
2008-01-16,0.00000000,-0.01169596,-0.00761703,-0.00423095,-0.00401833,0.01875220,0.00000000,
2008-01-17,0.00000000,-0.00141083,0.00038631,-0.01431500,-0.01113660,0.00145661,0.00000000,
2008-01-18,0.00000000,0.00103667,0.00197789,-0.00507270,0.00430156,-0.01040734,0.00041718,
2008-01-22,0.00000000,-0.00169004,-0.00147757,-0.00509694,-0.00623572,-0.01347793,0.00000000,
2008-01-23,0.00000000,-0.00564746,-0.01443752,0.01201716,-0.00038066,0.01074400,0.00000000,
2008-01-24,0.00000000,0.00760519,0.00757460,0.00359324,0.01492757,-0.01210356,0.00000000,
2008-01-25,0.00000000,0.00701694,0.00270882,-0.00625343,0.00128786,-0.01474102,-0.01232117,
2008-01-28,0.00000000,0.00488922,0.00133688,0.00720200,-0.00350141,0.01096235,0.00000000,
2008-01-29,0.00000000,-0.00083626,-0.00008416,0.00199727,0.00093642,-0.00016344,0.00514462,
2008-01-30,0.00000000,0.00012267,0.00411374,-0.00203916,0.00420829,0.00567863,0.00000000,
2008-01-31,0.00000000,0.00381106,-0.00438355,0.00670663,0.00064757,0.00318638,0.00000000,
2008-02-01,0.00000000,-0.00373396,-0.00955409,0.00642171,-0.00391213,0.00633336,0.01403442,
2008-02-04,0.00000000,-0.00120226,0.00457308,-0.00481744,0.00229129,0.00089996,0.00000000,
2008-02-05,0.00000000,-0.00917582,0.00247514,-0.01020871,0.01211306,-0.00031620,0.00000000,
2008-02-06,0.00000000,-0.00229793,0.00282379,-0.00310401,-0.00010130,-0.00061338,-0.01889048,
2008-02-07,0.00000000,-0.00422813,0.00421229,0.00253962,0.00170559,-0.00149040,0.00000000,
2008-02-08,0.00000000,0.01566522,0.01553178,-0.00251337,-0.00133284,-0.00306644,0.00000000,
2008-02-11,0.00000000,0.00770895,0.00563421,0.00203662,-0.00172935,-0.00608250,0.00000000,
2008-02-12,0.00000000,-0.00717622,-0.01384122,0.00391340,0.01117082,0.00629655,-0.00684155,
2008-02-13,0.00000000,0.00059533,0.00418679,0.00424616,-0.00515967,0.00102185,0.00783536,
2008-02-14,0.00000000,0.00105778,0.00531191,-0.00364089,-0.00020907,-0.00850118,0.00000000,
2008-02-15,0.00000000,0.00132816,-0.00275833,-0.00009976,0.00121470,-0.00112487,0.00000000,
2008-02-19,0.00000000,0.00919337,0.01442868,0.00123171,-0.00696854,-0.00155762,-0.01133696,
2008-02-20,0.00000000,0.00543964,0.00670114,0.00141627,0.00044106,-0.00574760,0.00000000,
2008-02-21,0.00000000,0.00272575,0.00070536,-0.00416338,0.00473379,-0.00507140,-0.01128937,
2008-02-22,0.00000000,0.00404371,0.00280730,0.00314126,-0.00334725,-0.00060286,0.02657254,
2008-02-25,0.00000000,0.00211572,-0.00207788,0.00713028,-0.00359354,0.00584926,0.00000000,
2008-02-26,0.00000000,0.01280969,0.00685408,0.00415350,-0.00548188,0.00137261,0.00000000,
2008-02-27,0.00000000,0.00510722,0.00255580,-0.00061340,-0.00184282,-0.00696951,0.00000000,
2008-02-28,0.00000000,0.01060500,0.00809024,-0.00616615,0.00258610,0.00321838,0.00000000,
2008-02-29,0.00000000,-0.00325556,-0.00383010,-0.01374912,0.01024014,-0.00966912,0.00000000,
2008-03-03,0.00000000,0.00504300,0.00848657,-0.00130989,-0.00066700,0.00384879,0.00000000,
2008-03-04,0.00000000,-0.01072304,-0.00699619,-0.00219710,-0.00041162,0.00014781,0.00000000,
2008-03-05,0.00000000,0.00982775,0.01342393,0.00391733,0.00201371,-0.01279812,-0.00190588,
2008-03-06,0.00000000,0.00033855,0.00080983,-0.01307434,-0.01151459,-0.00109461,0.00000000,
2008-03-07,0.00000000,-0.00477393,-0.00468927,-0.00678466,-0.00263239,0.00012989,0.00000000,
2008-03-10,0.00000000,0.00186182,0.00229135,-0.00857475,-0.00527076,0.00053059,0.00000000,
2008-03-11,0.00000000,0.00476312,-0.00421584,0.02319563,0.02083827,-0.01089325,0.02878566,
2008-03-12,0.00000000,0.01094580,0.00588253,-0.00418626,0.00255181,0.00038398,0.00000000,
2008-03-13,0.00000000,0.00388294,0.00700581,0.00097209,0.00335793,0.00228974,0.00000000,
2008-03-14,0.00000000,-0.00006840,0.00224426,-0.00694359,0.00011550,-0.00178260,-0.00169955,
2008-03-17,0.00000000,-0.01182552,-0.01384579,-0.00448108,0.00013491,-0.00240060,0.00000000,
2008-03-18,0.00000000,-0.00111783,-0.01180074,0.01835686,0.00948360,0.00305694,0.01475076,
2008-03-19,0.00000000,-0.01769267,-0.01406566,-0.00816237,-0.01069456,-0.00013721,-0.02190634,
2008-03-20,0.00000000,-0.01115507,-0.02053839,0.00418043,-0.01236437,0.00308620,0.00000000,
2008-03-24,0.00000000,-0.00365970,-0.00449810,0.00607055,0.00389421,0.00626443,-0.00542769,
2008-03-25,0.00000000,0.01328269,0.01207614,0.00028066,0.01069792,-0.00519875,0.00000000,
2008-03-26,0.00000000,0.00961095,0.01240296,-0.00359308,0.00617555,0.00437724,0.00000000,
2008-03-27,0.00000000,-0.00225813,-0.00048467,-0.00093169,0.00173961,0.00020615,0.00000000,
2008-03-28,0.00000000,-0.00261973,-0.00394978,-0.00284428,0.00375462,-0.01101096,-0.00833920,
2008-03-31,0.00000000,-0.00630709,-0.00910048,0.00103576,0.00544052,0.01383168,0.00000000,
2008-04-01,0.00000000,-0.01044721,-0.01460814,0.01045969,0.00724530,0.00653650,0.01056611,
2008-04-02,0.00000000,0.01020617,0.01010089,0.00017681,0.00375704,0.00017900,0.00000000,
2008-04-03,0.00000000,0.00231459,-0.00091988,0.00069909,-0.00248876,-0.00518028,0.00000000,
2008-04-04,0.00000000,0.00703264,0.00561652,-0.00030832,0.00282339,0.00289402,0.00000000,
2008-04-07,0.00000000,0.00048696,0.00180869,0.00014578,-0.00183623,0.00313651,-0.01067334,
2008-04-08,0.00000000,-0.00267235,0.00127692,-0.00030701,0.00177709,0.00460219,0.00000000,
2008-04-09,0.00000000,0.00750065,0.00957829,-0.00218975,-0.00569073,-0.00429430,0.00000000,
2008-04-10,0.00000000,-0.00251892,-0.00127961,0.00042863,0.00115185,0.00426298,0.00000000,
2008-04-11,0.00000000,-0.00002644,-0.00090200,-0.00665547,0.00077867,-0.00917485,0.00000000,
2008-04-14,0.00000000,0.00035043,0.00149275,-0.00114732,-0.00253684,0.00200626,0.00000000,
2008-04-15,0.00000000,0.00154868,0.00019654,0.00079322,0.00391834,-0.00390416,0.00595718,
2008-04-16,0.00000000,0.00756917,-0.00086051,0.00985355,0.00376942,-0.00117951,0.00425745,
2008-04-17,0.00000000,-0.00484372,-0.00129706,0.00049827,0.00209250,-0.00440732,0.00000000,
2008-04-18,0.00000000,-0.00373979,-0.00405224,0.00425016,-0.00179511,0.00439621,-0.00230945,
2008-04-21,0.00000000,0.00019948,-0.00053542,0.00022482,-0.00123781,-0.00921769,0.00000000,
2008-04-22,0.00000000,0.00223105,0.00259812,-0.00207412,0.00395037,-0.00054998,0.00000000,
2008-04-23,0.00000000,-0.00560365,-0.00484759,-0.00080130,-0.00396617,0.01433208,0.00000000,
2008-04-24,0.00000000,-0.01525268,-0.00789029,0.00219970,-0.00657237,0.00678751,0.00000000,
2008-04-25,0.00000000,0.00365953,0.00069416,0.00482654,0.00110620,-0.00713020,0.00914522,
2008-04-28,0.00000000,0.00065127,-0.00095628,0.00011087,-0.00019961,0.00568064,0.00000000,
2008-04-29,0.00000000,-0.00985757,-0.00555350,-0.00212282,-0.00618773,0.00643789,0.00000000,
2008-04-30,0.00000000,0.00805139,0.00480322,-0.00317570,0.00582493,-0.00477563,0.00000000,
2008-05-01,0.00000000,-0.00907020,-0.01028009,0.01466365,-0.00972790,0.00702936,0.00000000,
2008-05-02,0.00000000,0.00269617,0.00396333,0.00170333,0.00483690,-0.00529372,0.00177844,
2008-05-05,0.00000000,0.00734893,0.00519054,-0.00299547,0.00629700,-0.00397467,0.00000000,
2008-05-06,0.00000000,0.00459236,0.00354797,0.00534411,0.00064984,-0.00692235,0.00000000,
2008-05-07,0.00000000,-0.00412114,0.00108660,-0.01081796,0.00695079,-0.00158750,0.00000000,
2008-05-08,0.00000000,0.00950936,0.00376853,-0.00141157,-0.00207112,0.00629341,0.00124674,
2008-05-09,0.00000000,0.00370413,0.00334691,-0.00103105,-0.00233441,-0.00170547,0.00000000,
2008-05-12,0.00000000,0.00004710,-0.00222536,0.00619581,0.00476699,0.00534967,0.00000000,
2008-05-13,0.00000000,-0.00553635,-0.00102030,0.00007531,0.00190759,0.00142545,0.00000000,
2008-05-14,0.00000000,-0.00287086,-0.00375559,0.00124533,0.00208317,-0.00156989,-0.00717148,
2008-05-15,0.00000000,0.00802197,0.00174115,0.00754732,-0.00360611,-0.00632771,0.00000000,
2008-05-16,0.00000000,0.00829820,0.00746153,0.00061839,-0.00078587,-0.00183699,0.00000000,
2008-05-19,0.00000000,0.00045466,0.00021143,0.00192239,-0.00084796,0.00437193,0.00000000,
2008-05-20,0.00000000,0.00731034,0.00774547,-0.00587418,0.00246457,0.00426085,0.00000000,
2008-05-21,0.00000000,0.00383907,0.00699270,-0.01184147,-0.00471796,-0.00204517,0.00000000,
2008-05-22,0.00000000,-0.00813091,-0.00538870,0.00007636,0.00534060,0.00645870,0.00000000,
2008-05-23,0.00000000,0.00169231,0.00249751,-0.00831180,-0.00319171,-0.00415152,0.00000000,
2008-05-27,0.00000000,-0.00955267,-0.00721307,0.00433333,0.00569853,0.00775584,0.00000000,
2008-05-28,0.00000000,-0.00035236,0.00289303,0.00279744,0.00500258,-0.00477180,0.00000000,
2008-05-29,0.00000000,-0.01220562,-0.01043546,0.00302391,-0.00139498,0.01226327,0.00000000,
2008-05-30,0.00000000,0.00558093,0.00333164,0.00150090,0.00321106,-0.00256240,-0.00349915,
2008-06-02,0.00000000,0.00045265,0.00634768,-0.00628164,0.00591798,-0.00149820,0.00000000,
2008-06-03,0.00000000,-0.00619050,-0.00488581,-0.00401088,-0.00104469,-0.00057808,-0.01000830,
2008-06-04,0.00000000,-0.00610989,-0.00315790,-0.00034870,-0.00082534,0.01062778,0.00000000,
2008-06-05,0.00000000,0.00943739,0.00355864,0.01401971,0.01093198,0.00936240,0.00417880,
2008-06-06,0.00000000,0.00949902,0.01261908,-0.02143887,-0.00219847,-0.00251787,0.00000000,
2008-06-09,0.00000000,-0.00498803,-0.00090362,0.00125091,-0.00188435,0.00126847,-0.00577753,
2008-06-10,0.00000000,-0.01107358,-0.00497848,-0.00260428,-0.00213706,0.00088668,0.00000000,
2008-06-11,0.00000000,0.00655607,0.00903596,-0.00774985,-0.01127039,-0.00781602,0.00000000,
2008-06-12,0.00000000,-0.00760894,-0.00361787,0.00198528,0.00305526,-0.00558643,-0.00883878,
2008-06-13,0.00000000,-0.00090147,-0.00339737,0.00710543,0.00573712,0.00431550,0.01123530,
2008-06-16,0.00000000,0.00427656,0.00274085,0.00031761,0.00384071,-0.00451167,0.00000000,
2008-06-17,0.00000000,0.00501117,0.00419570,-0.00277321,0.00892165,0.00210118,-0.00570730,
2008-06-18,0.00000000,0.00469089,0.00436766,-0.00562512,-0.00106205,-0.01209217,0.00000000,
2008-06-19,0.00000000,-0.00690316,-0.00430171,0.00072336,0.00342121,0.00204166,0.00000000,
2008-06-20,0.00000000,0.00122773,0.00886370,-0.01215650,0.00535777,-0.00517210,0.00000000,
2008-06-23,0.00000000,-0.00037710,0.00075789,-0.00054028,-0.00227812,0.00013194,-0.00175775,
2008-06-24,0.00000000,0.00094574,0.00078305,-0.00132841,-0.00396741,-0.00131000,0.00000000,
2008-06-25,0.00000000,0.00202056,-0.00043231,0.00310541,0.00543625,0.01403509,-0.00546587,
2008-06-26,0.00000000,0.01026036,0.01713728,-0.01618911,-0.01427013,0.00249923,0.00000000,
2008-06-27,0.00000000,0.00609189,0.00397172,-0.00200470,-0.00447896,0.00454809,0.00000000,
2008-06-30,0.00000000,-0.00056147,-0.00126069,0.00143156,0.00194604,-0.00313393,0.00000000,
2008-07-01,0.00000000,0.00082743,0.00579242,0.00150573,-0.00079148,0.00987662,0.00000000,
2008-07-02,0.00000000,0.00265545,0.00570134,-0.00898910,-0.01076523,0.01091426,0.00000000,
2008-07-03,0.00000000,-0.00523467,-0.00544302,0.00053438,0.00089980,-0.00977187,0.00000000,
2008-07-07,0.00000000,-0.00593440,-0.00369615,-0.00489834,-0.00321094,-0.01208893,0.00000000,
2008-07-08,0.00000000,-0.00424304,-0.01172840,0.00937410,0.01255707,0.00197450,0.00000000,
2008-07-09,0.00000000,0.00226981,0.00844539,-0.01069187,-0.00626812,0.00214281,0.00000000,
2008-07-10,0.00000000,0.00766960,0.00246011,0.00247082,0.01498571,0.01022857,0.00000000,
2008-07-11,0.00000000,0.00242681,0.01037633,-0.00583527,0.01137781,0.00906644,0.00000000,
2008-07-14,0.00000000,0.00513020,0.00438419,-0.00506631,-0.00519273,-0.00557751,-0.00091107,
2008-07-15,0.00000000,-0.00378746,0.00102488,-0.00747365,-0.00497564,0.00258755,0.00000000,
2008-07-16,0.00000000,-0.00839344,-0.01338608,0.01372400,0.02067468,-0.02233810,0.00000000,
2008-07-17,0.00000000,-0.01165511,-0.01265361,0.00469408,0.00230808,-0.00721076,0.02163530,
2008-07-18,0.00000000,-0.00366631,-0.00404708,0.00266207,-0.00095087,0.00162282,0.00000000,
2008-07-21,0.00000000,0.00568612,0.00025216,0.00027564,-0.00009783,0.00666712,-0.00139457,
2008-07-22,0.00000000,-0.01133028,-0.01056296,0.00446131,-0.01129678,0.00851182,0.00000000,
2008-07-23,0.00000000,-0.01126847,-0.01113860,0.00278766,-0.01644871,-0.00893555,0.00000000,
2008-07-24,0.00000000,0.00346706,0.00665564,-0.00965101,0.00764398,0.00518434,0.00000000,
2008-07-25,0.00000000,-0.00389435,0.00009616,-0.00000499,0.00189593,-0.00070389,-0.00632481,
2008-07-28,0.00000000,0.00541771,0.00667214,-0.00610986,0.00439865,-0.00177761,0.00000000,
2008-07-29,0.00000000,-0.00655374,-0.00908625,0.01006094,0.00219482,-0.01800472,0.02073026,
2008-07-30,0.00000000,0.00704103,0.00211409,0.00784144,0.00894284,-0.00431280,0.03022553,
2008-07-31,0.00000000,0.00103934,0.00158987,-0.00545968,-0.00485531,0.00938222,0.00000000,
2008-08-01,0.00000000,-0.00511169,-0.00114671,-0.00225320,-0.00040551,-0.00295087,0.00000000,
2008-08-04,0.00000000,-0.01206821,-0.00360979,-0.00353558,-0.00064242,-0.00729783,0.00000000,
2008-08-05,0.00000000,-0.00771556,-0.01050891,0.01090500,-0.00475955,-0.01029886,0.01874331,
2008-08-06,0.00000000,-0.00177694,-0.00138874,0.00163940,0.00489761,0.01023783,0.00000000,
2008-08-07,0.00000000,0.00306696,0.00404701,-0.00573344,-0.00380680,-0.00833063,0.00000000,
2008-08-08,0.00000000,-0.01122655,-0.01230341,0.00724753,-0.01391287,0.00226564,0.00000000,
2008-08-11,0.00000000,-0.00883158,-0.00566312,0.00385233,-0.01065615,0.00471086,0.00000000,
2008-08-12,0.00000000,0.00281929,0.00117319,-0.00395929,-0.00025023,0.00195414,0.00000000,
2008-08-13,0.00000000,0.00703927,0.00744688,-0.00228454,0.00888729,0.01735730,0.00000000,
2008-08-14,0.00000000,-0.00359827,-0.00332233,0.00293104,-0.00815121,-0.00537279,0.00000000,
2008-08-15,0.00000000,-0.00890835,-0.00540409,0.00200717,-0.00876712,-0.00661965,0.00012632,
2008-08-18,0.00000000,0.00314052,0.00331964,-0.00583960,0.00094980,-0.00155665,-0.00753281,
2008-08-19,0.00000000,0.00417606,0.00705588,-0.00450220,-0.00259461,0.00414056,0.00000000,
2008-08-20,0.00000000,0.00446696,0.00011853,0.00189996,0.00313305,0.00006142,0.00000000,
2008-08-21,0.00000000,0.01180354,0.00647457,0.00071521,0.00385326,0.00983130,0.00000000,
2008-08-22,0.00000000,-0.01027983,-0.00713993,0.00605194,0.01155230,-0.00206023,0.00845270,
2008-08-25,0.00000000,0.00156499,0.00320334,-0.00881032,0.00303073,-0.00444548,0.00000000,
2008-08-26,0.00000000,0.00037181,-0.00088135,0.00116749,-0.00180429,0.00401712,0.00000000,
2008-08-27,0.00000000,0.00393703,-0.00184444,0.00406800,-0.00328904,-0.00151702,0.00000000,
2008-08-28,0.00000000,-0.00188422,-0.00417211,0.00530800,-0.00063387,-0.00451729,0.00709564,
2008-08-29,0.00000000,-0.00228357,-0.00006404,-0.00481631,0.00099147,-0.00811824,0.00000000,
2008-09-02,0.00000000,-0.01218317,-0.00185372,-0.00292471,-0.00343513,-0.01676230,-0.01489778,
2008-09-03,0.00000000,-0.00132145,0.00011239,-0.00043837,-0.00549127,-0.00424249,0.00000000,
2008-09-04,0.00000000,-0.00277591,0.01537434,-0.01559151,-0.00522430,-0.00499114,0.00000000,
2008-09-05,0.00000000,-0.00402927,-0.00225773,0.00151224,-0.00141095,-0.00566243,0.00000000,
2008-09-08,0.00000000,-0.00215802,-0.00813824,0.01007623,-0.00220331,-0.00583045,0.01531450,
2008-09-09,0.00000000,-0.00622221,0.00688662,-0.01361226,-0.02935625,-0.01676939,0.00000000,
2008-09-10,0.00000000,-0.00179960,-0.00505394,0.00170498,0.00527367,0.01556882,-0.00073680,
2008-09-11,0.00000000,-0.00136640,0.00192952,0.00618873,-0.00365179,-0.00484233,0.00000000,
2008-09-12,0.00000000,-0.00075290,-0.01040884,0.00190613,0.01658266,0.01219238,0.00000000,
2008-09-15,0.00000000,0.00620732,0.01934098,-0.01968580,0.00387844,-0.00941466,0.00000000,
2008-09-16,0.00000000,-0.00962954,-0.00428256,0.00523925,0.00505646,0.00237939,0.00000000,
2008-09-17,0.00000000,0.01123257,0.01293900,-0.01389136,-0.01347700,-0.00317210,0.00000000,
2008-09-18,0.00000000,-0.01014427,-0.01988711,0.00787209,0.02103847,0.00174766,0.12525094,
2008-09-19,0.00000000,0.00247042,-0.02092880,0.00828284,0.01239350,0.01069093,-0.00391611,
2008-09-22,0.00000000,0.01257796,0.00870096,-0.00514243,0.00016533,0.00381847,0.00000000,
2008-09-23,0.00000000,-0.00578204,0.00211414,-0.00520150,0.00524452,-0.00816456,0.00000000,
2008-09-24,0.00000000,-0.00406560,-0.00223467,0.00072655,0.00200521,-0.00629675,0.00120294,
2008-09-25,0.00000000,0.00086316,-0.00651625,0.00358712,-0.00417834,-0.00142382,-0.00290962,
2008-09-26,0.00000000,-0.00171373,0.00087707,0.00011135,0.00612111,0.00303802,0.00000000,
2008-09-29,0.00000000,-0.00520538,0.02626553,-0.01798714,-0.02784083,-0.01463921,0.00000000,
2008-09-30,0.00000000,-0.01271375,-0.01483076,0.00731559,0.02336742,-0.00231447,0.01847103,
2008-10-01,0.00000000,0.00038922,0.00022509,0.00009672,0.00082705,-0.00390548,0.00000000,
2008-10-02,0.00000000,-0.00519543,0.01266940,-0.00602550,-0.01731312,-0.01175876,0.00000000,
2008-10-03,0.00000000,-0.00112228,0.00471135,-0.00220366,-0.00362882,-0.00471475,-0.03108711,
2008-10-06,0.00000000,0.00334889,0.01580448,-0.00844006,-0.01681938,-0.01684551,0.00000000,
2008-10-07,0.00000000,-0.00052668,0.00977085,-0.00700127,-0.00119217,-0.00904624,-0.02462393,
2008-10-08,0.00000000,-0.00135604,0.00105261,-0.00387869,0.00092750,-0.00114711,0.00000000,
2008-10-09,0.00000000,-0.00816477,0.01145386,-0.01083811,-0.01403122,-0.02436112,-0.03252572,
2008-10-10,0.00000000,-0.01456817,-0.00257631,-0.00354763,0.00380957,-0.03170025,0.00000000,
2008-10-13,0.00000000,-0.00190412,-0.03751698,0.02168035,0.04051672,0.02409879,0.02241473,
2008-10-14,0.00000000,-0.00524398,0.00103455,-0.00139640,0.00129881,0.00248924,-0.00503446,
2008-10-15,0.00000000,0.00665543,0.02284637,-0.00938326,0.00816214,-0.01754943,0.00000000,
2008-10-16,0.00000000,-0.00520462,-0.00811021,0.00365398,0.00119609,0.00240882,0.02130109,
2008-10-17,0.00000000,-0.00082492,0.00248387,-0.00051511,0.00053388,-0.00137847,0.00000000,
2008-10-20,0.00000000,0.00415700,-0.00874138,0.00530737,-0.00643215,0.01546538,0.01091938,
2008-10-21,0.00000000,0.00854816,0.00863121,-0.00254649,-0.00772497,-0.00723576,0.00000000,
2008-10-22,0.00000000,0.00898404,0.01307728,-0.00464844,-0.01320269,-0.01094675,0.00000000,
2008-10-23,0.00000000,0.00164314,0.00147660,0.00098570,-0.00079670,0.00148820,0.00000000,
2008-10-24,0.00000000,0.00709369,0.00901612,-0.00435054,-0.00775699,-0.00197782,0.00000000,
2008-10-27,0.00000000,0.00259418,0.00633088,-0.00302904,-0.00626041,-0.01741705,0.00000000,
2008-10-28,0.00000000,-0.01585431,-0.02116344,0.00994737,0.02666144,0.01144768,0.03159153,
2008-10-29,0.00000000,-0.00384432,0.00048570,-0.00055157,0.00487088,0.00682224,0.00000000,
2008-10-30,0.00000000,-0.00596447,-0.00908235,0.00272213,-0.00260578,0.00678738,0.00535227,
2008-10-31,0.00000000,-0.00022567,-0.00205469,0.00042677,0.00017362,0.00236030,0.00000000,
2008-11-03,0.00000000,-0.00077472,-0.00055692,0.00022612,0.00031802,0.00445219,0.00000000,
2008-11-04,0.00000000,0.00201571,-0.00774200,0.00268523,-0.00937276,-0.00255210,0.00167197,
2008-11-05,0.00000000,0.00782207,0.00912251,-0.00334919,0.00839441,0.00139914,0.00000000,
2008-11-06,0.00000000,0.00165156,0.00666890,-0.00442322,0.00668402,0.00016172,0.00000000,
2008-11-07,0.00000000,-0.00424080,-0.00634141,0.00258451,0.00397844,-0.00198951,0.00173735,
2008-11-10,0.00000000,0.00268568,0.00446208,-0.00105604,-0.00177802,-0.00198226,0.00200016,
2008-11-11,0.00000000,0.00506163,0.00427681,-0.00250020,-0.00298971,-0.00048563,0.00000000,
2008-11-12,0.00000000,0.00930720,0.00872166,-0.00429477,-0.00851144,-0.00690084,0.00000000,
2008-11-13,0.00000000,-0.01593366,-0.01246064,0.00598437,0.01313097,0.00396289,0.03429676,
2008-11-14,0.00000000,0.00981475,0.00996262,-0.00502842,-0.00056535,-0.00256836,0.00000000,
2008-11-17,0.00000000,0.00336457,0.00300997,-0.00132337,-0.00295361,-0.00156680,0.00000000,
2008-11-18,0.00000000,0.00506437,0.00153305,0.00188947,-0.00190251,0.00220053,0.00000000,
2008-11-19,0.00000000,0.01106076,0.01104804,-0.00675858,-0.01148518,-0.00404168,0.00000000,
2008-11-20,0.00000000,0.01941762,0.00822309,-0.00751722,-0.00840001,0.00055059,0.00000000,
2008-11-21,0.00000000,-0.00862606,-0.01207821,0.00529825,0.01062982,-0.00241594,0.01355790,
2008-11-24,0.00000000,-0.01174138,-0.00932934,0.00654710,0.00899638,-0.00071724,0.00317612,
2008-11-25,0.00000000,0.00893961,-0.00138922,0.00067191,-0.00135339,-0.00445896,0.00407794,
2008-11-26,0.00000000,0.00308872,-0.00410930,0.00355175,0.00287030,0.00043160,0.00000000,
2008-11-28,0.00000000,0.00416721,-0.00005998,0.00132415,0.00017193,0.00340156,0.00000000,
2008-12-01,0.00000000,0.00812550,0.01374907,-0.00953116,0.01585609,-0.00267059,0.00000000,
2008-12-02,0.00000000,0.00076808,-0.00711414,0.00379498,0.00080577,0.00266384,0.00182463,
2008-12-03,0.00000000,0.00082163,-0.00078496,0.00234765,-0.00057747,0.00388643,0.00000000,
2008-12-04,0.00000000,0.00598572,0.00378308,-0.00228182,-0.00344561,0.00189086,0.00000000,
2008-12-05,0.00000000,-0.00532452,-0.00477688,0.00308419,-0.00028926,0.00674281,0.00000000,
2008-12-08,0.00000000,-0.00493636,-0.00634338,0.00351091,0.00605537,-0.00564191,0.00193244,
2008-12-09,0.00000000,0.00688951,0.00372504,-0.00168516,0.00286247,-0.00245436,0.00000000,
2008-12-10,0.00000000,-0.00245596,-0.00469394,0.00074153,-0.00161129,-0.00509644,0.00038949,
2008-12-11,0.00000000,-0.00027654,0.00255915,-0.00263992,0.00370848,-0.00434035,0.00000000,
2008-12-12,0.00000000,0.00143689,-0.00215964,0.00135704,-0.00020445,0.00512042,0.00000000,
2008-12-15,0.00000000,0.00086630,0.00140083,-0.00164641,0.00013283,-0.00209276,0.00069023,
2008-12-16,0.00000000,0.00805897,-0.00442824,0.00593393,-0.00149440,0.00647031,0.00926207,
2008-12-17,0.00000000,0.00633293,0.00257876,-0.00122484,0.00046315,0.00058203,0.00000000,
2008-12-18,0.00000000,0.00321506,0.00408491,-0.00237659,0.00117627,0.00951260,-0.00599134,
2008-12-19,0.00000000,0.00098617,-0.00212387,-0.00156197,0.00140096,-0.00137279,-0.00164376,
2008-12-22,0.00000000,-0.00251994,0.00357920,-0.00395836,-0.00158991,-0.00095488,0.00000000,
2008-12-23,0.00000000,-0.00232095,0.00208427,0.00093313,-0.00012820,-0.00268871,-0.00115879,
2008-12-24,0.00000000,0.00027808,0.00014434,0.00096725,0.00028272,0.00106487,0.00000000,
2008-12-26,0.00000000,0.00313225,-0.00013108,0.00108277,0.00100906,0.00044283,0.00135640,
2008-12-29,0.00000000,0.00058035,-0.00089784,-0.00054009,0.00182962,-0.00549313,0.00000000,
2008-12-30,0.00000000,0.00112996,-0.00202347,0.00468360,0.00109240,0.00293497,0.00179822,
2008-12-31,0.00000000,-0.00519614,-0.00439180,0.00277571,-0.00018914,0.00491955,0.00000000,
2009-01-02,0.00000000,-0.00885683,-0.00476319,0.00800651,-0.00412499,-0.00302663,0.00000000,
2009-01-05,0.00000000,-0.00498411,-0.00156028,-0.00032459,-0.00127727,-0.00416617,0.00000000,
2009-01-06,0.00000000,-0.00285574,-0.00292818,0.00187007,-0.00219503,0.00008281,-0.00059096,
2009-01-07,0.00000000,-0.00060904,0.00443871,-0.00909782,0.00637099,0.00318738,0.00000000,
2009-01-08,0.00000000,0.00118614,-0.00049712,0.00120428,0.00080051,-0.00250435,0.00000000,
2009-01-09,0.00000000,0.00657159,0.00382407,-0.00807419,-0.00024958,-0.00193367,0.00000000,
2009-01-12,0.00000000,0.00658737,0.00471631,-0.00882263,-0.00500728,0.00696592,0.00000000,
2009-01-13,0.00000000,0.00265537,-0.00051367,0.00067478,0.00274469,-0.00285303,0.00000000,
2009-01-14,0.00000000,0.00520385,0.00512957,-0.01206245,-0.00656983,0.00151442,0.00000000,
2009-01-15,0.00000000,-0.00161263,-0.00120630,0.00012337,0.00200617,0.00678122,0.00000000,
2009-01-16,0.00000000,-0.00849589,-0.00151235,0.00285770,0.00184494,-0.00000706,0.00341152,
2009-01-20,0.00000000,0.00701228,0.00915895,-0.02278547,-0.00921006,-0.00367645,0.00000000,
2009-01-21,0.00000000,-0.00866023,-0.00906264,0.01452256,0.00934669,0.00321135,0.00977587,
2009-01-22,0.00000000,-0.00354957,0.00269607,-0.00446791,-0.00124347,0.00553994,0.00000000,
2009-01-23,0.00000000,-0.00136216,-0.00141307,0.00125492,-0.00140724,-0.00465134,0.00000000,
2009-01-26,0.00000000,-0.00495884,-0.00080523,0.00205235,0.00003920,0.00233776,-0.00317836,
2009-01-27,0.00000000,0.00515518,0.00045230,0.00318511,0.00468594,0.00591649,-0.00162249,
2009-01-28,0.00000000,-0.00766688,-0.00524580,0.01053694,-0.00504372,-0.00377824,0.00280460,
2009-01-29,0.00000000,-0.00465064,0.00478192,-0.00939173,0.00164247,0.00318273,0.00000000,
2009-01-30,0.00000000,0.00090673,0.00212193,-0.00552748,-0.00006226,-0.00167473,-0.00488243,0.00000000
2009-02-02,0.00000000,0.00406578,0.00036625,-0.00082775,0.00285792,0.00888139,0.00000000,-0.00000000
2009-02-03,0.00000000,-0.00760852,-0.00314423,0.00391785,0.00087525,0.00997047,0.00515777,-0.00000000
2009-02-04,0.00000000,-0.00039496,0.00145714,-0.00142173,-0.00116367,-0.00152947,-0.00501468,0.00000000
2009-02-05,0.00000000,-0.00132468,-0.00187048,0.00434783,0.00107429,0.00941892,0.00000000,-0.00000000
2009-02-06,0.00000000,-0.00561395,-0.00533360,0.00821310,-0.00177455,-0.00254746,0.00000000,-0.00000000
2009-02-09,0.00000000,-0.00032228,-0.00031382,0.00038942,-0.00027511,-0.00710456,0.00000000,-0.00000000
2009-02-10,0.00000000,0.01185831,0.00914016,-0.01289082,0.00882671,-0.00226358,0.00000000,-0.00000000
2009-02-11,0.00000000,0.00390866,-0.00091194,0.00151097,-0.00069181,0.00288406,0.00090813,-0.00000000
2009-02-12,0.00000000,-0.00059801,0.00019455,0.00018942,-0.00038495,0.00636656,0.00000000,-0.00000000
2009-02-13,0.00000000,-0.00898170,0.00085834,-0.00288101,-0.00095411,0.00204074,0.00000000,-0.00000000
2009-02-17,0.00000000,0.01438329,0.01112896,-0.01186015,-0.01263909,0.00539690,0.00000000,0.00000000
2009-02-18,0.00000000,-0.00370410,0.00044109,-0.00060823,-0.00105497,-0.00028159,-0.00301939,0.00000000
2009-02-19,0.00000000,-0.00655271,-0.00031318,-0.00276671,0.00241341,-0.00509050,-0.00446367,0.00000000
2009-02-20,0.00000000,0.00414645,0.00076996,-0.00285901,-0.00148582,-0.00064649,0.00000000,0.00000000
2009-02-23,0.00000000,0.00012381,0.00741342,-0.01185275,-0.00976735,-0.00742157,-0.00686653,0.00000000
2009-02-24,0.00000000,-0.01094909,-0.01015398,0.01188095,0.01192372,0.00065577,0.01690661,-0.00000000
2009-02-25,0.00000000,-0.00513418,-0.00044522,-0.00219489,-0.00074383,-0.00446428,0.00000000,0.00000000
2009-02-26,0.00000000,-0.00457030,-0.00074944,-0.00459355,-0.00145508,-0.01050302,-0.01477996,-0.00000000
2009-02-27,0.00000000,0.00117392,0.00069596,-0.00631403,-0.00001125,0.00260956,0.00000000,-0.00000000
2009-03-02,0.00000000,0.00771555,0.01303325,-0.01401680,0.00099768,-0.00051921,0.00000000,-0.00000000
2009-03-03,0.00000000,-0.00368973,-0.00338387,-0.00218677,-0.00004584,-0.00346392,-0.00161621,0.00000000
2009-03-04,0.00000000,-0.00560521,-0.00911345,0.00697250,0.00793877,-0.00275568,0.00548401,-0.00000000
2009-03-05,0.00000000,0.01273125,0.00950928,-0.01135645,-0.00298894,-0.00019863,0.00000000,0.00000000
2009-03-06,0.00000000,-0.00475151,-0.00061414,0.00046239,-0.00086441,0.00511222,0.00878139,-0.00000000
2009-03-09,0.00000000,-0.00070107,0.00067596,-0.00313482,-0.00235737,-0.01315384,0.00000000,0.00000000
2009-03-10,0.00000000,-0.00670190,-0.01379240,0.01630314,0.01072343,-0.00187239,0.00585347,-0.00000000
2009-03-11,0.00000000,0.00519392,0.00181116,0.00146377,0.00591680,-0.00102254,0.00244306,0.00000000
2009-03-12,0.00000000,-0.00034502,-0.00723652,0.00884771,-0.00041301,0.01505043,0.00000000,-0.00000000
2009-03-13,0.00000000,-0.00171531,0.00001431,0.00169349,0.00058683,0.00787469,0.00642741,-0.00000000
2009-03-16,0.00000000,-0.00543462,0.00030089,-0.00065386,0.00113364,-0.00385722,-0.01737668,-0.00000000
2009-03-17,0.00000000,-0.00282273,-0.00844843,0.00669717,-0.00783549,0.00931919,0.00000000,0.00000000
2009-03-18,0.00000000,0.01260952,-0.00061055,0.00467608,-0.00202693,0.00456197,0.00000000,-0.00000000
2009-03-19,0.00000000,0.00035010,0.00041597,-0.00268108,0.00009956,-0.01387804,-0.00233541,-0.00000000
2009-03-20,0.00000000,-0.00287980,0.00263860,-0.00607493,0.00051202,0.00326316,-0.00953331,0.00000000
2009-03-23,0.00000000,-0.00764621,-0.01537512,0.01511089,-0.00494945,0.00250594,0.02001070,-0.00000000
2009-03-24,0.00000000,0.00036221,0.00457389,-0.00348242,0.00800329,-0.00388850,0.00000000,-0.00000000
2009-03-25,0.00000000,-0.00531642,-0.00088471,0.00188139,-0.00311552,0.00515374,-0.00425002,0.00000000
2009-03-26,0.00000000,0.00126768,-0.00313780,0.00374447,-0.00293787,0.00140408,0.00729682,0.00000000
2009-03-27,0.00000000,0.00590331,0.00553675,-0.00329121,0.00445787,-0.00189500,0.00000000,-0.00000000
2009-03-30,0.00000000,0.00496698,0.00890996,-0.00630824,0.00890341,0.01038954,0.00000000,-0.00000000
2009-03-31,0.00000000,-0.00315124,-0.00437927,0.00164792,0.00428622,0.00209177,-0.00440592,-0.00000000
2009-04-01,0.00000000,0.00254084,-0.00249845,0.00373338,0.00063817,-0.00550834,0.00000000,0.00000000
2009-04-02,0.00000000,-0.01127617,-0.01218013,0.00562404,0.00770635,0.00315489,-0.00692924,0.00000000
2009-04-03,0.00000000,-0.00933232,-0.00589046,0.00188826,-0.00530885,-0.00686855,0.00000000,0.00000000
2009-04-06,0.00000000,-0.00202138,0.00227858,-0.00162829,0.00118041,-0.00268923,0.00000000,-0.00000000
2009-04-07,0.00000000,0.00456744,0.00586421,-0.00480082,0.00815115,-0.00388186,0.00000000,0.00000000
2009-04-08,0.00000000,0.00470340,-0.00180105,0.00217894,-0.00166526,0.00367885,-0.00247313,0.00000000
2009-04-09,0.00000000,-0.00478616,-0.00991347,0.00889521,-0.01223675,-0.00646569,0.00813045,0.00000000
2009-04-13,0.00000000,0.00088116,0.00043164,0.00004767,0.00291955,-0.00341624,0.00000000,0.00000000
2009-04-14,0.00000000,0.00595962,0.00428484,-0.00385168,0.00284173,-0.00213465,0.00000000,-0.00000000
2009-04-15,0.00000000,-0.00063543,-0.00248547,0.00232703,-0.00005378,-0.00404913,0.00000000,0.00000000
2009-04-16,0.00000000,-0.00172421,-0.00205400,0.00320415,-0.00413192,0.00389563,0.00557448,0.00000000
2009-04-17,0.00000000,-0.00149122,-0.00076112,0.00159771,-0.00376443,-0.00294716,0.00060212,0.00000000
2009-04-20,0.00000000,0.01044058,0.01256979,-0.01047191,0.00738390,0.01423870,0.00000000,-0.00000000
2009-04-21,0.00000000,-0.00564522,-0.00538414,0.00447119,0.00652245,-0.00175899,0.00000000,-0.00000000
2009-04-22,0.00000000,-0.00082345,0.00192306,-0.00143689,0.00116447,-0.00256450,0.00000000,-0.00000000
2009-04-23,0.00000000,-0.00285935,-0.00431304,0.00282924,0.00528079,-0.00327857,0.00000000,-0.00000000
2009-04-24,0.00000000,-0.00308116,-0.00385823,0.00447975,0.00001972,-0.00354504,-0.00226102,-0.00000000
2009-04-27,0.00000000,0.00412620,0.00549792,-0.00283310,0.00174468,0.01115909,0.00000000,0.00000000
2009-04-28,0.00000000,-0.00640140,-0.00066347,-0.00096604,0.00186341,0.00406096,0.00000000,0.00101461
2009-04-29,0.00000000,-0.00578995,-0.00605567,0.00671721,-0.00084352,-0.00208315,-0.00019398,-0.00386322
2009-04-30,0.00000000,-0.00484366,-0.00092934,0.00011112,-0.00042680,-0.00182811,-0.00168962,-0.00079436
2009-05-01,0.00000000,-0.00561378,-0.00416442,0.00182445,-0.00453308,-0.01290083,0.00000000,0.00113533
2009-05-04,0.00000000,0.00184780,-0.00901052,0.01173537,-0.00264514,-0.01041382,0.01137259,0.00471571
2009-05-05,0.00000000,-0.00011437,0.00213989,-0.00112783,0.00398570,-0.00037182,0.00000000,-0.00074159
2009-05-06,0.00000000,0.00253787,-0.00521876,0.00578508,-0.00739267,-0.01854884,0.00768715,0.00298028
2009-05-07,0.00000000,-0.00794460,0.00175124,-0.00459770,0.00109500,0.00361280,-0.00717613,-0.00123888
2009-05-08,0.00000000,-0.00165396,-0.00678308,0.00820398,-0.00784143,-0.00509133,0.00256352,0.00395234
2009-05-11,0.00000000,0.00835497,0.00490439,-0.00636317,0.00661725,0.01378520,0.00000000,-0.00077130
2009-05-12,0.00000000,0.00288829,0.00059774,-0.00105597,-0.00317009,0.00031197,0.00950506,0.00044406
2009-05-13,0.00000000,0.00705111,0.00749916,-0.00894515,0.00492721,-0.00006382,0.00000000,-0.00266767
2009-05-14,0.00000000,-0.00108328,-0.00238829,0.00298415,0.00318311,-0.00075006,0.00000000,-0.00376549
2009-05-15,0.00000000,0.00316153,0.00443046,-0.00284776,-0.00000695,0.00278800,0.00000000,-0.00167816
2009-05-18,0.00000000,-0.01103908,-0.00963846,0.00995555,0.01713046,-0.00562824,0.00557596,-0.00582269
2009-05-19,0.00000000,-0.00092450,-0.00059396,-0.00039889,0.00043440,0.00083277,0.00000000,-0.00165849
2009-05-20,0.00000000,0.00482962,-0.00066448,-0.00268851,-0.00048188,0.00030244,-0.00587142,-0.00124366
2009-05-21,0.00000000,-0.00610785,0.00174667,-0.00594972,0.00199214,0.00451809,0.00000000,-0.00514783
2009-05-22,0.00000000,-0.00650083,-0.00114947,-0.00085858,-0.00304774,0.00174087,0.00000000,0.00225120
2009-05-26,0.00000000,-0.00542782,-0.00545708,0.01039365,-0.00426218,0.00428078,0.00000000,-0.00558848
2009-05-27,0.00000000,-0.00706074,0.00067371,-0.00693554,-0.00116269,-0.00488244,0.00000000,-0.00259111
2009-05-28,0.00000000,-0.00101504,-0.00366972,0.00545592,-0.00150666,-0.00128911,0.01049032,-0.00138808
2009-05-29,0.00000000,0.01151024,-0.00275584,0.00686670,-0.00299530,0.00129572,0.01469020,-0.00198671
2009-06-01,0.00000000,-0.01612626,-0.00991758,0.00948761,-0.01059003,-0.00077445,0.00051007,0.00412123
2009-06-02,0.00000000,0.00310054,0.00107439,0.00032402,0.00182778,0.00598831,0.00000000,-0.00128068
2009-06-03,0.00000000,0.00300853,0.00643946,-0.00489491,0.01299615,0.00588742,0.00000000,-0.00455196
2009-06-04,0.00000000,-0.00623838,-0.00583447,0.00385806,-0.00691007,-0.00461062,0.00350013,0.00179148
2009-06-05,0.00000000,-0.00906265,-0.00023933,0.00009136,0.00152981,-0.00325975,-0.00514758,0.00022299
2009-06-08,0.00000000,-0.00121311,0.00050414,-0.00182767,-0.00037240,0.00156829,0.00000000,-0.00048459
2009-06-09,0.00000000,0.00099283,-0.00158285,0.00233764,0.00197707,-0.00065645,0.00079100,-0.00440419
2009-06-10,0.00000000,-0.00268014,-0.00152697,-0.00122681,0.00041679,-0.00586773,0.00034657,-0.00104288
2009-06-11,0.00000000,0.00092785,-0.00216410,0.00223668,-0.00147748,-0.00057106,0.00000000,0.00215719
2009-06-12,0.00000000,-0.00065868,0.00047313,0.00139781,0.00070859,0.00420412,0.00000000,0.00185337
2009-06-15,0.00000000,0.00733472,0.00686595,-0.01304773,-0.00045433,-0.00085874,0.00000000,-0.00425491
2009-06-16,0.00000000,0.00644376,0.00362106,-0.00683841,-0.00023351,0.00102417,-0.00417154,-0.00346671
2009-06-17,0.00000000,-0.00066971,0.00101100,-0.00048874,-0.00064163,0.01434623,0.00000000,0.00136100
2009-06-18,0.00000000,-0.00948852,-0.00202982,0.00428792,0.00063709,0.00595962,0.00000000,-0.00097402
2009-06-19,0.00000000,0.00428222,0.00219415,-0.00113945,-0.00044364,0.00546769,0.00049242,-0.00281114
2009-06-22,0.00000000,0.00342437,0.01043410,-0.01771726,-0.01386370,0.00421794,0.00000000,0.00405057
2009-06-23,0.00000000,0.00237922,-0.00137963,0.00038524,0.00245629,-0.00679075,0.00000000,-0.00238188
2009-06-24,0.00000000,-0.00119812,-0.00136580,0.00435703,0.00478774,0.00407800,-0.00854457,0.00355035
2009-06-25,0.00000000,0.00818871,-0.00385859,0.01208085,0.00463492,0.00969953,0.00000000,0.00492119
2009-06-26,0.00000000,0.00096992,0.00017739,-0.00138706,-0.00220014,0.00718337,0.00000000,0.00159853
2009-06-29,0.00000000,-0.00188192,-0.00199468,0.00509840,0.00153289,-0.00169179,0.00077843,0.00415697
2009-06-30,0.00000000,-0.00273677,0.00258822,-0.00458102,0.00339142,-0.00097353,0.00000000,-0.00173112
2009-07-01,0.00000000,-0.00525498,-0.00166959,0.00254828,-0.00122360,0.00814599,-0.00757113,0.00040039
2009-07-02,0.00000000,0.00595403,0.00747400,-0.01683668,0.00923966,-0.00691564,0.00000000,-0.00556592
2009-07-06,0.00000000,0.00216091,0.00337412,-0.00006973,-0.00735669,0.00741472,0.00000000,-0.00135387
2009-07-07,0.00000000,0.00610706,0.00800763,-0.01058111,-0.00872889,-0.00095340,0.00000000,0.00304546
2009-07-08,0.00000000,0.01543106,0.00367556,-0.00036096,-0.00641609,0.00476869,0.01014469,0.00213297
2009-07-09,0.00000000,-0.00830548,-0.00222683,0.00101006,0.00319258,-0.00502845,-0.00511186,-0.00162884
2009-07-10,0.00000000,0.00669566,0.00207825,-0.00125959,-0.00281042,0.00480275,0.00000000,-0.00004068
2009-07-13,0.00000000,-0.00450756,-0.00423240,0.01288719,0.00680475,0.00336742,0.01010627,0.00324775
2009-07-14,0.00000000,-0.00580773,-0.00201964,0.00262493,0.00377657,-0.00086760,0.00000000,0.00220411
2009-07-15,0.00000000,-0.01453528,-0.00866756,0.01358991,-0.00859670,0.00229606,0.00863545,0.00247162
2009-07-16,0.00000000,0.00403463,-0.00109521,-0.00070866,-0.00321830,-0.00146659,0.00000000,0.00171881
2009-07-17,0.00000000,-0.00593728,-0.00200686,0.00491917,-0.00018861,0.00254994,0.00000000,-0.00003141
2009-07-20,0.00000000,0.00170754,-0.00513357,0.00471101,-0.00862536,-0.00258897,0.00395595,0.00202523
2009-07-21,0.00000000,0.01190490,0.00268272,0.00202798,0.00274898,0.00219400,0.01220300,0.00149837
2009-07-22,0.00000000,-0.00359300,-0.00004101,-0.00009240,-0.00059849,0.00802832,0.00000000,0.00438798
2009-07-23,0.00000000,-0.00786489,-0.00964392,0.01119135,-0.00956323,-0.00091979,0.00000000,0.00293693
2009-07-24,0.00000000,0.00220659,-0.00028741,0.00096070,-0.00156637,-0.00311927,0.00000000,0.00042661
2009-07-27,0.00000000,-0.00345260,-0.00212953,0.00239510,-0.00246506,-0.00456807,0.00000000,-0.00109642
2009-07-28,0.00000000,0.00166719,0.00086346,-0.00234787,0.00321380,0.00628303,0.00000000,-0.00439010
2009-07-29,0.00000000,0.00189667,0.00684087,-0.00050920,0.00638453,0.00987688,0.00000000,-0.00109169
2009-07-30,0.00000000,0.00363125,-0.00882117,0.00462996,-0.00290632,-0.00772138,-0.00813037,0.00268461
2009-07-31,0.00000000,0.00976078,-0.00169079,0.00073638,0.00210577,-0.00176838,0.00000000,0.00052081
2009-08-03,0.00000000,-0.01090980,-0.01206260,0.00863171,0.00068634,-0.00681020,0.00328403,-0.00186927
2009-08-04,0.00000000,-0.00143127,-0.00396182,0.00154869,-0.00006047,-0.00617327,0.00000000,0.00105294
2009-08-05,0.00000000,-0.00245891,-0.00257062,-0.00177427,-0.00366148,-0.00878153,0.00000000,0.00044622
2009-08-06,0.00000000,-0.00043262,0.00299664,-0.00384850,0.00353734,-0.01544811,-0.00031814,-0.00141560
2009-08-07,0.00000000,-0.00612682,-0.00483463,0.00924427,-0.00320726,-0.00030425,-0.00850090,0.00436742
2009-08-10,0.00000000,0.00110273,0.00158434,-0.00145512,0.00413924,0.00058792,0.00000000,-0.00014586
2009-08-11,0.00000000,0.00425385,0.00716325,-0.00867090,0.00168565,0.00519271,0.00000000,-0.00305469
2009-08-12,0.00000000,-0.00445491,-0.00493174,0.00736269,0.00439658,0.00120487,0.00000000,0.00249286
2009-08-13,0.00000000,0.00788071,-0.00081879,0.00525894,0.00289135,-0.00554230,0.00317320,0.00257832
2009-08-14,0.00000000,-0.00017055,0.00534553,-0.00635116,0.00058383,-0.00241248,0.00000000,-0.00314243
2009-08-17,0.00000000,-0.00494272,0.00921384,-0.01937223,-0.01266918,0.00092852,0.00000000,-0.00603667
2009-08-18,0.00000000,-0.00126741,-0.00615645,0.00476071,0.00788404,-0.00362927,-0.00196455,-0.00229783
2009-08-19,0.00000000,0.00497687,-0.00034561,0.00532682,-0.00164961,0.00185448,0.00000000,0.00347953
2009-08-20,0.00000000,0.00354533,-0.00221893,0.00628522,0.00345688,0.00275255,0.00000000,0.00215023
2009-08-21,0.00000000,-0.00170592,-0.00618044,0.01187183,0.00663024,0.00164619,0.00276558,0.00210714
2009-08-24,0.00000000,0.00177443,-0.00052540,-0.00006129,0.00063265,-0.00280846,-0.00853702,-0.00044991
2009-08-25,0.00000000,0.00498778,0.00184517,0.00118159,0.00133561,0.00515262,-0.00998822,-0.00266547
2009-08-26,0.00000000,0.00262117,0.00022762,0.00005975,0.00056008,0.00091209,0.00000000,-0.00140219
2009-08-27,0.00000000,0.00084319,-0.00225070,0.00139212,-0.00047353,0.00224485,0.00000000,0.00289377
2009-08-28,0.00000000,0.00791411,0.00050766,-0.00012240,-0.00373707,-0.00154860,0.00817552,-0.00211255
2009-08-31,0.00000000,0.00230883,0.00666189,-0.00567227,-0.00469741,-0.00101550,0.00000000,0.00124714
2009-09-01,0.00000000,-0.00263285,0.00996263,-0.01355096,0.00077115,0.00265436,0.00000000,0.00653513
2009-09-02,0.00000000,0.02080854,0.00647337,-0.00211250,-0.00532290,0.01535956,0.00000000,0.00062188
2009-09-03,0.02494490,0.00640507,-0.00049754,0.00460817,0.00211520,0.00156296,0.00827657,-0.00575492
2009-09-04,0.04202683,-0.00338167,-0.00162058,0.00763732,0.00282020,0.00592959,0.00000000,-0.00334687
2009-09-08,0.00000000,0.00429442,-0.00656632,0.00452164,0.00221376,-0.00634263,0.00365590,0.00378603
2009-09-09,0.00000000,-0.00089749,-0.00363851,0.00408552,0.00025709,0.00128917,0.00000000,0.00374082
2009-09-10,0.00000000,0.01088224,-0.00244147,0.00554575,-0.00489630,-0.00032381,0.00000000,0.00467134
2009-09-11,0.00000000,0.00638934,0.00515876,-0.00011003,0.00189929,0.00082397,0.00000000,-0.00154696
2009-09-14,0.00000000,-0.00533993,-0.00468875,0.00276730,-0.00575426,0.00033536,0.00000000,0.00335793
2009-09-15,0.00000000,0.00490835,-0.00470873,0.00239063,-0.00283995,-0.00595013,0.00000000,0.00066574
2009-09-16,0.00000000,0.01427563,-0.00325307,0.00883167,-0.00997549,0.00234693,0.00818834,0.00346373
2009-09-17,0.00000000,-0.00211075,0.00105498,-0.00109241,0.00528035,0.00222224,0.00000000,-0.00058291
2009-09-18,0.00000000,-0.00528963,0.00128077,-0.00293221,0.00101267,0.00496099,-0.00339026,-0.00229372
2009-09-21,0.00000000,-0.00395735,0.00251065,-0.00178688,0.00425279,0.00824320,0.00000000,-0.00002402
2009-09-22,0.00000000,0.01015987,-0.00391378,0.00421427,-0.00339743,-0.01065491,-0.00251434,0.00284951
2009-09-23,0.00000000,-0.00564578,0.00528643,-0.00664160,0.00554163,0.00130745,0.00000000,-0.00172983
2009-09-24,0.00000000,-0.00630694,0.00616677,-0.00840340,-0.01296635,0.00198992,0.00121891,0.00142753
2009-09-25,0.00000000,0.00432093,0.00264711,-0.00382680,-0.00412262,-0.00003776,0.00000000,-0.00032564
2009-09-28,0.00000000,0.00534041,-0.00371257,0.01262103,0.00656983,0.00203636,0.00060594,0.00422103
2009-09-29,0.00000000,-0.00017492,0.00119547,-0.00202385,0.00099465,0.00215013,0.00000000,0.00077522
2009-09-30,0.00000000,0.00600036,-0.00043289,-0.00257094,0.00652857,0.00023271,-0.01499055,-0.00281256
2009-10-01,0.00000000,-0.01132350,-0.00056401,-0.01230451,-0.00633331,-0.00819287,0.00000000,-0.00624118
2009-10-02,0.00000000,-0.00162782,0.00234919,-0.00841970,-0.00191575,-0.00033691,0.00000000,-0.00042044
2009-10-05,0.04478486,0.00989350,0.00211361,0.00990762,0.00464550,-0.00525440,0.00655968,-0.00462033
2009-10-06,0.00000000,0.00867740,0.00605244,0.00903734,0.00051762,0.00861171,-0.00093319,-0.00441554
2009-10-07,0.00000000,0.00515327,0.00108532,0.00175011,0.00194743,-0.00099421,0.00000000,0.00049099
2009-10-08,0.00000000,0.00691142,0.00348441,0.00493799,-0.00411422,-0.00843789,-0.01108817,0.00067367
2009-10-09,0.00000000,-0.00665397,-0.00087760,0.00404394,-0.00239036,0.00861702,0.00000000,0.00199331
2009-10-12,0.00000000,0.00438878,0.00006164,0.00263185,-0.00167306,-0.00486486,-0.00701568,0.00431183
2009-10-13,0.00000000,0.00285520,-0.00033450,-0.00137597,-0.00018294,0.00258046,0.00000000,-0.00004765
2009-10-14,0.00000000,0.00669823,0.00504037,0.01161970,-0.01183922,-0.00099275,0.01287624,0.00330571
2009-10-15,0.00000000,-0.00219163,-0.00439671,0.00226106,-0.00453434,-0.00726184,0.00000000,0.00225991
2009-10-16,0.00000000,-0.00502950,-0.00397944,-0.00485889,0.00612654,0.00157450,0.00000000,-0.00263383
2009-10-19,0.00000000,0.00996011,0.00333648,0.00534417,-0.00377940,-0.00266793,0.00000000,0.00341352
2009-10-20,0.00000000,-0.00319791,-0.00522955,-0.00337776,0.00600690,-0.00698082,0.00000000,0.00060848
2009-10-21,0.00000000,-0.00103902,-0.00231092,-0.00569148,-0.00326356,-0.00517030,0.00000000,-0.00236284
2009-10-22,0.00000000,0.00167175,0.00124832,0.00627824,0.00228407,0.01479831,0.00000000,-0.00577481
2009-10-23,0.00000000,-0.01036901,-0.00321460,-0.00702984,0.00105871,0.00169185,-0.00779462,-0.00083934
2009-10-26,0.00000000,-0.01010088,-0.00773518,-0.00656995,0.00070527,-0.00055941,0.00000000,-0.00411218
2009-10-27,0.00000000,-0.00263745,-0.00921462,-0.00268873,-0.01015730,-0.00380098,0.00000000,0.00147882
2009-10-28,0.00000000,-0.01723298,-0.02188676,-0.01193816,-0.01809318,-0.00652772,0.00000000,-0.00862972
2009-10-29,0.04813400,0.01434138,0.01406762,0.01211429,0.02394251,-0.00288215,0.00870794,-0.00609662
2009-10-30,-0.04696421,-0.00988438,-0.01608361,-0.01456454,-0.02322082,0.00444455,0.00000000,0.01145284
2009-11-02,0.00843267,0.00277173,0.00224824,0.00322270,0.00624310,0.00482930,0.02785424,0.00104833
2009-11-03,0.00358894,0.00332079,0.00304591,0.00142858,0.00938068,0.00537190,0.00000000,0.00010741
2009-11-04,0.00292238,0.00288816,0.00670921,0.00120184,0.00134397,0.00123156,-0.02447189,-0.00085837
2009-11-05,0.00000000,0.00433971,-0.00154424,0.00899487,0.00056336,0.00610750,0.00546849,-0.00538171
2009-11-06,0.00000000,0.00091295,0.00333311,0.00119668,-0.00158675,0.00842661,0.00000000,-0.00283874
2009-11-09,0.00000000,0.01356395,0.01305187,0.01056612,-0.01016199,-0.00030755,0.01320149,0.00607659
2009-11-10,0.00000000,-0.00222108,-0.00064624,0.00007164,0.00099336,0.01420142,0.00000000,-0.00122427
2009-11-11,0.00000000,0.00326847,0.00235485,0.00232972,-0.00162284,0.00521600,0.00296302,0.00007295
2009-11-12,0.00000000,-0.00922520,-0.00981329,-0.00464315,0.00785364,-0.00412475,0.00000000,-0.00317675
2009-11-13,0.00000000,0.00685547,0.00878394,0.00252123,-0.00865010,0.00437356,0.00000000,0.00056904
2009-11-16,0.00000000,0.01240102,0.00645931,0.00678297,-0.00442904,0.00655749,-0.00449579,0.00166193
2009-11-17,0.00000000,-0.00138022,-0.00294591,0.00053931,0.00043954,-0.00469900,0.00000000,0.00147125
2009-11-18,0.00000000,-0.00144720,-0.00037557,-0.00029211,-0.00185298,-0.00969051,0.00000000,0.00214213
2009-11-19,0.00000000,-0.00561752,-0.00406783,-0.00615867,-0.00189280,-0.00697182,0.00000000,-0.00259216
2009-11-20,0.00000000,-0.00243863,-0.00134073,-0.00164059,-0.00066339,0.00588175,0.00000000,0.00273769
2009-11-23,0.00000000,0.00663189,0.00683317,0.00592451,0.00486292,0.00942366,-0.00208332,0.00612059
2009-11-24,0.00000000,-0.00151099,-0.00347185,0.00071151,-0.00610794,0.00061622,0.00000000,0.00101203
2009-11-25,0.00000000,0.00968175,0.00350698,0.00167849,0.00474515,0.00303101,0.00000000,0.00175634
2009-11-27,0.00000000,-0.01186814,-0.01601373,-0.00816047,-0.00423147,-0.00921654,0.00000000,-0.00649206
2009-11-30,0.00000000,0.00646453,0.00221391,0.00169624,0.00491863,0.00121159,0.00000000,-0.00039640
2009-12-01,0.00000000,0.00894211,0.01310028,0.00665116,0.00511535,0.00555490,-0.00286403,0.00374925
2009-12-02,0.00000000,0.00069515,0.00578336,-0.00031940,-0.00006002,0.00613508,0.00000000,0.00052074
2009-12-03,0.00000000,-0.00405886,-0.00274816,-0.00516827,0.00024993,-0.00579032,0.00000000,-0.00211121
2009-12-04,0.00000000,-0.00804618,-0.00190531,0.00364122,-0.00144199,0.00149383,0.00373512,-0.00256998
2009-12-07,0.00000000,-0.00315533,-0.00539834,-0.00097956,0.00495075,-0.00433038,0.00000000,0.00075596
2009-12-08,0.00000000,-0.00669024,-0.01193137,-0.00759439,0.00211012,-0.00062719,0.00000000,-0.00287236
2009-12-09,0.00000000,-0.00111637,0.00271379,0.00241809,0.00103276,-0.00285894,0.00000000,0.00060709
2009-12-10,0.00000000,0.00050240,0.00343699,0.00419621,0.00176878,0.01056617,-0.00688270,0.00175233
2009-12-11,0.00000000,-0.00152876,-0.00151176,0.00319179,-0.00327907,-0.00023583,0.00066639,0.00052951
2009-12-14,0.00000000,0.00766458,0.00419364,0.00514704,0.00143956,0.00038432,-0.00170135,0.00189637
2009-12-15,0.00000000,-0.00557149,-0.00127302,-0.00360433,-0.00081502,-0.00221042,0.00000000,0.00161121
2009-12-16,0.00000000,0.00486135,0.00233168,0.00117301,-0.00022751,0.00026838,-0.01118661,0.00405361
2009-12-17,0.00000000,-0.01117414,-0.01094363,-0.01003905,0.00410833,-0.01390172,0.00000000,-0.00136423
2009-12-18,0.00000000,0.00135039,0.00314564,0.00020254,0.00177681,0.00889980,0.00910968,0.00174766
2009-12-21,0.00000000,-0.00321274,0.00124392,0.00802362,-0.00160273,0.00236261,-0.00390857,0.00323050
2009-12-22,0.00000000,-0.00137270,-0.00108717,0.00289262,-0.00404018,-0.00002155,0.00000000,0.00229392
2009-12-23,0.00000000,0.00604899,0.00465531,0.00164330,0.00193231,0.00930534,0.00000000,0.00147075
2009-12-24,0.00000000,0.00343522,0.00625372,0.00420240,0.00226939,0.00153544,0.00000000,0.00086917
2009-12-28,0.00000000,0.00216356,0.00229287,0.00188172,-0.00355082,0.00456378,0.00000000,-0.00003143
2009-12-29,0.00000000,-0.00349203,-0.00177227,-0.00128527,0.00103711,0.00225980,0.00000000,0.00003210
2009-12-30,0.00000000,0.00044450,-0.00108080,-0.00044092,0.00139202,0.00052592,0.00000000,-0.00186288
2009-12-31,0.00000000,-0.00157716,-0.00054812,-0.01074438,-0.00160538,-0.00412733,0.00000000,0.00273086
2010-01-04,0.00000000,0.01429576,0.01220897,0.01924170,-0.00269230,0.00391466,-0.00028812,-0.00425757
2010-01-05,0.00346087,0.00302567,0.00097150,0.00237022,-0.00033511,-0.01269079,0.00000000,-0.00198684
2010-01-06,0.00000000,0.00277379,0.00529195,0.00065960,-0.00539598,0.00014032,0.00000000,0.00279095
2010-01-07,0.00000000,-0.00219437,-0.00221625,0.00404941,0.00364331,-0.00591982,0.00000000,0.00293304
2010-01-08,0.00000000,0.00432423,0.00242288,0.00318787,-0.00350935,0.00030222,0.00000000,0.00275265
2010-01-11,0.00000000,0.00173171,0.00124766,0.00145625,-0.00052716,0.00420854,0.01016433,0.00189829
2010-01-12,0.00000000,-0.00765399,-0.01224921,-0.01013252,0.00768148,-0.00466719,0.00000000,-0.00326839
2010-01-13,0.00000000,0.00397209,0.00683414,0.00838417,0.00102757,0.01283535,0.00000000,0.00145121
2010-01-14,0.00000000,0.00141151,-0.00136381,0.00260332,-0.00451688,0.00005929,0.00000000,0.00253165
2010-01-15,0.00000000,-0.00678684,-0.00646920,-0.01104316,-0.00156650,-0.00592990,0.00000000,-0.00274215
2010-01-19,0.00000000,0.00583084,0.00702372,0.01122904,0.00593752,0.00431366,0.00000000,-0.00600099
2010-01-20,0.00000000,-0.01177829,-0.01225348,-0.00848757,-0.00976980,-0.00904360,0.00000000,-0.00006417
2010-01-21,0.00000000,-0.01040450,-0.01310539,-0.01620657,-0.00835429,-0.00147139,0.00000000,-0.00554111
2010-01-22,0.00000000,-0.00856023,-0.00799195,-0.01525451,-0.00899493,-0.00368331,0.00000000,-0.00871405
2010-01-25,0.00668840,0.00313100,0.00353544,0.00298008,0.00528306,-0.00682497,-0.00997255,-0.00098094
2010-01-26,-0.00541809,-0.00521518,-0.00618838,-0.00243681,-0.00690783,-0.00196020,0.00000000,0.00038801
2010-01-27,0.00610899,-0.00332206,0.00068276,0.00283510,0.00007067,0.00274599,0.00000000,-0.00222277
2010-01-28,0.00000000,-0.00422584,-0.00483352,-0.00702160,-0.00477192,-0.00404313,-0.00194312,0.00006437
2010-01-29,0.00000000,-0.00674044,-0.00860453,-0.00675741,-0.01440695,-0.00620645,-0.03907319,0.00218885
2010-02-01,0.00000000,0.00949190,0.01445689,0.00939629,0.02481084,0.00686414,0.00796374,0.00499763
2010-02-02,0.03631029,0.00845888,0.00543490,0.00670944,0.00281103,0.00394055,0.00000000,0.00404185
2010-02-03,0.00000000,-0.00597358,-0.00399755,-0.00269129,0.00421058,0.00899223,0.00000000,-0.00040035
2010-02-04,0.00000000,-0.02048209,-0.01999021,-0.01808751,0.01686722,-0.02569429,0.00000000,-0.01203123
2010-02-05,0.00000000,-0.00205580,0.00222419,0.00095231,0.00388669,0.00059495,0.00000000,0.00077681
2010-02-08,-0.02165760,-0.00476419,-0.00654836,-0.00345972,0.00080897,-0.00256359,0.00000000,-0.00212905
2010-02-09,0.03704210,0.00812629,0.01022925,0.00604683,0.02192343,0.00724921,-0.01374430,-0.00313534
2010-02-10,-0.00463102,-0.00348861,0.00060946,-0.00090782,0.00018155,-0.00353201,0.00000000,-0.00064563
2010-02-11,0.02458762,0.00702154,0.00637824,0.00486651,0.00767571,0.01283882,0.00000000,-0.00215097
2010-02-12,-0.00175997,-0.00228725,-0.00174552,-0.00037944,0.00344133,0.00984140,0.00000000,-0.00019495
2010-02-16,0.00000000,0.01386299,0.01039155,0.00733881,-0.01572825,0.00365173,0.01236010,0.00511967
2010-02-17,0.00000000,-0.00185952,0.00383731,0.00208080,-0.00147862,0.01001233,0.00098075,0.00288866
2010-02-18,0.00000000,0.00368102,0.00465895,0.00260902,-0.00760020,0.00332623,0.00000000,0.00370684
2010-02-19,0.00000000,-0.00110560,-0.00075755,0.00094107,-0.00002040,0.00115834,0.00000000,0.00274928
2010-02-22,0.00000000,-0.00035879,0.00000179,0.00008177,0.00106238,-0.00516416,-0.00311919,0.00082312
2010-02-23,0.00000000,-0.00673541,-0.00824457,-0.00595944,0.00919015,-0.00323263,0.00000000,-0.00170756
2010-02-24,0.00000000,0.00353286,0.00339455,0.00477847,-0.00125685,-0.00038571,0.00200164,0.00174924
2010-02-25,-0.00285763,-0.00113652,-0.00234107,-0.00069450,-0.00053076,0.00369267,0.00000000,0.00022256
2010-02-26,0.00133118,0.00561302,0.00240176,0.00032861,0.00261801,0.00169876,0.00000000,0.00173182
2010-03-01,0.02186144,0.00041008,0.00702295,0.00542325,-0.00075302,0.01060134,0.00452116,0.00253878
2010-03-02,0.00000000,0.00499809,0.00283216,0.00146794,-0.00133525,0.00052421,-0.00933859,0.00116922
2010-03-03,0.00000000,0.00389561,0.00069968,0.00048524,-0.00326375,-0.00261487,0.00000000,0.00040745
2010-03-04,0.00000000,-0.00273769,0.00007945,0.00174373,0.00417823,0.00139143,0.00000000,0.00098586
2010-03-05,0.00000000,0.00709818,0.01052514,0.00847597,-0.01373645,0.00172030,0.00927733,0.00417165
2010-03-08,0.00000000,-0.00050893,0.00104494,0.00009586,0.00044696,0.00251944,0.00000000,0.00197303
2010-03-09,0.00000000,-0.00004862,0.00182836,0.00135128,-0.00173812,-0.00011436,0.00000000,-0.00105576
2010-03-10,0.00000000,0.00000976,0.00278639,0.00376608,-0.00407598,0.00533673,0.00000000,-0.00043482
2010-03-11,0.00000000,0.00211846,0.00116037,0.00375772,-0.00059184,0.00780130,0.00000000,-0.00082392
2010-03-12,0.00000000,0.00197205,-0.00029117,0.00007305,-0.00011967,-0.00433351,-0.00100545,0.00098863
2010-03-15,0.00000000,-0.00330578,-0.00108811,0.00024769,0.00165673,0.00303495,0.00000000,-0.00021740
2010-03-16,0.00000000,0.00974567,0.00494774,0.00789821,-0.00179831,-0.00147982,0.00000000,0.00317237
2010-03-17,0.00000000,0.00346431,0.00207276,0.00579689,-0.00236791,0.00461074,-0.00150452,0.00351491
2010-03-18,0.00000000,-0.00393043,-0.00246541,-0.00061972,0.00075990,0.00605857,0.00000000,0.00143534
2010-03-19,0.00000000,-0.00785430,-0.00446903,-0.01008765,0.00329132,0.00157300,0.00220070,-0.00123341
2010-03-22,0.00000000,0.00336469,0.00176249,0.00528844,0.00073488,0.00640426,0.00000000,0.00192757
2010-03-23,0.00000000,0.00175124,0.00352997,0.00685715,0.00027061,0.00078327,0.00000000,0.00200243
2010-03-24,0.00000000,-0.01075443,-0.00030440,-0.00466014,-0.00741688,-0.01138659,0.00000000,-0.00266982
2010-03-25,0.00000000,-0.00361499,-0.00138974,-0.00179775,-0.00176383,0.00266989,-0.03498887,-0.00117598
2010-03-26,0.00000000,0.00340321,-0.00006844,-0.00065294,0.00317296,-0.00099055,0.00000000,0.00148635
2010-03-29,0.00000000,0.00705148,0.00565978,0.00707537,0.00106841,-0.00319543,0.00157732,0.00192894
2010-03-30,0.00000000,0.00007526,-0.00035193,0.00074629,0.00025108,0.00566606,0.00000000,0.00139118
2010-03-31,0.00000000,-0.00008380,-0.00181887,-0.00404839,0.00403957,-0.00163716,0.00000000,0.00136711
2010-04-01,0.00000000,0.00666318,0.00772138,0.00825206,-0.01122011,0.00119691,-0.00184831,-0.00005023
2010-04-05,0.00000000,0.00142771,0.00730793,0.00952859,-0.00706210,0.00218720,0.00015955,0.00403428
2010-04-06,0.00000000,0.00295397,0.00183190,0.00262438,0.00155631,-0.00047087,0.00000000,0.00338580
2010-04-07,0.00000000,-0.00071356,-0.00743977,-0.00744568,0.00690868,-0.00042115,0.00000000,-0.00230953
2010-04-08,0.00000000,0.00056723,0.00154418,0.00418788,-0.00113676,-0.00293741,0.00000000,0.00147112
2010-04-09,0.00000000,0.00560113,0.00393067,0.00784516,-0.00400649,0.00436212,0.00000000,0.00090690
2010-04-12,0.00000000,-0.00031302,-0.00291310,0.00188501,0.00393739,0.00076695,0.00000000,0.00027190
2010-04-13,0.00000000,0.00198950,0.00178335,0.00090620,-0.00157904,-0.00011210,0.00000000,-0.00109177
2010-04-14,0.00000000,0.00531310,0.00473372,0.01373863,0.00391602,0.00906744,0.00775840,-0.00308843
2010-04-15,0.00000000,-0.00104554,-0.00458545,0.00089411,0.00463929,0.00407124,0.00000000,0.00039455
2010-04-16,0.00000000,-0.01039123,-0.01243584,-0.01849495,0.00833620,-0.00091428,0.00000000,-0.00528411
2010-04-19,0.00000000,-0.00267744,-0.00020312,0.00330085,0.00038407,-0.00013949,0.00000000,-0.00324078
2010-04-20,0.00000000,0.00504710,0.00529148,0.00832878,0.00451583,0.00486653,0.00015744,0.00625869
2010-04-21,0.00000000,0.00272499,0.00065930,-0.00186209,0.00215058,-0.00472962,0.00000000,-0.00205315
2010-04-22,0.00000000,-0.00108422,0.00316522,0.00303439,-0.00058917,0.00666443,0.00000000,0.00094289
2010-04-23,0.00000000,0.00478132,0.00633047,0.00680136,0.00346529,0.00151497,0.00000000,0.00044354
2010-04-26,0.00000000,0.00010008,-0.00078995,-0.00398206,0.00045833,-0.00035397,0.00000000,-0.00186139
2010-04-27,0.00000000,-0.01366063,-0.01674161,-0.02470401,0.00733529,-0.00367552,0.00000000,-0.01155333
2010-04-28,0.00000000,0.00204104,0.00546364,0.00514641,0.00492674,0.00513413,0.00398487,-0.00065755
2010-04-29,0.02529833,0.01132179,0.00975020,0.00849013,0.00313706,0.01926058,-0.00303231,-0.00425538
2010-04-30,0.00000000,-0.00267000,-0.00760506,-0.01105004,-0.00240080,-0.01106966,0.00000000,0.00888313
2010-05-03,0.00000000,0.00177048,0.00735688,0.00747803,0.00978231,0.00874008,-0.00279371,-0.00416686
2010-05-04,0.00000000,-0.02115818,-0.02110833,-0.01403748,-0.01398455,-0.00773505,0.00000000,0.01119268
2010-05-05,0.00000000,-0.00919381,-0.00910848,-0.00302578,-0.00288968,-0.00768131,0.00000000,0.00441177
2010-05-06,0.00000000,-0.01601791,-0.01420388,-0.01673514,-0.02883898,-0.02150521,0.00000000,0.01210941
2010-05-07,0.00000000,-0.00456347,-0.00061394,-0.00599080,-0.00117630,-0.02036061,0.00000000,0.01109824
2010-05-10,0.00000000,0.01955102,0.02193819,0.01722871,0.03407012,0.02101821,0.00799515,-0.01220924
2010-05-11,-0.00852273,0.00158854,0.00467392,-0.00085374,-0.00953129,0.00645696,0.00000000,0.00166096
2010-05-12,0.04155769,0.00651816,0.00518849,0.00412921,0.00310315,0.01155251,0.00791028,-0.00459410
2010-05-13,-0.02839932,-0.00437944,-0.00443036,-0.00361385,0.00041481,-0.00668009,0.00000000,0.00201598
2010-05-14,-0.03534620,-0.00813050,-0.00808066,-0.00526086,0.00817929,-0.00416271,0.00000000,-0.00652559
2010-05-17,0.00082743,-0.00571038,-0.00184481,0.00014790,-0.00064267,0.01113686,0.00000000,-0.00166409
2010-05-18,0.00000000,-0.00455499,-0.00767128,-0.00390543,-0.00871177,-0.00563249,-0.02895272,0.00425256
2010-05-19,0.00000000,-0.00801052,-0.00947526,-0.00161663,-0.00278263,-0.00309512,0.00000000,0.00175748
2010-05-20,-0.05929763,-0.01446693,-0.01667333,-0.01090933,-0.02090631,-0.01883240,0.00000000,0.01005859
2010-05-21,0.01460181,0.00721865,0.00455267,0.00378198,0.01101870,-0.00143862,0.00000000,-0.00147651
2010-05-24,0.00000000,-0.00228627,-0.00201638,-0.00324688,-0.00205417,0.00333621,0.00000000,-0.00037632
2010-05-25,0.00000000,-0.00001638,0.00092172,0.00025320,0.00118628,-0.00686415,0.00000000,-0.00290749
2010-05-26,0.00000000,-0.00071614,0.00128289,-0.00152112,0.00172590,-0.00147406,-0.04636558,0.00123628
2010-05-27,0.00000000,0.01041346,0.00948491,0.00868537,0.02248811,0.00607184,0.02420827,0.00568910
2010-05-28,0.00000000,-0.00160444,-0.00210672,-0.00294916,0.00354250,-0.00220805,0.00000000,-0.00056389
2010-06-01,0.00000000,-0.00637596,-0.00442644,-0.00398409,0.00388316,-0.00151339,0.00000000,-0.00359648
2010-06-02,0.00000000,0.00571010,0.00343074,0.00620744,-0.00572492,0.00618138,0.02094498,0.00276456
2010-06-03,0.00000000,-0.00226369,-0.00268199,0.00078246,-0.00191258,0.00746660,0.00000000,0.00102495
2010-06-04,0.00000000,-0.00527934,-0.00742320,-0.00817884,0.02034010,-0.00960137,0.00000000,-0.00641031
2010-06-07,0.00000000,0.00202102,0.00111738,-0.00270362,-0.00175143,-0.00373760,0.00000000,0.00183999
2010-06-08,0.00000000,0.00294134,0.00079463,0.00243204,0.00812272,-0.00505069,0.00000000,-0.00212195
2010-06-09,0.00000000,-0.00063122,-0.00302431,-0.00121183,0.00111834,-0.00377123,-0.02925559,0.00007745
2010-06-10,0.00000000,0.00377836,0.00319184,0.00771232,0.01651337,0.00562181,0.01623515,-0.00311387
2010-06-11,0.00000000,0.00430438,0.00278976,0.00117475,0.00131665,0.00462402,0.00000000,-0.00145246
2010-06-14,0.00000000,-0.00122689,-0.00309705,-0.00038700,-0.00154709,0.00146621,-0.01237860,0.00081721
2010-06-15,0.00000000,0.00670427,0.00492493,0.00567152,-0.00969004,0.00300137,0.01178731,0.00364490
2010-06-16,0.00000000,0.00084814,-0.00152479,-0.00008872,0.00141373,-0.00031200,0.00000000,0.00096667
2010-06-17,0.00000000,0.00403776,0.00228694,0.00039587,0.00185625,0.00347449,0.00782166,0.00168328
2010-06-18,0.00000000,0.00122414,0.00283031,-0.00092022,-0.00049331,0.00096342,0.00000000,0.00104527
2010-06-21,0.00000000,-0.00131487,-0.00357920,-0.00071947,0.00129502,-0.00289188,-0.01103073,-0.00097149
2010-06-22,0.00000000,-0.00202254,-0.00481895,-0.00469307,0.00409612,-0.00029203,0.00000000,-0.00235336
2010-06-23,0.00000000,-0.00033082,-0.00071103,-0.00086756,-0.00278874,0.00011375,0.00000000,-0.00049043
2010-06-24,0.00000000,-0.00576313,-0.00565642,-0.00473605,-0.00394833,0.00294538,0.00000000,0.00356788
2010-06-25,0.00000000,0.00618593,0.00556406,0.00115453,0.00371223,-0.00065555,0.00000000,-0.00130054
2010-06-28,0.00000000,-0.00108461,-0.00444792,-0.00087132,-0.00395583,0.00469674,0.00000000,0.00096957
2010-06-29,0.00000000,-0.00775966,-0.00787407,-0.00969945,-0.01191713,-0.00547782,0.00000000,0.00540892
2010-06-30,0.00000000,-0.00076647,-0.00197834,-0.00276501,-0.00337433,-0.00123723,0.00000000,0.00076291
2010-07-01,0.00000000,-0.00708762,-0.00809881,-0.00131711,0.00293396,-0.00421587,0.00000000,-0.00055197
2010-07-02,0.00000000,-0.00190660,0.00012428,-0.00176801,0.00022266,0.00002850,0.00734852,0.00163543
2010-07-06,0.00000000,0.00160600,-0.00316436,0.00213834,-0.00180297,0.00239627,-0.00438723,0.00246929
2010-07-07,0.00000000,0.00833580,0.00870850,0.01174499,0.00973678,0.00453691,0.00000000,0.00358585
2010-07-08,0.00000000,0.00129198,0.00065991,0.00318496,-0.00249647,-0.00405458,0.01076853,0.00139023
2010-07-09,0.00000000,0.00141466,0.00561175,0.00240093,-0.00016593,0.00029279,0.00000000,0.00148978
2010-07-12,0.00000000,-0.00197738,-0.00238163,0.00021392,0.00213987,0.00309155,0.00000000,0.00068917
2010-07-13,0.00000000,0.00440942,0.00509445,0.00554935,-0.00623422,0.00850319,0.00009425,0.00054010
2010-07-14,0.00000000,0.00243642,-0.00249677,-0.00003266,0.00158245,0.00232636,0.00000000,-0.00213146
2010-07-15,0.00000000,0.00160104,-0.00309755,0.00009837,-0.00018455,0.00436583,0.00000000,0.00050737
2010-07-16,0.00000000,-0.00843800,-0.00900863,-0.01123566,0.00361586,-0.01139535,0.00000000,-0.00374163
2010-07-19,0.00000000,-0.00077895,0.00062325,0.00212647,0.00140180,0.00251217,0.00371911,-0.00180135
2010-07-20,0.00000000,0.00552594,0.00704396,0.00398147,0.00348914,0.00029392,0.00000000,0.00284550
2010-07-21,0.00000000,-0.00027526,-0.00365336,-0.00458879,-0.00447419,-0.00873614,-0.01512686,-0.00051467
2010-07-22,0.00000000,0.00679905,0.00588338,0.00774094,0.00760224,0.00054722,-0.00136915,0.00295126
2010-07-23,0.00000000,0.00068048,0.00089169,0.00309612,-0.00054595,0.00540232,0.00000000,0.00100991
2010-07-26,0.00000000,0.00177693,0.00288315,0.00371030,-0.00382351,0.00768559,0.00000000,0.00203241
2010-07-27,0.00000000,-0.00537242,-0.00522172,-0.00003516,-0.00063800,0.00042036,0.00008830,0.00045938
2010-07-28,0.00000000,0.00176184,-0.00204085,-0.00244441,0.00143490,-0.00661986,0.00000000,-0.00060085
2010-07-29,0.00000000,0.00187088,-0.00040198,-0.00185976,0.00002499,-0.00066702,0.00400954,0.00010415
2010-07-30,0.00000000,0.00624020,0.00170023,-0.00009450,0.00154245,0.00603337,0.00000000,-0.00075660
2010-08-02,0.00000000,0.00435105,0.00404644,0.01054289,-0.00247935,-0.00131135,0.00248640,-0.00363479
2010-08-03,0.00000000,0.00121512,-0.00118851,-0.00223775,0.00163490,-0.00059810,0.00000000,-0.00095225
2010-08-04,0.00000000,0.00028379,0.00212800,0.00315320,-0.00378930,0.00467481,0.00000000,-0.00003061
2010-08-05,0.00000000,0.00083719,-0.00004327,-0.00054955,0.00170284,-0.00553340,0.00000000,-0.00020021
2010-08-06,0.00000000,0.00176080,0.00112286,-0.00239500,0.00249155,0.00299795,0.00000000,0.00066617
2010-08-09,0.00000000,0.00177280,0.00070928,0.00315442,-0.00035098,0.00105160,0.00227104,0.00109715
2010-08-10,0.00000000,-0.00102523,-0.00032712,-0.00324719,-0.00246016,0.00190427,0.00000000,-0.00076702
2010-08-11,0.00000000,-0.01293085,-0.00755559,-0.01624574,-0.00977907,-0.00101760,0.00000000,-0.00553548
2010-08-12,0.00000000,-0.00244838,0.00150063,-0.00312570,-0.00178144,0.00142055,0.00000000,0.00093780
2010-08-13,0.00000000,0.00316940,-0.00068199,-0.00149446,-0.00097858,-0.00706713,0.00000000,0.00205728
2010-08-16,0.00000000,0.00977004,0.00504729,-0.00023411,-0.00178826,0.00134770,0.00000000,-0.00054016
2010-08-17,0.00000000,0.00372273,0.00308405,0.00743448,0.00661651,-0.00197425,-0.00371930,-0.00332628
2010-08-18,0.00000000,0.00061697,0.00019541,0.00107592,-0.00085967,0.00054328,0.00000000,-0.00164676
2010-08-19,0.00000000,-0.00338148,-0.00180969,-0.01054159,-0.00001912,0.00169614,0.00000000,-0.00373232
2010-08-20,0.00000000,-0.00254417,-0.00198989,-0.00187172,0.00022548,0.00562961,0.00000000,0.00128331
2010-08-23,0.00000000,0.00005175,-0.00094588,-0.00242854,-0.00144899,0.00433724,-0.00550010,0.00101445
2010-08-24,0.00000000,-0.00024981,0.00721673,-0.01001946,-0.00380863,-0.00232702,0.00000000,-0.00264391
2010-08-25,0.00000000,0.00220806,0.00322425,0.00256496,0.00134715,0.00773015,0.00000000,0.00214416
2010-08-26,0.00000000,0.00188066,-0.00352921,-0.00441036,-0.00129405,0.00425666,-0.00934242,-0.00088783
2010-08-27,0.00000000,0.00069772,-0.00537929,0.01033320,0.01370390,-0.00304342,0.01052431,0.00540758
2010-08-30,0.00000000,0.00247792,0.00313000,-0.00885911,0.00298664,-0.00798726,0.00000000,-0.00273742
2010-08-31,0.00000000,0.00673328,0.01172314,-0.00000957,-0.00252906,-0.00481039,0.00000000,0.00091746
2010-09-01,0.00000000,0.00557459,-0.00908329,0.02066098,-0.00597709,0.00229621,0.00246137,0.00563078
2010-09-02,0.00000000,0.00386788,0.00415183,0.00476524,-0.00423267,0.00338379,0.00000000,0.00258084
2010-09-03,0.00000000,0.00207156,0.00170286,0.00659154,-0.00668362,0.00283882,0.00440758,0.00442400
2010-09-07,0.00000000,0.00232056,-0.00474683,-0.00562940,0.00976773,0.00306560,0.00000000,-0.00251884
2010-09-08,0.00000000,0.00023136,0.00113575,0.00342937,-0.00432013,0.00211193,0.00000000,0.00164807
2010-09-09,0.00000000,-0.00421711,-0.00290029,0.00224283,-0.00310178,0.00254837,-0.00131478,0.00148543
2010-09-10,0.00000000,0.00214281,0.00003748,0.00248601,-0.00137582,-0.00322123,0.00000000,0.00199026
2010-09-13,0.00000000,0.01143504,0.00374166,0.00615050,-0.00466333,-0.00178377,0.00690873,0.00487511
2010-09-14,0.00000000,0.00732202,0.00498119,-0.00034043,0.00293948,0.00756938,0.00000000,0.00005292
2010-09-15,0.00000000,-0.00570377,0.00007304,0.00209495,-0.00244553,0.00971246,0.00000000,0.00137778
2010-09-16,0.00000000,-0.00261640,0.00255447,-0.00014571,-0.00045029,-0.00372293,0.00000000,-0.00037775
2010-09-17,0.00000000,-0.00029877,0.00269858,-0.00280323,0.00193020,0.00122165,0.00059705,0.00120084
2010-09-20,0.00000000,0.00954419,-0.00126519,0.00856340,-0.00076221,0.00790950,0.01198415,0.00238113
2010-09-21,0.00000000,0.00500196,0.00305922,-0.00117426,0.00045028,0.00055307,0.00000000,-0.00034759
2010-09-22,0.00000000,0.00012703,0.00120284,-0.00286081,-0.00087008,0.00255558,0.00000000,-0.00156796
2010-09-23,0.00000000,-0.00471916,-0.00259694,-0.00470837,-0.00359606,0.00882612,0.00000000,-0.00318930
2010-09-24,0.00000000,0.00873542,0.00048195,0.01289507,0.00682699,0.00244116,-0.00024392,0.00574863
2010-09-27,0.00000000,0.00208472,-0.00317422,-0.00274504,0.00245184,-0.00620808,0.00000000,-0.00072197
2010-09-28,0.00000000,0.00915041,0.00503890,0.00201219,-0.00125996,0.00737960,0.00000000,0.00089650
2010-09-29,0.00000000,0.00006168,-0.00068463,-0.00103852,-0.00252196,-0.00700431,0.00000000,-0.00199917
2010-09-30,0.00000000,-0.00065315,-0.00023676,-0.00190044,-0.00145780,-0.00195991,-0.00583411,-0.00215505
2010-10-01,0.00000000,0.00094713,0.00569804,0.00278147,-0.01003376,0.00153750,0.00293348,0.00150465
2010-10-04,0.00000000,-0.00636504,-0.00172144,-0.00620733,0.00373589,-0.00039060,0.00000000,0.00191730
2010-10-05,0.00000000,0.02551288,0.01332186,0.01615640,-0.00709449,0.01169788,0.00178917,-0.00560585
2010-10-06,0.00000000,0.00806817,0.00098354,-0.00007183,0.00017552,-0.01106812,0.00000000,0.00113809
2010-10-07,0.00000000,-0.00533594,-0.00870159,-0.00093108,0.00889064,-0.00151990,0.01054914,0.00062748
2010-10-08,0.00000000,0.01676819,0.00796790,0.00427639,-0.00051953,-0.00223215,0.00000000,0.00473472
2010-10-11,0.00000000,0.00002569,0.00062467,0.00073512,0.00188987,-0.00235863,0.00000000,0.00191254
2010-10-12,0.00000000,-0.00087636,0.00469623,0.00247363,-0.00207461,0.00485241,0.00000000,0.00426936
2010-10-13,0.00000000,0.01261412,0.00711753,0.00642499,-0.00057549,0.00319484,-0.00982677,0.00218859
2010-10-14,0.00000000,-0.00108287,0.00036905,-0.00318722,-0.00380042,-0.00441694,0.00000000,-0.00379085
2010-10-15,0.00000000,-0.00780658,-0.00405225,0.00165843,0.00355636,0.01162646,0.00198912,0.00202308
2010-10-18,0.00000000,0.00631494,0.00156257,-0.00000029,0.00138428,-0.00065588,0.00000000,0.00293305
2010-10-19,0.00000000,-0.02139528,-0.01348585,-0.00697521,0.01962511,-0.00422776,0.00000000,-0.00346601
2010-10-20,0.00000000,0.01081131,0.00125924,0.00847893,0.00948745,-0.00725591,0.00000000,-0.00554308
2010-10-21,0.00000000,-0.01019185,-0.00129931,0.00184321,-0.00802908,0.00442934,-0.00258839,0.00233626
2010-10-22,0.00000000,0.00380100,-0.00103279,0.00156743,0.00240391,0.01392680,0.00000000,0.00467458
2010-10-25,0.00000000,0.00639015,0.00283217,0.00266563,0.00413953,0.00838102,-0.00358556,0.00144425
2010-10-26,0.00000000,-0.00467452,-0.00421080,0.00014525,0.00524873,0.00511798,0.00000000,-0.00219967
2010-10-27,0.00000000,-0.00993084,-0.00462105,-0.00326503,0.00314073,-0.00373438,0.00000000,-0.00156387
2010-10-28,0.00000000,0.00571087,0.00277755,0.00018717,0.00197480,0.01408981,0.01497453,-0.00059313
2010-10-29,0.00000000,0.00576213,0.00679942,0.00085933,-0.00186929,0.00504630,0.00000000,0.00040723
2010-11-01,0.00000000,-0.00171193,0.00289602,0.00038461,-0.00035214,-0.00783865,-0.00913988,0.00097405
2010-11-02,0.00000000,0.01060140,0.00474446,0.00920718,-0.00015969,0.00053062,-0.00306353,-0.00289565
2010-11-03,0.00000000,-0.00029742,-0.00182004,0.00470150,-0.00257913,-0.00540127,0.00000000,-0.00648043
2010-11-04,0.00000000,0.02658776,0.01972109,0.03188038,-0.01165843,-0.01028678,0.01005504,0.00672508
2010-11-05,0.00000000,-0.00078945,0.00660927,0.00403733,-0.00306616,-0.00701056,0.00000000,0.00110251
2010-11-08,0.00000000,0.00197468,0.00536261,-0.00210359,-0.00310221,0.00076511,0.00000000,-0.00139332
2010-11-09,0.00000000,-0.01610843,-0.01230649,-0.00780833,0.00258079,0.00366872,0.00000000,-0.00052797
2010-11-10,0.00000000,0.00455097,0.00743744,0.00401867,-0.00810042,0.00199984,0.00000000,0.00180496
2010-11-11,0.00000000,-0.00433384,-0.00133707,-0.00381929,-0.00164018,-0.00677485,0.00000000,-0.00196286
2010-11-12,0.00000000,-0.01658092,-0.01729596,-0.01181947,0.00886649,0.00005406,0.00000000,-0.00504095
2010-11-15,0.00000000,-0.00804837,-0.00121859,-0.00127582,0.00382698,-0.00654357,-0.02143390,-0.00090135
2010-11-16,-0.04673832,-0.01310526,-0.01340537,-0.01399323,-0.00684611,-0.00484398,0.00000000,0.00467627
2010-11-17,0.00000000,0.00201990,0.00439147,0.00034804,0.00176563,0.00836558,0.00000000,-0.00264885
2010-11-18,0.00000000,0.01104580,0.00500121,0.01167615,0.01316555,-0.00194148,-0.00962706,-0.00595114
2010-11-19,0.00831545,0.00065708,0.00348588,0.00203641,0.00009769,-0.00929028,0.00000000,0.00185822
2010-11-22,-0.00249397,0.00138688,0.00332069,-0.00061612,0.00289590,0.00896227,0.00000000,0.00347371
2010-11-23,-0.04349364,-0.00826934,-0.00267039,-0.01084289,-0.00836303,-0.00085662,0.00000000,-0.00468096
2010-11-24,0.03382025,0.00320440,0.00213649,0.01001406,0.00307223,0.00454710,0.00395924,0.00388546
2010-11-26,-0.02165624,-0.00525505,-0.00825419,-0.00724808,0.00019326,0.00357485,0.00000000,-0.00608101
2010-11-29,0.00000000,0.00325320,0.00268065,0.00188386,-0.00297325,-0.00445734,0.00000000,-0.00074531
2010-11-30,0.00000000,-0.00016470,0.00323387,-0.00348333,-0.00626615,0.00433915,0.00000000,0.00687651
2010-12-01,0.00000000,0.00413039,0.00150996,0.01306394,0.01055844,-0.00316481,-0.00104426,-0.00469639
2010-12-02,0.00000000,0.00555511,0.00596315,0.00689655,-0.00914085,-0.00702915,0.00000000,-0.00757017
2010-12-03,0.00000000,0.00432594,0.00515643,0.00141274,-0.00585827,-0.00288199,0.00000000,-0.00433025
2010-12-06,0.00000000,0.00408960,0.00376463,-0.00055673,-0.00001423,-0.00891969,0.00000000,0.00157977
2010-12-07,0.00000000,-0.00794182,-0.00761533,0.00031631,0.00396110,-0.00045341,-0.01687256,0.00090919
2010-12-08,0.00000000,-0.00553277,-0.00571542,0.00210414,-0.00385687,0.00171846,0.00000000,0.00257630
2010-12-09,0.00000000,0.00020600,-0.00092690,0.00223260,-0.00066435,-0.00818806,0.00629013,0.00122043
2010-12-10,0.00000000,-0.00090964,0.00560093,0.00337833,-0.00265689,0.00174148,0.00000000,0.00099451
2010-12-13,0.00000000,0.00505714,0.00470936,0.00037124,0.00427571,-0.00653625,-0.01305395,-0.00137158
2010-12-14,0.00000000,-0.00332200,-0.00014101,0.00051463,-0.00591357,0.00919905,0.00000000,0.00041357
2010-12-15,0.00000000,-0.00596748,-0.00518742,-0.00284444,0.00474935,0.00257612,0.00000000,0.00214796
2010-12-16,0.00000000,0.00281604,-0.00270480,0.00355864,0.00015807,-0.00304416,0.00000000,-0.00183208
2010-12-17,0.00000000,0.00100843,-0.00898276,-0.00282154,0.01146278,0.00163002,0.00000000,-0.00165168
2010-12-20,0.00000000,0.00279542,0.00650332,0.00160751,0.00012619,0.00113077,0.00000000,-0.00208252
2010-12-21,0.00000000,0.00300529,0.00599287,0.00457043,-0.00517990,-0.01189896,-0.00100430,0.00157033
2010-12-22,0.00000000,0.00146491,0.00161390,0.00222973,0.00043466,0.00257790,0.00000000,0.00052044
2010-12-23,0.00000000,-0.00002077,-0.00007237,-0.00102961,0.00020457,0.00006210,0.00000000,-0.00308896
2010-12-27,0.00000000,0.00090653,-0.00077670,0.00030383,-0.00128376,0.00008422,0.00000000,-0.00166617
2010-12-28,0.00000000,-0.00042058,0.01111223,0.00123779,-0.00589397,-0.00106995,0.00000000,-0.00116732
2010-12-29,0.00000000,0.00687893,0.00015469,0.00068406,0.00190332,0.00172323,0.00000000,-0.00139817
2010-12-30,0.00000000,-0.00126951,-0.00089991,-0.00158176,0.00078919,-0.00119163,0.00000000,-0.00119902
2010-12-31,0.00000000,0.00586449,-0.00018953,0.00024811,-0.00163499,-0.00107860,0.00000000,-0.00079976
2011-01-03,0.00000000,0.00300884,0.00273729,0.01625610,0.00149277,0.00179689,-0.00993331,0.00281938
2011-01-04,0.00000000,-0.00577421,-0.01429530,-0.00093755,0.01076571,0.00373511,0.00000000,0.00042635
2011-01-05,0.00000000,-0.00470335,0.00180101,0.00852195,0.00739448,0.00390912,0.00000000,0.00136418
2011-01-06,0.00000000,-0.00297920,-0.00448485,-0.00315297,-0.00012427,0.00966180,0.00000000,-0.00027711
2011-01-07,0.00000000,0.00040196,0.00101206,-0.00307740,-0.00145828,-0.00534422,0.00000000,-0.00033720
2011-01-10,0.00000000,0.00174547,0.00262225,-0.00194373,0.00341378,-0.00569204,0.00000000,0.00014080
2011-01-11,0.00000000,0.00268761,-0.00105677,0.00546319,0.00526718,0.00138127,-0.00568966,0.00301378
2011-01-12,0.00000000,0.00526536,0.00129539,0.01425839,0.00639470,-0.00038292,0.00088716,0.00440048
2011-01-13,0.00000000,-0.00137311,-0.00828941,-0.00231387,0.00141550,0.00783799,0.00000000,0.00132553
2011-01-14,0.00000000,-0.00056040,-0.00152192,0.00997567,-0.00384986,-0.00433424,0.00000000,0.00435645
2011-01-18,0.00000000,0.00338788,0.00688618,0.00234257,-0.00166060,0.00389344,0.00000000,0.00324977
2011-01-19,0.00000000,-0.00363563,-0.00699595,-0.01385936,0.00259093,-0.00103089,0.00000000,-0.00535890
2011-01-20,0.00000000,-0.01124524,-0.00498716,-0.00159306,-0.00341682,-0.00488834,0.00000000,0.00103261
2011-01-21,0.00000000,0.00097975,-0.00211486,0.00263601,-0.01054679,-0.00030768,-0.00215037,-0.00120256
2011-01-24,0.00000000,0.00228857,0.00091764,0.00682626,-0.00133208,-0.00003884,0.00000000,0.00203742
2011-01-25,0.00000000,0.00048736,-0.00116106,0.00063093,-0.00620658,0.00913451,0.00000000,-0.00134454
2011-01-26,0.00000000,0.00500927,0.01407130,0.00457724,0.01602374,0.00343506,0.00000000,-0.00306465
2011-01-27,0.00000000,-0.00325890,-0.00466395,0.00289411,-0.01274633,0.00474111,0.00000000,0.00198280
2011-01-28,0.00000000,-0.00487944,-0.00351646,-0.02046419,0.01599454,-0.01307737,0.00000000,-0.00838097
2011-01-31,0.00000000,0.00771813,0.00896606,0.00588278,-0.00066843,-0.00742531,0.00135493,-0.00030202
2011-02-01,0.00000000,0.00756058,0.01209509,0.01229388,0.00370431,0.00379085,-0.00394646,-0.00472091
2011-02-02,0.00000000,-0.00077658,0.00128916,-0.00145812,-0.00282809,-0.00331282,0.00000000,-0.00045873
2011-02-03,0.00000000,0.00029855,0.00667278,0.00172098,0.00028162,0.00927457,0.00000000,-0.00128631
2011-02-04,0.00000000,-0.00444591,0.00150956,0.00216562,-0.00029654,0.00946452,0.00000000,-0.00247269
2011-02-07,0.00000000,0.00181747,0.00474754,0.00487634,-0.00323513,0.00158524,0.00000000,0.00140267
2011-02-08,0.00000000,0.00323921,0.01117637,0.00351926,-0.00878502,0.00534320,0.00000000,0.00121481
2011-02-09,0.00000000,-0.00311702,-0.00506567,-0.00177063,0.00593350,0.00404354,0.00000000,-0.00031597
2011-02-10,0.00000000,-0.00381531,0.00435720,0.00031318,-0.00231891,0.00148235,0.00000000,-0.00000000
2011-02-11,0.00000000,0.00356423,-0.00162004,0.00476647,0.00264830,-0.00962147,0.00000000,-0.00184486
2011-02-14,0.00000000,0.00583335,0.00655689,0.00204337,-0.00341840,-0.00694881,0.00000000,-0.00107044
2011-02-15,0.00000000,-0.00282051,-0.00472682,-0.00269895,0.00171016,0.00570422,0.00000000,0.00142262
2011-02-16,0.00000000,0.00657126,0.00675033,0.00553686,0.00572068,-0.00434027,0.00355482,0.00132392
2011-02-17,0.00000000,-0.00000230,-0.00000347,0.00257511,-0.00039431,-0.00733395,0.00000000,
2011-02-18,0.00000000,-0.00035070,-0.00043419,0.00193978,-0.00034888,0.01277638,0.00000000,0.00000000
2011-02-22,0.00000000,-0.01416730,-0.01698495,-0.01965864,0.01213965,-0.00813923,0.00000000,-0.00000000
2011-02-23,0.00000000,0.00694938,0.00298032,-0.00440176,-0.00596028,-0.00333960,0.00000000,0.00000000
2011-02-24,0.00000000,-0.00397398,-0.01130935,-0.00048784,0.00308158,-0.00882583,0.00000000,-0.00000000
2011-02-25,0.03207821,0.01731849,0.01723289,0.00755688,0.00712068,0.00569515,0.00359581,-0.00000000
2011-02-28,0.00000000,0.00916300,0.00972375,0.00421540,-0.00034663,0.00679561,0.00925030,-0.00000000
2011-03-01,0.00000000,-0.00632003,-0.00971351,-0.01154986,-0.00695427,0.00357193,-0.02150030,0.00000000
2011-03-02,0.00000000,0.00150954,0.00147449,0.00145590,-0.00195712,-0.00096915,0.00000000,-0.00000000
2011-03-03,0.00000000,0.00520299,0.00762354,0.01191582,0.00072442,0.00062164,0.00311442,0.00000000
2011-03-04,0.00000000,0.00162705,-0.00338386,-0.00499261,-0.00179444,-0.00694633,0.00000000,-0.00000000
2011-03-07,0.00000000,-0.00776355,-0.00215438,-0.00507490,-0.00074891,-0.00515789,0.00937500,0.00000000
2011-03-08,0.00000000,-0.00012899,0.00170470,0.00547665,0.00425215,0.00189599,0.00000000,-0.00000000
2011-03-09,0.00000000,0.00103938,-0.00201658,-0.00087775,0.00402758,0.01698421,0.00000000,-0.00000000
2011-03-10,0.00000000,-0.01893275,-0.02084586,-0.01143425,-0.00031284,0.00796325,0.00000000,-0.00000000
2011-03-11,0.00000000,0.00433635,0.00654582,0.00377565,0.00371837,0.00476597,0.00000000,-0.00000000
2011-03-14,0.00000000,-0.00515158,-0.00206422,-0.00323718,-0.00932059,-0.01651586,0.00000000,0.00000000
2011-03-15,0.00000000,-0.01510866,-0.01875126,-0.00608791,-0.02671262,-0.01463515,0.00000000,0.00000000
2011-03-16,0.00000000,-0.00623950,0.00544577,-0.00963761,-0.01601796,-0.01000939,0.00000000,0.00000000
2011-03-17,0.03982564,0.01413981,0.00185535,0.00635711,0.01817433,0.00247791,-0.00334170,-0.00000000
2011-03-18,-0.00203199,0.00598864,-0.00579125,-0.00032297,0.01387728,0.01028166,-0.00939618,-0.00000000
2011-03-21,0.04465188,0.01033130,0.00546984,0.00711837,0.01589239,0.00668321,-0.00096953,-0.00000000
2011-03-22,0.00000000,0.00098987,-0.00290803,-0.00149916,0.00072304,0.00499597,0.00000000,-0.00000000
2011-03-23,0.00000000,0.00044818,0.00087654,0.00123471,-0.00290508,0.00319649,0.00000000,-0.00000000
2011-03-24,0.02056740,0.00168926,0.00290286,0.00441195,-0.00487633,0.00308489,0.00844941,0.00000000
2011-03-25,0.00000000,-0.00235301,0.00547257,0.00138663,0.00221376,-0.00592105,0.00000000,0.00000000
2011-03-28,0.00000000,-0.00393420,-0.00595238,-0.00110508,0.00449532,-0.00600730,0.00000000,-0.00000000
2011-03-29,0.00000000,0.00103303,0.00098932,0.00311869,-0.00538628,0.00111266,0.00000000,0.00000000
2011-03-30,0.00000000,0.00834096,0.00381738,0.00319670,-0.00421484,0.01491370,-0.00657756,0.00000000
2011-03-31,0.00000000,0.00270229,0.00761018,-0.00069122,-0.00227996,0.00119429,0.00000000,0.00000000
2011-04-01,0.00000000,0.00504507,-0.00216390,0.00213563,-0.00423881,0.00634285,-0.01058929,0.00000000
2011-04-04,0.00000000,0.00449856,0.00208518,0.00044570,-0.00002090,0.00003579,0.00000000,0.00000000
2011-04-05,0.00000000,0.00187452,0.00716486,-0.00008579,-0.00195381,0.00311122,0.00000000,0.00000000
2011-04-06,0.00000000,-0.00083792,0.00291763,0.00180185,-0.00345528,0.00834220,0.00692758,0.00000000
2011-04-07,0.00000000,-0.00124902,-0.00288023,-0.00148724,-0.00140047,0.00540750,0.00000000,-0.00000000
2011-04-08,0.00000000,0.00510374,0.00562974,-0.00201712,-0.01001024,0.00564545,-0.00904930,-0.00000000
2011-04-11,0.00000000,-0.00632377,-0.00866858,-0.00208097,0.00518738,0.00059913,0.00000000,0.00000000
2011-04-12,0.00000000,-0.00557964,-0.01272855,-0.00517465,0.00454030,0.00290456,0.00000000,-0.00000000
2011-04-13,-0.00015233,0.00414628,-0.00043965,-0.00005407,-0.00043606,0.00210150,0.00544124,0.00000000
2011-04-14,0.00152321,0.00461860,0.00958147,0.00055555,0.00462773,0.00105096,0.00000000,0.00000000
2011-04-15,0.00730994,0.00666721,0.00136863,0.00353803,-0.00195495,-0.00015425,0.00000000,0.00000000
2011-04-18,-0.02232104,-0.00745767,-0.00524310,-0.01224794,-0.00985631,-0.00310718,0.00000000,-0.00000000
2011-04-19,0.01026235,0.00735173,0.00269918,0.00533712,0.00295286,-0.00360095,0.00000000,0.00000000
2011-04-20,0.00000000,0.01134281,0.00935950,0.01500090,0.00299093,0.00246695,0.00288874,0.00000000
2011-04-21,0.00000000,0.00668070,0.00495148,0.00473723,-0.00476924,-0.00455480,-0.00094206,0.00000000
2011-04-25,0.00000000,0.00027389,-0.00226833,-0.00096813,-0.00027333,-0.00343238,0.00000000,0.00000000
2011-04-26,0.00000000,0.00409615,-0.00451607,0.00837532,-0.00025018,0.00360526,-0.00249240,0.00000000
2011-04-27,0.00000000,0.00574844,0.00983757,0.00663254,-0.00605624,0.01518374,0.00000000,0.00000000
2011-04-28,0.00000000,0.00329721,-0.00212062,0.00327862,-0.00255156,0.00890502,0.00000000,0.00000000
2011-04-29,0.00000000,0.00549538,0.00525141,0.00252235,0.00212729,-0.01299606,0.00000000,-0.00000000
2011-05-02,0.00000000,-0.00534602,-0.01186261,-0.00169994,0.00168726,-0.00274586,-0.00356776,-0.00000000
2011-05-03,0.00000000,-0.00843805,-0.01261625,-0.00395407,-0.00792836,-0.00103238,0.00000000,0.00000000
2011-05-04,0.00000000,-0.00748836,-0.01457091,-0.00718942,-0.01265180,0.00480938,0.00000000,0.00000000
2011-05-05,0.00000000,-0.01623270,-0.02293041,-0.00934236,-0.02933016,-0.01388028,0.00000000,0.00000000
2011-05-06,0.00776018,0.00238914,0.00269281,0.00419838,0.00436274,0.00508704,-0.01319857,-0.00000000
2011-05-09,0.00000000,0.00886376,0.00852844,0.00366203,0.01450480,0.00431808,0.00000000,-0.00000000
2011-05-10,0.00000000,0.00209717,0.00568029,0.00802870,0.00480698,0.00194945,0.01083000,-0.00000000
2011-05-11,0.00000000,-0.01275224,-0.01558067,-0.00956986,-0.01365792,0.00368821,0.00000000,-0.00000000
2011-05-12,0.00000000,-0.00108032,0.00077546,0.00395820,0.00062720,0.00214234,0.00000000,0.00000000
2011-05-13,0.00000000,-0.00546182,-0.00606136,-0.00662916,0.00306438,-0.00270294,0.00000000,-0.00000000
2011-05-16,0.00000000,-0.00043882,-0.00382534,-0.00521702,-0.00012799,-0.00105357,0.00000000,-0.00000000
2011-05-17,0.00000000,0.00314228,0.00019575,-0.00012390,0.00235489,0.00838939,0.00000000,-0.00188580
2011-05-18,0.00000000,0.00401471,0.00987987,0.00716031,0.01068316,0.00544107,0.00000000,-0.00244283
2011-05-19,0.00000000,0.00012721,0.00032519,0.00212389,0.00022997,-0.00463190,0.00174315,0.00213280
2011-05-20,0.00000000,-0.00300087,-0.00383041,-0.00722205,0.00109669,-0.00390886,0.00000000,-0.00099818
2011-05-23,0.00000000,-0.01033301,-0.00729673,-0.01101761,0.00307652,-0.00320586,0.00000000,-0.00336995
2011-05-24,0.00000000,0.00681982,0.00350710,-0.00074520,-0.00038335,0.00028906,0.00000000,0.00017901
2011-05-25,0.00622192,0.00380871,0.00520289,0.00295191,-0.00085564,-0.00577883,0.00000000,0.00305797
2011-05-26,0.00855664,0.00762763,0.00366312,0.00436947,0.00419698,0.00274319,0.00000000,0.00251614
2011-05-27,0.00704839,0.00623456,0.00350800,0.00368360,0.00062605,0.00428528,-0.00252252,0.00175781
2011-05-31,0.01902451,0.00614994,0.00568035,0.01031677,-0.00164521,-0.00275682,0.01925926,0.00340042
2011-06-01,0.00000000,-0.00824381,-0.01686526,-0.02053910,0.01538240,0.00077844,0.00000000,-0.00721270
2011-06-02,0.00000000,-0.00247964,0.00393959,-0.00076359,-0.00132704,0.00189912,0.00000000,0.00136621
2011-06-03,-0.01712550,0.00210440,0.00013197,-0.00692229,-0.00404607,-0.00283614,0.00000000,-0.00001165
2011-06-06,-0.01693275,-0.00904370,-0.00700560,-0.00715330,-0.00228275,-0.00762509,0.00000000,0.00188619
2011-06-07,-0.00099038,0.00531983,0.00422818,-0.00045358,0.00110353,-0.00253966,-0.01884428,-0.00135494
2011-06-08,0.00000000,-0.00323640,-0.00220151,-0.00292703,-0.00287089,0.00348395,0.00000000,0.00179144
2011-06-09,0.00000000,0.00110862,0.00239301,0.00539393,0.00346541,0.00602765,0.00000000,-0.00362370
2011-06-10,-0.02090153,-0.01272237,-0.00994258,-0.00994096,-0.00693621,-0.00838248,0.00000000,-0.00403815
2011-06-13,0.00107397,-0.00199446,-0.00203212,0.00054611,-0.00082533,0.00115057,0.00000000,0.00193720
2011-06-14,0.01867683,0.00631309,0.00843938,0.00913738,0.01003726,0.00251087,-0.00446615,-0.00387392
2011-06-15,-0.02453100,-0.00998423,-0.01324284,-0.01181673,0.00632622,-0.00222384,0.00000000,0.01060279
2011-06-16,0.00293527,-0.00403417,-0.00118665,0.00133811,0.00100830,0.00289164,0.00000000,0.00661147
2011-06-17,0.00000000,0.00479917,0.00162961,-0.00119545,-0.00007167,0.00301613,-0.00099041,-0.00232079
2011-06-20,0.00000000,0.00130681,-0.00064559,0.00322501,0.00175363,0.00582416,0.00000000,-0.00538173
2011-06-21,0.00000000,0.00925236,0.00564241,0.00859392,0.00313166,0.01289320,0.00203861,-0.00393801
2011-06-22,0.00000000,-0.00479285,-0.00306463,-0.00351975,-0.00349814,-0.00823404,0.00000000,0.00115371
2011-06-23,0.00000000,-0.00478122,-0.00988737,-0.00170818,0.00682478,-0.00433425,0.00000000,-0.00011722
2011-06-24,-0.01602084,-0.00508672,-0.00619533,-0.00692520,0.00192448,-0.00314012,0.00000000,-0.00490839
2011-06-27,0.01169106,-0.00006638,0.00231365,0.00517416,-0.00012602,0.00519339,0.00000000,0.00169945
2011-06-28,0.01661403,0.00633255,0.01061311,0.00738961,0.00162636,0.00507197,0.00783920,-0.00480093
2011-06-29,0.00000000,0.00921287,0.00782576,0.00458486,0.00008278,0.00626372,0.00064230,0.00555752
2011-06-30,0.00000000,0.00293584,0.00171858,0.00514690,-0.00699807,-0.00460645,0.00018182,0.00447066
2011-07-01,0.00000000,0.00501459,0.00625712,0.00868074,-0.00636316,0.00868603,0.00000000,0.00439164
2011-07-05,0.00000000,0.00450586,0.00105714,-0.00045693,0.00311005,0.00073207,0.00000000,-0.00037124
2011-07-06,0.00000000,0.00070910,-0.00084644,0.00067361,-0.00001096,0.00691569,0.00000000,-0.00169216
2011-07-07,0.00000000,0.00588206,0.00705703,0.00612072,-0.00703926,0.01220153,0.00239450,0.00297130
2011-07-08,0.00000000,0.00027125,-0.00413016,-0.00409011,0.00678379,0.00119154,0.00000000,-0.00127903
2011-07-11,0.00000000,-0.01094130,-0.00854703,-0.01031587,-0.00193184,-0.00934997,0.00000000,0.00868222
2011-07-12,0.00000000,0.00315534,0.00079469,-0.00221450,-0.00580152,0.01102032,0.00000000,0.00253227
2011-07-13,0.00000000,0.01101820,0.00221078,0.00178643,0.00467971,0.00102686,-0.02576715,0.00000000
2011-07-14,-0.00833756,-0.00823293,-0.00155224,-0.00369617,-0.00268736,-0.00724362,0.00000000,0.00363597
2011-07-15,0.00718732,0.00666842,0.00441504,0.00324767,0.00353803,-0.00147706,0.01162117,-0.00094985
2011-07-18,-0.01015230,-0.00512213,-0.00103112,-0.00509367,-0.00690553,-0.00540414,0.00000000,0.00212600
2011-07-19,0.01967432,0.00890175,0.00019458,0.01021266,0.00662537,0.00333509,0.02113574,-0.00491281
2011-07-20,-0.00067663,0.00320617,0.00411247,-0.00035944,-0.00451894,-0.00362392,0.00000000,-0.00217662
2011-07-21,0.00000000,0.00560101,0.00082581,0.00812413,-0.00327880,0.01492325,-0.00203429,0.00527077
2011-07-22,0.00000000,0.00451743,0.00181251,0.00039263,0.00017841,-0.01109381,0.00000000,0.00071988
2011-07-25,0.00000000,-0.00429948,-0.00161254,-0.00336202,0.00182395,-0.00454208,0.00000000,-0.00382357
2011-07-26,0.00000000,0.00517484,0.00082997,-0.00223413,-0.00031881,-0.00191236,0.00000000,-0.00221158
2011-07-27,0.00000000,-0.01279059,-0.00761720,-0.01281427,0.00556229,-0.01650812,0.00000000,-0.00583420
2011-07-28,0.00000000,-0.00022614,-0.00323772,-0.00158337,-0.00101057,0.00690613,0.00000000,0.00214503
2011-07-29,-0.00767153,0.00550153,-0.00579133,-0.00382784,-0.00745585,-0.00545069,0.00000000,-0.00174310
2011-08-01,-0.00471381,-0.00268366,-0.00309822,-0.00241216,-0.00390112,-0.01261992,0.01651678,-0.00412303
2011-08-02,0.03247089,-0.00337835,-0.00368239,0.01735178,-0.01869592,-0.01383947,0.00000000,0.00667602
2011-08-03,0.00000000,0.00034491,-0.00054314,-0.02301160,-0.00280176,0.00356400,0.00000000,0.00042478
2011-08-04,0.00000000,-0.03156968,-0.02030515,-0.01486306,-0.03840311,-0.03248119,0.00000000,0.01864473
2011-08-05,0.00000000,-0.00529359,-0.00443143,-0.00040004,-0.00129672,0.00885062,-0.02957327,0.00367103
2011-08-08,0.00000000,-0.02495686,0.01877470,-0.01749104,-0.04922607,-0.02752158,0.00000000,0.01093838
2011-08-09,0.00000000,0.01071813,-0.01846318,0.00955456,0.02395366,0.01899868,0.06803324,-0.00688904
2011-08-10,0.00000000,-0.00276296,0.01436601,-0.00788473,-0.00760883,-0.01743663,0.00000000,0.00815723
2011-08-11,0.00000000,0.00364181,-0.01413705,0.00751376,0.02213934,0.01330760,0.00790637,-0.00246375
2011-08-12,0.00000000,0.00365486,-0.00212329,0.00101962,0.00148940,0.00260004,-0.00575317,0.00064284
2011-08-15,0.00000000,0.01052957,0.00040280,0.00322599,0.00494820,0.00774234,0.00839812,-0.00357774
2011-08-16,0.00000000,-0.00019993,-0.00111682,-0.00127832,0.00443088,0.00134059,0.00000000,-0.00139894
2011-08-17,0.00000000,0.00627723,-0.00027099,0.00010051,-0.00145796,0.00596443,0.00288294,0.00117041
2011-08-18,0.00000000,-0.01343865,0.00086205,-0.00663336,0.01571318,-0.01068322,0.00000000,0.01275948
2011-08-19,0.00000000,0.00112284,0.00797049,-0.00239640,-0.00505160,0.00346996,0.00000000,0.00283152
2011-08-22,0.00000000,0.00213963,0.00084711,0.00011824,-0.00148970,0.00983105,-0.01135367,0.00169048
2011-08-23,0.00000000,0.00235759,-0.00874799,0.00489799,0.01182511,0.00674867,0.01102638,-0.00261481
2011-08-24,0.00000000,-0.01005221,-0.00222376,0.00199751,0.00524825,-0.00205805,0.00000000,-0.00113284
2011-08-25,0.00000000,-0.00208988,0.00102136,-0.00216875,-0.00282978,-0.00789927,-0.00110082,0.00110202
2011-08-26,0.00000000,0.01073179,0.00608240,0.00216650,-0.00096898,0.00379183,0.00000000,0.00081563
2011-08-29,0.00000000,0.00467261,-0.00338057,0.00423670,-0.00848819,0.00384642,0.00735802,0.00344479
2011-08-30,0.00000000,0.00442244,0.00223012,0.00037860,0.00166995,0.00583168,0.00000000,-0.00056842
2011-08-31,0.00000000,0.00126493,-0.00161432,0.00064199,-0.00263821,0.00429777,-0.01032637,-0.00008428
2011-09-01,0.00000000,-0.00175327,-0.00450621,-0.00155245,0.00183688,-0.00127350,0.00000000,-0.00074406
2011-09-02,0.00000000,0.00032161,0.00614584,-0.00399870,0.00797654,-0.00149431,0.00000000,-0.00275170
2011-09-06,0.00000000,-0.00805418,-0.00061290,-0.00119644,-0.00357060,0.00190173,0.00000000,0.00156985
2011-09-07,0.00000000,0.00583679,-0.00686267,0.00466882,0.00816051,-0.00386439,0.00753795,-0.00195535
2011-09-08,0.00000000,-0.00176752,0.00176437,-0.00194828,-0.00247212,0.00165657,0.00000000,0.00088294
2011-09-09,0.00000000,-0.00768047,0.00117262,-0.00535735,-0.00776143,-0.00741421,0.00000000,0.00517201
2011-09-12,0.00000000,-0.00363126,-0.00388619,0.00142453,0.00081789,0.00049559,0.00000000,0.00049781
2011-09-13,0.00000000,0.00071137,-0.00234254,0.00225384,0.00144752,0.00020096,0.00333432,-0.00047183
2011-09-14,0.00000000,0.00045750,-0.00176726,0.00339653,-0.00039573,0.00077613,0.00868299,-0.00148945
2011-09-15,0.00000000,-0.00016314,-0.00518540,0.00430116,0.00376394,0.00079041,0.00641939,-0.00273087
2011-09-16,0.00000000,0.00039373,-0.00081658,0.00018494,0.00069285,0.00561091,0.00085196,0.00101498
2011-09-19,0.00000000,-0.00423211,0.00377523,-0.00247189,0.00304160,0.00194179,0.00000000,-0.00182685
2011-09-20,0.00000000,0.00247697,0.00334964,-0.00033892,0.00020516,0.01030705,-0.01756586,0.00007594
2011-09-21,0.00000000,-0.00871310,0.00441491,-0.00871706,-0.00231931,-0.00238208,0.00000000,-0.00297391
2011-09-22,0.00000000,-0.01367932,0.00026000,-0.00870193,-0.01237071,-0.00350008,0.00000000,0.00548917
2011-09-23,0.00000000,-0.01146826,-0.01347123,0.00161626,-0.00177534,0.00215161,0.00000000,0.00053635
2011-09-26,0.00000000,0.00132718,-0.00528793,0.00649515,0.00326974,0.00635003,0.02282963,-0.00185370
2011-09-27,0.00000000,0.00304302,-0.00532757,0.00294631,0.00609029,-0.00257963,-0.01333551,-0.00105567
2011-09-28,0.00000000,-0.01114102,0.00063434,-0.00547130,-0.00880486,-0.00426392,0.00000000,0.00346538
2011-09-29,0.00000000,0.00396657,-0.00471700,0.00218769,0.00319636,0.00058696,0.00026205,-0.00091040
2011-09-30,0.00000000,-0.00738101,0.00488770,-0.00690822,0.00808637,-0.00025620,0.00000000,0.00373635
2011-10-03,0.00000000,0.00328992,0.01508916,-0.00761201,-0.00380890,0.00672069,0.00000000,0.00342499
2011-10-04,0.00000000,-0.00468007,-0.01250903,0.00558484,0.00691175,-0.01533155,0.00000000,-0.00367999
2011-10-05,0.00000000,0.00284425,-0.00942419,0.00469672,0.00666527,-0.00702906,0.00000000,-0.00255612
2011-10-06,0.00000000,0.00234361,-0.01390550,0.00444961,0.00646245,0.00560478,0.00000000,0.00085443
2011-10-07,0.00000000,-0.00521342,0.00054719,-0.00169664,0.00053028,0.00230815,0.00248310,-0.00088054
2011-10-10,0.00000000,0.00495330,-0.01815908,0.00850883,-0.00754773,0.00012806,0.00727019,0.00372048
2011-10-11,0.00000000,0.00189063,0.00229854,0.00024330,0.00082211,0.00022608,0.00000000,0.00062804
2011-10-12,0.00000000,-0.00167229,-0.00884565,0.00214839,-0.00394038,-0.00390845,-0.00899562,0.00342524
2011-10-13,0.00000000,0.00190625,0.00284965,-0.00049490,0.00184086,-0.00118182,0.00000000,0.00010770
2011-10-14,0.00000000,0.00306104,-0.00708555,0.00430071,-0.00504860,-0.00145555,0.00860048,0.00290892
2011-10-17,0.00000000,-0.00194272,0.00460108,-0.00483993,0.00674632,0.00263637,0.00000000,-0.00534572
2011-10-18,0.00000000,0.00308378,-0.00806481,0.00481744,-0.00081396,-0.00666332,0.00000000,0.00185845
2011-10-19,0.00000000,-0.00559176,0.00146155,-0.00285312,0.00192374,-0.00346518,0.00000000,-0.00335046
2011-10-20,0.00000000,-0.00030047,0.00107208,0.00104364,-0.00245423,-0.00056017,0.00000000,0.00043755
2011-10-21,0.00000000,0.00540006,-0.00262425,0.00492381,0.00260995,0.00847168,0.00549597,-0.00274215
2011-10-24,0.00000000,0.00669358,-0.00507423,0.00341458,0.00328698,-0.00020628,0.00000000,-0.00297588
2011-10-25,0.00000000,0.00283254,0.00639854,-0.00539485,0.00682417,0.00209725,0.00000000,-0.00319884
2011-10-26,0.00000000,-0.00119689,-0.00272641,0.00277198,0.00003495,-0.00603949,0.01246736,-0.00202966
2011-10-27,0.00000000,0.00879231,-0.00944857,0.01000002,-0.00995752,-0.00372293,0.00590304,0.00647126
2011-10-28,0.00000000,0.00179314,0.00049375,-0.00007262,-0.00026399,-0.00100630,0.00000000,0.00024851
2011-10-31,0.00000000,-0.01134559,0.00431293,-0.00783309,0.00647995,0.00822212,0.00000000,-0.00546154
2011-11-01,0.00000000,-0.00164385,0.00524063,-0.00896994,-0.00186883,-0.00034839,0.00000000,0.00720000
2011-11-02,0.00000000,0.00651276,-0.00229053,0.00576050,0.00042276,-0.00286536,0.00469973,-0.00153578
2011-11-03,0.00000000,0.00491686,-0.00526664,0.00673401,0.00114398,0.01135055,0.00819415,-0.00253397
2011-11-04,0.00000000,-0.00018590,0.00295161,-0.00230698,-0.00165611,-0.00127089,0.00000000,0.00117525
2011-11-07,0.00000000,0.00464905,-0.00047610,0.00242648,0.00067680,0.00269708,0.00000000,-0.00052786
2011-11-08,0.00000000,-0.00137160,-0.00441401,0.00505640,0.00275071,-0.00271104,0.01733030,-0.00247887
2011-11-09,0.00000000,-0.01207658,0.00690828,-0.01557921,0.01145552,-0.00372084,0.00000000,-0.01009352
2011-11-10,0.00000000,-0.00130820,-0.00384077,0.00332486,0.00268371,-0.00686703,-0.00042413,-0.00312451
2011-11-11,0.00000000,0.00569270,-0.00602443,0.00665063,0.00608124,0.00756239,-0.00120685,-0.00207767
2011-11-14,0.00000000,-0.00394587,0.00359526,-0.00333444,0.00106011,-0.00499864,0.00000000,-0.00138019
2011-11-15,0.00000000,0.00115165,-0.00034687,0.00175969,0.00203604,0.00413028,0.00000000,-0.00064517
2011-11-16,0.00000000,-0.00384650,0.00401874,-0.00580819,-0.00608350,-0.00607841,0.00000000,0.00264419
2011-11-17,0.00000000,-0.01165939,-0.00298665,-0.00583729,-0.00028767,0.00069200,0.00000000,-0.00255565
2011-11-18,0.00000000,0.00052861,-0.00085387,-0.00037344,0.00092370,-0.00188073,0.00094550,-0.00177060
2011-11-21,0.00000000,-0.00706286,0.00677860,-0.00688943,-0.00771725,0.00133664,0.00000000,0.00074365
2011-11-22,0.00000000,0.00130828,0.00139415,-0.00141984,0.00214683,0.00516708,0.00000000,-0.00126397
2011-11-23,0.00000000,-0.00933510,0.00717883,-0.00813770,-0.01011952,-0.00684871,0.00000000,-0.00260232
2011-11-25,0.00000000,-0.00723524,-0.00219770,-0.00068230,-0.00056713,0.00095062,0.00000000,-0.00066715
2011-11-28,0.00000000,0.00617489,-0.01096326,0.01059645,0.01226029,0.00509237,0.00000000,0.00261425
2011-11-29,0.00000000,0.00113520,-0.00055693,0.00104660,0.00068810,0.00107735,-0.00351921,0.00107668
2011-11-30,0.00000000,0.00960135,-0.01688656,0.01526039,-0.00497916,0.00383665,0.00911220,0.00477140
2011-12-01,0.00000000,-0.00094323,0.00135536,-0.00005802,0.00251987,-0.00143818,0.00000000,0.00125003
2011-12-02,0.00000000,0.00325146,0.00184791,-0.00030588,0.00181062,-0.00958479,-0.00921910,0.00003882
2011-12-05,0.00000000,0.00195337,-0.00365335,0.00381024,-0.00403112,0.00055341,-0.00932140,0.00012960
2011-12-06,0.00000000,-0.00075432,0.00040205,0.00011262,0.00117735,0.00418861,0.00000000,0.00019967
2011-12-07,0.00000000,0.00159927,0.00008761,0.00134144,-0.00084812,0.00044947,0.00000000,-0.00159044
2011-12-08,0.00000000,-0.00712988,0.00599634,-0.00793054,-0.00021588,0.00358785,0.00000000,0.00251327
2011-12-09,0.00000000,0.00114594,-0.00715361,0.00592328,0.00371544,0.00038284,0.00090821,-0.00381613
2011-12-12,0.00000000,-0.00627628,0.01015736,-0.00559458,-0.00110697,0.00485216,0.00000000,-0.00033016
2011-12-13,0.00000000,-0.00137221,0.00377904,-0.00350021,-0.00672843,-0.00089523,-0.01846422,0.00027563
2011-12-14,0.00000000,-0.00638279,0.00718629,-0.00410234,-0.00938542,0.00099511,0.00000000,-0.00021143
2011-12-15,0.00000000,0.00111617,0.00036013,0.00139973,0.00020186,0.00128234,-0.00308802,0.00214575
2011-12-16,0.00000000,0.00633029,0.00186319,-0.00191880,0.00269291,0.00458689,-0.00023201,0.00019221
2011-12-19,0.00000000,-0.00006752,0.00621900,-0.00442678,-0.00647224,0.00735863,0.00000000,0.00058115
2011-12-20,0.00000000,0.00197094,-0.01386169,0.01263774,0.01186817,-0.00399439,0.00288458,0.00339488
2011-12-21,0.00000000,-0.00335913,-0.00022153,0.00072352,0.00066641,-0.00180918,0.00000000,0.00372107
2011-12-22,0.00000000,0.00284563,-0.00222098,0.00347400,-0.00182114,-0.01600506,0.00010005,-0.00011224
2011-12-23,0.00000000,-0.00184964,-0.00337333,0.00354377,-0.00210137,0.00876409,0.00258350,-0.00139217
2011-12-27,0.00000000,0.00247979,0.00221851,0.00032789,-0.00126886,0.00153079,0.00000000,0.00047324
2011-12-28,0.00000000,-0.00466587,0.00767144,-0.00565256,0.00698056,-0.00052866,0.00000000,-0.00240425
2011-12-29,0.00000000,0.00250473,-0.00785012,0.00473541,0.00150069,0.00538125,0.00000000,-0.00146105
2011-12-30,0.00000000,0.00328971,-0.00054003,-0.00225497,0.00045598,-0.00464066,0.00000000,0.00088964
2012-01-03,0.00000000,0.00346083,-0.01716722,0.00908210,0.00812152,-0.00748207,-0.00112930,-0.00297422
2012-01-04,0.00000000,-0.00203707,-0.00036175,0.00087385,-0.00102279,-0.00265773,0.00000000,0.00105175
2012-01-05,0.00000000,-0.00291888,0.00574834,0.00145791,0.00374374,-0.00254432,0.00000000,0.00130017
2012-01-06,0.00000000,0.00260843,0.00581281,-0.00147717,0.00469196,-0.00015044,0.00000000,0.00087038
2012-01-09,0.00000000,-0.00037592,-0.00504706,0.00138572,0.00007073,0.00001332,0.00000000,0.00082942
2012-01-10,0.00000000,0.00454394,-0.00797301,0.00496240,-0.00432303,0.00025381,0.00075005,0.00122443
2012-01-11,0.00000000,0.00242658,0.00158779,0.00032714,-0.00229062,-0.02182050,0.00000000,-0.00098353
2012-01-12,0.00000000,-0.00182804,-0.00039446,0.00157456,-0.00056700,-0.00030564,0.00000000,0.00094058
2012-01-13,0.00000000,0.00178013,0.00507388,-0.00367783,0.00307501,0.01118548,0.00000000,-0.00163012
2012-01-17,0.00000000,0.00431855,-0.00258426,0.00282017,-0.00230735,-0.00608895,-0.00760882,0.00051862
2012-01-18,0.00000000,0.00073451,-0.00677401,0.00845530,-0.00254220,-0.00337628,0.00000000,0.00209590
2012-01-19,0.00000000,-0.00357164,-0.00470985,0.00391503,-0.00306237,0.00438007,0.00101139,0.00169640
2012-01-20,0.00000000,-0.00099974,-0.00170298,0.00046067,-0.00430304,-0.00699047,0.00000000,0.00185768
2012-01-23,0.00000000,0.00185709,-0.00422935,0.00042339,-0.00233153,-0.00107077,0.00000000,0.00151725
2012-01-24,0.00000000,-0.00099524,-0.00071765,-0.00133582,0.00093384,-0.00758008,0.00000000,-0.00022468
2012-01-25,0.00000000,0.01190811,-0.00196406,0.00930865,-0.00509010,0.01076351,0.00000000,0.00263396
2012-01-26,0.00000000,0.00645041,0.00417179,-0.00586820,0.00244799,0.00805012,-0.00765372,0.00002485
2012-01-27,0.00000000,0.00588234,-0.00073109,-0.00051372,-0.00221449,0.00189817,0.00000000,0.00141703
2012-01-30,0.00000000,-0.00099481,0.00437938,-0.00391982,0.00554863,-0.00089324,0.00000000,-0.00209237
2012-01-31,0.00000000,0.00479853,0.00048822,-0.00054773,-0.00126602,0.01001062,0.00260706,-0.00000000
2012-02-01,0.00000000,0.00160268,-0.00534507,0.01248225,0.00116860,0.00070694,-0.00691436,0.00205862
2012-02-02,0.00000000,0.00333216,0.00035980,0.00223670,-0.00082927,-0.00063662,0.00000000,0.00233626
2012-02-03,0.00000000,-0.00773704,-0.00774211,0.02387040,0.00509553,-0.00697893,0.00086217,0.00402777
2012-02-06,0.00000000,0.00261581,0.00216729,-0.00093377,0.00267698,-0.00403766,0.00000000,0.00084571
2012-02-07,0.00000000,-0.00280483,-0.00435112,0.00334892,-0.00210345,0.00626062,0.00000000,-0.00073640
2012-02-08,0.00000000,-0.00051849,-0.00155562,-0.02378718,-0.00203866,-0.00438056,0.00000000,-0.00210791
2012-02-09,0.00000000,-0.00642239,-0.00198263,0.02099780,-0.00283071,-0.00577694,0.00000000,-0.00477982
2012-02-10,0.00000000,-0.00196456,0.00649522,-0.00590237,0.00844210,0.00465704,0.00000000,0.00828733
2012-02-13,0.00000000,0.00663867,-0.00228521,0.00567216,0.00196334,0.00835866,0.00139587,-0.00711300
2012-02-14,0.00000000,-0.00323726,0.00138020,-0.00094556,-0.00176836,0.00180142,0.00000000,0.00264684
2012-02-15,0.00000000,-0.00012320,-0.00159868,-0.00359033,-0.00126679,-0.00064974,-0.00613009,0.00512032
2012-02-16,0.00000000,-0.00046915,-0.00724830,0.00841109,0.00269034,-0.00014193,0.00000000,-0.00349910
2012-02-17,0.00000000,-0.00038692,-0.00095636,0.00199587,-0.00220214,-0.00352771,0.00368197,-0.00114190
2012-02-21,0.00000000,0.00000000,-0.00023263,0.00033567,-0.00095255,-0.00140953,0.00000000,0.00004547
2012-02-22,0.00000000,0.00422389,0.00127738,-0.00245686,-0.00120399,0.01092019,0.00000000,0.00256486
2012-02-23,0.00000000,0.00916372,-0.00048504,0.00338764,-0.00195594,0.00479215,0.00000000,0.00602803
2012-02-24,0.00000000,0.00038963,-0.00278723,0.00168536,-0.00284576,0.00642055,0.00000000,-0.00346379
2012-02-27,0.00000000,0.00145592,0.00260054,0.00133414,0.00540329,0.00138924,0.00000000,-0.00093845
2012-02-28,0.00000000,0.00232572,-0.00526553,0.00235610,-0.00206517,0.01140585,0.00000000,0.00124861
2012-02-29,0.00000000,-0.01526953,0.00076538,-0.00331809,0.00541724,0.00102625,0.00000000,0.00167031
2012-03-01,0.00000000,0.00294804,-0.00558300,0.00435902,-0.00035591,0.00259908,-0.00116526,0.00147035
2012-03-02,0.00000000,-0.00539238,0.00503797,-0.00254696,0.00149608,0.00364409,0.00000000,0.00045520
2012-03-05,0.00000000,-0.00442973,0.00285575,-0.00345886,0.00081700,0.00793593,0.00000000,0.00025675
2012-03-06,0.00000000,-0.00406227,0.01026538,-0.01214307,-0.00175899,-0.00483237,0.00000000,-0.00721467
2012-03-07,0.00000000,0.00156575,-0.00213871,0.00544962,0.00609376,0.00040434,0.00000000,-0.00463912
2012-03-08,0.02984745,-0.00143863,-0.00841741,0.00774747,0.01054671,0.00214688,0.00000000,-0.00339017
2012-03-09,0.00000000,0.00314172,0.00175324,0.00290779,-0.00068092,-0.00122973,0.00000000,0.00169917
2012-03-12,0.00000000,0.00005194,0.00282383,0.00004280,-0.00311778,0.00311446,0.00000000,0.00424873
2012-03-13,0.00000000,0.00428009,-0.00391452,0.01917631,-0.00075483,-0.00836796,0.02465516,0.00419536
2012-03-14,0.00000000,-0.02027184,-0.00031379,-0.00099268,-0.00311036,-0.00636935,0.00000000,-0.00294392
2012-03-15,0.00000000,0.00223769,-0.00269397,0.00523040,-0.00168717,-0.00100496,0.00000000,0.00131906
2012-03-16,0.00000000,0.00611003,-0.00096062,-0.00268775,-0.00002935,-0.00235538,0.00000000,0.00025085
2012-03-19,0.00000000,-0.00009506,-0.00137723,0.00357650,-0.00524576,-0.00160599,0.00000000,0.00549278
2012-03-20,0.00000000,-0.00798369,0.00344808,-0.00285531,0.00495339,0.00555625,0.00000000,0.00415382
2012-03-21,0.00000000,0.00369559,0.00265306,-0.00157936,0.00549217,0.00902133,0.00000000,0.00456702
2012-03-22,0.00000000,-0.00423639,0.00399432,-0.00689559,-0.00097178,0.01401106,0.00000000,-0.00108674
2012-03-23,0.00000000,0.00542843,-0.00436379,0.00295850,0.00680620,-0.00051650,0.00000000,0.00627768
2012-03-26,0.04210526,0.00703562,-0.00567522,0.01290881,0.00797781,0.01387901,0.00000000,0.00836084
2012-03-27,0.00000000,0.00731126,0.00696273,-0.00259997,-0.00245732,0.00257239,0.00000000,-0.00840505
2012-03-28,0.00000000,-0.00535502,0.00660666,-0.00407809,-0.00539101,0.00078575,0.00000000,-0.00061246
2012-03-29,0.00000000,0.00297574,0.00428532,-0.00137929,-0.00887169,-0.00011478,0.00000000,0.00042037
2012-03-30,0.00000000,-0.00358806,-0.00823456,0.00338343,0.00354500,-0.00183920,-0.00174716,0.00220593
2012-04-02,0.00000000,0.00922589,-0.00760445,0.00600096,0.00342585,0.00691112,0.00000000,-0.00003336
2012-04-03,0.00000000,-0.01479276,0.00396463,-0.00331560,-0.00257064,0.00936710,0.00038233,0.00152547
2012-04-04,0.00000000,-0.00453618,0.01646007,-0.00800724,-0.00857462,-0.00604164,0.00000000,0.00183547
2012-04-05,0.00000000,0.00282753,-0.00231445,-0.00043346,0.00031826,0.00541268,0.00000000,0.00160520
2012-04-09,0.00000000,0.00299462,0.00809346,-0.00962917,-0.00269453,0.00521565,0.00000000,0.00537322
2012-04-10,0.00000000,-0.00406678,0.00849887,-0.01358543,-0.01442478,-0.00833976,0.00000000,0.00652119
2012-04-11,0.02314335,0.00345927,-0.00244529,0.00557334,0.00762969,0.00188542,-0.00748031,-0.00177977
2012-04-12,0.03406966,0.00678165,-0.01682942,0.00875981,0.02111057,-0.00431616,0.00000000,-0.00685950
2012-04-13,-0.02577129,0.00132683,0.01319336,-0.00838524,-0.00600280,0.00719104,0.00000000,-0.00412800
2012-04-16,-0.00124065,0.00347566,0.00553448,-0.00044176,-0.00468589,-0.00617583,-0.00398540,-0.00123271
2012-04-17,0.02800497,0.00546198,-0.00543919,0.01001300,0.00225035,0.00412593,-0.00176978,0.00384345
2012-04-18,0.00000000,-0.00324685,0.00547309,-0.00207597,0.00023063,0.00274912,0.00000000,-0.00106815
2012-04-19,0.00000000,-0.00251282,-0.00137249,-0.00391658,0.00201076,-0.00316354,0.00000000,-0.00052597
2012-04-20,0.00000000,0.00323086,0.00018302,0.00100446,-0.00173362,0.00784214,-0.01650542,-0.00252334
2012-04-23,0.00000000,-0.00145036,0.00762790,-0.00509480,0.00582292,0.00014216,0.00000000,-0.00251947
2012-04-24,0.00628579,0.00205893,-0.00265159,0.00228517,0.00014861,-0.01100176,0.00000000,0.00179252
2012-04-25,0.02253185,0.00679456,-0.00418185,0.00821618,0.00443358,0.00983301,0.00557958,0.00444877
2012-04-26,0.00000000,0.00699889,-0.00055793,0.00415563,-0.00018301,0.00276449,0.00000000,0.00254509
2012-04-27,0.00000000,0.00358276,-0.00227011,0.00095931,-0.00281696,0.01097359,-0.00025678,0.00017825
2012-04-30,0.00000000,0.00068390,0.00254912,-0.00221102,-0.00107120,0.00010931,0.00000000,-0.00161083
2012-05-01,0.00000000,0.00134492,-0.00337694,0.00369266,-0.00575874,-0.00705773,0.00000000,0.00236081
2012-05-02,0.00000000,0.00389872,0.00887019,-0.00183617,0.00652782,0.01034568,0.00000000,-0.00081893
2012-05-03,0.00000000,-0.00367679,0.00448547,-0.00484144,0.00016412,-0.00133957,0.00000000,-0.00157281
2012-05-04,0.00000000,0.00007595,0.00930578,-0.01003872,-0.01650394,-0.00311718,0.00000000,0.00295558
2012-05-07,0.00000000,0.00337632,0.00084404,0.00044916,-0.00126018,0.00392376,0.00000000,-0.00113533
2012-05-08,-0.00606164,0.00066746,0.01139094,-0.00269507,-0.01315382,0.00062414,0.00000000,0.00069148
2012-05-09,-0.00885789,-0.00302342,0.00346929,-0.00413473,-0.00583309,-0.00054391,0.00000000,0.00277645
2012-05-10,0.00301404,-0.00222528,-0.00322029,0.00154721,0.00431908,0.01182115,-0.01412852,-0.00236397
2012-05-11,-0.00440352,0.00455871,0.01014956,-0.00233359,-0.00983918,0.00188242,0.00000000,0.00121340
2012-05-14,-0.01605219,-0.00260019,0.01448200,-0.00923087,-0.02050218,-0.00745882,0.00000000,0.00434642
2012-05-15,0.00000000,-0.00320893,0.00946102,-0.00481184,-0.01407548,0.00867539,0.00000000,0.00415323
2012-05-16,0.00000000,-0.00697080,0.00284841,-0.00317276,-0.00507525,0.01506735,-0.01581794,0.00255423
2012-05-17,-0.02027175,-0.00772287,-0.00030315,-0.01398773,-0.00117100,-0.00507660,0.00000000,0.00358390
2012-05-18,-0.01073143,-0.00360586,-0.00000960,-0.00719659,-0.00842991,0.00114922,-0.02488500,0.00498314
2012-05-21,0.00000000,0.00785660,-0.01391512,0.01419865,0.02035240,0.00441938,0.00000000,-0.00846695
2012-05-22,0.00000000,-0.00414293,0.00926212,0.00116715,0.00115910,0.00486246,0.00000000,0.00259380
2012-05-23,0.00000000,0.00561600,0.00363036,0.00036364,-0.00385855,0.00918091,0.00000000,-0.00119731
2012-05-24,0.00000000,0.00056876,0.00176019,0.00136817,-0.00027120,0.01394092,0.00000000,0.00053561
2012-05-25,0.00000000,0.00172820,-0.00115505,-0.00249176,0.00000035,-0.00141548,0.00000000,0.00067222
2012-05-29,0.00000000,0.00626414,-0.00602266,0.00965908,-0.00585033,-0.00878478,0.01671448,0.00354767
2012-05-30,0.00000000,0.00460232,0.01325226,-0.01043102,-0.00317315,0.00312032,0.00000000,-0.00497566
2012-05-31,0.00000000,0.01007493,0.00211629,-0.00147610,-0.00367328,-0.00130613,0.00000000,0.00085062
2012-06-01,-0.03075227,0.00257702,0.01071722,-0.01771470,-0.01043735,0.00205112,0.00000000,0.00610955
2012-06-04,0.00000000,-0.01191628,-0.00666454,-0.00028704,0.00443118,0.00558386,0.00000000,-0.00289034
2012-06-05,0.00000000,0.00402770,-0.00250683,0.00439126,0.00802901,0.00314019,0.00000000,-0.00165281
2012-06-06,0.00000000,-0.00070386,-0.01865842,0.01314993,0.02111817,0.00819031,0.01186803,-0.00511824
2012-06-07,0.00000000,-0.00150540,0.00051846,0.00027833,0.00416472,-0.00647225,-0.01420709,0.00060410
2012-06-08,0.00000000,0.00963844,0.00456433,0.00408821,0.00317133,0.01278309,0.00000000,0.00381779
2012-06-11,-0.01334639,-0.00720523,0.00975136,-0.00639467,0.01083157,0.00407948,-0.03224977,-0.00589525
2012-06-12,0.00000000,0.00023577,-0.00905688,0.00563959,-0.00636253,-0.00126142,0.00000000,0.00118572
2012-06-13,0.00000000,0.00285959,0.00602484,-0.00303413,0.00482345,0.00055916,0.00000000,-0.00348192
2012-06-14,0.00000000,0.00407688,-0.00452200,0.00510600,0.00497381,0.00136264,0.00000000,-0.00425406
2012-06-15,0.00000000,0.01243105,-0.00088353,0.00236112,-0.00065212,-0.00483422,0.01234377,0.00282858
2012-06-18,0.00000000,0.00284943,0.00092456,0.00090973,0.00186349,0.01349564,0.00000000,0.00548948
2012-06-19,0.00000000,-0.00259067,-0.01193610,0.00478796,-0.00784808,-0.00899982,-0.00268290,0.00131008
2012-06-20,0.00000000,-0.00247042,0.00482439,-0.00080841,-0.00017671,-0.00309787,0.00000000,0.00279137
2012-06-21,0.00000000,-0.01260500,0.01818759,-0.01213053,0.01439811,-0.00840558,0.00000000,-0.00755842
2012-06-22,0.00000000,-0.00401225,-0.00447644,0.00362020,0.00231175,-0.00689904,0.00922558,0.00687723
2012-06-25,-0.01716078,0.00641823,0.00076050,-0.00746924,0.00320278,0.00431763,0.00000000,-0.00511003
2012-06-26,0.00509929,-0.00104191,-0.00254264,0.00221451,-0.00082214,0.01211278,0.00000000,-0.00180109
2012-06-27,0.00910228,0.00645568,-0.00347773,0.00398306,0.00300424,-0.00643249,-0.00192160,0.00053122
2012-06-28,-0.00283739,0.00443940,0.00554378,-0.00128641,-0.00625526,-0.00479628,0.00000000,-0.00206952
2012-06-29,0.02460956,0.00438199,-0.02970823,0.01157400,-0.00156129,0.01145674,0.00000000,0.00400667
2012-07-02,0.00000000,0.01263620,0.00216863,0.00122298,-0.00011675,0.00328337,0.00697648,0.00405713
2012-07-03,0.00000000,0.00300970,-0.00951957,0.00309885,-0.00924085,-0.00786981,0.00000000,0.00138670
2012-07-05,0.00000000,0.00518498,0.00954671,-0.00215835,0.00456589,0.00567797,-0.00347382,-0.00224138
2012-07-06,0.00000000,0.00517912,0.01012754,-0.00465321,0.00897335,0.00334009,0.00000000,0.00061505
2012-07-09,0.00000000,0.00384614,0.00005980,-0.00065827,-0.00290562,0.00673601,0.00000000,0.00053334
2012-07-10,0.00000000,-0.00334225,0.00709555,-0.00461402,-0.00358147,0.00179750,-0.01773782,-0.00179781
2012-07-11,0.00000000,0.00129259,-0.00126801,0.00007819,0.00050586,-0.00969849,0.00000000,-0.00219305
2012-07-12,-0.00453211,0.00616675,0.00369788,-0.00267794,-0.00683132,0.00228536,0.00000000,0.00037285
2012-07-13,0.01639221,0.00502484,-0.00518536,0.00969861,0.00958996,0.00647165,0.00000000,-0.00369244
2012-07-16,-0.00217201,0.00258486,-0.00038755,-0.00127949,-0.00270776,0.00198074,0.00000000,0.00076655
2012-07-17,0.00632410,0.00120966,-0.00141087,0.00378811,0.00107017,0.00624931,0.00759504,0.00237924
2012-07-18,0.00000000,0.00451597,0.00033691,0.00405727,-0.00160599,-0.00607143,0.00000000,-0.00077253
2012-07-19,0.00000000,-0.00039679,-0.00423578,0.00142505,-0.00432216,-0.00815260,0.00000000,0.00153388
2012-07-20,0.00000000,0.00524228,0.00757577,-0.00506708,0.00923126,-0.00207010,0.00000000,-0.00340342
2012-07-23,0.00000000,-0.00441348,0.00720939,-0.00556711,-0.00091701,-0.00006459,0.00000000,-0.00428516
2012-07-24,0.00000000,0.00080845,0.00378680,-0.00525990,-0.00331333,-0.00090610,0.00000000,0.00270772
2012-07-25,0.00000000,-0.00124621,-0.00351907,0.00015588,0.00074529,0.01053922,0.00000000,-0.00092527
2012-07-26,0.01568188,0.00146434,-0.00945625,0.01070932,0.01207414,0.01022053,0.00564321,-0.00492258
2012-07-27,0.00000000,-0.00441095,-0.00881915,0.01097688,0.01396514,0.00795398,0.01452530,-0.00171412
2012-07-30,0.00000000,0.00670256,0.00124932,0.00001337,0.00122004,0.00230195,0.00000000,-0.00138197
2012-07-31,0.00000000,0.00252354,0.00340376,-0.00343951,0.00564454,-0.00939575,0.00000000,-0.00181789
2012-08-01,0.00000000,-0.00013598,0.00196444,-0.00110096,0.00072670,-0.00506692,-0.01517951,0.00139992
2012-08-02,0.00000000,0.00102725,0.00484874,-0.00448658,0.00493447,0.00172409,0.00000000,0.00147740
2012-08-03,0.00000000,0.00026037,-0.01265452,0.01821813,0.00230790,0.00374320,-0.00253712,0.00423794
2012-08-06,0.00000000,0.00208101,-0.00316493,-0.00311991,0.00026604,-0.00274535,-0.00813275,0.00154929
2012-08-07,0.00000000,-0.00962437,-0.00393740,0.00253625,-0.00412385,-0.00179826,-0.00877907,-0.00190835
2012-08-08,0.00000000,-0.00481539,-0.00197143,0.00061257,-0.00101656,-0.00459389,0.00000000,0.00261767
2012-08-09,0.00000000,-0.00141421,-0.00115196,0.00044693,-0.00258888,-0.00569632,0.00000000,0.00043045
2012-08-10,0.00000000,0.00316837,-0.00057227,0.00086529,0.00061292,-0.00669810,0.00000000,0.00114882
2012-08-13,0.00000000,-0.00614313,0.00143452,-0.00026814,0.00461239,0.00090830,0.00000000,0.00162010
2012-08-14,0.00000000,-0.00706491,-0.00044722,0.00007731,-0.00258960,-0.00109026,-0.00461014,-0.00357344
2012-08-15,0.00000000,-0.01008847,-0.00168496,0.00067623,-0.00195357,0.00132656,0.00000000,-0.00000000
2012-08-16,0.00000000,0.00309255,-0.00420024,0.00458580,-0.00477112,-0.00061719,0.00000000,0.00137584
2012-08-17,0.00000000,0.00346960,0.00133591,0.00082921,0.00065135,-0.00134846,0.00000000,0.00182066
2012-08-20,0.00000000,0.00006020,-0.00250307,0.00004356,0.00160415,0.00350093,0.00000000,-0.00000000
2012-08-21,0.00000000,0.00221233,-0.00216510,-0.00194144,-0.00383726,0.00190114,0.00000000,-0.00180696
2012-08-22,0.00000000,0.01048409,-0.00264476,0.00027682,-0.00004055,0.00346031,0.00000000,-0.00058547
2012-08-23,0.00000000,-0.00427998,-0.00224252,-0.00574990,-0.00384183,-0.00306910,0.00000000,-0.00123148
2012-08-24,0.00000000,0.00422698,0.00161546,0.00416867,0.00218541,-0.00045500,0.00000000,0.00281170
2012-08-27,0.00000000,0.00245074,0.00175097,0.00014764,-0.00207771,0.00642244,0.00000000,-0.00066724
2012-08-28,0.00000000,0.00332589,-0.00062282,-0.00092272,-0.00219295,-0.00199457,0.00000000,0.00116887
2012-08-29,0.00000000,-0.00417388,0.00058195,0.00070852,0.00072979,0.00226301,0.00000000,0.00012239
2012-08-30,0.00000000,-0.00476181,0.00142487,-0.00676370,-0.00746059,0.01340028,0.00000000,-0.00166259
2012-08-31,0.00000000,0.01564320,-0.00537380,0.00411478,0.00554135,0.00744859,-0.00076052,-0.00257634
2012-09-04,-0.00057244,-0.00445597,0.00109052,-0.00048749,-0.00511123,0.00655981,0.00000000,-0.00050353
2012-09-05,-0.00098156,-0.00049752,0.00105917,-0.00169636,0.00007621,-0.00173782,0.00000000,-0.00199380
2012-09-06,0.02469292,0.00578920,-0.00472285,0.03982956,0.01410514,0.00179783,0.00121610,0.00768166
2012-09-07,0.00000000,0.00763520,-0.00818904,0.00380994,-0.00871298,-0.00628723,0.00000000,0.00412076
2012-09-10,0.00000000,-0.00678448,0.00070504,-0.00569572,0.00907746,-0.00571388,0.00000000,-0.00397752
2012-09-11,0.00000000,0.00774963,-0.00062514,0.00267399,-0.00624076,-0.00629961,0.00000000,0.00050954
2012-09-12,0.00000000,-0.00145359,0.00034874,0.00320078,-0.00412186,0.00116035,-0.00191933,0.00206818
2012-09-13,0.00000000,0.02239294,-0.00241408,0.01458487,-0.01595523,0.00957694,0.00000000,0.00554839
2012-09-14,0.00000000,0.00240093,0.00050740,0.00339788,-0.01002965,-0.00192459,0.00000000,-0.00255532
2012-09-17,0.00000000,-0.00874347,0.00242475,-0.00256147,0.00890428,0.00989410,0.00000000,-0.00095153
2012-09-18,0.00000000,-0.00377556,-0.00238546,-0.00069634,0.00230637,0.00120071,0.00000000,-0.00180112
2012-09-19,0.00000000,-0.00300979,-0.00166506,0.00046233,-0.00009134,0.00559772,0.00000000,0.00001056
2012-09-20,0.00000000,-0.00983863,-0.00192276,0.00005879,0.00124952,-0.00277309,0.00000000,0.00096242
2012-09-21,0.00000000,0.00285418,-0.00174092,-0.00500187,0.00017201,-0.00218045,-0.00865345,-0.00057450
2012-09-24,0.00000000,-0.00406053,0.00019324,-0.00130432,-0.00389030,0.00296103,0.00000000,0.00119297
2012-09-25,-0.01296430,-0.01286393,-0.00814484,-0.00938933,-0.00662626,0.00308700,0.00000000,-0.00683127
2012-09-26,-0.00805222,-0.00384016,-0.00112473,-0.00463801,-0.00274459,0.00804797,0.00000000,0.00285016
2012-09-27,0.01330465,0.01859063,0.00236773,0.00756166,0.00610317,0.00349246,0.00265670,-0.00759667
2012-09-28,-0.00636315,-0.01074167,-0.00166078,-0.00358411,0.00069213,0.00835338,0.00000000,0.00256898
2012-10-01,0.00353825,0.00431897,0.00006799,0.00197641,-0.00111667,0.00691938,-0.01329376,0.00083055
2012-10-02,0.00000000,0.00370995,0.00288946,0.00084250,0.00266570,-0.00281439,0.00536978,-0.00191869
2012-10-03,0.00000000,-0.00581262,0.00176027,0.00323868,0.00071693,0.01256301,0.00000000,-0.00008290
2012-10-04,0.00000000,0.01360623,0.00249219,0.00567897,0.00221393,-0.00083366,0.00407072,0.00215516
2012-10-05,0.00000000,-0.00763193,0.00328415,0.00007848,-0.00086052,0.00340526,-0.01394493,-0.00123931
2012-10-08,0.00000000,-0.00267099,-0.00056211,-0.00335125,0.00337423,-0.00255072,0.00000000,-0.00105937
2012-10-09,0.00000000,-0.00582632,-0.00165147,-0.00968250,0.00569883,-0.02355339,0.00000000,-0.00358267
2012-10-10,0.00000000,-0.00147635,-0.00025752,-0.00582132,0.00037977,0.00154035,0.00000000,-0.00108701
2012-10-11,0.00088431,0.00868089,0.00229615,0.00048993,0.00128946,-0.00694730,-0.01089164,-0.00128555
2012-10-12,-0.00519294,-0.00509719,0.00029584,-0.00292997,-0.00145015,0.00284811,0.00000000,0.00089402
2012-10-15,0.01309667,0.00466417,0.00540104,0.00897968,0.00012265,0.00257716,0.00000000,-0.00278211
2012-10-16,0.01544127,0.00544704,0.00006098,0.01029053,0.00188869,0.00215882,0.00078426,-0.00207748
2012-10-17,0.00000000,0.00247557,0.00137154,0.00416620,-0.00576460,-0.00234890,0.00000000,0.00098787
2012-10-18,0.00000000,-0.00345881,0.00142507,-0.00237658,-0.00025383,-0.01149670,0.00000000,0.00026864
2012-10-19,0.00000000,-0.01354136,-0.00570704,-0.01512781,0.00954518,-0.00672230,0.00000000,-0.00569012
2012-10-22,0.00000000,-0.00201729,-0.00152632,0.00008239,-0.00419820,-0.01057280,0.00000000,0.00112743
2012-10-23,-0.02309833,-0.01250741,0.00328621,-0.01075145,0.01239903,-0.00473230,0.00000000,0.00696432
2012-10-24,-0.00423111,-0.00360908,0.00105395,-0.00198351,-0.00401344,0.00375988,-0.01573478,0.00048837
2012-10-25,0.00433061,0.00009648,-0.00373577,0.00210734,0.00773891,-0.00518501,0.00165887,-0.00230191
2012-10-26,-0.00083960,0.00151846,0.00067122,-0.00041354,-0.00464516,0.01070931,0.00000000,-0.00042911
2012-10-31,0.00000000,0.00988695,0.00423624,-0.00000809,0.00052200,0.00460173,0.00000000,0.00170669
2012-11-01,0.00000000,0.00498186,0.00085812,0.00865899,0.01072051,-0.00004413,0.00000000,-0.00717423
2012-11-02,0.00000000,-0.00400466,0.01697099,-0.00686419,0.00999300,0.00224228,-0.02636900,-0.00232337
2012-11-05,0.00000000,0.00040826,-0.00306752,0.00150483,0.00184559,0.00329822,0.00000000,-0.00156283
2012-11-06,0.01162674,0.00195439,-0.01000449,0.00584299,0.00626136,0.00340501,0.00000000,0.00303234
2012-11-07,0.00000000,-0.00486447,-0.00279420,-0.01670650,0.01489237,0.00296532,0.00000000,-0.00663241
2012-11-08,0.00000000,-0.00571781,-0.00400695,-0.00706486,-0.00274419,-0.00794113,0.00000000,0.00046359
2012-11-09,0.00125655,-0.00212939,-0.00054479,0.00048559,0.00085166,-0.00301880,0.00000000,-0.00002280
2012-11-12,0.00109843,0.00100915,0.00734798,0.00043233,-0.00107896,0.00850204,0.00000000,-0.00553858
2012-11-13,-0.00496520,-0.00407457,0.00113801,-0.00197153,-0.00202996,0.00423625,0.00000000,-0.00022968
2012-11-14,-0.01938999,-0.01441637,-0.00462757,-0.00777053,-0.00856151,-0.01382599,-0.02639438,-0.00279297
2012-11-15,0.00000000,-0.00169130,0.00627540,-0.00092863,-0.00219267,-0.00563615,0.00000000,-0.00075408
2012-11-16,0.00000000,0.00471744,0.00348393,0.00279371,0.00304782,0.01141686,0.00000000,0.00383156
2012-11-19,0.00000000,0.01286397,-0.00639995,0.01186901,0.00814854,0.00494774,0.00994643,0.00719414
2012-11-20,0.00000000,-0.00308224,0.00255009,0.00019836,-0.00015383,0.00538888,0.00000000,0.00136078
2012-11-21,0.00000000,0.00070901,0.00223329,0.00092665,-0.00381955,-0.00062545,0.00000000,-0.00046089
2012-11-23,0.00000000,0.01091448,0.00724959,0.00716973,-0.01168084,0.00118155,0.00000000,0.00344859
2012-11-26,0.00000000,0.00000712,0.00023788,-0.00104980,0.00284084,-0.00253464,0.00000000,0.00069088
2012-11-27,0.00000000,-0.00312305,-0.00069567,-0.00264050,0.00501447,0.00014607,0.00000000,-0.00166416
2012-11-28,0.00000000,0.00215312,0.00392673,0.00416630,-0.00114803,-0.00015165,0.00000000,0.00241546
2012-11-29,0.00000000,0.00917641,0.00412648,0.00232207,-0.00266034,-0.00193145,0.00080554,0.00091689
2012-11-30,0.00000000,-0.00171503,0.00586706,0.00012345,0.00004907,-0.00029497,0.00000000,-0.00142545
2012-12-03,0.00000000,0.00259687,0.00165304,-0.00249678,-0.00191610,-0.00179501,-0.01023065,-0.00166773
2012-12-04,0.00000000,0.00050553,0.00286366,-0.00073069,-0.00161332,-0.00333784,0.00000000,0.00105480
2012-12-05,0.00284591,0.00174822,0.00033988,0.00111388,0.00088141,-0.00942027,0.00000000,-0.00141113
2012-12-06,0.00544259,0.00395481,0.00563481,0.00214768,0.00173912,0.00056095,0.00000000,0.00109389
2012-12-07,0.00488144,0.00026388,-0.00084769,0.00197930,-0.00140984,-0.00247023,0.00589566,-0.00317447
2012-12-10,0.00064530,0.00165469,-0.00146694,0.00029191,-0.00136107,-0.00289488,0.00000000,0.00130954
2012-12-11,0.01075290,-0.00034262,0.00210564,0.00579506,-0.00416260,0.00284041,-0.00965775,-0.00300504
2012-12-12,0.00000000,-0.00118337,-0.00123575,0.00042893,-0.00180726,0.00163297,-0.01936277,-0.00234143
2012-12-13,0.00000000,-0.01064292,0.00039928,-0.00543807,0.00543668,-0.00964088,0.00000000,0.00164580
2012-12-14,0.00000000,0.00399086,-0.00214579,-0.00319625,-0.00222338,-0.00656961,0.00000000,-0.00069809
2012-12-17,0.00000000,0.00240038,0.00641223,0.01136656,-0.00338598,0.00881569,0.00000000,-0.00323231
2012-12-18,0.00000000,-0.00175073,0.00874014,0.01007861,-0.00714945,0.00084462,0.00000000,0.00345299
2012-12-19,0.00000000,0.00064915,-0.00582638,-0.00636303,-0.00282532,-0.00356307,0.00000000,0.00515470
2012-12-20,0.00000000,0.00417491,0.01658895,0.00559718,-0.01005821,0.01057923,0.00000000,0.00197209
2012-12-21,0.00000000,-0.00441411,-0.01138714,-0.01545015,0.00955975,0.00135856,0.00000000,0.00597232
2012-12-24,0.00000000,-0.00393704,-0.00020190,-0.00243453,-0.00000813,0.00347477,0.00000000,-0.00156552
2012-12-26,0.00000000,0.00213828,-0.00190333,-0.00358282,-0.00387960,-0.00999482,0.00000000,0.00492666
2012-12-27,0.00000000,0.00501043,0.00501567,-0.00112961,-0.00391436,0.00063547,0.00000000,-0.00008090
2012-12-28,-0.01945805,-0.00505164,-0.00355826,-0.00934895,-0.00139301,-0.00394643,0.00000000,0.00467573
2012-12-31,0.02843527,0.00773336,0.00862694,0.01404395,0.01197675,0.00862525,0.00000000,-0.00919529
2013-01-02,0.03703421,0.01795827,0.02833119,0.01782233,-0.01477502,0.00453999,0.00000000,0.00990200
2013-01-03,0.00000000,-0.01673299,-0.00423485,-0.00120814,0.00439063,-0.00658746,0.00000000,-0.00022280
2013-01-04,0.00000000,0.00150107,0.00662507,0.00234330,-0.00511029,0.00515313,0.00000000,0.00161628
2013-01-07,0.00000000,-0.00047194,-0.00129369,-0.00146879,0.00477287,0.00161756,0.00000000,0.00008527
2013-01-08,0.00000000,-0.00285932,-0.00395908,-0.00153871,0.00587589,0.00423296,0.00000000,0.00096834
2013-01-09,0.00000000,0.00294150,0.00516920,0.00137644,-0.00213478,0.00258596,0.00000000,-0.00017463
2013-01-10,0.00000000,0.01148430,0.00678846,0.00433000,0.00825192,-0.00280636,0.00936989,0.00194779
2013-01-11,0.00000000,0.00064721,0.00355275,-0.00003772,-0.00185156,0.00463777,0.00000000,0.00032747
2013-01-14,0.00000000,0.00200746,-0.00321547,-0.00036901,-0.00137465,0.00202537,0.00000000,0.00128589
2013-01-15,0.00000000,0.00115641,-0.00245750,0.00037337,-0.00011944,0.00796917,0.00000000,-0.00003057
2013-01-16,0.00000000,-0.00208007,-0.00318084,-0.00007911,0.00281462,-0.00237352,0.00000000,-0.00176759
2013-01-17,0.00000000,0.00331300,0.00591042,0.00371438,-0.00547906,0.00376377,-0.00287674,-0.00051715
2013-01-18,0.00000000,0.00253439,-0.00222131,0.00130732,-0.00174519,0.00463349,0.00000000,0.00512567
2013-01-22,0.00000000,0.00254805,-0.00180180,0.00343166,-0.00544759,-0.00196483,0.00000000,0.00226941
2013-01-23,0.00000000,-0.00151774,0.00209238,0.00104051,0.00266961,-0.00501260,0.00000000,0.00215814
2013-01-24,0.00000000,-0.00037091,0.01294295,0.00017923,-0.00127329,0.00631334,0.00000000,-0.00047013
2013-01-25,0.00000000,-0.00036620,0.01009949,0.00424670,-0.00779984,0.00233683,0.00516413,-0.00053907
2013-01-28,0.00000000,-0.00725555,-0.00316369,-0.00091551,-0.00154600,-0.00223666,0.00000000,-0.00222411
2013-01-29,0.00000000,0.00463330,-0.00166475,0.00304013,-0.00168352,0.00355726,0.00000000,-0.00254916
2013-01-30,0.00000000,-0.00252253,-0.00793682,-0.00305081,0.00162058,0.00382155,0.00000000,0.00502454
2013-01-31,0.00000000,0.00031048,0.00126855,-0.00198351,-0.00053893,-0.01100626,0.00000000,0.00024023
2013-02-01,0.00000000,0.00090082,0.01264290,0.00957002,-0.00592424,0.00679342,-0.00162720,-0.00430464
2013-02-04,0.00000000,-0.00779563,-0.01427879,-0.01682376,0.01516139,-0.00644107,0.00000000,-0.00576318
2013-02-05,0.00000000,0.00140747,0.00647740,0.01162714,-0.00306456,0.00342694,0.00115369,-0.00336858
2013-02-06,0.00000000,0.00339765,0.00303756,0.00081644,-0.00157153,-0.00249370,0.00000000,-0.00041748
2013-02-07,0.00000000,-0.00791837,-0.00039706,-0.00157092,-0.00586831,0.01165806,0.00000000,0.00023224
2013-02-08,0.00000000,0.00933852,0.00696006,0.00665730,0.00095711,0.00848028,0.00000000,0.00164912
2013-02-11,0.00000000,-0.00081321,0.01062648,-0.00023503,-0.00033493,-0.00410336,0.00000000,-0.00151936
2013-02-12,0.00000000,0.00194038,0.00151195,0.00200012,-0.00042695,-0.00099690,0.00000000,0.00077390
2013-02-13,0.00000000,-0.00100968,0.00592752,0.00107729,-0.00066918,0.00681931,-0.00043438,-0.00045652
2013-02-14,0.00000000,0.00014973,0.00155571,0.00114898,-0.00117286,-0.00797002,0.00000000,0.00124945
2013-02-15,0.00000000,-0.00500071,0.01190934,-0.00149023,-0.00138963,0.01391864,0.00000000,0.00073681
2013-02-19,0.00000000,0.01175763,0.01260543,0.00974040,-0.00821304,0.00021377,0.00000000,0.00387942
2013-02-20,0.00000000,-0.01208135,0.01688319,-0.01577092,-0.00255656,-0.00252079,0.00000000,-0.00765509
2013-02-21,0.00000000,-0.00978010,-0.00092852,-0.00616476,-0.00407302,-0.00508100,0.00000000,0.00154288
2013-02-22,0.00000000,0.01368607,0.00322477,0.00969379,0.00218497,0.00594537,0.00432254,-0.00289014
2013-02-25,0.00000000,-0.00843301,-0.01234287,-0.01755876,-0.00961587,-0.00027643,-0.05316506,0.01157080
2013-02-26,0.00000000,0.00740419,0.00035554,0.00481737,0.00720595,-0.00050185,0.00390312,-0.00189273
2013-02-27,0.01841397,0.00679064,0.01332741,0.00885935,0.01011605,0.01083075,0.00000000,-0.00510853
2013-02-28,0.00000000,0.00280601,0.00721579,-0.00129761,0.00003281,0.00510048,0.00000000,0.00225381
2013-03-01,0.00000000,0.00877956,0.01168011,0.00215630,-0.01080017,0.01569288,0.00000000,0.00112371
2013-03-04,0.00000000,0.00132308,0.00820671,0.00350450,-0.00171048,0.01490424,0.00000000,-0.00391469
2013-03-05,0.00000000,0.00603737,0.00167046,0.00586781,-0.00372922,0.00178351,-0.00323717,0.00242678
2013-03-06,0.00000000,-0.00151737,-0.00512583,0.00089279,-0.00531434,0.00016990,0.00285269,-0.00036423
2013-03-07,0.00000000,-0.00504464,-0.00749935,0.00124234,0.00110075,-0.00585395,0.00000000,0.00151568
2013-03-08,0.00000000,0.00012177,-0.00067146,0.00310340,-0.01088727,0.00561437,0.00380884,0.00101553
2013-03-11,0.00000000,0.00135973,0.00218761,0.00273526,-0.00011319,0.00554115,0.00000000,0.00308921
2013-03-12,0.00000000,-0.00208508,-0.00864865,-0.00162411,0.00420009,-0.00155752,0.00000000,-0.00114720
2013-03-13,0.00000000,-0.00095578,0.00832970,0.00104665,0.00742516,0.00192332,0.00000000,0.00042474
2013-03-14,0.00000000,0.00871043,0.00293574,0.00386192,-0.00083154,0.00285230,0.00000000,0.00142490
2013-03-15,0.00000000,0.00304613,0.00230862,-0.00416716,0.00020838,-0.00109961,-0.00138662,0.00007264
2013-03-18,0.00000000,-0.00092805,-0.00190593,-0.00396216,0.00004419,0.00517370,0.00000000,-0.00392189
2013-03-19,0.00000000,-0.00271204,0.00074342,-0.00165510,-0.00679745,0.01068307,0.00000000,-0.00007433
2013-03-20,0.00000000,0.00072691,-0.00029430,0.00499605,0.00791149,0.01071768,0.00233953,-0.00397808
2013-03-21,0.00000000,-0.00356392,-0.00552285,-0.00613565,-0.00216426,0.00468115,0.00000000,-0.00218234
2013-03-22,0.00000000,0.00626751,0.00401888,0.00625667,0.01004724,0.00893198,0.00335611,-0.00032692
2013-03-25,0.00000000,-0.00251111,-0.00376911,-0.00325703,-0.00455728,0.00639712,0.00743868,-0.00097462
2013-03-26,0.00000000,0.00924871,0.00202011,0.00636569,0.00139171,0.00251850,0.00762483,0.00192550
2013-03-27,0.00000000,0.00628149,-0.00338926,-0.00004261,-0.00133547,0.00639935,0.00000000,-0.00075917
2013-03-28,0.00000000,0.00013778,0.00639078,0.00320584,0.00093318,0.00720441,0.00000000,0.00034249
2013-04-01,0.00000000,-0.00713583,-0.00358920,-0.00479552,0.00302789,0.00206166,0.00000000,-0.00028336
2013-04-02,0.00000000,0.00469394,0.01816159,0.00630029,-0.00153130,0.00248112,-0.00654698,0.00276588
2013-04-03,0.00000000,-0.00451240,0.01178095,-0.01278334,0.00119678,-0.01347677,0.00000000,-0.00315111
2013-04-04,0.00000000,0.02008099,0.01860318,0.00446521,-0.00167768,0.01369812,0.00000000,-0.00164462
2013-04-05,0.00000000,0.00847108,0.00015914,-0.00522657,-0.00571514,-0.00582967,0.00000000,-0.00043934
2013-04-08,0.00000000,0.00537640,0.00790117,0.00765009,0.00106655,0.00143762,0.00000000,0.00245253
2013-04-09,0.00000000,0.00321031,-0.01184231,0.00373526,0.01616519,-0.01666878,0.00000000,0.00116487
2013-04-10,0.00000000,0.00565434,0.01201957,0.01334764,-0.00132821,0.00291905,0.00000000,0.00227703
2013-04-11,0.00000000,0.00614860,0.00863896,0.00314082,-0.00650249,0.00007925,0.00000000,0.00041887
2013-04-12,0.00000000,0.00514960,0.02192908,-0.00236834,0.00828344,-0.00241056,0.00000000,0.00163954
2013-04-15,0.00000000,-0.02788802,0.02564711,-0.02218705,-0.00517328,-0.01819405,0.00000000,-0.01033362
2013-04-16,0.00000000,0.01086922,0.00228642,0.00980052,0.01573486,0.01266196,0.00258905,-0.00645104
2013-04-17,0.00000000,-0.00705584,0.00483053,-0.00896530,-0.01424903,-0.00408253,0.00000000,0.00897242
2013-04-18,0.00000000,-0.00411689,-0.01016001,-0.00354848,0.01320013,-0.00102778,0.00000000,0.00343433
2013-04-19,0.00000000,0.00886145,0.00521564,0.00486435,0.00159306,0.01643151,0.00000000,-0.00537991
2013-04-22,0.00000000,0.00355973,-0.00221049,0.00245290,0.01051081,-0.00187644,0.00000000,-0.00160224
2013-04-23,0.00000000,0.00908483,0.01085903,0.00579686,-0.00378861,0.00706679,0.00029379,0.00359908
2013-04-24,0.00000000,0.00672074,-0.00915095,0.00034979,0.00537975,-0.00727505,0.00000000,-0.00022686
2013-04-25,0.00000000,0.00174120,-0.01093838,0.00226213,-0.00576008,-0.00039164,0.00000000,-0.00079353
2013-04-26,0.00000000,0.00000398,0.00334421,-0.00100011,0.01453574,-0.00370586,0.00000000,0.00003750
2013-04-29,0.00000000,0.00667972,-0.00636662,0.00378722,-0.01073649,0.00368418,0.00000000,0.00034410
2013-04-30,0.00000000,0.00463671,0.00191739,0.00133400,0.00099878,0.00989311,0.00000000,-0.00076491
2013-05-01,0.00000000,-0.00484083,0.00661948,-0.00500353,0.01954418,-0.00601519,0.00000000,0.00313496
2013-05-02,0.00000000,0.00806188,-0.00174826,0.00542605,0.00638965,0.00282685,0.00000000,-0.00251380
2013-05-03,0.00000000,-0.00287723,-0.00166049,0.00613421,0.00096136,0.00709750,-0.00739383,0.00158447
2013-05-06,0.00000000,0.00019216,0.00082338,0.00150444,-0.00134872,0.00255997,0.00000000,0.00125008
2013-05-07,0.00000000,0.00090233,0.00370734,0.00302750,-0.00818452,-0.00216645,0.00000000,0.00077807
2013-05-08,0.00000000,0.00467250,-0.00292582,0.00274545,0.00042232,-0.00013867,0.00000000,-0.00049726
2013-05-09,0.00000000,-0.00749324,0.00103321,-0.00169202,0.00328967,-0.00667435,0.00000000,-0.00136033
2013-05-10,0.00000000,-0.00669794,0.00497185,0.00200621,-0.00599141,-0.00638935,0.00000000,0.00072807
2013-05-13,0.00000000,-0.00450310,0.00247469,0.00049211,-0.00302611,-0.00515005,0.00000000,0.00032662
2013-05-14,0.00000000,0.00070770,0.00842364,0.00642074,-0.01155417,0.00983018,0.00000000,0.00073882
2013-05-15,0.00000000,0.00620424,0.01045398,0.00413277,-0.00543080,0.00247395,0.00000000,-0.00062171
2013-05-16,0.00000000,0.00025410,-0.00393142,-0.00396045,0.00185562,-0.00523447,0.00000000,-0.00066386
2013-05-17,0.00000000,0.00277904,0.01312420,0.01013674,-0.00940108,-0.00023106,0.01293482,0.00204919
2013-05-20,0.00000000,0.00405056,-0.00665995,-0.00007573,0.01039009,-0.00543561,0.00000000,-0.00104998
2013-05-21,0.00000000,0.00391635,0.00549647,0.00161458,-0.00306194,-0.00172334,0.00000000,-0.00069445
2013-05-22,0.00000000,-0.02490838,-0.00896279,-0.00907665,0.01024816,0.00067185,0.00000000,-0.00096400
2013-05-23,0.00000000,-0.01348999,-0.01943090,-0.00333545,-0.00046945,0.00206777,0.00000000,-0.00071737
2013-05-24,0.00000000,-0.00931263,-0.00536416,-0.00098529,-0.00616315,0.00132917,0.00000000,0.00024431
2013-05-28,0.00000000,-0.00848758,0.00342547,0.00683068,0.00484890,-0.00092369,-0.01084815,-0.00236167
2013-05-29,0.00000000,-0.01761700,-0.01679574,-0.00735306,-0.00958364,-0.00778226,0.00000000,-0.00150516
2013-05-30,0.00000000,-0.00034425,-0.00748202,0.00395655,-0.00898176,0.00251196,0.00000000,-0.00014438
2013-05-31,0.00000000,-0.02540714,-0.00960417,-0.01550001,-0.01382415,-0.00560662,0.00000000,-0.00315783
2013-06-03,0.00000000,0.00565409,-0.00636302,0.00510296,0.00287076,-0.00033296,0.00000000,-0.00024123
2013-06-04,-0.01442044,-0.00354682,0.00014004,-0.00455813,-0.00008605,-0.00518244,0.00000000,0.00113540
2013-06-05,-0.04196625,-0.01992802,-0.01554038,-0.01364255,-0.01829233,-0.00559050,0.00000000,0.00400137
2013-06-06,0.02712188,0.01372747,0.00641853,0.00750132,0.00082603,0.00460891,0.00000000,-0.00102932
2013-06-07,0.00000000,0.00391750,0.01264670,0.01016926,0.01214416,0.01465155,0.00875458,-0.00426038
2013-06-10,0.00000000,-0.00503595,0.00001403,-0.00000987,-0.00339377,-0.00057517,-0.00040185,0.00117947
2013-06-11,0.00000000,-0.01239353,-0.00872767,-0.00764698,-0.00621954,0.00095696,0.00000000,-0.00616520
2013-06-12,0.00000000,-0.00453313,0.00015663,-0.00580797,-0.00253457,-0.00078958,-0.01374753,0.00526323
2013-06-13,0.00000000,0.02144667,0.00902671,0.01036638,0.00730607,0.00543273,0.00000000,-0.00415612
2013-06-14,0.00000000,-0.00313062,-0.00249604,-0.00402336,-0.00128696,-0.00014732,0.00000000,-0.00259168
2013-06-17,0.00000000,0.00633311,0.00693092,0.00494325,0.00450956,-0.00106398,-0.00916393,-0.00186215
2013-06-18,0.00000000,0.00341346,0.00533339,0.00495350,0.00017224,0.00125956,0.00000000,-0.00132635
2013-06-19,0.00000000,-0.02131875,-0.00641565,-0.00879360,0.01207213,-0.01225835,0.00000000,-0.00000036
2013-06-20,0.00000000,-0.03359978,-0.01285015,-0.01470103,0.01509116,-0.01921561,0.00000000,-0.01055202
2013-06-21,0.00000000,-0.00039268,0.00374525,-0.00103816,0.01315686,0.00736476,0.00487038,-0.00324913
2013-06-24,-0.03536253,-0.00911377,-0.00315590,-0.00628490,-0.00648983,-0.00224208,0.00000000,0.00480792
2013-06-25,0.02195750,0.01079136,0.00742857,0.00464384,0.01023523,0.00240214,0.00185395,-0.00227485
2013-06-26,0.02035239,0.00458963,0.00741521,0.00460376,-0.00342595,-0.00001393,0.00596623,-0.00178678
2013-06-27,0.01113604,0.00996726,0.00668448,0.00269696,0.00161399,0.00884711,-0.00301227,-0.00326420
2013-06-28,-0.00757532,0.00094085,-0.00554521,-0.00191371,0.00596185,0.00540525,0.00000000,0.00030904
2013-07-01,0.00000000,0.00017175,0.00227406,0.00274995,0.00540381,0.00541383,-0.01631118,0.00254963
2013-07-02,0.00000000,0.00132994,0.00822508,-0.00045262,-0.00078408,0.00218470,0.00000000,-0.00096445
2013-07-03,0.00000000,0.00019822,-0.00182736,0.00021288,0.00564096,-0.00291635,0.00000000,0.00071915
2013-07-05,0.00000000,0.00013374,0.01353705,0.00533824,0.00119967,0.00454771,0.01067734,0.00427656
2013-07-08,0.00000000,0.00311987,-0.00008678,0.00291991,0.00357749,0.00801733,0.00289519,0.00357168
2013-07-09,0.00000000,0.00544559,0.00155966,0.00376076,-0.00362440,0.00214514,-0.00294153,0.00160637
2013-07-10,0.00000000,0.00091302,0.00124247,0.00019745,0.00130810,-0.00084844,0.00000000,0.00079735
2013-07-11,0.00000000,0.01718053,-0.00007659,0.00800198,0.00686304,0.00501646,0.00859094,0.00231255
2013-07-12,0.00000000,-0.00305827,0.00216574,0.00024461,0.00214896,0.00576150,0.00000000,-0.00087052
2013-07-15,0.00000000,0.00289211,-0.00054948,0.00237513,-0.00157513,-0.00242069,0.00000000,0.00212786
2013-07-16,0.00000000,0.00021755,-0.00547482,-0.00244798,-0.00039455,-0.00984807,0.00000000,-0.00255644
2013-07-17,0.00000000,0.00356014,0.00507474,0.00167328,0.00320889,0.00424798,-0.00431834,0.00352621
2013-07-18,0.00000000,0.00430262,0.00625050,0.00365969,0.00109655,0.00028432,0.00000000,0.00168976
2013-07-19,0.00000000,0.00055403,-0.00344581,0.00120414,0.00212305,-0.00387231,0.00000000,0.00225575
2013-07-22,0.00000000,0.00200745,-0.00707784,0.00141303,0.00173480,-0.00190362,0.00000000,0.00216649
2013-07-23,0.00000000,0.00123665,-0.00075285,-0.00226757,-0.00484405,-0.00184269,0.00000000,0.00051869
2013-07-24,0.00000000,-0.00901338,0.00089822,-0.00380182,0.00634074,0.00797258,-0.00217159,-0.00136800
2013-07-25,0.00000000,0.00249450,-0.00181524,0.00294072,-0.00639154,0.01365522,0.00000000,0.00256911
2013-07-26,0.00000000,-0.00194059,-0.00316421,0.00134776,-0.00488076,0.00514362,0.00000000,0.00032758
2013-07-29,0.00000000,-0.00572690,-0.00287686,-0.00417859,-0.00037501,-0.00372546,0.00000000,-0.00133703
2013-07-30,0.00000000,-0.00188918,-0.00041853,-0.00002129,0.00112347,-0.00327144,-0.00501422,-0.00216737
2013-07-31,0.00000000,-0.00008493,-0.00142275,0.00100159,-0.00383010,-0.00133143,0.00000000,-0.00224339
2013-08-01,0.00000000,0.00582500,0.01026527,0.01639531,0.01017892,0.01118983,0.00419408,0.00316038
2013-08-02,0.00000000,0.00216908,-0.00002432,0.00208913,0.00294473,0.00334663,0.00000000,0.00248868
2013-08-05,0.00000000,-0.00151890,0.00014276,-0.00182732,-0.00177233,-0.00222481,0.00000000,0.00144823
2013-08-06,0.00000000,-0.00257375,0.00044010,-0.00755325,-0.00363300,0.00467358,0.00000000,-0.00315872
2013-08-07,0.00000000,-0.00560931,-0.00616481,-0.00404844,-0.00058506,0.00506246,0.00000000,-0.00113316
2013-08-08,0.00000000,0.00443958,-0.00680941,0.00460421,0.00910197,0.00247678,-0.00462843,0.00161058
2013-08-09,0.00000000,0.00217542,-0.00251711,-0.00362892,0.00512795,-0.00539915,0.00000000,-0.00134957
2013-08-12,0.00000000,-0.00218536,-0.00871908,-0.00185405,-0.00166439,-0.00734483,0.00000000,-0.00066270
2013-08-13,0.00000000,-0.00041532,0.00553912,0.00451028,0.00547859,-0.00357239,0.00000000,-0.00091590
2013-08-14,0.00000000,-0.00160922,-0.00623165,-0.00806937,-0.00888899,-0.00193571,0.00000000,-0.00081884
2013-08-15,0.00000000,-0.00589196,-0.01010867,-0.02124414,-0.01483914,-0.01252169,0.00000000,-0.00547809
2013-08-16,0.00000000,-0.00403695,0.00227887,-0.00370891,-0.00554077,-0.00853163,0.00000000,-0.00201736
2013-08-19,-0.01167464,-0.00674581,-0.00237282,-0.00736001,-0.00789263,0.00784850,0.00000000,-0.00292473
2013-08-20,0.00873351,0.00341079,0.00036064,0.00548274,0.00831382,0.00599369,0.00000000,-0.00127114
2013-08-21,-0.01076412,-0.00767796,-0.00076809,-0.00665020,-0.00584647,-0.00504704,0.00000000,0.00184269
2013-08-22,0.01555888,0.00624018,0.00436074,0.00961609,0.01008195,0.00308818,0.00000000,-0.00239047
2013-08-23,0.00547593,0.00693175,-0.00496405,0.00322298,0.00813392,0.00321600,0.00321687,-0.00211350
2013-08-26,0.00000000,-0.00280886,-0.00672415,-0.00355771,0.00021623,-0.00137160,0.00000000,0.00329793
2013-08-27,0.00000000,-0.00532862,-0.00615009,-0.01587164,-0.00232789,-0.01145302,0.00000000,0.00804886
2013-08-28,0.00000000,0.00069221,0.00395621,0.00287659,-0.00092668,-0.00269078,0.00000000,-0.00028410
2013-08-29,0.00000000,-0.00201655,-0.00000539,0.00127849,0.00231884,0.00567327,0.00000000,0.00216871
2013-08-30,0.00000000,-0.00179781,-0.00049044,-0.00263541,-0.00160272,-0.00260523,0.00000000,0.00101444
2013-09-03,0.00000000,0.00411306,0.00569147,0.00421114,0.02208656,-0.00486941,0.00693833,-0.00351102
2013-09-04,0.00000000,0.00492962,0.00731802,0.00774000,0.00403591,-0.00227646,0.00000000,-0.00040712
2013-09-05,0.00000000,-0.00145977,0.00316701,0.00108959,-0.01186581,-0.00149129,0.00000000,0.00183487
2013-09-06,0.00000000,0.00344738,-0.00388495,0.00042589,0.00497092,0.00143658,-0.00943715,-0.00067718
2013-09-09,0.00000000,0.01085093,0.00630372,0.00859167,-0.01195051,0.00691914,0.00000000,0.00377753
2013-09-10,0.00000000,0.00352914,0.00899888,0.00633404,-0.00996051,0.00347269,0.00353319,0.00374806
2013-09-11,0.00000000,0.00326076,-0.00026263,0.00260915,0.00147003,0.00032126,0.00000000,0.00326406
2013-09-12,0.00000000,-0.00353137,0.00261445,-0.00221387,0.00120842,0.00195122,0.00000000,-0.00160959
2013-09-13,0.00000000,0.00207084,0.00026563,0.00188539,-0.00238896,0.00512171,0.00000000,0.00151499
2013-09-16,0.00000000,0.00372068,0.00826755,0.00499986,-0.01172961,0.00532956,-0.00919878,0.00104714
2013-09-17,0.00000000,0.00220399,0.00346268,0.00454507,-0.00255035,0.00357552,0.00000000,0.00122342
2013-09-18,0.00000000,0.02028475,-0.00605352,0.01190505,-0.00058647,0.00313972,0.04156775,0.00446696
2013-09-19,0.00000000,-0.00363652,0.00107805,-0.00168761,0.00237630,0.00304821,0.00000000,0.00062650
2013-09-20,0.00000000,-0.00866869,0.00394669,-0.01181637,0.01342337,0.00167489,0.00000000,-0.00237232
2013-09-23,0.00000000,-0.00244139,-0.00181115,-0.00420671,-0.00325014,-0.00001295,0.00000000,-0.00161478
2013-09-24,0.00000000,-0.00243534,-0.00397036,-0.00215502,-0.00130856,-0.00469371,0.00000000,0.00072532
2013-09-25,0.00000000,-0.00037365,-0.00318190,-0.00263630,-0.00137801,-0.00618354,0.00000000,0.00045595
2013-09-26,0.00000000,0.00486721,0.00575621,0.00351929,0.00135627,0.01031022,0.00000000,0.00249383
2013-09-27,-0.01380753,-0.00357646,-0.00387996,-0.00519475,-0.00180957,0.00305296,0.00000000,-0.00547251
2013-09-30,-0.01596718,-0.00493253,-0.00146062,-0.00575919,-0.00329467,-0.00779952,0.00000000,0.00426055
2013-10-01,0.02374859,0.00639690,0.01114536,0.00827017,0.01211066,0.01306764,0.00000000,-0.00449095
2013-10-02,-0.00259880,0.00226567,-0.00628440,-0.00096392,0.00547226,-0.00094499,0.00000000,0.00403376
2013-10-03,-0.02532276,-0.00614857,-0.00457783,-0.00942754,0.00248685,-0.00823053,0.00000000,0.00465866
2013-10-04,0.00000000,0.00360595,0.00364616,0.00733407,0.00361628,0.00672350,0.00000000,-0.00090233
2013-10-07,0.00000000,-0.00836225,-0.01606916,-0.00814682,0.00198659,-0.00184866,0.00000000,0.00955662
2013-10-08,0.00000000,-0.00782391,-0.00474363,-0.01028635,-0.00054579,-0.00751688,0.00000000,0.00543729
2013-10-09,0.00176630,0.00062029,0.00659701,0.00061014,0.00821156,0.00098864,0.00000000,-0.00402172
2013-10-10,0.05246319,0.01962803,0.01613350,0.01892704,0.01117454,0.01113115,0.01421784,-0.01121896
2013-10-11,0.00000000,0.00589535,0.00785703,0.00418820,-0.00478014,0.00862990,0.00000000,0.00158963
2013-10-14,0.00000000,0.00323727,0.00405494,0.00258012,-0.00324897,0.00046859,0.00000000,-0.00107652
2013-10-15,0.00000000,-0.00587010,-0.00625390,-0.00466745,0.00534564,-0.00636380,0.00000000,-0.00626251
2013-10-16,0.00000000,0.01210363,0.00908227,0.00887151,-0.00929991,0.01490637,0.00485505,0.01165124
2013-10-17,0.00000000,0.01024050,0.00053849,0.00393192,0.00069030,0.01008180,0.00000000,0.00505282
2013-10-18,0.00000000,0.00409391,0.00444324,0.00408326,-0.00284486,0.00335154,0.00444674,0.00103788
2013-10-21,0.00000000,-0.00307020,-0.00311962,0.00003956,-0.00062701,0.00443767,0.00000000,-0.00070188
2013-10-22,0.00000000,0.00601797,-0.00071142,0.00364800,-0.00780062,0.00620952,0.00000000,-0.00027833
2013-10-23,0.00000000,-0.00829343,-0.00361865,-0.00304052,0.00512848,0.00549679,0.00000000,-0.00055584
2013-10-24,0.00000000,0.00401117,0.00296578,0.00208401,-0.00189580,0.00151458,0.00000000,0.00138598
2013-10-25,0.00000000,0.00162869,-0.00037407,0.00288178,-0.00056947,0.00232424,0.00000000,0.00028258
2013-10-28,0.00000000,-0.00098435,0.00010232,0.00104090,0.00281844,0.00007357,0.00000000,-0.00049840
2013-10-29,0.00000000,-0.00101268,0.00280997,0.00354508,0.00386602,-0.00056836,0.00000000,0.00056778
2013-10-30,0.00000000,-0.00692898,-0.00573425,-0.00336296,0.00112942,-0.00249412,0.00000000,-0.00085761
2013-10-31,0.00000000,-0.00513181,-0.00033614,-0.00191912,0.00833058,0.00195612,0.00000000,0.00014265
2013-11-01,0.00000000,-0.00506783,0.00363380,0.00160962,0.00133808,0.00293135,0.00000000,0.00071549
2013-11-04,0.00000000,0.00475559,0.00439383,0.00249964,0.00213899,-0.00034881,0.00745743,0.00238165
2013-11-05,0.00000000,-0.00924199,-0.00605173,-0.00228742,0.00021253,0.00068880,0.00000000,0.00022198
2013-11-06,0.00000000,0.00377804,0.00213564,0.00383271,-0.00075303,0.00912613,0.00336087,0.00148475
2013-11-07,0.00000000,-0.01128421,-0.00883787,-0.01062736,-0.00798103,-0.00206496,0.00000000,-0.00324597
2013-11-08,0.00000000,0.00090111,0.01033721,0.00984312,0.00420789,0.01304024,0.00000000,0.00393363
2013-11-11,0.00000000,-0.00007210,0.00128898,0.00012876,-0.00033504,0.00440591,0.00000000,0.00019137
2013-11-12,0.00000000,-0.00389086,0.00195357,-0.00182589,-0.00282638,0.00967998,0.00000000,0.00034693
2013-11-13,0.00000000,0.00487539,0.00252317,0.00726527,0.00207118,0.00207588,0.00000000,0.00037116
2013-11-14,0.00000000,0.00530674,0.00041492,0.00463906,0.00819879,0.00534401,0.00000000,0.00100321
2013-11-15,0.00000000,0.00644383,0.00703683,0.00447130,-0.00540657,0.00572998,0.00000000,0.00121378
2013-11-18,0.00000000,-0.00379257,-0.00351050,-0.00371915,-0.00098872,0.00801025,0.00000000,-0.00000000
2013-11-19,0.00000000,-0.00228006,-0.00146121,-0.00230139,0.00368542,0.00501734,0.00000000,-0.00118525
2013-11-20,0.00000000,-0.00676188,0.00048113,-0.00329513,0.00534868,0.00124590,0.00000000,0.00194123
2013-11-21,0.00000000,0.00592190,0.00536306,0.00913572,0.00335601,0.00216351,0.00700011,0.00329907
2013-11-22,0.00000000,0.00227534,0.00100703,0.00554001,0.00067185,0.00154808,0.00000000,0.00148635
2013-11-25,0.00000000,-0.00450324,-0.00450063,-0.00109287,-0.00021146,0.00199072,0.00000000,-0.00031579
2013-11-26,0.00000000,0.00043580,0.00015214,0.00030458,-0.00462642,-0.00221052,0.00000000,0.00046152
2013-11-27,0.00000000,0.00143308,0.00216535,0.00268985,0.00042959,0.00582091,0.00000000,-0.00010190
2013-11-29,0.00000000,0.00141233,-0.00515549,-0.00075171,-0.00000035,-0.00328090,0.00000000,0.00114865
2013-12-02,0.00000000,-0.00577190,0.00375289,-0.00302082,-0.00307432,0.00175954,0.00000000,0.00092198
2013-12-03,0.00000000,-0.00002819,-0.00146599,-0.00500557,-0.00298320,-0.00093095,0.00000000,0.00234434
2013-12-04,0.00000000,-0.00094951,-0.00356822,-0.00013216,0.00709373,-0.00661937,0.00000000,-0.00079031
2013-12-05,0.00000000,-0.00223915,0.00282571,-0.00507834,-0.00291355,-0.00186058,0.00000000,0.00048963
2013-12-06,0.00000000,0.00591149,0.00511807,0.01271481,0.00973815,0.00467779,-0.00069798,-0.00352093
2013-12-09,0.00478223,0.00145959,-0.00140099,0.00262466,0.00167164,-0.00712159,0.00000000,-0.00084474
2013-12-10,-0.00671252,0.00057729,-0.00689455,-0.00438318,-0.00763650,-0.00474621,0.00000000,0.00055191
2013-12-11,-0.02081969,-0.01058519,-0.00397852,-0.01556333,0.00987919,-0.00843838,0.00000000,-0.00493031
2013-12-12,-0.00561699,-0.00296606,0.00416043,-0.00377809,0.00193271,-0.00507578,0.00000000,0.00032604
2013-12-13,0.00000000,-0.00134593,-0.00353458,-0.00013080,0.00119081,-0.00121366,0.00000000,0.00017151
2013-12-16,0.00000000,0.00302830,0.00158765,0.00757312,0.00319824,0.00122537,-0.00036942,0.00012841
2013-12-17,-0.00533911,-0.00150483,-0.00130311,-0.00388161,-0.00382384,-0.00371290,0.00000000,-0.00042951
2013-12-18,0.02870069,0.01136672,0.01358865,0.02122233,0.01180402,0.00692295,0.00000000,-0.00728256
2013-12-19,0.00000000,-0.00289963,0.00462183,-0.00110891,0.00125565,-0.00409961,0.00000000,-0.00109559
2013-12-20,0.00000000,0.00330982,-0.00115325,0.00035604,-0.00145126,0.01083244,0.00000000,-0.00063574
2013-12-23,0.00000000,0.00374519,0.00418203,0.00499271,-0.00205375,0.00890069,-0.00068890,0.00344667
2013-12-24,0.00000000,0.00011710,0.00056006,0.00209768,-0.00068400,-0.00093062,0.00000000,0.00200712
2013-12-26,0.00000000,0.00348266,0.00495120,0.00494879,-0.00243683,0.00187052,0.00000000,0.00163873
2013-12-27,0.00000000,0.00289173,0.00070146,-0.00005522,-0.00104247,-0.00023170,0.00000000,-0.00130058
2013-12-30,0.00000000,0.00232884,0.00640320,-0.00013266,0.00332420,0.00399169,0.00000000,-0.00136075
2013-12-31,0.00000000,0.00194265,0.00297018,0.00472808,-0.00952329,0.00255950,0.00000000,0.00004746
2014-01-02,0.00000000,-0.01191521,-0.01499215,-0.00954501,0.02068105,-0.01322224,0.00000000,0.00201346
2014-01-03,0.00000000,-0.00168758,-0.00573529,-0.00019001,-0.00040616,0.00076346,0.00000000,-0.00068312
2014-01-06,0.00000000,-0.00040232,-0.00288606,-0.00279932,-0.00244342,-0.00043372,-0.00036149,-0.00107607
2014-01-07,0.00000000,0.00242202,0.00625935,0.00591345,0.00303435,0.00252258,-0.00329706,-0.00258339
2014-01-08,0.00049305,-0.00171564,0.00641815,0.00022715,-0.00337272,-0.00209939,0.00000000,0.00014554
2014-01-09,0.00147873,0.00046784,0.00597239,0.00071803,-0.00442976,0.00842038,0.00029393,0.00017479
2014-01-10,0.00615431,0.00709629,-0.00770197,0.00306175,0.00509896,0.00307756,0.00000000,0.00276395
2014-01-13,-0.02989646,-0.00887845,-0.01418009,-0.01531012,-0.00665946,-0.00722158,0.00000000,-0.00460717
2014-01-14,0.02087626,0.00653835,0.01088063,0.01166373,0.00958251,0.00114318,0.00421798,0.00615617
2014-01-15,0.00000000,0.00151555,0.00216875,0.00536107,0.00143841,0.00336225,0.00000000,-0.00074242
2014-01-16,0.00000000,0.00033709,-0.00270193,-0.00128676,-0.00029758,-0.00838949,0.00000000,-0.00066221
2014-01-17,0.00000000,-0.00287273,-0.00385983,-0.00424215,-0.00193832,-0.00104623,0.00000000,-0.00058252
2014-01-21,0.00000000,0.00532151,0.00860073,0.00292799,0.00207455,0.00286942,0.00649619,0.00212789
2014-01-22,0.00000000,0.00380320,0.00309633,0.00073530,-0.00460733,0.00502606,0.00000000,0.00238727
2014-01-23,0.00000000,-0.00391609,-0.01239555,-0.00978460,0.00861398,-0.00033550,0.00000000,-0.00445075
2014-01-24,0.00000000,-0.01941139,-0.01179278,-0.02344065,-0.01746801,-0.00403307,0.00000000,0.01351266
2014-01-27,0.00000000,-0.00433470,0.00302318,-0.00383372,-0.00060620,-0.00288307,0.00000000,0.00214492
2014-01-28,0.01043248,0.00722199,0.00267057,0.00457821,0.00602956,-0.00500091,0.00000000,-0.00553700
2014-01-29,-0.01645509,-0.00550549,-0.00490095,-0.00733293,-0.01475294,-0.00807404,0.00000000,0.00885853
2014-01-30,0.01719111,0.00091763,0.00547292,0.00777088,0.01325326,0.00741036,-0.00638227,-0.00213433
2014-01-31,-0.00895433,-0.00485488,-0.00892913,-0.00401054,-0.01690784,0.00161647,0.00000000,0.01052843
2014-02-03,-0.03381291,-0.01215838,-0.01117235,-0.01544959,-0.00952757,-0.01259163,0.00000000,0.00821313
2014-02-04,0.00000000,0.00382340,-0.01079571,0.00400956,0.01034963,0.00787653,-0.00482216,-0.00247730
2014-02-05,0.00000000,-0.00202237,-0.00523800,-0.00069304,0.00025453,0.00694139,0.00000000,0.00431763
2014-02-06,0.00000000,0.00703769,0.00333064,0.00759311,0.00766971,0.01561989,0.00000000,-0.01095976
2014-02-07,0.00000000,0.01078078,0.00043999,0.00687387,0.00367567,0.00782602,0.01238948,-0.00634263
2014-02-10,0.00000000,0.00058503,0.00017874,0.00095774,0.00119831,0.00124217,0.00000000,-0.00024718
2014-02-11,0.00000000,0.00690128,-0.00306401,0.00573270,-0.01381155,0.00439128,0.00000000,0.00367612
2014-02-12,0.00000000,0.00059106,0.00552085,0.00024913,0.00308104,-0.00632492,0.00000000,0.00200092
2014-02-13,0.00000000,0.00551044,-0.00646014,0.00274914,-0.00126127,0.00222300,0.00000000,0.00069462
2014-02-14,0.00000000,0.00436794,-0.00431329,0.00301682,-0.01050546,0.00287275,0.00000000,0.00144544
2014-02-18,0.00000000,0.00773531,0.00324001,0.00065420,-0.00332490,-0.00581714,0.00000000,0.00119097
2014-02-19,0.00000000,-0.00361855,0.00067106,-0.00362734,0.00077659,-0.00603987,0.00000000,-0.00636159
2014-02-20,0.00000000,0.00096136,-0.00257291,0.00320731,-0.00137764,-0.00413069,0.00000000,-0.00352546
2014-02-21,0.00000000,0.00109415,-0.00209374,-0.00062298,0.00285366,0.00429775,0.00000000,0.00102367
2014-02-24,0.00000000,0.00636860,0.00388772,0.00303915,-0.00913623,0.00374916,0.00000000,-0.00066827
2014-02-25,0.00000000,0.00081610,-0.00211023,-0.00021064,0.00544443,0.00543090,0.00000000,-0.00002171
2014-02-26,0.00000000,-0.00032096,0.00125193,0.00001678,-0.00195220,0.00855856,0.00000000,0.00110742
2014-02-27,0.00000000,0.00210513,-0.00481453,0.00342720,-0.00256889,0.00287979,0.00000000,0.00012176
2014-02-28,0.00000000,0.00608962,0.00602949,0.00165198,-0.00087361,0.00509549,-0.01096228,-0.00165591
2014-03-03,0.00000000,-0.00208940,-0.00961175,-0.00485192,0.00477848,-0.00000196,0.00000000,-0.00508258
2014-03-04,0.00000000,0.00795980,0.01482652,0.00964877,0.01921002,0.00235401,0.00173142,-0.00606493
2014-03-05,0.00000000,-0.00227127,-0.00424314,0.00058698,0.00217715,0.00524981,0.00000000,-0.00000662
2014-03-06,0.00000000,0.00294608,0.00151074,0.00204489,-0.00424614,0.00415926,0.00000000,0.00047067
2014-03-07,0.00000000,-0.00441458,0.00786454,0.00039969,0.00140607,0.01304437,0.00268671,-0.00192563
2014-03-10,0.00000000,-0.00451229,-0.00077280,-0.00050831,0.00207412,0.00684674,0.00000000,-0.00045270
2014-03-11,0.00000000,-0.00290483,-0.00381769,-0.00509531,0.00471058,0.00484387,0.00000000,-0.00132761
2014-03-12,0.00000000,0.00083912,-0.00749972,0.00028800,-0.00152960,-0.00328913,0.00000000,-0.00013057
2014-03-13,0.00000000,-0.00660464,-0.00817420,-0.01249422,-0.01322942,-0.00357695,-0.00780820,0.00363540
2014-03-14,0.00000000,0.00003118,-0.00161131,-0.00286044,-0.00089060,0.00485859,0.00000000,0.00250783
2014-03-17,0.01175116,0.00190151,0.00558811,0.00914211,0.01105329,0.00377551,-0.00180713,-0.00414181
2014-03-18,0.00000000,0.00637647,0.00179645,0.00683840,0.00571759,-0.00067478,0.00000000,-0.00343628
2014-03-19,0.00000000,-0.01307813,0.00025527,-0.00540587,0.00730778,-0.00247353,0.00000000,-0.00183735
2014-03-20,0.00000000,-0.00274676,-0.00201058,0.00570677,-0.00450377,0.00792049,0.00000000,-0.00063266
2014-03-21,0.00000000,0.00186598,-0.00364643,-0.00822859,0.00096797,0.00275791,-0.02017371,-0.00069673
2014-03-24,0.00000000,0.00013490,0.00461289,-0.00393174,-0.00336754,0.00057298,0.00725937,-0.00018268
2014-03-25,0.00000000,0.00485626,0.00117106,0.00443503,0.00263014,0.00239824,0.00576985,0.00113827
2014-03-26,0.00000000,-0.00164068,0.00046138,-0.00676668,-0.00365011,0.01211397,-0.03019736,0.00155813
2014-03-27,0.00000000,0.00429681,-0.00172977,-0.00190384,-0.00125204,0.00320745,0.00000000,0.00100079
2014-03-28,0.00000000,0.00535801,0.00481626,0.00442137,-0.00340642,0.00612339,0.00000000,0.00106333
2014-03-31,0.00000000,0.00370053,0.00456896,0.00736552,-0.00312317,0.00517950,-0.00339526,0.00289372
2014-04-01,0.00000000,0.00074250,0.00309525,0.00576917,-0.00387919,-0.00737788,0.00907542,0.00299757
2014-04-02,0.00000000,0.00019676,-0.00244265,0.00292673,-0.00517695,0.00354115,0.00000000,-0.00065488
2014-04-03,0.00000000,-0.00123177,0.00062045,-0.00132142,0.00567872,0.01234061,0.00000000,0.00010838
2014-04-04,0.00000000,0.00164447,-0.00898893,-0.01165918,0.00774419,-0.00248771,-0.01476224,-0.00185181
2014-04-07,0.00000000,-0.00127219,-0.00626898,-0.00970493,0.00115319,-0.00860612,0.00000000,-0.00204290
2014-04-08,0.00000000,0.00896263,0.00424152,0.00332414,-0.00101548,-0.00071723,0.00000000,-0.00170574
2014-04-09,0.01529899,0.00871776,0.00731637,0.00856686,0.00009798,-0.00584939,0.00000000,-0.00219911
2014-04-10,0.00000000,-0.00972894,-0.00985256,-0.01617221,-0.00532465,0.00225773,0.00000000,0.00535767
2014-04-11,0.00000000,-0.00583015,-0.00645891,-0.00566157,-0.00274529,-0.00420974,0.00000000,0.00265492
2014-04-14,0.01218911,0.00447392,0.00132075,0.00501245,0.00495265,0.00562690,-0.00412912,-0.00072357
2014-04-15,0.01033475,0.00101793,0.00141847,0.00425057,0.00350597,0.00062364,0.00000000,-0.00090678
2014-04-16,0.00000000,0.00657634,0.00386260,0.00651766,0.00758746,-0.00030212,0.01194819,-0.00312540
2014-04-17,0.00000000,0.00101661,0.00527471,0.00086033,0.00552712,-0.00244700,0.00000000,-0.00131240
2014-04-21,0.00000000,-0.00022482,0.00040668,0.00212909,-0.00321764,0.00100417,0.00000000,0.00151708
2014-04-22,0.00000000,0.00251132,0.00248137,0.00283078,0.00217700,-0.00582297,0.00000000,0.00010637
2014-04-23,0.00000000,-0.00107779,-0.00373542,-0.00163275,0.00252716,-0.00051234,0.00000000,-0.00024704
2014-04-24,0.00000000,0.00271235,0.00072976,0.00142195,0.00161471,-0.00056022,-0.00625233,-0.00123477
2014-04-25,0.00000000,-0.00652060,-0.00618565,-0.00581036,0.00377074,0.00738218,0.00000000,-0.00062640
2014-04-28,0.00000000,0.00150423,0.00557142,0.00222423,0.00290365,0.01333785,0.01417272,-0.00212472
2014-04-29,0.00000000,0.00381727,0.00274595,0.00336113,0.00151764,-0.00256540,-0.00408045,-0.00176353
2014-04-30,0.00000000,0.00165295,0.00061635,0.00260909,-0.00089877,0.00252689,0.00000000,-0.00023043
2014-05-01,0.00000000,-0.00100964,-0.00332079,-0.00044117,-0.00536719,-0.01147631,0.00000000,0.00010791
2014-05-02,0.00000000,0.00162345,-0.00950614,-0.00113042,0.00947155,0.00562486,0.00000000,0.00056832
2014-05-05,0.00000000,-0.00102795,0.00059969,0.00153943,0.00289983,-0.00178481,0.00000000,0.00122125
2014-05-06,0.00000000,0.00136222,0.00358773,-0.00710836,0.00140562,0.00287977,0.00000000,-0.00083689
2014-05-07,0.00000000,0.00383252,0.00557259,0.00493679,0.00117914,0.02324873,0.01103979,0.00251510
2014-05-08,0.00000000,-0.00466965,-0.00318856,-0.00096068,-0.00116411,-0.00017650,0.00000000,-0.00022852
2014-05-09,0.00000000,-0.00630805,-0.00658151,0.00134304,-0.00026111,-0.00695916,0.00000000,0.00283814
2014-05-12,0.00000000,0.00477825,0.00134299,0.00901095,0.00201106,-0.00316445,0.00495676,0.00388826
2014-05-13,0.00000000,0.00093283,-0.00304565,0.00103821,0.00033913,0.00141870,0.00000000,-0.00038117
2014-05-14,0.00000000,0.00167962,-0.00894601,-0.00629165,0.00050294,0.00057589,0.00000000,0.00072916
2014-05-15,0.00000000,-0.00380940,0.00072300,-0.01141764,0.00491227,-0.00534109,0.00000000,-0.00136526
2014-05-16,0.00000000,0.00159410,0.00120004,0.00411810,0.00095690,0.00960812,0.00000000,0.00319673
2014-05-19,0.00000000,-0.00014182,0.00231764,0.00473447,0.00444719,-0.00209554,0.00000000,0.00167108
2014-05-20,0.00000000,-0.00551690,-0.00143187,-0.00806283,-0.00663629,-0.00079906,0.00000000,0.00122960
2014-05-21,0.00000000,0.00677913,0.00337094,0.01027694,0.00995457,0.00348799,0.00478875,0.00220664
2014-05-22,0.00000000,-0.00033461,-0.00382409,0.00276866,0.00264061,-0.00287873,0.00000000,-0.00007829
2014-05-23,0.00000000,0.00152288,-0.00256143,0.00458812,0.00193448,-0.00095951,0.00000000,0.00113789
2014-05-27,0.00000000,0.00271382,0.00911860,0.00696670,-0.00187935,-0.00307242,0.00000000,0.00426666
2014-05-28,0.00000000,-0.00235241,-0.00779275,-0.00087814,-0.00291403,-0.00263491,0.00000000,0.00036249
2014-05-29,0.00000000,0.00568540,0.00660632,0.00616728,-0.00358520,0.00103317,0.00000000,0.00059422
2014-05-30,0.00000000,-0.00179699,0.00538238,0.00194542,-0.00342210,0.01421314,0.00000000,0.00055787
2014-06-02,0.00000000,-0.00587758,0.00301900,0.00135333,-0.00677930,0.00616280,0.00000000,0.00065315
2014-06-03,0.00000000,-0.00389264,0.00216921,-0.00060063,0.00632324,0.00710664,0.00000000,-0.00056228
2014-06-04,0.00000000,-0.00179790,0.00290020,0.00247231,-0.00403960,0.00036591,0.00000000,0.00165188
2014-06-05,0.00000000,0.01456738,0.00981512,0.00796616,-0.00772629,-0.00385166,-0.00095498,0.00572025
2014-06-06,0.00000000,0.00699034,0.00118841,0.00628742,0.00301402,-0.00071892,0.00000000,0.00777527
2014-06-09,0.00000000,-0.00299248,-0.00715605,0.00139240,0.00156416,-0.00331236,0.00000000,-0.00191156
2014-06-10,0.00000000,-0.00561253,-0.00597537,0.00014072,-0.00690490,-0.00595633,0.00000000,0.00262094
2014-06-11,0.00000000,-0.00144385,-0.00777184,-0.00487947,-0.00099849,-0.00122328,0.00000000,-0.00345172
2014-06-12,0.00000000,0.00605220,-0.00988791,-0.01060443,-0.00604813,0.00510614,0.00000000,-0.00763221
2014-06-13,0.00000000,0.00353246,0.00344337,0.00411837,-0.00307895,0.00155071,0.00000000,-0.00281784
2014-06-16,0.00247257,-0.00104920,-0.00278562,0.00115690,-0.00151544,-0.00371176,0.00000000,-0.00024671
2014-06-17,0.00833805,-0.00507309,-0.00102998,0.00454535,0.00269932,0.00386751,0.00000000,-0.00544537
2014-06-18,0.02194221,0.01713038,0.00652083,0.01233207,0.00446581,0.00468848,0.00000000,-0.00823980
2014-06-19,0.00000000,0.00628497,-0.00750769,0.00180010,-0.01971065,0.01469285,0.00000000,-0.00089090
2014-06-20,0.00000000,0.00447078,0.00267722,-0.00493945,0.00044130,-0.00615226,0.00000000,-0.00193303
2014-06-23,0.00000000,-0.00242078,-0.00267488,-0.00058661,0.00012294,0.00154232,0.00000000,0.00357364
2014-06-24,0.00000000,-0.00301051,-0.01436875,-0.01121025,0.01006461,-0.01454466,0.00000000,-0.00512797
2014-06-25,0.00000000,0.00619047,0.00347480,0.00747585,-0.00107829,-0.00220061,0.00000000,0.00522593
2014-06-26,0.00000000,0.00273925,0.00210308,-0.00122909,0.00154423,-0.00498014,0.00000000,0.00161040
2014-06-27,0.00000000,0.00201506,0.00514046,0.00333769,0.00022571,0.00289557,0.00000000,-0.00122042
2014-06-30,0.00000000,0.00015455,-0.00116647,-0.00091543,-0.00359402,0.00206909,0.00000000,-0.00127980
2014-07-01,0.00000000,0.00095079,0.01412376,0.01183566,0.00478015,-0.00295845,0.00000000,-0.00376988
2014-07-02,0.00000000,-0.00382664,0.00517967,0.00169646,-0.00673893,0.00381711,0.00000000,0.00132966
2014-07-03,0.00000000,-0.00330195,0.00576437,0.00864975,-0.00029809,0.00215455,0.00000000,0.00196237
2014-07-07,0.00000000,-0.00436081,-0.00758569,-0.00593957,0.00818956,-0.00185980,0.00000000,-0.00315365
2014-07-08,0.00000000,0.00026810,-0.00984190,-0.01124000,0.00750104,0.01273611,0.00000000,-0.00216475
2014-07-09,0.00000000,0.00484412,0.01199559,0.00795100,-0.00386478,0.00680992,0.00000000,-0.00306967
2014-07-10,0.00000000,-0.00588589,-0.01136913,-0.00692439,-0.00870888,-0.00780505,0.00000000,0.00518262
2014-07-11,0.00000000,0.00086258,0.00619847,0.00231310,-0.00914501,-0.00359205,0.00000000,-0.00147600
2014-07-14,0.00000000,0.00130220,0.00805041,0.00868813,0.01647556,-0.00103119,-0.00063739,-0.00436626
2014-07-15,0.00000000,-0.00693239,0.00163551,-0.00347153,-0.00505318,0.00665147,0.00000000,0.00259918
2014-07-16,0.00000000,0.00540763,0.00258966,0.00675124,-0.00175130,0.00557412,-0.00063617,-0.00369206
2014-07-17,0.00000000,-0.00577604,-0.02578258,-0.02035274,0.01640149,-0.00467270,0.00000000,0.01472442
2014-07-18,0.00000000,0.00945336,0.01708230,0.01394284,0.00187059,0.00043367,0.00513782,-0.00879542
2014-07-21,0.00000000,-0.00067408,-0.00260561,-0.00236796,-0.00174139,-0.01103655,0.00000000,0.00269397
2014-07-22,0.00000000,0.00403692,0.00744871,0.00544964,-0.00213741,0.00106730,-0.00305536,-0.00241393
2014-07-23,0.00000000,0.00431674,0.00182389,0.00277941,-0.00200781,0.00701552,0.00000000,-0.00115262
2014-07-24,0.00000000,-0.00560703,0.00487644,0.00006253,0.00604689,0.00385265,0.00000000,-0.00093525
2014-07-25,0.00000000,-0.00203159,-0.01386685,-0.00615287,0.01257562,-0.00406233,0.00000000,-0.00375956
2014-07-28,0.00000000,0.00072146,0.00452918,0.00051282,0.00130250,0.00211590,0.00000000,-0.00086750
2014-07-29,0.00000000,-0.00509198,-0.00266720,-0.00550174,-0.00090019,-0.00942790,0.00000000,0.00000564
2014-07-30,0.00000000,-0.01127506,0.00165594,0.00018444,-0.00279790,-0.01074388,0.00363063,0.00180453
2014-07-31,-0.05924459,-0.02336659,-0.02152138,-0.02459124,-0.01130980,-0.00647372,0.00000000,0.01011469
2014-08-01,0.00000000,-0.00024678,-0.00511404,-0.00269633,-0.00746009,-0.00176316,0.00000000,0.00515234
2014-08-04,0.00000000,0.00904733,0.00799598,0.00626055,0.00861211,0.00754528,0.00000000,-0.00480540
2014-08-05,-0.02210226,-0.01473985,-0.01327175,-0.00819283,-0.01747180,-0.01065439,0.00000000,0.00755563
2014-08-06,0.00065055,0.00164154,-0.00293311,0.00024417,-0.00031269,0.00635250,0.00000000,0.00036282
2014-08-07,-0.01126967,-0.00252340,-0.00369952,-0.00444868,-0.00835358,-0.00911620,-0.00662272,0.00215398
2014-08-08,0.02352887,0.00406879,0.00857214,0.00953676,0.00494425,0.01063323,0.00000000,-0.00417720
2014-08-11,0.00522748,0.01086789,0.00806152,0.00215065,0.00898733,-0.00457800,-0.00930448,0.00403322
2014-08-12,0.00000000,-0.00406083,-0.00146861,-0.00104860,-0.00042943,-0.00077569,0.00000000,0.00062685
2014-08-13,0.00000000,0.00821899,0.00971999,0.00527839,-0.00813730,-0.01041876,0.00089433,0.00557159
2014-08-14,0.00000000,0.00488117,0.00775480,0.00357617,-0.00281681,0.00026268,0.00000000,0.00330854
2014-08-15,0.00000000,0.00799101,0.00485269,-0.00015664,0.00132622,0.00564149,0.01075390,-0.00000000
2014-08-18,0.00000000,0.00587020,0.01022393,0.00689468,-0.01136911,0.00413189,0.00000000,0.00363898
2014-08-19,0.00000000,-0.00036679,0.00674639,0.00434335,-0.01145053,0.00164678,0.00000000,0.00104037
2014-08-20,0.00000000,-0.00250516,0.00326612,0.00219638,-0.00482036,0.00345601,0.00000000,-0.00073602
2014-08-21,0.00000000,0.00324808,0.00250873,0.00242912,-0.00239231,0.00235825,0.00000000,-0.00034965
2014-08-22,0.00000000,-0.00561247,-0.00380749,-0.00129276,0.00264649,-0.00978855,0.00000000,0.00038310
2014-08-25,0.00000000,0.00683434,0.00689248,0.00423193,-0.00910206,0.00156958,0.00267535,0.00104898
2014-08-26,0.00000000,0.00199104,0.00073445,0.00054134,0.00047676,0.00378442,0.00000000,-0.00081261
2014-08-27,0.00000000,0.00420853,0.00409796,-0.00033316,-0.00097109,0.00290034,0.00000000,-0.00070005
2014-08-28,0.00000000,-0.00043939,-0.00538775,-0.00046644,0.00153649,0.00197389,0.00000000,-0.00152833
2014-08-29,0.00000000,0.00357443,0.00365491,0.00240624,-0.00519291,0.00445413,0.00000000,0.00054595
2014-09-02,0.00000000,-0.00818693,0.00502954,-0.00065675,0.00424072,-0.01765327,0.00000000,0.00049148
2014-09-03,0.00000000,0.00530306,0.00238410,-0.00067217,0.00333235,0.00541966,-0.00392451,-0.00115863
2014-09-04,0.00000000,-0.01514979,-0.00233022,-0.00181443,-0.00321323,-0.00570766,0.00000000,0.00021320
2014-09-05,0.00000000,0.00344051,0.00558703,0.00657972,-0.00092359,0.00572572,0.00000000,-0.00199015
2014-09-08,0.00000000,-0.01633515,-0.00456389,-0.00378363,-0.00701668,-0.01508680,0.00000000,-0.00031742
2014-09-09,0.00000000,-0.01129592,-0.00904227,-0.01002861,0.00408629,0.00475040,0.00000000,-0.00266201
2014-09-10,0.00000000,-0.00421056,-0.00146064,0.00610034,0.00536151,-0.01105603,0.00000000,-0.00067589
2014-09-11,0.00000000,-0.00362263,-0.00074286,0.00184170,-0.00282777,0.00251007,0.00000000,-0.00025267
2014-09-12,0.00000000,-0.01800326,-0.01232539,-0.00955716,-0.01160670,-0.01573157,0.00000000,0.00226927
2014-09-15,0.00000000,-0.00276366,-0.00375440,-0.00119004,-0.00417190,0.01137834,0.00000000,0.00271812
2014-09-16,0.00000000,0.00724681,0.00064313,0.01210525,0.00762973,0.00368034,0.00000000,-0.00527833
2014-09-17,0.00000000,-0.00665497,0.00511363,0.00193471,-0.00895561,-0.01174789,0.00000000,0.00081461
2014-09-18,0.00000000,-0.00019128,0.00303112,0.00853314,0.00003172,-0.00200346,0.00000000,0.00159774
2014-09-19,0.00000000,0.00117753,0.00877152,-0.00896737,-0.00705543,-0.00395521,0.00086567,-0.00011463
2014-09-22,0.00000000,-0.00735878,-0.00133955,-0.01159158,-0.00768556,-0.01043020,0.00000000,-0.00358759
2014-09-23,0.00000000,-0.00292872,-0.00561185,-0.00764410,0.00183132,-0.00547442,0.00000000,-0.00394471
2014-09-24,0.00000000,0.00241375,0.00132975,0.00987693,0.00930301,-0.00015554,0.00000000,-0.00339645
2014-09-25,0.00000000,-0.01038949,-0.00440484,-0.01904874,-0.01370908,-0.00755279,0.00000000,0.00727947
2014-09-26,0.00000000,0.00483601,0.00641894,0.00697028,0.00638781,0.00353883,0.00000000,-0.00307130
2014-09-29,0.00000000,-0.00295513,0.00035397,-0.00151329,-0.01550902,-0.00608661,0.00000000,0.00476328
2014-09-30,0.00000000,-0.00231391,0.01203187,-0.00219400,0.00451770,-0.00413696,0.00000000,0.00114797
2014-10-01,0.00000000,-0.00076744,-0.00041630,-0.01140109,-0.01227586,-0.00396391,0.00000000,0.00218615
2014-10-02,0.00000000,-0.00531899,-0.00505523,0.00010092,-0.00114598,-0.00472327,0.00000000,-0.00099337
2014-10-03,0.02091419,0.00901484,0.02134030,0.00835149,-0.00761656,-0.00205231,-0.00307833,-0.00591856
2014-10-06,0.00000000,0.00381871,-0.01756219,-0.00082204,0.01417253,0.00830058,0.00793505,-0.00155175
2014-10-07,0.00000000,-0.00327693,0.00327967,-0.01086396,-0.01710113,-0.00891659,0.00000000,-0.00682380
2014-10-08,0.00000000,0.01698285,-0.00043829,0.01106891,0.00857542,0.01597905,0.00000000,-0.00772906
2014-10-09,0.00000000,-0.01572539,0.00417258,-0.01085421,-0.00860248,-0.01760357,0.00000000,-0.00786291
2014-10-10,0.00000000,-0.00387500,0.00396404,-0.00556776,-0.01390229,-0.00408994,0.00000000,0.00923812
2014-10-13,0.00000000,-0.00011706,-0.00438380,-0.00807432,-0.01511291,-0.00702001,0.00000000,0.00838744
2014-10-14,0.00000000,0.00572544,0.01007672,0.00073206,-0.00681535,-0.00230130,-0.02161219,-0.00125016
2014-10-15,0.00000000,-0.00337348,-0.00616288,-0.00320761,0.00041455,-0.01065780,0.00000000,0.00096850
2014-10-16,0.00000000,-0.00037722,-0.00317775,-0.00042076,0.00236388,-0.00168625,0.00000000,0.00183709
2014-10-17,0.00000000,0.00201349,0.00331840,0.00579272,0.01199364,0.00426618,-0.00986988,-0.00340916
2014-10-20,0.00000000,0.00660403,0.00059686,0.00454150,-0.00481607,0.01137606,0.00000000,-0.00600640
2014-10-21,0.00000000,0.00590352,0.00227046,0.00893769,-0.00918772,0.01179318,0.01676690,0.00547965
2014-10-22,0.00000000,-0.00306158,0.01231461,-0.00289521,0.00626338,-0.00621990,0.00000000,-0.00567634
2014-10-23,0.00000000,-0.00046199,-0.00228959,0.00471598,-0.01199826,0.00128409,-0.00556352,0.00413363
2014-10-24,0.00000000,0.00060135,0.00085307,0.00305756,-0.00281687,0.00268860,0.00000000,0.00065790
2014-10-27,0.00000000,0.00085849,0.00800272,-0.00061139,-0.00083593,-0.00999901,0.00000000,0.00110437
2014-10-28,0.00000000,0.00066111,-0.00892564,0.00514581,-0.00088180,0.00608158,0.01854634,0.00490985
2014-10-29,0.00000000,-0.00238610,0.00345929,-0.00066506,-0.00079083,-0.00370634,0.00000000,-0.00124728
2014-10-30,0.00000000,0.00447841,0.01681244,0.00284787,-0.00642503,-0.01015626,0.00000000,-0.00028908
2014-10-31,0.00000000,0.00873446,0.02132830,0.00524188,-0.03373731,-0.00026874,0.00265197,0.00196771
2014-11-03,0.00000000,0.00113091,0.01003118,0.00024356,0.00056746,0.00366700,0.00000000,-0.00120618
2014-11-04,0.00000000,-0.00454198,0.00814727,-0.00161449,0.00445207,-0.00972551,0.00000000,0.00046342
2014-11-05,0.00000000,-0.00114863,0.00994452,0.00292708,-0.00734930,0.00405560,0.00175178,0.00093952
2014-11-06,0.00000000,-0.00661717,-0.00223678,0.00195561,0.00454223,0.00377814,0.00000000,0.00197669
2014-11-07,0.00000000,0.00719979,-0.01502225,0.00048068,0.01299275,0.01003452,0.00000000,0.00109201
2014-11-10,0.00000000,-0.00062957,0.00980635,0.00186092,0.00349347,-0.01002304,0.00000000,0.00302132
2014-11-11,0.00000000,0.00217291,-0.00630272,0.00060251,0.00736152,0.00252714,0.00000000,-0.00002737
2014-11-12,0.00000000,-0.00394712,0.00206665,-0.00083293,-0.00194201,0.00162196,0.00000000,-0.00104713
2014-11-13,0.00000000,0.00098736,0.01050411,0.00085822,0.00021207,-0.00205761,0.00000000,-0.00078824
2014-11-14,0.00000000,0.00079078,-0.01509916,0.00018898,-0.00835048,0.00278864,0.00000000,-0.00024209
2014-11-17,0.00000000,-0.00281778,0.00334632,0.00051862,0.00278117,0.00706491,0.00000000,-0.00023774
2014-11-18,0.00000000,0.00160524,-0.00103147,0.00484335,-0.00528586,0.00374590,0.00000000,-0.00134369
2014-11-19,0.00000000,-0.00793162,0.00010053,-0.00137578,0.00161223,-0.00063102,0.00055642,-0.00193565
2014-11-20,0.00000000,0.00336582,-0.00492355,0.00179044,0.00130720,0.00512435,0.00000000,-0.00087527
2014-11-21,0.00000000,0.01453910,-0.00085176,0.00616522,-0.00134806,0.01252889,0.00258947,0.00142945
2014-11-24,0.00000000,0.00079235,0.00563891,0.00350083,0.00249936,-0.00669654,0.00000000,0.00167169
2014-11-25,0.00000000,0.00472437,0.00170836,-0.00095057,-0.00301143,0.00551594,-0.00321584,0.00053104
2014-11-26,0.00000000,0.00597368,0.00375751,0.00334973,-0.00190930,-0.00364468,0.00000000,0.00118195
2014-11-28,0.00000000,-0.00074320,0.03351313,-0.00325124,-0.01038777,-0.01110592,0.00000000,-0.00199948
2014-12-01,0.00000000,-0.00858148,-0.01251855,-0.01040739,0.01866099,0.00626109,0.00000000,-0.00324629
2014-12-02,0.00000000,-0.00365546,0.00689120,0.00853963,-0.00060623,-0.00500669,0.00000000,-0.00430457
2014-12-03,0.00000000,0.00168772,0.00169381,0.00585417,0.00059739,0.00439176,0.00000000,0.00116728
2014-12-04,0.00000000,0.00181582,0.00172483,-0.00167660,-0.00267867,-0.00165118,0.00000000,-0.00001832
2014-12-05,0.00000000,-0.00608141,0.00460349,0.00257756,-0.00501350,-0.00743337,0.00000000,-0.00123556
2014-12-08,0.00000000,-0.00234499,0.00660836,-0.01122551,-0.00563317,0.00157841,0.00000000,-0.00278422
2014-12-09,0.00000000,0.00399860,-0.00790624,-0.00103429,0.00595550,-0.00139490,0.00000000,-0.00107009
2014-12-10,0.00000000,-0.00550291,0.00289689,-0.02348455,-0.01314153,-0.00883946,0.00000000,0.00776846
2014-12-11,0.00000000,0.00068923,0.00659326,0.00467977,-0.00263794,-0.00301508,-0.02776372,0.00426619
2014-12-12,0.00000000,-0.00445083,0.00271559,-0.01474457,-0.01320616,-0.01315815,0.00000000,0.00383379
2014-12-15,0.00000000,-0.00972851,0.00731634,-0.00504082,-0.00939240,-0.01020946,-0.01951634,-0.00172564
2014-12-16,-0.02405894,0.00165138,-0.00055366,-0.00576457,-0.00112158,-0.00318189,0.00000000,0.00331958
2014-12-17,0.00000000,0.01054076,0.00166745,0.01387306,0.01696272,0.01439723,0.00000000,-0.00707057
2014-12-18,0.00000000,0.00521819,0.00047620,0.01379120,0.00604735,0.01327332,0.02060165,-0.00197423
2014-12-19,0.00000000,0.00947581,-0.00339325,-0.00058554,0.00156790,0.00037740,0.00699826,0.00053081
2014-12-22,0.00000000,0.00874346,0.01122544,0.00219186,-0.00820946,0.00139715,0.00000000,0.00321145
2014-12-23,0.00000000,-0.01152796,-0.00520537,0.00064490,0.00026473,0.00432069,-0.00283207,-0.00004758
2014-12-24,0.00000000,-0.00046885,0.00096604,0.00004573,0.00153121,0.00174512,0.00000000,0.00047993
2014-12-26,0.00000000,0.00377545,0.00052938,0.00155641,-0.00079469,0.00010426,0.00000000,-0.00067691
2014-12-29,0.00000000,0.00589956,0.00620002,0.00066303,-0.00287593,-0.00078249,0.00000000,0.00019184
2014-12-30,0.00000000,-0.00230827,-0.00422439,-0.00265229,0.00495753,0.00222567,0.00000000,-0.00165988
2014-12-31,0.00000000,-0.00691000,0.00252383,-0.00492616,0.00243669,-0.00629164,0.00000000,0.00542721
2015-01-02,0.00000000,0.01189688,0.00945467,-0.00026208,-0.00117194,-0.00208584,0.00000000,-0.00112097
2015-01-05,0.00000000,0.00529211,0.00709219,-0.00912658,-0.01225512,-0.00154619,0.00000000,0.00497083
2015-01-06,0.00000000,0.00903057,0.00208955,-0.00449064,-0.01206052,0.00848359,0.00000000,0.00156856
2015-01-07,0.03738365,0.01208085,0.00291857,0.00598713,0.00528927,0.00936661,0.00103756,-0.00231083
2015-01-08,0.05323513,0.00266867,0.00030715,0.00819306,0.00496220,0.00642778,0.00311125,-0.00493206
2015-01-09,0.00000000,0.00362429,-0.00160212,-0.00350558,-0.00219742,-0.00156337,0.00000000,-0.00318718
2015-01-12,0.00000000,0.00156574,0.00624572,-0.00337413,-0.00754802,0.00493580,0.00000000,0.00362468
2015-01-13,0.00000000,-0.00102079,-0.00052561,-0.00125859,-0.00287605,-0.00548491,-0.02785273,0.00208748
2015-01-14,0.00000000,0.00618858,-0.00214463,-0.00270530,0.00356026,-0.00885751,0.00000000,0.00164751
2015-01-15,0.00000000,0.00935418,0.00950592,-0.00432042,-0.00744813,0.00979815,-0.00312836,0.00225312
2015-01-16,0.00000000,0.00234478,-0.00526812,0.00613127,0.00576086,0.00701779,0.00000000,-0.00147893
2015-01-20,0.00000000,0.00269917,0.00499196,0.00097639,-0.00431501,-0.00231643,0.01474373,-0.00081781
2015-01-21,0.00000000,-0.00039654,-0.00596528,0.00254689,-0.00131767,0.00490303,0.00000000,-0.00409669
2015-01-22,0.00000000,0.01654714,0.00886885,0.00888590,-0.00820121,0.01306215,0.02226064,0.00545856
2015-01-23,0.00000000,0.00819526,0.00607130,-0.00301836,0.00419755,-0.00625173,0.00000000,-0.00215694
2015-01-26,0.00000000,0.00249874,-0.00012434,0.00128190,-0.00055664,-0.00009107,0.00000000,0.00384775
2015-01-27,0.00000000,-0.00257840,-0.00809277,-0.00724883,0.00556244,-0.00386952,0.00000000,-0.00380864
2015-01-28,0.00000000,0.00025182,0.00719819,-0.00668667,0.00410145,-0.00350296,-0.03692926,-0.00702441
2015-01-29,0.00000000,0.00029993,0.00395047,0.00465028,0.00037087,0.00120903,0.00000000,-0.00280491
2015-01-30,-0.02652499,-0.00659932,-0.00893980,-0.00617004,0.00155137,-0.00721748,0.00000000,0.00809392
2015-02-02,0.02279394,0.00509230,-0.00331830,0.00588124,0.00000583,0.00410780,0.02527449,-0.00408753
2015-02-03,0.02417260,0.00007111,-0.01092419,0.00664639,0.00913057,0.00170732,0.01368823,-0.00358524
2015-02-04,0.00000000,-0.00240486,0.00374607,-0.00166333,0.00684219,0.00634396,0.00000000,0.00204206
2015-02-05,0.00000000,0.00828473,-0.00359515,0.00469975,-0.00936055,0.00127086,0.00552666,0.00263301
2015-02-06,0.00000000,-0.02734992,-0.00365343,-0.00129163,-0.00293542,-0.00477406,0.00000000,-0.00313415
2015-02-09,0.00000000,-0.00744534,-0.00615804,-0.00214849,0.00252153,0.00094134,0.00000000,-0.00036742
2015-02-10,0.00000000,0.00173145,0.00745815,0.00548316,0.00082697,0.00432042,0.00580211,0.00283863
2015-02-11,0.00000000,-0.00321117,0.00496791,0.00029246,-0.00335935,-0.00295994,0.00000000,-0.00035555
2015-02-12,0.00000000,0.00681968,-0.00751186,0.00496756,0.00356106,-0.00044118,0.00331737,0.00433626
2015-02-13,0.00000000,-0.00138685,-0.00618857,0.00208423,-0.00228984,-0.00366734,0.00000000,0.00087954
2015-02-17,0.00000000,-0.00881347,-0.00015194,0.00080759,-0.00355822,-0.00439588,0.00000000,-0.00018735
2015-02-18,0.00000000,0.01067741,0.00515553,0.00004701,-0.00046708,0.00283762,0.00000000,0.00056147
2015-02-19,0.00000000,-0.00723204,0.00003499,-0.00040127,-0.00013341,-0.00340199,0.00000000,0.00163191
2015-02-20,0.00000000,0.00778337,0.00542896,0.00333176,-0.00235379,0.00253456,0.00000000,0.00258614
2015-02-23,0.00000000,0.00442749,0.00478165,-0.00007935,0.00337303,0.00490909,0.00000000,-0.00022471
2015-02-24,0.00000000,0.00576617,0.00078312,0.00168097,0.00004798,-0.00000374,0.00000000,0.00294143
2015-02-25,0.00000000,0.00182932,-0.00278455,-0.00051445,0.00303737,-0.00624557,0.00000000,-0.00036143
2015-02-26,0.00000000,-0.00476958,0.00246275,-0.00071280,-0.00181391,0.00199508,0.00000000,0.00082236
2015-02-27,0.00000000,0.00484947,-0.00035417,-0.00226043,0.00063353,0.00256724,0.00000000,0.00041738
2015-03-02,0.00000000,-0.00568226,0.00438391,0.00467090,0.00617381,0.00123411,0.00000000,0.00243752
2015-03-03,-0.00617852,-0.00494565,-0.00148785,-0.00313381,0.00120586,-0.00593625,0.00000000,-0.00161213
2015-03-04,-0.00628072,-0.00555839,-0.00080456,-0.00365919,-0.00093097,-0.00533117,0.00000000,-0.00023674
2015-03-05,0.00161270,0.00285493,0.00594786,0.00097701,-0.00226482,0.00186749,0.00000000,0.00085011
2015-03-06,-0.02073969,-0.02575075,0.00436434,-0.01477335,-0.00500283,-0.01798087,0.00000000,-0.00317162
2015-03-09,0.00559462,0.00197450,0.00691874,0.00351856,-0.00196967,0.00405028,0.00000000,-0.00105029
2015-03-10,0.00000000,-0.00439095,0.00878382,-0.01473870,-0.00728987,-0.00701074,0.00000000,0.00227300
2015-03-11,0.00000000,0.00775668,0.00521497,-0.00193058,-0.00207406,0.00654553,0.00000000,0.00195424
2015-03-12,0.01706412,0.00375549,0.00650480,0.01045336,0.00302517,0.00734825,0.00506992,-0.00187888
2015-03-13,-0.00780821,0.00441696,0.01484612,-0.00511055,-0.00608748,-0.00181040,0.00000000,-0.00119470
2015-03-16,0.00000000,0.00507695,-0.00343295,0.01091578,0.00454224,0.01267537,0.00604529,0.00187149
2015-03-17,0.00000000,0.00064592,0.00310339,-0.00229916,-0.00373322,-0.00673566,0.00000000,0.00032168
2015-03-18,0.00000000,0.02304731,-0.01344042,0.00987270,0.00137747,0.01099850,0.00000000,0.00366472
2015-03-19,0.00000000,-0.00724765,0.00946527,-0.00369432,0.00050952,-0.00669917,0.00000000,-0.00000000
2015-03-20,0.00000000,0.01545501,-0.00893428,0.00346479,-0.00782307,0.01199171,-0.00403799,0.00130623
2015-03-23,0.00000000,0.00056955,-0.00975712,-0.00154301,-0.00586132,0.00334113,0.00000000,0.00164243
2015-03-24,0.00000000,0.00210598,0.00282402,-0.00451001,0.00291294,-0.00365935,0.00000000,0.00030717
2015-03-25,0.00000000,-0.01108245,-0.00651012,-0.01157183,0.00240854,-0.00757326,0.00000000,-0.00383632
2015-03-26,0.00000000,-0.00925733,-0.00419922,-0.00172092,0.00087071,-0.00423562,0.00000000,0.00071165
2015-03-27,0.00293811,0.00512952,0.00954669,0.00164413,0.01441893,-0.00411059,0.00000000,0.00101114
2015-03-30,0.01564082,0.00464002,0.00260253,0.00872725,0.00907073,0.00428504,-0.00001766,0.00258701
2015-03-31,0.00000000,-0.00567124,-0.00000015,-0.00586069,-0.00782211,-0.00454585,0.00000000,-0.00236285
2015-04-01,0.00000000,0.00445577,-0.00910039,-0.00234411,0.00899692,0.00303032,0.00000000,-0.00046420
2015-04-02,0.00438292,0.00106987,-0.00468690,0.00242886,0.00616973,-0.00084585,0.00000000,0.00154100
2015-04-06,0.00827096,0.00616393,-0.00731575,0.00460184,0.00536104,0.00329735,0.00000000,0.00191672
2015-04-07,-0.00334826,0.00191421,0.00262195,-0.00178595,0.00681843,-0.00850546,0.00000000,0.00029733
2015-04-08,0.00000000,0.00330641,0.00886668,0.00244195,0.00378092,0.00324124,0.00000000,0.00185166
2015-04-09,0.00000000,-0.00407447,0.00088449,0.00326551,-0.00611570,-0.00606560,0.00000000,0.00331224
2015-04-10,0.00000000,0.00186907,-0.00290941,0.00442943,-0.00146990,0.00309611,0.00000000,0.00420196
2015-04-13,0.00000000,-0.00383640,0.00365104,-0.00366224,0.00539520,-0.00756493,0.00000000,-0.00228752
2015-04-14,0.00000000,0.00470351,-0.00406895,0.00161898,-0.00038876,-0.00500726,0.00000000,0.00079725
2015-04-15,0.00000000,0.00247257,-0.01005340,0.00392183,-0.00191319,-0.00102337,0.00000000,0.00208267
2015-04-16,0.00000000,0.00018299,-0.00298834,-0.00028675,0.00251914,0.00090380,0.00000000,0.00200244
2015-04-17,0.00000000,-0.00431164,0.00000583,-0.01105925,-0.00005558,-0.00331747,0.00000000,-0.00342318
2015-04-20,0.00000000,0.00066660,0.00404950,0.00862948,0.00448632,0.00339394,-0.00215222,0.00324750
2015-04-21,0.00000000,0.00145464,0.00323147,-0.00109732,0.00307471,0.00413378,-0.00229184,0.00004574
2015-04-22,0.00000000,-0.00207299,-0.00074343,0.00455083,-0.00140653,-0.00191300,0.00000000,0.00106088
2015-04-23,0.00000000,0.00278887,-0.00891645,0.00229408,0.00447966,0.00274684,0.00000000,0.00094532
2015-04-24,0.00000000,0.00483208,0.00187893,0.00218640,-0.00012437,0.00132844,0.00000000,0.00102455
2015-04-27,0.00000000,-0.00087784,-0.00323564,-0.00471771,0.00535327,0.00188907,-0.00651281,-0.00298835
2015-04-28,0.00000000,-0.00463755,-0.00733069,0.00353656,-0.01036451,0.00872922,0.00000000,0.00355708
2015-04-29,0.00000000,-0.01247644,-0.01114732,-0.00462966,-0.00574250,-0.00882116,0.00000000,-0.00279528
2015-04-30,0.00000000,-0.00931199,-0.00573025,-0.01235879,-0.00094864,-0.00419295,0.00000000,0.00349413
2015-05-01,0.00000000,0.00226044,0.00472118,0.01282331,0.00941248,0.01205064,0.00997998,-0.00628807
2015-05-04,0.00533276,-0.00031062,0.00158015,0.00303807,-0.00197625,-0.00137629,0.00000000,0.00006166
2015-05-05,0.00000000,-0.01140237,-0.01112191,-0.01237084,-0.00462339,-0.00731854,0.00000000,-0.00418023
2015-05-06,0.00000000,-0.00943628,-0.00536114,-0.00400121,-0.00646618,-0.00295250,0.00112652,0.00225562
2015-05-07,0.00743385,0.00561853,0.01053175,0.00382717,0.00923454,0.00776151,0.00000000,-0.00096229
2015-05-08,0.02428633,0.01661670,0.00206179,0.01268168,0.00169613,0.00211752,-0.00116312,-0.00668397
2015-05-11,0.00000000,-0.01497664,-0.00423445,-0.00411704,-0.00303863,-0.00343809,0.00000000,-0.00327863
2015-05-12,0.00000000,-0.00108410,-0.00520953,-0.00254615,0.00235443,-0.00563059,0.00000000,-0.00056520
2015-05-13,0.00000000,-0.00163102,-0.00498245,0.00016341,-0.00540717,0.00147148,0.00000000,0.00223385
2015-05-14,0.00000000,0.01009635,0.00024558,0.00902449,-0.00730109,0.00797465,0.00337238,0.00259363
2015-05-15,0.00000000,0.00863742,0.00454665,0.00087411,0.00360534,0.00011748,0.00000000,0.00128646
2015-05-18,0.00000000,-0.00486354,0.00184356,0.00252678,0.00089316,-0.00032032,0.00000000,0.00417578
2015-05-19,0.00000000,-0.00226029,0.01075416,-0.00030347,0.00295253,0.00469933,0.00000000,0.00189306
2015-05-20,0.00000000,0.00050243,0.00213878,-0.00065394,0.00082248,-0.00283599,0.00000000,-0.00027419
2015-05-21,0.00000000,0.00366389,-0.00111743,0.00267993,0.00583466,-0.00229552,0.00000000,0.00369639
2015-05-22,0.00000000,-0.00073774,0.00605677,-0.00221459,-0.00978883,0.00077703,0.00000000,-0.00021361
2015-05-26,0.00000000,-0.00370974,0.01065324,-0.00992229,-0.01485437,-0.00867997,0.00000000,-0.00504888
2015-05-27,0.00000000,0.00558660,0.00465221,0.00801726,-0.00502834,-0.00105709,0.00000000,0.00467516
2015-05-28,-0.00187217,-0.00328709,-0.00177789,-0.00091827,0.00326062,0.00103224,0.00000000,-0.00131320
2015-05-29,-0.01042475,-0.00492766,-0.00366133,-0.00504952,-0.00354645,-0.00586583,0.00000000,-0.00096405
2015-06-01,0.00337074,0.00088921,0.00107650,0.00163079,0.00039029,0.00633152,-0.00711720,-0.00135893
2015-06-02,-0.00164099,-0.00866231,-0.01523050,-0.00085259,0.01455451,-0.00695082,0.00000000,0.00192680
2015-06-03,0.00505849,-0.01010219,-0.00193193,0.00253916,-0.00370094,-0.00064684,-0.00031215,0.00217187
2015-06-04,0.00000000,-0.00155195,0.00409449,-0.00816132,0.00284401,-0.00095094,0.00000000,-0.00442092
2015-06-05,0.00000000,-0.00969864,-0.00151225,-0.00183091,-0.00672858,-0.00967750,0.00000000,-0.00225132
2015-06-08,-0.01181353,-0.00450080,-0.00731381,-0.00663572,-0.00195706,-0.00422563,0.00000000,-0.00270591
2015-06-09,-0.00030158,-0.00701492,-0.00566695,-0.00015980,-0.00378469,-0.00034941,0.00000000,-0.00163811
2015-06-10,0.02623120,0.00258409,-0.00436650,0.01516938,0.01086570,0.00787183,-0.00458559,0.00534005
2015-06-11,0.00627431,0.01135924,0.01108562,0.00357877,0.01195724,0.00419044,0.00000000,0.00313408
2015-06-12,0.00000000,-0.00379042,0.00177506,-0.00856530,0.00294683,-0.00025602,0.00000000,-0.00166795
2015-06-15,0.00000000,-0.00108031,0.00150000,-0.00463395,-0.00280786,-0.00477494,0.00000000,-0.00562448
2015-06-16,0.01056464,0.00550688,-0.00007682,0.00631708,0.00359114,0.00501322,0.00000000,0.00211064
2015-06-17,0.00308324,-0.00177378,-0.00319757,0.00181322,0.00024064,0.00553230,0.00000000,0.00055349
2015-06-18,0.00000000,0.00465769,-0.00068659,0.01177420,0.00076781,0.00632902,-0.00200641,-0.00382811
2015-06-19,0.00000000,0.00201721,0.00683510,-0.00945656,0.00158299,-0.00224005,0.00000000,0.00092118
2015-06-22,0.00000000,-0.00476910,-0.00371892,0.00501291,0.01652642,0.00193680,-0.00144081,0.00537888
2015-06-23,0.00000000,0.00059138,-0.00085291,0.00068158,0.00057571,0.00107954,0.00000000,0.00340813
2015-06-24,0.00000000,-0.00330119,0.00010102,-0.00703302,0.00822353,-0.00592871,0.00000000,-0.00226738
2015-06-25,0.00000000,-0.00500319,-0.00031136,-0.00308276,-0.00266523,0.00137413,-0.01183555,-0.00112015
2015-06-26,-0.00040738,-0.00007515,-0.00304971,-0.00021859,0.00231772,0.00502522,0.00000000,0.00082289
2015-06-29,-0.04480744,-0.00930020,0.00138027,-0.02271127,0.01749930,-0.01728969,0.00000000,-0.02229739
2015-06-30,0.00000000,-0.00000133,-0.00753513,0.00162123,0.00109922,0.00095826,0.00259450,-0.00108955
2015-07-01,0.00000000,0.00525132,0.01379858,0.00637597,0.00086465,0.01763153,0.01070186,-0.00637699
2015-07-02,0.00000000,0.00280270,-0.00092231,-0.00070184,0.00405044,0.00264108,0.00000000,0.00596963
2015-07-06,0.00000000,0.00635895,0.01335005,-0.00217900,-0.02076892,0.00591488,0.00000000,0.00231853
2015-07-07,0.00000000,0.01089383,0.01126695,0.00493193,-0.00457042,-0.00339924,0.00000000,-0.00480719
2015-07-08,0.00000000,-0.00934856,-0.00127175,-0.01288380,-0.00919885,-0.00160928,0.00000000,-0.00922984
2015-07-09,0.00000000,-0.00550713,-0.01081939,0.00121487,0.01904800,-0.00419830,-0.01633426,0.00055582
2015-07-10,0.00000000,-0.00058835,-0.00570935,0.00852825,0.02018012,0.00998193,-0.00132922,-0.00656717
2015-07-13,0.00000000,0.00685779,0.00361389,0.00733499,0.00494111,0.00729313,0.00756736,0.00806258
2015-07-14,0.00000000,0.00422843,-0.00043065,0.00272799,-0.00114723,-0.00735631,0.00000000,0.00070473
2015-07-15,0.00000000,0.00453413,0.01170541,-0.00021762,0.00387215,0.00337118,0.00000000,0.00026776
2015-07-16,0.00000000,0.00682663,0.00736271,0.00532295,-0.00613244,0.00068672,0.00435828,0.00527891
2015-07-17,0.00000000,0.00064448,0.00758696,0.00055171,-0.00582651,-0.00133327,0.00000000,0.00061181
2015-07-20,0.00000000,-0.00071858,0.01218531,0.00033904,-0.02162119,-0.00200083,0.00000000,0.00033218
2015-07-21,0.00000000,-0.00282812,-0.00628968,-0.00269059,0.00500523,-0.00089463,0.00000000,0.00061989
2015-07-22,0.00000000,0.00225320,0.00723335,-0.00125551,-0.00905898,0.00862408,0.00000000,0.00038464
2015-07-23,0.00000000,-0.00295612,0.00436897,-0.00397514,-0.00779457,-0.01268610,0.00000000,-0.00082337
2015-07-24,0.00000000,-0.00188593,0.00406728,-0.00723725,-0.00503142,0.00571502,0.00000000,-0.00265287
2015-07-27,-0.00932326,-0.00129971,0.00781574,-0.00395405,-0.01565521,-0.00009866,0.00000000,0.00401611
2015-07-28,0.00000000,0.00241852,-0.01087727,0.00845616,0.01209440,-0.00101189,0.00990213,-0.00538027
2015-07-29,0.00000000,0.00378196,-0.00513110,0.00453976,0.00766639,0.00194966,0.00000000,-0.00153231
2015-07-30,0.00000000,0.00118463,0.00652972,0.00016065,-0.00383824,0.00363417,0.00000000,0.00044415
2015-07-31,0.00000000,0.00689506,0.00587972,-0.00120982,-0.00141635,0.01024023,-0.00927322,0.00014345
2015-08-03,0.00000000,0.00425068,0.01267159,-0.00275472,-0.00604936,0.00543359,0.00000000,0.00115217
2015-08-04,0.00000000,-0.00544167,-0.00362851,-0.00158742,0.00041346,-0.00260831,0.00000000,-0.00024325
2015-08-05,0.00000000,-0.00397741,0.00144473,0.00277837,-0.00201353,-0.00084782,-0.00288516,0.00044135
2015-08-06,-0.01450030,-0.00125906,-0.00167496,-0.00700124,0.00290705,-0.01940180,0.00000000,-0.00257061
2015-08-07,-0.00326718,0.00442534,0.00361854,-0.00185585,-0.00617710,0.00959150,0.00000000,-0.00069664
2015-08-10,0.02141256,0.00158731,-0.01832379,0.01198410,0.01643132,-0.00443597,0.00282763,-0.00269404
2015-08-11,-0.01396754,-0.00276778,0.00238659,-0.00848539,0.00609582,0.00142931,0.00000000,-0.00331059
2015-08-12,0.00178605,-0.00521734,-0.00787010,0.00112829,-0.00597575,-0.00234478,0.00000000,0.00001794
2015-08-13,0.00000000,-0.00072484,0.00660395,-0.00119384,0.00274986,0.01173424,0.00000000,-0.00095450
2015-08-14,0.00000000,0.00495293,0.00454263,0.00348520,0.00076527,0.00562837,0.00000000,0.00016441
2015-08-17,0.00000000,0.00878325,0.00231356,0.00552001,-0.00415362,0.00246818,0.00000000,0.00087394
2015-08-18,0.00000000,-0.00275609,0.00401884,-0.00278946,0.00075330,0.00101516,0.00000000,0.00071114
2015-08-19,0.00000000,-0.00525947,0.00345732,-0.00757420,-0.00588384,0.00323874,0.00000000,-0.00149224
2015-08-20,0.00000000,-0.01172776,-0.00111167,-0.01969729,-0.00275388,-0.00279011,0.00000000,0.00646507
2015-08-21,0.00000000,-0.02057199,0.01004153,-0.02283495,-0.01957102,-0.01709383,0.00000000,0.01334828
2015-08-24,0.00000000,-0.03515529,0.02209341,-0.02110659,-0.02927340,-0.02558143,0.00000000,0.01164740
2015-08-25,0.00000000,-0.01145490,-0.00811456,-0.00447376,0.00747890,-0.00601220,-0.09678523,0.00540009
2015-08-26,0.00000000,-0.00334383,0.00033017,0.01408260,0.01879220,0.01585928,0.03476633,-0.00538624
2015-08-27,0.00000000,0.00944766,-0.02391999,0.00718427,0.01190059,0.00088194,0.00046015,0.00138895
2015-08-28,0.00000000,0.00161170,-0.00676799,0.00001001,0.00118987,-0.00247276,0.00000000,0.00259439
2015-08-31,0.00000000,-0.01256367,-0.00799524,-0.00219340,-0.00384584,-0.00876975,0.00000000,0.00221298
2015-09-01,0.00000000,-0.01135782,0.01751964,-0.00808067,0.02045515,-0.00684358,0.00000000,0.00822394
2015-09-02,0.00000000,-0.00157974,-0.00492669,0.00480805,-0.00244442,0.00917277,0.00896061,-0.00574639
2015-09-03,0.00000000,0.00527279,0.00051884,0.00017171,-0.00070578,0.00269766,-0.00542355,0.00023270
2015-09-04,0.00000000,-0.00046719,0.00858498,-0.00377829,-0.01053951,-0.00425453,0.00000000,-0.00383066
2015-09-08,0.00000000,-0.00821246,-0.00979466,0.00622627,0.01165640,0.01027964,0.00955259,-0.00459927
2015-09-09,0.00000000,-0.00001730,0.00726906,-0.00312736,-0.00460234,-0.00160343,-0.01689198,-0.00120876
2015-09-10,0.00000000,-0.00432529,-0.00351665,0.00128236,-0.00051896,-0.00037249,0.00000000,0.00124698
2015-09-11,0.00000000,0.00110757,0.00336364,0.00107375,0.00033200,0.00550884,0.00000000,0.00122021
2015-09-14,0.00000000,-0.00005010,0.00191990,-0.00087498,-0.00077437,-0.00125451,0.00000000,-0.00001951
2015-09-15,0.00000000,-0.00296195,-0.00342793,0.00300473,-0.00098494,0.00202820,0.00446226,0.00498473
2015-09-16,0.00000000,0.00368144,-0.01651642,0.00206757,0.00230813,-0.00009049,0.00000000,0.00299625
2015-09-17,0.00000000,0.00696686,0.00290065,-0.00053609,0.00080718,0.00147063,0.00000000,0.00027025
2015-09-18,0.00000000,0.00209568,0.00951870,-0.00511086,0.00586051,-0.00052634,0.00000000,-0.00614291
2015-09-21,0.00000000,-0.00283767,-0.00116213,0.00120709,0.00126510,0.00512519,0.00538991,-0.00323438
2015-09-22,0.00000000,0.00351869,0.00741360,-0.00308919,0.00329748,-0.00520335,0.00000000,-0.00274410
2015-09-23,0.00000000,0.00069542,0.00733867,-0.00040189,-0.00152921,0.00943944,0.00000000,-0.00112043
2015-09-24,0.00000000,-0.00148424,-0.00654969,-0.00110144,0.00376226,-0.00425819,0.00000000,0.00135500
2015-09-25,0.00000000,-0.00206691,-0.00201260,-0.00008047,0.00300136,0.00587056,-0.00964337,0.00133901
2015-09-28,0.00000000,-0.00172417,0.00967439,-0.00908203,-0.00433447,-0.00838779,0.00000000,-0.00359616
2015-09-29,0.00000000,0.00410135,-0.00150248,0.00021084,0.00070477,0.00328489,0.00000000,0.00004368
2015-09-30,0.00000000,0.00265091,-0.00588306,0.00675892,0.00719680,0.00463871,0.00965522,-0.00237501
2015-10-01,0.00000000,0.00194991,0.00178276,0.00089065,0.00030908,-0.00155315,0.00000000,-0.00057427
2015-10-02,0.00000000,0.00779009,-0.00806228,0.00584932,0.00085100,-0.01096079,0.00000000,-0.00268767
2015-10-05,0.00000000,0.00464609,-0.00769386,0.00706429,-0.00229157,0.00417941,0.00423332,0.00293515
2015-10-06,0.00000000,-0.00124345,-0.00879065,-0.00130671,-0.00162839,-0.01191087,0.00000000,-0.00059793
2015-10-07,0.00000000,0.00434450,-0.00119035,0.00326319,-0.00531767,-0.00078865,0.00627074,0.00129870
2015-10-08,0.00000000,0.00025617,-0.00481860,0.00392106,-0.00429175,-0.00021660,0.00000000,0.00251731
2015-10-09,0.00000000,-0.00153551,-0.00284699,0.00026313,-0.00307691,0.00298410,0.00000000,0.00002482
2015-10-12,0.00000000,0.00422727,0.00685847,0.00042374,0.00684979,0.00966380,0.00000000,0.00318309
2015-10-13,0.00000000,-0.00483029,0.00099492,-0.00283742,0.00468692,-0.00156870,0.00000000,-0.00264528
2015-10-14,0.00000000,0.00088547,-0.00340158,-0.00214415,-0.00027509,-0.01042036,0.00000000,-0.00107604
2015-10-15,0.00000000,0.00777237,0.00002599,0.00701462,0.00660217,-0.00197720,0.00867547,0.00374744
2015-10-16,0.00000000,0.00261213,0.00243631,0.00198820,0.00219960,0.00400795,0.00000000,0.00054788
2015-10-19,0.00000000,0.00197004,0.00594911,0.00021520,-0.00278387,0.00804756,0.00000000,0.00361368
2015-10-20,0.00000000,-0.00364852,-0.00279078,-0.00068725,0.00061875,0.00577117,0.00000000,-0.00177486
2015-10-21,0.00000000,0.00363467,0.00467809,-0.00301005,0.00269219,-0.00491895,0.00000000,-0.00365478
2015-10-22,0.00000000,0.01096127,-0.00001541,0.00875407,-0.00395682,0.00329167,-0.00044815,0.00471048
2015-10-23,0.00000000,-0.00147454,0.00161226,0.00534421,-0.00214058,0.00175889,0.00303517,-0.00052424
2015-10-26,0.00000000,0.00072322,0.00181812,-0.00118733,0.00107972,0.00278212,0.00000000,-0.00180145
2015-10-27,0.00000000,-0.00043270,0.00253030,-0.00092920,-0.00062036,-0.00133635,0.00000000,-0.00112755
2015-10-28,0.00000000,0.00073526,-0.00167539,0.00685086,0.00139520,0.00087032,0.00000000,0.00139656
2015-10-29,0.00000000,-0.00952118,-0.00035162,-0.00034146,0.00301676,-0.00067505,0.00000000,-0.00066145
2015-10-30,0.00000000,-0.00089734,-0.00371271,-0.00273468,-0.00041326,-0.00318488,0.00000000,0.00062913
2015-11-02,0.00000000,0.00302735,-0.00084967,0.00732653,0.00171159,-0.00079593,0.00000000,0.00250541
2015-11-03,0.00000000,-0.00313089,-0.00700325,0.00181477,-0.00382303,-0.00561252,0.00000000,-0.00101634
2015-11-04,0.00000000,-0.00026687,0.00613703,-0.00213751,0.00173509,-0.00061914,0.00000000,-0.00160859
2015-11-05,0.00000000,0.00074393,0.00290649,-0.00070804,0.00010737,0.01283842,0.00000000,-0.00107427
2015-11-06,0.00000000,-0.01035979,0.00195141,-0.00037503,-0.00316917,0.00075034,0.00000000,0.00104728
2015-11-09,0.00000000,-0.00809278,0.00209201,-0.00679463,-0.00053276,-0.00833624,0.00000000,-0.00277854
2015-11-10,0.00000000,0.00622342,0.00270011,0.00156443,-0.00112209,0.00240503,0.00000000,-0.00147530
2015-11-11,-0.01179517,-0.00121278,-0.00029384,-0.00269286,0.00139609,-0.00002855,0.00000000,0.00111075
2015-11-12,-0.04187927,-0.00447822,0.00289042,-0.00970241,-0.00489440,-0.00431222,0.00000000,0.00439710
2015-11-13,-0.03368483,-0.00077590,0.00447191,-0.00710369,-0.00364251,-0.02197921,0.00000000,0.00336622
2015-11-16,0.00000000,0.00494905,-0.00400024,0.01037248,0.00712286,-0.00443203,0.00000000,-0.00499578
2015-11-17,0.00000000,0.00101999,0.00442629,-0.00050971,-0.00406468,0.00240423,0.00000000,0.00282485
2015-11-18,0.00000000,0.00525850,-0.00294031,0.01245443,0.00199585,0.00168275,0.00832297,-0.00366125
2015-11-19,0.00000000,0.00204604,-0.00388181,-0.00062990,0.00311819,0.00477112,0.00000000,0.00189568
2015-11-20,0.00000000,0.00511550,0.00284061,0.00286846,-0.00251387,0.01173293,-0.00283899,0.00186905
2015-11-23,0.00000000,0.00159380,0.00000969,-0.00101794,0.00176200,0.00528176,0.00000000,0.00155163
2015-11-24,0.00000000,-0.00076725,-0.00600824,0.00120873,0.00351751,-0.00622399,0.00000000,-0.00039273
2015-11-25,0.00000000,0.00219406,0.00317329,-0.00013155,0.00271073,0.00309252,0.00000000,0.00087385
2015-11-27,0.00000000,0.00336841,0.00704026,0.00109352,0.00141169,0.00448662,0.00000000,-0.00055480
2015-11-30,0.00000000,-0.00323170,0.00114465,-0.00422489,0.00065976,-0.00833646,0.00000000,0.00036883
2015-12-01,0.00000000,0.01422303,-0.00263268,0.00955271,0.00371959,0.00457080,0.00590373,0.00276539
2015-12-02,0.00000000,-0.01142902,0.00439448,-0.00990585,0.00643969,0.00110613,0.00000000,-0.00249708
2015-12-03,0.00000000,-0.03429335,-0.01439148,-0.01366162,0.01429509,-0.00262871,0.00000000,0.00464401
2015-12-04,0.00000000,0.01335381,0.00178997,0.01720327,0.00437128,0.01932354,0.00000000,-0.00581690
2015-12-07,0.00000000,0.00198780,0.01652777,-0.00445347,0.00186119,0.01275265,0.00000000,-0.00154835
2015-12-08,0.00000000,-0.00422146,0.00328304,-0.00484787,-0.00267535,-0.01007551,0.00000000,0.00189392
2015-12-09,0.00000000,-0.00832557,-0.00343306,-0.00551393,-0.00879345,-0.01133834,0.00000000,0.00247941
2015-12-10,0.00000000,0.00161775,0.00249304,0.00183328,0.00372930,-0.00051688,0.00000000,0.00093564
2015-12-11,0.00000000,0.00006749,0.00980495,-0.01377960,-0.02165958,0.00007379,0.00000000,-0.00985410
2015-12-14,0.00000000,-0.00443439,0.00196336,0.00315800,0.00505496,0.00175721,0.00000000,-0.00435016
2015-12-15,0.00000000,0.00459347,-0.00185741,0.00686349,0.01068146,0.00124519,-0.01212872,-0.00262739
2015-12-16,0.00000000,0.01604706,0.00118386,0.00953806,0.00806951,0.00198532,0.03057744,-0.00431730
2015-12-17,0.00000000,-0.00331991,0.00801232,-0.00985665,0.00074384,0.00104854,0.00000000,-0.00272695
2015-12-18,0.00000000,-0.01043789,-0.00472749,-0.01409847,0.00557857,-0.00809518,0.00000000,0.00493496
2015-12-21,0.00000000,0.00012626,0.00004485,0.00448237,-0.00277866,0.00310069,0.00797339,0.00278750
2015-12-22,0.00000000,0.00009496,-0.00212458,0.00481966,-0.00062847,-0.00066572,0.00684603,0.00300333
2015-12-23,0.00000000,0.00467125,-0.01310555,0.00661769,0.00297494,-0.00991975,0.00563935,0.00146672
2015-12-24,0.00000000,-0.00102837,0.00033562,-0.00085028,-0.00089394,0.00258360,0.00000000,-0.00111690
2015-12-28,0.00000000,0.00145946,0.00761339,-0.00118712,0.00813839,0.00768669,0.00000000,0.00072537
2015-12-29,0.00000000,0.00232712,-0.00542001,0.00553900,-0.01245251,0.00401440,0.00278457,0.00102135
2015-12-30,0.00000000,-0.00381023,0.00664085,-0.00361327,0.00689804,-0.00188835,0.00000000,-0.00180076
2015-12-31,0.00000000,-0.00469294,-0.00284005,-0.00512641,0.00285735,-0.00821966,0.00000000,0.00147530
2016-01-04,0.00000000,-0.00695493,0.00484160,-0.00716547,-0.00802380,-0.01165463,0.00000000,0.00387069
2016-01-05,0.00000000,0.00606752,0.00521041,0.00084850,0.00032088,0.00638343,0.00000000,-0.00194843
2016-01-06,0.00000000,-0.00458887,0.01010516,-0.00652519,-0.01058606,0.00754638,0.00000000,0.00187100
2016-01-07,0.00000000,-0.01254796,0.00003322,-0.01309880,-0.02144350,0.00201658,0.00000000,0.00674957
2016-01-08,0.00000000,-0.00197969,0.00235481,-0.00533914,-0.00709784,-0.01053082,-0.03425959,0.00315953
2016-01-11,0.00000000,0.00019674,0.01168830,0.00046777,0.00083768,0.01106284,0.00622497,-0.00198036
2016-01-12,0.00000000,0.00226736,0.00152555,0.00388592,-0.00117309,0.00776982,0.01727914,-0.00279882
2016-01-13,0.00000000,0.00016819,0.00581372,-0.01196300,-0.01129871,-0.00295267,-0.03195249,0.00609758
2016-01-14,0.00000000,0.00273592,-0.00630356,0.00729495,0.01222785,-0.00739880,0.00639572,-0.00221038
2016-01-15,0.00000000,-0.00497058,0.01146464,-0.00905933,-0.00618810,0.00084865,0.00000000,-0.00607239
2016-01-19,0.00000000,0.00641767,0.00266967,0.00054839,-0.00406853,0.01155677,-0.00342859,-0.00003637
2016-01-20,0.00000000,-0.00624702,0.00466658,-0.00555856,-0.00891106,-0.00496096,0.00000000,0.00154734
2016-01-21,0.00000000,-0.00571317,-0.01073499,0.00248739,0.00804230,-0.01006257,0.00000000,-0.00026444
2016-01-22,0.00000000,0.00091160,-0.01728554,0.00962233,0.02432872,0.00457264,0.00444171,-0.00507008
2016-01-25,0.00000000,0.00139269,0.01213096,-0.00649773,-0.00213827,0.00543382,0.00000000,0.00294394
2016-01-26,0.00000000,-0.00035089,-0.01488793,0.00582542,-0.00646864,-0.00059322,-0.00072784,-0.00281146
2016-01-27,0.00000000,0.00027401,-0.00337514,-0.00464529,0.00073981,-0.00487767,0.00000000,-0.00247993
2016-01-28,0.00000000,-0.00162759,-0.00581168,0.00220232,-0.00494851,-0.00558138,-0.00073197,0.00195500
2016-01-29,0.00000000,0.01202167,-0.01118913,0.01018235,-0.01561976,0.00521220,0.01050685,0.00238776
2016-02-01,0.00000000,-0.00614880,0.00381701,-0.00014643,0.00498630,0.00285142,0.00000000,-0.00073678
2016-02-02,0.00000000,0.00343968,0.01741864,-0.00694787,0.01870420,0.00085128,0.00000000,-0.00388491
2016-02-03,0.00000000,-0.01146939,-0.01916597,0.00224526,0.00458252,-0.01133958,0.01658033,-0.00069629
2016-02-04,0.00000000,-0.00138261,-0.00540265,0.00058956,-0.00417484,-0.00926406,0.00000000,-0.00061170
2016-02-05,0.00000000,0.00187011,0.00180870,-0.00716524,-0.00216327,-0.00870879,0.00000000,0.00222989
2016-02-08,0.00000000,0.00938737,0.00650298,-0.00496718,-0.01123691,0.00241192,0.00000000,0.00280709
2016-02-09,0.00000000,-0.00022387,0.00895151,0.00001764,-0.00767711,0.00441485,0.00000000,0.00052518
2016-02-10,0.00000000,0.01234039,0.00124324,-0.00033495,-0.00528596,0.00274655,-0.01962549,0.00039598
2016-02-11,0.00000000,0.00949407,0.00314483,-0.00514532,-0.01010534,0.00075195,0.00000000,0.00361948
2016-02-12,0.00000000,-0.01404121,-0.00983775,0.00819634,0.01122146,-0.00125623,0.00779715,-0.00244087
2016-02-16,0.00000000,-0.01212729,-0.00714535,0.00684270,0.01465952,0.00414380,0.00134713,-0.00280615
2016-02-17,0.00000000,-0.00397185,-0.01054885,0.00652437,0.00015837,-0.00179306,-0.00046101,0.00234763
2016-02-18,0.00000000,0.00640279,0.00578576,-0.00171278,0.00289653,0.00858363,0.00000000,0.00023659
2016-02-19,0.00000000,0.00151142,0.00248771,-0.00019520,0.00125494,0.00448120,0.00000000,0.00157313
2016-02-22,0.00000000,-0.00213052,-0.01042955,0.00619565,-0.01026950,0.00082156,0.00257072,0.00355090
2016-02-23,0.00000000,0.00610860,0.00840881,-0.00525042,0.00820425,0.00762028,0.00000000,-0.00311698
2016-02-24,0.00000000,0.00194841,-0.00040935,0.00193750,-0.00041777,0.00273114,0.00000000,0.00038915
2016-02-25,0.00000000,-0.00100244,-0.00018965,0.00530960,-0.00086395,0.00637421,0.00000000,0.00210634
2016-02-26,0.00000000,-0.00547834,0.00037563,-0.00100991,-0.00251289,-0.00519642,-0.00785065,-0.00085943
2016-02-29,0.00000000,0.00634291,-0.00105730,-0.00351429,0.00122963,-0.00459614,0.00000000,-0.00094666
2016-03-01,0.00000000,-0.01080095,-0.00933601,0.01053191,0.00609776,0.00271186,0.00695801,-0.00538872
2016-03-02,0.00000000,0.00204648,-0.00508272,0.00199309,-0.00278977,-0.01056418,0.00000000,0.00099957
2016-03-03,0.00000000,0.00106890,-0.00600688,0.00176192,-0.00466033,-0.00476981,0.00000000,0.00199951
2016-03-04,0.00000000,-0.00505264,-0.01004392,0.00164716,-0.00653756,-0.00494784,0.00000000,-0.00077960
2016-03-07,0.00000000,0.00142471,-0.00365006,0.00040397,-0.00658126,-0.00617868,0.00000000,-0.00008767
2016-03-08,0.00000000,0.00171198,0.00644146,-0.00554447,0.01182244,0.01085891,0.00000000,-0.00240879
2016-03-09,0.00000000,-0.00414216,-0.00628961,0.00263684,-0.00448918,-0.00082159,0.00260765,-0.00090596
2016-03-10,0.00000000,0.00300876,-0.00065900,0.00044762,-0.00535520,0.00525879,0.00000000,0.00107241
2016-03-11,0.00000000,-0.00210573,-0.00809972,0.00943946,-0.00085921,0.00030101,0.00356657,0.00346681
2016-03-14,0.00000000,-0.00355481,0.00150714,-0.00072095,0.00196412,-0.00216833,0.00000000,0.00105584
2016-03-15,0.00000000,0.00120381,0.00784471,-0.00098657,0.00190496,0.00521269,0.00000000,-0.00097917
2016-03-16,0.00000000,0.01732503,-0.00360519,0.00374537,-0.00166153,-0.00129337,0.00000000,0.00265113
2016-03-17,0.00000000,0.00624865,-0.00736674,0.00438285,-0.00299136,-0.00067834,0.00000000,0.00213033
2016-03-18,0.00000000,0.00007130,0.00021369,-0.00093670,0.00172553,-0.00037570,0.00000000,0.00052345
2016-03-21,0.00000000,-0.00460169,-0.00203425,0.00109397,-0.00035341,-0.00368955,0.00000000,0.00208712
2016-03-22,0.00000000,-0.00351627,-0.00153153,-0.00041925,-0.00054650,-0.00307648,0.00000000,0.00098299
2016-03-23,0.00000000,-0.00819955,0.01011858,-0.00544921,0.01443759,0.00722328,0.00000000,-0.00343205
2016-03-24,0.00000000,-0.00225084,0.00092383,-0.00039015,0.00025344,-0.00365202,0.00000000,0.00041564
2016-03-28,0.00000000,0.00126513,-0.00181210,0.00051106,0.00189342,0.00643659,0.00000000,0.00095030
2016-03-29,0.00000000,0.01600831,0.00339953,0.00841185,0.00123992,0.00630905,0.00000000,0.00423782
2016-03-30,0.00000000,-0.00226075,-0.00157835,0.00388621,0.00037554,0.00144004,0.00029448,0.00178386
2016-03-31,0.00000000,0.00428111,0.00156716,-0.00227974,-0.00122680,-0.00360498,0.00000000,-0.00045709
2016-04-01,0.00000000,0.00272010,0.00630102,0.00831150,-0.00104511,0.00351889,0.00000000,0.00209550
2016-04-04,0.00000000,-0.00051427,0.00588528,-0.00387365,-0.00210735,-0.00502757,0.00000000,-0.00194681
2016-04-05,0.00000000,0.00446858,0.00493042,-0.01186930,-0.00295494,-0.00461732,0.00000000,-0.00425306
2016-04-06,0.00000000,-0.00063002,-0.00838363,0.01211052,0.00512554,-0.00376548,0.00000000,-0.00503960
2016-04-07,0.00000000,0.00581446,0.00659628,-0.01234147,-0.00541545,-0.00473881,0.00000000,-0.00700924
2016-04-08,0.00000000,0.00006000,-0.01197254,0.00263563,0.00840168,-0.00103852,-0.00194571,-0.00201439
2016-04-11,0.00000000,0.00168384,-0.00162873,-0.00231652,-0.00454958,-0.00046104,-0.01323186,0.00120223
2016-04-12,0.00000000,-0.00402532,-0.01235043,0.00952942,-0.00443903,-0.00323881,0.00000000,-0.00265938
2016-04-13,0.00000000,-0.00170247,-0.00666091,0.01135384,-0.00346623,0.00380557,0.00546709,0.00384102
2016-04-14,0.00000000,-0.00519854,-0.00151107,0.00003682,0.00091781,-0.00393009,0.00000000,0.00028297
2016-04-15,0.00000000,0.00760790,0.00180004,-0.00119939,0.00338320,0.00529878,0.00000000,0.00104109
2016-04-18,0.00000000,0.00114716,-0.00204485,0.00778239,-0.00198331,-0.00052400,0.00000000,0.00509702
2016-04-19,0.00000000,0.00351268,-0.00693265,0.00345445,-0.00603021,-0.00146437,0.00000000,-0.00080296
2016-04-20,0.00000000,-0.00959200,-0.00626803,0.00106704,-0.00479214,-0.00346998,0.00000000,-0.00041359
2016-04-21,0.00000000,-0.00360376,0.00162906,-0.00614395,-0.00005738,-0.00098490,0.00000000,-0.00156485
2016-04-22,0.00000000,-0.00390433,-0.00265028,-0.00000543,0.00307497,-0.00567630,0.00000000,0.00212809
2016-04-25,0.00000000,0.00062749,0.00125738,-0.00201544,0.00156433,0.00731109,0.00000000,-0.00102190
2016-04-26,0.00000000,0.00106228,-0.00445823,0.00171622,-0.00480950,-0.00138822,0.00000000,0.00175733
2016-04-27,0.00000000,0.00640956,-0.00067581,0.00246819,0.00164759,-0.00385490,0.00000000,0.00262967
2016-04-28,0.00000000,0.00977752,0.00842144,-0.01136244,-0.00307762,-0.00081894,0.00000000,-0.00506355
2016-04-29,0.00000000,0.00493188,0.00178831,-0.00632849,-0.00288197,0.00240050,0.00000000,-0.00294253
2016-05-02,0.00000000,-0.00089519,-0.00030542,0.00908286,0.00582958,0.00724705,0.00905703,-0.00538047
2016-05-03,0.00000000,0.00132524,0.01189107,-0.00972900,0.00434118,0.00248501,0.00000000,-0.00393245
2016-05-04,0.00000000,0.00048609,0.00415011,-0.00599672,-0.00253285,0.00166193,0.00000000,0.00098495
2016-05-05,0.00000000,0.00251199,0.00151041,-0.00022717,-0.00013169,-0.00140810,-0.00479731,-0.00010194
2016-05-06,0.00000000,0.00190401,-0.00026663,0.00440639,0.00150446,0.01440267,0.00000000,0.00369365
2016-05-09,0.00000000,-0.00383019,0.00421395,0.00107175,-0.01414086,0.00384162,0.00000000,0.00190102
2016-05-10,0.00000000,0.00200376,-0.01191600,0.01688526,0.01317429,-0.00085974,0.00776821,0.00424594
2016-05-11,0.00000000,0.00038591,-0.00100109,-0.01116343,0.00580251,-0.01177270,0.00000000,-0.00294120
2016-05-12,0.00000000,-0.00504669,-0.00207239,0.00033004,-0.00170683,0.00350930,0.00696319,0.00112158
2016-05-13,0.00000000,0.00229766,0.00776583,-0.01093129,0.00536500,-0.00421587,0.00000000,-0.00298284
2016-05-16,0.00000000,-0.00235079,-0.00805345,0.01143119,0.00253007,0.00134726,0.00000000,0.00379822
2016-05-17,0.00000000,-0.00369784,-0.00050603,-0.00986571,-0.00385272,-0.01483260,0.00000000,-0.00376185
2016-05-18,0.00000000,-0.02250573,-0.00161454,0.00029511,0.00147475,-0.00635592,0.00000000,-0.00041069
2016-05-19,0.00000000,-0.00017107,0.00265101,-0.00363766,-0.00258863,0.00883224,0.00000000,-0.00053425
2016-05-20,0.00000000,0.00201247,-0.00292205,0.00660606,0.00334839,0.00186834,-0.00528416,-0.00322339
2016-05-23,0.00000000,0.00128597,0.00362274,-0.00139767,0.00044588,-0.00524648,0.00000000,0.00031917
2016-05-24,0.00000000,-0.00497755,-0.00520996,0.01325421,-0.00207690,0.00677388,-0.00262904,0.00379862
2016-05-25,0.00000000,0.00171489,-0.00563519,0.00610891,0.00080130,-0.00630536,-0.00261119,0.00162905
2016-05-26,0.00000000,0.00432600,0.00056594,0.00025514,0.00160156,0.00558402,0.00000000,0.00096813
2016-05-27,0.00000000,-0.00336390,-0.00021781,0.00389233,-0.00360076,0.00725238,0.00000000,0.00244917
2016-05-31,0.00000000,0.00122366,0.00191156,-0.00178847,0.00164103,-0.00349797,0.00000000,0.00003364
2016-06-01,0.00000000,0.00324516,-0.00130338,0.00194438,0.00064146,0.00173965,0.00000000,0.00077487
2016-06-02,0.00000000,0.00657092,0.00171369,0.00296579,-0.00155420,-0.00123846,0.00000000,0.00254712
2016-06-03,0.00000000,0.01962852,0.00180099,-0.00310176,0.00485342,0.01081403,0.00000000,0.00049191
2016-06-06,0.00000000,-0.00261778,-0.00606528,0.00534301,0.00179124,-0.01236319,0.00000000,0.00113236
2016-06-07,0.00000000,0.00333702,-0.00406349,0.00162028,-0.00035084,0.00209832,0.00000000,-0.00021067
2016-06-08,0.00000000,0.00935999,-0.00134239,0.00345927,-0.00898505,0.00232610,0.00000000,-0.00051464
2016-06-09,0.00000000,0.00122680,0.00639735,-0.00144566,0.00296385,0.00780587,0.00000000,-0.00174172
2016-06-10,0.00000000,-0.00249647,0.01415653,-0.01089091,0.00597339,0.00526412,0.00000000,-0.00846958
2016-06-13,0.00000000,-0.00077022,0.00571153,-0.00861430,-0.00530599,-0.00696562,0.00000000,0.01317457
2016-06-14,0.00000000,-0.00342244,0.00331619,-0.00207065,-0.00532998,0.00210878,0.00000000,-0.00171886
2016-06-15,-0.00418189,0.00811891,0.00118199,-0.00155794,0.00016643,0.00122831,0.00000000,-0.00078056
2016-06-16,0.00895307,0.00058988,0.00370437,0.00351861,-0.00413747,0.00016482,0.00000000,-0.00207791
2016-06-17,-0.02663531,-0.00073712,-0.00844510,-0.01142189,0.01153105,-0.00366272,0.00000000,-0.00005070
2016-06-20,0.01932016,-0.00550821,-0.01271466,0.00742992,0.01024753,0.00047949,-0.01607143,-0.00569300
2016-06-21,0.00851576,-0.00629534,-0.00353677,0.00319915,-0.00527654,-0.00218233,0.00000000,-0.00061953
2016-06-22,0.00000000,0.00172727,0.00228580,-0.00188323,0.00111808,0.00459175,0.00000000,-0.00272601
2016-06-23,0.00000000,0.00117235,-0.01411621,0.01514204,-0.01498557,0.00002454,0.00994680,-0.00773741
2016-06-24,0.00000000,0.00210229,0.03852964,-0.04053436,0.06148657,0.00049050,0.00000000,-0.01855362
2016-06-27,0.00000000,0.01096451,0.00990942,-0.00844606,-0.00719225,0.00307200,0.00000000,-0.00046683
2016-06-28,0.05410371,0.00839674,-0.00792491,0.00811469,0.01128151,-0.00251967,0.01926388,-0.00623002
2016-06-29,0.03851170,0.00467560,-0.00651943,0.00697530,0.00564247,0.01458450,0.00723767,-0.00328812
2016-06-30,0.00000000,0.01085111,0.00288388,0.00524809,-0.00103190,0.01320719,0.00000000,0.00186978
2016-07-01,0.00000000,0.01367261,0.00165972,0.00079735,-0.00265790,-0.00119844,0.00000000,0.00182713
2016-07-05,0.00000000,0.00623332,0.01280257,-0.00274763,0.00037041,0.01052927,0.00000000,-0.00109470
2016-07-06,0.00000000,0.00413539,0.00128617,0.00227129,-0.00118774,0.00311031,0.00000000,0.00148000
2016-07-07,0.00000000,-0.00509004,0.00416323,-0.00024168,-0.00108280,-0.00412376,0.00000000,0.00114738
2016-07-08,0.00000000,0.01544769,-0.00108515,0.00568772,0.00310301,0.00943265,0.00562041,0.00392922
2016-07-11,0.00000000,-0.00384009,-0.00383182,0.00130472,0.00238782,0.00414693,0.00000000,0.00004969
2016-07-12,0.00000000,-0.00780003,-0.01100410,0.00268782,0.00235714,-0.01180463,-0.00392758,0.00134293
2016-07-13,0.00000000,0.00685446,0.00546348,-0.00005282,0.00301941,0.00832050,0.00000000,0.00091425
2016-07-14,0.00000000,-0.00503337,-0.00541075,0.00212218,-0.00430540,-0.00001437,-0.00085968,0.00005229
2016-07-15,0.00000000,-0.00563930,0.00106752,-0.00051025,0.00101205,0.00031909,0.00442240,0.00031395
2016-07-18,0.00000000,0.00158159,-0.00080264,0.00102057,-0.00248638,0.00090486,0.00000000,0.00105139
2016-07-19,0.00000000,-0.00008371,0.00529204,-0.00038645,0.00355725,0.00613109,0.00000000,0.00026371
2016-07-20,0.00000000,-0.00480698,-0.00268797,0.00160710,-0.00159109,-0.00517039,0.00000000,0.00150960
2016-07-21,0.00000000,0.00464366,0.00481256,-0.00147111,0.00373651,0.00111687,0.00000000,-0.00164943
2016-07-22,0.00000000,0.00072112,0.00051128,0.00174521,-0.00340471,0.00692138,0.00000000,0.00149735
2016-07-25,0.00000000,-0.00415912,0.00163065,-0.00105269,-0.00182725,0.00319907,0.00000000,0.00033349
2016-07-26,0.00000000,0.00247414,0.00017568,0.00018275,0.00147817,-0.00264108,0.00000000,0.00061345
2016-07-27,0.00000000,0.00742611,0.00284296,-0.00064908,0.00303325,-0.00199992,0.00000000,0.00141065
2016-07-28,0.00000000,0.00057280,0.00136468,0.00078166,-0.00093148,0.00755045,0.00000000,0.00110637
2016-07-29,0.00000000,0.01399770,0.00288904,0.00126262,-0.00193018,0.00180387,0.00000000,0.00226330
2016-08-01,0.00000000,-0.00650254,0.00201986,-0.00079845,-0.00136303,0.00558360,0.00000000,0.00098426
2016-08-02,0.00000000,-0.00550185,-0.00029207,-0.00681594,-0.00323972,-0.01145522,0.00000000,-0.00230993
2016-08-03,0.00000000,-0.00074768,-0.00400268,0.00285832,0.00753395,-0.00571749,0.00000000,0.00151010
2016-08-04,0.00190084,0.00542083,-0.00055774,0.00111330,0.00073427,0.00326809,0.00000000,0.00167066
2016-08-05,0.01463630,-0.00551560,-0.00526535,0.00913748,-0.00067254,-0.00003962,0.00134813,0.00223922
2016-08-08,0.00000000,0.00155530,-0.00181316,-0.00064451,-0.00195297,-0.00141066,0.00000000,0.00145657
2016-08-09,0.00000000,0.00747506,0.00300851,0.00075842,0.00205937,-0.00048710,0.00000000,0.00106593
2016-08-10,0.00000000,0.00342500,0.00377965,-0.00349351,0.00452884,0.00831967,0.00000000,-0.00155254
2016-08-11,0.00000000,-0.00476696,-0.00608585,0.00703525,-0.00401456,0.00119681,0.00000000,0.00030477
2016-08-12,0.00000000,0.00237618,-0.00084989,-0.00129313,0.00050547,-0.00151043,0.00000000,0.00058181
2016-08-15,0.00000000,-0.00058766,-0.00354923,0.00445150,-0.00101095,-0.00777669,0.00000000,0.00105301
2016-08-16,0.00000000,-0.00367705,-0.00115149,-0.00795544,-0.00227460,-0.00718810,0.00000000,-0.00217415
2016-08-17,0.00000000,0.00247559,-0.00045857,0.00268639,0.00064677,0.00107636,0.00000000,0.00169655
2016-08-18,0.00000000,0.00443949,-0.00205624,0.00322249,-0.00396976,-0.00123992,0.00000000,0.00102566
2016-08-19,0.00000000,-0.00896848,-0.00232949,-0.00219286,-0.00098289,-0.00132399,0.00000000,-0.00024881
2016-08-22,0.00000000,-0.00092315,-0.00126312,-0.00008034,0.00237272,-0.00405836,0.00000000,-0.00024821
2016-08-23,0.00000000,0.00252134,-0.00088893,0.00322950,-0.00126460,0.00416100,0.00000000,0.00012369
2016-08-24,0.00000000,-0.00756724,-0.00132784,-0.00838632,-0.00130410,-0.00585266,0.00000000,-0.00134948
2016-08-25,0.00000000,-0.00020143,0.00061125,-0.00105752,0.00160052,0.00124246,0.00000000,-0.00005211
2016-08-26,0.00000000,-0.00944263,-0.00188609,-0.00283827,0.00024944,-0.00825349,0.00000000,0.00014415
2016-08-29,0.00000000,0.01047748,0.00398590,0.00736474,-0.00165802,0.00169561,0.00000000,-0.00128509
2016-08-30,-0.00285033,-0.00667663,-0.00270386,-0.00235522,-0.00383942,-0.00782656,0.00107566,0.00043142
2016-08-31,-0.00488988,-0.00356966,0.00140114,-0.00402361,-0.00359345,0.00010978,0.00000000,0.00020338
2016-09-01,0.00007849,0.00494054,0.00181030,0.00004788,0.00059535,0.00761307,0.00000000,0.00020224
2016-09-02,0.00769220,0.00745039,0.00109565,0.00696737,0.00106021,0.00793943,0.00493612,0.00230250
2016-09-06,0.00512005,0.01691419,0.00553436,0.00444619,-0.00155885,0.00445505,0.00000000,0.00169523
2016-09-07,0.00000000,-0.00000817,-0.00150873,-0.00019181,0.00244915,0.00008260,0.00000000,0.00091226
2016-09-08,0.00000000,-0.00991942,-0.00665485,-0.00382590,0.00272832,-0.01531845,0.00000000,-0.00021502
2016-09-09,0.00000000,-0.03158599,-0.01018799,-0.03999852,0.00808950,-0.01391575,0.00000000,-0.01155186
2016-09-12,0.00000000,0.00765270,0.00269935,0.00915528,0.00172945,0.00745529,0.00000000,-0.00444364
2016-09-13,0.00000000,-0.01934072,-0.00565827,-0.00811679,-0.00248768,-0.00784611,0.00000000,0.00852438
2016-09-14,0.00000000,0.00085043,0.00158451,-0.00020206,0.00111042,0.00205542,0.00000000,-0.00027992
2016-09-15,0.00000000,0.00540965,0.00058011,0.00518400,0.00517022,0.00720161,0.00000000,-0.00226806
2016-09-16,0.00000000,-0.00143248,0.00007152,-0.00438522,-0.00228418,-0.00699538,0.00000000,-0.00073036
2016-09-19,0.00000000,0.00229755,0.00183014,0.00008780,0.00109358,0.00236663,-0.00451402,-0.00159328
2016-09-20,0.00000000,0.00200887,-0.00014244,0.00002268,0.00131786,-0.00431071,-0.00171156,-0.00043324
2016-09-21,0.00000000,0.01719035,0.00726247,0.00654234,-0.00683206,0.00982139,0.02602484,0.00641278
2016-09-22,0.01164027,0.00806020,0.00277737,0.00348568,-0.00237845,0.00272674,-0.00168260,0.00252467
2016-09-23,0.00000000,-0.00390885,-0.00168712,-0.00302983,0.00853498,-0.00228079,0.00000000,-0.00060470
2016-09-26,0.00000000,-0.00209266,-0.00287496,-0.00451238,0.00782349,-0.00514951,0.00000000,-0.00465621
2016-09-27,0.01862397,0.00221723,-0.00057350,0.00339660,-0.00091352,0.00187893,0.00000000,0.00455132
2016-09-28,0.01489075,0.00555843,0.00267633,0.00267025,0.00196593,-0.00524502,0.00000000,0.00092209
2016-09-29,-0.02714180,-0.00680804,-0.00799613,-0.00486899,0.00245591,-0.00553897,0.00000000,-0.00518278
2016-09-30,0.02159415,0.00099263,-0.00074686,0.00395300,-0.00081267,-0.00155429,-0.00362580,-0.00314981
2016-10-03,0.00000000,-0.00395362,-0.00414572,-0.00123536,-0.00738774,-0.01064529,0.00000000,-0.00043051
2016-10-04,0.00000000,-0.01424358,-0.01720675,-0.00263091,-0.01574127,-0.01464177,0.00000000,0.00021147
2016-10-05,0.00000000,-0.00091461,-0.00413665,0.00228522,-0.01215558,-0.00364806,-0.00419367,-0.00074868
2016-10-06,0.00000000,-0.00347455,-0.00142356,0.00035770,-0.00826141,0.00044354,0.00000000,-0.00074646
2016-10-07,0.00000000,0.00001302,0.00318233,-0.00176443,0.00311795,0.00185125,0.00000000,-0.00028429
2016-10-10,0.00000000,0.00209664,0.00012464,0.00267770,-0.00610460,0.00136759,-0.00280115,0.00185368
2016-10-11,0.00000000,-0.00607157,-0.00046208,-0.00790345,-0.00414147,-0.00733891,0.00000000,-0.00444718
2016-10-12,0.00000000,0.00162915,0.00311129,0.00082327,0.00554393,0.01390055,0.00000000,0.00013302
2016-10-13,-0.00863751,0.00126499,-0.00063752,-0.00229028,0.00042003,0.00055893,0.00000000,0.00247643
2016-10-14,0.00133501,-0.00291166,-0.00039973,0.00035604,0.00112331,0.00246881,-0.00508808,-0.00080754
2016-10-17,-0.00897850,0.00239753,0.00166803,-0.00255958,-0.00242323,-0.00235122,0.00000000,-0.00039766
2016-10-18,0.01586128,0.00628829,0.00238308,0.00478765,0.00619806,0.01652278,-0.00479394,-0.00327695
2016-10-19,0.00646148,0.00357483,0.00068596,0.00197316,-0.00060338,0.00319042,0.00000000,0.00186495
2016-10-20,0.00000000,-0.00132374,0.00087981,-0.00137719,0.00289894,-0.00543466,0.00000000,0.00104438
2016-10-21,0.00000000,0.00055575,-0.00058307,0.00036272,-0.00024551,0.00212952,0.00000000,0.00179202
2016-10-24,0.00000000,-0.00090475,-0.00306979,0.00354221,-0.00029422,0.00276258,0.00164897,0.00288762
2016-10-25,0.00000000,0.00076616,0.00235072,-0.00279493,-0.00002568,0.00289650,0.00000000,-0.00074861
2016-10-26,0.00000000,-0.00603567,-0.00622396,-0.00175867,0.00116172,-0.00664449,0.00000000,-0.00196231
2016-10-27,-0.00642462,-0.00654952,-0.00558750,-0.00243300,-0.00947814,-0.00385842,-0.00761022,-0.00148253
2016-10-28,-0.00703538,-0.00168449,0.00139223,-0.00276823,-0.00441741,0.00611065,0.00000000,0.00347486
2016-10-31,0.00011052,0.00222731,0.00567798,0.00003336,0.00405931,0.01018936,0.00000000,0.00173029
2016-11-01,-0.01840437,-0.00310830,0.00102976,-0.00807736,-0.00902518,-0.00310140,0.00000000,0.00232566
2016-11-02,0.00000000,-0.00214606,0.00175711,-0.00630799,-0.01573899,0.00225578,0.00000000,0.00188536
2016-11-03,0.00000000,-0.00167068,-0.00164754,-0.00471416,-0.00502349,0.00269978,0.00000000,0.00445280
2016-11-04,-0.00260603,0.00148732,0.00511666,-0.00117016,-0.00512433,-0.00560727,0.00000000,0.00012756
2016-11-07,0.05208352,0.00351341,-0.00744744,0.02373641,0.02998027,-0.00019702,0.00279267,-0.01008316
2016-11-08,0.00000000,-0.00133191,-0.00160846,0.00272878,0.00111879,0.00452308,0.00000000,0.00218995
2016-11-09,0.00000000,-0.01459637,-0.01710765,0.00661710,-0.00139092,-0.01037248,0.00000000,0.00182130
2016-11-10,0.00000000,-0.01193941,-0.01474915,0.00160040,0.00063651,-0.01067800,-0.00279469,-0.00182383
2016-11-11,0.00000000,-0.00962773,-0.00896352,-0.00147812,-0.00435192,-0.01123769,0.00000000,0.00166604
2016-11-14,0.00000000,-0.00321068,-0.00067978,0.00050606,-0.01222339,0.00442279,0.00000000,0.00035461
2016-11-15,0.00000000,0.00701193,0.00005289,0.00503349,0.00517868,0.01199292,0.00000000,0.00320642
2016-11-16,0.00000000,-0.00262506,-0.00123611,-0.00118867,0.00171365,-0.00029857,0.00000000,-0.00039364
2016-11-17,0.00000000,-0.00343507,-0.00790217,0.00328522,-0.00464913,0.00255405,0.00000000,0.00212884
2016-11-18,0.00000000,-0.00339231,-0.00218556,-0.00142871,-0.00567632,-0.00612857,0.00000000,0.00042760
2016-11-21,0.00000000,0.00589781,-0.00089456,0.00481044,-0.00508075,-0.00075546,0.00000000,0.00323804
2016-11-22,0.00000000,0.00426619,0.00349363,0.00120877,0.00080844,0.00343651,0.00000000,-0.00034111
2016-11-23,0.00000000,-0.00483265,-0.00646171,0.00034110,-0.00829354,-0.00948853,0.00000000,-0.00018317
2016-11-25,0.00000000,-0.00120655,-0.00037745,0.00236205,0.00206984,-0.00003618,0.00000000,0.00041765
2016-11-28,0.00000000,0.00412005,0.00129905,-0.00300483,0.00407782,0.00691785,0.00000000,-0.00063003
2016-11-29,0.00000000,-0.00110811,-0.00121446,0.00122877,0.00082098,0.00454680,0.00000000,0.00046827
2016-11-30,0.00000000,-0.00200076,-0.00729890,-0.00154539,0.01483411,-0.01878568,-0.01171620,-0.00002632
2016-12-01,0.00000000,-0.00557325,-0.00146082,-0.00235357,-0.00632856,-0.00322459,0.00000000,-0.00282440
2016-12-02,0.00000000,0.00496254,0.00223196,0.00032631,-0.00363407,0.00055377,0.00000000,-0.00004792
2016-12-05,0.00000000,0.00145890,-0.00029384,0.00412294,-0.00265188,0.00258988,-0.00084369,-0.00490136
2016-12-06,0.00000000,0.00278303,-0.00001170,0.00308699,0.00152999,-0.00288855,0.00000000,0.00257487
2016-12-07,0.00000000,0.00894717,0.00532183,0.01340388,-0.00062454,0.01209216,0.00000000,-0.00022360
2016-12-08,0.00000000,0.00046680,0.00704759,0.00313175,-0.00458851,0.00596946,0.00000000,-0.00021416
2016-12-09,0.00000000,-0.00408249,0.00150121,0.00788875,-0.00178182,-0.00448449,0.00000000,0.00110411
2016-12-12,0.00000000,-0.00085238,-0.00437688,-0.00162200,0.00631474,0.00147728,0.00000000,-0.00072803
2016-12-13,0.00000000,0.00503773,0.00308163,0.00931530,-0.00404390,0.00463077,-0.00187401,-0.00086759
2016-12-14,0.00000000,-0.01799578,-0.01117781,-0.01137597,0.00622832,-0.00973278,0.00000000,-0.00045505
2016-12-15,0.00000000,-0.00531816,0.00047452,0.00484466,-0.00762227,-0.01080908,0.00000000,0.00113379
2016-12-16,0.00000000,0.00061735,-0.00366162,-0.00961900,0.00109922,-0.00097603,0.00000000,0.00138172
2016-12-19,0.00000000,0.00451788,-0.00347606,0.00242108,-0.00396649,-0.00087744,0.00000000,0.00348764
2016-12-20,0.00000000,0.00237822,0.00579693,0.00438502,0.00297229,0.00140132,0.00000000,0.00189029
2016-12-21,0.00000000,-0.00232393,-0.00536103,-0.00321409,-0.00071090,-0.00051554,0.00000000,0.00176376
2016-12-22,0.00000000,-0.00053100,0.00292832,-0.00203329,-0.00406380,-0.01028671,0.00000000,-0.00192223
2016-12-23,0.00000000,0.00315492,0.00108616,0.00170553,-0.00226009,-0.00065127,0.00000000,0.00051331
2016-12-27,0.00000000,0.00300224,0.00521900,0.00292221,0.00455161,0.00693173,0.00000000,0.00147366
2016-12-28,0.00000000,0.00128636,0.00035987,-0.00981145,-0.00140137,0.00227827,0.00000000,-0.00367941
2016-12-29,0.00000000,0.00599982,0.00488722,-0.00025746,-0.00401037,0.01278025,0.00000000,0.00156129
2016-12-30,-0.00708266,-0.00127425,-0.01055523,-0.00405469,0.00429001,-0.00790807,0.00000000,0.00220352
2017-01-03,0.01465519,0.00769450,0.01567070,0.00838480,0.00156572,0.00460532,0.01279494,-0.00765224
2017-01-04,0.01092971,0.00983683,-0.00053252,0.00630930,-0.00407785,0.00529848,0.00000000,0.00517794
2017-01-05,0.00000000,0.01013368,-0.00116382,-0.00082871,-0.00852480,0.00496363,0.00607320,0.00035792
2017-01-06,0.00000000,-0.00578662,0.00056163,0.00376973,0.00419999,-0.00410286,0.00000000,0.00121616
2017-01-09,0.00000000,-0.00084334,-0.00705176,-0.00355557,-0.00295282,0.00055290,0.00000000,0.00042211
2017-01-10,0.00000000,0.00069718,0.00088689,-0.00002873,-0.00378856,0.00211121,0.00000000,0.00065933
2017-01-11,0.00000000,0.00432443,0.00883050,0.00346159,-0.00162836,0.00157110,0.00000000,0.00219426
2017-01-12,0.00000000,0.00294529,0.00300109,-0.00317272,-0.00122302,0.00059905,0.00000000,0.00019471
2017-01-13,0.00000000,-0.00043152,-0.00148739,0.00287654,-0.00118373,0.00365952,0.00000000,-0.00024402
2017-01-17,0.00000000,0.00484312,-0.00282017,-0.00466331,-0.00684060,0.00768740,0.00000000,0.00029752
2017-01-18,0.00000000,-0.00557676,-0.00115213,0.00310196,0.00858431,-0.00292746,0.00000000,0.00039906
2017-01-19,0.00000000,-0.00509335,0.00067091,-0.00533280,-0.00028604,-0.00382087,0.00000000,-0.00115240
2017-01-20,0.00000000,0.00570777,0.00614232,0.00563714,-0.00285873,0.00368315,0.00420932,0.00411818
2017-01-23,0.00000000,0.00569343,-0.00166126,-0.00394965,-0.00354010,0.00592475,0.00000000,0.00108157
2017-01-24,0.00000000,0.00067564,0.00786670,0.00982236,0.00349578,0.00376618,0.00000000,0.00489750
2017-01-25,0.00000000,0.00142925,0.00407003,0.01242725,-0.00902986,-0.00060527,0.00000000,0.00254537
2017-01-26,0.00000000,-0.00331606,0.00046949,-0.00137287,0.00214147,-0.00478658,-0.00002614,-0.00044492
2017-01-27,0.00000000,-0.00174218,-0.00123947,-0.00202644,0.00557828,-0.00226803,0.00000000,0.00112122
2017-01-30,0.00000000,-0.00592990,-0.00782974,-0.00796806,0.00268109,0.00282789,0.00000000,-0.00300938
2017-01-31,0.00000000,0.00513670,0.00142811,-0.00013055,0.00644228,0.00800638,0.00000000,0.00043974
2017-02-01,0.00000000,0.00130107,0.00316705,0.00054431,0.00128789,-0.00270318,0.00000000,0.00177252
2017-02-02,0.00000000,0.00376397,0.00520043,0.00093596,0.00153713,0.00147508,0.00000000,0.00046700
2017-02-03,0.00000000,0.00425662,0.00550610,0.01067927,0.00163651,-0.00278732,-0.00002614,-0.00218221
2017-02-06,0.00000000,-0.00020124,-0.00637050,-0.00326735,-0.00227052,0.00523873,0.00000000,-0.00014375
2017-02-07,0.00000000,-0.00218513,-0.00513150,0.00007670,0.00311094,-0.00150843,0.00000000,-0.00144341
2017-02-08,0.00000000,0.00552261,0.00048136,0.00245058,-0.00166345,0.00704723,0.00000000,0.00072140
2017-02-09,0.00000000,0.00128667,0.00947554,0.01138676,0.00934095,-0.00037178,0.00000000,0.00264592
2017-02-10,0.00000000,0.00883500,0.01360475,0.00709318,-0.00261330,0.00917884,-0.00028512,0.00232688
2017-02-13,0.00000000,-0.00019219,0.00363872,0.00965021,-0.00078011,-0.00292506,0.00000000,0.00434053
2017-02-14,0.00000000,0.00017953,0.00580170,0.00699079,-0.00233022,-0.00410359,0.00000000,0.00605198
2017-02-15,0.00000000,0.00479754,0.00636813,0.00901683,-0.00693590,0.00165311,0.00000000,-0.00431243
2017-02-16,0.00000000,-0.00016800,-0.00691754,-0.00149677,0.00821360,0.00189845,0.00000000,-0.00070196
2017-02-17,0.00000000,0.00027526,-0.00312299,0.00272950,0.00453106,-0.00234303,0.00000000,-0.00030997
2017-02-21,0.00000000,0.00808859,0.00970660,0.01092916,-0.00420961,0.00212158,0.00000000,0.00160625
2017-02-22,0.00000000,-0.00130950,-0.00464241,-0.00157618,-0.00065207,0.00049098,0.00000000,0.00062681
2017-02-23,0.00000000,0.00341905,-0.00234162,0.00121252,0.00145569,-0.00328592,0.00000000,0.00343402
2017-02-24,0.00000000,-0.00241746,-0.01159420,0.00235428,-0.01528458,0.00394682,0.00000000,-0.00143692
2017-02-27,0.00000000,-0.00408923,-0.00000565,0.00322014,-0.00071381,-0.01239040,0.00000000,0.00070185
2017-02-28,0.00000000,-0.00258577,-0.00571319,-0.00572530,-0.00106403,-0.00110201,0.00000000,-0.00338079
2017-03-01,0.00000000,0.00979008,0.02151676,0.02883289,0.02674084,0.00485933,-0.00202753,-0.00287700
2017-03-02,0.00000000,-0.01877134,-0.01794859,-0.00987988,-0.00489952,0.00007043,0.00000000,0.00007701
2017-03-03,0.00000000,0.00396809,0.00219449,0.00082840,0.00779113,0.00577040,0.00000000,0.00386399
2017-03-06,0.00000000,-0.00474325,-0.00016550,-0.00407928,-0.00261442,-0.00258732,0.00000000,0.00283913
2017-03-07,0.00000000,-0.00755043,-0.00110855,-0.00394358,-0.00127666,-0.00214605,0.00000000,-0.00000000
2017-03-08,0.00000000,-0.01825584,-0.00983769,-0.00250688,-0.01131562,0.00223928,0.00000000,-0.00088625
2017-03-09,0.00000000,-0.00718989,-0.00100366,0.00170608,-0.00968617,0.00134781,0.00000000,0.00044000
2017-03-10,0.01051254,0.00328781,0.00117931,0.00476844,-0.00552710,0.00546764,0.00783402,0.00220813
2017-03-13,0.00151458,0.00262245,0.00436918,0.00068252,-0.00111011,-0.00001742,0.00000000,0.00305199
2017-03-14,-0.01147975,-0.00693848,-0.00468941,-0.00537746,0.00146718,-0.00054650,0.00000000,-0.00265686
2017-03-15,0.02596032,0.02915820,0.00859146,0.01211811,0.01230038,0.01328207,0.00000000,0.00553643
2017-03-16,0.00000000,-0.00324761,-0.00658835,-0.00258727,-0.00208839,-0.00137302,0.00000000,0.00309678
2017-03-17,0.00000000,0.00185312,-0.00238998,-0.00813604,-0.00037186,0.00579078,0.00000000,0.00176214
2017-03-20,0.00000000,0.00205284,0.00036181,-0.00140574,-0.00102696,-0.00214602,0.00000000,-0.00000000
2017-03-21,0.00000000,-0.00975209,-0.01477545,-0.01636193,-0.01137427,0.00691457,0.00000000,-0.00563838
2017-03-22,0.00000000,0.00148146,-0.00100904,0.00238632,-0.00165061,0.00526222,0.00000000,-0.00080384
2017-03-23,-0.00320130,0.00036935,-0.00076516,-0.00113545,-0.00243135,-0.00026189,0.00000000,0.00513519
2017-03-24,-0.00217921,0.00392005,0.00411402,-0.00076826,0.00253286,0.00120217,0.00000000,-0.00263670
2017-03-27,-0.00307877,0.00083922,0.00046307,-0.00108678,-0.00859028,0.00121919,0.00000000,-0.00283524
2017-03-28,0.02183032,0.00524840,0.01175659,0.00789922,0.01320730,-0.00171046,0.00000000,-0.00801310
2017-03-29,0.00000000,0.00741606,0.00331116,0.00095056,-0.00434724,-0.00152689,0.00000000,0.00066144
2017-03-30,0.00000000,-0.00145477,0.00126852,0.00330116,-0.00280667,-0.00355726,0.00000000,-0.00062829
2017-03-31,0.00000000,0.00121156,-0.00546094,-0.00297685,0.00288105,0.00120139,0.00000000,-0.00266846
2017-04-03,0.00000000,0.00242938,-0.00193611,-0.00228471,0.00456429,0.00589413,0.00000000,-0.00060371
2017-04-04,0.00000000,0.00196471,0.00526012,0.00083264,-0.00519438,-0.00092549,0.00000000,0.00170209
2017-04-05,0.00000000,-0.00328648,-0.00751643,-0.00391364,0.00067394,0.00654685,0.00000000,0.00480272
2017-04-06,0.00000000,0.00171436,-0.00054529,0.00369704,-0.00473244,0.00109713,0.00000000,-0.00270814
2017-04-07,0.00000000,-0.00104829,0.00118141,-0.00132901,-0.00121000,-0.00198328,0.00000000,0.00546274
2017-04-10,0.00000000,0.00355179,0.00070167,0.00077577,-0.00340065,-0.00078866,0.00000000,0.00575999
2017-04-11,0.00000000,0.00552528,-0.00748537,-0.00159041,0.00152760,0.00481372,0.00000000,0.00674296
2017-04-12,0.00000000,-0.00003326,-0.00587592,-0.00583981,-0.00135926,0.00507307,0.00000000,0.00065090
2017-04-13,0.00000000,-0.00361223,-0.00515966,-0.00858610,-0.00429541,0.00078974,0.00000000,0.00275420
2017-04-17,0.02657950,0.00596974,0.00466591,0.01248702,0.00981754,0.00607730,0.00000000,-0.00713079
2017-04-18,-0.00895255,-0.00359467,-0.01378069,-0.00366823,-0.01065999,0.00333146,0.00000000,-0.00119380
2017-04-19,-0.00551588,-0.01082451,-0.00279478,-0.00231020,-0.00200729,0.00068209,0.00000000,0.00326513
2017-04-20,0.02441741,0.00401116,0.00676025,0.01020640,-0.00044717,0.00116108,0.00000000,-0.00356990
2017-04-21,0.00000000,-0.00158114,-0.00103311,-0.00456068,-0.00141352,0.00032774,0.00000000,-0.00047286
2017-04-24,0.00000000,0.00458996,0.00871494,0.01579965,-0.01245194,-0.00679529,0.00225221,0.01521354
2017-04-25,0.00000000,-0.00135970,0.00194812,0.00685874,-0.00246136,-0.00794234,0.00098072,0.00270386
2017-04-26,0.00000000,-0.00238801,-0.00318414,-0.00072845,0.00153885,-0.00479613,0.00000000,-0.00097246
2017-04-27,0.00000000,-0.00159667,-0.00103182,0.00098109,-0.00302052,-0.00307123,0.00000000,0.00113866
2017-04-28,0.00000000,-0.00184920,-0.00532160,-0.00268715,-0.00490756,0.00928332,0.00000000,-0.00000000
2017-05-01,0.00000000,0.00311770,0.00744331,0.00305445,-0.00791818,-0.00128430,0.00000000,0.00460281
2017-05-02,0.00000000,0.00141492,0.00213862,0.00045780,-0.00703100,0.00571226,0.00000000,-0.00008424
2017-05-03,0.00000000,-0.00622691,0.00188249,-0.00152156,-0.00932823,-0.00058363,0.00000000,-0.00271435
2017-05-04,0.00000000,-0.00958265,0.00103947,0.00147400,-0.01365193,-0.00383147,0.00000000,0.00337165
2017-05-05,0.00000000,0.00993644,0.00193278,0.00494412,0.00854409,0.00504926,0.00000000,-0.00067464
2017-05-08,0.00000000,-0.00315021,0.00356954,-0.00021169,-0.00257436,-0.00029543,0.00000000,0.00301428
2017-05-09,0.00000000,-0.00133346,0.00483678,-0.00117615,-0.00553565,-0.00127815,0.00000000,0.00034266
2017-05-10,0.00000000,0.00674422,0.00056265,0.00231001,0.00453092,0.00595947,0.00000000,-0.00043017
2017-05-11,0.00000000,0.00001947,-0.00219622,-0.00265362,0.00193009,0.00791641,0.00000000,0.00017276
2017-05-12,0.00000000,0.00124862,-0.00610591,-0.00216740,0.00221724,-0.00051040,0.00000000,0.00035266
2017-05-15,0.00000000,0.00469637,0.00308485,0.00741766,0.00018639,-0.00262774,0.00000000,0.00224885
2017-05-16,0.00000000,-0.00046257,-0.00448767,-0.00130955,-0.00430145,-0.00421729,0.00000000,0.00173866
2017-05-17,0.00000000,-0.00774790,-0.02668841,-0.02721226,0.00477000,-0.00483685,0.00000000,-0.02319239
2017-05-18,0.00000000,-0.00433433,0.00023250,0.00364118,0.00551961,0.00135723,0.00000000,-0.00210739
2017-05-19,0.00000000,0.01134703,-0.00040666,0.00596941,0.00275249,-0.00132429,0.00000000,-0.00627692
2017-05-22,0.00000000,0.00248864,0.00154352,0.00470696,-0.00152260,0.00380757,0.00000000,-0.00393030
2017-05-23,0.00000000,-0.00045017,0.00712303,0.00204069,0.00853383,-0.00606623,0.00000000,-0.00012320
2017-05-24,0.00000000,0.00275946,0.00174583,0.00234263,-0.00220329,0.00741543,0.00000000,-0.00234461
2017-05-25,0.00000000,-0.00228782,0.00332061,0.00497170,0.00369343,0.00558753,0.00000000,-0.00084651
2017-05-26,0.00000000,0.00132021,-0.00268209,-0.00023885,0.00466513,0.00385282,0.00000000,0.00151081
2017-05-30,0.00000000,-0.00174425,-0.00274374,-0.00100588,0.00152914,-0.00305131,0.00000000,0.00044761
2017-05-31,0.00000000,-0.00033295,0.00001017,-0.00029056,-0.00149546,0.00378758,0.00000000,-0.00058131
2017-06-01,0.00000000,0.00538024,0.00723411,0.00931829,-0.00020185,0.00380904,0.00000000,0.00192901
2017-06-02,0.00000000,0.01185489,0.00723432,0.00364776,-0.00788353,0.00310974,0.00000000,-0.00019663
2017-06-05,0.00000000,-0.00399280,-0.00033265,-0.00081000,0.00178789,-0.00286627,0.00000000,-0.00045783
2017-06-06,0.00000000,-0.00064279,-0.01135279,-0.00350199,0.00497693,0.00215386,0.00000000,0.00173514
2017-06-07,0.00000000,-0.00020174,0.00764703,0.00201265,-0.00499374,0.01085123,0.00000000,-0.00101809
2017-06-08,0.00000000,-0.00193383,0.00224376,0.00053555,0.00430454,-0.01005164,0.00000000,0.00165553
2017-06-09,0.00000000,-0.00409448,-0.00051367,-0.00166662,0.00744401,-0.00422800,0.00000000,-0.00118430
2017-06-12,0.00000000,0.00070429,0.00370076,-0.00023128,-0.00562920,-0.00139109,0.00000000,0.00089425
2017-06-13,0.00000000,0.00968321,0.00158494,0.00552691,0.00439501,0.00052064,0.00000000,-0.00304761
2017-06-14,0.00000000,0.00418792,0.00572755,-0.00143635,-0.00525557,0.00137483,0.00000000,0.00038081
2017-06-15,0.00000000,-0.00798049,-0.00179441,-0.00221320,-0.00068028,-0.00126865,0.00000000,-0.00114141
2017-06-16,0.00000000,0.00181413,-0.00098119,-0.00564105,0.00116860,-0.00298745,0.00000000,-0.00075492
2017-06-19,0.00000000,0.00566578,0.01145137,0.01559994,-0.00626691,-0.00086551,0.00000000,0.00267003
2017-06-20,-0.02023216,-0.01037919,-0.00278912,-0.01124524,0.00364270,-0.00964652,-0.00959823,-0.00229606
2017-06-21,-0.00074071,-0.00438065,0.00334484,-0.00039389,-0.00684454,0.00156434,0.00000000,-0.00089920
2017-06-22,-0.00135830,0.00447842,0.00132524,-0.00071490,-0.00361984,-0.00006964,0.00000000,-0.00088918
2017-06-23,0.00358261,0.00441011,-0.00476409,0.00188619,0.00743481,0.00400274,0.00000000,0.00075549
2017-06-26,0.00197425,0.00664383,0.00471182,0.00104316,0.00073587,-0.00134220,-0.00592041,0.00191777
2017-06-27,0.00000000,-0.01079715,-0.01041888,-0.01328794,0.00628990,-0.00442746,0.00000000,-0.00289413
2017-06-28,0.00000000,0.01048393,0.00433724,0.01263990,-0.00817742,0.00242135,-0.00223660,0.00237061
2017-06-29,-0.02636659,-0.01328098,-0.00713161,-0.01090714,-0.00505019,-0.01246442,0.00000000,-0.00427763
2017-06-30,0.00537430,0.00135843,-0.00784425,0.00202873,-0.01013754,0.00148996,-0.00373639,-0.00122637
2017-07-03,0.00485692,-0.00230864,0.00525344,0.00198657,-0.00739931,-0.00462472,0.00000000,0.00095642
2017-07-05,0.00658983,-0.00122644,0.00234072,0.00276191,0.00686691,0.00031422,0.00000000,0.00006761
2017-07-06,-0.02583383,-0.01243380,-0.00035926,-0.01084366,-0.00232113,-0.00434190,0.00000000,0.00449891
2017-07-07,0.00000000,0.00037653,0.01157698,0.00691915,-0.00326761,0.00392603,0.00000000,-0.00315171
2017-07-10,0.00000000,0.00196617,-0.00127420,0.00108374,-0.00102606,0.00456391,0.00000000,0.00206375
2017-07-11,0.00000000,0.00656170,-0.00258333,-0.00076007,0.00265962,-0.00291222,0.00000000,0.00034316
2017-07-12,0.00000000,0.01566049,0.00238305,0.00781127,0.00140333,0.00507034,0.00046679,0.00221125
2017-07-13,0.00000000,0.00209686,0.00522017,0.00167316,-0.00202061,-0.00365528,0.00000000,0.00114480
2017-07-14,0.00000000,0.01119448,-0.00275552,0.00477190,-0.00443050,0.00457015,0.00000000,0.00159286
2017-07-17,0.00000000,-0.00102846,-0.00259097,-0.00012619,0.00258883,0.00285778,0.00000000,0.00228920
2017-07-18,0.00000000,0.00680840,-0.00228941,0.00054343,0.00037979,0.00088887,0.00000000,0.00121161
2017-07-19,0.00000000,0.00727929,-0.00351838,0.00572403,-0.00812331,-0.00150720,0.00000000,0.00076672
2017-07-20,0.00000000,0.00573605,0.00353583,0.00050058,0.00078683,0.00137366,0.00000000,0.00084094
2017-07-21,0.00000000,-0.00115301,-0.00444658,-0.00109792,0.00118274,0.00262550,0.00000000,0.00119219
2017-07-24,0.00000000,-0.00112948,0.00103037,-0.00029593,0.00195129,-0.00419713,0.00000000,0.00163583
2017-07-25,0.00000000,-0.00178050,-0.00084548,0.00295653,0.00538524,0.00242749,0.00000000,-0.00043710
2017-07-26,0.00000000,0.00913728,-0.00296350,0.00004844,-0.00604942,0.00515371,0.00000000,-0.00034809
2017-07-27,0.00000000,-0.00246348,-0.00191743,-0.00112997,0.00256813,0.00298124,0.00000000,-0.00061468
2017-07-28,0.00000000,0.00372965,-0.00210415,-0.00158557,-0.00497763,-0.00373290,0.00000000,0.00094961
2017-07-31,0.00000000,0.00452550,0.00252811,-0.00084522,-0.00570320,-0.00226424,0.00000000,-0.00051894
2017-08-01,0.00000000,0.00300713,0.00017362,0.00375210,0.00952652,0.00836532,0.00000000,-0.00157691
2017-08-02,0.00000000,0.00061012,0.00260673,0.00082816,-0.00035216,-0.00084909,0.00000000,0.00071130
2017-08-03,0.00000000,-0.00118686,-0.00577637,-0.00331407,-0.00749227,0.00135163,0.00000000,0.00124283
2017-08-04,0.00000000,-0.00214236,0.00699678,0.00306050,0.01511089,-0.00491973,0.00000000,-0.00070012
2017-08-07,0.00000000,0.00147776,0.00277404,0.00354717,-0.00601311,0.00063145,0.00000000,0.00078268
2017-08-08,0.00000000,-0.00819210,-0.00517902,-0.00476339,0.00324337,0.00097939,0.00000000,-0.00284315
2017-08-09,0.00000000,-0.00443123,-0.01091234,-0.00007794,0.00417920,0.00214183,0.00000000,-0.00249178
2017-08-10,0.00000000,-0.02081441,-0.01586175,-0.02747741,-0.01607648,-0.00136491,0.00000000,0.01322712
2017-08-11,0.00000000,0.00283463,0.00082955,0.00193379,0.00107974,0.00086457,0.00000000,0.00238583
2017-08-14,0.02973947,0.00355249,0.01062880,0.01547250,0.01797966,0.00715232,0.00000000,-0.01422460
2017-08-15,0.00000000,-0.00320884,0.01069552,-0.00019502,0.00434580,-0.00690594,0.00021917,-0.00072962
2017-08-16,0.00000000,0.01040322,0.00072569,0.00233532,-0.00551883,0.00488349,0.00000000,-0.00068017
2017-08-17,0.00000000,-0.01630450,-0.01559446,-0.02089573,-0.00143752,-0.00871942,0.00000000,0.01664696
2017-08-18,0.00000000,0.00431757,-0.00002899,-0.00158591,0.00601388,-0.00618889,0.00000000,-0.00223454
2017-08-21,0.00212598,0.00135944,0.00087170,0.00077056,0.00335193,0.00561815,0.00000000,-0.00337989
2017-08-22,0.02836286,0.00676895,0.00926889,0.01032903,0.00280907,0.00343766,0.00000000,-0.00611307
2017-08-23,0.00000000,0.00516062,-0.00328072,-0.00316446,-0.00852721,-0.00618433,-0.00345956,0.00065237
2017-08-24,0.00000000,-0.00202850,0.00227569,-0.00203840,0.00162893,-0.00657050,0.00000000,0.00223073
2017-08-25,0.00000000,0.00800824,0.00105043,0.00203683,-0.00448526,0.00136580,-0.00492929,0.00218243
2017-08-28,0.00009561,-0.00057189,-0.00998121,0.00003489,-0.00040530,-0.00107388,0.00000000,0.00064512
2017-08-29,0.00267707,-0.00186551,0.00076087,0.00100894,0.00185758,0.00011919,0.00000000,-0.00097543
2017-08-30,0.01106315,0.00023420,0.00064333,0.00416723,0.00209640,-0.00084487,0.00000000,0.00037168
2017-08-31,0.01371201,0.01162202,-0.00184218,0.00521137,0.00513547,0.00232342,0.00094760,0.00226121
2017-09-01,0.00000000,-0.00044004,0.00204516,0.00118504,-0.00120515,-0.00055976,0.00000000,0.00026172
2017-09-05,0.00000000,0.00120388,-0.02104625,-0.00604882,0.00863040,-0.00678536,0.00000000,-0.00441771
2017-09-06,0.00000000,0.00386486,0.00723349,0.00276268,0.00134616,-0.00204614,-0.00051107,-0.00189470
2017-09-07,0.00000000,0.00884520,-0.00274619,-0.00009870,-0.00446270,-0.00155845,0.00000000,0.00028761
2017-09-08,0.00000000,-0.00359261,0.00158363,-0.00095415,0.00884762,0.00392993,0.00000000,-0.00195823
2017-09-11,0.00000000,0.00354245,0.01473376,0.00865301,0.01450262,0.00154424,0.00000000,-0.00456120
2017-09-12,0.00000000,-0.00182227,0.00086229,0.00288586,0.00287104,0.00221455,0.00141907,0.00204196
2017-09-13,0.00000000,-0.00521000,-0.00578334,0.00041191,0.00168605,-0.00277900,0.00000000,0.00269915
2017-09-14,0.00000000,0.00444843,0.00032218,-0.00031338,-0.00295729,-0.00183701,0.00000000,-0.00106973
2017-09-15,0.00000000,0.00587251,0.00399011,-0.00347605,-0.00767543,-0.00174099,0.00000000,0.00143490
2017-09-18,0.00000000,-0.00350594,0.00501812,0.00202024,-0.00767436,-0.00970117,0.00000000,0.00328690
2017-09-19,0.00000000,0.00106644,0.00347188,0.00119069,-0.00361781,-0.00074133,0.00000000,0.00017033
2017-09-20,0.00000000,-0.00297406,-0.00219380,0.00045211,-0.01250208,-0.00426529,0.00000000,-0.00013279
2017-09-21,0.00000000,-0.00472531,-0.00050131,-0.00338317,-0.00310386,-0.00147490,0.00000000,0.00003794
2017-09-22,0.00000000,0.00147121,-0.00192982,0.00026113,0.00258667,0.00233575,0.00000000,-0.00055401
2017-09-25,0.00000000,-0.00407039,-0.01263833,-0.00319770,-0.00146779,0.00026596,0.00000000,-0.00005705
2017-09-26,0.00000000,-0.00350605,0.00366921,0.00096676,-0.00252618,-0.00115989,0.00000000,0.00098296
2017-09-27,0.01011568,-0.00515932,0.00538817,0.00628026,-0.00799715,-0.00637094,0.00000000,-0.00066587
2017-09-28,0.00307177,0.00263885,0.00092441,0.00189045,0.00271960,0.00194826,0.00000000,0.00102219
2017-09-29,0.00903533,0.00551411,0.00644243,0.00555714,0.00747340,-0.00102226,0.00000000,0.00143590
2017-10-02,0.00000000,-0.00299128,0.00329460,0.00714335,-0.00457433,-0.00278006,0.00000000,0.00164317
2017-10-03,0.00000000,0.00762179,0.00474169,0.00362212,-0.00352409,0.00464820,0.00000000,0.00029568
2017-10-04,0.00000000,0.00020361,0.00039158,0.00200387,0.00138651,0.00311111,0.00000000,-0.00014870
2017-10-05,0.00000000,-0.00090369,-0.00201827,0.01169846,-0.00124888,0.00070972,0.00000000,0.00265005
2017-10-06,0.00000000,-0.00562538,0.00013056,-0.00215694,0.00250485,0.00094188,0.00000000,-0.00002187
2017-10-09,0.00000000,0.00216587,-0.00159113,-0.00307048,0.00391159,-0.00175699,0.00000000,-0.00177161
2017-10-10,0.00000000,0.01119930,0.00419891,0.00487275,-0.00008424,0.00057260,0.00000000,0.00187919
2017-10-11,0.00000000,0.00581742,0.00112557,0.00305407,-0.00493792,-0.00001788,0.00000000,0.00170632
2017-10-12,0.00000000,0.00121938,0.00059152,-0.00291574,0.00168054,0.00037515,0.00000000,0.00058033
2017-10-13,0.00000000,0.01028674,0.00308916,0.00239102,-0.00492993,0.00341654,0.00000000,0.00141645
2017-10-16,0.00000000,-0.00371726,0.00054914,0.00261738,-0.00054497,-0.00590636,0.00000000,0.00146315
2017-10-17,0.00000000,-0.00272983,-0.00117811,0.00138353,0.00141388,0.00247751,0.00000000,-0.00027918
2017-10-18,0.00000000,0.00086331,0.00584650,0.00192038,0.00071568,-0.00081723,0.00000000,0.00041768
2017-10-19,0.00000000,-0.00137672,-0.00425042,0.00053763,0.01035676,0.00582143,0.00000000,0.00058330
2017-10-20,0.00000000,-0.00220095,0.00369754,0.01013610,-0.00439631,0.00268398,0.00000000,0.00141032
2017-10-23,0.00000000,-0.00628332,-0.00411797,-0.00750558,-0.00102323,-0.00099548,0.00000000,-0.00253439
2017-10-24,0.00000000,0.00055127,0.00283431,0.00334583,-0.00639395,-0.00565866,0.00000000,0.00091017
2017-10-25,0.00000000,-0.00606199,0.00064589,-0.00941787,0.00042582,-0.00588383,0.00000000,0.00243459
2017-10-26,0.00000000,-0.00722510,-0.00699104,0.00241179,-0.01037215,-0.00351125,0.00000000,-0.00019839
2017-10-27,0.00000000,0.01027750,-0.00199021,0.01524422,0.00545719,-0.00090562,0.00000000,-0.00441895
2017-10-30,0.00000000,0.00027361,-0.00675658,-0.00654867,-0.00330018,-0.00522715,-0.00095675,0.00050532
2017-10-31,0.00000000,0.00425513,0.00338866,0.00256474,-0.00871934,0.00200539,0.00000000,-0.00134715
2017-11-01,0.00000000,0.00136241,-0.00365315,0.00224258,-0.00113514,0.00244798,-0.00095430,-0.00054229
2017-11-02,0.00000000,0.00283201,0.00169784,0.00066590,-0.00229459,0.00744323,0.00000000,0.00088009
2017-11-03,0.00000000,0.00059351,-0.00055656,0.00573421,-0.00335852,-0.00606895,0.00000000,0.00011758
2017-11-06,0.00000000,0.01252264,0.00329985,0.00324876,-0.00763743,0.00324269,0.00000000,0.00083660
2017-11-07,0.00000000,-0.00220669,-0.00055372,-0.00146602,-0.00480307,0.00371235,0.00000000,-0.00047714
2017-11-08,0.00000000,0.00344001,0.00589893,0.00377322,-0.00278886,0.00324856,0.00000000,-0.00002990
2017-11-09,0.00000000,-0.00526055,-0.00334367,-0.00804205,-0.00383813,0.00494108,0.00000000,-0.00140622
2017-11-10,0.00000000,-0.00814890,0.00140360,-0.00067271,0.00176874,-0.00368106,0.00000000,-0.00235653
2017-11-13,0.00000000,-0.00263617,-0.00098011,0.00237655,0.00159844,0.00450241,0.00000000,0.00028146
2017-11-14,0.00000000,-0.00471128,-0.00564770,-0.00596946,-0.01119637,0.00397446,0.00000000,0.00106758
2017-11-15,0.00000000,-0.00202760,-0.00902111,-0.01247805,-0.00038035,-0.00024734,0.00000000,0.00505403
2017-11-16,0.00000000,0.01243387,0.01880739,0.01965157,0.02167167,0.00175618,0.00000000,-0.00605699
2017-11-17,0.00000000,0.00426567,-0.00879107,-0.00568209,0.00570445,0.00214745,-0.00490318,-0.00228276
2017-11-20,0.00000000,-0.00324594,0.00799446,0.00317317,0.00591183,-0.00764729,0.00000000,0.00442103
2017-11-21,0.00000000,0.01180086,0.01026732,0.01265091,0.00307985,0.00330194,0.00000000,0.00563790
2017-11-22,0.00000000,0.00945990,-0.00474891,-0.00163137,-0.00004526,0.00272575,0.00000000,0.00122039
2017-11-24,0.00000000,0.00383086,0.00776543,0.00420944,-0.00722734,-0.00136136,0.00000000,0.00064404
2017-11-27,0.00000000,-0.00500979,-0.00553997,-0.00098365,0.00843307,0.00426393,0.00000000,0.00032350
2017-11-28,0.00000000,0.00354312,0.00705545,0.01959024,-0.00688383,0.00349795,0.00000000,0.00191324
2017-11-29,0.00000000,-0.01228614,-0.00429320,-0.00106107,0.00485209,0.00351381,0.00000000,-0.00326159
2017-11-30,0.00000000,-0.00198271,0.00624805,0.01576473,-0.00995385,-0.00013197,-0.00996460,-0.00045354
2017-12-01,0.00000000,0.00589049,-0.00857725,-0.00331351,0.01100719,-0.00196019,0.00000000,0.00402876
2017-12-04,0.00000000,-0.00719633,-0.00329847,-0.00187692,-0.01050833,0.00878219,-0.02012801,-0.00121326
2017-12-05,0.00000000,-0.00222959,-0.00190203,-0.00551712,-0.00587261,-0.00780890,0.00000000,-0.00067569
2017-12-06,0.00000000,-0.00378183,0.00187194,0.00027944,-0.01387403,-0.00375030,0.00000000,-0.00006122
2017-12-07,0.00945905,-0.00219850,0.00477572,0.00475491,-0.00333944,-0.00374536,0.00000000,-0.00556977
2017-12-08,0.01635930,0.00449258,0.00453309,0.00818032,0.00812194,0.00457960,0.00133565,0.00503580
2017-12-11,0.00000000,0.00082336,0.00503724,0.00436894,-0.00360911,-0.00639505,0.00000000,0.00563896
2017-12-12,0.00000000,0.00086005,0.00620874,0.00264721,-0.00201237,0.00456139,0.00000000,-0.00039626
2017-12-13,0.00000000,0.01312554,0.00552483,-0.00017139,0.01088305,0.00721275,0.00000000,0.00061272
2017-12-14,0.00000000,-0.00323796,-0.00549123,-0.00615204,0.00550704,0.00172459,0.00000000,0.00075165
2017-12-15,0.00000000,0.00241451,0.00278425,0.00464151,-0.00483058,0.00637390,-0.00181628,0.00563191
2017-12-18,0.00000000,0.00837736,0.01444523,0.00980408,-0.00313816,0.00224572,-0.00224961,0.00222788
2017-12-19,0.00000000,-0.01263904,-0.00833986,-0.00611197,0.01020685,0.00019960,0.00000000,-0.00070640
2017-12-20,0.00000000,-0.00396235,0.00044482,-0.00081875,-0.01201937,-0.00108123,-0.00270653,0.00049179
2017-12-21,0.00000000,0.00486897,0.00198187,0.00317038,-0.00468434,-0.00299296,0.00000000,0.00127037
2017-12-22,0.00000000,0.00564434,0.00260351,-0.00043384,-0.00517445,0.00168924,0.00000000,-0.00099910
2017-12-26,0.00000000,0.00721279,-0.00371923,-0.00193285,-0.01339552,0.00147757,0.00000000,-0.00016324
2017-12-27,0.00000000,0.00870727,-0.00007607,0.00077619,0.00039004,-0.00186000,0.00000000,0.00092522
2017-12-28,0.00000000,0.00520269,0.00276162,0.00332900,-0.00604543,0.00183559,0.00000000,-0.00270675
2017-12-29,0.00000000,0.00483050,-0.00037039,-0.00718274,-0.00379422,0.00031266,0.00000000,0.00265570
2018-01-02,0.00000000,0.00747059,0.01272895,0.01276275,-0.01021889,0.00067015,0.00000000,-0.00577272
2018-01-03,0.00000000,0.00644211,0.00592634,0.01181789,0.00018981,-0.00001623,0.00000000,0.00300924
2018-01-04,0.00000000,0.00277252,0.01249996,0.00737997,-0.00819956,-0.00239575,0.00000000,0.00051157
2018-01-05,0.00000000,0.00219733,0.00825770,0.01159854,-0.00430097,0.00552438,0.00000000,-0.00007431
2018-01-08,0.00000000,-0.00099896,-0.00080596,0.00313330,0.00059222,-0.00306657,0.00000000,0.00209892
2018-01-09,0.00000000,-0.00733840,0.00329487,0.00389949,-0.00951743,-0.00325298,0.00000000,-0.00167973
2018-01-10,0.00000000,-0.00236134,-0.00151702,-0.00265833,-0.00046485,-0.00083439,0.00000000,0.00158230
2018-01-11,0.00000000,0.00721148,0.00996163,0.01271141,-0.00897070,0.00233681,0.00000000,-0.00115791
2018-01-12,0.00000000,0.01225920,0.01446815,0.01042326,-0.00866923,0.00897581,0.00191893,0.00007719
2018-01-16,0.00000000,0.00199294,-0.00021095,-0.00520157,0.00074235,0.00391680,-0.01379187,0.01019108
2018-01-17,0.00000000,0.00192814,0.00959827,0.01372610,0.00478167,0.00226151,0.00512546,-0.00357155
2018-01-18,0.00000000,-0.00586279,0.00230891,-0.00230573,-0.00187452,-0.00307331,0.00000000,0.00074942
2018-01-19,0.00000000,0.00208838,0.00563234,0.00611713,-0.00500804,0.00238355,0.00000000,-0.00054480
2018-01-22,0.00000000,0.00675353,0.00628305,0.01130670,-0.00658040,0.00253730,0.00000000,-0.00328387
2018-01-23,0.00000000,0.01089032,-0.00002460,0.00293059,-0.00077582,0.00822841,0.00000000,0.00247505
2018-01-24,0.00000000,0.01072832,0.00927002,-0.00056663,-0.00207667,0.00864596,0.00000000,-0.00424384
2018-01-25,0.00000000,-0.00322508,-0.00225586,0.00059859,0.01081239,-0.00349519,-0.00297845,0.00241384
2018-01-26,0.00000000,0.00915554,0.01360803,0.01717180,-0.00737684,0.00445255,0.01425871,-0.00120605
2018-01-29,0.00000000,-0.01776613,-0.00974760,-0.00889751,0.01114291,-0.01251122,0.00000000,0.01191497
2018-01-30,0.00000000,-0.01173507,-0.00620225,-0.01202509,-0.00213096,-0.00502416,0.00000000,0.00472476
2018-01-31,0.00000000,0.00719182,0.00013990,0.00044488,0.00381316,0.00638501,-0.00468816,-0.00336397
2018-02-01,0.00000000,-0.00605977,0.00814884,-0.00112731,0.00207965,-0.00250845,0.00000000,-0.00445613
2018-02-02,0.00000000,-0.02851994,-0.01698270,-0.02169723,-0.00388468,-0.01212295,0.00000000,0.01937784
2018-02-05,0.00000000,-0.02842400,-0.04411230,-0.02729223,-0.04835177,-0.01822041,0.00000000,0.03854383
2018-02-06,0.00000000,0.00446524,0.01214026,0.00688744,0.02301048,-0.00680637,0.00000000,-0.00197777
2018-02-07,0.00000000,-0.01424629,-0.00993921,-0.00178573,-0.00713719,-0.00079085,0.00000000,0.00239162
2018-02-08,0.00000000,-0.01689020,-0.01080373,-0.01236647,-0.02013443,-0.01356205,0.00000000,0.01461806
2018-02-09,0.00000000,0.00038382,0.00098460,0.00404336,0.00741801,0.00294339,0.07133245,-0.00502807
2018-02-12,0.04405354,0.01066472,0.00630419,0.00382227,0.01143737,0.00737465,-0.00169786,-0.00214474
2018-02-13,0.00000000,0.00311683,0.00203789,0.00063517,0.00120865,0.00045182,0.00000000,0.00005140
2018-02-14,0.00000000,0.01084932,0.01093869,0.00351327,0.01555721,0.01276282,0.00000000,-0.00596166
2018-02-15,0.00000000,0.00861576,0.00449757,0.00330607,-0.00232066,0.00315011,0.01013046,0.00091057
2018-02-16,0.00000000,0.00129714,-0.00080381,0.00007520,0.00165462,-0.00049062,0.00000000,-0.00069216
2018-02-20,0.00000000,-0.00686594,-0.00144373,-0.00161496,0.00472353,-0.01150534,0.00000000,-0.00214608
2018-02-21,0.00000000,-0.00832388,-0.00041294,-0.00129288,0.00177380,-0.00325290,0.00000000,-0.00065101
2018-02-22,0.00000000,0.00714178,-0.00013363,0.00033918,-0.00445505,-0.00583696,-0.01118044,0.00084240
2018-02-23,0.00000000,0.00903172,0.00172904,0.00418114,-0.00272367,0.01022743,0.01408934,-0.00379015
2018-02-26,0.00000000,0.00610827,0.00412331,0.00295123,-0.00351127,0.00106414,0.00418784,0.00196697
2018-02-27,0.00000000,-0.01409882,-0.00481249,-0.00320734,0.00809676,-0.01269814,0.00000000,-0.00455963
2018-02-28,0.00000000,-0.00754825,-0.00994007,-0.00260395,0.00137242,-0.00386688,-0.02360359,-0.00212631
2018-03-01,0.00000000,-0.00402000,-0.00918633,-0.00378396,0.00122679,-0.00135724,0.00000000,0.00316451
2018-03-02,0.00000000,0.00308163,0.00642265,0.00132740,0.00397347,-0.00477677,0.00000000,-0.00187303
2018-03-05,0.03467370,0.00210435,0.00077355,0.00296662,0.00656142,0.00736410,0.00000000,-0.00218007
2018-03-06,0.00000000,0.00393559,0.00189713,0.00064208,0.00461648,0.00592646,-0.00128325,0.00035097
2018-03-07,0.00000000,-0.00358229,-0.00028163,-0.00009842,0.00067367,-0.00353798,0.00000000,0.00048240
2018-03-08,0.00000000,-0.00106182,-0.00533773,0.00154749,0.00227859,0.00259925,0.00000000,0.00174107
2018-03-09,0.00000000,0.00402969,0.00738031,0.00590124,-0.00850066,0.00035855,0.00669432,0.00370951
2018-03-12,0.00000000,0.00195600,-0.00027700,-0.00041334,0.00064334,-0.00021118,0.00000000,-0.00193242
2018-03-13,0.00000000,-0.00144308,-0.00216359,-0.00289996,0.00278676,-0.00040943,-0.00945612,-0.00099354
2018-03-14,0.00000000,0.00232558,-0.00013605,-0.00230587,-0.00126374,-0.00406017,-0.00067967,-0.00091644
2018-03-15,0.00000000,-0.00242741,-0.00106687,-0.00050704,0.00153341,-0.00200694,0.00000000,0.00141978
2018-03-16,0.00000000,0.00024087,0.00063019,-0.00134585,-0.00251481,0.00113630,0.00000000,0.00074651
2018-03-19,0.00000000,-0.00387221,0.00069571,-0.00655917,-0.00610453,-0.00046922,0.00000000,0.00423953
2018-03-20,0.00447754,-0.00126715,0.00176149,0.00081051,0.00094521,-0.00541729,0.00000000,-0.00095211
2018-03-21,-0.00504286,0.00801890,0.00615258,-0.00091495,0.00859166,-0.00200376,0.00000000,-0.00051790
2018-03-22,-0.06516553,-0.00724965,-0.00904372,-0.01204083,-0.00119927,-0.00321506,0.00000000,0.00591593
2018-03-23,0.00000000,-0.00116807,-0.00118442,-0.00857618,-0.01514623,-0.00128029,0.00000000,0.00249580
2018-03-26,0.00000000,0.00738496,0.00791239,0.00999642,0.01080280,0.01243204,0.02107298,-0.00342027
2018-03-27,0.00000000,-0.00383137,-0.00875734,-0.00555503,0.00422093,0.00675854,-0.02970260,0.00349024
2018-03-28,0.00000000,-0.00263880,-0.00474824,-0.00095460,0.01074808,0.00561857,0.00000000,0.00094404
2018-03-29,0.00000000,0.00708914,0.00316566,0.00420864,0.00690642,0.00081643,0.00263381,-0.00307919
2018-04-02,0.00000000,-0.00579338,-0.00735507,-0.00702114,0.00671804,-0.00032135,0.00000000,-0.00412388
2018-04-03,0.00000000,-0.00024126,0.00229453,0.00403525,-0.00158469,0.00351858,0.01129536,-0.00190345
2018-04-04,0.00000000,0.00143552,0.00063677,0.00329898,0.00008997,-0.00006282,0.00000000,-0.00068728
2018-04-05,0.00000000,-0.00166587,-0.00341423,0.00247015,-0.00181477,0.00169262,-0.00281371,0.00152106
2018-04-06,0.00000000,-0.00135008,-0.00340571,-0.00690747,0.01111576,-0.00153020,0.00000000,-0.00262693
2018-04-09,0.00000000,0.00425375,0.00158316,0.00143282,0.00244176,-0.00324674,-0.01499770,-0.00003156
2018-04-10,0.00000000,0.00677727,0.00950607,0.00463141,-0.00573623,-0.00238684,0.00394541,0.00100877
2018-04-11,0.00000000,0.00275521,-0.00079332,-0.00155840,-0.00094098,-0.00012240,0.00000000,-0.00033153
2018-04-12,0.00000000,-0.00185649,0.00353587,0.00247686,-0.00001035,-0.00499950,-0.00324898,0.00170575
2018-04-13,0.00000000,0.00036247,-0.00383196,-0.00087453,-0.00202796,0.00238820,-0.00235142,0.00153631
2018-04-16,0.00000000,0.00123398,0.00136995,0.00251732,-0.00075623,0.00715498,-0.00282674,0.00209719
2018-04-17,0.00000000,0.00248149,-0.00023995,0.00323238,-0.00039197,-0.00037468,0.00056681,0.00249524
2018-04-18,0.00000000,0.00208479,0.00498404,0.00022006,-0.00320677,-0.00028303,0.00000000,-0.00014901
2018-04-19,0.00000000,-0.00528083,-0.00161929,-0.00172518,0.00057020,-0.00094858,0.00000000,-0.00063174
2018-04-20,0.00000000,-0.00630349,-0.00071193,-0.00263207,0.00092873,-0.00639084,0.00000000,-0.00121909
2018-04-23,0.00000000,-0.00420964,-0.00009110,-0.00004665,-0.00055249,-0.00058841,0.00000000,0.00046177
2018-04-24,0.00000000,-0.00346405,-0.00558776,-0.00449632,0.00419553,0.00739687,-0.00362483,-0.00217930
2018-04-25,0.00000000,-0.00341463,0.00015401,0.00089216,-0.00421106,0.00315867,0.00000000,0.00027562
2018-04-26,0.01570765,0.00456475,0.00110542,0.00417788,0.00387899,0.00042697,0.00166624,-0.00203422
2018-04-27,0.00000000,0.00062629,-0.00443334,0.00040448,-0.00186079,0.01121020,0.00000000,-0.00080506
2018-04-30,0.00000000,-0.00323360,-0.00231926,-0.00335502,-0.00330523,-0.00713767,0.00000000,-0.00008972
2018-05-01,0.00000000,-0.00618470,-0.00551784,0.00078467,-0.00631114,0.00167191,0.00000000,0.00060432
2018-05-02,0.00000000,-0.00199346,-0.00384563,-0.00364052,-0.00020587,-0.00461554,0.00000000,0.00027679
2018-05-03,0.00000000,0.00410037,-0.00080011,-0.00150627,0.00109581,-0.00262923,0.00000000,-0.00104355
2018-05-04,0.00000000,0.00396085,0.00528432,0.00934275,0.00117319,0.01129819,0.00000000,0.00166184
2018-05-07,0.00000000,-0.00085672,-0.00095040,0.00231908,-0.00177745,-0.00592495,-0.00267326,0.00033715
2018-05-08,0.00000000,-0.00118390,0.00406568,-0.00002921,-0.00110313,-0.00710328,0.00000000,0.00019159
2018-05-09,0.00000000,0.00147588,0.00804634,0.00874194,-0.00561914,0.00317620,0.00000000,0.00271070
2018-05-10,0.00000000,0.01198538,0.00928234,0.00895804,-0.00417959,0.00261206,0.00000000,0.00290715
2018-05-11,0.00000000,-0.00099609,-0.00324552,0.00284156,0.00528499,0.00142892,0.00000000,0.00104963
2018-05-14,0.00000000,-0.00190564,0.00807205,0.00045206,-0.00215483,-0.00255414,0.00000000,0.00224385
2018-05-15,0.00000000,-0.01537449,-0.00309614,-0.00669202,0.00179380,-0.00814999,0.00000000,-0.00479357
2018-05-16,0.00000000,0.00173847,0.00528245,0.00402343,-0.00652909,-0.00603326,0.00000000,0.00237995
2018-05-17,0.00000000,-0.00279662,0.00256352,-0.00085347,-0.00375083,-0.00291961,0.00000000,0.00171059
2018-05-18,0.00000000,-0.00562943,-0.01041917,-0.00249947,0.00340437,-0.00028385,0.00000000,-0.00087682
2018-05-21,0.00000000,0.00756171,0.00815155,0.00761411,0.00184264,0.00520781,-0.00051057,0.00209502
2018-05-22,0.00000000,-0.00141566,-0.00164365,-0.00288153,0.00195033,-0.00079464,0.00000000,-0.00081678
2018-05-23,0.00000000,-0.00425261,-0.01137958,0.00283290,-0.00392106,-0.00223774,0.00000000,0.00123991
2018-05-24,0.00000000,-0.00063494,-0.01118634,-0.00247875,-0.00169256,0.00448456,0.00000000,0.00040397
2018-05-25,0.00000000,-0.01022939,-0.01775610,-0.00282564,-0.01240662,0.00035161,0.00000000,-0.00092413
2018-05-29,0.00000000,-0.01188175,-0.02619526,-0.01441834,-0.01723557,-0.00681680,0.00000000,-0.00880379
2018-05-30,0.00000000,0.01341117,0.01723805,0.01435459,0.01595633,0.00714656,0.00089088,-0.00342702
2018-05-31,-0.01096328,-0.00455833,-0.00565864,-0.00605695,-0.00345992,-0.00444270,0.00000000,0.00090994
2018-06-01,0.01717714,0.00109885,0.00413491,0.00931832,0.00420240,-0.00138145,-0.00034791,-0.00287272
2018-06-04,0.00000000,0.00258968,0.00437957,0.00442341,-0.00004457,0.00530637,-0.00001117,-0.00285916
2018-06-05,0.00000000,-0.00103045,-0.00541391,0.00067815,0.00077467,-0.00214613,0.00000000,0.00068245
2018-06-06,0.00000000,0.00475162,0.00897036,0.00851056,-0.01011148,0.00762987,0.00000000,0.00265962
2018-06-07,0.00000000,-0.00348698,-0.00330596,-0.00011098,0.00488297,0.00333517,0.00000000,-0.00101886
2018-06-08,0.00000000,-0.00066696,-0.00127839,0.00290258,0.00050031,0.00552293,0.00000000,0.00046398
2018-06-11,0.00000000,0.00140638,0.00303723,0.00135232,-0.00373359,0.00225942,0.00000000,0.00096182
2018-06-12,0.00000000,-0.00279002,-0.00458387,0.00137298,0.00299307,-0.00116694,0.00000000,0.00031724
2018-06-13,0.00000000,-0.00167021,0.00058272,-0.00342581,0.00090220,-0.00568840,0.00000000,-0.00093031
2018-06-14,0.00000000,-0.00560262,-0.00937708,0.00271320,-0.00164855,0.00518034,0.00157604,0.00231138
2018-06-15,0.00000000,-0.01300037,-0.00910613,-0.00649158,0.00164227,-0.00003847,0.00000000,-0.00061624
2018-06-18,0.00000000,-0.00026301,0.00226096,-0.00224228,0.00105083,-0.00292132,0.00000000,0.00091681
2018-06-19,0.00000000,-0.00843496,-0.00826551,-0.00445693,-0.00667126,-0.00196442,0.00000000,-0.00382144
2018-06-20,0.00000000,0.00161278,0.00493679,0.00204724,0.00162593,-0.00008881,0.00000000,-0.00184168
2018-06-21,-0.01880639,-0.00341257,-0.00505333,-0.00827980,-0.00515789,0.00213517,0.00000000,-0.00545974
2018-06-22,0.00531410,0.01347035,0.01012492,0.00235562,0.00682609,0.00310931,-0.00731370,-0.00232650
2018-06-25,-0.03947653,-0.01060423,-0.01175807,-0.01770116,-0.00745072,-0.00004494,0.00000000,0.01215051
2018-06-26,0.00000000,0.00319252,0.00495034,0.00238804,-0.00166418,-0.00648200,0.00000000,-0.00310554
2018-06-27,0.00000000,-0.00803345,-0.00600036,-0.00934463,-0.00660213,-0.00524185,0.00000000,0.00448196
2018-06-28,0.00000000,0.00281995,0.00419448,0.00662573,0.00174274,0.00148665,0.00000000,-0.00117519
2018-06-29,0.00323087,0.00503190,0.00252368,0.00182283,0.00544882,-0.00199361,-0.01867593,-0.00211337
2018-07-02,0.00000000,-0.01022215,-0.00615042,0.00282076,-0.00362646,-0.00697338,0.00000000,0.00038450
2018-07-03,0.00000000,0.00485265,-0.00319454,-0.00526802,0.00150087,0.00568977,0.00000000,-0.00070493
2018-07-05,0.00000000,0.00733599,0.00211799,0.01225687,-0.00076801,0.00443076,0.00000000,-0.00302441
2018-07-06,0.01893560,0.00817690,0.00508018,0.01165440,-0.00462911,0.00128285,0.00000000,0.00389841
2018-07-09,0.00000000,0.00401460,0.00805091,0.01212137,-0.00134648,0.00240233,0.00408002,0.00421845
2018-07-10,0.00000000,-0.00141172,-0.00051580,0.00439973,-0.00251975,0.00242729,0.00000000,0.00145730
2018-07-11,0.00000000,-0.01708960,-0.01563861,-0.00893663,0.01765064,-0.00400604,0.00000000,-0.00262722
2018-07-12,0.00000000,0.00564523,0.00424828,0.01048058,-0.00342332,-0.00290249,0.00062227,0.00276571
2018-07-13,0.00000000,0.00098722,0.00082300,0.00083686,-0.00169644,-0.00070005,0.00000000,0.00082532
2018-07-16,0.00000000,-0.00588773,-0.00486876,-0.00097232,-0.00491453,0.00135542,0.00000000,0.00052468
2018-07-17,0.00000000,-0.00212386,0.00442794,0.00441088,-0.00489798,-0.00641876,0.00000000,0.00093272
2018-07-18,0.00000000,-0.00081001,0.00253772,0.00233134,0.00296059,-0.00163375,0.00000000,0.00069463
2018-07-19,0.00000000,0.00040814,-0.00013682,-0.00420112,0.00227612,-0.00203447,0.00000000,-0.00156106
2018-07-20,0.00000000,-0.00015654,-0.00057397,-0.00128269,0.00902903,-0.00199621,0.00000000,-0.00028502
2018-07-23,0.00000000,-0.00368536,0.00489053,0.00208056,-0.00706317,-0.00240860,0.00000000,0.00031564
2018-07-24,0.00000000,0.00576878,0.00093631,0.00585214,-0.00462524,-0.00116156,-0.00129824,0.00163881
2018-07-25,0.00000000,0.00922761,0.00508057,0.00976833,-0.00776963,0.00388283,0.00000000,0.00026240
2018-07-26,0.00000000,-0.00330274,0.00094142,-0.00316361,0.00364649,0.00093802,0.00000000,-0.00023035
2018-07-27,0.00000000,-0.00332811,-0.00354294,-0.00878127,-0.00064218,-0.00346904,0.00000000,-0.00229910
2018-07-30,0.00000000,0.00009696,0.00067284,-0.00686741,0.00052702,0.00188113,0.00000000,-0.00232189
2018-07-31,0.00000000,0.00480533,-0.00167512,0.00618546,0.00856186,0.01007629,-0.00682882,-0.00236572
2018-08-01,0.00000000,-0.00378982,-0.00089888,-0.00210211,0.00331970,-0.00409049,0.00000000,-0.00073057
2018-08-02,0.00000000,0.00002342,0.00326924,0.00677019,-0.00094880,0.00547139,0.00000000,-0.00086519
2018-08-03,0.00000000,0.00511710,-0.00267749,0.00535495,-0.00074870,0.00773981,0.00000000,-0.00126241
2018-08-06,0.00000000,-0.00094918,0.00149209,0.00475648,-0.00668597,-0.00294762,0.00000000,0.00316975
2018-08-07,0.00000000,0.00355547,0.00402147,0.00450419,0.00537320,-0.00513169,0.00000000,0.00159439
2018-08-08,0.00000000,-0.00497967,-0.00517184,-0.00062463,0.00249938,0.00288048,0.00000000,0.00123599
2018-08-09,0.00000000,-0.00066517,-0.00226854,-0.00198428,-0.00635995,-0.00689472,0.00000000,-0.00115356
2018-08-10,0.00000000,-0.00905664,-0.00127728,-0.01071825,-0.00682614,-0.00979965,0.00000000,-0.00420770
2018-08-13,0.00000000,-0.00654492,0.00301442,-0.00586614,-0.00568962,-0.00448300,0.00000000,0.00508623
2018-08-14,0.00000000,0.00468609,0.00390521,0.00965742,0.00213055,0.00280898,0.00040163,-0.00433767
2018-08-15,-0.01732162,-0.01098210,0.00152967,-0.01071805,-0.02385590,-0.00476813,0.00000000,0.00521299
2018-08-16,0.01770778,0.00840259,0.00469127,0.01072206,0.00134610,-0.00242381,-0.00571288,-0.00438508
2018-08-17,0.00000000,0.00630417,-0.00251445,0.00430714,0.00737384,0.01235877,0.00000000,-0.00209152
2018-08-20,0.00000000,0.00408470,-0.00034201,0.00264988,0.00055111,0.00524025,0.00000000,0.00147197
2018-08-21,0.00000000,-0.00049009,-0.00187726,0.00291847,0.00081356,-0.00164510,-0.01109023,-0.00171386
2018-08-22,0.00000000,0.00413451,-0.00051919,-0.00073954,0.00609716,-0.00665134,0.00000000,0.00098577
2018-08-23,0.00000000,-0.00451823,0.00369812,-0.00175493,0.00812998,-0.00370963,0.00000000,0.00064996
2018-08-24,0.00000000,0.00703911,-0.00336510,0.00877104,-0.00586568,0.00813665,0.00000000,0.00044331
2018-08-27,0.00000000,0.00542950,0.00079303,0.01121919,-0.00408291,0.00469288,-0.00146998,-0.00029734
2018-08-28,0.00000000,0.00022210,0.00622485,0.00068989,0.00380085,-0.00338154,0.00000000,0.00011243
2018-08-29,0.00000000,0.00532810,0.00179526,0.00817718,-0.00522474,0.00355529,0.00000000,-0.00000000
2018-08-30,0.00000000,-0.00683720,-0.00167912,-0.00607723,0.00875078,-0.00526216,0.00000000,-0.00186289
2018-08-31,0.00000000,-0.00084410,-0.00135922,0.00004252,0.00462885,-0.00201294,0.00000000,0.00127554
2018-09-04,0.00000000,-0.01015114,0.00146920,-0.00257150,0.00538894,-0.00243134,0.00000000,-0.00041859
2018-09-05,0.00000000,-0.00539338,-0.00435599,-0.00401058,-0.00804474,0.00325382,0.00000000,-0.00079558
2018-09-06,0.00000000,-0.00382064,-0.00605243,-0.00443655,-0.00064811,0.00977666,0.00000000,0.00272794
2018-09-07,0.00000000,-0.00858854,-0.00045824,-0.00282977,-0.00471579,-0.00074599,0.00000000,0.00152188
2018-09-10,0.00409579,0.00369484,0.00255080,0.00251631,-0.00158562,0.00012489,0.00102176,-0.00249309
2018-09-11,0.00000000,0.00531799,0.00953736,0.00478568,0.00713222,-0.00269572,0.00000000,-0.00282477
2018-09-12,0.00000000,0.00414389,-0.00494453,0.00035859,0.00342507,0.00180719,0.00000000,0.00096359
2018-09-13,0.00000000,0.00266269,0.00231838,0.00954159,0.00095792,-0.00458921,0.00080579,0.00262837
2018-09-14,0.00000000,0.00045371,0.00463703,0.00027481,-0.00219924,0.00081584,0.00000000,0.00174436
2018-09-17,0.00000000,-0.00163741,-0.00404938,-0.00975537,-0.00023059,0.00912741,0.00000000,-0.00251025
2018-09-18,0.00000000,0.00931695,0.00785146,0.00995202,-0.01368832,-0.00194841,0.00000000,0.00016210
2018-09-19,0.00000000,-0.00170771,-0.00306325,0.00186496,-0.00580423,-0.00092367,0.00000000,0.00339254
2018-09-20,0.00000000,0.00726348,-0.00325030,0.01518502,-0.00462565,0.00183252,-0.00104344,0.00177414
2018-09-21,0.00000000,0.00112103,0.00140982,-0.00902204,0.00062713,0.00080939,0.00000000,-0.00010478
2018-09-24,0.00000000,-0.00400189,0.00189134,-0.00520121,-0.00443172,-0.01077564,0.00000000,-0.00000000
2018-09-25,0.00000000,0.00170212,-0.00083915,-0.00141877,-0.00507730,-0.00199986,0.00000000,-0.00103500
2018-09-26,0.00000000,-0.00398706,-0.00619717,-0.00472928,0.00496807,-0.00215375,0.00000000,-0.00119833
2018-09-27,0.00000000,0.00559314,0.00683509,0.00468842,-0.00408116,-0.00309467,0.00000000,0.00215464
2018-09-28,0.00030961,0.00344347,0.00013436,0.00016871,0.00282726,0.00396485,0.00000000,-0.00033916
2018-10-01,0.01042240,0.00366717,0.00906991,0.00621489,-0.00541368,-0.00469319,-0.00309490,0.00116284
2018-10-02,0.00000000,-0.00363891,-0.01566795,-0.00107291,-0.00155701,0.00444103,0.00000000,-0.00023258
2018-10-03,0.00000000,-0.00495994,0.01130387,0.00102690,-0.00487932,-0.00571491,-0.01105511,0.00126825
2018-10-04,0.00000000,-0.01951870,-0.00305056,-0.01477484,0.00088990,0.00177313,0.00000000,-0.00814089
2018-10-05,0.00000000,-0.00899853,-0.00491576,-0.00933621,-0.00556933,0.00068043,0.00000000,0.00248080
2018-10-08,0.00000000,-0.00073370,-0.00099762,-0.00001107,0.00229755,0.01176651,0.00000000,0.00137548
2018-10-09,0.00000000,0.00275314,-0.00056466,-0.00235205,0.00060601,-0.00703410,0.00000000,0.00234045
2018-10-10,0.00000000,-0.03879739,-0.02320793,-0.05101363,-0.01217650,0.00388189,0.00000000,0.02086584
2018-10-11,0.00000000,-0.02166876,-0.03356105,-0.01271253,-0.02601753,-0.00259619,0.00000000,0.00865566
2018-10-12,0.00000000,0.01172096,-0.00260882,0.00673781,0.01093381,-0.00612739,0.02912558,-0.00729973
2018-10-15,0.00000000,-0.00231670,-0.00578516,-0.00255868,-0.00162172,0.00440140,0.00000000,0.00125513
2018-10-16,0.00000000,0.00991625,-0.00338821,0.00992556,0.01856220,0.00145561,0.01350752,-0.00609048
2018-10-17,0.00000000,-0.00467423,-0.00000811,0.00005828,-0.00302413,0.00453865,0.00000000,0.00096467
2018-10-18,0.00000000,-0.01146215,0.00248376,-0.00569011,0.00080605,-0.00028899,0.00000000,-0.00578488
2018-10-19,0.00000000,-0.00088448,-0.00566988,-0.00021049,-0.00278831,0.00138358,0.00000000,0.00078324
2018-10-22,0.00000000,-0.00124727,-0.00187341,-0.00176402,0.00130260,-0.00653455,0.00000000,-0.00052692
2018-10-23,0.00000000,-0.01023302,-0.00670957,-0.00201103,-0.00249685,0.00254848,0.00000000,-0.00330158
2018-10-24,0.00000000,-0.01044250,0.00858823,-0.01199238,-0.02819767,-0.00144156,0.00000000,0.00727326
2018-10-25,0.00000000,0.00698001,-0.00294249,0.00608619,0.01313383,-0.00410266,0.00509153,-0.00257456
2018-10-26,0.00000000,-0.00762659,-0.00852438,-0.00552193,-0.00459987,-0.00742283,0.00000000,0.00488333
2018-10-29,0.00000000,-0.00668889,0.00445295,-0.00170380,-0.00543484,0.00539361,-0.03485654,0.00009419
2018-10-30,0.00000000,0.00485490,-0.01263455,0.00458029,0.01271204,0.00871991,0.00000000,-0.00266223
2018-10-31,0.00000000,-0.00378571,-0.00356233,0.00316191,0.00674471,-0.00320905,-0.01394082,-0.00253494
2018-11-01,0.00000000,0.00160713,-0.01741790,0.00307480,0.00165543,0.00331019,0.00463575,0.00240507
2018-11-02,0.00000000,-0.00402650,-0.00329953,-0.00167335,-0.00213664,0.00052069,0.01809948,-0.00051631
2018-11-05,0.00000000,0.00380280,0.00394766,0.00155986,-0.00256671,0.00781508,0.00000000,0.00082134
2018-11-06,0.00000000,-0.00085421,-0.00163810,0.00178966,-0.00341296,0.00422596,0.00000000,0.00255007
2018-11-07,0.00000000,0.00764407,0.00071005,0.00601719,-0.00974898,-0.00863174,0.01211068,0.00561232
2018-11-08,0.00000000,-0.00615923,0.00197985,-0.00048601,0.00467911,0.00534235,0.00000000,0.00067550
2018-11-09,0.00000000,-0.00672950,0.00626992,-0.00293375,0.00182791,-0.00145840,0.00000000,-0.00247474
2018-11-12,0.00000000,-0.00834604,0.00383767,-0.00597601,-0.00624414,0.00143096,0.00000000,-0.00660650
2018-11-13,0.00000000,-0.01092453,-0.00808623,-0.00058357,-0.01114378,0.00067941,0.00000000,0.00063621
2018-11-14,0.00000000,-0.00107883,-0.00676123,-0.00213693,0.00780867,-0.00409187,-0.00353829,0.00194326
2018-11-15,0.00000000,0.00342999,-0.00384263,0.00349569,0.00744621,-0.01575384,0.00000000,-0.00076939
2018-11-16,0.00000000,-0.00118685,-0.00812209,0.00084977,-0.00198389,0.01247813,0.00000000,-0.00365001
2018-11-19,0.00000000,-0.00513467,-0.00012664,-0.00568237,-0.00447217,0.00687870,0.00000000,0.00461118
2018-11-20,0.00000000,-0.01928424,-0.00135880,-0.00600216,-0.00478010,-0.00542398,0.00000000,-0.00450847
2018-11-21,0.00000000,0.00128597,-0.01092703,0.00106980,0.00671153,0.00323209,-0.01664899,-0.00187689
2018-11-23,0.00000000,-0.01132139,0.00303562,-0.00209703,-0.00637985,-0.00306212,0.00000000,-0.00057003
2018-11-26,0.00000000,0.00751679,-0.00314905,0.00577667,0.00738908,0.00261304,0.00000000,-0.00431408
2018-11-27,0.00000000,0.00432332,0.00263872,0.00120777,0.00133393,-0.00023022,0.00000000,-0.00141996
2018-11-28,0.00000000,0.00484551,-0.00525351,0.00872699,0.00141038,0.00406309,0.01980517,0.00204604
2018-11-29,0.00000000,-0.00091537,-0.00053536,-0.00075894,0.00602062,-0.00144698,0.00000000,-0.00143328
2018-11-30,0.00000000,0.00459918,0.00292151,0.00215983,-0.00191299,-0.00216947,0.00000000,0.00208044
2018-12-03,0.00000000,0.00727985,-0.01728970,0.00474756,-0.00426737,-0.00075661,0.00398935,0.00400036
2018-12-04,0.00000000,-0.01412069,0.00060853,-0.01143734,0.01583523,-0.00311818,0.00000000,-0.00930815
2018-12-06,0.00000000,0.00600803,0.00665683,-0.00045807,0.00198944,0.00339490,0.00000000,0.00134122
2018-12-07,0.00000000,-0.01030101,-0.00332352,-0.00691508,-0.01056397,-0.00409862,0.00000000,0.00511675
2018-12-10,0.00000000,0.00176618,0.00637020,0.00052872,-0.00511220,-0.00653579,0.00000000,-0.00031999
2018-12-11,0.00000000,0.00230319,0.00017097,0.00006485,0.00199381,-0.00296419,-0.00069143,-0.00032242
2018-12-12,0.00000000,-0.00316657,-0.01776910,0.00152443,0.00600845,0.00202868,-0.02653942,-0.00054734
2018-12-13,0.00000000,0.00295402,-0.00272612,-0.00010309,0.00415117,0.00565684,0.00263572,-0.00110680
2018-12-14,0.00000000,-0.00337180,0.01265093,-0.00591337,-0.00199833,0.00047358,0.00000000,0.00264371
2018-12-17,0.00000000,-0.01744500,-0.00295422,-0.00601632,-0.01296056,-0.00086290,0.00000000,-0.00348738
2018-12-18,0.00000000,0.00095238,0.00677049,-0.00033290,-0.00711444,0.00298668,-0.01547382,0.00027314
2018-12-19,0.00000000,-0.00286684,0.00517748,-0.00463751,-0.00455035,-0.01158470,0.00000000,-0.00026250
2018-12-20,0.00000000,-0.01018835,0.00073807,-0.00497372,-0.00859062,0.00283584,0.00000000,0.00336949
2018-12-21,0.00000000,0.00193035,0.01709989,-0.00799206,-0.01139179,-0.00363785,-0.02382952,0.00340746
2018-12-24,0.00000000,0.00306031,0.00571300,-0.00773140,-0.01885030,-0.00338144,0.00000000,0.00309333
2018-12-26,0.00000000,-0.00535691,-0.03740818,0.01409348,0.02747149,0.00230229,0.00000000,-0.00339327
2018-12-27,0.00000000,0.00054198,-0.00353178,0.00157335,0.00080495,0.00209007,0.00000000,0.00261711
2018-12-28,0.00000000,0.00454989,0.00421663,-0.00027271,-0.00191695,-0.00119975,-0.00403792,0.00004749
2018-12-31,0.00000000,0.00322903,-0.00124210,0.00185183,-0.00040908,0.00562282,0.00411673,-0.00243617
2019-01-02,0.00000000,0.00606080,0.00050010,0.00022697,-0.00282815,0.00009261,0.00000000,-0.00188182
2019-01-03,0.00000000,0.00713735,0.00581846,-0.00529675,0.00501965,0.00776333,0.00000000,-0.00306336
2019-01-04,0.00000000,-0.00776265,-0.01999116,0.00731140,0.00887386,-0.00307297,-0.00106796,0.00509063
2019-01-07,0.00000000,-0.00442116,-0.00697040,0.00156815,0.00044659,-0.01089884,0.00000000,0.00130812
2019-01-08,0.00000000,0.00047099,-0.00475402,0.00195270,-0.00483621,0.00299281,0.01003889,0.00130067
2019-01-09,0.00000000,0.00061046,-0.01079307,0.00123179,-0.00530828,-0.00298197,-0.00567651,0.00157745
2019-01-10,0.00000000,0.00148193,0.00067523,0.00099744,-0.00441014,-0.00240408,0.00000000,0.00072863
2019-01-11,0.00000000,0.00080342,0.00456077,0.00011101,0.00317835,0.00134202,0.00000000,0.00235406
2019-01-14,0.00000000,-0.00122030,0.00270560,-0.00175655,0.00239724,0.00032746,0.00000000,-0.00028913
2019-01-15,0.00000000,0.00167002,-0.00536976,0.00342744,-0.00503616,-0.00725886,0.00000000,0.00330634
2019-01-16,0.00000000,0.00088156,-0.00266181,0.00071282,-0.00263290,0.00364415,0.00000000,-0.00131710
2019-01-17,0.00000000,0.00070531,-0.00131511,0.00230956,-0.00179718,0.00150419,0.00000000,0.00075493
2019-01-18,0.00000000,-0.00007780,-0.00320802,0.00415911,-0.00342468,-0.00277259,-0.00223978,0.00188273
2019-01-22,0.00000000,-0.00136285,0.00662656,-0.00417020,0.00958233,0.00638321,0.00000000,-0.00680844
2019-01-23,0.00000000,-0.00091055,-0.00124679,0.00064659,-0.00022185,0.00549097,0.00838492,-0.00076444
2019-01-24,0.00000000,0.00525902,0.00022226,0.00017629,-0.00241944,-0.00474152,0.00000000,-0.00239492
2019-01-25,0.00000000,-0.00098033,-0.01434522,0.00310483,0.00348049,-0.00190096,-0.00195372,-0.00284822
2019-01-28,0.00000000,0.00168503,0.00395555,-0.00313153,-0.00070822,0.00517728,0.00000000,0.00321598
2019-01-29,0.00000000,0.00358854,-0.00359300,-0.00075368,-0.00180646,0.00848810,0.00000000,-0.00027999
2019-01-30,0.00000000,0.00297802,-0.00861947,0.00875435,-0.00441515,-0.00300590,0.01270771,0.00326908
2019-01-31,0.00000000,0.00791076,0.00542224,0.00467175,-0.00197711,0.00478401,0.00000000,0.00309534
2019-02-01,0.00000000,-0.00503141,-0.00284171,0.00025623,0.00088978,-0.00569051,0.00000000,0.00074067
2019-02-04,0.00000000,-0.00054958,-0.00196556,0.00374481,-0.00029267,-0.00133494,0.00000000,0.00234760
2019-02-05,0.00000000,0.00426562,0.00280886,0.00264220,-0.00067868,0.00379292,0.00000000,0.00053077
2019-02-06,0.00000000,-0.00281215,0.00154720,-0.00117988,0.00421977,-0.00817356,0.00000000,0.00053686
2019-02-07,0.00000000,0.00189289,0.00575127,-0.00832618,-0.00025536,0.00524140,0.00000000,-0.00265633
2019-02-08,0.00000000,0.00235417,0.00420783,0.00098988,-0.00110657,0.00946134,0.00000000,-0.00097959
2019-02-11,0.00000000,-0.00220602,0.00103218,0.00045521,-0.00197896,-0.00448731,0.00000000,0.00078820
2019-02-12,0.00000000,0.00114836,-0.00517438,0.01071463,0.00563456,-0.00382078,0.00155218,-0.00149255
2019-02-13,0.00000000,-0.00225765,0.00033079,0.00251891,-0.00099326,-0.00183396,0.00069476,0.00018002
2019-02-14,0.00000000,0.00412179,0.00170194,-0.00179337,-0.00180772,0.00084455,0.00000000,-0.00141670
2019-02-15,0.00000000,0.00295037,-0.00481652,0.00901085,-0.00205991,0.00243994,0.00463775,0.00266630
2019-02-19,0.00000000,0.00114557,-0.00320111,0.00136239,0.00055611,0.00887462,0.00000000,-0.00017736
2019-02-20,0.00000000,-0.00114774,-0.00065920,0.00162904,-0.00214242,0.00020035,0.00000000,0.00312318
2019-02-21,0.00000000,-0.00428348,-0.00150184,-0.00310151,0.00421781,0.00150345,0.00000000,-0.00082332
2019-02-22,0.00000000,0.00557696,0.00023723,0.00603840,-0.00124329,-0.00524196,0.00000000,0.00302033
2019-02-25,0.00000000,-0.00252890,-0.00166855,0.00131411,-0.00026743,-0.00610129,-0.00531211,-0.00152662
2019-02-26,0.00000000,0.00187897,-0.00138756,-0.00070192,-0.00155299,0.00182499,0.00000000,-0.00074762
2019-02-27,0.00000000,-0.00581295,-0.00284036,-0.00043031,-0.00108555,-0.00483670,0.00000000,-0.00012917
2019-02-28,0.00000000,-0.00223314,0.00332630,-0.00205528,-0.00008776,0.00043340,0.00000000,-0.00024535
2019-03-01,0.00000000,-0.00297997,0.00084054,0.00681683,-0.00605216,-0.00554818,0.00607880,-0.00373768
2019-03-04,0.00000000,0.00331304,0.00205518,-0.00453796,0.00139590,0.00241545,0.01704466,0.00201983
2019-03-05,0.00000000,0.00210597,0.00009846,-0.00172395,0.00165857,0.00009881,0.00000000,-0.00061696
2019-03-06,0.00000000,-0.00099697,0.00193206,-0.00816341,-0.00010020,-0.00110707,0.00000000,-0.00242119
2019-03-07,0.00000000,0.00516755,0.00929098,-0.01090725,-0.00478725,-0.00114620,0.00000000,-0.00390275
2019-03-08,-0.00599978,0.00197812,-0.00203949,-0.00247794,0.00299235,0.00716887,0.00000000,0.00047272
2019-03-11,0.04350361,0.00369375,-0.00277564,0.01779429,0.00772684,-0.00582323,0.00000000,-0.00700711
2019-03-12,0.01131303,0.00575549,-0.00030690,0.00409121,-0.00099057,0.00360600,0.00000000,0.00261501
2019-03-13,0.00000000,0.00130784,-0.00455189,0.00716300,0.00312754,0.00112751,-0.00471826,0.00093803
2019-03-14,0.00000000,-0.00296102,0.00091922,-0.00067860,0.00385566,-0.00495388,0.00000000,0.00144337
2019-03-15,0.00000000,0.00538199,-0.00405430,0.00060919,-0.00015750,0.00185666,0.00000000,0.00182997
2019-03-18,0.00000000,-0.00222899,-0.00319088,0.00439288,-0.00308029,-0.00269382,0.00000000,-0.00024321
2019-03-19,0.00000000,-0.00133734,-0.00032640,0.00030011,-0.00043600,-0.00580532,-0.00883145,-0.00076803
2019-03-20,0.00000000,0.01234857,0.00023211,-0.00407362,0.00216233,-0.00337091,0.00000000,-0.00088169
2019-03-21,0.00000000,0.00705254,0.00381361,0.01516866,0.00239884,-0.00133096,0.00000000,0.00145484
2019-03-22,0.00000000,-0.00143526,0.00540512,-0.02355827,0.00534750,0.00355688,0.00000000,-0.01146127
2019-03-25,0.00000000,0.00476772,-0.00133835,-0.00071178,-0.00030607,0.00773870,0.00000000,0.00008140
2019-03-26,0.00000000,0.00526991,0.00045663,0.00731840,0.00727814,0.00392514,0.00424186,-0.00493657
2019-03-27,0.00000000,0.00059763,0.00357758,-0.00496997,-0.00617923,-0.00244179,0.00000000,0.00139625
2019-03-28,0.00000000,0.00529166,0.00567236,0.00352084,-0.00113049,-0.00809188,0.00000000,-0.00198647
2019-03-29,0.00000000,0.00199631,0.00007910,0.00582236,0.00430325,-0.00309276,0.00613198,-0.00297359
2019-04-01,0.00000000,-0.00709475,-0.00859623,0.01075556,-0.00594388,-0.00423425,0.00501153,0.00144255
2019-04-02,0.00000000,0.00382347,0.00248825,0.00042008,0.00133501,-0.00092005,0.00000000,0.00027698
2019-04-03,0.00000000,-0.00378263,-0.00407419,0.00141832,-0.00112838,-0.00233353,-0.01022136,-0.00071082
2019-04-04,0.00000000,0.00148276,-0.00126528,0.00240157,0.00191341,0.01118014,0.00000000,0.00083382
2019-04-05,0.00000000,0.00436197,0.00194136,0.00448988,-0.00198565,-0.00100176,0.00000000,0.00215208
2019-04-08,0.00000000,-0.00183676,-0.00464656,0.00073192,-0.00216184,0.00208425,0.00000000,0.00043160
2019-04-09,0.00000000,-0.00265260,0.00048548,-0.00502451,0.00385195,-0.00060135,0.00000000,-0.00351476
2019-04-10,0.00000000,0.01201395,0.00211464,0.00350123,0.00019100,-0.00546585,0.00000000,-0.00278784
2019-04-11,0.00000000,-0.00554399,0.00576121,-0.00028664,0.00636187,0.00205150,0.00000000,0.00200590
2019-04-12,0.00000000,-0.00028878,-0.00624358,0.00709393,-0.00558162,-0.00016818,0.00142425,0.00463679
2019-04-15,0.00000000,-0.00295859,-0.00049365,-0.00067502,0.00202778,0.00233865,0.00000000,0.00114556
2019-04-16,0.00000000,-0.01071640,-0.00343569,0.00067025,0.00265827,-0.00670641,-0.00270047,0.00064881
2019-04-17,0.00000000,-0.00667246,-0.00150575,-0.00251865,-0.00360051,0.00300450,-0.00270792,-0.00056327
2019-04-18,0.00000000,0.00843919,0.00459608,0.00202102,0.00508377,0.00108093,0.00000000,0.00175317
2019-04-22,0.00000000,-0.00766982,-0.00366073,0.00089244,-0.00945335,-0.00991363,0.00000000,0.00086344
2019-04-23,0.00000000,0.01314811,0.00919697,0.00992804,-0.00234280,-0.00179369,0.00000000,0.00092925
2019-04-24,0.00000000,0.00733100,0.01129899,-0.00351437,0.00706754,0.00487970,0.00000000,-0.00258499
2019-04-25,0.00000000,-0.00089168,0.00269976,-0.00094099,-0.00004956,-0.00372993,0.00000000,0.00213768
2019-04-26,0.00000000,0.00865805,0.00242757,0.00728571,0.00211646,0.00741107,0.00000000,-0.00357016
2019-04-29,0.00000000,-0.00835299,-0.00261839,0.00262327,0.00819237,-0.00463743,0.00000000,-0.00165791
2019-04-30,0.00000000,0.00306040,-0.00052723,0.00086525,-0.00117949,0.00208043,0.00000000,0.00004781
2019-05-01,0.00000000,-0.00406650,0.00636650,-0.01309374,-0.00299429,-0.00379427,0.00000000,0.00418679
2019-05-02,0.00000000,-0.00477082,0.00517645,-0.00380530,-0.01366406,-0.00324308,0.00000000,0.00015460
2019-05-03,0.00000000,0.01027649,-0.00301190,0.01681865,0.00618998,-0.00252959,0.00079538,-0.00535755
2019-05-06,0.00000000,-0.00174594,0.00096656,-0.00601820,0.00794221,-0.00036990,0.00000000,-0.00605556
2019-05-07,0.00000000,-0.01064038,0.00545350,-0.02368107,-0.01179748,0.00482648,0.00000000,0.01817860
2019-05-08,0.00000000,-0.00339844,0.00032320,-0.00140114,0.00473692,-0.00588154,0.00000000,-0.00168515
2019-05-09,0.00000000,0.00114677,0.00410609,-0.00291808,-0.00836115,0.00020299,0.00000000,-0.00010302
2019-05-10,0.00000000,0.00794452,0.00039542,0.00497700,0.00698778,0.00128034,0.00000000,-0.00671628
2019-05-13,0.00000000,-0.01064881,0.01294418,-0.02456192,-0.02825912,0.00766021,0.00000000,0.01222792
2019-05-14,0.00000000,0.00462317,-0.01673787,0.00563594,0.01619419,-0.00544253,-0.01204387,-0.00401027
2019-05-15,0.01757234,0.00846178,-0.00142365,0.00363769,-0.00260135,-0.00409213,0.00000000,-0.00306057
2019-05-16,0.00000000,0.00258645,-0.00290319,0.00563940,-0.00016738,-0.00357248,0.00000000,0.00303555
2019-05-17,0.00000000,-0.00353873,0.01236074,-0.00378675,0.00174805,0.00647535,0.00000000,-0.00101742
2019-05-20,0.00000000,-0.00780294,-0.00671789,-0.00382060,0.00390004,0.00471561,0.00000000,0.00102378
2019-05-21,0.00000000,0.00488132,-0.00462971,0.00516809,-0.00696543,-0.00105316,-0.00043979,0.00359301
2019-05-22,0.00000000,0.00247521,0.01949507,-0.00170298,0.00867066,-0.00149892,0.00000000,0.00080855
2019-05-23,0.00000000,0.00220562,0.01895595,-0.00696553,-0.00821398,0.00027941,0.00000000,-0.00483749
2019-05-24,0.00000000,0.00405608,-0.01110258,0.00122825,0.00718878,0.00170156,-0.00722152,-0.00151661
2019-05-28,0.00000000,-0.00125906,0.00085234,-0.00503279,-0.00094441,-0.00339331,0.00000000,-0.00218824
2019-05-29,0.00000000,-0.00325677,-0.00226038,-0.00361853,-0.00101692,-0.00291645,0.00000000,-0.00143627
2019-05-30,0.00819348,0.00991760,0.00563855,0.00147047,-0.00845133,0.00391746,0.00000000,-0.00157150
2019-05-31,-0.04042576,0.00404407,0.01200041,-0.00721437,-0.02167713,0.00779868,0.00000000,0.00314814
2019-06-03,-0.00580237,0.00639980,-0.00263995,-0.00132212,-0.00567197,0.01198292,0.00000000,0.00045617
2019-06-04,0.04913052,0.00411197,-0.01089226,0.01140300,0.01321374,-0.00118385,0.01115250,-0.00387750
2019-06-05,0.01391063,0.00439257,0.01631356,0.00396010,0.00294300,0.00689938,0.00700050,0.00144844
2019-06-06,0.00000000,0.00429308,-0.00913788,0.00299970,0.00131058,0.00054905,0.00000000,0.00142819
2019-06-07,0.00000000,0.01134167,-0.00191667,0.00481908,-0.00555971,-0.00305474,-0.00959684,-0.00060292
2019-06-10,0.00000000,-0.00936508,-0.00016767,0.00216096,0.00118521,-0.00593993,-0.01017195,0.00072416
2019-06-11,0.00000000,0.00414638,-0.00313168,-0.00011405,-0.00383369,0.00328006,0.00622960,-0.00025460
2019-06-12,0.00000000,0.00092584,0.01109027,-0.00083455,0.00506510,0.00397623,0.00000000,0.00044495
2019-06-13,0.00000000,0.00768472,-0.00257819,0.00231890,-0.00116447,-0.00228915,-0.00126460,0.00031967
2019-06-14,0.00000000,-0.00063064,0.00569206,-0.00063839,0.00149619,0.00686492,0.00000000,0.00070636
2019-06-17,0.00000000,0.00132042,0.00108879,0.00022014,-0.00305852,-0.00384301,0.00000000,0.00084268
2019-06-18,0.00000000,0.01452571,-0.00604760,0.00641910,0.00487445,-0.00554211,-0.00145910,0.00055769
2019-06-19,0.00000000,0.01106316,-0.00184821,0.00144959,-0.00057225,0.00084046,0.00000000,0.00267866
2019-06-20,0.00000000,0.01831781,-0.00544290,0.00627896,-0.01707951,0.00785665,0.01119723,-0.00036290
2019-06-21,0.00000000,-0.01089434,-0.00595850,-0.00411697,-0.00282134,-0.00058195,0.00000000,-0.00187062
2019-06-24,0.00000000,0.00655494,0.00348700,-0.00079216,-0.00629788,0.00758403,0.00000000,0.00078629
2019-06-25,0.00000000,-0.00796547,-0.00282616,-0.00680494,0.00553276,0.00055270,0.00000000,-0.00213518
2019-06-26,0.00000000,-0.00981732,-0.00978957,-0.00065993,-0.00224995,-0.00877619,-0.01007800,0.00074107
2019-06-27,0.00619427,0.00790925,0.00550019,0.00245747,0.00375404,0.00036144,0.00000000,-0.00139772
2019-06-28,0.00893289,0.00240178,0.00328488,0.00367525,0.00215624,0.00485240,0.00059232,0.00097098
2019-07-01,0.01554630,-0.00124339,-0.00030788,0.00645245,0.00085547,-0.01028984,0.00789741,0.00451047
2019-07-02,0.00000000,0.01188597,0.01582703,0.00202915,0.01018014,0.01176685,0.00000000,0.00287248
2019-07-03,0.00000000,0.01117171,0.00302683,0.00640946,-0.00201829,0.00432335,0.00000000,0.00039611
2019-07-05,0.00000000,-0.00945472,-0.00226750,-0.00115357,0.00075246,-0.00282414,0.00621230,-0.00027871
2019-07-08,0.00000000,-0.00382374,0.00163363,-0.00549936,0.00005074,0.00172632,0.00000000,-0.00207793
2019-07-09,0.00000000,-0.00010380,0.00153215,0.00119092,0.00042562,-0.00173646,0.00000000,-0.00031144
2019-07-10,0.00000000,0.00716418,-0.00425085,0.00484707,0.00122021,0.00553885,-0.00262420,0.00240709
2019-07-11,0.00000000,-0.00949287,-0.00860694,0.00238485,0.00014119,-0.00187948,0.00000000,0.00132959
2019-07-12,0.00000000,0.00381439,-0.00179439,0.00456209,-0.00056987,0.00333070,0.00000000,0.00139269
2019-07-15,0.00000000,0.00237137,0.00579613,0.00033833,0.00594615,0.00161076,0.00000000,0.00004166
2019-07-16,0.00000000,-0.00551198,0.00384062,-0.00354115,0.00268782,0.00384102,0.00000000,-0.00025019
2019-07-17,0.00000000,0.00681527,0.00614595,-0.00660352,-0.00400744,0.00689091,0.00000000,-0.00178864
2019-07-18,0.00000000,0.00993084,0.00442619,0.00344111,-0.00813335,0.00974028,0.00000000,0.00068911
2019-07-19,0.00000000,-0.00901451,-0.00748012,-0.00567343,0.00431353,-0.00773545,-0.02183893,-0.00085885
2019-07-22,0.00000000,0.00271378,0.00273505,0.00239971,-0.00279027,-0.00302620,0.00000000,-0.00170020
2019-07-23,0.00000000,0.00128537,-0.00103762,0.00749315,0.00700746,-0.00387665,0.01100715,0.00256932
2019-07-24,0.00000000,0.00501590,0.00364198,0.00493874,-0.00359642,0.00223798,0.00000000,0.00205801
2019-07-25,0.00000000,-0.01049055,-0.00026327,-0.00496596,0.00222579,-0.00050297,0.00000000,-0.00246332
2019-07-26,0.00000000,0.00248799,0.00456523,0.00757973,-0.00090770,-0.00134144,0.00000000,0.00194928
2019-07-29,0.00000000,0.00180207,0.00501662,-0.00204956,-0.00325115,0.00659226,0.00000000,-0.00052343
2019-07-30,0.00000000,0.00125268,0.00112996,-0.00273354,-0.00260614,-0.00213452,0.00000000,-0.00194885
2019-07-31,0.00000000,-0.00663880,0.00259019,-0.01264879,-0.00496107,-0.01126964,0.00000000,0.00431262
2019-08-01,0.00000000,0.01377366,0.02094715,-0.00915703,-0.00396860,0.01269435,0.00000000,0.00608036
2019-08-02,0.00000000,0.00217877,0.00238491,-0.00803720,-0.00154641,0.00188244,0.00000000,0.00064016
2019-08-05,0.00000000,-0.00989291,0.00749005,-0.03235335,-0.02960393,0.00551314,0.00000000,0.01318173
2019-08-06,0.00000000,0.01058190,0.00482319,0.00803475,0.00270520,0.00549939,0.02584648,-0.00501865
2019-08-07,0.00000000,0.00894436,0.00503131,0.00030261,-0.00376379,0.00303346,0.00000000,0.00035434
2019-08-08,0.00000000,0.01149623,-0.00132457,0.01143850,0.01238111,0.00440467,0.00674088,-0.00546349
2019-08-09,0.00000000,-0.00432803,-0.00073437,-0.00350037,-0.00018801,0.00156227,0.00000000,0.00337618
2019-08-12,0.00000000,0.00323392,0.01328829,-0.00620213,-0.00939582,-0.00293962,0.00000000,0.00659634
2019-08-13,0.00000000,-0.00122554,-0.01098045,0.00777687,0.00333478,-0.00563490,0.00000000,0.00656032
2019-08-14,0.00000000,-0.00578513,0.01246523,-0.01372456,0.00741806,-0.00058796,0.00000000,-0.01210517
2019-08-15,0.00000000,0.01038434,0.00527009,0.00101905,-0.00008523,0.00769058,-0.00023194,-0.00197215
2019-08-16,0.00000000,0.00217607,-0.00730876,0.00578472,0.00956892,0.00023168,0.00081059,-0.00428703
2019-08-19,0.00000000,-0.00451754,-0.00811161,0.00451546,0.00460160,-0.00322122,-0.00473555,-0.00567879
2019-08-20,0.00000000,0.00607831,0.00444336,-0.00282817,0.00508879,-0.00035387,0.00000000,-0.00187381
2019-08-21,0.00000000,0.00212061,0.00001442,0.00298252,0.00568629,-0.00228782,-0.00227692,0.00357874
2019-08-22,0.00000000,-0.00348273,-0.00358656,-0.00011315,0.00022818,0.00435979,0.00000000,-0.00118714
2019-08-23,0.00000000,0.00352235,0.01119915,-0.00950417,0.02114933,0.00738319,0.00000000,-0.00932140
2019-08-26,0.00000000,0.00334171,-0.00341704,0.00372979,0.00542292,0.00372671,0.00352769,0.00185263
2019-08-27,0.00000000,0.00893840,0.00682853,-0.00132158,-0.00525565,0.00764211,0.00543129,0.00120458
2019-08-28,0.00000000,0.00329787,-0.00036630,0.00236957,0.00650032,-0.00076873,0.00000000,-0.00160840
2019-08-29,0.00000000,0.00081543,-0.00575220,0.00437196,0.01194590,-0.00695064,-0.00248188,-0.00286530
2019-08-30,0.00000000,0.00195641,0.00636590,-0.00015107,0.00092597,0.00616418,-0.00555556,0.00006382
2019-09-03,0.00000000,0.00399276,0.01179292,-0.00199748,0.00078905,0.00743936,0.00000000,-0.00361489
2019-09-04,0.00000000,0.00947287,-0.00543731,0.00390414,-0.00714557,0.00147753,0.00448097,0.00442085
2019-09-05,0.00000000,-0.01308423,-0.01853739,0.00490581,-0.00226177,-0.00715259,-0.00122976,0.00268628
2019-09-06,0.00000000,0.00056610,-0.00035602,0.00029446,-0.00342511,-0.00470226,0.00000000,0.00186415
2019-09-09,0.00000000,-0.00811664,-0.01449994,0.00019211,-0.00805597,-0.00549068,0.00179399,0.00073782
2019-09-10,0.00000000,-0.00902157,-0.01063838,-0.00009841,-0.00482072,-0.00180429,0.00000000,0.00006779
2019-09-11,0.00000000,0.00295289,0.00209551,0.00288690,-0.00284643,0.00417058,0.00000000,0.00132349
2019-09-12,0.00000000,-0.00020876,-0.00358119,0.00143959,-0.00318190,-0.00229707,0.00000000,0.00162519
2019-09-13,0.00000000,-0.00950806,-0.01624999,-0.00029086,-0.01090812,-0.00467395,0.00000000,0.00102550
2019-09-16,0.00000000,0.00720150,-0.00183734,-0.00170653,0.01189420,-0.00538480,0.00000000,-0.00108083
2019-09-17,0.00000000,0.00626851,0.00765333,0.00137655,0.00735657,0.00928849,0.00000000,0.00028342
2019-09-18,0.00000000,-0.00331017,0.00087299,0.00033647,0.00356784,-0.00050449,0.00000000,0.00228295
2019-09-19,0.00000000,0.00325704,-0.00021938,-0.00004320,-0.00199824,0.00370364,0.00000000,0.00117672
2019-09-20,0.00000000,0.00770631,0.00825038,-0.00570640,0.00195280,0.00552157,0.00000000,-0.00330235
2019-09-23,0.00000000,0.00423731,0.00370221,-0.00014247,-0.00495724,0.01016264,0.00000000,0.00042517
2019-09-24,-0.02354046,0.00132634,0.00402137,-0.00467450,-0.00891462,0.00890834,0.00362568,-0.00314271
2019-09-25,0.01774428,-0.00803152,-0.00478398,0.00464842,0.00635673,-0.00632276,0.00000000,-0.00152169
2019-09-26,-0.00624958,0.00383805,0.00363203,-0.00173746,-0.00286486,0.00325196,0.00000000,0.00045401
2019-09-27,-0.01616162,-0.00503845,-0.00009411,-0.00453057,-0.00120531,-0.00011725,0.00546230,0.00188306
2019-09-30,0.01391334,0.00017453,-0.00105551,0.00388443,-0.01013647,-0.00530161,0.00000000,-0.00192874
2019-10-01,0.00000000,-0.00371170,0.00134444,-0.01088831,0.00117996,0.00394394,-0.00857259,0.00295078
2019-10-02,0.00000000,-0.00432910,0.00542407,-0.01427899,-0.00333358,0.00054053,0.00000000,0.00457152
2019-10-03,0.02457821,0.00945227,0.00212193,0.00546550,0.00177571,-0.00536090,0.00000000,-0.00247203
2019-10-04,0.00000000,0.01046514,0.00234004,0.00932435,0.00778120,0.00700529,0.00000000,-0.00363601
2019-10-07,0.00000000,-0.00843945,-0.00261541,-0.00289154,0.00033014,-0.00248704,0.00000000,-0.00076072
2019-10-08,0.00000000,-0.00181036,0.00552012,-0.01038270,-0.00770837,0.00636115,0.00000000,0.00514649
2019-10-09,0.02848924,0.00188007,-0.00313025,0.00568263,0.00616087,-0.00117367,-0.00556582,-0.00237654
2019-10-10,0.01870999,-0.00484382,-0.01010023,0.00384126,-0.00120809,-0.00125855,0.00000000,0.00199296
2019-10-11,0.02688916,0.00107416,-0.01362437,0.00591399,-0.01093665,-0.01311612,-0.01391088,0.00364335
2019-10-14,0.00000000,0.00160913,0.00549927,-0.00061175,0.00565640,0.00189718,0.00000000,0.00216156
2019-10-15,0.00000000,-0.00089899,-0.00655603,0.00542134,-0.00774501,-0.00851075,-0.00582233,0.00175125
2019-10-16,0.00000000,0.00332773,0.00142102,-0.00084888,-0.00125375,0.01021125,0.00000000,0.00081247
2019-10-17,0.00000000,0.00265523,0.00066015,0.00157160,-0.00077983,0.00431116,-0.00102116,0.00028706
2019-10-18,0.00000000,0.00119672,0.00075267,-0.00233588,-0.00020959,0.00866826,0.00000000,0.00010834
2019-10-21,0.00000000,0.00205014,-0.00054891,0.00360701,-0.00484503,-0.00605979,0.00137899,0.00170728
2019-10-22,0.00000000,0.00304439,0.00011476,-0.00177541,0.00220737,0.00519646,0.00000000,-0.00097031
2019-10-23,0.00000000,0.00340527,-0.00073687,0.00157356,-0.00144551,0.00051935,0.00000000,0.00077125
2019-10-24,0.00000000,0.00295762,0.00256597,0.00089975,0.00079048,0.00439472,0.00297643,0.00085735
2019-10-25,0.00000000,-0.00033273,-0.00279905,0.00233412,-0.00232645,-0.00186688,0.00000000,0.00217292
2019-10-28,0.00000000,-0.00516328,-0.00393261,0.00324837,-0.00000700,-0.00983567,0.00116662,-0.00072193
2019-10-29,0.00000000,-0.00140914,-0.00000861,-0.00017423,0.00212075,0.00021906,0.00000000,0.00003965
2019-10-30,0.00000000,0.00747076,0.00538975,0.00221036,0.00288426,0.00721020,0.00000000,0.00181228
2019-10-31,0.00000000,0.00454590,0.00127951,-0.00210032,0.00388870,0.00567360,0.00000000,-0.00116888
2019-11-01,0.00000000,0.00645702,-0.00247762,0.00861184,0.00090502,-0.00623498,0.00685299,0.00326936
2019-11-04,0.00000000,-0.00391427,-0.00592594,0.00380662,0.00059347,-0.01291695,-0.00138501,-0.00018678
2019-11-05,0.00000000,-0.01165050,-0.00925319,-0.00114527,0.00016358,-0.00607367,0.00000000,-0.00145164
2019-11-06,0.00000000,0.00218605,0.00432100,0.00023691,0.00724978,0.00947157,0.00000000,0.00032836
2019-11-07,0.00000000,-0.00930222,-0.00913650,0.00496784,-0.00885628,-0.00981032,-0.00855868,0.00072570
2019-11-08,0.00000000,-0.00644522,-0.00543727,0.00399647,-0.00349011,-0.00479923,0.00000000,0.00179888
2019-11-11,0.00000000,-0.00015593,0.00082351,-0.00318327,0.00250949,0.00518149,0.00000000,0.00022334
2019-11-12,0.00000000,-0.00181673,-0.00322388,0.00378287,-0.00418671,0.00178768,0.00000000,0.00103023
2019-11-13,0.00000000,0.00060506,0.00316094,0.00059146,0.00005673,0.00506660,0.00000000,-0.00060434
2019-11-14,0.00000000,0.00640387,0.00488613,0.00298763,0.00338326,0.00564882,0.00000000,0.00138846
2019-11-15,0.00000000,0.00570356,0.00180206,0.01544690,0.00635700,-0.00502146,0.00537849,0.00403381
2019-11-18,0.00000000,0.00227461,0.00427762,0.00140142,-0.00491047,0.00796343,0.00000000,0.00012881
2019-11-19,0.00000000,0.00173866,0.00486380,-0.00067007,-0.00460972,-0.00069496,0.00000000,-0.00111704
2019-11-20,0.00000000,-0.00185813,-0.00275765,-0.00857150,-0.00069407,0.00100318,0.00000000,-0.00103200
2019-11-21,0.00000000,-0.00629655,-0.00835055,-0.00359820,0.00930045,-0.00716427,0.00000000,-0.00021864
2019-11-22,0.00000000,0.00153579,0.00085049,0.00482606,0.00186871,-0.00502978,0.00000000,0.00307896
2019-11-25,0.00000000,0.00545065,0.00071210,0.01688666,0.00561276,-0.00711032,0.00000000,0.00484564
2019-11-26,0.00000000,0.00596025,0.00737339,0.00436096,0.00503698,0.00847823,-0.00135703,0.00143127
2019-11-27,0.00000000,0.00091135,0.00139912,0.00890180,-0.00039711,-0.00362240,0.00000000,0.00050227
2019-11-29,0.00000000,-0.00832583,0.00106322,-0.00730683,0.00791916,0.00562274,0.00000000,-0.00190915
2019-12-02,0.00000000,-0.00817736,-0.00927582,-0.01569366,0.00883345,0.00068099,0.00000000,-0.00650904
2019-12-03,0.00000000,0.00725850,0.00495448,-0.01025725,0.00586586,0.00675460,0.00000000,0.00627435
2019-12-04,0.00000000,0.00640511,-0.00313197,0.00932314,0.01145055,-0.00372584,-0.00175303,-0.00502987
2019-12-05,0.00411538,0.00046384,-0.00081755,0.00259144,-0.00222383,0.00313358,0.00000000,-0.00131902
2019-12-06,0.02087458,0.00535994,-0.00418493,0.01325827,0.00754583,-0.01163582,-0.00421033,-0.00355501
2019-12-09,0.00000000,-0.00236928,-0.00225646,-0.00407574,0.00147234,0.00257840,0.00000000,0.00530285
2019-12-10,0.00000000,-0.00025351,-0.00362999,-0.00141459,-0.00041734,0.00221771,0.00000000,0.00007082
2019-12-11,0.00000000,0.00673079,0.00324077,0.00359038,0.00139072,0.00684045,0.00000000,0.00195779
2019-12-12,0.00000000,-0.00313094,-0.00191529,0.01092827,-0.01811538,-0.00821112,0.00000000,-0.00596784
2019-12-13,0.00000000,0.00841415,0.00344284,0.00068431,0.00187369,0.00489155,0.00000000,0.00437606
2019-12-16,0.00000000,0.00577685,0.00179326,0.00802260,-0.00870979,-0.00036578,-0.00527369,0.00223937
2019-12-17,0.00000000,-0.00362858,-0.00290101,0.00024145,-0.00179184,-0.00532395,0.00000000,0.00080832
2019-12-18,0.00000000,0.00289085,0.00614874,0.00006560,-0.00132740,0.00020360,0.00000000,-0.00114076
2019-12-19,0.00000000,0.00542023,0.00464254,0.00484612,0.00107629,0.00133033,0.00000000,0.00255420
2019-12-20,0.00000000,0.00082486,0.00149764,-0.00062442,-0.00305238,0.00124954,-0.00290098,-0.00110458
2019-12-23,0.00000000,0.00176580,0.00275506,0.00183764,-0.00176052,0.00061108,0.00000000,-0.00050286
2019-12-24,0.00000000,0.00579607,0.00156080,0.00003557,-0.00439499,0.00744525,0.00000000,0.00108680
2019-12-26,0.00000000,0.00966663,0.00815318,0.00654772,-0.00659906,0.00091618,0.00000000,-0.00036148
2019-12-27,0.00000000,0.00085236,-0.00238389,-0.00033232,0.00175606,0.00301645,0.00000000,-0.00244651
2019-12-30,0.00000000,-0.00150752,-0.00314795,-0.00783586,-0.00136057,0.00461417,0.00000000,0.00381909
2019-12-31,0.00000000,0.00045276,0.00239932,0.00327093,-0.00099774,-0.00207066,0.00000000,-0.00460013
2020-01-02,0.00000000,0.01188787,0.00249695,0.01322307,0.00598432,-0.00558700,0.01404082,0.00422113
2020-01-03,0.00000000,0.00171574,-0.00770871,-0.01104274,0.01248747,0.00174604,0.00000000,-0.00560092
2020-01-06,0.00000000,0.00104220,0.00138232,0.00555120,0.00123858,-0.00242481,0.00000000,-0.00147519
2020-01-07,0.00000000,-0.00372759,-0.00304720,-0.00419553,-0.00109320,-0.00494160,0.00000000,0.00035119
2020-01-08,0.00000000,-0.00600255,-0.00021466,0.00769455,0.00458385,-0.00562196,0.00000000,0.00226739
2020-01-09,0.00000000,0.00217007,0.00193893,0.01034979,-0.00455271,0.00108045,0.00585464,0.00426851
2020-01-10,0.00000000,0.00445211,0.00416266,-0.00432761,-0.00020146,0.00456498,0.00000000,0.00071980
2020-01-13,0.00000000,0.00277008,0.00662017,0.01013696,-0.00775551,-0.00441682,0.00000000,0.00322805
2020-01-14,0.00000000,0.00192409,-0.00147928,-0.00216611,0.00296028,0.00046904,0.00000000,0.00063861
2020-01-15,0.00000000,0.00334572,0.00677115,0.00332007,-0.00324679,0.01086097,0.00000000,0.00053502
2020-01-16,0.00000000,0.00636464,0.00800821,0.01234346,-0.00383627,0.00051147,0.00813996,0.00279486
2020-01-17,0.00000000,0.00253476,0.00057102,0.00442146,0.00177652,0.00019209,0.00000000,-0.00033076
2020-01-21,0.00000000,-0.00354153,0.00385027,-0.00279720,0.00361165,0.00840911,0.00000000,-0.00077303
2020-01-22,0.00000000,0.00174869,0.00337058,0.00016537,0.00021727,0.00493687,0.00000000,-0.00076741
2020-01-23,0.00000000,0.00086183,0.00515648,0.00161251,-0.00763435,0.00386618,0.00000000,-0.00044753
2020-01-24,0.00000000,-0.00360265,0.00431429,-0.01258294,-0.00306675,0.00364387,0.00000000,-0.00718314
2020-01-27,0.00000000,-0.01745435,0.00110322,-0.01937144,-0.01695953,0.00296656,0.00000000,0.01195328
2020-01-28,0.00000000,0.00412756,-0.00708855,0.00926544,0.01419172,-0.00396765,-0.00120735,-0.00596066
2020-01-29,0.00000000,0.00470464,0.00560140,-0.00069943,-0.00521397,0.00363749,-0.01151495,0.00008403
2020-01-30,0.00000000,-0.00018730,0.00167715,0.00271842,-0.00572827,0.00248813,0.00000000,-0.00160075
2020-01-31,0.00000000,-0.01369582,-0.01008560,-0.01564127,-0.02130949,0.00078251,0.00000000,0.01179506
2020-02-03,0.00000000,-0.00114256,0.00510749,0.00505744,0.00062881,-0.00458129,-0.00757045,-0.00352314
2020-02-04,0.04572381,0.00556678,0.00186597,0.01054793,0.00549999,-0.01029712,-0.00600799,-0.00507979
2020-02-05,0.00000000,0.00522931,-0.00127375,0.00736132,0.00921646,-0.00536762,0.00809739,-0.00359436
2020-02-06,0.00000000,0.00490338,0.00886681,0.00205090,-0.00003333,0.00376308,-0.00145161,0.00075710
2020-02-07,0.00000000,-0.00297015,0.00348611,-0.00327593,0.00182021,0.00318242,0.00000000,-0.00116871
2020-02-10,0.00000000,0.00942540,0.01490216,0.00452955,-0.00419023,0.00640993,0.00000000,0.00099837
2020-02-11,0.00000000,0.00335393,-0.00147602,0.00104653,-0.00184906,-0.00027613,-0.00927817,-0.00015533
2020-02-12,0.00000000,0.00236003,-0.00181436,0.00391574,-0.00484001,-0.00549629,0.00300284,0.00434359
2020-02-13,0.00000000,0.00163414,0.00042314,-0.00064899,-0.00169574,0.00955580,0.00000000,-0.00152787
2020-02-14,0.00000000,0.00557087,0.00573493,0.00099407,-0.00438612,0.00655297,0.00000000,0.00119675
2020-02-18,0.00000000,0.00233249,0.00757739,-0.00159960,0.00058993,0.01213536,0.00000000,-0.00153492
2020-02-19,0.00000000,-0.00231772,0.00110373,0.00300425,-0.00399981,-0.00203664,-0.00461675,0.00111040
2020-02-20,0.00000000,0.00134295,0.01354479,-0.00260228,-0.00486409,0.00034984,0.00000000,-0.00289155
2020-02-21,0.00000000,0.00076569,0.00500013,-0.00648333,-0.00271739,0.00427616,0.00000000,0.00570159
2020-02-24,0.00000000,-0.02603051,0.00593941,-0.01981379,-0.02844746,-0.00041925,0.00000000,0.01597131
2020-02-25,0.00000000,-0.02589163,-0.01659368,-0.01306181,-0.01146055,-0.01277021,-0.03919379,0.00709995
2020-02-26,0.00000000,-0.00607963,0.00529287,-0.00135041,-0.00455316,-0.00932601,-0.02806002,-0.00164927
2020-02-27,0.00000000,-0.03478027,-0.00959037,-0.01698413,-0.02999998,-0.01817339,0.00000000,0.01145953
2020-02-28,0.00000000,-0.00754627,-0.00543545,-0.00124266,-0.01283136,-0.02526685,0.00000000,0.00278469
2020-03-02,0.00000000,0.01179482,-0.00594047,0.01300406,0.02414601,0.02237146,0.04535609,-0.00269923
2020-03-03,0.00000000,0.01275713,0.02124804,-0.00698249,-0.00063776,0.00870111,0.00000000,0.00739164
2020-03-04,0.00000000,0.01470412,0.00312959,0.00990185,0.01565057,0.01366929,0.03011901,-0.00343557
2020-03-05,0.00000000,-0.00461349,0.01868196,-0.00686081,-0.01080601,-0.00294490,0.00000000,0.00993976
2020-03-06,0.00000000,0.00008753,0.03758144,-0.00332853,-0.01976224,0.00077052,0.00000000,0.00611738
2020-03-09,0.00000000,-0.03626303,0.08497548,-0.01580181,-0.04323272,-0.01976507,0.00000000,0.01582842
2020-03-10,0.00000000,-0.01402497,-0.05187614,0.00809145,0.04012016,0.00857157,0.06293571,-0.00481071
2020-03-11,0.00000000,-0.02857534,0.00603205,-0.00676555,-0.01384458,-0.01990391,0.00000000,0.00590939
2020-03-12,0.00000000,-0.02343981,0.02968892,-0.01282410,-0.03420653,-0.03380841,0.00000000,0.01138317
2020-03-13,0.00000000,0.00182530,-0.02889216,0.00953089,0.02027387,-0.01076977,0.06029230,-0.00387589
2020-03-16,0.00000000,0.00524868,0.02529100,-0.01039555,-0.02341538,-0.01088113,0.00000000,0.01673062
2020-03-17,0.00000000,-0.01649398,-0.01041827,0.00447379,0.01379626,0.01358965,0.01304931,-0.00087295
2020-03-18,0.00000000,-0.02324348,0.01992290,-0.00398728,-0.01719547,-0.02358268,0.00000000,0.00604620
2020-03-19,0.00000000,0.00088007,-0.00571145,0.00016516,0.00319968,0.00491614,0.00000000,-0.00330705
2020-03-20,0.00000000,0.02726149,0.00672780,-0.00379178,-0.00234650,-0.00631964,-0.02324438,-0.00066553
2020-03-23,0.00000000,0.01601693,0.01119703,-0.00197072,-0.00646353,-0.00275762,0.00000000,-0.00542213
2020-03-24,0.00000000,0.00109106,-0.01776505,0.00698041,0.01218858,0.02485688,0.00856280,0.00290226
2020-03-25,0.00000000,0.00368979,-0.00860586,0.00103987,0.00573579,0.01231042,-0.00840404,-0.00270643
2020-03-26,0.00000000,-0.00030557,-0.00477734,0.00404972,0.00008815,0.00521745,0.00562554,0.00290358
2020-03-27,0.00000000,0.00196502,0.00845406,-0.00199450,0.00518330,-0.00217722,0.00000000,-0.00291995
2020-03-30,0.00000000,-0.00068363,-0.00268460,0.00219147,-0.00304918,-0.00091079,0.00336148,0.00104550
2020-03-31,0.00000000,-0.00427486,0.00020958,-0.00100884,0.00232810,-0.00645422,0.00000000,0.00168562
2020-04-01,0.00000000,0.00453760,0.00855689,-0.00312362,0.00429208,0.01029498,0.00000000,-0.00282628
2020-04-02,0.00000000,0.00456622,-0.00717839,0.00159299,0.00625377,0.00476136,0.00000000,0.00177008
2020-04-03,0.00000000,0.00169784,-0.00082062,-0.00100956,-0.00461551,0.00260079,0.00000000,0.00142040
2020-04-06,0.00000000,0.00304027,-0.00811783,0.00474032,0.00666793,-0.00685949,0.00482973,0.00231481
2020-04-07,0.00000000,-0.00282864,-0.00247043,0.00006890,0.00390499,-0.00439751,-0.01542560,-0.00094828
2020-04-08,0.00000000,-0.00045030,-0.00633056,0.00239004,-0.00085349,-0.00544178,0.00516061,0.00067338
2020-04-09,0.00000000,0.00912441,0.00267517,0.00110642,-0.00401525,0.00202464,-0.00408511,0.00069693
2020-04-13,0.00000000,0.00206898,0.00112170,-0.00067600,0.00183655,0.00687123,0.00000000,0.00068405
2020-04-14,0.00000000,0.00139066,0.00010209,0.00239091,-0.00258773,-0.00027125,0.00193941,0.00260226
2020-04-15,0.00000000,0.00260632,0.00558382,-0.00186194,0.00492500,0.00626230,0.00000000,-0.00268574
2020-04-16,0.00000000,0.00041849,0.00141701,0.00049816,-0.00007819,0.00763117,0.00309369,-0.00018291
2020-04-17,0.00000000,-0.00465601,-0.00513362,0.00291240,0.00422547,-0.00470305,0.00441988,0.00132101
2020-04-20,0.00000000,0.00086037,0.00420173,-0.00200005,-0.00326296,0.00487685,0.00000000,-0.00315791
2020-04-21,0.00000000,-0.00002850,0.00846902,-0.00340527,-0.00808288,0.00151641,0.00000000,-0.00256824
2020-04-22,0.00000000,0.00308605,-0.00096182,0.00260023,0.00160944,0.00253768,0.00085323,-0.00155416
2020-04-23,0.00000000,0.00239741,-0.00035920,-0.00000944,-0.00030689,-0.00158111,-0.00386115,-0.00001740
2020-04-24,0.00000000,0.00071348,0.00292782,0.00204873,-0.00164074,0.00055403,0.00512409,-0.00174056
2020-04-27,0.00000000,-0.00337658,0.00013833,0.00212118,0.00061258,-0.00440163,0.00013426,-0.00248649
2020-04-28,0.00000000,0.00162337,-0.00106984,-0.00073869,0.00008129,-0.00667443,-0.00261690,-0.00056709
2020-04-29,0.00000000,0.00074228,-0.00523976,0.00449295,-0.00448528,-0.00701534,-0.00161161,0.00197182
2020-04-30,0.00000000,-0.00734976,-0.00388386,-0.00161599,0.00357787,0.00050278,0.00000000,-0.00103772
2020-05-01,0.00000000,0.00112413,0.00482651,-0.00472264,0.00678246,0.00610349,0.00000000,-0.00274662
2020-05-04,0.00000000,0.00109115,-0.00250175,0.00052671,0.00136910,0.00211840,0.00000000,0.00064135
2020-05-05,0.00000000,0.00073679,-0.00254455,0.00179497,0.00019659,0.00170205,-0.00413755,0.00120527
2020-05-06,0.00000000,-0.00331791,0.00244105,-0.00134339,-0.00054066,-0.00055832,-0.00411029,-0.00035561
2020-05-07,0.00000000,0.00448143,-0.00015404,0.00295772,0.00111781,0.00181143,-0.00277122,-0.00130004
2020-05-08,0.00000000,-0.00149356,-0.00636063,0.00404070,0.00278836,-0.00241224,0.00071461,0.00212850
2020-05-11,0.00000000,-0.00317851,0.00141738,0.00005013,-0.00005859,0.00415687,0.00000000,0.00214307
2020-05-12,0.00000000,0.00138913,0.00542768,-0.00519342,0.00272534,0.00245002,-0.00993989,-0.00315229
2020-05-13,0.00000000,0.00202076,0.00425571,-0.00446623,-0.00057762,0.00657031,0.00000000,-0.00316282
2020-05-14,0.00000000,0.00342116,-0.00118719,0.00312637,-0.00016074,-0.00211018,,0.00149365
2020-05-15,0.00000000,0.00356605,0.00044867,0.00123475,-0.00175889,0.00182573,,0.00082924
2020-05-18,0.00000000,-0.00200432,-0.01141851,0.00818654,0.00533033,-0.00923861,,0.00195287
2020-05-19,0.00000000,0.00132001,0.00240035,-0.00268331,-0.00080667,0.00360159,,0.00151231
2020-05-20,0.00000000,0.00234186,-0.00241507,0.00481066,-0.00184390,-0.00349161,,0.00185924
2020-05-21,0.00000000,-0.00272563,-0.00051752,-0.00220010,0.00045854,-0.00345737,,-0.00068823
2020-05-22,0.00000000,0.00155340,0.00142964,0.00061781,0.00032482,0.00069812,,0.00024290
2020-05-26,0.00000000,-0.00233448,-0.00674462,0.00431409,-0.00517487,-0.00859446,,0.00040769
2020-05-27,0.00000000,0.00137942,0.00029069,0.00521173,-0.00201609,-0.00442038,,0.00073461
2020-05-28,0.00000000,0.00057419,0.00076549,-0.00067389,0.00022634,0.00401549,,-0.00123725
2020-05-29,0.00000000,0.00249399,0.00039441,0.00165893,0.00220066,0.00563836,,-0.00107045
2020-06-01,0.00000000,0.00233995,-0.00175410,0.00165739,-0.00375117,0.00122986,,-0.00018586
2020-06-02,0.00000000,-0.00248642,-0.00326465,0.00352109,-0.00306324,-0.00430807,,0.00088659
2020-06-03,0.00000000,-0.00501747,-0.00443951,0.00644462,-0.00442376,-0.00725419,,0.00145172
2020-06-04,0.00000000,-0.00284172,-0.00146329,-0.00138934,0.00029630,-0.00460259,,0.00033374
2020-06-05,0.00000000,-0.00040669,-0.00656890,0.01388880,-0.00860081,-0.00699104,,0.00193267
2020-06-08,0.00000000,0.00443855,-0.00166187,0.00619529,-0.00461403,-0.00285820,,-0.00080594
2020-06-09,0.00000000,-0.00144536,0.00126199,-0.00423498,0.00466132,0.00635196,,-0.00195297
2020-06-10,0.00000000,0.00575310,0.00330631,-0.00331669,0.00595033,0.00794818,,0.00024366
2020-06-11,0.00000000,-0.00820074,0.00898467,-0.03748593,0.00985304,0.00602556,,0.01686335
2020-06-12,0.00000000,-0.00052005,-0.00381139,0.00439072,0.00682714,-0.00529292,,-0.00286563
2020-06-15,0.00000000,0.00103101,-0.00008650,0.00357427,0.00215315,0.00327086,,-0.00103966
2020-06-16,0.00000000,-0.00060366,-0.00263249,0.00738426,0.00536834,-0.00507863,,-0.00088342
2020-06-17,0.00000000,0.00125554,0.00154292,-0.00157237,-0.00119694,0.00442526,,-0.00008587
2020-06-18,0.00000000,0.00291286,0.00103050,0.00014996,-0.00196166,0.00048953,,-0.00076313
2020-06-19,0.00000000,0.00418772,0.00202341,-0.00420499,0.00342728,0.00640679,,-0.00078505
2020-06-22,0.00000000,0.00203796,-0.00094016,0.00267331,-0.00172427,0.00345108,,0.00228545
2020-06-23,0.00000000,0.00115813,0.00042567,0.00194552,-0.00146371,-0.00076215,,0.00091201
2020-06-24,0.00000000,-0.00459142,0.00738619,-0.01082480,0.00175540,0.00524191,,-0.00328950
2020-06-25,0.00000000,0.00438883,-0.00199819,0.00419043,0.00388367,-0.00019799,,0.00184604
2020-06-26,0.00000000,0.00181542,0.00743171,-0.00935946,-0.00640589,0.00257410,,-0.00295299
2020-06-29,0.00000000,0.00275814,-0.00492254,0.00545782,0.00500384,-0.00440645,,0.00230377
2020-06-30,0.00000000,0.00159821,-0.00173887,0.00467090,0.00208984,0.00188731,,-0.00252015
2020-07-01,0.00000000,-0.00200022,-0.00465833,0.00252353,0.00214660,0.00315931,,0.00128758
2020-07-02,0.00000000,0.00259705,-0.00132178,0.00200783,0.00000662,0.00045673,,0.00081688
2020-07-06,0.00000000,0.00366747,-0.00083964,0.00568503,-0.00435651,0.00145735,,0.00003618
2020-07-07,0.00000000,0.00125027,0.00392674,-0.00373202,0.00510984,0.00671743,,-0.00141306
2020-07-08,0.00000000,0.00382627,-0.00204494,0.00286485,-0.00493939,0.00089545,,0.00109017
2020-07-09,0.00000000,0.00251252,0.00417044,-0.00215054,0.00385838,0.00708591,,-0.00079155
2020-07-10,0.00000000,-0.00067365,-0.00168903,0.00386367,0.00028637,-0.00540268,,0.00123669
2020-07-13,0.00000000,-0.00252481,0.00464257,-0.00325855,0.00005912,-0.00240740,,-0.00469216
2020-07-14,0.00000000,0.00588932,-0.00169327,0.00699278,0.00455554,0.00195988,,-0.00291937
2020-07-15,0.00000000,0.00299238,-0.00454081,0.00494087,-0.00083805,-0.00693011,,0.00122592
2020-07-16,0.00000000,-0.00311475,0.00131508,-0.00177209,0.00054734,-0.00068296,,0.00088757
2020-07-17,0.00000000,0.00496359,-0.00055410,0.00164251,-0.00009124,0.00418997,,0.00177411
2020-07-20,0.00000000,0.00654581,0.00236025,0.00462647,-0.00304915,0.00712004,,0.00230154
2020-07-21,0.00000000,0.00845813,-0.00260259,0.00120598,-0.00723990,-0.00380015,,-0.00043510
2020-07-22,0.00000000,0.00791556,-0.00208894,0.00331899,-0.00592743,-0.00148421,,0.00053766
2020-07-23,0.00000000,0.00063197,0.00352758,-0.00697057,0.00258186,-0.00412668,,-0.00154880
2020-07-24,0.00000000,0.00432685,0.00087934,-0.00359436,-0.00170481,0.00309900,,-0.00020554
2020-07-27,0.00000000,0.01229548,-0.00182396,0.00466832,-0.00518522,0.00486974,,0.00142291
2020-07-28,0.00000000,0.00155276,0.00086183,-0.00411408,0.00122913,0.00060210,,0.00029754
2020-07-29,0.00000000,0.00672606,-0.00455977,0.00953938,0.00036259,-0.00344269,,0.00106796
2020-07-30,0.00000000,-0.00147065,0.00203326,-0.00278070,-0.00070673,0.00011909,,-0.00122385
2020-07-31,0.00000000,-0.00140261,0.00134269,0.00626659,-0.00021544,0.00575586,,0.00106580
2020-08-03,0.00000000,0.00170351,-0.00042855,0.00547538,0.00250315,-0.00000495,,0.00031092
2020-08-04,0.00000000,0.01378811,0.00088586,0.00302400,0.00161075,0.00267789,,0.00157219
2020-08-05,0.00000000,0.00276342,-0.00262026,0.00520032,-0.00475686,-0.00468574,,0.00105001
2020-08-06,0.00000000,0.00799446,0.00228518,0.00593806,-0.00306241,-0.00142529,,0.00060059
2020-08-07,0.00000000,-0.01220794,-0.00054755,0.00064807,0.00499375,-0.00626031,,0.00037495
2020-08-10,0.00000000,-0.00135657,-0.00227722,0.00282238,-0.00343483,-0.00800428,,0.00168950
2020-08-11,0.00000000,-0.02056476,-0.00177187,-0.00804931,0.00986383,-0.00954039,,-0.00266105
2020-08-12,0.00000000,0.00321377,-0.00477740,0.01339766,-0.00398430,0.00161117,,0.00305897
2020-08-13,0.00000000,-0.00072988,0.00039404,-0.00170810,0.00414752,0.00406530,,-0.00000000
2020-08-14,0.00000000,-0.00308806,-0.00241223,0.00002583,-0.00071023,-0.00209814,,-0.00005433
2020-08-17,0.00000000,0.01094966,0.00018919,0.00311075,0.00019204,0.00801126,,0.00218802
2020-08-18,0.00000000,0.00797679,0.00300112,0.00212367,0.00009868,0.00337661,,0.00053989
2020-08-19,0.00000000,-0.01271708,-0.00242187,-0.00417514,0.00328707,-0.00415928,,-0.00111875
2020-08-20,0.00000000,0.00569390,0.00258602,0.00304389,0.00014870,0.00464546,,0.00061792
2020-08-21,0.00000000,-0.00250699,0.00013329,0.00351692,0.00151813,-0.00060307,,-0.00025575
2020-08-24,0.00000000,0.00218831,-0.00341667,0.01129130,0.00252592,-0.00674774,,0.00019907
2020-08-25,0.00000000,-0.00022038,-0.00244858,0.00390896,0.00299581,0.00193954,,0.00040130
2020-08-26,0.00000000,0.00500264,0.00463180,0.01134083,0.00157388,0.00508968,,-0.00132838
2020-08-27,0.00000000,-0.01036898,-0.00559235,0.00251592,0.00024430,-0.00466794,,-0.00183244
2020-08-28,0.00000000,0.01058455,0.00201805,0.00799291,0.00138056,-0.00267509,,-0.00035822
2020-08-31,0.00000000,0.00165232,0.00454149,-0.00465242,0.00368512,0.00462749,,0.00274643
2020-09-01,0.00000000,0.00614668,-0.00017824,0.01197465,0.00312211,0.00421363,,0.00105025
2020-09-02,0.00000000,0.00206666,0.00062465,0.01765542,0.00294948,-0.00160444,,0.00154962
2020-09-03,0.00000000,-0.01214047,-0.00260032,-0.03642561,0.00189495,-0.00361517,,0.00770595
2020-09-04,0.00000000,-0.00766224,-0.00076682,-0.00397951,-0.00203929,-0.00479463,,-0.00465220
2020-09-08,0.00000000,-0.00843622,0.01749253,-0.01441129,-0.01861816,-0.00142751,,-0.00233534
2020-09-09,0.00000000,0.00692899,-0.00905916,0.00848020,0.00942304,0.00837934,,-0.00423767
2020-09-10,-0.05209100,-0.00487910,0.01462145,-0.00695836,-0.01076873,-0.00436267,,0.00094202
2020-09-11,0.00143080,0.00356685,-0.00069137,0.00019232,0.00188962,-0.00365403,,-0.00507936
2020-09-14,0.03697941,0.00586073,-0.00820893,0.00519599,0.00784376,-0.00114844,,0.00120203
2020-09-15,0.01121662,0.00250549,-0.00640294,0.00193482,0.00095339,0.00297292,,0.00003955
2020-09-16,-0.00858144,0.00037182,-0.01090561,-0.00152183,-0.00342547,-0.00608821,,0.00047577
2020-09-17,0.00000000,0.00059718,0.00013044,-0.00336326,-0.00027166,-0.00092287,,0.00181782
2020-09-18,0.00000000,-0.00477934,0.00888537,-0.00582873,0.00560973,0.00221033,,-0.00004129
2020-09-21,0.00000000,-0.01145979,0.01766404,-0.00410879,0.00724993,0.00828188,,-0.00280710
2020-09-22,0.02168544,-0.00105561,-0.00132287,0.00370300,0.00386796,0.00315752,,-0.00057694
2020-09-23,-0.04509237,-0.01130964,0.01160542,-0.00841283,-0.01654945,-0.00159546,,-0.00466228
2020-09-24,0.00379667,0.00149479,-0.00471591,0.00091514,0.00650158,0.00340522,,-0.00163368
2020-09-25,0.02294457,-0.00008104,-0.00444971,0.00558166,0.00336012,0.00172079,,-0.00238098
2020-09-28,0.02127963,0.00834171,-0.00595508,0.00558088,0.00477102,-0.00721758,,-0.00029518
2020-09-29,0.00000000,0.00225746,0.01150771,-0.00175951,0.00610195,0.00177323,,-0.00173786
2020-09-30,0.00000000,-0.00232915,-0.00631838,0.00246494,0.00731951,-0.00082924,,-0.00012938
2020-10-01,0.00000000,0.00383153,0.00076304,0.00207100,-0.00702497,-0.00314054,,-0.00052306
2020-10-02,0.00000000,-0.00271878,-0.00034740,-0.00308312,-0.00184518,-0.00754772,,-0.00251548
2020-10-05,0.00000000,0.00073517,-0.01774495,0.00589700,-0.00449831,-0.00107138,,-0.00269459
2020-10-06,0.00000000,-0.00378093,0.00142018,-0.00510292,0.00654906,-0.00576108,,-0.00121326
2020-10-07,0.00000000,0.00136578,-0.00398963,0.00610979,-0.00392287,-0.00735559,,-0.00305010
2020-10-08,0.01041335,0.00565617,-0.00473645,0.00329277,-0.00666324,-0.00037269,,0.00368840
2020-10-09,0.01027869,0.00778015,0.00546515,0.00346642,0.00079735,0.00931118,,0.00505427
2020-10-12,0.00000000,0.00500207,0.00264564,0.00654020,-0.00062512,0.00475584,,0.00174627
2020-10-13,0.00000000,-0.00491639,0.00370821,-0.00255925,0.00798390,0.00615892,,-0.00100115
2020-10-14,0.00000000,0.00133111,-0.00025572,-0.00247736,-0.00029182,-0.00043212,,0.00079421
2020-10-15,0.00000000,-0.00532802,-0.00237505,-0.00048305,0.00134767,-0.00348371,,-0.00074752
2020-10-16,0.00000000,-0.00111998,0.00606618,-0.00023702,-0.00145848,0.00316897,,-0.00063604
2020-10-19,0.00000000,-0.00335063,0.00077172,-0.00609959,-0.00375957,-0.00198170,,0.00419871
2020-10-20,0.00452211,0.00069542,-0.00662398,0.00159683,0.00568290,-0.00518106,,-0.00005005
2020-10-21,-0.00213074,0.00286226,0.00513208,-0.00078019,-0.00440850,0.00318349,,-0.00231703
2020-10-22,0.00616419,-0.00594072,-0.00855081,0.00227875,0.00330203,-0.01030832,,-0.00215831
2020-10-23,0.00379253,0.00326620,0.00162076,0.00161142,-0.00079575,-0.00323788,,0.00010510
2020-10-26,-0.02060887,-0.00409392,0.01259132,-0.00884942,0.00497102,0.00562865,,-0.00847678
2020-10-27,0.00000000,0.00512913,0.00785925,-0.00154457,0.00051799,0.00976391,,0.00032280
2020-10-28,0.00000000,-0.01258248,0.01872583,-0.01605133,-0.02202929,-0.00156509,,0.01308719
2020-10-29,0.00000000,-0.00350108,-0.00470727,0.00365148,0.00583165,-0.00737728,,-0.00674299
2020-10-30,0.00000000,-0.00580406,0.00157695,-0.00373554,-0.00136640,-0.00032354,,0.00346398
2020-11-02,0.00000000,0.00824272,-0.00908071,0.00399828,0.00901104,-0.00375686,,-0.00165892
2020-11-03,0.00000000,0.00609030,-0.01094114,0.00620963,0.00844633,-0.00138740,,-0.00403390
2020-11-04,0.00000000,0.01212797,-0.00028346,0.00780762,0.00541422,0.00705159,,-0.00668064
2020-11-05,0.00000000,0.01765292,-0.00274965,0.00652851,-0.01373249,0.00168136,,0.00133818
2020-11-06,0.00000000,-0.00286516,-0.00007789,-0.00007708,-0.00292316,0.00229047,,0.00488041
2020-11-09,0.00000000,-0.01287602,-0.02712097,0.00423844,-0.01274788,-0.04558735,,0.00165774
2020-11-10,0.00000000,-0.00233933,-0.01081607,-0.00048921,-0.00416893,-0.00437760,,0.00235829
2020-11-11,0.00000000,0.00219784,-0.00080327,0.00255262,-0.00410969,0.00665072,,0.00147437
2020-11-12,0.00000000,0.00013650,0.00726549,-0.00333606,0.01398020,0.01083360,,-0.00492829
2020-11-13,0.00000000,0.00797393,-0.00412487,0.00471737,-0.00678802,-0.00619946,,0.00445256
2020-11-16,0.00000000,0.00502542,-0.00506797,0.00415055,-0.00895130,-0.00685612,,0.00181087
2020-11-17,0.00000000,0.00186044,-0.00233648,-0.00176129,-0.00078517,0.00002587,,0.00111127
2020-11-18,0.00000000,-0.00223699,0.00221382,-0.00411768,0.00367477,0.00189954,,-0.00263119
2020-11-19,0.00000000,0.00443439,-0.00048843,0.00139640,-0.00198807,0.00493932,,0.00130735
2020-11-20,0.00000000,0.00300039,0.00238929,-0.00230741,0.00042949,0.00647770,,0.00022966
2020-11-23,0.00000000,-0.00501660,-0.00452193,0.00200223,-0.00637985,-0.00664551,,0.00087876
2020-11-24,0.00000000,0.00337665,-0.00563399,0.00540718,-0.00398624,-0.01199261,,0.00107642
2020-11-25,0.00000000,0.00087935,-0.00102374,-0.00053528,0.00049617,0.00369511,,0.00259010
2020-11-27,0.00000000,0.00476293,0.00280225,0.00098098,-0.00204709,0.01003112,,-0.00044599
2020-11-30,0.00000000,-0.00715775,0.00263358,-0.00212418,0.01037093,0.01011355,,0.00138358
2020-12-01,0.00000000,0.00951394,0.00076038,0.00642338,0.00802789,-0.00239205,,-0.00060241
2020-12-02,0.00000000,-0.00071498,0.00003050,0.00128777,-0.00184789,-0.00505913,,0.00033715
2020-12-03,0.00000000,0.00786470,0.00049792,-0.00018082,-0.00096793,0.00326301,,-0.00062287
2020-12-04,0.00000000,-0.00255887,-0.00672832,0.00603841,-0.00250121,-0.00294432,,0.00119525
2020-12-07,0.00000000,0.00264363,0.00318942,-0.00162114,-0.00065761,0.00618916,,-0.00046190
2020-12-08,0.00000000,0.00164108,0.00045360,0.00247930,-0.00188111,0.00063613,,0.00287153
2020-12-09,0.00000000,-0.00547966,-0.00207183,-0.00772702,0.00466930,0.00023405,,-0.00295768
2020-12-10,0.00000000,0.00491167,-0.00228004,-0.00027729,-0.00677614,-0.00118103,,-0.00069413
2020-12-11,0.00000000,-0.00104567,-0.00064898,-0.00099408,0.00138826,0.00046426,,-0.00309701
2020-12-14,0.00000000,-0.00023548,0.00047222,-0.00385729,-0.00075693,-0.00085685,,0.00184423
2020-12-15,0.00000000,0.00864519,-0.00010139,0.01220609,0.00526280,-0.00372617,,-0.00380256
2020-12-16,0.00182611,0.00296135,0.00003077,0.00139569,-0.00060923,0.00280918,,-0.00279325
2020-12-17,0.00668969,0.00812801,0.00013735,0.00527491,-0.00738463,0.00473102,,0.00078317
2020-12-18,0.00000000,-0.00478903,0.00034905,-0.00810051,0.00537803,0.00277602,,-0.00194677
2020-12-21,0.00000000,-0.00457365,0.00375825,-0.00363280,0.00442627,0.00694961,,-0.00586938
2020-12-22,0.00000000,-0.00466149,-0.00191217,-0.00170160,0.00784120,0.00032193,,-0.00159841
2020-12-23,0.00000000,0.00649588,-0.00062776,0.00093771,0.00689611,0.00123835,,-0.00303949
2020-12-24,0.00000000,0.00228674,-0.00110048,0.00414262,-0.00034621,0.00245361,,-0.00215148
2020-12-28,0.00000000,0.00236012,0.00129130,0.01054609,0.00248823,-0.00769500,,-0.00056542
2020-12-29,0.00000000,0.00346618,0.00070207,-0.00222851,0.00332294,-0.00025975,,-0.00315364
2020-12-30,0.00000000,0.00717048,0.00071860,0.00165694,-0.00133667,0.00038105,,0.00294766
2020-12-31,0.00000000,0.00004842,-0.00112118,0.00610239,0.00157750,-0.00308728,,0.00005647
2021-01-04,0.00000000,0.00246177,0.00908218,-0.01759796,0.00586322,0.00746701,,-0.00740787
2021-01-05,0.00000000,0.00496874,-0.00514403,0.00723113,-0.00319573,-0.00275925,,-0.00290680
2021-01-06,0.00000000,-0.00649708,-0.00351988,0.00610571,-0.00255129,-0.00986476,,-0.00046595
2021-01-07,0.00000000,-0.00296400,-0.00188442,0.01547010,-0.00219427,-0.00065156,,-0.00465939
2021-01-08,0.00000000,-0.00529076,-0.00681085,0.00515642,-0.00101246,0.00303655,,0.00064916
2021-01-11,0.00000000,-0.01106847,-0.00282438,-0.00607292,0.00421901,-0.00249396,,-0.00460925
2021-01-12,0.00000000,0.00727661,-0.00115035,0.00018923,-0.00253913,-0.00076691,,0.00250944
2021-01-13,0.00000000,0.00289346,0.00000142,0.00246403,0.00289311,0.00307541,,0.00118112
2021-01-14,0.00000000,0.00164419,-0.00382479,-0.00321592,-0.00387800,0.00042396,,-0.00092536
2021-01-15,0.00000000,-0.00864226,-0.00190312,-0.00682370,0.00362958,0.00323665,,-0.00184915
2021-01-19,0.00000000,0.00716470,0.00355044,0.00755900,0.00411558,0.00140285,,0.00206716
2021-01-20,0.00000000,0.00750806,0.00170984,0.01286878,-0.00116887,0.00217371,,0.00151981
2021-01-21,0.00000000,0.00092922,0.00434764,0.00075565,0.00111138,0.00058315,,0.00060825
2021-01-22,0.00000000,-0.00649887,0.00043364,-0.00314016,0.00230652,-0.00075851,,-0.00105859
2021-01-25,0.00000000,0.00466197,0.00021211,0.00358803,-0.00105964,0.00243039,,-0.00306469
2021-01-26,0.00000000,0.00085304,-0.00367549,-0.00143063,0.00105552,-0.00119586,,0.00124773
2021-01-27,0.00000000,-0.01384551,-0.00756041,-0.02493756,0.01113489,-0.00468339,,-0.01776816
2021-01-28,0.00000000,0.00395155,0.00346262,0.00588617,0.01008877,0.00258640,,-0.00154275
2021-01-29,0.00000000,-0.00945551,-0.00256958,-0.01384971,-0.01135054,0.00566801,,0.00474290
2021-02-01,0.00000000,0.00900200,-0.00622473,0.00984483,0.01100529,0.00271322,,-0.00413994
2021-02-02,0.04242086,-0.00021615,-0.00315377,0.00781430,0.00338038,-0.00361206,,-0.00590687
2021-02-03,0.00000000,-0.00028166,0.00098416,0.00042007,-0.00211162,-0.00285453,,-0.00380206
2021-02-04,0.00000000,-0.00179910,-0.00234297,0.00650144,-0.00201244,-0.00019772,,0.00302801
2021-02-05,0.00000000,0.00564243,0.00238382,0.00220505,-0.00006691,0.00309561,,0.00015876
2021-02-08,0.00000000,0.00945099,0.00134469,0.00407672,-0.00684474,-0.00037509,,0.00058585
2021-02-09,0.00000000,0.00433893,0.00188710,-0.00039140,-0.00192688,0.00341176,,-0.00037842
2021-02-10,0.00000000,0.00155257,-0.00445675,-0.00025519,0.00105059,-0.00465248,,-0.00102630
2021-02-11,0.00000000,-0.00112239,0.00329079,0.00096245,-0.00084877,-0.00709880,,0.00167452
2021-02-12,0.00000000,-0.00099139,-0.00292893,0.00296775,-0.00929044,0.00053257,,0.00242443
2021-02-16,0.00000000,-0.00591458,0.00324232,-0.00052119,-0.00714686,-0.00647919,,-0.00011623
2021-02-17,0.00000000,-0.00206953,-0.00713233,0.00013834,0.00152667,-0.00624465,,0.00104767
2021-02-18,0.00000000,-0.00435606,-0.00012050,-0.00265664,0.00525329,-0.00071457,,-0.00064931
2021-02-19,0.00000000,-0.00210051,0.00472526,-0.00109820,-0.00382866,-0.00667097,,0.00293887
2021-02-22,0.00000000,0.00394966,0.00558538,-0.00499694,-0.01207748,-0.00954333,,-0.00314502
2021-02-23,0.00000000,0.00223743,-0.00548192,0.00076606,-0.00290518,-0.00688938,,0.00307062
2021-02-24,0.00000000,0.00406529,0.00841942,0.00706147,-0.00874240,-0.00914239,,0.00281253
2021-02-25,0.00000000,-0.03051708,-0.01262012,-0.01495053,-0.00079611,-0.00115227,,-0.01143860
2021-02-26,0.00000000,-0.00770713,-0.02554862,-0.00267733,0.02005900,-0.00359187,,-0.00327721
2021-03-01,0.00000000,0.00910905,0.01755702,0.01424088,0.01578829,-0.00177948,,-0.00518401
2021-03-02,0.00000000,0.00048833,-0.00075403,-0.00399952,0.00090969,-0.00061123,,-0.00117387
2021-03-03,0.00000000,-0.00913091,-0.00340702,-0.00734825,-0.00128905,-0.01087483,,0.00287850
2021-03-04,0.00000000,-0.01215625,-0.00601874,-0.00679699,0.00031159,-0.00137976,,0.00273304
2021-03-05,0.00000000,0.00795029,0.00732623,0.01014590,0.00237295,-0.00545047,,0.00445104
2021-03-08,-0.01493627,-0.01478794,-0.00574206,-0.00249713,0.00201653,-0.00722574,,-0.00154426
2021-03-09,0.00000000,0.01375854,0.00796722,0.00729573,0.00964265,0.01136746,,-0.00315552
2021-03-10,0.00000000,0.00807440,0.00210804,0.00304619,-0.00260640,-0.00191732,,0.00067918
2021-03-11,0.00000000,0.01201962,0.00964413,0.00497659,-0.00330498,0.00405887,,0.00166171
2021-03-12,0.00000000,-0.00353254,0.00352792,0.00064395,-0.00494533,-0.00503456,,0.00109648
2021-03-15,0.00000000,0.00406642,0.00353498,0.00286886,-0.00518289,-0.00584084,,0.00363059
2021-03-16,0.00000000,-0.00063949,-0.00213047,-0.00061361,0.00062441,0.00666684,,-0.00000000
2021-03-17,0.00000000,0.00610386,0.00705285,0.00166160,-0.00417773,-0.00404320,,0.00286814
2021-03-18,0.00000000,-0.02082711,-0.01459749,-0.00710081,0.00442031,0.00170999,,-0.00358396
2021-03-19,0.00000000,0.00431242,0.00482043,-0.00238976,0.00481228,0.00333978,,0.00199793
2021-03-22,0.00000000,0.00199180,-0.00463131,0.00372610,0.00662363,0.00836794,,0.00468971
2021-03-23,0.00000000,-0.01127245,-0.01673332,-0.00363203,-0.01119299,0.00752996,,-0.00313659
2021-03-24,0.00000000,-0.00129252,-0.00964786,-0.00233478,0.00338153,-0.01781369,,-0.00035697
2021-03-25,0.00000000,0.00004148,0.00708358,0.00257009,-0.00247780,-0.01262008,,-0.00195593
2021-03-26,0.00000000,0.01145854,0.01794563,0.00757175,0.00639889,0.00073741,,0.00231821
2021-03-29,0.00000000,-0.00566646,-0.00311924,-0.00026057,-0.00216819,0.00542943,,-0.00170821
2021-03-30,0.00000000,-0.00678652,-0.00378357,-0.00134397,-0.00518322,-0.00830240,,-0.00290679
2021-03-31,0.00000000,0.00476391,0.00263910,0.00231482,0.00497046,0.00607423,,0.00032680
2021-04-01,0.00000000,0.01347934,0.01068569,0.00661076,-0.00242617,0.00234556,,0.00193082
2021-04-05,0.00000000,0.00324223,0.00537529,0.00916404,0.00068491,0.00601659,,0.00185260
2021-04-06,0.00000000,0.00162603,-0.00573303,-0.00039104,0.00208246,0.00296058,,-0.00056339
2021-04-07,0.00000000,-0.00070769,-0.00086629,0.00083680,0.00271842,-0.00240778,,0.00190371
2021-04-08,0.00000000,0.00550144,0.00235083,0.00356913,-0.00449127,0.00142324,,0.00094206
2021-04-09,0.00000000,-0.00265834,0.00077920,0.00580968,-0.00027352,-0.00280371,,0.00014861
2021-04-12,0.00000000,-0.00297273,-0.00466883,0.00028843,0.00259415,-0.00133893,,0.00097272
2021-04-13,0.00000000,0.00786556,0.00287994,0.00240817,-0.00330648,0.00351535,,0.00053200
2021-04-14,0.00000000,0.00445706,0.00687930,-0.00278725,-0.00444330,-0.00521779,,-0.00145594
2021-04-15,0.00000000,0.01105056,0.00407329,0.00878066,-0.00393150,0.01002852,,0.00209783
2021-04-16,0.00000000,0.00153554,0.00367884,0.00263679,-0.00083809,-0.00165683,,0.00100617
2021-04-19,0.00000000,0.00010908,-0.00298722,-0.00399064,-0.00009960,-0.00070506,,-0.00220372
2021-04-20,0.00000000,-0.00411536,-0.01512092,-0.00667727,0.00021162,0.00824027,,-0.00144096
2021-04-21,0.00000000,0.00676117,0.00655157,0.00834377,-0.00042822,-0.00467374,,0.00325966
2021-04-22,0.00000000,-0.00292962,-0.00345519,-0.00789914,0.00194051,-0.00001111,,-0.00435007
2021-04-23,0.00000000,0.00762184,0.00886634,0.00910182,0.00423325,-0.00346924,,-0.00285765
2021-04-26,0.00000000,0.00368267,0.00453766,0.00193348,-0.00088215,-0.00339184,,0.00045225
2021-04-27,0.00000000,-0.00214174,0.00447584,-0.00020133,-0.00130071,-0.00272142,,0.00158643
2021-04-28,0.00000000,0.00411063,0.00683536,-0.00032996,-0.00408449,-0.00276053,,0.00027515
2021-04-29,0.00000000,0.00059709,0.00308163,0.00704410,-0.00250402,-0.00276333,,0.00046731
2021-04-30,0.00000000,-0.00885514,-0.01395520,-0.00738824,0.00852546,0.00204767,,-0.00311357
2021-05-03,0.00000000,0.00962111,0.00849903,0.00225731,0.00465395,0.00493896,,-0.00299509
2021-05-04,0.00000000,-0.00506110,-0.00538517,-0.00684325,-0.00225023,-0.00129244,,-0.00301597
2021-05-05,0.00000000,0.00506306,0.00578903,0.00035099,0.00517450,0.00097703,,-0.00185685
2021-05-06,0.00000000,0.00850313,0.00588754,0.00940265,0.00314378,0.00838041,,-0.00047842
2021-05-07,0.00000000,0.01104932,0.00856902,0.00817853,-0.00173555,-0.00234517,,-0.00462145
2021-05-10,0.00000000,-0.00359854,-0.00394034,-0.01086082,0.00246901,0.00639783,,-0.00340234
2021-05-11,0.00000000,-0.00375641,-0.00094066,-0.00902378,-0.00819551,0.00011929,,-0.00585853
2021-05-12,0.00000000,-0.01763623,-0.01099402,-0.02003214,0.00459816,0.00500976,,0.01259982
2021-05-13,0.00000000,0.00094915,-0.00348686,0.00860136,0.01214774,0.00310359,,-0.00612257
2021-05-14,0.00000000,0.01130530,0.01037347,0.01032977,0.00856641,-0.00475077,,-0.00742011
2021-05-17,0.00000000,0.00445613,0.00382357,-0.00162428,-0.00341235,0.00172633,,0.00122908
2021-05-18,0.00000000,0.00133040,-0.00085076,-0.00548868,0.00403706,-0.00057081,,0.00166353
2021-05-19,0.00000000,-0.00850703,-0.00861841,-0.00164445,0.00113281,0.00131208,,-0.00271288
2021-05-20,0.00000000,0.00743050,0.00223917,0.00682246,-0.00678731,0.00247041,,0.00325510
2021-05-21,0.00000000,-0.00116046,-0.00190328,-0.00051584,0.00470003,0.00035001,,0.00081801
2021-05-24,0.00000000,0.00713905,0.00787473,0.00689976,-0.00196526,-0.00483161,,0.00300869
2021-05-25,0.00000000,0.00108449,-0.00343107,-0.00150235,-0.00725962,0.00231757,,-0.00000000
2021-05-26,0.00000000,0.00060473,0.00421629,0.00139754,0.00139096,-0.00652014,,0.00315237
2021-05-27,0.00000000,0.00313327,0.00677796,0.00037136,0.00040766,-0.00787426,,0.00323840
2021-05-28,0.00000000,0.00212217,0.00192064,0.00128896,-0.00451934,0.00088122,,-0.00095036
2021-06-01,0.00000000,0.00768957,0.01006348,-0.00065511,-0.01984589,-0.00568407,,-0.00167268
2021-06-02,0.00000000,0.00548132,0.00573117,0.00121137,-0.00986128,-0.00232875,,0.00165889
2021-06-03,0.00000000,-0.00904648,-0.00533313,-0.00287644,0.00129551,0.00474430,,-0.00124453
2021-06-04,0.00000000,0.00964586,0.00664767,0.00722515,-0.00216535,0.00018535,,0.00362463
2021-06-07,0.00000000,0.00247799,0.00061065,-0.00074698,-0.00363378,-0.00235599,,0.00121262
2021-06-08,0.00000000,0.00113541,-0.00015133,0.00016435,-0.00789788,-0.00217125,,-0.00083271
2021-06-09,0.00000000,-0.00129161,-0.00397992,-0.00119178,0.00269624,0.00163258,,-0.00102270
2021-06-10,0.00000000,0.00651119,0.00200118,0.00383876,-0.00062177,0.00193189,,0.00415600
2021-06-11,0.00000000,-0.00389096,-0.00045212,0.00140210,0.00401254,-0.00417786,,0.00182630
2021-06-14,0.00000000,-0.00075401,0.00363175,0.00244797,0.00056310,-0.00152254,,-0.00051221
2021-06-15,0.00000000,-0.00235380,-0.00050889,-0.00226947,0.00136649,-0.00536198,,-0.00157162
2021-06-16,0.00000000,-0.01051976,-0.00236735,-0.00824210,-0.00655075,-0.00230567,,-0.00066392
2021-06-17,0.00000000,-0.01013181,-0.01652418,-0.00047346,-0.02369999,0.00088956,,0.00043127
2021-06-18,0.00000000,-0.00778020,-0.01145839,-0.02618849,-0.00554948,0.00099487,,-0.00621879
2021-06-21,0.00000000,0.01068556,0.01296797,0.01465266,0.01975486,-0.00234034,,-0.00461723
2021-06-22,0.00000000,0.00096387,0.00007902,0.00496694,-0.00491016,0.00079725,,-0.00317736
2021-06-23,0.00000000,-0.00142552,0.00251660,-0.00111961,-0.00285098,-0.00762402,,0.00128613
2021-06-24,0.00000000,0.00404515,0.00505445,0.00580544,0.00291488,-0.00353276,,0.00149251
2021-06-25,0.00000000,0.00146269,0.00301703,0.00342298,0.00118943,0.00096441,,0.00102245
2021-06-28,0.00000000,-0.00130938,-0.00499430,0.00193329,0.00719978,0.00125110,,-0.00011521
2021-06-29,0.00000000,-0.00113383,-0.00042285,0.00051945,-0.00331791,0.00383226,,-0.00121334
2021-06-30,0.00000000,-0.00090905,-0.00036757,0.00082656,-0.00413941,-0.00227027,,0.00071251
2021-07-01,0.00000000,0.00030206,0.00025154,0.00545019,-0.00330537,0.00010887,,0.00094957
2021-07-02,0.00000000,0.00602858,0.00232090,0.00738218,0.00450678,0.00571185,,0.00035136
2021-07-06,0.00000000,-0.00613581,-0.02088620,-0.00173299,-0.00918708,0.00517288,,-0.00167944
2021-07-07,0.00000000,0.00022488,-0.00319385,0.00348412,-0.00204732,0.00829191,,0.00010286
2021-07-08,0.00000000,-0.00469553,-0.00346030,-0.00803303,-0.00065806,-0.00145441,,-0.00471959
2021-07-09,0.00000000,0.01125155,0.01400492,0.00977525,0.01619217,-0.00283573,,-0.00486659
2021-07-12,0.00000000,0.00295285,0.00326956,0.00306854,0.00042890,0.00008606,,-0.00036490
2021-07-13,0.00000000,-0.00559768,-0.00300161,-0.00297280,0.00953370,0.00336846,,-0.00094855
2021-07-14,0.00000000,0.00330100,-0.00432522,0.00127966,-0.00051899,0.01088543,,0.00160178
2021-07-15,0.00000000,-0.00283497,-0.00462227,-0.00294643,0.00337173,0.00414170,,-0.00100625
2021-07-16,0.00000000,-0.00577584,-0.00286206,-0.00677112,0.00653073,0.00385362,,-0.00260842
2021-07-19,0.00000000,-0.01536679,-0.02404014,-0.01251798,-0.02462985,0.00042279,,0.00989366
2021-07-20,0.00000000,0.00834036,0.01203112,0.01058839,0.00952401,-0.00582013,,-0.00512160
2021-07-21,0.00000000,0.00774816,0.01105234,0.00633811,0.01965716,-0.01171584,,-0.00431143
2021-07-22,0.00000000,0.00159908,-0.00099843,0.00172316,-0.00103364,0.00538865,,0.00112325
2021-07-23,0.00000000,0.00255804,0.00498598,0.00857916,-0.00400364,0.00686376,,-0.00040154
2021-07-26,0.00000000,0.00237557,0.00354976,0.00194259,-0.00042245,-0.00293997,,-0.00083385
2021-07-27,0.00000000,-0.00198412,-0.00353117,-0.00366767,0.00519249,0.00797871,,-0.00213801
2021-07-28,0.00000000,0.00522020,0.00041564,-0.00032841,-0.00147370,-0.00740357,,0.00158922
2021-07-29,0.00000000,0.00408242,0.00250807,0.00328969,-0.00055912,0.00028327,,-0.00133647
2021-07-30,0.00000000,-0.00602317,-0.00338490,-0.00386182,0.00583353,0.00199498,,-0.00178399
2021-08-02,0.00000000,-0.00037849,-0.00425290,-0.00163315,0.00244914,0.00120032,,-0.00230848
2021-08-03,0.00000000,0.00379697,0.00200649,0.00641810,-0.00064729,0.00013388,,-0.00318495
2021-08-04,0.00000000,-0.00592952,-0.00509573,-0.00387132,-0.00058320,0.00189316,,-0.00001133
2021-08-05,0.00000000,0.00499191,0.00985961,0.00499566,0.00625531,-0.00780598,,0.00165776
2021-08-06,0.00000000,-0.00423738,0.00427959,0.00130219,-0.00824136,-0.00014580,,0.00162040
2021-08-09,0.00000000,-0.00535581,-0.00037382,-0.00073266,-0.00734531,0.00019835,,0.00084216
2021-08-10,0.00000000,0.00169672,0.00419212,0.00117055,-0.00016217,-0.00074990,,0.00104562
2021-08-11,0.00000000,0.00645554,0.00215333,0.00242141,0.00171386,-0.00048190,,0.00219071
2021-08-12,0.00000000,-0.00172786,0.00141436,0.00294695,-0.00155086,0.00093407,,0.00174039
2021-08-13,0.00000000,0.00415946,-0.00405750,0.00180408,0.00912888,0.00435734,,-0.00000000
2021-08-16,0.00000000,-0.00357287,-0.00321576,0.00236376,-0.00339685,0.00755460,,-0.00037494
2021-08-17,0.00000000,-0.01024253,-0.00511025,-0.00702288,0.00064572,0.00616408,,-0.00265760
2021-08-18,0.00000000,-0.00692033,-0.00536315,-0.01354848,-0.00380309,-0.00375319,,-0.00557015
2021-08-19,0.00000000,-0.00527078,-0.00412154,0.00186434,-0.01223094,0.00872816,,0.00253705
2021-08-20,0.00000000,0.00017804,0.00002018,0.01008452,-0.00326481,-0.00377159,,-0.00601589
2021-08-23,0.00000000,0.00906295,0.00575495,0.01043185,0.01828388,-0.00879362,,-0.00276201
2021-08-24,0.00000000,0.00669077,0.00428963,0.00188799,0.01192279,-0.00872951,,0.00010309
2021-08-25,0.00000000,0.00171697,0.00361816,0.00250736,-0.00422568,-0.00296913,,0.00183875
2021-08-26,0.00000000,-0.00525219,-0.00298256,-0.00726291,0.00700594,0.00297995,,-0.00348828
2021-08-27,0.00000000,0.01441052,0.00665982,0.01036510,-0.00957765,-0.00596722,,0.00412774
2021-08-30,0.00000000,0.00262451,0.00333854,0.00477596,0.00251379,0.00023465,,0.00081756
2021-08-31,0.00000000,-0.00120533,-0.00086966,-0.00166191,0.00118954,0.00387970,,0.00026761
2021-09-01,0.00000000,0.00677426,0.00385712,0.00059510,-0.00425197,-0.00066014,,0.00207750
2021-09-02,0.00000000,0.00477691,0.00485856,0.00358989,-0.00088082,-0.00339349,,0.00015703
2021-09-03,0.00000000,0.00215901,-0.00125006,-0.00030301,-0.00584484,0.00237168,,-0.00074725
2021-09-07,0.00000000,-0.00594155,-0.00094095,-0.00444869,0.00159963,-0.00601594,,-0.00179937
2021-09-08,0.00000000,-0.00261594,-0.00159513,-0.00147609,0.00307425,0.01091975,,0.00011812
2021-09-09,0.00000000,0.00001562,-0.00868250,-0.00515423,0.00926501,-0.00352255,,-0.00181264
2021-09-10,0.00000000,-0.00530876,-0.00125191,-0.00920038,-0.00539490,-0.00116985,,0.00265551
2021-09-13,0.00767780,0.00706615,0.00454336,0.00277269,0.00297688,-0.00240359,,-0.00262444
2021-09-14,0.00000000,-0.00350594,-0.00587096,-0.00588375,-0.00056066,0.00407767,,0.00129606
2021-09-15,0.00000000,0.00721213,0.00746985,0.01001788,0.00131811,-0.00350295,,-0.00341300
2021-09-16,0.00000000,-0.00412910,0.00349907,-0.00187733,0.00108310,-0.00204805,,0.00077630
2021-09-17,0.00000000,-0.01078606,-0.00614280,-0.01575545,-0.00572378,-0.00269968,,-0.00564411
2021-09-20,0.00000000,-0.01394757,-0.01351050,-0.01856669,-0.00911544,0.00556989,,-0.00921270
2021-09-21,-0.00283384,0.00432287,0.00220412,-0.00086339,0.00730508,-0.00318709,,-0.00307892
2021-09-22,0.02926458,0.00663069,0.00706869,0.00896894,0.00379695,-0.00640856,,-0.00451372
2021-09-23,0.00000000,0.00619361,0.01134488,0.01088340,0.00949714,-0.00582393,,-0.00491098
2021-09-24,0.00000000,-0.00674404,-0.00261430,0.00131146,-0.00430404,0.00334435,,-0.00237586
2021-09-27,0.00000000,0.00189612,0.00221923,-0.00230464,-0.00568428,-0.00942855,,-0.00077900
2021-09-28,0.00000000,-0.01682068,-0.00708906,-0.01648751,0.00629215,0.00376292,,-0.00836481
2021-09-29,0.00000000,-0.00071583,0.00348780,0.00115372,0.00180630,0.00479935,,-0.00100728
2021-09-30,-0.03666705,-0.00317732,-0.00661183,-0.00859559,0.00102882,-0.00111330,,0.00012351
2021-10-01,0.03565270,0.01030713,0.00703146,0.00793017,0.00282791,-0.00635167,,-0.00287611
2021-10-04,-0.03154924,-0.00417268,-0.00030582,-0.00805907,-0.00601500,0.00564707,,0.00218972
2021-10-05,0.02128526,0.00207827,0.00492319,0.00635351,0.00215622,0.00213076,,-0.00282606
2021-10-06,0.00778905,-0.00304494,-0.00313761,0.00240137,0.00039342,0.00281653,,0.00080481
2021-10-07,0.00000000,0.00587807,0.00871767,0.00495936,-0.00285296,-0.00411272,,0.00288120
2021-10-08,0.00000000,-0.00207257,0.00038802,-0.00101596,-0.00179379,-0.00032628,,0.00143288
2021-10-11,-0.01341024,-0.00166892,0.00179591,-0.00403637,-0.00178147,-0.00326654,,-0.00085727
2021-10-12,-0.00438733,0.00295395,0.00005934,-0.00138281,0.00119056,-0.00099665,,0.00144234
2021-10-13,0.00638458,0.00513060,-0.00375782,0.00209139,-0.00173654,-0.00013092,,0.00163245
2021-10-14,0.02960577,0.01057095,0.00852355,0.00999610,-0.00506594,0.00163601,,0.00479404
2021-10-15,0.01148061,0.00357920,0.00786553,0.00422128,0.00134061,-0.00032846,,0.00004707
2021-10-18,0.00000000,-0.00270695,-0.00016888,0.00161387,0.00177265,-0.00343047,,0.00179782
2021-10-19,0.00000000,0.00227151,0.00474859,0.00444606,-0.00186033,0.00045767,,0.00081612
2021-10-20,0.00000000,0.00572992,0.00677734,0.00242476,-0.00711851,0.00286911,,0.00072527
2021-10-21,0.00000000,-0.00704309,-0.00417320,0.00162167,0.00351446,0.00255736,,0.00288301
2021-10-22,0.00000000,0.00268257,-0.00014579,-0.00065806,0.00127854,0.00334576,,-0.00176182
2021-10-25,0.00000000,0.00490481,0.00357418,0.00351417,-0.00336186,-0.00370802,,0.00256634
2021-10-26,0.00000000,0.00205066,0.00327556,0.00058742,0.00248050,0.00423783,,-0.00166734
2021-10-27,0.00000000,-0.00391613,-0.01130823,-0.00291455,0.00292302,0.00231249,,-0.00204213
2021-10-28,0.00000000,0.00353638,0.00919010,0.00752970,0.00507280,-0.00734443,,0.00275542
2021-10-29,0.00000000,-0.00895101,-0.00473518,0.00153781,0.00018399,0.00176858,,0.00046615
2021-11-01,0.00000000,0.00388869,0.00652372,0.00144604,0.00564655,-0.00897656,,0.00111964
2021-11-02,0.00000000,-0.00033489,-0.00027444,0.00358275,-0.00878394,0.00128675,,0.00230568
2021-11-03,0.00000000,0.00137980,-0.00000746,0.00642684,0.00194530,0.00515117,,0.00319358
2021-11-04,0.00000000,-0.00100558,-0.00730618,0.00511958,0.00239554,0.00407718,,-0.00129191
2021-11-05,0.00000000,0.00701522,0.00053732,0.00375575,0.00595260,-0.00083923,,-0.00299150
2021-11-08,0.00000000,0.00155331,0.00103212,0.00094173,0.00020737,-0.00669326,,-0.00020682
2021-11-09,0.00000000,0.00154632,-0.00260171,-0.00374314,-0.00166327,0.00407563,,-0.00144461
2021-11-10,0.00000000,-0.00961820,-0.00348731,-0.00975240,0.00060753,0.00944583,,0.00143430
2021-11-11,0.00000000,0.00253811,0.00197351,0.00032867,-0.00471143,-0.00310078,,-0.00169624
2021-11-12,0.00000000,0.00302005,0.00246519,0.00839216,0.00302867,-0.00306029,,-0.00307597
2021-11-15,0.00000000,0.00028266,0.00571499,0.00040867,-0.00649773,0.00319566,,0.00115730
2021-11-16,0.00000000,-0.00176793,0.00246606,0.00549449,0.00147952,-0.00101732,,-0.00022694
2021-11-17,0.00000000,-0.00279598,-0.00711393,-0.00341286,-0.00159644,0.00598346,,-0.00170856
2021-11-18,0.00000000,-0.00053871,0.00087061,0.00483266,0.00620054,0.00307513,,-0.00067066
2021-11-19,0.00000000,-0.00688659,-0.00798225,-0.00254659,-0.01607342,0.00199915,,-0.00128437
2021-11-22,0.00000000,-0.00458695,0.00792970,-0.00398811,0.00225435,0.00360776,,-0.00155872
2021-11-23,0.00000000,0.00559418,0.01247988,0.00187148,0.00635978,0.00168622,,-0.00223413
2021-11-24,0.00000000,0.00091909,-0.00010983,0.00387050,-0.00350632,-0.00538884,,-0.00143750
2021-11-26,0.00000000,-0.03611954,-0.03998808,-0.03225239,0.01880809,0.00711909,,0.02452368
2021-11-29,0.00000000,0.00464108,0.00508930,0.00934001,0.00428401,0.00368376,,-0.00924220
2021-11-30,-0.02863043,-0.01571870,-0.01649315,-0.01426966,-0.01315510,-0.00308187,,0.00900972
2021-12-01,0.00000000,-0.00776141,-0.00638529,-0.00659767,-0.01056296,0.00681548,,0.00459586
2021-12-02,0.00000000,0.01602923,0.01259960,0.00866919,0.01144984,0.00217255,,-0.00326902
2021-12-03,0.00000000,-0.00278835,-0.00398395,-0.00449520,-0.00367497,0.01156612,,0.00509477
2021-12-06,0.00000000,0.00923558,0.01034233,0.00607383,0.01358469,-0.00497516,,-0.00460964
2021-12-07,0.00000000,0.01252030,0.00906105,0.01023726,0.00511725,-0.00860307,,-0.00606996
2021-12-08,0.00000000,0.00157893,0.00258768,0.00114334,-0.00726990,-0.00316224,,0.00315641
2021-12-09,0.00000000,-0.00724581,-0.00326306,-0.00295073,0.01189521,0.00743591,,-0.00150640
2021-12-10,0.00000000,0.00321956,0.00259252,0.00411471,-0.00362632,0.00843129,,0.00353676
2021-12-13,0.00000000,-0.00325898,-0.00416099,-0.00385192,0.00804463,0.00501306,,-0.00215546
2021-12-14,0.00000000,-0.00487347,-0.00159842,-0.00300392,0.00320474,0.00336901,,-0.00095087
2021-12-15,0.00000000,0.00775454,0.00656820,0.00712266,0.00493664,-0.00010039,,0.00400367
2021-12-16,0.00000000,-0.00146322,-0.00636174,-0.00379727,0.00953344,0.01010782,,-0.00238461
2021-12-17,0.00000000,-0.00417815,-0.00237730,-0.00602971,0.00558904,-0.01066769,,-0.00178423
2021-12-20,0.00000000,-0.00668294,-0.00435917,-0.00443369,-0.00702946,0.00439503,,0.00187270
2021-12-21,0.00000000,0.01153955,0.00888059,0.00727818,0.01717165,-0.00916007,,-0.00267685
2021-12-22,0.01305475,0.00659381,0.00274298,0.00382936,-0.00939641,0.00310514,,0.00308348
2021-12-23,0.00000000,0.00249425,0.00300122,0.00245214,-0.00296455,-0.00080389,,0.00071677
2021-12-27,0.00000000,0.00866485,0.00769008,0.00554693,-0.01139847,-0.00237371,,0.00131461
2021-12-28,0.00000000,-0.00056896,0.00070728,-0.00031757,-0.00026928,0.00458283,,0.00145072
2021-12-29,0.00000000,0.00167508,0.00469690,0.00053586,-0.00392402,0.00570676,,0.00142239
2021-12-30,0.00000000,0.00011132,-0.00447087,-0.00121579,0.00246943,-0.00662135,,0.00003742
2021-12-31,0.00000000,-0.00220536,-0.00379728,-0.00121302,0.00050778,0.00204160,,0.00045170
2022-01-03,0.00000000,0.00144272,0.00829418,0.00285909,0.00330819,-0.00903137,,0.00208671
2022-01-04,0.00000000,0.00349879,0.00331583,-0.00017547,-0.00006774,0.00480117,,0.00003937
2022-01-05,0.00000000,-0.01382640,-0.00657812,-0.01013731,0.00220507,0.01050552,,-0.00441441
2022-01-06,0.00000000,-0.00119213,0.00440336,-0.00045777,0.00039257,-0.00661251,,0.00033882
2022-01-07,-0.00665325,-0.00220356,-0.00365016,-0.00208957,-0.00125789,0.00202390,,-0.00164263
2022-01-10,-0.00208609,-0.00315731,-0.00453421,-0.00065317,0.00223235,0.00265197,,-0.00106364
2022-01-11,0.01874258,0.00796962,0.00125175,0.00490755,0.00174304,-0.00670136,,-0.00195422
2022-01-12,0.00544032,0.00118435,-0.00207073,0.00145650,-0.00097072,0.00496320,,-0.00058156
2022-01-13,-0.02754384,-0.00530326,-0.00445069,-0.00757704,0.00444770,0.00290352,,-0.00362259
2022-01-14,0.00000000,0.00087125,0.00504762,0.00021026,-0.00312342,-0.00404675,,0.00091086
2022-01-18,0.00000000,-0.00741837,-0.00170051,-0.00993542,-0.00509855,0.00613152,,-0.00429445
2022-01-19,0.00000000,-0.00142477,-0.00773954,-0.00538055,-0.01136178,0.00804908,,0.00130208
2022-01-20,-0.01928393,-0.00600123,-0.00716733,-0.00582324,-0.00584346,-0.00036043,,0.00235023
2022-01-21,0.00000000,-0.00517161,-0.00494339,-0.01025673,-0.00683520,0.00981750,,0.00509884
2022-01-24,0.00000000,-0.00011694,0.00349476,0.00220694,-0.00016086,-0.00049721,,0.00116477
2022-01-25,0.00000000,-0.00095327,-0.00002012,-0.00655390,-0.00482856,-0.00183356,,0.00044530
2022-01-26,0.00000000,-0.00398551,0.00474668,-0.00135440,-0.00225697,0.00004210,,0.00085733
2022-01-27,0.00000000,-0.00245478,0.00239613,-0.00298199,-0.01474636,0.01167622,,0.00046262
2022-01-28,0.00000000,0.00996986,0.00717026,0.01501010,0.00518948,-0.00041947,,-0.00345419
2022-01-31,0.00000000,0.00606328,-0.00176874,0.00820582,0.00903913,-0.01346622,,-0.00356993
2022-02-01,0.00000000,0.00205488,0.00155298,0.00277980,0.00003772,-0.00696512,,0.00386334
2022-02-02,0.00000000,0.00379664,0.00198047,0.00395356,0.00026307,0.01851877,,0.00103656
2022-02-03,0.00000000,-0.00927469,-0.00231909,-0.00942337,0.00580649,0.00812354,,-0.00632598
2022-02-04,0.00000000,-0.00125941,0.00196953,0.00171990,-0.00668198,-0.01281765,,0.00177217
2022-02-07,-0.00521813,-0.00065473,-0.00185882,-0.00122389,-0.00210970,0.00013111,,0.00135971
2022-02-08,0.01332437,-0.00183081,-0.00057288,0.00316814,-0.00341074,0.00071324,,0.00233653
2022-02-09,0.02276447,0.01312628,0.00499934,0.00553211,0.00092529,-0.00909893,,0.00193405
2022-02-10,0.00000000,-0.00965247,-0.00042501,-0.00656050,-0.00451582,-0.00629344,,-0.00468275
2022-02-11,0.00000000,0.00000754,-0.00266186,-0.00697413,0.00081027,0.00607524,,-0.00657236
2022-02-14,0.00000000,-0.00220992,0.00046750,-0.00111335,-0.00777569,0.00326261,,-0.00004781
2022-02-15,0.00000000,-0.00033634,-0.00227894,0.00557152,0.00780590,-0.01256227,,-0.00381001
2022-02-16,0.00000000,0.00426838,-0.00097499,0.00036653,-0.00527397,0.00358007,,-0.00184208
2022-02-17,0.00000000,-0.00181097,-0.00146752,-0.00728589,-0.00790772,0.01009439,,0.00542726
2022-02-18,0.00000000,-0.00146622,-0.00121169,-0.00210399,-0.00320690,0.00465220,,0.00120594
2022-02-22,0.00000000,0.00084644,0.00265705,-0.00351467,-0.00583781,0.00356839,,-0.00023979
2022-02-23,0.00000000,-0.00160463,0.00094579,-0.00601181,-0.00891141,0.00275816,,0.00255609
2022-02-24,0.00000000,0.00444593,0.00933560,0.00563519,0.00354472,-0.01378792,,-0.00162513
2022-02-25,0.00000000,0.00347538,-0.00188108,0.00823862,0.02245057,0.00241673,,-0.00221984
2022-02-28,0.00000000,0.00509221,0.00264405,-0.00093764,-0.00708063,-0.00763737,,-0.00288298
2022-03-01,0.00000000,0.01339562,0.01552723,-0.00563521,-0.01422594,0.00418851,,0.00612642
2022-03-02,0.00000000,0.00777160,0.01888487,0.00725592,0.00952400,0.00669642,,-0.00350646
2022-03-03,0.00000000,0.00123750,0.00773556,-0.00194804,-0.00199843,0.01165900,,-0.00033554
2022-03-04,0.00000000,0.01177523,0.01470542,-0.00324011,-0.02094820,0.01323636,,0.00233844
2022-03-07,0.00000000,0.00155721,0.01443271,-0.01234845,-0.01883667,0.00128557,,0.00525652
2022-03-08,0.00000000,0.00649583,0.00867553,-0.00299135,-0.00732219,-0.00851759,,-0.00057971
2022-03-09,0.00000000,-0.02063479,-0.02706505,0.01062875,0.02898263,-0.00788921,,-0.00239750
2022-03-10,0.00000000,0.00140032,0.00583030,-0.00160520,-0.00666204,0.00832033,,-0.00257443
2022-03-11,0.00000000,-0.00163018,0.00197471,-0.00456344,-0.00278118,0.00854505,,-0.00117969
2022-03-14,0.00000000,-0.01810372,-0.00885495,-0.00268352,-0.00591926,0.01287142,,-0.00189656
2022-03-15,0.00000000,-0.00612063,-0.00972091,0.00837460,-0.00556484,-0.00334095,,0.00197258
2022-03-16,0.00000000,0.00418767,-0.00633544,0.00805982,-0.00400669,-0.01599855,,0.00617970
2022-03-17,0.00000000,0.01821651,0.01337235,0.00428847,0.00897288,-0.00224126,,0.00090756
2022-03-18,0.00000000,0.00323078,-0.00020263,0.00270918,-0.00387646,-0.00763327,,0.00274224
2022-03-21,0.00000000,0.00618758,0.01471511,-0.00010259,0.00258801,0.00516363,,0.00061439
2022-03-22,0.00000000,0.00111993,0.00205401,0.00429966,-0.00738404,-0.00690304,,0.00108782
2022-03-23,0.00000000,0.00377644,0.00341184,-0.00470164,0.00329073,0.00024122,,0.00010070
2022-03-24,0.00000000,0.00312155,0.00327486,0.00550491,-0.00399775,-0.00153376,,0.00134707
2022-03-25,0.00000000,0.00577366,0.01035445,0.00181319,-0.00727883,0.00701423,,0.00168936
2022-03-28,0.00000000,-0.00911518,-0.00528280,0.00268033,0.01088655,-0.00357657,,0.00088678
2022-03-29,0.00000000,0.00715365,0.00323921,0.00484618,-0.00369139,-0.00690518,,0.00273508
2022-03-30,0.00000000,0.00128681,0.00002076,-0.00238652,0.00527471,0.00570935,,-0.00063766
2022-03-31,0.00000000,-0.00783710,-0.00595953,-0.00613729,0.00445066,0.00176131,,-0.00290425
2022-04-01,0.00000000,0.00760674,0.00894059,0.00111352,-0.00564109,0.00125604,,0.00200837
2022-04-04,0.00000000,0.00462687,0.00250293,0.00346301,0.00116423,-0.00968120,,0.00318172
2022-04-05,0.00000000,-0.00742413,0.00006101,-0.00513648,0.00484237,0.00657456,,-0.00496410
2022-04-06,0.00000000,-0.00274837,0.00099208,-0.00454306,-0.00230599,0.00882719,,0.00127616
2022-04-07,0.00000000,0.00101200,0.00245568,0.00225456,-0.00107960,0.00580132,,-0.00168076
2022-04-08,0.00000000,0.00512427,0.00812593,-0.00133238,-0.00560282,0.00795274,,-0.00005768
2022-04-11,0.00000000,-0.00513332,0.00047719,-0.00850096,-0.00474481,-0.00003801,,-0.00329038
2022-04-12,0.00000000,0.00617419,0.00667648,-0.00179405,-0.00096436,0.00125863,,0.00047905
2022-04-13,0.00000000,0.00566441,0.00318020,0.00559136,0.00033610,-0.00250262,,-0.00389187
2022-04-14,0.00000000,-0.00116590,0.00329374,-0.00655572,-0.00414969,0.00595891,,-0.00145465
2022-04-18,0.00000000,0.00384190,0.00729242,0.00022235,-0.00520178,0.00299475,,0.00080380
2022-04-19,0.00000000,-0.00236466,-0.00114321,0.00937791,0.00403253,-0.00707860,,0.00288373
2022-04-20,0.00000000,0.00497381,-0.00285646,-0.00042151,0.00202592,0.00833427,,0.00137311
2022-04-21,0.00000000,-0.00915224,-0.00205337,-0.00840164,0.00114919,0.00393981,,-0.00429398
2022-04-22,0.00000000,-0.01699960,-0.00417559,-0.01519549,-0.00297555,-0.00225789,,-0.00731685
2022-04-25,0.00000000,-0.00715793,-0.00495466,0.00274749,-0.01082062,-0.00543306,,-0.00137200
2022-04-26,0.00000000,-0.00507485,0.00151190,-0.01438908,-0.00715208,0.00379424,,0.00588693
2022-04-27,0.00000000,0.00108986,0.00359918,0.00127726,0.00491131,0.00141756,,0.00113796
2022-04-28,0.00000000,0.01201709,0.00897020,0.01198502,0.00842637,-0.00245340,,-0.00288415
2022-04-29,0.00000000,-0.01673240,-0.00997180,-0.01564973,0.00289212,0.00112289,,0.00426280
2022-05-02,0.00000000,-0.00748698,0.00054139,0.00215043,-0.00494296,-0.00940060,,-0.00074851
2022-05-03,0.00000000,0.00292578,0.00001947,0.00168231,0.00286352,0.00380997,,-0.00346364
2022-05-04,0.00000000,0.01089098,0.00001755,0.01115017,-0.00153985,-0.00032268,,0.00515346
2022-05-05,0.00000000,-0.01089365,0.00615603,-0.01152043,0.00684340,0.00575926,,-0.00988952
2022-05-06,0.00000000,-0.00203275,0.00205385,-0.00175960,-0.00587400,0.00631342,,-0.00073828
2022-05-09,0.00000000,-0.02596909,-0.01256438,-0.00953762,-0.00861785,0.00716086,,-0.00421579
2022-05-10,0.00000000,-0.00076950,-0.00225020,0.00065011,-0.00257905,-0.00191174,,-0.00178474
2022-05-11,0.00000000,0.00914128,0.00198013,-0.00452330,-0.00108950,0.01646421,,-0.00049122
2022-05-12,0.00000000,0.00308022,0.00525225,-0.00029697,-0.00273221,-0.00878348,,-0.00096522
2022-05-13,0.00000000,0.01007958,-0.00013663,0.00687084,0.01478978,-0.01415135,,0.00352929
2022-05-16,0.00000000,0.00483471,0.00074053,-0.00111304,0.00131057,0.00713084,,0.00226050
2022-05-17,0.00000000,0.00018006,-0.00300614,0.00573237,-0.00416397,-0.00592296,,0.00138518
2022-05-18,0.00000000,-0.01390471,-0.00617960,-0.01077193,0.01249845,0.00223737,,-0.00830076
2022-05-19,0.00000000,-0.00278897,-0.00885052,-0.00153224,0.00154127,-0.00205092,,0.00346947
2022-05-20,0.00000000,0.00098346,0.00023993,0.00011008,0.00018992,0.00271895,,-0.00025029
2022-05-23,0.00000000,0.00157511,-0.00004633,0.00477467,-0.00298720,0.00422843,,0.00083198
2022-05-24,0.00000000,-0.00345167,-0.00439698,-0.00197196,0.00007464,0.01440150,,0.00020048
2022-05-25,0.00000000,0.00430328,0.00231616,0.00228970,0.00203999,-0.00565215,,-0.00121605
2022-05-26,0.00000000,0.00521339,0.00118739,0.00535599,-0.00318810,-0.00941644,,0.00054021
2022-05-27,0.00000000,0.00857119,0.00377260,0.00645085,-0.00788466,-0.00535823,,0.00212739
2022-05-31,0.00000000,-0.00600286,0.00094667,-0.00146337,0.00045062,-0.00155278,,0.00094362
2022-06-01,0.00000000,0.00399752,0.00334191,-0.00228729,0.00246030,0.00447240,,0.00038541
2022-06-02,0.00000000,0.00059613,-0.00376521,0.00551131,-0.00321076,-0.00638185,,0.00119092
2022-06-03,0.00000000,0.00103109,0.00370273,-0.00462523,0.00314409,0.00126374,,-0.00053970
2022-06-06,0.00000000,0.00359950,0.00254470,0.00091544,-0.00132363,-0.00230830,,0.00067103
2022-06-07,0.00000000,0.00357796,0.00237444,0.00314913,-0.00146383,-0.00295676,,0.00160256
2022-06-08,0.00000000,0.00345441,0.00470231,-0.00356789,-0.00335163,-0.00586100,,-0.00000000
2022-06-09,0.00000000,0.00160736,0.00541989,-0.00847440,-0.00036682,-0.00110525,,-0.00280983
2022-06-10,0.00000000,-0.00121111,0.00098363,-0.00980196,-0.00966556,0.00780851,,-0.00347246
2022-06-13,0.00000000,-0.00367725,0.00684718,-0.01222547,-0.01558058,0.00337103,,0.00790141
2022-06-14,0.00000000,-0.00310297,0.00131349,-0.00086997,-0.00191669,-0.00162097,,-0.00169869
2022-06-15,0.00000000,-0.00530002,-0.01092992,0.00429506,0.00708553,-0.00532893,,-0.00335218
2022-06-16,0.00000000,-0.00509724,0.00114178,-0.00972514,-0.02123669,0.00823276,,0.00356625
2022-06-17,0.00000000,-0.01001424,-0.00329766,-0.00061676,-0.00062129,-0.00705314,,-0.00161703
2022-06-21,0.00000000,-0.00108772,0.00080023,0.00790698,0.01048268,0.00100414,,-0.00109935
2022-06-22,0.00000000,-0.00881209,-0.00479276,-0.00053830,-0.00677859,-0.00175315,,0.00210473
2022-06-23,0.00000000,-0.01131593,-0.00609725,0.00289854,-0.00768537,-0.01035686,,-0.00000000
2022-06-24,0.00000000,0.00304408,-0.00358012,0.00959048,0.00533476,-0.00156109,,0.00113787
2022-06-27,0.00000000,0.00078513,0.00031353,-0.00105956,0.00381058,0.00460544,,0.00172115
2022-06-28,0.00000000,0.00586458,0.00574715,-0.00567625,0.00517814,0.00469252,,-0.00161213
2022-06-29,0.00000000,-0.00312927,-0.00186016,-0.00022871,-0.00365381,0.00205207,,-0.00015415
2022-06-30,0.00000000,-0.01119924,-0.00520539,-0.00240560,-0.00267365,-0.00094160,,-0.00052479
2022-07-01,0.00000000,0.00005638,0.00438345,0.00313659,-0.00008058,0.00122243,,0.00145105
2022-07-05,0.00000000,-0.01726869,-0.00311944,0.00055164,-0.01399671,-0.01626204,,0.00003216
2022-07-06,0.00000000,-0.00138949,-0.00422288,0.00102300,0.00053944,0.00445806,,-0.00099212
2022-07-07,0.00000000,0.01436284,0.00065039,0.00459134,0.01082733,-0.00617612,,0.00056606
2022-07-08,0.00000000,0.00639413,0.00346455,-0.00024662,0.00417566,0.00083595,,0.00119352
2022-07-11,0.00000000,0.00178582,0.01107238,-0.00348540,-0.00131276,0.01063838,,-0.00163549
2022-07-12,0.00000000,-0.01597376,-0.01065350,-0.00269387,-0.00675781,-0.00392290,,-0.00056249
2022-07-13,0.00000000,0.00123915,-0.00134516,-0.00166439,0.00287963,0.00031003,,0.00089507
2022-07-14,0.00000000,-0.00178097,0.01229430,-0.00082667,-0.00160987,-0.00048009,,-0.00010106
2022-07-15,0.00000000,0.00261387,-0.00385299,0.00748227,0.00393057,-0.00023927,,0.00296154
2022-07-18,0.00000000,0.00795285,0.00115407,-0.00314415,0.01097715,-0.00234661,,-0.00170106
2022-07-19,0.00000000,0.00066962,-0.00333359,0.01037468,-0.00181166,-0.00465175,,0.00082636
2022-07-20,0.00000000,0.00202224,0.00359928,0.00258606,-0.00167248,-0.01052170,,0.00130989
2022-07-21,0.00000000,-0.00889207,-0.00970660,0.00432313,0.00317206,0.00062132,,0.00159354
2022-07-22,0.00000000,-0.00608828,-0.00619825,-0.00418070,0.00195079,0.00874176,,0.00031159
2022-07-25,0.00000000,0.00795182,0.00559433,0.00055848,-0.00072368,0.00042091,,0.00081230
2022-07-26,0.00000000,0.00319793,0.00362010,-0.00550026,0.00544169,0.00905262,,-0.00148227
2022-07-27,0.00000000,0.00521231,-0.00472987,0.01410235,0.00500143,-0.00803747,,0.00198739
2022-07-28,0.00000000,0.00087193,-0.01075861,0.00622767,-0.00688549,-0.00093197,,0.00340754
2022-07-29,0.00000000,0.00230684,-0.00284794,0.00770797,-0.00538542,0.00123945,,0.00062304
2022-08-01,0.00000000,-0.00897079,-0.01233923,-0.00152332,0.00780799,-0.00103844,,-0.00232330
2022-08-02,0.00000000,0.00054079,0.00783821,-0.00356172,0.00393280,-0.00766652,,-0.00067775
2022-08-03,0.00000000,-0.00300344,-0.00073496,0.00867517,0.00277695,-0.00629448,,0.00392859
2022-08-04,0.00000000,-0.00553409,-0.00924646,-0.00036299,-0.00156331,0.00015879,,-0.00026933
2022-08-05,0.00000000,0.00384653,0.01000943,-0.00092696,0.00740310,-0.00249841,,0.00206416
2022-08-08,0.00000000,0.00427309,-0.00234791,-0.00064990,0.00336463,-0.00153276,,-0.00046092
2022-08-09,0.00000000,0.00196811,0.00581503,-0.00223222,-0.00041288,0.00889978,,-0.00057320
2022-08-10,0.00000000,0.00104476,-0.01244361,0.01212424,0.00269895,-0.00709982,,0.00467777
2022-08-11,0.00000000,0.00655424,0.00843858,-0.00000242,-0.00193299,0.00001142,,-0.00066837
2022-08-12,0.00000000,0.00191673,-0.00288231,0.00955886,-0.00212233,-0.00264708,,0.00103107
2022-08-15,0.00000000,-0.00499476,0.00059859,0.00227816,0.00560191,-0.00070952,,0.00129221
2022-08-16,0.00000000,-0.00628117,-0.00318990,0.00116301,0.00224935,0.00442794,,-0.00073255
2022-08-17,0.00000000,0.00285704,0.00806828,-0.00438432,0.00022974,0.00445722,,0.00044758
2022-08-18,0.00000000,0.00732814,0.00578112,0.00191000,-0.00357504,0.00134021,,0.00157518
2022-08-19,0.00000000,0.00048372,0.00911360,-0.00893244,-0.00074335,0.00832456,,-0.00495375
2022-08-22,0.00000000,0.00518945,0.00633823,-0.01292987,-0.00286938,0.00560272,,0.00620047
2022-08-23,0.00000000,0.00937393,0.00425100,-0.00134861,-0.00283876,-0.00186337,,-0.00162893
2022-08-24,0.00000000,0.00403944,0.00438779,0.00177843,-0.00116746,-0.00533746,,-0.00310219
2022-08-25,0.00000000,-0.00466041,-0.01047008,0.00822708,0.00822255,-0.00414257,,-0.00319523
2022-08-26,0.00000000,0.00283305,0.00817921,-0.02124948,-0.01044646,0.00279471,,0.00947153
2022-08-29,0.00000000,0.00603146,0.00879333,-0.00313218,-0.00494035,0.00065715,,-0.00083004
2022-08-30,0.00000000,-0.01058304,-0.00477287,-0.00535208,0.00043295,-0.00213728,,0.00149623
2022-08-31,0.00000000,-0.00494066,-0.00197180,-0.00365237,-0.00309752,-0.00261077,,-0.00170769
2022-09-01,0.00000000,-0.00646328,0.00542228,0.00149916,-0.00138103,0.00346201,,-0.00065799
2022-09-02,0.00000000,0.00345172,0.00389847,-0.00528649,0.00072736,0.00396467,,0.00078527
2022-09-06,0.00000000,0.00089861,0.00787267,-0.00186520,0.00077832,0.00056271,,-0.00194349
2022-09-07,0.00000000,-0.01146152,-0.01017977,0.00901512,-0.00226825,-0.00346474,,-0.00484592
2022-09-08,0.00000000,0.00230165,0.00128470,0.00309267,0.00092727,0.00072759,,0.00129969
2022-09-09,0.00000000,0.01036033,-0.00596645,0.00758637,0.00566409,-0.00436332,,0.00101951
2022-09-12,0.00000000,0.00436989,-0.00471423,0.00536227,-0.01104291,-0.00253909,,0.00052017
2022-09-13,0.00000000,-0.00253701,0.00734403,-0.02123030,0.02133070,0.00423231,,-0.00923636
2022-09-14,0.00000000,0.00160545,-0.00588964,0.00146369,0.00027775,-0.00260095,,0.00020503
2022-09-15,0.00000000,-0.00814160,-0.00331296,-0.00439829,0.00478664,-0.00321956,,-0.00031003
2022-09-16,0.00000000,-0.00214764,-0.00402532,-0.00456147,0.00090145,0.00606792,,0.00000000
2022-09-19,0.00000000,0.00022493,-0.00037708,0.00299762,0.00585672,0.00244479,,-0.00330634
2022-09-20,0.00000000,0.00240302,0.01058355,-0.00439473,-0.00902175,0.00026641,,0.00344951
2022-09-21,0.00000000,-0.00103536,0.00166539,-0.00682184,-0.00536818,0.00301658,,0.00331903
2022-09-22,0.00000000,0.00264401,0.00305429,-0.00328944,-0.00208814,0.00890009,,-0.00060238
2022-09-23,0.00000000,-0.01371425,0.00077258,-0.00658931,-0.00740585,-0.00298290,,0.00631551
2022-09-26,0.00000000,-0.00919327,0.00253500,-0.00382812,-0.00696921,-0.00238960,,0.00348214
2022-09-27,0.00000000,0.00472981,0.00781202,-0.00103202,-0.00139484,-0.00264338,,0.00149338
2022-09-28,0.00000000,0.00759066,-0.00623751,0.00874312,0.01174928,0.00239454,,-0.00413156
2022-09-29,0.00000000,-0.00350262,-0.00127752,-0.00849547,-0.00464526,0.00903814,,0.00278285
2022-09-30,0.00000000,-0.00204200,-0.00152716,-0.00603409,0.00360762,-0.00068430,,0.00223398
2022-10-03,0.00000000,0.01700201,0.00381000,0.01016311,0.00159533,0.00403264,,-0.00453026
2022-10-04,0.00000000,0.00540152,-0.00854857,0.01066826,-0.00788760,-0.00921138,,0.00338557
2022-10-05,0.00000000,0.00869308,0.01285446,-0.00072330,0.00314818,0.00054752,,-0.00073555
2022-10-06,0.00000000,0.00486348,0.01066450,-0.00318482,-0.00282613,0.00019122,,-0.00279958
2022-10-07,0.00000000,0.00310733,0.01084654,-0.00883438,0.00493104,0.00556700,,-0.00393070
2022-10-10,0.00000000,-0.00024688,0.00249905,-0.00229465,0.00445548,0.00691513,,-0.00227509
2022-10-11,0.00000000,-0.00692215,-0.00210305,-0.00198854,0.00521779,0.00441456,,0.00138491
2022-10-12,0.00000000,-0.00234579,0.00369599,-0.00106136,-0.00186065,-0.00383391,,-0.00086971
2022-10-13,0.00000000,0.00408149,-0.00400496,0.00996753,0.00668552,0.00362302,,-0.00274229
2022-10-14,0.00000000,-0.00914822,0.00693307,-0.00773903,-0.00871788,0.00238691,,0.00196738
2022-10-17,0.00000000,-0.00023569,-0.01811189,0.00842557,0.00477334,-0.00891216,,-0.00242748
2022-10-18,0.00000000,-0.00066870,-0.00123171,0.00356524,-0.00313204,-0.00119826,,0.00176253
2022-10-19,0.00000000,0.00506442,0.01150307,-0.00213073,0.00537477,0.00632757,,-0.00068807
2022-10-20,0.00000000,0.00120678,0.00052253,-0.00254344,-0.00043530,-0.00015588,,0.00120036
2022-10-21,0.00000000,0.00287173,-0.00391522,0.00775585,-0.00062404,0.00163370,,0.00034931
2022-10-24,0.00000000,-0.00496743,0.00575094,0.00371466,0.00780189,0.00658871,,0.00155067
2022-10-25,0.00000000,-0.00348568,-0.02199313,0.00495523,0.00616485,-0.00938710,,0.00387364
2022-10-26,0.00000000,0.00042109,-0.00739518,-0.00231618,-0.00720088,-0.00012422,,0.00226609
2022-10-27,0.00000000,0.00329754,0.00506971,-0.00163382,0.00553777,0.00022426,,0.00192867
2022-10-28,0.00000000,-0.00374196,-0.00721533,0.00751880,-0.00768830,-0.00025135,,0.00233308
2022-10-31,0.00000000,0.00626923,0.00667066,-0.00226768,0.00711331,-0.00105889,,0.00149659
2022-11-01,0.00000000,0.00799590,-0.00224995,-0.00140109,-0.00117185,0.00040729,,0.00097003
2022-11-02,0.00000000,-0.00178111,0.00480129,-0.00836439,0.00710492,0.00639498,,-0.00265924
2022-11-03,0.00000000,0.00366988,0.00276285,-0.00345380,-0.00336218,-0.00408365,,0.00216694
2022-11-04,0.00000000,0.00852889,-0.01134589,0.00489620,0.00522776,0.00903042,,0.00120390
2022-11-07,0.00000000,-0.00311508,-0.00263472,0.00320218,0.00216083,0.00090283,,0.00093172
2022-11-08,0.00000000,-0.00567614,-0.00649088,0.00196888,-0.00478759,0.00363333,,0.00257729
2022-11-09,0.00000000,-0.01137147,-0.00322642,-0.00761550,0.00917470,0.01172575,,0.00302188
2022-11-10,0.00000000,-0.00556751,-0.02980471,0.01923220,-0.02135409,-0.02158563,,-0.00542652
2022-11-11,0.00000000,0.00600325,-0.00196427,0.00255360,-0.00369593,-0.01720950,,0.00102057
2022-11-14,0.00000000,-0.00397200,0.00377783,-0.00232095,0.00457117,0.00506093,,0.00007075
2022-11-15,0.00000000,0.00451524,-0.00372963,0.00243847,0.00036321,-0.01268641,,-0.00115808
2022-11-16,0.00000000,-0.00830355,-0.00210561,-0.00229997,-0.00251457,0.01328832,,0.00265955
2022-11-17,0.00000000,-0.00604113,-0.00058249,-0.00091694,-0.00307997,0.00108528,,0.00090809
2022-11-18,0.00000000,-0.00313801,-0.00276108,0.00136785,0.00199827,0.00587870,,0.00108043
2022-11-21,0.00000000,0.00270045,0.00230574,-0.00112004,0.00004451,0.00751922,,0.00276271
2022-11-22,0.00000000,0.00292264,-0.00289162,0.00457350,0.00294479,0.00517127,,0.00401018
2022-11-23,0.00000000,-0.01119114,-0.00887686,0.00213184,-0.00286559,-0.00506815,,0.00246772
2022-11-25,0.00000000,-0.00239762,-0.00249748,-0.00007812,-0.00316084,0.00103648,,-0.00046631
2022-11-28,0.00000000,-0.00199299,0.00179286,-0.00556404,0.00799090,0.00241267,,-0.00420100
2022-11-29,0.00000000,0.00968045,0.00285059,-0.00058253,0.00811524,-0.00050178,,0.00150643
2022-11-30,0.00000000,0.00846811,0.00089672,0.01118337,-0.00337604,-0.00999428,,0.00430764
2022-12-01,0.00000000,-0.00581252,-0.00870767,-0.00024260,-0.00541078,-0.00101025,,0.00185473
2022-12-02,0.00000000,-0.00235457,-0.00453711,-0.00037979,-0.00249995,-0.00440653,,0.00234826
2022-12-05,0.00000000,-0.01268502,-0.00074684,-0.00635768,0.00547912,0.00458222,,-0.00229320
2022-12-06,0.00000000,-0.00708450,-0.00385907,-0.00497185,-0.00576448,0.00610379,,-0.00320526
2022-12-07,0.00000000,-0.00634336,-0.00421549,-0.00057915,-0.00732011,0.00510315,,-0.00158803
2022-12-08,0.00000000,-0.00469318,-0.00350642,0.00290976,-0.00113642,-0.00801237,,-0.00256372
2022-12-09,0.00000000,0.00102870,0.00331639,-0.00276595,0.00046205,0.00202206,,0.00287639
2022-12-12,0.00000000,0.00239766,0.00334460,0.00556045,0.00671152,-0.00173448,,-0.00080050
2022-12-13,0.00000000,0.00400209,-0.00428137,0.00410375,-0.00527266,-0.00401093,,-0.00512897
2022-12-14,0.00000000,0.00055088,0.00007196,-0.00351178,-0.00077487,-0.00327023,,0.00444558
2022-12-15,0.00000000,-0.00791550,0.00318204,-0.01354942,0.01458915,0.00731782,,-0.00785538
2022-12-16,0.00000000,-0.00404771,0.00354625,-0.00804173,0.00262990,0.00024129,,-0.00067495
2022-12-19,0.00000000,0.00072336,0.00494655,-0.00400863,-0.00043334,0.00655802,,0.00306778
2022-12-20,0.00000000,0.00767586,0.00399122,0.00064520,0.00057633,0.00251511,,0.00101853
2022-12-21,0.00000000,0.00708356,0.00032103,0.00711367,0.00448141,-0.00154250,,0.00436844
2022-12-22,0.00000000,-0.00434971,-0.00106040,-0.00647654,-0.00210668,0.00539668,,-0.00628882
2022-12-23,0.00000000,0.00923111,0.00646072,0.00264987,-0.00244563,0.00565532,,0.00329956
2022-12-27,0.00000000,-0.00082929,0.00355245,-0.00184933,-0.00551693,0.00654056,,-0.00010287
2022-12-28,0.00000000,-0.00245182,0.00391200,-0.00588114,0.00262714,0.00017014,,0.00010329
2022-12-29,0.00000000,-0.00092503,-0.01051293,0.00876471,0.00518597,-0.01147486,,0.00159788
2022-12-30,0.00000000,0.00248100,0.00620874,-0.00123717,-0.00148219,-0.00163775,,-0.00067127
2023-01-03,0.00000000,-0.01534871,-0.01273569,-0.00236712,0.01006275,-0.00423910,,0.00042411
2023-01-04,0.00000000,-0.00689092,-0.01107715,0.00431839,-0.00547680,-0.00852606,,-0.00392903
2023-01-05,0.00000000,-0.00050463,0.00660029,-0.00638540,0.00445484,0.00200496,,-0.00117723
2023-01-06,0.00000000,0.00722345,-0.00970604,0.01310860,-0.00481813,0.00208326,,0.00303193
2023-01-09,0.00000000,0.00082359,-0.00133853,-0.00029903,0.00049656,-0.00868612,,0.00058501
2023-01-10,0.00000000,0.00024728,0.00119363,0.00360107,-0.00101753,-0.00713841,,-0.00545445
2023-01-11,0.00000000,0.00583213,-0.00749981,0.00665803,-0.00432948,-0.00505530,,-0.00085884
2023-01-12,0.00000000,0.00785492,-0.00423014,0.00190296,-0.00295622,-0.00509339,,0.00632177
2023-01-13,0.00000000,0.00741627,0.00617834,0.00213135,-0.00286407,-0.00294337,,0.00301897
2023-01-17,0.00000000,-0.00067390,-0.00040506,-0.00101915,-0.00508367,-0.00256252,,-0.00102861
2023-01-18,0.00000000,-0.00789635,-0.00511098,-0.00884513,0.01051338,0.00026889,,-0.00420699
2023-01-19,0.00000000,0.00914910,0.00819997,-0.00429248,-0.00005210,0.00699490,,-0.00060572
2023-01-20,0.00000000,0.00315065,-0.00134745,0.01161630,0.00173448,-0.00760398,,0.00421508
2023-01-23,0.00000000,0.00248889,-0.00009717,0.00700806,-0.00297334,-0.00819238,,-0.00135613
2023-01-24,0.00000000,-0.00036297,-0.00299363,-0.00061598,0.00669785,0.00275634,,-0.00430012
2023-01-25,0.00000000,0.00342692,0.00145515,0.00021786,-0.00281166,0.00244954,,0.00000789
2023-01-26,0.00000000,0.00178828,0.00055004,0.00687661,-0.00107328,-0.00314955,,0.00156059
2023-01-27,0.00000000,-0.00646905,-0.00631693,0.00142556,-0.00140837,-0.00947256,,0.00211726
2023-01-30,0.00000000,-0.00702803,-0.00028194,-0.00789022,0.00030200,0.00569845,,-0.00349829
2023-01-31,0.00000000,0.00795919,0.00119157,0.00911219,-0.00207439,-0.00382208,,-0.00283955
2023-02-01,0.00000000,-0.00396529,-0.00945577,0.00676326,-0.00099554,-0.01100603,,-0.00424694
2023-02-02,0.00000000,-0.00925293,-0.01094673,0.00919203,-0.01217005,-0.01492375,,-0.00311524
2023-02-03,0.00000000,-0.01522531,-0.00171436,-0.00657491,-0.00942050,0.00593262,,-0.00079191
2023-02-06,0.00000000,0.00047944,0.00593027,-0.00358908,0.00121147,0.00358678,,-0.00314910
2023-02-07,0.00000000,0.00788536,0.00559140,0.00786111,0.00696417,-0.00093760,,0.00371110
2023-02-08,0.00000000,-0.00032521,0.00035937,-0.00710025,0.00371807,0.00455482,,-0.00488294
2023-02-09,0.00000000,-0.00661621,-0.00361795,-0.00589111,0.00023102,0.00490381,,0.00322672
2023-02-10,0.00000000,0.00850929,0.01083356,0.00153506,-0.00741807,0.00900644,,0.00161630
2023-02-13,0.00000000,-0.00123079,-0.00239647,0.00796303,0.00514775,-0.00456485,,-0.00428316
2023-02-14,0.00000000,0.00043582,0.00338075,-0.00030527,-0.00373368,-0.00531261,,0.00438986
2023-02-15,0.00000000,-0.00464518,0.00066253,0.00213771,0.00121575,-0.01233112,,0.00232315
2023-02-16,0.00000000,-0.00264130,0.00198475,-0.00908828,-0.00153504,0.00788099,,-0.00616409
2023-02-17,0.00000000,-0.00842225,-0.00350300,-0.00164582,0.00524431,0.00150602,,-0.00060559
2023-02-21,0.00000000,-0.00192071,0.00628430,-0.01341197,-0.00439812,0.00859380,,-0.00875285
2023-02-22,0.00000000,-0.00445071,-0.00281133,-0.00086364,-0.00358597,-0.00241346,,-0.00357789
2023-02-23,0.00000000,0.00636933,-0.00044993,0.00342299,0.00451237,0.00189540,,-0.00368953
2023-02-24,0.00000000,0.00142096,0.00602458,-0.00682101,-0.00415732,0.00512797,,0.00413103
2023-02-27,0.00000000,-0.00192081,-0.00265698,0.00211356,-0.00063068,-0.00409886,,-0.00383719
2023-02-28,0.00000000,-0.00079694,-0.00237744,-0.00236201,-0.00146633,-0.00366953,,0.00226496
2023-03-01,0.00000000,0.00534264,0.00441015,-0.00253456,0.00866716,0.00108884,,-0.00070163
2023-03-02,0.00000000,0.00297836,0.00027602,0.00529109,0.00015948,-0.00050466,,0.00385380
2023-03-03,0.00000000,0.00689378,-0.00280018,0.01133252,0.00385411,-0.00609848,,0.00347464
2023-03-06,0.00000000,-0.00488681,0.00181990,0.00045772,0.00402064,0.00078529,,0.00110105
2023-03-07,0.00000000,-0.00441776,0.00330241,-0.01103299,0.01823656,-0.00095849,,-0.00223211
2023-03-08,0.00000000,-0.00053928,-0.00117801,0.00110519,-0.00046316,-0.00146500,,0.00218287
2023-03-09,0.00000000,-0.00686832,-0.00380119,-0.01260475,0.00500101,0.00652179,,-0.01159958
2023-03-10,0.00000000,-0.00914263,-0.01274722,-0.00944372,-0.00774227,0.00533326,,0.01018777
2023-03-13,0.00000000,-0.01070933,-0.01714714,-0.00090814,-0.00009296,-0.00672748,,0.00278260
2023-03-14,0.00000000,0.00451885,0.00057915,0.01064085,0.00938219,0.00068051,,-0.00499752
2023-03-15,0.00000000,-0.01143320,-0.00688037,-0.00364269,-0.01432925,-0.00031195,,0.00671506
2023-03-16,0.00000000,-0.00113271,0.00886548,0.01100905,0.01696617,-0.00306418,,-0.00756114
2023-03-17,0.00000000,-0.00796376,-0.00330895,-0.00881503,-0.02285701,0.00183204,,0.00882818
2023-03-20,0.00000000,-0.00018662,-0.00295179,0.00525490,0.00500448,0.00447039,,-0.00330051
2023-03-21,0.00000000,-0.00645234,0.00224200,0.00713309,0.00803698,-0.00659487,,0.00712280
2023-03-22,0.00000000,-0.00244487,0.00604090,-0.00891788,-0.01383626,0.00367951,,-0.00285738
2023-03-23,0.00000000,0.00492576,0.00376736,0.00142799,-0.00556788,-0.00211583,,-0.00232059
2023-03-24,0.00000000,0.00008273,-0.00829952,0.00346726,0.01058149,0.00587478,,-0.00327333
2023-03-27,0.00000000,-0.00506920,-0.00575417,0.00098365,-0.00557378,0.00296750,,0.00286019
2023-03-28,0.00000000,-0.00354126,-0.00404494,-0.00121660,-0.00458952,0.00161943,,0.00170931
2023-03-29,0.00000000,-0.00017949,-0.00318212,0.00798451,0.00996653,-0.00620400,,0.00246016
2023-03-30,0.00000000,0.00003110,-0.00792157,0.00306615,-0.00704372,-0.00034348,,0.00008159
2023-03-31,0.00000000,0.00063576,-0.00418211,0.00738861,-0.00409760,-0.00529596,,0.00024506
2023-04-03,0.00000000,-0.00067382,-0.00325493,0.00193925,-0.00551103,0.00230129,,0.00197476
2023-04-04,0.00000000,-0.00004021,-0.00107839,-0.00296747,-0.00058857,0.00341345,,-0.00134792
2023-04-05,0.00000000,0.00111398,-0.00064217,-0.00142882,0.00259219,0.01360172,,0.00049720
2023-04-06,0.00000000,-0.00191060,-0.00230199,0.00222490,0.00104716,-0.00126237,,0.00133459
2023-04-10,0.00000000,-0.00121962,0.00034904,0.00058671,0.00138716,-0.00212416,,0.00076935
2023-04-11,0.00000000,0.00243065,-0.00709976,0.00015848,-0.00055489,-0.00255560,,0.00060439
2023-04-12,0.00000000,0.00280147,0.00127321,-0.00277202,-0.00174831,0.00657541,,-0.00008808
2023-04-13,0.00000000,0.00583755,0.00135699,0.00891719,-0.00108972,-0.00431794,,0.00255925
2023-04-14,0.00000000,-0.00491737,0.00317222,-0.00165423,-0.00014254,0.00165710,,0.00118063
2023-04-17,0.00000000,-0.00068346,-0.00461734,0.00250074,0.00089231,-0.00205117,,0.00213106
2023-04-18,0.00000000,0.00258857,0.00225902,0.00048012,-0.00068008,-0.00020612,,0.00066496
2023-04-19,0.00000000,-0.00231900,0.00668070,-0.00016700,0.00374474,-0.00111888,,0.00009635
2023-04-20,0.00000000,0.00127787,0.00504359,-0.00488456,0.00082709,0.00395208,,-0.00164103
2023-04-21,0.00000000,0.00072314,0.00116456,0.00070757,-0.00633117,-0.00087380,,0.00142277
2023-04-24,0.00000000,0.00134558,-0.00194713,0.00113781,0.00435162,0.00425370,,0.00019301
2023-04-25,0.00000000,-0.00358547,0.00588005,-0.01811938,-0.01181834,0.00826246,,-0.00609938
2023-04-26,0.00000000,-0.00265145,0.00462222,-0.00384051,-0.00514052,-0.00340938,,-0.00198869
2023-04-27,0.05972401,0.00498391,-0.00735510,0.01779781,0.01105282,0.00027440,,-0.00321780
2023-04-28,0.00000000,0.00155315,-0.00263169,0.00630380,0.00450163,-0.00127855,,0.00308434
2023-05-01,0.00000000,-0.00476363,0.00854336,-0.00078994,0.00487660,0.00223229,,0.00087104
2023-05-02,0.00000000,0.00105507,0.00790316,-0.00889798,0.00215062,0.00134739,,-0.00333896
2023-05-03,0.00000000,0.00201945,0.00456886,-0.00546317,-0.00207348,-0.00385046,,-0.00204727
2023-05-04,0.00000000,0.00109225,-0.00133863,-0.00554319,-0.00159303,-0.00452998,,-0.00361900
2023-05-05,0.04537478,-0.00079447,-0.01689506,0.01447504,0.02033042,-0.00471669,,-0.00563876
2023-05-08,0.00000000,-0.00085309,0.00013271,0.00016157,-0.00124601,-0.00473322,,-0.00118351
2023-05-09,0.00000000,0.00045030,0.00355544,-0.00296400,-0.00143060,0.00037056,,0.00148523
2023-05-10,0.00000000,0.00250663,-0.00400774,0.00312985,0.00259985,-0.00426909,,-0.00208875
2023-05-11,0.00000000,-0.00596114,-0.00224479,-0.00117143,0.00355897,0.00181570,,0.00058479
2023-05-12,0.00000000,-0.00346184,0.00478519,-0.00088432,-0.00453909,0.00667598,,0.00009519
2023-05-15,0.00000000,0.00392343,0.00169410,0.00245745,0.00660419,-0.00783095,,0.00162384
2023-05-16,0.00000000,-0.00989932,0.00061997,-0.00482104,-0.00537961,0.00421800,,-0.00187261
2023-05-17,0.00000000,0.00419039,-0.00284845,0.00862846,0.00461803,-0.00771528,,0.00239585
2023-05-18,0.00000000,-0.00335008,0.00097203,0.00661420,-0.00909578,-0.00419704,,0.00293324
2023-05-19,0.00000000,0.00389798,0.00255924,-0.00097013,0.00113130,0.00437912,,-0.00199693
2023-05-22,0.00000000,0.00049407,-0.00095355,0.00027149,-0.00279562,-0.00986858,,-0.00020502
2023-05-23,0.00000000,-0.00856896,-0.00496601,-0.00761388,0.00343373,0.00376491,,-0.00113171
2023-05-24,0.00000000,-0.00940048,0.00295345,-0.00466553,-0.00220008,0.00124854,,-0.00315698
2023-05-25,0.00000000,-0.00013656,0.00863815,0.00589443,-0.00154428,-0.00022409,,-0.00191840
2023-05-26,0.02344417,0.00982104,-0.00185541,0.00868980,0.00682986,-0.00338686,,-0.00287872
2023-05-30,0.00000000,-0.00289112,0.00426878,0.00026187,0.00136692,-0.00328984,,-0.00196176
2023-05-31,0.00000000,-0.00382399,-0.00005064,-0.00413083,-0.00706651,0.00207343,,0.00056418
2023-06-01,0.00000000,0.01030934,0.00003223,0.00695388,0.01053117,-0.00224094,,0.00407835
2023-06-02,0.00000000,0.00308544,-0.00984028,0.01101342,0.00315839,-0.00248805,,0.00291305
2023-06-05,0.00000000,-0.00203373,0.00185549,-0.00138711,0.00167607,0.00257708,,0.00150855
2023-06-06,0.00000000,0.00710782,-0.00219157,0.00166263,-0.00513562,-0.00577547,,0.00462547
2023-06-07,0.00000000,-0.00867990,-0.00944680,-0.00305469,-0.00185048,0.00118801,,-0.00055237
2023-06-08,0.00000000,0.01230980,0.00693185,0.00523237,0.00290019,0.00071932,,0.00220543
2023-06-09,0.00000000,0.00291196,0.00693577,0.00159271,-0.00394664,0.00467684,,-0.00086169
2023-06-12,0.00000000,0.00132588,0.00637907,0.00812794,-0.00057068,-0.00495530,,-0.00029350
2023-06-13,0.00000000,0.00415915,-0.00210842,0.00588276,-0.00616175,-0.00896632,,0.00045966
2023-06-14,0.00000000,0.00597361,0.00253761,0.00108260,-0.00318025,-0.00010996,,-0.00276064
2023-06-15,0.00000000,0.01244850,-0.00286125,0.01130500,-0.00264519,-0.00255854,,-0.00285722
2023-06-16,0.00000000,-0.00021241,-0.00088832,-0.00642808,-0.00110296,0.00312266,,-0.00421810
2023-06-20,0.00000000,-0.01223677,-0.00822000,-0.00470355,0.00287532,0.00270980,,-0.00047375
2023-06-21,0.00000000,0.00024243,-0.00324089,-0.00459842,-0.00576374,0.00595549,,0.00224023
2023-06-22,0.00000000,-0.00966005,0.00800515,0.00316261,0.00182175,0.00095062,,0.00212136
2023-06-23,0.00000000,-0.01118567,0.00036026,-0.00662256,-0.00861178,0.00166516,,-0.00123281
2023-06-26,0.00000000,0.00174000,-0.00690576,-0.00368588,0.00802566,0.00334729,,0.00039492
2023-06-27,0.00000000,0.00337536,0.00626856,0.01018496,0.00469358,-0.00821063,,0.00260653
2023-06-28,0.00000000,-0.00212636,-0.00290924,0.00045005,-0.00211222,-0.00356866,,0.00391972
2023-06-29,0.00000000,-0.00089097,0.00260729,0.00378269,0.00160017,0.00015932,,-0.00238349
2023-06-30,0.00000000,0.01151726,0.00264577,0.01133050,0.00137428,-0.00210654,,-0.00199131
2023-07-03,0.00000000,0.00430096,0.00185738,0.00106720,-0.00380337,-0.00460763,,-0.00083533
2023-07-05,0.00000000,-0.00756948,-0.00911177,-0.00142354,0.00188822,0.00192916,,-0.00212637
2023-07-06,0.00000000,-0.01513302,-0.01200368,-0.00815180,0.00472486,0.00817548,,0.00539904
2023-07-07,0.00000000,0.00961070,0.00600902,-0.00246581,0.00004023,-0.00575753,,-0.00229892
2023-07-10,0.00000000,0.00370290,-0.00256916,0.00243511,-0.00035510,-0.00739414,,-0.00082129
2023-07-11,0.01049099,0.01043770,-0.00558376,0.00622171,-0.00385691,-0.00374505,,-0.00082785
2023-07-12,0.00000000,0.02062177,0.00382572,0.00790258,-0.00219189,-0.00525798,,-0.00575379
2023-07-13,0.00000000,0.01623869,0.00884720,0.00753675,-0.00481544,-0.00587363,,-0.00076942
2023-07-14,0.00000000,-0.00700492,-0.00296329,-0.00059381,0.00516447,0.00862572,,0.00121584
2023-07-17,0.00000000,0.00015380,0.00084107,0.00333792,0.00375464,-0.00463737,,0.00021197
2023-07-18,0.00000000,0.00587520,0.00994214,0.00712515,0.00183284,-0.00144737,,0.00161418
2023-07-19,0.00000000,0.00027694,-0.00646861,0.00223924,-0.00027333,-0.00186266,,-0.00224071
2023-07-20,0.00000000,-0.00841305,-0.00652774,-0.00707605,0.00519632,0.00934600,,0.00016909
2023-07-21,0.00000000,0.00126663,0.00145648,-0.00000333,-0.00086272,0.00256632,,0.00131283
2023-07-24,0.00000000,0.00139930,-0.00262078,0.00511478,-0.00942838,-0.00013422,,0.00175784
2023-07-25,0.00000000,0.00522961,0.00698341,0.00313451,0.00448055,0.00152306,,0.00013764
2023-07-26,0.00000000,0.00509765,-0.00062509,0.00018347,0.00347889,-0.00530546,,0.00280063
2023-07-27,0.00000000,-0.01672129,-0.00447990,-0.00914631,-0.00449466,0.00238494,,-0.00567421
2023-07-28,0.00000000,0.00982773,0.00551086,0.01318871,0.00160492,-0.01045760,,-0.00453428
2023-07-31,0.00000000,0.00368582,0.00266303,0.00241624,-0.00054526,-0.00488849,,0.00097804
2023-08-01,0.00000000,-0.00945364,-0.00382757,-0.00371297,0.00426209,0.00132884,,-0.00143732
2023-08-02,0.00000000,-0.01276149,-0.00855966,-0.01960268,-0.00007044,0.01125929,,-0.01043306
2023-08-03,0.00000000,-0.00229952,0.00280742,-0.00324662,-0.00890160,-0.00123723,,-0.00070936
2023-08-04,-0.01356831,0.00291140,-0.00626856,-0.00500576,0.00353986,0.00066139,,0.00376478
2023-08-07,0.00000000,0.00164911,0.00106602,0.00992857,-0.00110618,0.00341760,,-0.00563920
2023-08-08,0.00000000,-0.00428257,-0.00775040,-0.00472853,-0.00579819,0.00073939,,0.00232337
2023-08-09,0.00000000,-0.00089608,-0.00356699,-0.00708113,-0.00208868,0.00538545,,-0.00108937
2023-08-10,0.00000000,0.00002680,0.00940706,0.00036670,0.00413079,0.00188377,,-0.00048579
2023-08-11,0.00000000,-0.00174324,0.00212012,-0.00063454,-0.00022790,0.00142964,,0.00415890
2023-08-14,0.00000000,-0.00400965,-0.00101778,0.00625437,-0.00521022,-0.00181823,,0.00178982
2023-08-15,0.00000000,-0.00701765,-0.00322528,-0.01301675,-0.00294974,0.00628210,,-0.00604620
2023-08-16,0.00000000,-0.00381964,0.00147906,-0.00738541,-0.00844914,0.00637016,,-0.00167759
2023-08-17,-0.02285961,-0.00152865,0.00148375,-0.00773534,-0.00372983,0.00245356,,0.00494905
2023-08-18,0.00137732,0.00235690,-0.00102709,0.00047325,-0.00326172,0.00163811,,-0.00258520
2023-08-21,0.00000000,0.00236473,0.01266081,0.00659659,-0.00325687,-0.00013072,,-0.00264438
2023-08-22,0.00000000,0.00026147,-0.00539063,-0.00264753,0.00394744,0.00142551,,0.00040888
2023-08-23,0.00000000,0.01042929,-0.00359806,0.01112583,0.01079353,-0.00273081,,-0.00343587
2023-08-24,-0.04157732,-0.00921994,-0.00559355,-0.01266432,0.00178493,0.00632240,,-0.00405222
2023-08-25,0.00000000,0.00261979,-0.00169104,0.00575582,0.00364843,-0.00216368,,0.00446793
2023-08-28,0.00000000,0.00645339,0.00454507,0.00506151,-0.00637674,-0.00169547,,0.00383768
2023-08-29,0.00000000,0.00851030,0.00310882,0.01194070,-0.00890169,-0.00922337,,0.00268436
2023-08-30,0.00000000,0.00153672,0.00151511,0.00304930,0.00121626,-0.00134166,,0.00351043
2023-08-31,0.00000000,-0.00521751,-0.00952566,-0.00108190,0.00127152,-0.00281022,,0.00178052
2023-09-01,0.00000000,0.00247530,0.00257136,0.00147385,-0.00681622,-0.00423421,,0.00147902
2023-09-05,0.00000000,-0.00595366,-0.00088615,-0.00346107,-0.00005485,0.00280467,,-0.00109708
2023-09-06,0.00000000,-0.00332191,-0.00548013,-0.00538950,-0.00276870,0.00202192,,-0.00169262
2023-09-07,0.00000000,-0.00304336,-0.01010579,-0.00248346,-0.00556048,0.00587176,,0.00019583
2023-09-08,0.00000000,0.00057691,0.00145191,0.00123248,0.00178561,0.00080906,,-0.00221505
2023-09-11,0.01821312,0.00574042,0.00867492,0.00551226,0.00675283,0.00082012,,-0.00274564
2023-09-12,-0.01414739,0.00017484,0.00085777,-0.00448928,-0.00018728,0.00133406,,0.00082113
2023-09-13,0.00289680,-0.00003371,-0.00026895,0.00095374,-0.00512937,0.00386458,,0.00178771
2023-09-14,0.02136515,0.00520383,0.00225760,0.00722033,0.00410742,-0.00233268,,0.00332102
2023-09-15,0.00000000,-0.00109345,0.00467624,-0.01340530,-0.00008549,0.00308477,,-0.00408989
2023-09-18,0.00000000,0.00062185,0.00411740,0.00043313,0.00469323,0.00407107,,0.00072067
2023-09-19,-0.00468219,-0.00176690,0.00227178,-0.00163555,-0.00354886,0.00429951,,0.00072879
2023-09-20,-0.02067449,-0.00408047,-0.00729800,-0.00726041,0.00280778,0.00308228,,-0.00398305
2023-09-21,-0.03432423,-0.01240157,0.00294926,-0.01265195,0.00326563,0.00692808,,0.00834028
2023-09-22,0.00000000,0.00198972,-0.00093035,-0.00155188,0.00121762,0.00153648,,0.00021932
2023-09-25,0.00000000,-0.00451086,0.00400237,0.00302462,0.00730526,0.00093829,,-0.00022184
2023-09-26,-0.02512087,-0.00819028,-0.00718506,-0.01123081,-0.01953933,0.00359847,,0.01035317
2023-09-27,0.00061222,-0.00251305,0.00362861,0.00028231,-0.00948136,-0.00242152,,-0.00450589
2023-09-28,0.00888787,0.00465933,-0.00124315,0.00430730,0.00900310,-0.00414507,,-0.00408068
2023-09-29,-0.00364328,-0.00585704,-0.00874902,-0.00198665,0.00551378,-0.00424928,,-0.00168547
2023-10-02,-0.00059636,-0.01466893,-0.01487870,-0.00033685,-0.00981596,0.00517154,,0.00022640
2023-10-03,0.00000000,-0.00915912,-0.00053315,-0.01121076,-0.01204992,0.00777481,,0.00869900
2023-10-04,0.00000000,-0.00377087,-0.01606558,0.00570258,0.00464772,-0.00079787,,0.00437006
2023-10-05,-0.00057960,0.00270371,0.00208097,-0.00028924,-0.00117667,0.00391082,,0.00103126
2023-10-06,0.01826910,0.00828224,0.01115994,0.00906416,0.00884091,-0.00449819,,-0.00137327
2023-10-09,0.00000000,0.00876690,-0.01339080,0.00448388,0.02763368,0.00196128,,0.00106577
2023-10-10,0.00000000,0.00579677,0.00681232,0.00356131,-0.00161874,-0.00659553,,0.00294129
2023-10-11,0.00000000,0.00486955,0.00099238,0.00282203,-0.01111353,0.00016085,,0.00155017
2023-10-12,0.00000000,-0.01087595,-0.00724471,-0.00422279,0.01430510,0.00851261,,-0.00193257
2023-10-13,0.00000000,0.00616891,-0.00048193,-0.00342445,-0.01850823,0.00456259,,-0.01061082
2023-10-16,0.00000000,0.00458309,0.01053993,0.00752780,0.00477696,-0.00566148,,-0.00782237
2023-10-17,0.00000000,0.00019358,0.00745638,-0.00003634,-0.00816744,-0.00339782,,-0.00216984
2023-10-18,0.00000000,-0.00996789,-0.00718514,-0.00968037,-0.00844753,0.00809421,,0.00457418
2023-10-19,0.00000000,-0.00125987,0.00659996,-0.00595776,-0.01773431,0.00498094,,0.00373278
2023-10-20,-0.01754179,-0.00458323,-0.00937366,-0.00829676,-0.00253681,0.00451337,,0.00059184
2023-10-23,-0.00234401,0.00001447,-0.00074276,-0.00122222,0.00161587,0.00097636,,0.00255594
2023-10-24,0.00000000,0.00073805,-0.01030025,0.00545962,0.01575729,-0.00657770,,-0.00330970
2023-10-25,0.00000000,-0.00689808,0.00240082,-0.01014291,-0.00835038,0.01006018,,0.00468997
2023-10-26,0.00000000,-0.00210643,-0.01570952,-0.00835489,-0.00241772,-0.00042448,,0.00067575
2023-10-27,0.00000000,0.00222454,0.00857006,-0.00315244,0.00426076,0.00325788,,-0.00255364
2023-10-30,0.00000000,0.00134951,0.00254534,0.00844046,0.00429971,-0.00337316,,-0.00560347
2023-10-31,0.00000000,-0.00012632,-0.00183506,0.00409029,0.00020053,-0.00119446,,0.00481055
2023-11-01,0.00000000,0.00864453,-0.00621953,0.00693926,0.00438576,0.00289159,,0.00321647
2023-11-02,0.00000000,0.01418392,-0.00922077,0.01251498,-0.01553287,-0.01418321,,0.00242522
2023-11-03,0.00000000,0.01294077,0.00802459,0.00528930,-0.01294669,-0.01158191,,0.00172303
2023-11-06,0.00000000,-0.00662258,0.00097290,0.00130303,0.00289695,0.00783829,,0.00241851
2023-11-07,0.00000000,-0.00493386,-0.00491196,0.00166078,-0.00240633,-0.00325413,,0.00039379
2023-11-08,0.00000000,-0.00216030,0.00016327,0.00043345,-0.00651174,0.00143908,,0.00129677
2023-11-09,0.00000000,-0.00586097,0.00534016,-0.00477654,0.01073053,0.00708995,,-0.00294690
2023-11-10,0.00000000,0.00221528,-0.00358571,0.00947910,-0.00122262,-0.00280356,,0.00317066
2023-11-13,0.00000000,0.00256210,0.00141021,-0.00055184,0.00420116,0.00166483,,0.00055926
2023-11-14,0.00000000,0.01639149,-0.01018802,0.01119629,0.01131269,-0.01633949,,0.00075456
2023-11-15,0.00000000,-0.00162511,0.00437800,0.00112584,-0.00361278,-0.00788186,,0.00164650
2023-11-16,0.00000000,0.00205339,0.00311950,0.00065511,0.00677316,0.00604483,,0.00113405
2023-11-17,0.00000000,0.00269721,-0.00872920,0.00071265,0.00163930,-0.00523087,,0.00111990
2023-11-20,0.00000000,0.00393458,-0.00718659,0.00473501,-0.00087327,-0.00443229,,0.00057429
2023-11-21,0.00000000,0.00083034,0.00355128,-0.00143812,0.00230727,0.00723120,,0.00162238
2023-11-22,0.00000000,-0.00019157,0.00172690,0.00254124,-0.00007338,-0.00131453,,-0.00072527
2023-11-24,0.00000000,0.00097777,0.00638402,0.00041858,-0.00214015,0.00392419,,0.00329868
2023-11-27,0.00000000,0.00111329,-0.00423010,-0.00138499,0.00159074,-0.00170772,,-0.00044060
2023-11-28,0.00000000,0.00904923,0.00150892,0.00081258,-0.00278560,-0.00395256,,0.00091987
2023-11-29,0.00000000,0.00214135,-0.00542360,-0.00061439,-0.00271300,-0.00381699,,-0.00115288
2023-11-30,0.00000000,-0.00026942,0.00740506,0.00345698,0.00279975,0.00443065,,0.00122209
2023-12-01,0.00000000,0.00877818,-0.00541980,0.00522942,-0.00849514,-0.01347462,,0.00048886
2023-12-04,0.00000000,-0.01030826,-0.01193627,-0.00472208,0.00481167,-0.00191617,,-0.00044732
2023-12-05,0.00000000,-0.00241790,-0.00161433,-0.00021383,-0.00718888,0.00539181,,0.00071371
2023-12-06,0.00000000,-0.00205264,0.00399360,-0.00410965,-0.01005858,-0.00046501,,-0.00049800
2023-12-07,0.00000000,0.00297116,-0.00445826,0.00758072,0.00185377,-0.00311941,,-0.00000000
2023-12-08,0.00668283,-0.00351836,-0.00218529,0.00414440,0.00417275,-0.00303433,,0.00224748
2023-12-11,0.00624580,0.00004996,0.00332461,0.00377797,-0.00216787,-0.00009762,,0.00166725
2023-12-12,0.00000000,-0.00131317,-0.00121339,0.00494523,-0.00858222,0.00366791,,0.00219843
2023-12-13,0.00000000,0.01952408,-0.01691799,0.01695133,0.00395389,-0.00992037,,0.00103054
2023-12-14,0.00000000,0.01295671,-0.01055514,0.00341216,-0.00400780,-0.01414109,,0.00029835
2023-12-15,0.00000000,-0.00613680,-0.00450943,-0.00816590,0.00496290,0.00114714,,-0.00247281
2023-12-18,0.00000000,0.00127050,0.00609120,0.00759966,0.00116491,0.00322420,,-0.00019939
2023-12-19,0.00000000,0.00717342,0.00644387,0.00807430,-0.00636933,-0.00738323,,-0.00124269
2023-12-20,0.00000000,-0.00660382,-0.01754798,-0.01799833,0.00732125,0.00938681,,0.00485243
2023-12-21,0.00000000,0.00805057,0.01360777,0.00971017,0.00210077,-0.00667635,,-0.00204760
2023-12-22,0.00000000,0.00080694,0.00504840,0.00196657,-0.00023527,-0.00075967,,-0.00192690
2023-12-26,0.00000000,0.00477790,0.00451585,0.00416310,-0.00553468,-0.00385314,,0.00221475
2023-12-27,0.00000000,0.00485921,0.00308446,0.00177981,0.00073134,-0.00072242,,0.00342063
2023-12-28,0.00000000,-0.00296929,0.00187732,0.00037408,-0.00035434,-0.00071160,,0.00016349
2023-12-29,0.00000000,-0.00410153,-0.00132332,-0.00298531,-0.00052566,0.00560940,,-0.00034323
2024-01-02,0.00000000,-0.00622923,-0.00312093,-0.00570366,0.00446924,0.00628428,,-0.00000000
2024-01-03,0.00000000,-0.00491144,-0.01169670,-0.00796216,0.00408377,0.00842533,,-0.00311455
2024-01-04,0.00000000,-0.00365667,0.00294951,-0.00300421,0.00212261,0.00026826,,-0.00019932
2024-01-05,0.00410889,0.00024814,-0.00006795,0.00128736,0.00177678,0.00021046,,-0.00293394
2024-01-08,0.04282783,0.00466378,0.00363459,0.01348052,0.00494998,-0.00612483,,-0.00216702
2024-01-09,0.00000000,-0.00364377,-0.00549979,-0.00130436,-0.00551660,0.00376105,,-0.00192155
2024-01-10,0.00000000,0.00116894,0.00788475,0.00489438,-0.00574777,0.00145655,,0.00080496
2024-01-11,0.00000000,0.00321925,-0.00152464,-0.00038116,0.00234711,0.00457760,,0.00040600
2024-01-12,0.00000000,0.00381417,-0.00397062,0.00060335,0.00466215,0.00489886,,-0.00172826
2024-01-16,0.00000000,-0.01051805,0.01154705,-0.00321610,-0.01383960,0.00589416,,-0.00365292
2024-01-17,0.00000000,-0.00702098,0.00797604,-0.00544242,-0.00725967,0.00379092,,0.00413072
2024-01-18,0.00000000,0.00333719,0.00320076,0.00856827,-0.00236528,-0.00045166,,-0.00413171
2024-01-19,0.03739848,0.00343473,0.00058731,0.01190577,0.00370953,-0.00272255,,-0.00261251
2024-01-22,0.00000000,0.00158399,0.00269472,0.00185020,-0.00420486,-0.00617703,,-0.00386877
2024-01-23,0.00000000,-0.00009134,-0.00164745,0.00260814,0.00385082,-0.00150375,,0.00276464
2024-01-24,0.00000000,-0.00082230,-0.00478803,0.00113665,-0.00657510,0.00339472,,-0.00305535
2024-01-25,0.00000000,0.00325684,-0.00421612,0.00623947,0.00097849,-0.00230073,,-0.00135487
2024-01-26,0.00000000,-0.00026124,-0.00061274,-0.00145041,-0.00373221,0.00121789,,0.00127643
2024-01-29,0.00000000,0.00347778,-0.00327689,0.00910444,0.00614146,-0.00677024,,-0.00156464
2024-01-30,0.00000000,0.00042479,-0.00159340,-0.00086109,-0.00085486,0.00663980,,-0.00256448
2024-01-31,0.00000000,-0.00233575,0.00330815,-0.01804412,0.00753232,0.00642590,,0.00691321
2024-02-01,0.00000000,0.00752536,-0.00474470,0.01155892,-0.00117479,-0.00331538,,-0.00121642
2024-02-02,0.00000000,-0.00778381,0.01545917,0.00875117,0.00991156,0.00126372,,-0.00035244
2024-02-05,0.00000000,-0.00549613,0.00658938,-0.00304979,-0.00038954,0.00654355,,-0.00475045
2024-02-06,0.00000000,0.00586690,-0.00503353,0.00241183,0.00376556,-0.00893027,,0.00314907
2024-02-07,0.00000000,0.00156856,0.00432753,0.00693539,-0.00169710,0.00032856,,0.00065175
2024-02-08,0.00000000,-0.00065197,-0.00175446,0.00037966,0.00235451,-0.00268211,,0.00067132
2024-02-09,0.00000000,0.00172292,0.00230999,0.00518599,-0.00374628,-0.00373958,,-0.00128711
2024-02-12,0.00000000,0.00179212,-0.00165834,-0.00039338,-0.00105909,-0.00577562,,-0.00244985
2024-02-13,0.00000000,-0.01486161,0.01251118,-0.01261094,0.00545359,0.01475839,,-0.01006954
2024-02-14,0.00000000,0.00467836,-0.00049036,0.00707777,0.00610072,-0.00729512,,-0.00702698
2024-02-15,0.00000000,0.00678648,-0.01340497,0.00531396,-0.00068199,-0.00498660,,-0.00101946
2024-02-16,0.00000000,-0.00000308,0.00417461,-0.00390867,-0.00395433,0.00434775,,-0.00017195
2024-02-20,0.00000000,0.00242758,0.00431707,-0.00426847,0.00386282,0.00602771,,-0.00383088
2024-02-21,0.00000000,0.00070923,0.00028577,0.00071270,-0.00446623,0.00468050,,-0.00062458
2024-02-22,0.00000000,0.00552555,0.00808069,0.01637923,-0.00135645,0.00056172,,0.00239417
2024-02-23,0.00000000,0.00131953,-0.00243520,0.00043453,0.00561425,0.00196837,,-0.00503015
2024-02-26,0.00000000,-0.00174542,0.00281022,-0.00241428,-0.00336897,-0.00300667,,0.00113050
2024-02-27,0.00000000,0.00232342,0.00398959,0.00121171,0.00087144,-0.00799710,,0.00208448
2024-02-28,0.00000000,-0.00290814,-0.00620926,-0.00086668,0.00943369,0.00240611,,-0.00192691
2024-02-29,0.00000000,0.00317043,-0.00236367,0.00237751,-0.00070270,-0.00332901,,0.00172343
2024-03-01,0.00000000,0.01119421,0.00530996,0.00622849,-0.00294552,-0.00293611,,-0.00027515
2024-03-04,0.00000000,0.00212101,0.00239807,-0.00081538,-0.00420761,0.00395186,,0.00009151
2024-03-05,0.00000000,-0.00130059,-0.00555402,-0.00778753,0.00246316,0.00595661,,-0.00495571
2024-03-06,0.00000000,0.00867722,0.00299272,0.00378523,0.00068606,-0.00371898,,0.00048604
2024-03-07,0.00000000,0.00539798,0.00237037,0.00750261,-0.00472331,-0.00394273,,-0.00086375
2024-03-08,0.00000000,0.00031168,-0.00472343,-0.00438573,-0.00479084,-0.00132969,,0.00335726
2024-03-11,0.00000000,-0.00173077,-0.00296667,-0.00062084,0.00250383,0.00142571,,-0.00119899
2024-03-12,0.00000000,0.00022788,0.00631561,0.00775130,0.00863732,0.00108491,,-0.00623519
2024-03-13,0.00000000,0.00272537,0.00504239,-0.00113584,-0.00878287,-0.00028720,,0.00069344
2024-03-14,0.00000000,-0.00741955,0.00120685,-0.00142415,-0.00554580,0.00816312,,-0.00337659
2024-03-15,0.00000000,0.00115032,0.00465564,-0.00804079,-0.00690097,-0.00018883,,-0.00222537
2024-03-18,0.00000000,0.00380578,0.00651471,0.00457776,-0.00437617,0.00070690,,0.00262012
2024-03-19,0.00000000,0.00204961,0.00311671,0.00433052,-0.00483341,0.00058882,,0.00318171
2024-03-20,0.00000000,0.01150997,0.00402170,0.00780707,0.00729896,-0.00938430,,0.00332723
2024-03-21,0.00000000,-0.00059307,0.00217623,0.00281107,-0.00137590,-0.00124351,,0.00067578
2024-03-22,0.00000000,-0.00472485,-0.00680003,-0.00161297,0.00233449,0.00460215,,-0.00068062
2024-03-25,0.00000000,0.00184917,0.00327990,-0.00288204,0.00217867,-0.00022495,,0.00088337
2024-03-26,0.00000000,-0.00354820,-0.00374912,-0.00187843,-0.00282969,0.00151883,,0.00050905
2024-03-27,0.00000000,0.01181449,0.00444278,0.00860147,-0.00386761,-0.00814399,,0.00255365
2024-03-28,-0.00049585,0.00388823,0.00220880,-0.00019450,-0.00626145,-0.00223967,,-0.00288689
2024-04-01,-0.00451168,-0.00615440,0.00148487,-0.00173556,-0.00702866,0.00175716,,-0.00070436
2024-04-02,-0.01638111,0.00111160,-0.00217857,-0.00643355,-0.01233996,0.00560469,,0.00341067
2024-04-03,0.00266448,0.00750208,0.00357283,0.00111216,-0.00451729,-0.00313523,,-0.00058252
2024-04-04,-0.02962224,-0.00487810,-0.00914309,-0.01240402,0.00147251,0.00351105,,0.00591331
2024-04-05,0.00000000,0.00723213,0.01563469,0.01020681,-0.00944240,0.00041641,,0.00246872
2024-04-08,0.00000000,0.00539849,0.00311539,0.00050652,0.00563970,-0.00176187,,-0.00509413
2024-04-09,0.00000000,0.00571237,-0.00037443,0.00111447,0.00286001,-0.00391030,,-0.00055048
2024-04-10,0.00000000,-0.02015823,0.00828768,-0.01000996,0.01135186,0.00787501,,0.00193732
2024-04-11,0.00000000,0.00414462,0.00796019,0.00686323,-0.00358322,-0.00153269,,-0.00235296
2024-04-12,0.00000000,-0.01301745,-0.01270364,-0.01297687,0.00758207,0.00882049,,-0.01119272
2024-04-15,0.00000000,-0.00559658,0.00759891,-0.01031055,-0.01263138,0.00645942,,0.00652313
2024-04-16,0.00000000,-0.01466309,-0.00555461,-0.00139346,-0.01066999,0.00260250,,-0.00381518
2024-04-17,-0.01775465,-0.00497157,-0.01364272,-0.00477574,0.00467515,0.00209479,,-0.00105726
2024-04-18,-0.00617321,0.00027378,0.00394422,-0.00166732,-0.00516367,0.00111809,,0.00100070
2024-04-19,-0.02618514,0.00341005,0.00331298,-0.00723537,-0.00219994,0.00254629,,0.00276835
2024-04-22,0.02628416,0.00017742,-0.00714687,0.00785368,0.01915258,-0.00250974,,-0.00867902
2024-04-23,0.02938234,0.00787371,-0.00153757,0.00954314,0.00578748,-0.00565737,,0.00434129
2024-04-24,0.00000000,0.00079935,0.00716303,-0.00035788,-0.00129838,-0.00049599,,0.00094340
2024-04-25,0.00000000,-0.00297839,-0.00310634,-0.00279659,0.00458511,0.00164351,,-0.00237692
2024-04-26,0.00000000,0.00717208,0.00783657,0.00694485,-0.00741010,-0.00689606,,0.00348477
2024-04-29,0.00000000,0.00317256,-0.01035439,0.00269737,-0.00701052,-0.00258207,,0.00146641
2024-04-30,0.00000000,-0.02253590,-0.00618569,-0.01224504,0.01360368,0.00563162,,-0.00304639
2024-05-01,0.00000000,-0.00554930,-0.01241275,-0.00229367,-0.01036567,-0.00235955,,0.00013109
2024-05-02,0.00000000,0.01048910,-0.01020987,0.00662279,0.00696165,-0.00712985,,-0.00344951
2024-05-03,0.00000000,0.00857769,0.00470767,0.00838506,-0.01011316,-0.00464621,,0.00362193
2024-05-06,0.00000000,0.00784679,0.00581062,0.00686614,0.00747793,-0.00428962,,0.00271039
2024-05-07,0.00000000,0.00179068,0.00125005,0.00072765,0.00073328,0.00357058,,0.00043113
2024-05-08,0.00000000,-0.00381652,0.00114609,0.00006399,0.00424481,0.00421676,,0.00095200
2024-05-09,0.00000000,0.00681431,-0.00198354,0.00381849,-0.00733938,-0.00370148,,0.00061152
2024-05-10,0.00000000,-0.00215182,0.00080352,0.00089811,-0.00102168,0.00371182,,0.00138638
2024-05-13,0.00000000,-0.00073126,-0.00550866,0.00009416,0.00713271,-0.00692626,,-0.00154253
2024-05-14,0.00000000,0.00575332,0.00476869,0.00356891,-0.00335952,-0.00853342,,0.00218573
2024-05-15,0.00000000,0.01293135,0.00438013,0.01047199,-0.01196788,0.00091051,,0.00472525
2024-05-16,0.00000000,-0.00248117,-0.00316947,-0.00165443,0.00051114,0.00187132,,-0.00000000
2024-05-17,0.00000000,0.00651790,0.01600650,0.00117230,-0.00524306,0.00096620,,0.00099760
2024-05-20,0.00000000,0.00078104,0.00516601,0.00100862,-0.00075855,-0.00132918,,-0.00030290
2024-05-21,0.00000000,-0.00121790,-0.00364253,0.00228670,0.00347864,0.00263398,,0.00266736
2024-05-22,0.00000000,-0.01038120,-0.01520864,-0.00276118,0.01114881,0.00014915,,-0.00292592
2024-05-23,0.00000000,-0.00897455,-0.00521320,-0.00721112,-0.01174252,0.00757433,,-0.00152145
2024-05-24,0.00000000,0.00528525,0.00448482,0.00615239,0.00148593,-0.00442495,,-0.00402304
2024-05-28,0.00000000,0.00418445,0.01599111,0.00065090,0.01121595,-0.00142177,,-0.00298420
2024-05-29,0.00000000,-0.01163112,-0.00987059,-0.00679397,-0.01359203,0.00307197,,-0.00416914
2024-05-30,0.00000000,0.00350219,-0.00817101,-0.00611968,0.01210683,-0.00368720,,-0.00030066
2024-05-31,0.00000000,0.00413963,-0.00009975,0.00976623,0.00490160,-0.00005892,,-0.00365401
2024-06-03,0.00171212,0.00095921,-0.01133699,0.00085051,0.00338739,-0.00122536,,-0.00058997
2024-06-04,0.00000000,-0.00393276,-0.01114741,0.00121968,-0.00676420,0.00369643,,0.00059320
2024-06-05,0.00000000,0.00622376,0.00770993,0.01433528,0.00776740,-0.00664560,,0.00216761
2024-06-06,0.00000000,0.00541785,0.00725371,-0.00002705,0.01150987,0.00147917,,0.00080660
2024-06-07,0.00000000,-0.01518042,-0.00697112,-0.00139354,0.00207852,0.00489151,,0.00114689
2024-06-10,0.00000000,0.00457726,0.01042110,0.00352253,0.01405699,-0.00159285,,-0.00031567
2024-06-11,0.00000000,-0.00173346,-0.00524395,0.00277707,-0.00130084,0.00081031,,0.00010586
2024-06-12,0.00000000,0.00722372,0.00448052,0.00964193,0.00088181,-0.00473730,,0.00255314
2024-06-13,0.00000000,-0.00329230,-0.01183155,0.00224911,-0.00326817,0.00527373,,-0.00000000
2024-06-14,0.00000000,-0.00147724,-0.00212924,0.00068669,-0.00189773,0.00617639,,-0.00394481
2024-06-17,0.00000000,-0.00015997,0.00484346,0.01010559,-0.00071911,0.00024656,,0.00084437
2024-06-18,0.00000000,0.00516439,-0.00029645,0.00307610,-0.00042427,0.00153976,,0.00085021
2024-06-20,0.00000000,0.00066826,0.00630945,-0.00329531,0.00072426,0.00185266,,-0.00417293
2024-06-21,0.00000000,-0.00400559,-0.00609220,-0.00542839,0.00086748,-0.00092015,,-0.00215570
2024-06-24,0.00000000,0.00372787,0.00023365,-0.00374210,0.00298088,0.00016700,,-0.00062090
2024-06-25,0.00000000,-0.00176779,-0.00295476,0.00445414,0.00494415,0.00285149,,0.00249777
2024-06-26,0.00261802,-0.00505715,0.00085134,0.00151932,0.00422774,-0.00072125,,0.00117502
2024-06-27,0.00330759,0.00403512,0.00225955,0.00198383,-0.00087610,-0.00264457,,0.00096998
2024-06-28,-0.00855101,-0.00129117,0.00380482,-0.00502312,-0.00219367,0.00012155,,-0.00186140
2024-07-01,0.00000000,-0.00013681,0.00579447,0.00271934,-0.00795982,0.00264834,,0.00462370
2024-07-02,0.00000000,0.00490845,0.00060895,0.01010012,0.00260773,-0.00116981,,0.00146366
2024-07-03,0.00000000,0.00930553,0.00423059,0.00698560,-0.00037377,-0.00528815,,-0.00057170
2024-07-05,0.00000000,0.00599214,0.00008797,0.00891506,-0.00605198,-0.00037512,,-0.00034753
2024-07-08,0.00000000,-0.00299595,-0.00708257,0.00172897,0.00619498,-0.00214141,,0.00196381
2024-07-09,0.00000000,-0.00093445,0.00149588,0.00170375,-0.00327344,-0.00040473,,-0.00000000
2024-07-10,0.00000000,0.00714947,0.00870889,0.01809067,-0.00727486,-0.00336039,,0.00023572
2024-07-11,0.00000000,0.00933788,-0.00178041,-0.01446086,-0.00000143,-0.00878680,,-0.00039502
2024-07-12,0.00000000,0.00504041,-0.00145852,0.00883883,-0.00515212,-0.00512469,,0.00234398
2024-07-15,0.00000000,-0.00210173,-0.00073803,0.00375657,0.00255027,-0.00114542,,-0.00284601
2024-07-16,0.00000000,0.00704566,0.00511201,0.00857763,-0.00788858,-0.00827239,,-0.00055500
2024-07-17,0.00000000,-0.00333413,-0.01082140,-0.01981775,0.00165129,0.00713386,,0.00469962
2024-07-18,0.00000000,-0.00817512,-0.00235340,-0.00808499,0.00220747,0.00748494,,0.00424373
2024-07-19,0.00000000,-0.00791276,-0.00825592,-0.00674483,-0.00895371,0.00205170,,0.00678945
2024-07-22,0.00000000,0.00464649,0.00416804,0.01015393,0.00579533,-0.00401901,,-0.00834738
2024-07-23,-0.00470567,-0.00276863,-0.00095965,-0.00144850,-0.01065256,-0.00065836,,-0.00134261
2024-07-24,-0.06798729,-0.01056893,-0.01180936,-0.02111618,-0.00666409,0.00876463,,0.02035330
2024-07-25,0.00000000,-0.00305035,-0.01094622,-0.00348875,-0.00786805,-0.00045512,,0.00093309
2024-07-26,0.00000000,0.00763093,0.00286764,0.00737165,0.00634955,-0.00429400,,-0.00648443
2024-07-29,0.00123978,-0.00102470,0.00022429,0.00037122,-0.00609529,0.00190407,,-0.00171900
2024-07-30,-0.01067851,0.00220795,0.00350768,-0.00326294,-0.00108856,0.00246712,,0.00338388
2024-07-31,0.03359079,0.01181425,-0.00008302,0.01043996,0.01552769,-0.00448943,,-0.00301475
2024-08-01,0.00000000,-0.01040584,-0.01593015,-0.00832674,0.00267903,0.01214972,,-0.01008887
2024-08-02,0.00000000,-0.00288364,-0.01239518,-0.01034181,-0.01843269,0.01029151,,0.02449742
2024-08-05,0.00000000,-0.01411036,-0.01740316,-0.01470373,-0.01236994,0.00782947,,0.03121398
2024-08-06,0.00000000,-0.00036596,0.00391033,0.00387772,0.01300027,-0.00119096,,-0.00921583
2024-08-07,0.00000000,-0.00157234,-0.00476065,-0.00275478,0.00450381,0.00391526,,-0.00125736
2024-08-08,0.00000000,0.00938474,0.00442119,0.00950526,0.02206166,-0.00905530,,-0.00334423
2024-08-09,0.00000000,0.00501564,-0.00073194,0.00163784,-0.00028806,0.00200417,,-0.00548947
2024-08-12,0.00000000,0.00306720,-0.00335954,0.00019586,-0.00099285,0.00354051,,0.00010741
2024-08-13,0.00000000,0.00947153,0.00004078,0.00627293,-0.00424118,-0.00761519,,0.00314558
2024-08-14,0.00000000,0.00034267,-0.00024306,0.00114023,0.00193697,0.00366809,,0.00268365
2024-08-15,0.00000000,0.00292730,0.00601577,0.00624154,-0.01095439,-0.00874921,,0.00146505
2024-08-16,0.00000000,0.00600844,0.00725066,0.00079241,-0.00386793,-0.00034304,,0.00003533
2024-08-19,0.00000000,0.00744253,0.00882006,0.00341038,-0.01036740,-0.00475633,,0.00088443
2024-08-20,0.00000000,0.00078657,-0.00078239,-0.00057824,0.00422776,0.00395165,,-0.00173844
2024-08-21,0.00000000,0.00419529,0.00471427,0.00124463,-0.00426201,-0.00515960,,-0.00041520
2024-08-22,0.00000000,-0.00651537,-0.00598988,-0.00285273,0.00750693,0.00618166,,-0.00178384
2024-08-23,0.00000000,0.01567336,0.00947568,0.00412421,-0.00792278,-0.00972947,,-0.00243100
2024-08-26,0.00000000,-0.00006770,-0.00282109,-0.00092736,0.00193322,0.00180373,,-0.00010891
2024-08-27,0.00000000,0.00134332,0.00344689,0.00054233,-0.00197846,0.00379009,,-0.00094112
2024-08-28,0.00000000,-0.00508620,-0.00334085,-0.00232000,0.00330764,0.00451579,,-0.00231261
2024-08-29,0.00000000,-0.00060356,0.00151229,0.00003553,-0.00237607,-0.00131838,,-0.00144242
2024-08-30,0.00000000,-0.00227821,0.00790353,0.00394135,0.00028555,0.00035365,,0.00110167
2024-09-03,0.00000000,-0.00707700,-0.00576058,-0.00895760,-0.00025606,0.00981389,,-0.00793691
2024-09-04,0.00000000,0.00259233,-0.00353119,-0.00086253,-0.00645550,0.00035545,,0.00074931
2024-09-05,0.00000000,0.00528083,0.00222065,-0.00127715,0.00375004,0.00190159,,-0.00159480
2024-09-06,0.00000000,-0.00790318,-0.01097664,-0.00874397,-0.01613756,0.00708073,,0.00263736
2024-09-09,0.00000000,0.00680846,0.01242000,0.00532921,0.00498570,-0.00199960,,-0.00228827
2024-09-10,0.00734775,0.00279571,0.00800628,0.00228153,-0.00932110,-0.00175676,,-0.00070640
2024-09-11,0.01709313,0.00282574,0.00341553,0.00539392,0.00806627,-0.00589231,,0.00154724
2024-09-12,0.00000000,0.00709725,0.01040773,0.00431596,0.00278082,-0.00210524,,0.00024060
2024-09-13,0.00000000,0.00629368,0.00646385,0.00282947,-0.00641538,-0.00862826,,0.00015137
2024-09-16,0.00000000,0.00647716,0.00044816,0.00079835,-0.00078995,0.00021244,,-0.00024321
2024-09-17,0.00000000,-0.00409446,-0.00590851,0.00023071,0.00413314,-0.00373384,,-0.00093758
2024-09-18,0.00000000,-0.00439832,-0.00183695,-0.00174873,0.00175029,0.00047139,,0.00044221
2024-09-19,0.00000000,0.00951039,0.00822344,0.01032465,-0.01219846,-0.00603159,,-0.00140922
2024-09-20,0.00000000,-0.00221447,0.00203678,-0.00261420,0.00379460,0.00349612,,-0.00024766
2024-09-23,0.00000000,0.00221234,0.00590097,0.00134750,-0.00099383,0.00142595,,-0.00016133
2024-09-24,0.00000000,0.00688194,0.00639456,0.00157687,-0.00444480,-0.00422383,,-0.00003107
2024-09-25,0.00000000,-0.00664264,0.00006800,-0.00126055,0.00417443,0.00501834,,-0.00040363
2024-09-26,0.00000000,0.00626988,0.00810173,0.00226099,-0.00968395,-0.00667213,,-0.00003076
2024-09-27,0.00000000,0.00050377,-0.00755004,-0.00083394,0.01101823,-0.00418411,,-0.00172164
2024-09-30,0.00000000,-0.00485733,-0.00235177,0.00234531,0.00908615,0.00136315,,-0.00079839
2024-10-01,0.00000000,-0.00029602,-0.00832221,-0.00528233,0.00686079,0.00559329,,0.00287098
2024-10-02,0.00000000,-0.00151815,0.00126183,0.00024475,-0.00081050,-0.00288453,,-0.00057838
2024-10-03,0.00000000,-0.00858825,-0.00898855,-0.00129978,-0.00618568,0.00222841,,0.00159486
2024-10-04,0.00000000,-0.00374873,0.00236884,0.00662704,0.00122881,-0.00642433,,-0.00128374
2024-10-07,0.00000000,-0.00521203,-0.00859027,-0.00660727,-0.00643183,0.00091354,,0.00315646
2024-10-08,0.00000000,-0.00315885,0.00037667,0.00780357,0.00645810,0.00259293,,-0.00143992
2024-10-09,0.00000000,-0.00339706,0.00194852,0.00575781,-0.00280137,-0.00066309,,-0.00089356
2024-10-10,0.00000000,0.00072087,-0.00129825,-0.00144756,-0.00018957,0.00221667,,0.00048482
2024-10-11,0.00000000,0.00477835,0.00906751,0.00541550,-0.00002549,-0.00618284,,-0.00037244
2024-10-14,0.00000000,-0.00087964,0.00309085,0.00758530,0.00098049,-0.00076295,,-0.00126469
2024-10-15,0.00000000,-0.00035534,0.00757318,-0.00707835,-0.00958632,0.00291480,,-0.00115285
2024-10-16,0.00000000,0.00353187,0.00502817,0.00376854,-0.00286037,-0.00336684,,-0.00036168
2024-10-17,0.00000000,-0.00430106,-0.00031869,0.00007357,0.00111668,0.00331144,,-0.00060241
2024-10-18,0.00000000,0.00678416,0.01110637,0.00374049,-0.00388405,-0.00279195,,0.00081799
2024-10-21,0.00000000,-0.01213174,-0.00627638,-0.00191476,-0.00100669,0.00290516,,-0.00002915
2024-10-22,0.00000000,0.00029934,0.00174889,-0.00063500,-0.00202248,-0.00032124,,-0.00012467
2024-10-23,0.00000000,-0.00634015,-0.00454059,-0.01081660,0.00114883,0.00402156,,-0.00185344
2024-10-24,0.00000000,0.00270113,-0.00015284,0.00230793,0.00125472,-0.00134563,,-0.00065074
2024-10-25,-0.00103584,-0.00443318,-0.00435224,-0.00038448,-0.00185476,-0.00172146,,0.00170285
2024-10-28,0.00927397,0.00316100,0.00741098,0.00354238,0.00436537,-0.00708234,,-0.00169227
2024-10-29,0.00485512,0.00119340,0.00197805,0.00193027,-0.00095019,0.00190947,,-0.00021541
2024-10-30,-0.00907575,-0.00110076,-0.00631848,-0.00403034,0.00076875,0.00204841,,0.00135943
2024-10-31,-0.05880933,-0.01085503,-0.01859695,-0.02777556,-0.00149346,0.00504137,,-0.00534694
2024-11-01,0.00000000,-0.00561696,0.00144452,0.00392745,-0.00486751,-0.00258955,,-0.00119921
2024-11-04,0.00000000,0.00672290,-0.00192511,-0.00208164,0.01237530,-0.00108020,,-0.00291306
2024-11-05,0.00000000,0.00917586,0.00717520,0.01213106,0.00600163,-0.00660423,,-0.00368774
2024-11-06,0.00000000,-0.01580792,-0.01584315,0.02362781,0.00416345,-0.00442383,,0.00690070
2024-11-07,0.00000000,0.01640017,0.01361350,0.00545756,0.01020482,-0.00392983,,0.00208326
2024-11-08,0.00000000,-0.00145266,-0.00153261,0.00305235,0.00309279,0.00120631,,0.00029679
2024-11-11,0.00000000,-0.00752000,-0.00717898,0.00067835,-0.00937786,-0.00677517,,0.00015820
2024-11-12,0.00000000,-0.01233368,-0.00529721,-0.00222635,-0.00018730,0.00639876,,0.00014268
2024-11-13,0.00000000,-0.00363726,0.00177399,0.00035013,-0.00741182,0.00274543,,0.00169060
2024-11-14,0.00000000,-0.00124425,-0.00073904,-0.00479418,0.00023265,0.00333428,,0.00006534
2024-11-15,0.00000000,-0.00212180,-0.00218685,-0.00931912,-0.00218620,0.00599159,,-0.00488630
2024-11-18,0.00000000,0.00885117,0.00060210,0.00274997,0.01407922,-0.00178000,,-0.00259599
2024-11-19,0.00768513,0.00440433,0.00502405,0.00246719,-0.00245137,-0.00237871,,-0.00260182
2024-11-20,0.00070333,-0.00163193,0.00220018,0.00022800,-0.00427730,-0.00152981,,0.00224503
2024-11-21,0.01114285,0.00258333,0.00449464,0.00361765,-0.00670085,-0.00488736,,-0.00051250
2024-11-22,0.00000000,0.00504985,0.00374282,0.00214297,-0.00573823,-0.00558115,,-0.00287611
2024-11-25,0.00000000,0.00504854,-0.00445159,0.00234667,0.01387734,-0.00831496,,-0.00245274
2024-11-26,0.00000000,-0.00210419,0.00111506,0.00362185,0.00042232,0.00465637,,-0.00072621
2024-11-27,0.00000000,0.00569888,-0.00104891,-0.00215176,0.00210856,-0.00200000,,0.00029020
2024-11-29,0.00000000,0.00705987,0.00155496,0.00437452,-0.00460498,-0.00319568,,0.00165229
2024-12-02,0.00000000,-0.00328745,-0.00167823,0.00126162,-0.00290785,-0.00227247,,0.00008154
2024-12-03,0.00000000,0.00108457,-0.00030932,0.00037618,0.00652157,0.00174824,,0.00103944
2024-12-04,0.00000000,0.00217734,-0.00093580,0.00546073,-0.00456535,-0.00100371,,-0.00054693
2024-12-05,0.00000000,-0.00022125,-0.00332327,-0.00145378,0.00039158,0.00062457,,-0.00017420
2024-12-06,0.00000000,-0.00084635,-0.00040629,0.00173293,-0.00812459,-0.00075616,,0.00154657
2024-12-09,0.00000000,0.00264616,0.00804157,-0.00703603,0.00630162,0.00007265,,-0.00199455
2024-12-10,0.00000000,-0.00382735,-0.00422960,-0.00417720,-0.00859394,0.00200320,,0.00013150
2024-12-11,0.00000000,0.00370727,0.00451968,0.01033540,0.00052295,-0.00169546,,0.00105300
2024-12-12,0.00000000,-0.01063122,-0.00321933,-0.00642090,0.00188019,0.00459465,,-0.00106570
2024-12-13,0.00000000,-0.00689204,0.00005799,-0.00024464,-0.00454068,0.00158066,,0.00035192
2024-12-16,0.00000000,-0.00094264,0.00058956,0.00531866,0.00313046,-0.00068092,,-0.00189000
2024-12-17,0.00000000,-0.00286169,-0.00326855,-0.00534962,0.00183497,-0.00014402,,-0.00211046
2024-12-18,0.00000000,-0.02722004,0.00102382,-0.04760300,-0.01958431,0.01340694,,0.01557465
2024-12-19,0.00000000,-0.00711451,0.00403680,-0.00028810,-0.00203468,0.00331769,,0.00658684
2024-12-20,0.01972582,0.00837467,-0.00238324,0.00496648,0.00723826,-0.00684326,,-0.01112742
2024-12-23,0.01267903,0.00135117,0.00466502,0.00333107,0.00583897,-0.00103867,,-0.00427899
2024-12-24,0.02277622,0.00546628,0.00121897,0.00615872,0.00263210,-0.00323784,,-0.00381996
2024-12-26,0.00000000,0.00177981,0.00066972,0.00003082,0.00125880,-0.00291634,,-0.00046794
2024-12-27,0.00000000,-0.00657558,-0.00472092,-0.00560834,0.00158677,0.00412425,,-0.00327999
2024-12-30,0.00000000,-0.00128553,-0.00656530,-0.00587004,0.00734408,0.00353099,,-0.00143070
2024-12-31,0.00000000,0.00180321,0.00493979,-0.00179506,-0.00142901,0.00075589,,-0.00044606
2025-01-02,0.00000000,0.00328080,0.00840037,-0.00123649,-0.00391328,-0.00468516,,0.00137196
2025-01-03,0.02325276,0.00333565,-0.00091461,0.00633978,0.00829251,-0.00769031,,-0.00384057
2025-01-06,0.00971218,0.00028521,-0.00428356,0.00275487,0.00829217,-0.00658769,,-0.00053981
2025-01-07,0.00000000,-0.00229774,0.00318772,-0.00544494,-0.01148769,0.00165026,,0.00438933
2025-01-08,0.00000000,0.00098702,0.00524499,0.00067691,-0.00265449,0.00637374,,-0.00045765
2025-01-10,0.00000000,-0.00834147,0.00831408,-0.00713577,-0.01209917,0.00487511,,-0.00487625
2025-01-13,0.00000000,0.00217229,0.00103559,0.00068704,-0.00110648,0.00296757,,-0.00145934
2025-01-14,0.00000000,0.00345572,-0.00158288,0.00061510,0.00250959,-0.00153776,,-0.00136321
2025-01-15,0.00000000,0.01687177,0.00015082,0.00831923,0.00156558,-0.00682192,,-0.00578138
2025-01-16,0.00000000,0.00147040,-0.00486480,-0.00080060,0.00416054,-0.00081467,,-0.00019386
2025-01-17,0.00000000,0.00186793,0.00411920,0.00414608,0.00439724,-0.00138908,,-0.00037953
2025-01-21,0.00000000,0.00932733,-0.00722125,0.00369073,-0.00481439,-0.00460637,,0.00276848
2025-01-22,0.00000000,-0.00262329,0.00256217,0.00222391,0.00374476,0.00069556,,-0.00094194
2025-01-23,0.00000000,0.00156794,-0.00135321,0.00273266,-0.00249745,-0.00218542,,0.00125738
2025-01-24,0.00000000,0.00414250,-0.00555176,-0.00146722,-0.00457453,-0.00038601,,0.00019662
2025-01-27,0.00000000,-0.00266937,-0.02099230,-0.00716987,0.00381646,0.00832663,,-0.00437023
2025-01-28,0.00000000,0.00195259,0.00662805,0.00404923,0.00275064,-0.00251451,,-0.00220839
2025-01-29,0.00000000,-0.00124764,0.00095353,-0.00214003,-0.00324231,0.00052548,,-0.00044757
2025-01-30,0.00000000,0.00817240,0.00656878,0.00254379,0.00200779,-0.00588428,,-0.00025854
2025-01-31,0.00000000,-0.00565215,0.00112090,-0.00274674,0.00350847,0.00358890,,0.00248368
2025-02-03,0.00000000,-0.00021379,0.00106421,-0.00360155,-0.00581831,0.00575322,,0.00133276
2025-02-04,0.00000000,0.00775659,0.00019552,0.00353062,0.00438982,-0.00689676,,-0.00190395
2025-02-05,0.00000000,0.00659938,-0.00451482,0.00214673,-0.00102854,-0.00291929,,-0.00155152
2025-02-06,0.00000000,-0.00195280,-0.00117638,0.00203149,-0.00620034,0.00027486,,0.00034351
2025-02-07,0.00000000,-0.00598124,-0.00019734,-0.00541393,0.00173998,0.00407134,,-0.00249351
2025-02-10,0.00000000,0.00922208,0.01690106,0.00406861,0.00140452,-0.00307944,,0.00186431
2025-02-11,0.00000000,0.00040546,-0.00068128,0.00044744,0.00156462,0.00482653,,-0.00027690
2025-02-12,0.00000000,-0.00619588,0.01039555,-0.00214685,0.00391535,-0.00098741,,0.00041397
2025-02-13,0.00000000,0.01203363,-0.00031071,0.00690149,0.00335997,-0.00452004,,0.00121921
2025-02-14,0.00000000,-0.00071865,-0.01525291,-0.00003490,0.00676851,-0.00324511,,0.00026500
2025-02-18,0.00000000,0.00351131,0.01236498,0.00209810,-0.00568643,-0.00321643,,0.00032452
2025-02-19,0.00000000,-0.00087474,-0.00213801,0.00170453,0.00484029,0.00195826,,0.00090861
2025-02-20,0.00000000,0.00256827,-0.00508680,-0.00314593,-0.00070658,0.00335610,,-0.00042426
2025-02-21,0.00000000,-0.00967148,-0.01136406,-0.01321495,0.00842987,0.01048580,,-0.00522855
2025-02-24,0.00000000,-0.00103991,-0.00472877,-0.00297671,-0.00119490,0.00636159,,0.00040107
2025-02-25,-0.01217055,0.00277945,-0.00607080,-0.00326749,-0.00147238,0.00585313,,0.00054175
2025-02-26,0.00118838,0.00141472,0.00590427,0.00032875,-0.00221287,-0.00258615,,-0.00161797
2025-02-27,-0.03759147,-0.00841265,-0.00625259,-0.01145675,-0.00453889,0.00930871,,0.00425111
2025-02-28,0.00000000,0.00262224,0.00345424,0.01016893,-0.00762321,0.00008003,,-0.00143871
2025-03-03,0.00000000,0.00038969,-0.00559885,-0.00998202,-0.00803526,0.01245789,,0.00601393
2025-03-04,0.00000000,-0.00205990,-0.00158799,-0.00610993,0.00643826,-0.00123614,,0.00182444
2025-03-05,0.00000000,0.00858642,0.01546288,0.00535170,0.00995675,-0.00757860,,-0.00323481
2025-03-06,0.00000000,-0.00903960,-0.01041132,-0.00849167,0.00429978,0.00804320,,0.00776736
2025-03-07,0.00000000,0.00296294,-0.00115684,0.00251107,0.00200307,-0.00418010,,-0.00301288
2025-03-10,0.00000000,-0.00820507,-0.01336966,-0.01186923,0.01026221,0.01302705,,0.00720258
2025-03-11,0.00000000,-0.00019256,0.00437851,-0.00322770,-0.01271552,-0.00169609,,-0.00001134
2025-03-12,0.00000000,0.00057883,-0.00293338,0.00205687,-0.00060887,-0.00322196,,-0.00324403
2025-03-13,0.00000000,-0.00069924,0.00097848,-0.00526007,-0.00658126,0.00742167,,0.00274215
2025-03-14,0.00000000,0.00690450,-0.00390938,0.00803375,0.00546971,-0.01045041,,-0.00545481
2025-03-17,0.00000000,0.00880703,0.00186443,0.00263931,-0.00514800,-0.00550920,,-0.00228655
2025-03-18,0.00000000,-0.00109795,0.00120815,-0.00376044,-0.00203862,0.00492103,,-0.00174064
2025-03-19,0.00000000,0.00631109,-0.00143205,0.00376290,-0.00234584,-0.00590834,,0.00207222
2025-03-20,0.00000000,-0.00279917,-0.00305107,-0.00127280,0.00666546,0.00350665,,0.00111561
2025-03-21,0.00000000,-0.00675852,-0.00514592,-0.00117990,0.00339367,-0.00193596,,-0.00004392
2025-03-24,0.00000000,-0.00023629,0.00406357,0.00798519,0.00168120,-0.00752806,,0.00489035
2025-03-25,0.00000000,0.00282392,-0.00209349,0.00102143,0.00378356,0.00221279,,-0.00061304
2025-03-26,0.00000000,-0.00702508,-0.00223463,-0.00515272,-0.00186016,0.00629378,,-0.00232997
2025-03-27,0.00000000,0.00278301,0.00536350,-0.00112763,0.00212171,0.00357212,,-0.00049693
2025-03-28,0.00000000,-0.00241706,-0.00838237,-0.00862481,0.00807495,0.00867817,,-0.00689945
2025-03-31,0.00000000,0.00524774,0.00135535,0.00281096,-0.01090300,0.00452852,,-0.00039845
2025-04-01,0.00000000,0.00420463,-0.00168028,0.00121994,0.00527267,-0.00070808,,0.00010358
2025-04-02,0.00000000,0.00354818,0.00293127,0.00282265,0.00190204,-0.00585769,,-0.00204408
2025-04-03,0.00000000,-0.01445086,-0.01066977,-0.02247966,-0.00864671,0.02472191,,0.01844742
2025-04-04,0.00000000,-0.03332186,0.02322817,-0.01908904,-0.06398154,0.01505601,,0.01192863
2025-04-07,0.00000000,-0.02090376,0.00287129,-0.00045415,0.00125383,-0.00186314,,0.00029631
2025-04-08,0.00000000,-0.00609925,0.01272508,-0.00392244,-0.00621085,0.01236560,,0.00686079
2025-04-09,0.00000000,0.01535567,-0.05444122,0.02710592,0.05015653,-0.03473733,,-0.01108329
2025-04-10,0.00000000,-0.00685085,0.01109381,-0.00613686,-0.01196147,0.01247399,,0.00909798
2025-04-11,0.00000000,0.00960754,-0.00678866,0.00236863,0.00301861,-0.00397928,,-0.00128653
2025-04-14,0.00000000,0.00785220,-0.00049455,0.00129898,-0.00045090,-0.00213577,,-0.00524825
2025-04-15,0.00000000,0.00205885,-0.00060611,-0.00037822,-0.00071737,0.00036340,,0.00028794
2025-04-16,0.00000000,0.00682954,0.00338737,-0.00302143,-0.00147095,0.00343538,,-0.00371932
2025-04-17,0.00000000,0.00244221,-0.00453919,0.00019288,0.00056865,-0.00249251,,0.00127846
2025-04-21,0.00000000,-0.00181176,0.00932827,-0.00324062,0.00195440,0.00490205,,-0.00260702
2025-04-22,0.00000000,0.00463440,-0.00951340,0.00351409,-0.00009172,-0.00594757,,0.00267040
2025-04-23,0.00000000,-0.00039188,-0.00627962,0.00204221,0.00485442,-0.00551834,,-0.00158946
2025-04-24,0.00000000,0.01128890,0.00125098,0.00279839,-0.00205850,-0.00809763,,0.00143657
2025-04-25,0.00000000,-0.00027640,-0.00521193,0.00095120,-0.00134515,-0.00174151,,0.00197996
2025-04-28,0.00000000,0.00708647,0.00379179,0.00005023,0.00098112,-0.00054926,,-0.00030367
2025-04-29,0.00000000,0.00009189,0.00067673,0.00083190,-0.00486236,0.00027405,,0.00043478
2025-04-30,0.00000000,-0.00306903,0.00399370,0.00005263,-0.00110380,0.00202708,,-0.00100716
2025-05-01,0.00000000,-0.00645964,-0.00645484,0.00094568,0.00043710,-0.00258183,,0.00065099
2025-05-02,0.00000000,0.00295279,0.00357144,0.00198509,-0.00063624,-0.00590866,,0.00185215
2025-05-05,0.00000000,0.00253661,0.00781311,-0.00076406,0.00237028,0.00229651,,-0.00089656
2025-05-06,0.00000000,0.00608989,0.00255411,-0.00118676,0.00819448,0.00164379,,-0.00169738
2025-05-07,0.00000000,-0.00394908,-0.00429649,0.00066195,0.00412224,-0.00121907,,-0.00115069
2025-05-08,0.00000000,-0.00673282,-0.00620187,0.00110789,0.00055313,-0.00732675,,0.00165797
2025-05-09,0.00000000,0.00431072,0.00283721,-0.00020604,-0.00326437,-0.00091695,,0.00031679
2025-05-12,0.00000000,-0.00463351,-0.00845149,0.00911725,-0.00144279,-0.01271376,,0.00565496
2025-05-13,0.00000000,0.00228280,-0.00269552,0.00208525,-0.00267629,-0.00375256,,0.00049984
2025-05-14,0.00000000,-0.00566437,-0.00352050,0.00041204,-0.00186962,-0.00008548,,-0.00103687
2025-05-15,0.00000000,0.00841596,0.00690151,0.00158557,0.00611340,0.00234075,,0.00071477
2025-05-16,0.00000000,0.00090224,-0.00047510,0.00207010,0.00005246,-0.00316321,,-0.00035929
2025-05-19,0.00000000,0.00391912,0.00418651,0.00039281,0.00076666,0.00205135,,-0.00000000
2025-05-20,0.00000000,0.00224431,0.00245858,-0.00126610,-0.00060240,0.00005347,,0.00038472
2025-05-21,0.00000000,-0.00574444,0.00217995,-0.00749297,-0.00139145,0.00670256,,-0.00297065
2025-05-22,0.00000000,-0.00093096,-0.00304085,0.00016707,0.00319588,-0.00103499,,0.00032834
2025-05-23,-0.02047711,0.00495595,0.00227361,-0.00300151,-0.00554565,0.00140650,,0.00275046
2025-05-27,0.06237157,0.00423223,-0.00401925,0.00982153,0.00754920,-0.00581369,,-0.00425213
2025-05-28,-0.01283630,-0.00422701,-0.00199623,-0.00255434,0.00071789,0.00106276,,-0.00046203
2025-05-29,0.00844781,0.00415474,0.00148381,0.00174286,-0.00196356,0.00069014,,0.00001432
2025-05-30,0.00000000,0.00114237,0.00166936,-0.00049929,-0.00257678,0.00266504,,-0.00041286
2025-06-02,0.00000000,0.00620789,0.00316295,0.00252625,0.00339280,-0.00100621,,0.00061743
2025-06-03,0.00000000,-0.00355531,-0.00607349,0.00260502,0.00316329,-0.00566523,,0.00090229
2025-06-04,0.00000000,0.00586252,0.00111673,-0.00012950,0.00141312,-0.00096588,,-0.00012730
2025-06-05,0.00000000,0.00015159,0.00354511,-0.00240601,-0.00197292,0.00110770,,-0.00080938
2025-06-06,0.00000000,-0.00233617,0.00121327,0.00520175,-0.00051243,-0.00571474,,0.00187547
2025-06-09,0.00000000,0.00265236,0.00187913,0.00044785,-0.00181910,-0.00389342,,0.00059288
2025-06-10,0.00000000,0.00071514,-0.00096374,0.00285802,0.00012393,-0.00191236,,0.00015285
2025-06-11,0.00000000,0.00172641,-0.00468389,-0.00146656,-0.00039942,0.00001266,,-0.00020141
2025-06-12,0.00000000,0.00627818,0.00311329,0.00272074,0.00093641,0.00181379,,-0.00073142
2025-06-13,0.00000000,-0.00340237,-0.00590897,-0.00785567,-0.00350791,0.00422894,,-0.00346795
2025-06-16,0.00000000,-0.00004391,0.00020085,0.00620039,0.00282746,-0.00662915,,-0.00335481
2025-06-17,0.00000000,-0.00069166,-0.00761597,-0.00541424,-0.00090940,0.00416760,,0.00267196
2025-06-18,0.00000000,0.00034402,-0.00083760,-0.00009538,0.00141937,-0.00155281,,-0.00103730
2025-06-20,0.00000000,-0.00268668,-0.00497902,-0.00330036,-0.00131754,0.00147260,,0.00049532
2025-06-23,0.00000000,0.00269281,0.01033660,0.00611036,0.00496097,-0.00014166,,-0.00063346
2025-06-24,0.00000000,0.00383030,0.00271912,0.00744804,-0.00618610,-0.00520360,,0.00309663
2025-06-25,0.00000000,-0.00275762,-0.00310330,0.00035632,0.00013008,0.00031694,,0.00033031
2025-06-26,0.00000000,0.00742549,0.00353476,0.00527638,0.00073508,-0.00485511,,0.00018773
2025-06-27,0.00000000,-0.00221779,-0.00009241,0.00390129,-0.00183595,0.00039441,,0.00005657
2025-06-30,0.00000000,0.00626489,0.00075950,0.00388052,-0.00121590,-0.00089066,,0.00023601
2025-07-01,0.00000000,-0.00049540,-0.00232347,-0.00026243,-0.00000486,-0.00176621,,0.00006657
2025-07-02,0.00000000,0.00173815,0.00273649,0.00407372,0.00066046,-0.00612468,,0.00014863
2025-07-03,0.00000000,-0.00076659,0.00296858,0.00794241,-0.00155050,-0.00379051,,0.00044286
2025-07-07,0.00000000,-0.01164636,-0.00451573,-0.00736429,0.00321110,0.00355216,,-0.00066969
2025-07-08,0.00000000,-0.00265038,-0.00222431,-0.00051996,0.00138660,-0.00430246,,0.00128381
2025-07-09,0.00000000,0.00473696,0.00017834,0.00769924,0.00591124,-0.00310549,,0.00227048
2025-07-10,0.00000000,0.00047596,0.00185522,0.00385192,-0.00345275,-0.00334252,,0.00057704
2025-07-11,0.00000000,-0.00517751,0.00094500,-0.00481858,-0.00586124,0.00418124,,-0.00036040
2025-07-14,0.00000000,-0.00028119,0.00418671,0.00256779,-0.00007791,-0.00117401,,-0.00122599
2025-07-15,0.00000000,-0.01094870,-0.00430055,-0.00584136,0.00026783,0.00275319,,0.00059399
2025-07-16,0.00000000,0.00820735,0.00425219,0.00448029,-0.00072078,-0.00117169,,-0.00077532
2025-07-17,0.00000000,0.00167478,-0.00249533,0.00915225,0.00063980,-0.00585628,,0.00037605
2025-07-18,0.00000000,0.00043820,0.00157589,-0.00114678,-0.00068672,-0.00135984,,0.00127639
2025-07-21,0.00000000,0.00971372,0.00597120,0.00321768,0.00705318,-0.00084529,,0.00052125
2025-07-22,0.00000000,0.00941091,0.00388256,0.00024478,0.00164958,-0.00535124,,0.00030563
2025-07-23,0.00000000,0.00762635,0.00723899,0.01558757,-0.00576190,-0.00434461,,0.00366162
2025-07-24,0.00000000,-0.00593716,-0.00519771,0.00058940,0.00568625,0.00418489,,0.00034399
2025-07-25,0.00000000,-0.00338505,-0.00453105,0.00830446,0.00284465,-0.00061923,,0.00082062
2025-07-28,0.00000000,-0.01121872,-0.01007629,-0.00049145,0.01722303,-0.00105045,,0.00246293
2025-07-29,0.00000000,0.00700391,-0.00757404,-0.00537359,-0.00090864,0.00509433,,-0.00210785
2025-07-30,0.00000000,-0.01199517,-0.00813045,-0.00250143,-0.01002528,0.00067025,,-0.00043648
2025-07-31,0.00000000,-0.00670260,-0.00157229,-0.00745924,-0.00202030,0.00374070,,-0.00054874
2025-08-01,0.00000000,0.00486896,-0.00503130,-0.03107423,0.00639334,0.00901650,,-0.00715670
2025-08-04,0.03208502,0.01172296,0.01037898,0.01794316,0.01217017,-0.00694852,,-0.00603448
2025-08-05,-0.00897887,0.00141786,0.00272950,-0.00508015,-0.00080046,0.00016435,,0.00088148
2025-08-06,0.00000000,0.00582798,0.01317906,0.00773040,-0.00622071,0.00017064,,-0.00265940
2025-08-07,0.00000000,0.00525111,0.00721593,-0.00082009,-0.00352881,0.00015239,,-0.00075733
2025-08-08,0.00000000,0.00009231,0.00554234,0.00791472,-0.00237316,0.00173720,,0.00333765
2025-08-11,0.00000000,-0.00211362,-0.00122900,-0.00194008,0.00474698,0.00134677,,-0.00045833
2025-08-12,0.00000000,0.00850641,0.01100070,0.01046524,-0.01104746,-0.00790955,,0.00409725
2025-08-13,0.00000000,0.00718682,0.00059965,0.00312816,0.00123813,-0.00729223,,0.00054689
2025-08-14,0.00000000,-0.00924727,-0.00514068,0.00008359,0.00477961,0.00431477,,-0.00027503
2025-08-15,0.00000000,0.00370805,0.00807472,-0.00218284,-0.00105558,0.00014864,,0.00042381
2025-08-18,0.00000000,-0.00224746,0.00222990,-0.00020467,-0.00022502,-0.00288564,,0.00215480
2025-08-19,0.00000000,-0.00144471,-0.00983053,-0.00522881,0.00847147,0.00512781,,-0.00196189
2025-08-20,0.00000000,0.00374865,0.00003122,-0.00248498,0.00736658,0.00200959,,0.00062208
2025-08-21,-0.00721472,-0.00314138,-0.00161777,-0.00373565,-0.00252125,-0.00000151,,-0.00156824
2025-08-22,0.04143640,0.01939997,0.00155155,0.01507497,0.00520530,-0.01282482,,0.00877611
2025-08-25,0.00000000,-0.00679953,-0.00877890,-0.00374659,0.00126164,0.00020410,,0.00017959
2025-08-26,0.00000000,0.00116618,0.00114212,0.00350664,0.00589183,-0.00167763,,0.00056970
2025-08-27,0.00000000,0.00331526,-0.00263390,0.00189619,-0.00577262,-0.00235579,,-0.00045275
2025-08-28,0.00000000,0.00340766,-0.00151391,0.00296257,-0.00289817,-0.00328542,,0.00162480
2025-08-29,0.00000000,0.00029553,0.00098725,-0.00498841,-0.00932248,0.00254572,,-0.00217350
2025-09-02,0.00000000,-0.00523368,0.00418188,-0.00608180,-0.01579121,0.00249840,,-0.00325511
2025-09-03,0.00000000,0.00185409,0.00279830,0.00493587,0.00277038,0.00142386,,-0.00255194
2025-09-04,0.00000000,0.00413895,-0.00260877,0.00853334,0.00367798,-0.00387213,,0.00299368
2025-09-05,0.00000000,0.00819972,0.00080355,-0.00291208,-0.00199733,-0.00380853,,-0.00009158
2025-09-08,0.00000000,0.00629802,0.00861166,0.00241905,-0.00261060,-0.00063176,,0.00186046
2025-09-09,0.00000000,-0.00318951,-0.00222014,0.00243926,0.00252830,-0.00004371,,0.00052646
2025-09-10,0.00000000,0.00591380,0.00287478,0.00304088,-0.00021343,0.00031791,,0.00040565
2025-09-11,0.00000000,0.00839446,0.00597087,0.00900412,-0.00886671,-0.00464261,,0.00283344
2025-09-12,0.00000000,-0.00180097,0.00215588,-0.00037864,0.00050858,0.00198991,,0.00018242
2025-09-15,0.00000000,0.00873508,0.00965656,0.00601617,-0.00832964,-0.00484023,,-0.00152338
2025-09-16,0.00000000,0.00155579,-0.00133340,-0.00153220,0.00068792,-0.00155007,,-0.00189327
2025-09-17,0.00000000,-0.00556716,-0.00553076,-0.00139376,0.00758010,-0.00023320,,0.00449799
2025-09-18,0.00000000,-0.00263709,0.00396158,0.00525011,0.00055227,-0.00690163,,0.00045806
2025-09-19,0.00000000,-0.00029906,0.00825200,0.00253457,0.00034455,0.00095663,,-0.00036710
2025-09-22,0.00000000,0.00328770,0.00993265,0.00561796,-0.00601815,-0.00351593,,-0.00219648
2025-09-23,0.00000000,0.00399989,-0.00479629,-0.00666456,0.00512014,0.00187943,,-0.00147268
2025-09-24,0.00000000,-0.00538960,-0.00329506,-0.00444878,-0.00298773,0.00183551,,0.00164896
2025-09-25,0.00000000,-0.00290997,-0.00032521,-0.00647705,-0.01143286,0.00347754,,0.00161657
2025-09-26,0.00000000,0.00623816,0.00184162,0.00770928,0.00319475,-0.00187427,,-0.00500683
2025-09-29,0.00000000,0.00358875,0.00296473,0.00366639,0.00755210,-0.00041449,,-0.00175755
2025-09-30,0.00000000,0.00035499,0.00131725,0.00497999,0.00306705,0.00125091,,-0.00051857
2025-10-01,0.00000000,0.00492922,0.00067989,0.00480619,-0.00445255,-0.00475449,,0.00066023
2025-10-02,0.00000000,-0.00321659,-0.00060022,0.00179173,-0.00437709,-0.00375712,,-0.00147498
2025-10-03,0.00000000,0.00416322,0.00474380,-0.00003011,-0.00373921,-0.00180737,,0.00091999
2025-10-06,0.00000000,0.00412612,0.01554533,0.00624246,-0.00159577,-0.00229591,,0.00032233
2025-10-07,0.00000000,-0.00486792,-0.01101540,-0.00670098,0.00670734,0.00447776,,-0.00254527
2025-10-08,0.00000000,0.00388787,0.01129572,0.01004425,-0.01191412,-0.00410395,,-0.00210651
2025-10-09,0.00000000,-0.00989925,-0.00620933,-0.00469510,0.00061078,0.00107712,,-0.00044951
2025-10-10,0.00000000,-0.01156984,-0.00975695,-0.04216475,0.01130752,0.01567727,,-0.01602924
2025-10-13,0.00000000,0.01504022,0.01073349,0.00984685,0.01066493,-0.00947571,,-0.00802243
2025-10-14,-0.00264096,0.00142588,0.00060965,-0.00071355,-0.00100564,-0.00202849,,0.00435672
2025-10-15,0.00957508,0.00738797,0.00987019,0.00257040,0.00509066,-0.00378191,,0.00109892
2025-10-16,0.00000000,0.00639946,0.01019794,-0.00391815,-0.01019474,0.00500440,,0.00979998
2025-10-17,0.00000000,-0.00413917,-0.00933854,0.00323017,0.00971102,0.00271676,,-0.00785831
2025-10-20,0.00000000,0.01091846,0.01049334,0.00588834,-0.01461938,-0.00767010,,0.00681648
2025-10-21,0.00000000,-0.01078336,-0.02215336,-0.00001213,0.01163307,-0.00007670,,0.00044882
2025-10-22,0.00000000,0.00152025,-0.00519645,-0.00285025,0.00608879,0.00567740,,-0.00104071
2025-10-23,0.00000000,0.00289610,0.00323003,0.00325385,-0.00305732,-0.00656265,,0.00166518
2025-10-24,0.00000000,0.00088713,0.00129696,0.00445584,-0.00254072,-0.00286911,,0.00102074
2025-10-27,0.00000000,0.00170369,-0.00083383,0.00640127,-0.00979470,-0.00237143,,0.00287763
2025-10-28,0.00000000,0.00002310,0.00864315,0.00149689,0.00912474,0.00259393,,-0.00255321
2025-10-29,0.00000000,-0.00939678,0.00445437,0.00028032,-0.00240642,-0.00079059,,-0.00177059
2025-10-30,0.00000000,-0.00403398,0.00074929,-0.00646071,0.00562060,0.00505780,,-0.00073908
2025-10-31,0.00000000,-0.00055166,-0.00359276,0.00182506,0.00087429,-0.00442783,,0.00024725
2025-11-03,0.00000000,0.00119758,0.00106326,0.00104539,-0.00243110,0.00140570,,-0.00101897
2025-11-04,0.00000000,-0.00919196,-0.01222033,-0.00664766,0.00621577,0.00999002,,0.00354771
2025-11-05,0.00000000,0.00242153,0.01340245,0.00183705,0.00389685,-0.00502279,,-0.00357642
2025-11-06,0.00000000,0.00175163,-0.00448683,-0.00578930,0.00552234,0.00626397,,-0.00413796
2025-11-07,0.00000000,0.00314118,0.00144895,0.00051223,0.00098311,-0.00214178,,-0.00096048
2025-11-10,0.00000000,0.01106099,0.01401344,0.00817360,0.01107901,-0.00470581,,-0.00481784
2025-11-11,0.00000000,0.00798159,0.00366496,0.00140698,-0.01147674,0.00184632,,0.00016481
2025-11-12,0.00000000,-0.00063945,0.01142207,0.00036512,-0.00378662,0.00105692,,-0.00054315
2025-11-13,0.00000000,-0.01218794,-0.01017096,-0.01127943,0.00876142,0.01005279,,-0.00606497
2025-11-14,0.00000000,-0.00346852,-0.00457015,-0.00011094,0.00202528,0.00019028,,0.00148145
2025-11-17,0.00000000,-0.00570310,-0.00717860,-0.00558219,0.00877798,0.00666181,,-0.00451126
2025-11-18,0.00000000,-0.00207439,-0.00740352,-0.00499730,-0.00821913,0.00026240,,0.00367050
2025-11-19,0.01158950,-0.00674242,0.00258701,0.00232888,-0.00150554,0.00027243,,-0.00228503
2025-11-20,-0.04572688,-0.00797106,-0.00907281,-0.00913426,-0.01400222,0.00932870,,0.00598750
2025-11-21,0.00000000,0.00719989,0.00153104,0.00549051,0.00776177,-0.00711005,,-0.00444574
2025-11-24,0.00000000,0.00803817,0.00918292,0.00789899,0.00705126,-0.00697413,,-0.00615425
2025-11-25,0.00000000,0.00771781,0.00397567,0.00477106,0.00161724,-0.00753723,,0.00216168
2025-11-26,0.00000000,0.01273920,0.01077254,0.00356246,-0.00129792,-0.00315465,,0.00235346
2025-11-28,0.00000000,0.00358793,0.00265373,0.00278162,-0.00428790,-0.00379246,,0.00186086
2025-12-01,0.00000000,-0.00721830,0.00010078,-0.00232397,0.00013842,0.00300338,,-0.00005373
2025-12-02,0.00000000,0.00286768,0.00426571,0.00096639,0.00039345,-0.00108634,,0.00147656
2025-12-03,0.00000000,0.00598984,-0.00054797,0.00181655,-0.00336402,-0.00577979,,0.00046460
2025-12-04,0.00000000,-0.00022148,0.00121077,0.00038242,-0.00509774,-0.00370087,,0.00074197
2025-12-05,0.00000000,-0.00274682,-0.00427701,0.00120494,0.00121746,0.00003726,,0.00102521
2025-12-08,0.00000000,-0.00595705,0.00057482,-0.00183569,0.00153985,-0.00100779,,-0.00087280
2025-12-09,0.00000000,0.00011640,0.00491473,-0.00050144,-0.00152081,-0.00120812,,-0.00050160
2025-12-10,0.00000000,0.01141693,0.00583343,0.00383189,-0.00482995,-0.00450408,,0.00338059
2025-12-11,0.00000000,0.00239435,0.00684182,0.00142927,-0.00496627,-0.00175658,,0.00117068
2025-12-12,0.00000000,-0.00658048,-0.00129620,-0.00664221,0.00294492,0.00725076,,-0.00020427
2025-12-15,0.00000000,0.00138938,0.00433922,-0.00089157,-0.00563247,0.00388245,,0.00008736
2025-12-16,0.00000000,-0.00231927,-0.00174655,-0.00181148,0.00108088,0.00064502,,0.00034977
2025-12-17,0.00000000,-0.00242441,-0.00558062,-0.00722852,0.00272376,0.00487160,,-0.00143498
2025-12-18,0.02234692,0.00507777,0.00361518,0.00485311,0.00140813,-0.00374744,,0.00273321
2025-12-19,0.01633497,0.00158006,0.00792637,0.00397223,0.00655602,-0.00410043,,0.00313293
2025-12-22,0.01584200,0.00561971,0.00337350,0.00404368,0.00444361,-0.00419421,,0.00283241
2025-12-23,0.01107002,0.00722852,0.00739590,0.00340267,-0.00463859,0.00229046,,-0.00031524
2025-12-24,0.00000000,0.00441897,-0.00144829,0.00271588,0.00297878,-0.00045324,,0.00009428
2025-12-26,0.00000000,0.00322164,0.00893596,-0.00010710,-0.00700738,0.00153947,,0.00015733
2025-12-29,0.00000000,-0.00392614,-0.01195509,-0.00328587,0.01311026,0.00259804,,0.00088287
2025-12-30,0.00000000,0.00114635,0.00294332,-0.00114121,-0.00337095,0.00070951,,0.00124264
2025-12-31,0.00000000,-0.00810850,-0.00285830,-0.00705462,0.00802983,0.00234223,,-0.00054932
2026-01-02,0.00000000,0.00405478,0.00742610,0.00167472,0.00114241,-0.00774530,,0.00138014
2026-01-05,0.01576509,0.01175808,0.01061298,0.00613513,0.00381597,-0.00423597,,-0.00117529
2026-01-06,0.01344846,0.00171121,0.00641505,0.00535675,0.00475416,-0.00657500,,0.00099813
2026-01-07,0.00000000,-0.00271264,-0.00189649,-0.00282878,0.00644418,0.00401433,,-0.00136766
2026-01-08,0.00000000,0.00019929,-0.00360366,-0.00012510,0.00387859,-0.00024071,,0.00119896
2026-01-09,0.00000000,0.00475954,0.00746556,0.00847017,-0.00714105,-0.00149255,,0.00134073
2026-01-12,0.00000000,0.00564846,0.00913272,0.00192811,-0.01028687,-0.00165179,,0.00009558
2026-01-13,0.00000000,-0.00101303,-0.00720074,-0.00254371,0.00095048,-0.00062853,,-0.00238416
2026-01-14,0.00000000,0.00612652,0.00444776,-0.00627285,-0.00424286,0.00166961,,0.00241607
2026-01-15,0.00000000,-0.00082662,0.00327282,0.00373760,0.00040112,-0.00183789,,-0.00323687
2026-01-16,0.00000000,-0.00071062,-0.00012367,-0.00117451,-0.00253580,0.00133234,,0.00053883
2026-01-20,0.00000000,-0.00629588,0.00045985,-0.02879481,-0.00173121,0.00556690,,0.01278255
2026-01-21,0.00000000,0.01097506,0.00505267,0.01108006,-0.00006286,-0.00610842,,-0.00934588
2026-01-22,0.00000000,0.00738065,0.01381570,0.00472060,-0.00679699,-0.00367354,,-0.00227403
2026-01-23,0.00000000,0.01014955,0.00359455,0.00033011,-0.01299285,0.00323050,,-0.00181738
2026-01-26,0.00000000,0.00771718,0.00542482,0.00479364,-0.00700980,0.00067690,,-0.00028009
2026-01-27,0.00000000,0.01344166,0.01822348,0.00373768,-0.02166339,-0.00150099,,-0.00181111
2026-01-28,0.00000000,-0.00150726,0.00568470,-0.00009433,-0.01611326,0.00022819,,-0.00000000
2026-01-29,0.00000000,0.00535419,-0.00111288,-0.00187830,-0.00182889,0.00313051,,-0.00065974
2026-01-30,0.00000000,-0.02198497,-0.03630184,-0.00284107,0.03233158,0.00682309,,0.00150570
2026-02-02,0.00000000,-0.00820767,0.00363139,0.00470124,0.00616531,-0.00104783,,-0.00511206
2026-02-03,0.00000000,0.00741423,0.00552107,-0.00831386,0.00326081,0.00087807,,-0.00417247
2026-02-04,0.00000000,0.00125079,-0.00004492,-0.00447953,-0.00152449,0.00262282,,0.00126394
2026-02-05,0.00000000,-0.00699844,-0.01522476,-0.01171102,-0.00693055,0.00960287,,0.00595696
2026-02-06,0.00000000,0.01619311,0.01512443,0.01654300,0.00924216,-0.01450027,,-0.00557651
2026-02-09,0.00000000,0.01043499,0.01272327,0.00338238,-0.00623084,-0.00346533,,-0.00310265
2026-02-10,0.00000000,0.00386442,-0.00196047,-0.00184693,-0.00119500,0.00107991,,0.00187577
2026-02-11,0.00000000,0.00331899,0.00971076,-0.00016556,-0.00405615,0.00083108,,0.00025472
2026-02-12,0.00000000,-0.00471135,-0.01168005,-0.01138739,0.01204360,0.00699150,,-0.00595425
2026-02-13,0.00000000,0.00726155,0.00168827,0.00045749,-0.00300248,-0.00397560,,-0.00134516
2026-02-17,0.00360189,-0.00321143,-0.00459372,0.00108745,-0.00221867,0.00000871,,-0.00341582
2026-02-18,0.01123187,-0.00065546,0.00113904,0.00343153,0.01281807,-0.00385345,,0.00023936
2026-02-19,-0.00582258,0.00182251,0.00005626,-0.00177921,-0.00167725,0.00061939,,0.00232955
2026-02-20,0.02169530,0.00670730,0.00824035,0.00580887,0.00516519,-0.00198204,,-0.00223881
2026-02-23,0.00000000,-0.00018093,-0.00114861,-0.00855365,0.00045366,0.00728349,,-0.00393318
2026-02-24,0.00000000,0.00185434,0.00225545,0.00589879,-0.00125025,-0.00501500,,0.00316169
2026-02-25,0.00000000,0.00438911,0.00604085,0.00669326,-0.00113477,-0.00274637,,0.00380327
2026-02-26,0.00000000,0.00128356,-0.00144522,-0.00430929,0.00030522,-0.00138575,,-0.00102047
2026-02-27,0.00000000,0.00341944,-0.00007744,-0.00370047,-0.00101702,0.00584608,,-0.00394242
2026-03-02,0.00000000,-0.00726470,-0.00897122,0.00043334,-0.00444417,-0.00037555,,0.00118509
2026-03-03,0.00000000,-0.01532148,-0.02407924,-0.00673935,0.00166046,0.00542915,,-0.00472125
2026-03-04,0.00000000,0.00558514,0.00636908,0.00522329,0.00800693,-0.00484035,,-0.00341261
2026-03-05,-0.01606807,-0.00821188,-0.01131038,-0.00406546,-0.01980199,0.00333255,,0.00619780
2026-03-06,-0.03537324,-0.00015921,0.00949460,-0.00965920,-0.00722527,0.00786815,,0.01270473
2026-03-09,0.01878654,0.00668863,0.00015145,0.00603352,0.00721904,-0.00510828,,-0.00792200
2026-03-10,0.00000000,-0.00209181,0.00554302,-0.00112546,0.00532409,-0.00055683,,0.00383252
2026-03-11,0.00000000,-0.00566550,0.00503375,-0.00105551,-0.01069786,0.00033637,,-0.00359284
2026-03-12,0.00000000,-0.00921126,-0.00125885,-0.01270481,-0.00839762,0.00761429,,0.00533326
2026-03-13,0.00000000,-0.00715468,-0.00502183,-0.00427499,-0.00288146,0.00020567,,0.00128061
2026-03-16,0.02052009,0.00944771,0.00258886,0.00760219,0.00708369,-0.00356209,,0.00565036
2026-03-17,0.00493725,0.00700704,0.00244313,0.00198833,-0.00091557,-0.00433586,,0.00106433
2026-03-18,-0.02613827,-0.00980863,-0.00334588,-0.01066983,-0.01069729,0.00455468,,-0.00650754
2026-03-19,-0.00412928,-0.00004842,-0.00796030,-0.00174888,-0.00388915,-0.00315631,,-0.00208480
2026-03-20,-0.02893475,-0.02235686,-0.00440299,-0.01228889,-0.00974908,0.00674567,,-0.00520041
2026-03-23,,0.00757630,0.00003284,,0.00972347,,,-0.00379171
2026-03-24,,-0.00295886,0.00324210,,-0.00147204,,,0.00148629
2026-03-25,,0.00722783,0.00605229,,0.00463706,,,-0.00130658
2026-03-26,,-0.01110431,-0.00599478,,-0.00334218,,,0.00481494
2026-03-27,,-0.00115520,0.00842563,,-0.00467389,,,0.00530295
2026-03-30,,0.00379989,-0.00247853,,-0.00101019,,,-0.00061390
2026-03-31,,0.01413690,0.01006037,,0.01201105,,,-0.00624823
2026-04-01,,0.00252974,0.00014906,,-0.00036771,,,0.00141454
2026-04-02,,0.00415675,0.00070734,,-0.00415004,,,-0.00014252
2026-04-06,,0.00190523,0.00220717,,-0.00201440,,,0.00152677
2026-04-07,,0.00107971,0.00128366,,-0.00009358,,,-0.00228375
2026-04-08,,0.01072758,0.00176364,,-0.02009084,,,0.00641062
2026-04-09,,0.00177061,0.00111847,,-0.00213379,,,0.00227579
2026-04-10,,0.00018059,0.00213724,,-0.00298744,,,-0.00074099
2026-04-13,,0.00488897,0.00154083,,-0.00135350,,,0.00236754
2026-04-14,,0.00658809,0.00030982,,-0.00735374,,,0.00110728
2026-04-15,,-0.00104743,-0.00192102,,0.00017897,,,-0.00048702
2026-04-16,,-0.00051462,0.00441399,,-0.00107409,,,0.00008786
2026-04-17,,0.00416759,-0.00514676,,-0.00474960,,,0.00082804
2026-04-20,,-0.00008357,0.00083284,,0.00340188,,,-0.00110360
2026-04-21,,-0.00732223,-0.00301464,,0.01162819,,,-0.00122869
2026-04-22,,0.00284310,0.00583146,,0.00137238,,,-0.00092573
2026-04-23,,-0.00030763,-0.00189784,,-0.00590736,,,0.00000343
2026-04-24,,0.00263484,0.00136524,,0.00130129,,,-0.00061221
2026-04-27,,-0.00112782,0.00072911,,-0.00283152,,,-0.00230661
2026-04-28,,0.00084625,-0.00289529,,-0.00349038,,,0.00094264
2026-04-29,,-0.00454693,0.00372199,,-0.00999243,,,-0.00151336
2026-04-30,,0.00925514,0.00475561,,0.01010197,,,0.00190221
2026-05-01,,-0.00039990,-0.00262982,,0.00210573,,,-0.00052254
2026-05-04,,-0.00421029,0.00119934,,-0.00489838,,,-0.00071641
2026-05-05,,0.00457202,0.00280660,,0.00418307,,,-0.00011848
2026-05-06,,0.00813796,0.00123498,,0.00481657,,,-0.00153762
2026-05-07,,-0.00770397,-0.00348393,,0.00610239,,,0.00055024
2026-05-08,,0.00706384,0.00348361,,-0.00359941,,,-0.00052230
2026-05-11,,0.00232804,0.01028959,,-0.00161969,,,-0.00093305
2026-05-12,,-0.00301392,0.00178974,,0.00516295,,,0.00166375
2026-05-13,,-0.00147838,-0.00284812,,-0.00021136,,,-0.00148872
2026-05-14,,-0.00468818,-0.00327683,,0.00078181,,,0.00169949
2026-05-15,,-0.01439885,-0.00861879,,0.00184207,,,-0.00066810
2026-05-18,,0.00420805,0.00237537,,0.00166022,,,0.00167126
2026-05-19,,-0.00516121,-0.00427338,,-0.00824467,,,-0.00086964
2026-05-20,,0.00763050,-0.00007153,,0.01122703,,,0.00162206
2026-05-21,,-0.00020189,-0.00075188,,-0.00138775,,,0.00202290
2026-05-22,,-0.00059858,-0.00397934,,-0.00194044,,,-0.00040021
2026-05-26,,0.00522376,0.00124288,,-0.00723559,,,0.00224683
2026-05-27,,-0.00353725,-0.01067686,,-0.00400983,,,0.00150317
2026-05-28,,0.00360348,0.00345394,,-0.00022490,,,0.00129281
2026-05-29,,-0.00042995,0.00073710,,-0.00381777,,,0.00126894
2026-06-01,,-0.00183951,0.00392859,,-0.00135044,,,-0.00177524
2026-06-02,,0.00242349,0.00544488,,0.00029652,,,0.00122284
2026-06-03,,-0.00588523,-0.00412711,,-0.00574982,,,-0.00020939
2026-06-04,,0.00272556,-0.00142626,,0.00638828,,,0.00313450
2026-06-05,,-0.01810711,-0.03228305,,0.00571587,,,-0.00631367
2026-06-08,,-0.00001841,0.00561010,,0.00165777,,,-0.00149155
2026-06-09,,0.00204036,-0.01135623,,-0.00484786,,,0.00132030
2026-06-10,,-0.00464321,-0.00797010,,-0.00884626,,,0.00509619
2026-06-11,,0.01273596,0.00815202,,0.01255777,,,-0.00439952
2026-06-12,,0.00175857,0.00275977,,0.00138752,,,-0.00402010
2026-06-15,,0.00269501,0.00515005,,-0.00349126,,,0.00612359
2026-06-16,,0.00079209,-0.00562999,,-0.00091523,,,-0.00049160
2026-06-17,,-0.01139101,-0.00474682,,0.00346268,,,-0.00372681
2026-06-18,,0.00293417,0.00305166,,-0.00547518,,,0.00328811
2026-06-22,,-0.00151775,0.00187466,,0.00303623,,,0.00021192
2026-06-23,,-0.00686546,-0.01843529,,0.00464934,,,-0.00481825
2026-06-24,,-0.00067344,-0.01161103,,-0.01270357,,,-0.00038067
2026-06-25,,0.00615019,0.00525307,,0.00368975,,,-0.00184764
2026-06-26,,0.00171874,-0.00334164,,-0.00171178,,,0.00061165
2026-06-29,,0.00075885,-0.00279291,,0.00294194,,,-0.00432477
2026-06-30,,-0.00507013,0.00448758,,0.00729033,,,-0.00198262
2026-07-01,,-0.00403919,-0.00394998,,0.00226707,,,-0.00123409
2026-07-02,,0.00609419,0.00135205,,-0.00335393,,,0.00141388
2026-07-06,,0.00765279,0.00993147,,0.00203021,,,0.00289706
2026-07-07,,-0.00556472,-0.00388020,,0.00656059,,,-0.00124185
2026-07-08,,-0.00451437,0.00193392,,-0.00346861,,,-0.00204069
2026-07-09,,0.00380845,0.00308943,,0.00341648,,,0.00233637
2026-07-10,,0.00213147,0.00280781,,-0.00216097,,,0.00270269
2026-07-13,,-0.00407855,0.00095558,,-0.00485134,,,-0.00399067
2026-07-14,,0.00617884,0.00641563,,0.00404609,,,-0.00213828
2026-07-15,,0.00419687,-0.00295258,,-0.00338762,,,0.00329787
2026-07-16,,-0.00432109,-0.00824158,,0.00416559,,,-0.00290807
2026-07-17,,0.00227509,0.00052253,,-0.00329862,,,-0.00616254
2026-07-20,,-0.00297254,0.00227609,,0.00093121,,,-0.00231002
2026-07-21,,0.00623164,0.01632953,,0.00504879,,,-0.00303391
2026-07-22,,0.00128860,0.00752995,,-0.00116341,,,-0.00043844
2026-07-23,,-0.00684400,-0.00069171,,-0.00161937,,,0.00563509
2026-07-24,,0.00255428,-0.00329085,,0.00470384,,,-0.00172241
2026-07-27,,-0.00269595,-0.00784246,,0.00929349,,,0.00019857
2026-07-28,,0.00097243,-0.01106798,,0.00173429,,,-0.00083702
2026-07-29,,-0.00463124,0.00550876,,0.01206472,,,0.00679751
2026-07-30,,0.01005500,0.01076685,,0.01871830,,,-0.00697141
2026-07-31,,-0.00337494,-0.00068532,,0.00531859,,,0.00265069
2026-08-03,,0.00101324,-0.00499095,,-0.00133659,,,0.00080297
2026-08-04,,0.00638572,-0.00016592,,-0.00476777,,,-0.00050742
2026-08-05,,0.00211953,0.00217835,,-0.00221655,,,0.00343560
2026-08-06,,-0.00285230,0.00327199,,0.00179138,,,0.00124165
2026-08-07,,0.00756788,0.00421964,,-0.00974277,,,-0.00015713
2026-08-10,,0.00000573,0.01339707,,0.00697950,,,0.00005256
2026-08-11,,-0.00236984,-0.00269420,,-0.00132375,,,0.00131974
2026-08-12,,0.00488147,0.00413069,,-0.00185234,,,0.00284464
2026-08-13,,0.00189913,-0.00523384,,0.00746460,,,-0.00049368
2026-08-14,,-0.00040869,0.00385456,,-0.00484993,,,0.00126158
2026-08-17,,-0.00024201,0.00850288,,-0.01099920,,,-0.00105504
2026-08-18,,-0.00477810,-0.00909639,,0.00774159,,,-0.00022070
2026-08-19,,0.01230231,0.00748555,,0.00573248,,,0.00305119
2026-08-20,,-0.00104790,0.00563370,,-0.00611440,,,-0.00073697
2026-08-21,,0.00426329,0.00857092,,-0.00526236,,,0.00130625
2026-08-24,,0.00022491,-0.00374594,,0.00419051,,,-0.00017300
2026-08-25,,0.00581562,-0.00205624,,-0.00138701,,,0.00132868
2026-08-26,,-0.00348959,-0.00107503,,0.00619454,,,0.00105465
2026-08-27,,0.00056428,0.00505908,,-0.00218864,,,-0.00295759
2026-08-28,,-0.00725421,-0.00416548,,0.00241836,,,-0.00199090
2026-08-31,,0.00007842,0.00468416,,0.00132097,,,0.00226425
2026-09-01,,-0.00405335,0.00217926,,-0.01234583,,,-0.00319392
2026-09-02,,0.00509512,0.00825222,,0.00209727,,,-0.00334405
2026-09-03,,0.00800141,0.00397289,,0.00612011,,,0.00199119
2026-09-04,,-0.00328090,-0.00167142,,0.00095296,,,0.00021429
2026-09-08,,0.00031615,0.00268662,,-0.00754498,,,-0.00213000
2026-09-09,,-0.00710581,0.00116195,,0.00112017,,,0.00163867
2026-09-10,,-0.01022951,0.00192824,,-0.00193908,,,-0.00419329
2026-09-11,,0.00522857,0.00206839,,0.00538102,,,-0.00604114
