time,open,high,low,close,Volume,Volume MA
1749475800,599.74,599.99,599.65,599.65,3697544,
1749475800.001,598.49,598.83,598.49,598.83,1848771,
1749475800.002,599.71,600.0500000000001,599.71,600.0500000000001,2645305,
1749479400,600.4,600.4,600.06,600.06,1322652,
1749479400.001,599.03,599.37,599.03,599.37,3783990,
1749483000,600.02,600.12,599.78,600.12,3915661,
1749486600,601.13,601.13,600.79,600.79,2555795,
1749490200,600.5600000000001,600.9000000000001,600.5600000000001,600.9000000000001,762028,
1749490200.001,601.25,601.25,600.91,600.91,4380677,
1749493800,600.33,600.6700000000001,600.33,600.6700000000001,5304482,
1749497400,600.74,600.74,600.4,600.4,2049133,
1749497400.001,599.42,599.76,599.42,599.76,3686764,
1749562200,600.22,600.5,600.16,600.5,3275261,
1749562200.001,601.27,601.5300000000001,601.19,601.5300000000001,4152992,
1749565800,601.8100000000001,601.8100000000001,601.47,601.47,1257681,
1749565800.001,600.88,601.17,600.8299999999999,600.8299999999999,4795143,
1749569400,599.09,599.4300000000001,599.09,599.4300000000001,1768731,
1749569400.001,601.98,602.0600000000001,601.72,602.0600000000001,5068897,
1749573000,602.67,602.67,602.3299999999999,602.3299999999999,1100055,
1749573000.001,601.91,602.01,601.67,601.67,4507656,3093960.9
1749576600,600.12,600.46,600.12,600.46,1502551,2984211.25
1749576600.001,600.92,601.19,600.85,601.19,5990460,3191295.7
1749580200,603.47,603.47,603.13,603.13,1996820,3158871.45
1749580200.001,602.63,602.63,602.29,602.29,4120774,3298777.55
1749583800,601.61,601.95,601.61,601.95,2060387,3212597.4
1749583800.001,603.23,603.4000000000001,603.0600000000001,603.4000000000001,4122828,3222955.75
1749648600,604.19,604.19,603.85,603.85,2062442,3198288.1
1749648600.001,602.25,602.59,602.25,602.59,2062442,3263308.8
1749648600.002,604.89,605.0600000000001,604.72,604.72,5882305,3338390.2
1749652200,603.46,603.8000000000001,603.46,603.8000000000001,1273287,3136830.45
1749652200.001,604.22,604.44,604.1,604.1,4399515,3254349.55
1749655800,601.96,602.3000000000001,601.96,602.3000000000001,1466504,3143336.55
1749655800.001,603.22,603.22,602.88,602.88,2071317,3083139.35
1749659400,602.74,603.08,602.74,603.08,1035658,2927272.65
1749659400.001,604.4300000000001,604.45,604.11,604.11,8096552,3269216.2
1749663000,599.27,599.61,599.27,599.61,2353631,3147140.6
1749663000.001,600.71,601.0500000000001,600.71,601.0500000000001,4291967,3273302.4
1749666600,602.16,602.16,601.8199999999999,601.8199999999999,2145983,3127156.7
1749666600.001,599.86,600.2,599.86,600.2,2145983,3179453.1
1749666600.002,600.48,600.48,600.14,600.14,3980612,3153100.9
1749670200,599.73,600.07,599.73,600.07,1990305,3177488.6
1749670200.001,601.59,601.59,601.25,601.25,4125487,3084239.95
1749735000,600.02,600.02,599.68,599.68,2135181,3091158
1749735000.001,599.52,599.86,599.52,599.86,2135181,2991878.35
1749735000.002,602.64,602.82,602.48,602.82,6171799,3197448.95
1749738600,603.62,603.62,603.28,603.28,2018309,3092223
1749738600.001,601.54,601.88,601.54,601.88,2018308,3090016.3
1749738600.002,602.45,602.45,602.11,602.11,2770503,3125419.35
1749742200,601.74,602.08,601.74,602.08,1385251,2900566.65
1749742200.001,603.32,603.33,602.99,603.33,3704797,3022142.15
1749745800,603.42,603.42,603.0799999999999,603.0799999999999,1159773,2860155.05
1749745800.001,602.02,602.36,602.02,602.36,1159772,2844818.45
1749745800.002,602.98,603.3100000000001,602.97,603.3100000000001,1891204,2835812.8
1749749400,603.5600000000001,603.5600000000001,603.22,603.22,945601,2831309.95
1749749400.001,602.42,602.76,602.42,602.76,945601,2473762.4
1749749400.002,602.8100000000001,602.84,602.5,602.5,2716718,2491916.75
1749753000,602.46,602.8000000000001,602.46,602.8000000000001,1358359,2345236.35
1749753000.001,603.57,603.57,603.23,603.23,4951608,2485517.6
1749756600,602.39,602.73,602.39,602.73,1796624,2468049.65
1749756600.001,603.72,603.72,603.38,603.38,4638792,2500958.65
1749821400,598.5,598.84,598.5,598.84,2842168,2543551.8
1749821400.001,600.37,600.37,600.03,600.03,2842168,2479385.85
1749821400.002,596.63,596.97,596.63,596.97,8242604,2784757
1749825000,600.67,600.67,600.3299999999999,600.3299999999999,4474841,2901740
1749828600,600.29,600.63,600.29,600.63,1337348,2660017.45
1749828600.001,601.85,601.85,601.51,601.51,1337348,2625969.4
1749828600.002,600.88,601.22,600.88,601.22,2554671,2652787.55
1749832200,601.49,601.49,601.15,601.15,1277335,2578129.15
1749832200.001,599.17,599.51,599.17,599.51,1277335,2572733.35
1749832200.002,599.53,599.86,599.52,599.86,3801853,2577586.15
1749835800,600.29,600.29,599.9499999999999,599.9499999999999,1900926,2614643.8
1749835800.001,597,597.34,597,597.34,8079762,2960643.3
1749839400,597.6800000000001,597.6800000000001,597.34,597.34,3089418,3020554
1749839400.001,595.59,595.9300000000001,595.59,595.9300000000001,3089418,3127744.85
1749839400.002,596.27,596.28,595.9399999999999,595.9399999999999,5657204,3363325
1749843000,595.48,595.82,595.48,595.82,2828602,3368919.2
1749843000.001,597.25,597.2900000000001,596.95,597.2900000000001,6092856,3605644.05
1750080600,600.4,600.5600000000001,600.22,600.5600000000001,6528508,3684489.05
1750080600.001,604.19,604.4100000000001,604.07,604.4100000000001,6732536,3931284.65
1750084200,604.45,604.45,604.11,604.11,1734140,3786052.05
1750084200.001,603.27,603.61,603.27,603.61,4232816,3855584.45
1750087800,603.84,603.84,603.5,603.5,1249337,3775942.9
1750087800.001,602.77,603.02,602.68,602.68,3540796,3540852.5
1750091400,602.33,602.6700000000001,602.33,602.6700000000001,1145729,3374396.9
1750091400.001,603.5600000000001,603.71,603.37,603.37,4719067,3543482.85
1750095000,602.13,602.47,602.13,602.47,1191112,3536171.05
1750095000.001,602.5600000000001,602.77,602.43,602.43,5186962,3667785.6
1750098600,601.64,601.98,601.64,601.98,1728987,3690368.2
1750098600.001,602.0500000000001,602.13,601.79,602.13,6675907,3960296.8
1750102200,602.8000000000001,602.8000000000001,602.46,602.46,4492276,3994817.95
1750167000,600.22,600.22,599.88,599.88,2266974,4013120.35
1750167000.001,599.1800000000001,599.5200000000001,599.1800000000001,599.5200000000001,2266974,3722480.95
1750167000.002,601.64,601.64,601.3,601.3,2266974,3681358.75
1750167000.003,601.17,601.48,601.14,601.48,2518744,3652825.05
1750170600,601.75,601.75,601.41,601.41,1259371,3432933.4
1750170600.001,600.37,600.5600000000001,600.22,600.5600000000001,4843881,3533697.35
1750174200,601.58,601.58,601.24,601.24,1194836,3288796.35
1750174200.001,601.15,601.49,601.15,601.49,3559842,3140363.05
1750177800,601.59,601.59,601.25,601.25,1779921,2892732.3
1750177800.001,598.99,599.33,598.99,599.33,6788070,3145428.8
1750181400,599.9,599.9,599.56,599.56,2504074,3058991.7
1750181400.001,596.96,597.3000000000001,596.96,597.3000000000001,2504074,3121728.55
1750181400.002,597.39,597.4,597.06,597.06,3952170,3142297.25
1750185000,596.76,597.1,596.76,597.1,1976085,3183815.05
1750185000.001,598.37,598.58,598.24,598.58,6450065,3270364.95
1750188600,598.61,598.61,598.27,598.27,2236990,3322658.85
1750188600.001,597.29,597.63,597.29,597.63,4331280,3279874.75
1750253400,598.44,598.44,598.1,598.1,2094289,3298139.85
1750253400.001,597.36,597.7,597.36,597.7,2094289,3069058.95
1750253400.002,601.04,601.11,600.77,601.11,4018875,3045388.9
1750257000,601.22,601.22,600.88,600.88,962292,2980154.8
1750257000.001,599.9,600.24,599.9,600.24,2579420,2995777.1
1750260600,600.52,600.52,600.18,600.18,808564,2922856.6
1750260600.001,599.4,599.74,599.4,599.74,2329267,2913382.75
1750264200,600.11,600.11,599.77,599.77,760352,2888431.8
1750264200.001,598.82,598.88,598.54,598.54,3935746,2843025.05
1750267800,598.04,598.38,598.04,598.38,1587697,2862668.1
1750267800.001,601,601,600.66,600.66,1587696,2764060.8
1750267800.002,599.34,599.6800000000001,599.34,599.6800000000001,6367468,2993438.15
1750271400,600.87,600.87,600.53,600.53,3183734,2813221.35
1750271400.001,596.47,596.8100000000001,596.47,596.8100000000001,3183734,2847204.35
1750271400.002,596.92,596.97,596.63,596.97,5628289,3003415.1
1750275000,598.79,598.79,598.4499999999999,598.4499999999999,1876096,2899611.4
1750275000.001,597.46,597.8000000000001,597.46,597.8000000000001,2639483,2932781.3
1750426200,598.38,598.72,598.38,598.72,2639483,2742252.2
1750426200.001,599.46,599.46,599.12,599.12,2639483,2762376.85
1750426200.002,595.3100000000001,595.6500000000001,595.3100000000001,595.6500000000001,2639482,2677786.95
1750426200.003,596.15,596.49,596.15,596.49,3820513,2764098.15
1750429800,596.61,596.61,596.27,596.27,1910256,2754896.5
1750429800.001,593.5,593.84,593.5,593.84,1910256,2649465.55
1750429800.002,595.11,595.4300000000001,595.09,595.4300000000001,2437452,2723223.55
1750433400,596.37,596.37,596.03,596.03,1218725,2655188.8
1750433400.001,594.23,594.57,594.23,594.57,1218725,2675696.85
1750433400.002,594.9300000000001,595.26,594.92,595.26,2305512,2674509.1
1750437000,595.97,595.97,595.63,595.63,1152756,2694129.3
1750437000.001,593.54,593.5500000000001,593.21,593.21,3865996,2690641.8
1750440600,592.86,593.2,592.86,593.2,1356620,2679087.95
1750440600.001,595.35,595.35,595.01,595.01,1356620,2667534.15
1750440600.002,594.88,595.22,594.88,595.22,2655661,2481943.8
1750444200,595.23,595.23,594.89,594.89,1327830,2389148.6
1750444200.001,593.24,593.58,593.24,593.58,8688395,2664381.65
1750447800,594.97,594.97,594.63,594.63,2453521,2505643.25
1750447800.001,594.23,594.57,594.23,594.57,2577382,2540707.55
1750685400,595.04,595.04,594.6999999999999,594.6999999999999,2577382,2537602.5
1750685400.001,593.6,593.94,593.6,593.94,2577382,2534497.45
1750685400.002,598.29,598.29,597.9499999999999,597.9499999999999,2577382,2531392.4
1750685400.003,597.54,597.77,597.43,597.43,4153754,2607106
1750689000,596.35,596.69,596.35,596.69,4205155,2626338.1
1750692600,596.73,596.73,596.39,596.39,1410285,2601339.55
1750692600.001,594.16,594.3100000000001,593.97,593.97,8941727,2952913.1
1750696200,591.89,592.23,591.89,592.23,3765720,3019326.5
1750696200.001,598,598.0500000000001,597.71,598.0500000000001,9628527,3439816.6
1750699800,599.34,599.34,599,599,1954268,3476593.75
1750699800.001,598.36,598.37,598.03,598.03,3589122,3540774.25
1750703400,597.99,598.33,597.99,598.33,1794561,3572864.5
1750703400.001,599.44,599.44,599.1,599.1,6156619,3687395.65
1750707000,598.92,599.26,598.92,599.26,2181029,3728616.1
1750707000.001,600.54,600.54,600.1999999999999,600.1999999999999,2181029,3769836.55
1750707000.002,600.13,600.47,600.13,600.47,2666437,3770375.35
1750771800,604.33,604.33,603.99,603.99,2666437,3837305.7
1750771800.001,603.41,603.75,603.41,603.75,2666436,3536207.75
1750771800.002,605.45,605.45,605.11,605.11,2666436,3546853.5
1750771800.003,604.6,604.87,604.53,604.87,4278117,3631890.25
1750775400,605.82,605.99,605.65,605.99,4439064,3724974.35
1750779000,606.6,606.83,606.49,606.83,3409776,3766594.05
1750782600,607.17,607.17,606.8299999999999,606.8299999999999,1202717,3697860.8
1750782600.001,606.3000000000001,606.6400000000001,606.3000000000001,606.6400000000001,4331557,3706750.95
1750786200,607.46,607.46,607.12,607.12,1042946,3548640.5
1750786200.001,607,607.21,606.87,607.21,3781250,3667188.75
1750789800,607.69,607.85,607.51,607.51,7835330,3611868.9
1750793400,606.75,607.09,606.75,607.09,4823540,3664759.9
1750858200,607.91,608.25,607.91,608.25,2631903,3314928.7
1750858200.001,608.61,608.61,608.27,608.27,2631903,3348810.45
1750858200.002,607.3100000000001,607.6500000000001,607.3100000000001,607.6500000000001,2631903,3300949.5
1750858200.003,607.69,608.0300000000001,607.69,608.0300000000001,3219131,3372178
1750861800,608.41,608.41,608.0699999999999,608.0699999999999,1609565,3144825.3
1750861800.001,606.86,607.2,606.86,607.2,3680003,3219774
1750865400,607.27,607.27,606.93,606.93,1035219,3162483.5
1750865400.001,606.48,606.82,606.48,606.82,1035218,3080922.55
1750865400.002,606.98,606.98,606.64,606.64,1982144,3046707.9
1750869000,606.26,606.6,606.26,606.6,991072,2962939.7
1750869000.001,607.14,607.14,606.8,606.8,4624736,3060854.7
1750872600,605.54,605.88,605.54,605.88,1211221,2907509.9
1750872600.001,606.38,606.4000000000001,606.0600000000001,606.4000000000001,3157316,2843422.5
1750876200,607.37,607.37,607.03,607.03,1052438,2725555.6
1750876200.001,606.99,606.99,606.65,606.65,3771614,2854000.45
1750879800,606.37,606.71,606.37,606.71,1885807,2731712.95
1750879800.001,607.2,607.4200000000001,607.08,607.4200000000001,3980017,2878566.5
1750944600,609.01,609.01,608.67,608.67,2094211,2794214.55
1750944600.001,608.37,608.71,608.37,608.71,2094211,2507158.6
1750944600.002,609.98,610.26,609.92,610.26,6454403,2588701.75
1750948200,610.87,610.87,610.53,610.53,1453397,2529776.45
1750948200.001,610.09,610.1700000000001,609.83,610.1700000000001,3029663,2549664.45
1750951800,611.13,611.13,610.79,610.79,2418668,2539002.7
1750955400,610.64,610.98,610.64,610.98,704390,2413265.65
1750955400.001,611.28,611.49,611.15,611.49,4391558,2552365.3
1750959000,612.12,612.12,611.78,611.78,1229055,2429817.9
1750959000.001,611.72,611.91,611.5699999999999,611.5699999999999,4461633,2601138.6
1750962600,611.1,611.44,611.1,611.44,1487210,2623738.2
1750962600.001,611.64,611.64,611.3,611.3,5229500,2786106
1750966200,611.23,611.57,611.23,611.57,2614749,2867289.85
1750966200.001,612.3100000000001,612.3100000000001,611.97,611.97,2614749,2766790.5
1750966200.002,611.89,612.23,611.89,612.23,2306266,2821542.75
1751031000,612.88,613.0400000000001,612.7,613.0400000000001,4612530,2894303.45
1751031000.001,615.5,615.5,615.16,615.16,2306265,2956994.8
1751031000.002,614.9,614.94,614.6,614.94,3554984,2946163.3
1751034600,615.5500000000001,615.6400000000001,615.3000000000001,615.6400000000001,4561524,3079949.15
1751038200,616.35,616.39,616.05,616.05,3823374,3072117
1751041800,615.26,615.58,615.24,615.24,7806149,3357713.9
1751045400,612.33,612.34,612,612,8760124,3691009.55
1751049000,610.83,611.1700000000001,610.83,611.1700000000001,3228919,3529735.35
1751049000.001,612.71,612.72,612.38,612.72,12948500,4104490.5
1751052600,615.14,615.2,614.86,615.2,5594815,4232748.1
1751290200,617.36,617.49,617.15,617.15,4709910,4347310.2
1751290200.001,615.9300000000001,616.2700000000001,615.9300000000001,616.2700000000001,2354954,4429838.4
1751290200.002,616.7,616.78,616.4399999999999,616.4399999999999,4166381,4418579.55
1751293800,615.69,616.0300000000001,615.69,616.0300000000001,1388793,4426566.45
1751293800.001,616.21,616.44,616.1,616.44,2805760,4343772.8
1751297400,616.92,616.92,616.5799999999999,616.5799999999999,935253,4316174.95
1751297400.001,616.26,616.5400000000001,616.2,616.5400000000001,2787950,4194097.45
1751301000,617.13,617.13,616.79,616.79,929316,4109825.8
1751301000.001,616.52,616.64,616.3,616.3,4964565,4227316.6
1751304600,615.04,615.38,615.04,615.38,1654855,4194746.05
1751304600.001,616.04,616.04,615.6999999999999,615.6999999999999,5386539,4233446.5
1751308200,615.32,615.6600000000001,615.32,615.6600000000001,2693269,4252796.7
1751308200.001,618.25,618.25,617.91,617.91,2693269,4209710.95
1751308200.002,617.9,618.24,617.9,618.24,8340284,4398648.95
1751311800,619.22,619.22,618.88,618.88,4170142,4415987.35
1751311800.001,617.4,617.74,617.4,617.74,4170141,4234186.95
1751311800.002,617.88,617.88,617.54,617.54,2172679,3904814.7
1751376600,616.36,616.6,616.26,616.6,4345357,3960636.6
1751376600.001,618.07,618.07,617.73,617.73,2172678,3421845.5
1751376600.002,617.12,617.12,616.78,616.78,4403816,3362295.55
1751380200,615.52,615.86,615.52,615.86,2201908,3236895.45
1751380200.001,617.61,617.61,617.27,617.27,5118860,3375090.75
1751383800,616.08,616.4200000000001,616.08,616.4200000000001,1458475,3239695.45
1751383800.001,618.1,618.1,617.76,617.76,1458475,3243179.55
1751383800.002,617.32,617.34,617,617.34,3471189,3276451
1751387400,618.26,618.4200000000001,618.08,618.4200000000001,3606678,3410022.25
1751391000,618.83,618.83,618.49,618.49,1224808,3331865.15
1751391000.001,617.76,618.01,617.67,617.67,5012535,3536026.1
1751394600,616.7,617.0400000000001,616.7,617.0400000000001,1893863,3382491
1751394600.001,618.51,618.71,618.37,618.71,6119429,3605719.7
1751398200,618.72,618.72,618.38,618.38,2112783,3442031.9
1751398200.001,617.4300000000001,617.5600000000001,617.22,617.22,6345605,3624648.7
1751463000,616.61,616.95,616.61,616.95,2116411,3595805.8
1751463000.001,618.72,618.72,618.38,618.38,5546928,3456138
1751466600,618.2,618.5400000000001,618.2,618.5400000000001,1715258,3333393.8
1751466600.001,619.16,619.16,618.8199999999999,618.8199999999999,1715258,3210649.65
1751466600.002,618.79,619.08,618.74,619.08,3377370,3270884.2
1751470200,619.46,619.46,619.12,619.12,3074877,3207360.2
1751473800,619,619.34,619,619.34,974543,3147453.45
1751473800.001,619.67,619.67,619.3299999999999,619.3299999999999,2949833,3074754.3
1751477400,619.23,619.57,619.23,619.57,987645,3014041.15
1751477400.001,619.72,619.9200000000001,619.58,619.9200000000001,5036267,3009911.5
1751481000,620.17,620.17,619.8299999999999,619.8299999999999,1349540,3004464.75
1751481000.001,619.76,619.95,619.61,619.95,5810820,3222082
1751484600,620.49,620.73,620.39,620.73,4598420,3278443.55
1751549400,622.45,622.7700000000001,622.4300000000001,622.7700000000001,5322959,3364257.6
1751549400.001,625.11,625.13,624.79,625.13,7072577,3656646.05
1751553000,625.78,625.78,625.4399999999999,625.4399999999999,1470366,3479537.6
1751553000.001,625.42,625.7,625.36,625.7,4918068,3630747.85
1751556600,626.08,626.08,625.74,625.74,3646765,3507114.65
1751560200,625.73,626.07,625.73,626.07,2007409,3501845.95
1751560200.001,626.28,626.28,625.9399999999999,625.9399999999999,2007408,3284936.1
1751560200.002,624.87,625.21,624.87,625.21,2007408,3279485.95
1751560200.003,625.35,625.35,625.01,625.01,1596279,3081953.5
1751895000,623.35,623.69,623.35,623.69,1596279,3076004.55
1751895000.001,624.03,624.03,623.6899999999999,623.6899999999999,1596278,3070055.55
1751895000.002,622.53,622.87,622.53,622.87,1596278,2981000.95
1751895000.003,623.04,623.11,622.77,622.77,3994266,3026970.4
1751898600,621.5600000000001,621.9000000000001,621.5600000000001,621.9000000000001,1331422,3044814.35
1751898600.001,622.07,622.29,621.9499999999999,621.9499999999999,6991033,3246874.35
1751902200,619.24,619.58,619.24,619.58,2330344,3314009.3
1751902200.001,620.58,620.9000000000001,620.5600000000001,620.9000000000001,3011166,3212754.25
1751905800,621.24,621.24,620.9,620.9,1505582,3220556.35
1751905800.001,619.48,619.82,619.48,619.82,1505582,3005294.45
1751905800.002,620.19,620.5,620.16,620.5,4030788,2976912.85
1751909400,621.41,621.41,621.0699999999999,621.0699999999999,2015394,2811534.6
1751909400.001,617.88,618.21,617.87,618.21,7126264,2814218.95
1751913000,620.39,620.39,620.05,620.05,1703623,2825881.8
1751913000.001,619.46,619.73,619.39,619.73,7260713,2943014.05
1751916600,621,621.12,620.78,621.12,4170104,2969181
1751981400,621.35,621.66,621.3199999999999,621.3199999999999,3499733,3043797.2
1751981400.001,619.64,619.98,619.64,619.98,1749866,3030920.1
1751981400.002,620.01,620.35,620.01,620.35,3626852,3111892.3
1751985000,621.5,621.5,621.16,621.16,1813426,3122749.65
1751985000.001,619.52,619.86,619.52,619.86,1813425,3133606.95
1751985000.002,619.96,620.3000000000001,619.96,620.3000000000001,3690242,3238305.15
1751988600,622.11,622.11,621.77,621.77,5822682,3449625.35
1751992200,619.84,620.1800000000001,619.84,620.1800000000001,1530867,3326455.4
1751992200.001,620.84,621.1700000000001,620.83,621.1700000000001,1931743,3356471.45
1751995800,621.3100000000001,621.3100000000001,620.97,620.97,965871,3055213.35
1751995800.001,620.2,620.5400000000001,620.2,620.5400000000001,965871,2986989.7
1751995800.002,620.65,620.92,620.5799999999999,620.5799999999999,3553668,3014114.8
1751999400,620.09,620.4300000000001,620.09,620.4300000000001,1184555,2998063.45
1751999400.001,620.51,620.8100000000001,620.47,620.47,5701860,3207877.35
1752003000,619.99,620.33,619.99,620.33,4087573,3210716.6
1752067800,622.77,622.99,622.65,622.99,4373905,3328642.15
1752067800.001,624.72,624.72,624.38,624.38,2186952,3081676.55
1752067800.002,623.37,623.38,623.04,623.04,7456776,3369334.2
1752071400,620.91,621.25,620.91,621.25,2485592,3130578.15
1752071400.001,622.11,622.44,622.1,622.44,2528143,3048480.1
1752075000,622.54,622.54,622.1999999999999,622.1999999999999,1264071,2936697
1752075000.001,621.3100000000001,621.6500000000001,621.3100000000001,621.6500000000001,1264071,2912407.25
1752075000.002,621.79,621.96,621.62,621.96,2787897,2870459.5
1752078600,622.67,622.67,622.3299999999999,622.3299999999999,929299,2826253.15
1752078600.001,622.32,622.4000000000001,622.0600000000001,622.4000000000001,4047318,2937947.8
1752082200,623.3100000000001,623.3100000000001,622.97,622.97,1349106,2820891
1752082200.001,622.85,623.1600000000001,622.82,623.1600000000001,4556766,2757595.2
1752085800,623.77,623.77,623.43,623.43,5250712,2943587.45
1752089400,623.41,623.75,623.41,623.75,1865895,2940295.05
1752089400.001,624.21,624.37,624.03,624.37,6257241,3204863.55
1752154200,624.42,624.42,624.0799999999999,624.0799999999999,2195672,3266353.6
1752154200.001,623.01,623.35,623.01,623.35,2195672,3198453.8
1752154200.002,623.73,624.07,623.73,624.07,4490292,3363740.65
1752157800,625.58,625.58,625.24,625.24,3465926,3251943.95
1752161400,625.03,625.37,625.03,625.37,984581,3096794.35
1752161400.001,625.78,625.78,625.4399999999999,625.4399999999999,2705306,3013364.4
1752165000,625.24,625.58,625.24,625.58,860362,2947034.9
1752165000.001,626.23,626.4200000000001,626.08,626.4200000000001,4467080,2797550.1
1752168600,626.87,626.87,626.53,626.53,5025384,2924539.7
1752172200,626.09,626.4300000000001,626.09,626.4300000000001,5362710,3066268.05
1752175800,626.67,626.67,626.3299999999999,626.3299999999999,2044164,3105272.7
1752175800.001,625.21,625.5500000000001,625.21,625.5500000000001,2044164,3144277.35
1752175800.002,625.84,625.84,625.5,625.5,2062201,3107992.55
1752240600,622.74,622.74,622.4,622.4,2062201,3164637.65
1752240600.001,621.53,621.87,621.53,621.87,2062201,3065381.8
1752240600.002,624.26,624.34,624,624.34,4961670,3246010
1752244200,624.37,624.37,624.03,624.03,1449735,3090658.45
1752244200.001,622.71,623.0500000000001,622.71,623.0500000000001,1449735,2900609.6
1752244200.002,623.39,623.49,623.15,623.49,4067280,3010678.85
1752247800,624.64,624.64,624.3,624.3,1355760,2765604.8
1752247800.001,623.95,623.95,623.61,623.61,1934558,2752549.1
1752251400,623.5600000000001,623.9000000000001,623.5600000000001,623.9000000000001,967279,2691129.45
1752251400.001,624.58,624.7,624.36,624.36,4530682,2693148.95
1752255000,623.75,624.09,623.75,624.09,1187801,2579242.7
1752255000.001,624.27,624.27,623.93,623.93,3946726,2727349.95
1752258600,623.13,623.47,623.13,623.47,1973363,2690752.8
1752258600.001,624.86,624.86,624.52,624.52,1973363,2746402.85
1752258600.002,624.45,624.58,624.24,624.24,5874045,2816751.1
1752262200,623.47,623.61,623.27,623.27,4189034,2774933.6
1752499800,623.17,623.51,623.17,623.51,2231020,2618349.1
1752499800.001,623.71,623.71,623.37,623.37,2231020,2627691.9
1752499800.002,621.8000000000001,622.1400000000001,621.8000000000001,622.1400000000001,2231019,2637034.65
1752499800.003,622.69,622.71,622.37,622.71,4404990,2754174.1
1752503400,624.14,624.39,624.05,624.05,4369015,2869514.8
1752507000,623.77,623.97,623.63,623.97,3887461,2960777.8
1752510600,624.97,624.97,624.63,624.63,2615058,2843447.2
1752514200,624.42,624.76,624.42,624.76,820768,2811998.85
1752514200.001,625,625.16,624.8199999999999,624.8199999999999,4011720,2940098.1
1752517800,624.46,624.73,624.39,624.39,4142071,2943837.65
1752521400,624.3000000000001,624.6400000000001,624.3000000000001,624.6400000000001,1539209,2953010.1
1752521400.001,624.99,625.08,624.74,625.08,3912574,3051910.9
1752586200,627.51,627.85,627.51,627.85,2373365,3122215.2
1752586200.001,627.86,627.86,627.52,627.52,2373365,3014349.35
1752586200.002,625.26,625.58,625.24,625.24,9133100,3411614.3
1752589800,623.8000000000001,624.1400000000001,623.8000000000001,624.1400000000001,2253245,3326940.25
1752589800.001,625.1,625.39,625.05,625.05,4120251,3434284.65
1752593400,624.01,624.35,624.01,624.35,4650446,3568138.8
1752597000,624.58,624.58,624.24,624.24,1638515,3356362.3
1752597000.001,622.95,623.2900000000001,622.95,623.2900000000001,1638514,3228836.3
1752597000.002,623.86,624.19,623.85,624.19,3580232,3296296.9
1752600600,624.87,624.87,624.53,624.53,7277038,3548597.8
1752604200,623.02,623.36,623.02,623.36,6324207,3753257.2
1752607800,623.8000000000001,623.8000000000001,623.46,623.46,2148165,3640415.95
1752607800.001,622.08,622.4200000000001,622.08,622.4200000000001,4217675,3632848.95
1752672600,623.76,624.1,623.76,624.1,2069510,3541951.4
1752672600.001,624.12,624.12,623.78,623.78,2069509,3514673.95
1752672600.002,621.6800000000001,622.0200000000001,621.6800000000001,622.0200000000001,2069509,3577111
1752672600.003,622.49,622.83,622.49,622.83,9627880,3857919
1752676200,623.37,623.37,623.03,623.03,4813940,3891512.45
1752676200.001,619.46,619.8000000000001,619.46,619.8000000000001,4813940,4055249
1752676200.002,621.32,621.35,621.01,621.01,9486789,4333959.75
1752679800,618.0500000000001,618.3900000000001,618.0500000000001,618.3900000000001,4743394,4452461.2
1752679800.001,622.54,622.54,622.1999999999999,622.1999999999999,4743394,4570962.65
1752679800.002,621.67,621.67,621.3299999999999,621.3299999999999,2684697,4248542.5
1752683400,621.14,621.48,621.14,621.48,1342348,4202997.65
1752683400.001,623.79,623.79,623.4499999999999,623.4499999999999,1342348,4064102.5
1752683400.002,623.1,623.1,622.76,622.76,1755132,3919336.8
1752687000,622.72,623.0600000000001,622.72,623.0600000000001,877566,3881289.35
1752687000.001,623.46,623.69,623.35,623.69,4537786,4026252.95
1752690600,624.52,624.52,624.18,624.18,1220073,3908245
1752690600.001,624.14,624.23,623.89,624.23,4759216,3782353.9
1752694200,624.73,624.73,624.39,624.39,1586405,3545463.8
1752694200.001,624.1800000000001,624.5200000000001,624.1800000000001,624.5200000000001,6192764,3747693.75
1752759000,626.23,626.23,625.89,625.89,2064254,3640022.7
1752759000.001,625.46,625.46,625.12,625.12,3010877,3687091.05
1752762600,625.01,625.35,625.01,625.35,1505438,3658887.5
1752762600.001,626.72,626.9000000000001,626.5600000000001,626.9000000000001,5428478,3826835.95
1752766200,627.51,627.51,627.17,627.17,1307679,3410825.9
1752766200.001,626.85,626.87,626.53,626.87,2871039,3313680.85
1752769800,627.1,627.32,626.98,627.32,4049370,3275452.35
1752773400,627.88,627.99,627.65,627.99,5219403,3062083.05
1752777000,628.4,628.4,628.06,628.06,1396206,2894723.65
1752777000.001,627.98,627.99,627.65,627.99,8680758,3091591.85
1752780600,628.32,628.32,627.98,628.32,5105177,3212615.85
1752845400,629.29,629.47,629.13,629.13,4423182,3366657.55
1752845400.001,627.24,627.4,627.06,627.06,4506512,3524865.75
1752849000,626.91,627.25,626.91,627.25,1147460,3494482.15
1752849000.001,627.91,627.95,627.61,627.95,3454358,3623321.75
1752852600,628.17,628.17,627.8299999999999,627.8299999999999,1153449,3454104.9
1752852600.001,626.54,626.88,626.54,626.88,1153449,3450773.7
1752852600.002,626.96,627.3000000000001,626.96,627.3000000000001,2299138,3327769.8
1752856200,627.39,627.39,627.05,627.05,1149569,3305928
1752856200.001,626.46,626.8000000000001,626.46,626.8000000000001,1149568,3053768.2
1752856200.002,626.94,627,626.66,627,2467296,3073920.3
1752859800,627.53,627.53,627.1899999999999,627.1899999999999,822432,2964498.05
1752859800.001,627.12,627.36,627.02,627.36,2860205,3032236.4
1752863400,627.6,627.6,627.26,627.26,4102254,2965925.2
1752867000,627.01,627.35,627.01,627.35,1574426,2979262.55
1752867000.001,627.76,627.9200000000001,627.58,627.9200000000001,3744074,3022914.3
1753104600,628.76,629.01,628.67,629.01,4339296,3037410.6
1753104600.001,631.33,631.33,630.99,630.99,4686894,3010785.15
1753108200,630.64,630.98,630.64,630.98,1258623,3003906
1753108200.001,631.39,631.54,631.1999999999999,631.1999999999999,4680744,2803905.3
1753111800,630.53,630.87,630.53,630.87,3521302,2724711.55
1753115400,631.49,631.52,631.18,631.18,3074138,2657259.35
1753119000,631.04,631.2,630.86,630.86,7017659,2782816.7
1753122600,629.11,629.45,629.11,629.45,6414314,3046159.4
1753126200,629.6800000000001,629.6800000000001,629.34,629.34,2164247,2981653.85
1753126200.001,628.34,628.6800000000001,628.34,628.6800000000001,2164247,3032193.75
1753126200.002,628.76,629.1,628.76,629.1,5270535,3238048.05
1753191000,629.19,629.19,628.85,628.85,2635267,3254854.5
1753191000.001,626.19,626.5300000000001,626.19,626.5300000000001,2635267,3329139.4
1753191000.002,627.09,627.3100000000001,626.97,627.3100000000001,3654107,3454366.35
1753194600,628.12,628.12,627.78,627.78,1218035,3391903.3
1753194600.001,627.64,627.98,627.64,627.98,2230642,3462313.8
1753198200,628.13,628.13,627.79,627.79,1115320,3375069.55
1753198200.001,627.04,627.38,627.04,627.38,4189273,3379420.5
1753201800,629.22,629.22,628.88,628.88,4636449,3532521.65
1753205400,627.52,627.86,627.52,627.86,1203932,3405514.55
1753205400.001,628.42,628.71,628.37,628.71,4212352,3399167.35
1753209000,629.53,629.5300000000001,629.19,629.5300000000001,5043227,3416984
1753212600,629.73,629.73,629.39,629.39,1819554,3445030.55
1753212600.001,628.75,629.09,628.75,629.09,3895498,3405768.25
1753277400,631.5500000000001,631.75,631.41,631.41,4151886,3437297.45
1753277400.001,629.73,630.07,629.73,630.07,2075943,3387387.7
1753277400.002,630.74,630.74,630.4,630.4,2122479,3142628.7
1753281000,630.09,630.4300000000001,630.09,630.4300000000001,1061239,2874974.95
1753281000.001,630.92,630.92,630.5799999999999,630.5799999999999,4724921,3003008.65
1753284600,630.47,630.8100000000001,630.47,630.8100000000001,1831841,2986388.35
1753284600.001,632.79,632.79,632.4499999999999,632.4499999999999,1831840,2814453.6
1753284600.002,631.69,631.69,631.35,631.69,2619849,2813682.7
1753288200,632.2,632.2,631.86,631.86,4200914,2891965.05
1753291800,631.79,632.13,631.79,632.13,1663816,2792450.5
1753291800.001,633.65,633.65,633.31,633.31,1663815,2814739.5
1753291800.002,633.24,633.3000000000001,632.96,633.3000000000001,4067868,2906600.8
1753295400,633.48,633.48,633.14,633.14,5058431,3103756.35
1753299000,632.94,633.2800000000001,632.94,633.2800000000001,1851237,2986854.55
1753299000.001,634.16,634.5,634.16,634.5,4183470,2964205.6
1753363800,634.59,634.59,634.25,634.25,2332233,3020620.65
1753363800.001,633.99,634.33,633.99,634.33,2332232,2926614.65
1753363800.002,635.39,635.39,635.05,635.05,2332232,2791064.9
1753363800.003,634.82,635.07,634.73,635.07,4155633,2907868.85
1753367400,635.89,635.89,635.55,635.55,1385210,2782354.45
1753367400.001,635.53,635.73,635.39,635.39,3625091,2756014.7
1753371000,634.28,634.62,634.28,634.62,4843635,2894399.3
1753374600,635.98,635.98,635.64,635.64,1211757,2848863.2
1753374600.001,635.38,635.47,635.13,635.47,4791054,3035353.95
1753378200,636.15,636.15,635.81,635.81,1597018,2878958.8
1753378200.001,635.78,635.9300000000001,635.59,635.59,5212932,3048013.35
1753381800,634.69,635.0300000000001,634.69,635.0300000000001,1737644,3043303.55
1753381800.001,635.47,635.58,635.24,635.24,6892914,3256956.8
1753385400,634.25,634.59,634.25,634.59,3947093,3244265.75
1753450200,635.0600000000001,635.1800000000001,634.84,635.1800000000001,3298910,3326020.45
1753450200.001,635.61,635.63,635.29,635.63,5159251,3500792.25
1753453800,636.13,636.13,635.79,635.79,3474717,3471134.7
1753457400,635.61,635.95,635.61,635.95,1152392,3275832.75
1753457400.001,636.9300000000001,636.94,636.6,636.94,3655670,3366054.4
1753461000,637.13,637.3100000000001,636.97,637.3100000000001,3883008,3351031.3
1753464600,637.53,637.53,637.1899999999999,637.1899999999999,2998023,3384320.8
1753468200,637.17,637.51,637.17,637.51,990915,3317254.95
1753468200.001,637.58,637.58,637.24,637.24,7371051,3569195.9
1753471800,636.63,636.97,636.63,636.97,2126712,3467749.85
1753471800.001,637.03,637.37,637.03,637.37,2124482,3504713.45
1753709400,637.5,637.5,637.16,637.16,2124481,3429682.95
1753709400.001,637.08,637.4200000000001,637.08,637.4200000000001,2124481,3293725.25
1753709400.002,638.04,638.04,637.6999999999999,637.6999999999999,5991691,3532721.95
1753713000,636.33,636.6700000000001,636.33,636.6700000000001,1289069,3357622.7
1753713000.001,637.07,637.32,636.98,637.32,2250643,3390303.95
1753716600,637.65,637.65,637.31,637.31,3523728,3305843.75
1753720200,636.16,636.5,636.16,636.5,3290824,3383502.75
1753723800,636.76,636.76,636.42,636.42,1183160,3098015.05
1753723800.001,635.54,635.88,635.54,635.88,1183159,2959818.35
1753723800.002,636.03,636.04,635.6999999999999,635.6999999999999,2196969,2904721.3
1753727400,635.69,636.0300000000001,635.69,636.0300000000001,1098484,2701682.95
1753727400.001,636.29,636.29,635.9499999999999,635.9499999999999,4012967,2728595.45
1753731000,635.82,636.1600000000001,635.82,636.1600000000001,1457241,2743837.9
1753731000.001,637.02,637.26,636.92,637.26,3310832,2726596
1753795800,638.36,638.67,638.3299999999999,638.3299999999999,3707180,2717804.6
1753795800.001,637.24,637.58,637.24,637.58,1853590,2660582.95
1753795800.002,637.76,637.86,637.52,637.52,5052693,2863671.85
1753799400,635.1800000000001,635.29,634.9499999999999,634.9499999999999,4453492,2717793.9
1753803000,634.69,635.0300000000001,634.69,635.0300000000001,1384631,2680689.85
1753803000.001,636.21,636.21,635.87,635.87,1384631,2643697.3
1753803000.002,635.66,635.66,635.3199999999999,635.3199999999999,2025480,2638747.25
1753806600,635.1,635.44,635.1,635.44,1012739,2583160.15
1753806600.001,636.5600000000001,636.5600000000001,636.22,636.22,1012739,2334212.55
1753806600.002,636.1800000000001,636.39,636.05,636.05,3659345,2452726.35
1753810200,634.94,635.2800000000001,634.94,635.2800000000001,1219781,2401183.25
1753810200.001,635.32,635.6600000000001,635.32,635.6600000000001,2171940,2333593.85
1753813800,635.86,635.86,635.52,635.52,1085970,2223351.15
1753813800.001,635.03,635.07,634.73,634.73,4929128,2410649.55
1753817400,634.34,634.6800000000001,634.34,634.6800000000001,1921579,2447570.55
1753817400.001,635.4,635.58,635.24,635.58,3587842,2517114.2
1753882200,635.96,635.96,635.62,635.62,1666264,2545503.2
1753882200.001,635.29,635.63,635.29,635.63,1666263,2428168
1753882200.002,636.66,636.6600000000001,636.32,636.6600000000001,4017974,2556204.65
1753885800,636.82,636.82,636.48,636.48,1175855,2449455.8
1753885800.001,635,635.34,635,635.34,3973400,2462766.8
1753889400,636.72,636.72,636.38,636.38,2701881,2505181.35
1753893000,636.15,636.35,636.01,636.35,3837773,2444435.35
1753896600,637.11,637.11,636.77,637.11,9537007,2698611.1
1753900200,637.6800000000001,637.6800000000001,637.34,637.34,4227173,2840738.2
1753900200.001,631.54,631.88,631.54,631.88,4227173,2982865.3
1753900200.002,632.09,632.09,631.75,631.75,5365322,3149857.4
1753903800,631.61,631.95,631.61,631.95,2682661,3233353.5
1753903800.001,634.64,634.83,634.49,634.83,5986024,3482017.75
1753968600,639.47,639.8100000000001,639.47,639.8100000000001,3303363,3464218.65
1753968600.001,639.85,639.85,639.51,639.51,3303363,3568397.75
1753968600.002,637.69,638.0300000000001,637.69,638.0300000000001,3303363,3624968.9
1753968600.003,638.82,639.15,638.81,638.81,6945029,3917921.85
1753972200,635.0600000000001,635.4000000000001,635.0600000000001,635.4000000000001,2315009,3787215.9
1753972200.001,636.19,636.45,636.11,636.45,3859932,3884133.55
1753975800,638.23,638.3100000000001,637.97,637.97,5854898,3997486.35
1753979400,634.41,634.75,634.41,634.75,1522751,3990310.7
1753979400.001,634.84,635.1800000000001,634.84,635.1800000000001,5808094,4197402.25
1753983000,635.65,635.65,635.31,635.31,2904046,4141705.85
1753983000.001,631.4300000000001,631.7700000000001,631.4300000000001,631.7700000000001,2904046,4228115.4
1753983000.002,634.21,634.5400000000001,634.2,634.5400000000001,4348003,4246845.55
1753986600,635.13,635.13,634.79,634.79,2174001,4220451.55
1753986600.001,632.62,632.96,632.62,632.96,9848085,4520967.15
1753990200,633.6800000000001,633.6800000000001,633.34,633.34,3837041,4235968.85
1753990200.001,630.77,631.11,630.77,631.11,3837041,4216462.25
1753990200.002,631.97,631.97,631.63,631.63,5383470,4274277.1
1754055000,626.3000000000001,626.34,626,626,10766938,4544357.9
1754055000.001,619.65,619.99,619.65,619.99,5383469,4679398.3
1754055000.002,623.37,623.71,623.37,623.71,6709618,4715578
1754058600,624.07,624.07,623.73,623.73,3354808,4718150.25
1754058600.001,621.39,621.72,621.38,621.72,11126653,5109314.75
1754062200,624.97,624.97,624.63,624.63,2590614,5073677.3
1754062200.001,624.21,624.46,624.12,624.12,10298094,5241330.55
1754065800,620.34,620.57,620.23,620.23,8866381,5568899.15
1754069400,619.29,619.63,619.29,619.63,2716842,5511744.65
1754069400.001,621.8100000000001,621.8100000000001,621.47,621.47,9838803,5710939.9
1754073000,620.95,621.2900000000001,620.95,621.2900000000001,3560980,5812851.35
1754073000.001,623.11,623.11,622.77,622.77,3560980,5700495.65
1754073000.002,621.79,622.12,621.78,622.12,7379450,5924265.85
1754076600,623.3000000000001,623.3000000000001,622.96,622.96,3689724,5963549.75
1754076600.001,620.84,621.1800000000001,620.84,621.1800000000001,3689724,5930635.8
1754076600.002,621.71,622.0500000000001,621.71,622.0500000000001,3074828,5975677.15
1754314200,625.67,625.9200000000001,625.58,625.9200000000001,6149656,5790755.7
1754314200.001,629.53,629.7,629.36,629.36,8706318,6034219.55
1754317800,628.46,628.8000000000001,628.46,628.8000000000001,1877163,5936225.65
1754317800.001,629,629,628.66,628.66,2748994,5804501.85
1754321400,628.59,628.9300000000001,628.59,628.9300000000001,1374496,5334879.75
1754321400.001,630.17,630.17,629.8299999999999,629.8299999999999,1374496,5134431.1
1754321400.002,629.72,630.0200000000001,629.6800000000001,630.0200000000001,2963424,4947121.4
1754325000,630.52,630.52,630.18,630.18,4892145,5023988.25
1754328600,629.39,629.73,629.39,629.73,1301445,4532727.85
1754328600.001,629.99,630.08,629.74,630.08,4613282,4633861.25
1754332200,630.75,630.75,630.41,630.41,1537760,4195844.55
1754332200.001,630.27,630.27,629.93,629.93,4276001,3966325.55
1754335800,629.92,630.26,629.92,630.26,2138000,3937383.45
1754335800.001,631.22,631.4300000000001,631.09,631.4300000000001,4552602,3673073.4
1754400600,631.8100000000001,632.1500000000001,631.8100000000001,632.1500000000001,2414601,3615754.45
1754400600.001,632.61,632.61,632.27,632.27,2414601,3558435.5
1754400600.002,629.19,629.5300000000001,629.19,629.5300000000001,2414601,3310193.05
1754400600.003,629.86,629.87,629.53,629.53,7790883,3515251
1754404200,627.04,627.38,627.04,627.38,2596960,3460612.8
1754404200.001,628.01,628.01,627.67,627.67,2514500,3432596.4
1754407800,627.16,627.5,627.16,627.5,1257249,3187976.05
1754407800.001,629.19,629.19,628.85,628.85,3526829,2929001.6
1754411400,627.8000000000001,628.1400000000001,627.8000000000001,628.1400000000001,1134790,2891882.95
1754411400.001,629.83,630.0400000000001,629.7,630.0400000000001,3728011,2940833.8
1754415000,630.32,630.32,629.98,629.98,1296610,2936939.5
1754415000.001,628.6,628.71,628.37,628.37,4030352,3069732.3
1754418600,627.87,628.21,627.87,628.21,1366871,2989904.65
1754418600.001,629.11,629.11,628.77,628.77,5995538,3045074.3
1754422200,627.8100000000001,628.1500000000001,627.8100000000001,628.1500000000001,3883205,3174162.3
1754487000,629.0500000000001,629.3900000000001,629.0500000000001,629.3900000000001,2340315,3060513.95
1754487000.001,630.61,630.61,630.27,630.27,2340315,3100641.7
1754487000.002,628.13,628.47,628.13,628.47,2340315,3003857.4
1754487000.003,628.79,628.79,628.4499999999999,628.4499999999999,3233422,3058628.5
1754490600,628.38,628.72,628.38,628.72,1616711,2911833.95
1754490600.001,632.0500000000001,632.0500000000001,631.71,631.71,4337839,3007995.85
1754494200,631.16,631.5,631.16,631.5,1360564,2955294
1754494200.001,632.91,632.91,632.5699999999999,632.5699999999999,1360564,2902592.15
1754494200.002,632.37,632.71,632.37,632.71,1715002,2598798.1
1754497800,632.98,632.98,632.64,632.64,857501,2511825.15
1754497800.001,631.85,632.19,631.85,632.19,857500,2428975.15
1754497800.002,632.29,632.34,632,632.34,2644397,2498332.55
1754501400,633.11,633.11,632.77,632.77,3029957,2473488.95
1754505000,632.49,632.83,632.49,632.83,1074246,2470461.75
1754505000.001,633.19,633.35,633.01,633.35,5413199,2554721.15
1754508600,633.44,633.44,633.1,633.1,2169476,2598364.45
1754508600.001,632.39,632.73,632.39,632.73,5164718,2655082.75
1754573400,636.25,636.59,636.25,636.59,2995242,2736501.3
1754573400.001,636.98,636.98,636.64,636.64,2995241,2586486.45
1754573400.002,633.12,633.46,633.12,633.46,2995241,2542088.25
1754573400.003,633.82,634.1500000000001,633.8100000000001,634.1500000000001,4163449,2633244.95
1754577000,634.24,634.24,633.9,633.9,2081724,2620315.4
1754577000.001,631.76,631.97,631.63,631.63,4875357,2747067.5
1754580600,631.13,631.47,631.13,631.47,1396816,2655237.2
1754580600.001,632.6,632.6,632.26,632.26,1396816,2644242.45
1754580600.002,632.25,632.59,632.25,632.59,3492890,2601995
1754584200,632.61,632.61,632.27,632.27,1746444,2621289
1754584200.001,630,630.34,630,630.34,4946389,2800580.25
1754587800,631.08,631.08,630.74,630.74,1599972,2794828.75
1754587800.001,629.11,629.45,629.11,629.45,1599972,2831952.3
1754587800.002,629.92,629.92,629.5799999999999,629.5799999999999,2603154,2919235
1754591400,629.46,629.8000000000001,629.46,629.8000000000001,1301577,2852094
1754591400.001,630.87,630.87,630.53,630.53,1301577,2765675
1754591400.002,630.27,630.6,630.26,630.6,5048253,2964375.35
1754595000,632.36,632.6400000000001,632.3000000000001,632.6400000000001,4137082,2900569.5
1754659800,634.07,634.08,633.74,634.08,4908663,3037528.85
1754659800.001,636.78,636.78,636.4399999999999,636.4399999999999,3882248,2973405.35
1754663400,636.4300000000001,636.7700000000001,636.4300000000001,636.7700000000001,1427917,2895039.1
1754663400.001,637.04,637.04,636.6999999999999,636.6999999999999,1427917,2816672.9
1754663400.002,635.57,635.9100000000001,635.57,635.9100000000001,1427916,2738306.65
1754663400.003,636.01,636.01,635.67,635.67,2607704,2660519.4
1754667000,634.86,635.2,634.86,635.2,1303852,2621625.8
1754667000.001,637.36,637.36,637.02,637.02,1303852,2443050.55
1754667000.002,636.88,637.12,636.78,636.78,2677893,2507104.4
1754670600,636.13,636.47,636.13,636.47,3564937,2615510.45
1754674200,637.65,637.65,637.31,637.31,890768,2485404.35
1754674200.001,637.22,637.38,637.04,637.38,3812787,2588721.5
1754677800,637.63,637.63,637.29,637.29,1270929,2404948.5
1754677800.001,637.26,637.27,636.93,636.93,5826824,2616291.1
1754681400,636.0500000000001,636.3900000000001,636.0500000000001,636.3900000000001,1942274,2633406.2
1754681400.001,637.14,637.48,637.14,637.48,3582486,2682372.8
1754919000,637.97,637.97,637.63,637.63,1791243,2706856.1
1754919000.001,636.88,637.22,636.88,637.22,1791242,2731339.35
1754919000.002,637.25,637.4300000000001,637.09,637.09,3325163,2645184.85
1754922600,636.53,636.87,636.53,636.87,1108387,2493750.1
1754922600.001,637.09,637.13,636.79,637.13,3643445,2430489.2
1754926200,638.95,638.95,638.61,638.61,1214481,2297100.85
1754926200.001,638.5500000000001,638.61,638.27,638.27,2876246,2369517.3
1754929800,636.91,637.25,636.91,637.25,3628872,2479565.05
1754933400,637.42,637.42,637.0799999999999,637.0799999999999,1335062,2474922.35
1754933400.001,636.28,636.62,636.28,636.62,3394496,2514261.95
1754937000,636.88,636.88,636.54,636.54,1029717,2500555.2
1754937000.001,635.5600000000001,635.9000000000001,635.5600000000001,635.9000000000001,1029717,2486848.45
1754937000.002,636.26,636.38,636.04,636.04,7682133,2737060.45
1754940600,634.66,635,634.66,635,2560711,2686849.15
1754940600.001,635.83,636.1700000000001,635.83,636.1700000000001,3149754,2799798.45
1755005400,638.28,638.28,637.9399999999999,637.9399999999999,3149753,2766646.75
1755005400.001,636.79,637.13,636.79,637.13,3149753,2860587.95
1755005400.002,639.88,639.88,639.54,639.54,3149753,2726734.4
1755005400.003,639.29,639.29,638.9499999999999,638.9499999999999,3443843,2801812.85
1755009000,638.86,639.2,638.86,639.2,1721921,2708784.6
1755009000.001,641.03,641.03,640.6899999999999,640.6899999999999,1721921,2705318.5
1755009000.002,640.48,640.6500000000001,640.3100000000001,640.6500000000001,3280941,2779803.45
1755012600,641.5,641.71,641.37,641.71,3719166,2799503.6
1755016200,641.99,641.99,641.65,641.65,875172,2787842.85
1755016200.001,641.54,641.76,641.42,641.76,2824188,2746880
1755019800,642.62,642.62,642.28,642.28,941395,2733225.7
1755019800.001,642.22,642.32,641.98,642.32,3219732,2750400
1755023400,642.4300000000001,642.4300000000001,642.09,642.09,5151279,2826520.35
1755027000,641.98,642.32,641.98,642.32,2039017,2861718.1
1755027000.001,642.85,642.98,642.64,642.98,4573754,2920681
1755091800,644.91,645.25,644.91,645.25,2534737,2995932
1755091800.001,646.19,646.19,645.85,645.85,2534737,3071183
1755091800.002,643.99,644.33,643.99,644.33,5930818,2983617.25
1755095400,644.4,644.4,644.06,644.06,1698041,2940483.75
1755095400.001,643.07,643.4100000000001,643.07,643.4100000000001,1698041,2867898.1
1755095400.002,643.67,644.01,643.67,644.01,1831234,2801972.15
1755099000,644.26,644.26,643.92,643.92,915617,2690265.35
1755099000.001,643.23,643.27,642.93,642.93,2770451,2671300.25
1755102600,642.6800000000001,643.0200000000001,642.6800000000001,643.0200000000001,927417,2545478.95
1755102600.001,643.7,643.7,643.36,643.36,2703735,2594569.65
1755106200,642.78,643.12,642.78,643.12,888158,2552881.5
1755106200.001,644.2,644.2,643.86,643.86,3316401,2554654.5
1755109800,643.24,643.58,643.24,643.58,1214121,2429402.25
1755109800.001,644.73,644.73,644.39,644.39,1214121,2446349.7
1755109800.002,644.29,644.29,643.9499999999999,643.9499999999999,3310972,2470688.9
1755113400,643.91,644.25,643.91,644.25,1655486,2506393.45
1755113400.001,645.1,645.1,644.76,644.76,3775761,2534194.9
1755178200,642.78,642.78,642.4399999999999,642.4399999999999,2120276,2382644.75
1755178200.001,642.34,642.6800000000001,642.34,642.6800000000001,2120275,2386707.65
1755178200.002,644.62,644.62,644.28,644.28,2120275,2264033.7
1755178200.003,644.24,644.58,644.24,644.58,2909332,2282763.45
1755181800,645.54,645.54,645.1999999999999,645.1999999999999,1454665,2228759.85
1755181800.001,642.96,643.3000000000001,642.96,643.3000000000001,1454665,2004952.2
1755181800.002,643.34,643.6800000000001,643.34,643.6800000000001,2284886,2034294.45
1755185400,644.22,644.22,643.88,643.88,1142443,2006514.55
1755185400.001,642.66,643,642.66,643,1142443,1972075
1755185400.002,643.09,643.33,642.99,643.33,2388496,2045718.95
1755189000,645.0500000000001,645.0600000000001,644.72,644.72,3785947,2096493.75
1755192600,643.91,644.25,643.91,644.25,5029090,2301577.4
1755196200,645.49,645.49,645.15,645.15,1344165,2233598.9
1755196200.001,645.03,645.37,645.03,645.37,3182426,2348312.3
1755199800,645.62,645.62,645.28,645.28,1591213,2262052.9
1755199800.001,644.84,645.1800000000001,644.84,645.1800000000001,3717271,2387210.4
1755264600,645.99,646.09,645.75,645.75,4252116,2539110.15
1755264600.001,643.21,643.5500000000001,643.21,643.5500000000001,2126057,2479864.4
1755264600.002,644.21,644.33,643.99,643.99,3280016,2561090.9
1755268200,643.26,643.6,643.26,643.6,3689171,2556761.4
1755271800,644.14,644.14,643.8,643.8,1297916,2515643.4
1755271800.001,642.52,642.86,642.52,642.86,1297916,2474525.45
1755271800.002,643.29,643.63,643.29,643.63,2747882,2505905.8
1755275400,644.3000000000001,644.32,643.98,644.32,4437774,2582327.9
1755279000,644.88,644.88,644.54,644.54,1173937,2568291.5
1755279000.001,644.53,644.64,644.3,644.3,3982095,2694663
1755282600,643.32,643.6600000000001,643.32,643.6600000000001,1327365,2646786.95
1755282600.001,643.8000000000001,644.13,643.79,643.79,4801176,2829723.6
1755286200,643.13,643.44,643.1,643.1,3393241,2942263.5
1755523800,642.86,642.87,642.53,642.87,3585696,3002123.5
1755523800.001,643.9300000000001,643.9300000000001,643.59,643.59,1792848,2902468.55
1755523800.002,643,643.33,642.99,643.33,2013241,2751676.1
1755527400,643.44,643.44,643.1,643.1,1006620,2734798.85
1755527400.001,642.3000000000001,642.6400000000001,642.3000000000001,642.6400000000001,1006620,2626008.55
1755527400.002,642.73,642.84,642.5,642.84,1804992,2636697.5
1755531000,643.28,643.28,642.9399999999999,642.9399999999999,1872826,2544475.25
1755534600,642.1800000000001,642.5200000000001,642.1800000000001,642.5200000000001,635580,2363648.45
1755534600.001,643.36,643.5,643.16,643.5,2280492,2371370.2
1755538200,643.82,643.82,643.48,643.48,822456,2248492.2
1755538200.001,642.44,642.7800000000001,642.44,642.7800000000001,3762183,2252142.8
1755541800,643.5600000000001,643.5600000000001,643.22,643.22,3462229,2360358.45
1755545400,643.15,643.49,643.15,643.49,1241159,2357520.6
1755545400.001,644,644,643.66,643.66,1241159,2282184.45
1755545400.002,643.27,643.46,643.12,643.46,4742214,2297406.45
1755610200,644.11,644.11,643.77,643.77,2371107,2357264.95
1755610200.001,641.99,642.33,641.99,642.33,2371107,2276715.55
1755610200.002,643.03,643.37,643.03,643.37,4219573,2421325.95
1755613800,643.54,643.54,643.1999999999999,643.1999999999999,2109786,2286756.45
1755613800.001,640.47,640.8100000000001,640.47,640.8100000000001,2109786,2222583.7
1755613800.002,641.61,641.91,641.5699999999999,641.5699999999999,3496059,2218101.85
1755617400,640.17,640.51,640.17,640.51,4103147,2333616.8
1755621000,640.63,640.63,640.29,640.29,1468896,2306399.55
1755621000.001,638.8000000000001,639.1400000000001,638.8000000000001,639.1400000000001,1468896,2329513.35
1755621000.002,639.72,640.0500000000001,639.71,640.0500000000001,2090508,2383707.75
1755624600,640.11,640.11,639.77,639.77,1045254,2345720.85
1755624600.001,638.82,639.1,638.76,638.76,4010896,2452624.35
1755628200,638.48,638.82,638.48,638.82,1482821,2494986.4
1755628200.001,639.28,639.28,638.9399999999999,638.9399999999999,5446317,2653277.65
1755631800,638.72,639.0600000000001,638.72,639.0600000000001,1981748,2711242.25
1755631800.001,639.91,639.91,639.5699999999999,639.5699999999999,6578123,2852039.25
1755696600,639.4,639.66,639.3199999999999,639.3199999999999,9192748,3138565.2
1755696600.001,633.67,633.94,633.6,633.6,9000784,3526546.45
1755700200,632.95,633.2900000000001,632.95,633.2900000000001,2202205,3574598.75
1755700200.001,636.4300000000001,636.4300000000001,636.09,636.09,5456130,3610294.55
1755703800,634.72,635.0600000000001,634.72,635.0600000000001,1626963,3573087.35
1755703800.001,637.48,637.48,637.14,637.14,4624526,3685758.3
1755707400,635.9300000000001,636.2700000000001,635.9300000000001,636.2700000000001,999188,3524739.05
1755707400.001,636.5600000000001,636.9000000000001,636.5600000000001,636.9000000000001,2752142,3556856.85
1755711000,637.96,637.96,637.62,637.62,1376070,3520171.05
1755711000.001,635.21,635.5500000000001,635.21,635.5500000000001,1376070,3414171.6
1755711000.002,635.83,636.09,635.75,636.09,5015675,3459798
1755714600,638.87,638.87,638.53,638.53,1671891,3469947.75
1755714600.001,638.33,638.6600000000001,638.32,638.6600000000001,3874812,3590243.55
1755718200,639.0600000000001,639.0600000000001,638.72,638.72,1937406,3582588.45
1755718200.001,637.8000000000001,638.07,637.73,637.73,4147062,3737678.85
1755783000,636.28,636.28,635.9399999999999,635.9399999999999,2209655,3647616.8
1755783000.001,634.3100000000001,634.6500000000001,634.3100000000001,634.6500000000001,2209655,3683958.5
1755783000.002,637.97,637.97,637.63,637.63,5336133,3678449.3
1755786600,635.3000000000001,635.6400000000001,635.3000000000001,635.6400000000001,1042159,3631469.85
1755786600.001,636.69,637.0300000000001,636.69,637.0300000000001,2029138,3404020.6
1755790200,637.59,637.59,637.25,637.25,1014569,2995111.65
1755790200.001,634.96,635.3000000000001,634.96,635.3000000000001,2795931,2684869
1755793800,636,636,635.66,635.66,890680,2619292.75
1755793800.001,633.8100000000001,634.1500000000001,633.8100000000001,634.1500000000001,890680,2391020.25
1755793800.002,634.4300000000001,634.6800000000001,634.34,634.6800000000001,2705545,2444949.35
1755797400,636.2,636.2,635.86,635.86,901848,2258815.45
1755797400.001,635.5,635.51,635.17,635.17,1955971,2306654.6
1755801000,635.09,635.4300000000001,635.09,635.4300000000001,977985,2217946.75
1755801000.001,636.52,636.52,636.18,636.18,977985,2198042.5
1755801000.002,635.94,635.98,635.64,635.64,4120599,2335268.95
1755804600,635.08,635.4200000000001,635.08,635.4200000000001,1373533,2153161.85
1755804600.001,635.58,635.9200000000001,635.58,635.9200000000001,4894837,2314309.15
1755869400,637.76,637.76,637.42,637.42,4894836,2365310.35
1755869400.001,637.25,637.59,637.25,637.59,4894836,2513181.85
1755869400.002,645.5500000000001,645.5500000000001,645.21,645.21,4894836,2550570.55
1755869400.003,644.11,644.45,644.11,644.45,7082409,2794208.25
1755873000,646.27,646.34,646,646.34,5292967,2948373.85
1755876600,646.5,646.5,646.16,646.16,1466081,2754871.25
1755876600.001,644.7,644.78,644.4399999999999,644.4399999999999,3514059,2878466.25
1755880200,644.29,644.63,644.29,644.63,1023989,2828208.8
1755880200.001,646.26,646.4,646.06,646.06,4138190,2984389.85
1755883800,645.28,645.62,645.28,645.62,3912062,3040196.4
1755887400,645.86,645.86,645.52,645.52,1436997,3067512.25
1755887400.001,645.0500000000001,645.08,644.74,644.74,7181555,3382056
1755891000,644.29,644.63,644.29,644.63,2872278,3390392.65
1755891000.001,645.46,645.46,645.12,645.12,5087125,3599656.5
1756128600,644.03,644.03,643.6899999999999,643.6899999999999,2214847,3612600.3
1756128600.001,643.41,643.75,643.41,643.75,2214846,3674443.35
1756128600.002,644.67,644.67,644.3299999999999,644.3299999999999,2214846,3736286.4
1756128600.003,644.15,644.15,643.81,643.81,2067753,3633644.1
1756132200,643.74,644.08,643.74,644.08,1033876,3616661.25
1756132200.001,645.0500000000001,645.0500000000001,644.71,644.71,2600318,3501935.3
1756135800,644.51,644.85,644.51,644.85,783220,3296354.5
1756135800.001,645.15,645.2800000000001,644.94,645.2800000000001,2172200,3160222.7
1756139400,645.29,645.29,644.9499999999999,644.9499999999999,694489,2950205.35
1756139400.001,644.41,644.75,644.41,644.75,2456317,2718900.75
1756143000,644.82,644.82,644.48,644.48,880914,2498298.1
1756143000.001,643.94,644.28,643.9399999999999,643.9399999999999,3874904,2618739.25
1756146600,643.62,643.84,643.5,643.5,6016486,2743860.6
1756150200,642.35,642.47,642.13,642.13,5335106,2959416.45
1756215000,641.57,641.9100000000001,641.57,641.9100000000001,1831138,2844063.85
1756215000.001,643.27,643.27,642.93,642.93,4500172,2873469.35
1756218600,642.29,642.63,642.29,642.63,2902713,2946755.15
1756222200,643.5500000000001,643.5500000000001,643.21,643.21,1759236,2675639.2
1756225800,642.89,643.23,642.89,643.23,544112,2559230.9
1756225800.001,643.59,643.59,643.25,643.25,2035967,2406673
1756229400,642.4300000000001,642.7700000000001,642.4300000000001,642.7700000000001,745927,2333227
1756229400.001,643.58,643.85,643.51,643.85,4124420,2428705.7
1756233000,644.71,644.71,644.37,644.37,5143268,2575126.8
1756236600,643.92,644.26,643.92,644.26,2008552,2572166.75
1756236600.001,645.51,645.51,645.17,645.17,2008552,2620900.55
1756236600.002,645.13,645.13,644.79,644.79,1782550,2580012.15
1756301400,644.57,644.76,644.42,644.76,3565100,2719106.15
1756301400.001,646.34,646.34,646,646,3584079,2789700.1
1756305000,645.75,646.09,645.75,646.09,900765,2800013.9
1756305000.001,646.54,646.6400000000001,646.3000000000001,646.6400000000001,2577839,2806090
1756308600,646.69,646.69,646.35,646.35,838537,2803971.15
1756308600.001,645.48,645.82,645.48,645.82,838537,2652152.8
1756308600.002,645.96,645.96,645.62,645.62,1712996,2436978.3
1756312200,645.38,645.72,645.38,645.72,856498,2213047.9
1756312200.001,646.5500000000001,646.7800000000001,646.44,646.7800000000001,3336324,2288307.2
1756315800,647.36,647.36,647.02,647.02,4404557,2283526.45
1756319400,645.82,646.1600000000001,645.82,646.1600000000001,1192649,2198023.25
1756319400.001,646.65,646.99,646.65,646.99,2504806,2235301.75
1756323000,647.37,647.37,647.03,647.03,1252403,2270716.3
1756323000.001,646.6,646.94,646.6,646.94,3641832,2351009.55
1756387800,647.27,647.61,647.27,647.61,2389429,2433184.65
1756387800.001,648.09,648.09,647.75,647.75,2389429,2346435.1
1756387800.002,645.34,645.6800000000001,645.34,645.6800000000001,2389428,2208743.1
1756387800.003,645.96,646.2800000000001,645.94,646.2800000000001,3901689,2303399.95
1756391400,647.66,647.66,647.3199999999999,647.3199999999999,1300562,2268000.45
1756391400.001,646.25,646.58,646.24,646.58,2975214,2327633.65
1756395000,648.42,648.42,648.0799999999999,648.0799999999999,3364659,2317611.6
1756398600,647.45,647.7900000000001,647.45,647.7900000000001,790973,2177956.3
1756398600.001,648.13,648.4200000000001,648.08,648.4200000000001,2898147,2277825.4
1756402200,648.6800000000001,648.97,648.63,648.97,4883469,2393106.9
1756405800,649.25,649.2900000000001,648.95,649.2900000000001,5276630,2615011.55
1756409400,649.48,649.48,649.14,649.14,1985412,2672355.3
1756409400.001,648.73,648.89,648.55,648.55,5436165,2858513.75
1756474200,647.46,647.8000000000001,647.46,647.8000000000001,3450753,2988226.5
1756474200.001,647.84,647.84,647.5,647.5,3450753,2993947.95
1756474200.002,643.63,643.97,643.63,643.97,3450753,2946257.75
1756474200.003,644.67,645.01,644.67,645.01,3065209,3039885.75
1756477800,645.11,645.11,644.77,644.77,1532604,2991275.65
1756477800.001,643.14,643.48,643.14,643.48,1532604,3005285.7
1756477800.002,644.41,644.75,644.41,644.75,1959337,2921160.95
1756481400,644.76,644.76,644.42,644.42,979668,2850672.9
1756481400.001,643.71,644.0500000000001,643.71,644.0500000000001,979668,2780184.85
1756481400.002,644.17,644.51,644.17,644.51,1985317,2759979.3
1756485000,645.04,645.04,644.6999999999999,644.6999999999999,992658,2614527.75
1756485000.001,643.46,643.8000000000001,643.46,643.8000000000001,992658,2599132.55
1756485000.002,644,644.1800000000001,643.84,644.1800000000001,2818203,2591282
1756488600,645.01,645.01,644.67,644.67,939401,2470019.1
1756488600.001,644.27,644.51,644.17,644.51,3458724,2603406.65
1756492200,644.99,644.99,644.65,644.65,1152908,2516144.7
1756492200.001,644.58,644.58,644.24,644.24,6033310,2573636.75
1756495800,643.76,644.1,643.76,644.1,3016655,2460638
1756495800.001,645.14,645.14,644.8,644.8,6523138,2687524.3
1756819800,637.5,637.5,637.16,637.16,3506483,2591040.2
1756819800.001,636.0500000000001,636.3900000000001,636.0500000000001,636.3900000000001,3506483,2593826.7
1756819800.002,640.14,640.14,639.8,639.8,3506482,2596613.15
1756819800.003,639.47,639.63,639.29,639.29,4504050,2649278
1756823400,636.17,636.51,636.17,636.51,1501349,2571085
1756823400.001,636.5600000000001,636.57,636.23,636.23,4062889,2697599.25
1756827000,634.92,635.26,634.92,635.26,1354296,2688683.85
1756827000.001,635.61,635.95,635.61,635.95,3380105,2759722.25
1756830600,637.85,637.97,637.63,637.97,4689216,2945199.65
1756834200,639.03,639.03,638.6899999999999,638.6899999999999,1187504,2955591.45
1756834200.001,637.73,637.73,637.39,637.39,2624096,2987530.4
1756837800,637.32,637.6600000000001,637.32,637.6600000000001,1312047,3003499.85
1756837800.001,639.3100000000001,639.38,639.04,639.38,9231714,3415452.65
1756841400,640.49,640.6500000000001,640.3100000000001,640.6500000000001,5444468,3546765.9
1756906200,642.65,642.99,642.65,642.99,2804579,3640024.8
1756906200.001,643.23,643.23,642.89,642.89,2804579,3607317.55
1756906200.002,641.59,641.9300000000001,641.59,641.9300000000001,2804579,3689901.1
1756906200.003,642.36,642.63,642.29,642.63,4930089,3634740.05
1756909800,644.21,644.21,643.87,643.87,1643362,3566075.4
1756909800.001,642.4300000000001,642.4300000000001,642.09,642.09,2284320,3354134.5
1756913400,642,642.34,642,642.34,1142159,3235918.3
1756913400.001,643.13,643.13,642.79,642.79,1142159,3117702.1
1756913400.002,642.4300000000001,642.7700000000001,642.4300000000001,642.7700000000001,2083394,3046547.7
1756917000,642.85,642.85,642.51,642.51,1041696,2873430
1756917000.001,641.4300000000001,641.7700000000001,641.4300000000001,641.7700000000001,1041696,2850447.35
1756917000.002,642.27,642.4300000000001,642.09,642.09,3837849,2839195.35
1756920600,640.54,640.88,640.54,640.88,1279283,2835444.7
1756920600.001,641.13,641.28,640.9399999999999,640.9399999999999,3656396,2849259.25
1756924200,640.46,640.8000000000001,640.46,640.8000000000001,1218798,2675738.35
1756924200.001,641.02,641.35,641.01,641.35,8086701,3020698.2
1756927800,643.73,643.98,643.64,643.98,5145437,3146765.25
1756992600,644.4300000000001,644.4300000000001,644.09,644.09,2449870,3203656.4
1756992600.001,643.51,643.85,643.51,643.85,2449870,2864564.2
1756992600.002,645.3000000000001,645.3000000000001,644.96,644.96,2449870,2714834.3
1756992600.003,644.88,645.1800000000001,644.84,645.1800000000001,4738321,2811521.4
1756996200,646.4300000000001,646.5500000000001,646.21,646.5500000000001,3431786,2842881.75
1756999800,646.59,646.59,646.25,646.25,926172,2748961.4
1756999800.001,645.82,646.1500000000001,645.8100000000001,646.1500000000001,3475340,2676223.95
1757003400,646.97,646.97,646.63,646.63,2875097,2737810.7
1757007000,646.59,646.9300000000001,646.59,646.9300000000001,1012687,2674229.05
1757007000.001,647.61,647.61,647.27,647.27,1012687,2667755.45
1757007000.002,647.23,647.4200000000001,647.08,647.4200000000001,3715598,2796427.4
1757010600,648.25,648.25,647.91,647.91,5833451,2983930.25
1757014200,647.8100000000001,648.1500000000001,647.8100000000001,648.1500000000001,2297459,3046718.4
1757014200.001,649.15,649.33,648.99,649.33,6173448,3303306
1757079000,651.46,651.8000000000001,651.46,651.8000000000001,3875988,3305212.95
1757079000.001,652.21,652.21,651.87,651.87,3875988,3435048.2
1757079000.002,646.0500000000001,646.3900000000001,646.0500000000001,646.3900000000001,3875988,3446027.8
1757079000.003,646.5600000000001,646.66,646.3199999999999,646.3199999999999,8996700,3834922.9
1757082600,643.33,643.6700000000001,643.33,643.6700000000001,2998899,3580532.8
1757082600.001,646.21,646.5500000000001,646.21,646.5500000000001,3156532,3481087.55
1757086200,646.9,646.9,646.56,646.56,1578265,3437507.3
1757086200.001,645.29,645.63,645.29,645.63,1578265,3393927.05
1757086200.002,645.73,645.74,645.4,645.4,2327798,3387823.45
1757089800,645.23,645.57,645.23,645.57,1163899,3209102.35
1757089800.001,646.5500000000001,646.5500000000001,646.21,646.21,1163898,3095707.95
1757089800.002,645.85,646.0600000000001,645.72,645.72,3872128,3243005.75
1757093400,644.61,644.95,644.61,644.95,1290709,3133774.2
1757093400.001,645.71,646.0300000000001,645.69,646.0300000000001,4491648,3214601.75
1757097000,647.41,647.41,647.0699999999999,647.0699999999999,5354400,3431687.4
1757100600,646.15,646.49,646.15,646.49,1928592,3477482.65
1757100600.001,647.27,647.5500000000001,647.21,647.5500000000001,4275722,3505488.85
1757338200,648.62,648.62,648.28,648.28,2347129,3331172.75
1757338200.001,647.75,648.09,647.75,648.09,2347129,3333656.25
1757338200.002,649.0600000000001,649.0600000000001,648.72,648.72,4917540,3270860.85
1757341800,648.66,649,648.66,649,1285205,3141321.7
1757341800.001,649.8100000000001,649.84,649.5,649.5,4440245,3169534.55
1757345400,648.38,648.72,648.38,648.72,2807095,3116089.9
1757349000,648.8000000000001,648.8000000000001,648.46,648.46,877708,2710140.3
1757349000.001,647.78,648.12,647.78,648.12,877707,2604080.7
1757349000.002,648.48,648.6800000000001,648.34,648.34,2823995,2587453.85
1757352600,647.23,647.57,647.23,647.57,941331,2555607.15
1757352600.001,648.4,648.58,648.24,648.24,3855314,2669459.6
1757356200,647.34,647.6800000000001,647.34,647.6800000000001,8594624,2982800.9
1757359800,648.88,649.1400000000001,648.8000000000001,649.1400000000001,6865092,3267860.55
1757424600,649.73,649.73,649.39,649.39,2214293,3320380.3
1757424600.001,648.4300000000001,648.76,648.42,648.42,5825068,3418027.3
1757428200,647.22,647.5600000000001,647.22,647.5600000000001,1805387,3443761.2
1757428200.001,648.84,648.84,648.5,648.5,3974137,3417885.65
1757431800,648.04,648.38,648.04,648.38,1084375,3204384.4
1757431800.001,649.0600000000001,649.11,648.77,649.11,4249077,3320408.65
1757435400,649.8000000000001,649.82,649.48,649.82,3780048,3295624.95
1757439000,649.99,649.99,649.65,649.65,3122972,3334417.1
1757442600,649.5500000000001,649.8900000000001,649.5500000000001,649.8900000000001,1107295,3272425.4
1757442600.001,650.14,650.14,649.8,649.8,4515920,3252344.4
1757446200,649.7,650.0400000000001,649.7,650.0400000000001,1704313,3273299.8
1757446200.001,650.86,650.86,650.52,650.52,1704313,3136503.2
1757446200.002,650.33,650.6700000000001,650.33,650.6700000000001,3126664,3152481.65
1757511000,653.63,653.63,653.29,653.29,3126664,3264929.45
1757511000.001,652.6800000000001,653.0200000000001,652.6800000000001,653.0200000000001,3126664,3377377.3
1757511000.002,654.5500000000001,654.5500000000001,654.21,654.21,3126663,3392510.7
1757511000.003,653.94,654.03,653.6899999999999,653.6899999999999,5782062,3634547.25
1757514600,652.46,652.8000000000001,652.46,652.8000000000001,1927354,3538149.25
1757514600.001,652.82,653.1600000000001,652.82,653.1600000000001,2159894,3216412.75
1757518200,653.63,653.63,653.29,653.29,1079947,2927155.5
1757518200.001,652.34,652.6800000000001,652.34,652.6800000000001,2998890,2966385.35
1757521800,653.46,653.46,653.12,653.12,959471,2723105.5
1757521800.001,652.11,652.45,652.11,652.45,3463599,2806016.1
1757525400,652.72,652.72,652.38,652.38,1252064,2669912.45
1757525400.001,651.4,651.74,651.4,651.74,4920373,2861712.35
1757529000,652.14,652.14,651.8,651.8,1834155,2740966.25
1757529000.001,650.63,650.97,650.63,650.97,8286387,2966283.2
1757532600,652.7,652.7,652.36,652.36,2150743,2917671.75
1757532600.001,652.23,652.57,652.23,652.57,2800053,3002309.65
1757597400,654.1800000000001,654.1800000000001,653.84,653.84,2800052,2916516.25
1757597400.001,653.59,653.9300000000001,653.59,653.9300000000001,2800052,2971303.2
1757597400.002,656.25,656.25,655.91,655.91,6299403,3201057.7
1757601000,655.86,656.2,655.86,656.2,1749675,3132208.25
1757601000.001,657.59,657.76,657.42,657.76,4132833,3182516.7
1757604600,657.8000000000001,657.8000000000001,657.46,657.46,1191579,3085762.45
1757604600.001,656.64,656.98,656.64,656.98,1191579,2989008.25
1757604600.002,657.35,657.5600000000001,657.22,657.22,2513017,2825556
1757608200,656.86,657.2,656.86,657.2,4182359,2938306.25
1757611800,657.66,657.66,657.3199999999999,657.3199999999999,3712857,3015954.4
1757615400,657.16,657.5,657.16,657.5,1298980,3026906.05
1757615400.001,657.83,658.09,657.75,658.09,6056102,3179766.65
1757619000,658.33,658.33,657.99,657.99,2378560,3250721.1
1757619000.001,657.47,657.61,657.27,657.27,7095772,3432329.75
1757683800,657.15,657.49,657.15,657.49,2358606,3487656.85
1757683800.001,658.2,658.3000000000001,657.96,658.3000000000001,4824752,3482875.8
1757687400,658.48,658.48,658.14,658.14,1233073,3452821.7
1757687400.001,657.62,657.64,657.3,657.3,3275739,3202289.3
1757691000,657.21,657.5500000000001,657.21,657.5500000000001,1021333,3145818.8
1757691000.001,658.0600000000001,658.0600000000001,657.72,657.72,2989771,3155304.7
1757694600,657.65,657.99,657.65,657.99,984218,3064513
1757694600.001,658.28,658.28,657.9399999999999,657.9399999999999,3168124,3082916.6
1757698200,657.9,658.24,657.9,658.24,1091953,2822544.1
1757698200.001,658.57,658.85,658.51,658.85,5207664,2995443.55
1757701800,659.11,659.11,658.77,658.77,2057855,2891694.65
1757701800.001,658.07,658.33,657.99,657.99,11547160,3409473.7
1757705400,656.9,657.24,656.9,657.24,3163101,3508049.8
1757705400.001,657.42,657.76,657.42,657.76,2643349,3514566.4
1757943000,659.64,659.82,659.48,659.82,5286697,3569783.3
1757943000.001,660.74,661,660.66,661,5832498,3675765.35
1757946600,661.04,661.04,660.6999999999999,660.6999999999999,1594575,3690545.1
1757946600.001,660.23,660.57,660.23,660.57,4736352,3624557.6
1757950200,660.89,660.89,660.55,660.55,4463113,3728785.25
1757953800,659.53,659.87,659.53,659.87,4773379,3612665.6
1757957400,660.66,660.66,660.3199999999999,660.3199999999999,1211586,3555314.6
1757957400.001,659.9,659.9,659.56,659.56,2907016,3459427.8
1757961000,659.34,659.6800000000001,659.34,659.6800000000001,1453507,3470449.5
1757961000.001,660.16,660.16,659.8199999999999,659.8199999999999,5695237,3591424.4
1757964600,659.76,660.1,659.76,660.1,2120865,3646401
1757964600.001,660.91,661.19,660.85,661.19,5042444,3749034.65
1758029400,661.46,661.78,661.4399999999999,661.4399999999999,5843158,3991981.65
1758029400.001,659.63,659.97,659.63,659.97,5485501,4107850.5
1758033000,660.3000000000001,660.3000000000001,659.96,659.96,1281961,4117350.9
1758033000.001,659.39,659.63,659.29,659.29,3210959,4017515.65
1758036600,659.21,659.5500000000001,659.21,659.5500000000001,964499,3962847.85
1758036600.001,659.96,659.96,659.62,659.62,2577825,3514381.1
1758040200,659.48,659.82,659.48,659.82,806663,3396559.2
1758040200.001,660.44,660.44,660.1,660.1,3166693,3422726.4
1758043800,659.9300000000001,660.2700000000001,659.9300000000001,660.2700000000001,3195691,3318176.1
1758047400,660.74,660.74,660.4,660.4,1204507,3086776.55
1758047400.001,660.03,660.37,660.03,660.37,5725971,3293346.35
1758051000,660.66,660.66,660.3199999999999,660.3199999999999,2260732,3169565.35
1758051000.001,659.6800000000001,660.0200000000001,659.6800000000001,660.0200000000001,6883816,3290600.5
1758115800,660.66,660.66,660.3199999999999,660.3199999999999,2311542,3167508.65
1758115800.001,659.09,659.4300000000001,659.09,659.4300000000001,4327441,3323301.4
1758119400,659.67,659.67,659.3299999999999,659.3299999999999,1007950,3228348.1
1758119400.001,658.87,659.21,658.87,659.21,2255851,3268465.3
1758123000,659.34,659.34,659,659,623951,3014901
1758123000.001,658.73,658.99,658.65,658.65,3183198,3068017.65
1758126600,658.13,658.47,658.13,658.47,853082,2858549.55
1758126600.001,658.65,658.65,658.31,658.31,6532089,2892996.1
1758130200,657.13,657.47,657.13,657.47,3266044,2782023.25
1758130200.001,661.72,661.72,661.38,661.38,3266044,2881227.4
1758130200.002,660.35,660.6800000000001,660.34,660.34,17368928,3589125.85
1758133800,654.3000000000001,654.6400000000001,654.3000000000001,654.6400000000001,5789642,3830383
1758133800.001,660.19,660.5300000000001,660.19,660.5300000000001,4935622,3948272.85
1758137400,660.57,660.57,660.23,660.23,2467810,4031330.2
1758137400.001,658.5,658.84,658.5,658.84,2467810,3996386.05
1758137400.002,659.1800000000001,659.5200000000001,659.1800000000001,659.5200000000001,4399224,4056562.7
1758202200,661.89,661.89,661.55,661.55,4399224,4216298.55
1758202200.001,660.27,660.61,660.27,660.61,4399223,4149961.15
1758202200.002,664.49,664.72,664.38,664.72,8691826,4471515.85
1758205800,664.89,664.89,664.55,664.55,2146301,4234640.1
1758205800.001,662.6,662.94,662.6,662.94,2146301,4226378.05
1758205800.002,663.33,663.33,662.99,662.99,2449339,4132472.95
1758209400,662.1800000000001,662.5200000000001,662.1800000000001,662.5200000000001,1224669,4143308.9
1758209400.001,663.94,663.94,663.6,663.6,1224669,4091749.8
1758209400.002,663.46,663.8000000000001,663.46,663.8000000000001,2115566,4166330.55
1758213000,664.23,664.23,663.89,663.89,1057783,4060059.8
1758213000.001,663.27,663.45,663.11,663.11,4406042,4237707.8
1758216600,662.52,662.86,662.52,662.86,4221442,4122175.45
1758220200,663.51,663.51,663.17,663.17,1552678,4036507.15
1758220200.001,662.34,662.6800000000001,662.34,662.6800000000001,1552677,3950838.8
1758220200.002,662.71,663.04,662.6999999999999,662.6999999999999,8403403,3502562.55
1758223800,661.96,662.3000000000001,661.96,662.3000000000001,5636712,3494916.05
1758288600,662.33,662.6700000000001,662.33,662.6700000000001,2835577,3389913.8
1758288600.001,662.7,662.7,662.36,662.36,2835577,3408302.15
1758288600.002,661.32,661.6600000000001,661.32,661.6600000000001,2835577,3426690.5
1758288600.003,661.92,662.21,661.87,661.87,4668909,3440174.75
1758292200,660.63,660.76,660.42,660.42,4284105,3434418.8
1758295800,660.37,660.71,660.37,660.71,1363901,3282652.7
1758295800.001,662.6800000000001,662.6800000000001,662.34,662.34,3225786,3009350.7
1758299400,662.13,662.47,662.13,662.47,930943,2948582.8
1758299400.001,662.76,662.76,662.42,662.42,3383645,3010450
1758303000,662.33,662.6700000000001,662.33,662.6700000000001,1226351,2949300.6
1758303000.001,662.89,662.89,662.55,662.55,1226351,2949384.7
1758303000.002,662.53,662.76,662.42,662.76,5615899,3168946.2
1758306600,664.0500000000001,664.13,663.79,664.13,7843358,3455335.8
1758310200,664.5500000000001,664.5500000000001,664.21,664.21,2985696,3551731.45
1758310200.001,663.39,663.64,663.3,663.3,5580495,3610454.1
1758547800,662.2,662.51,662.17,662.51,5189600,3658862
1758547800.001,664.14,664.24,663.9,664.24,7600404,3961248.3
1758551400,665.32,665.32,664.98,664.98,1668534,3967041.15
1758551400.001,664.94,664.94,664.6,664.6,3331294,3713435.7
1758555000,664.48,664.82,664.48,664.82,1665647,3514882.45
1758555000.001,665.9300000000001,666.13,665.79,666.13,5785254,3662366.3
1758558600,666.53,666.53,666.1899999999999,666.1899999999999,4099366,3725555.75
1758562200,666.03,666.37,666.03,666.37,1363082,3651931
1758562200.001,666.78,666.8000000000001,666.46,666.8000000000001,4908606,3663915.85
1758565800,667.24,667.29,666.9499999999999,666.9499999999999,7184225,3808921.85
1758569400,666.71,667.0500000000001,666.71,667.0500000000001,7120437,4096748.65
1758634200,667.34,667.34,667,667,2559821,4063450.4
1758634200.001,666.36,666.7,666.36,666.7,5029543,4268380.4
1758637800,666.76,666.76,666.42,666.42,1234860,4160941.15
1758637800.001,666.02,666.24,665.9,665.9,5420316,4370639.4
1758641400,664.97,665.3100000000001,664.97,665.3100000000001,4754171,4547030.4
1758645000,665.84,665.84,665.5,665.5,1679509,4350210.9
1758645000.001,663.69,663.85,663.51,663.51,9510548,4433570.4
1758648600,662.04,662.38,662.04,662.38,2610346,4414802.9
1758648600.001,662.6800000000001,662.99,662.65,662.99,3408878,4306222.05
1758652200,663.32,663.32,662.98,662.98,1704438,4131963.95
1758652200.001,661.98,662.32,661.98,662.32,1704438,3837165.65
1758652200.002,662.37,662.63,662.29,662.63,7256057,4116541.8
1758655800,663.54,663.57,663.23,663.57,4936244,4196789.3
1758720600,664.5,664.61,664.27,664.27,5035116,4365262.75
1758720600.001,662.42,662.76,662.42,662.76,2517558,4201877.95
1758720600.002,663.21,663.5300000000001,663.19,663.5300000000001,2356754,4114747.35
1758724200,663.66,663.66,663.3199999999999,663.3199999999999,1178377,4105512.1
1758724200.001,662.4,662.69,662.35,662.35,8280556,4274109.6
1758727800,659.67,660.01,659.67,660.01,2367393,4033268
1758727800.001,660.91,660.92,660.5799999999999,660.5799999999999,2210740,3787783.15
1758731400,660.4,660.74,660.4,660.74,1105370,3715060.6
1758731400.001,661.6800000000001,661.71,661.37,661.71,4000150,3663590.95
1758735000,661.8000000000001,661.8000000000001,661.46,661.46,1447390,3674217.45
1758735000.001,659.96,660.3000000000001,659.96,660.3000000000001,1447389,3475571.1
1758735000.002,660.39,660.6,660.26,660.6,3702130,3422969.05
1758738600,661.15,661.15,660.81,660.81,1234043,3400695.75
1758738600.001,660.8000000000001,660.83,660.49,660.83,5629285,3206632.6
1758742200,661.38,661.38,661.04,661.04,6357968,3394013.7
1758807000,657.98,657.98,657.64,657.64,4481540,3447646.8
1758807000.001,655.08,655.4200000000001,655.08,655.4200000000001,4481540,3586501.9
1758807000.002,659.15,659.15,658.81,658.81,4481539,3725356.95
1758807000.003,658.48,658.82,658.48,658.82,3638664,3544487.3
1758810600,659.1,659.1,658.76,658.76,1819332,3388641.7
1758810600.001,657.19,657.5300000000001,657.19,657.5300000000001,6324474,3453109.6
1758814200,659.41,659.41,659.0699999999999,659.0699999999999,1501714,3402317.4
1758814200.001,658.01,658.35,658.01,658.35,2645516,3416755.5
1758817800,658.98,658.98,658.64,658.64,1322757,3423974.5
1758817800.001,656.57,656.9100000000001,656.57,656.9100000000001,1322757,3076084.55
1758817800.002,657.3000000000001,657.47,657.13,657.13,7191735,3317301.65
1758821400,654.4,654.74,654.4,654.74,2397245,3326626.9
1758821400.001,656.99,657,656.66,657,5452122,3543964.5
1758825000,658.16,658.16,657.8199999999999,657.8199999999999,1817373,3434825.65
1758825000.001,657.45,657.45,657.11,657.11,3405040,3532708.15
1758828600,657.04,657.38,657.04,657.38,1702520,3545464.7
1758828600.001,658.26,658.2900000000001,657.95,658.2900000000001,5327916,3626754
1758893400,659.51,659.85,659.51,659.85,3625396,3746321.65
1758893400.001,662.37,662.37,662.03,662.03,3625395,3646127.15
1758893400.002,657.88,658.22,657.88,658.22,3625395,3509498.5
1758893400.003,658.78,658.79,658.4499999999999,658.4499999999999,2943652,3432604.1
1758897000,658.0500000000001,658.3900000000001,658.0500000000001,658.3900000000001,1471826,3282118.4
1758897000.001,659.96,659.96,659.62,659.62,3845772,3250330.05
1758900600,658.5,658.84,658.5,658.84,1186973,3127745.5
1758900600.001,660.76,660.76,660.42,660.42,3335459,3203551.85
1758904200,660.07,660.4100000000001,660.07,660.4100000000001,1074243,2941040.3
1758904200.001,661.74,661.74,661.4,661.4,3376523,3034780.75
1758907800,660.76,661.1,660.76,661.1,1151139,2960061.9
1758907800.001,662.02,662.07,661.73,662.07,3202971,3054072.6
1758911400,662.14,662.14,661.8,661.8,1025916,3039230.55
1758911400.001,661.3000000000001,661.6,661.26,661.26,4296425,2894465.05
1758915000,661.15,661.49,661.15,661.49,1635255,2856365.55
1758915000.001,661.95,662.09,661.75,662.09,4320588,2799788.85
1759152600,664.36,664.36,664.02,664.02,2685333,2843186.85
1759152600.001,663.73,664.07,663.73,664.07,2685333,2807201.5
1759152600.002,665.28,665.28,664.9399999999999,664.9399999999999,2685333,2856342.15
1759152600.003,664.76,665.1,664.76,665.1,3300210,2754956.85
1759156200,665.17,665.17,664.8299999999999,664.8299999999999,1650105,2656192.3
1759156200.001,663.21,663.5500000000001,663.21,663.5500000000001,4362551,2693050.1
1759159800,663.8000000000001,663.8000000000001,663.46,663.46,1356223,2579591.5
1759159800.001,662.84,663.1800000000001,662.84,663.1800000000001,1356223,2500220.05
1759159800.002,663.47,663.7,663.36,663.36,2903925,2571825
1759163400,662.4,662.57,662.23,662.23,3556960,2557384.4
1759167000,662.19,662.5300000000001,662.19,662.5300000000001,1294492,2562760.35
1759167000.001,663.6,663.6,663.26,663.26,7198200,2755897.4
1759170600,661.86,662.2,661.86,662.2,1967902,2800580.35
1759170600.001,662.65,662.95,662.61,662.95,7196215,2991564.95
1759174200,663.76,663.76,663.42,663.42,4737344,3170875.2
1759239000,662.92,663.26,662.92,663.26,2338606,3127656.95
1759239000.001,663.5500000000001,663.5500000000001,663.21,663.21,2338605,3193291.4
1759239000.002,661.97,662.3100000000001,661.97,662.3100000000001,2338605,3095400.4
1759239000.003,662.86,663.19,662.85,663.19,3185272,3172901.25
1759242600,663.63,663.63,663.29,663.29,1592635,3036503.6
1759242600.001,661.61,661.95,661.61,661.95,1592635,2981868.7
1759242600.002,662.23,662.23,661.89,662.23,3458589,3020531.5
1759246200,664.0500000000001,664.0500000000001,663.71,663.71,1152863,2943908
1759246200.001,663.41,663.67,663.3299999999999,663.3299999999999,3022887,2930041.85
1759249800,661.78,662.12,661.78,662.12,1007629,2897918.05
1759249800.001,662.13,662.1500000000001,661.8100000000001,662.1500000000001,4513314,2905456.2
1759253400,664.03,664.03,663.6899999999999,663.6899999999999,5073489,3091319.5
1759257000,663.6,663.94,663.6,663.94,1784526,3112734.65
1759257000.001,665.51,665.51,665.17,665.17,9932793,3464178.05
1759260600,664.85,665.19,664.85,665.19,4074133,3490036.7
1759260600.001,666.65,666.65,666.31,666.31,4074133,3629018.75
1759260600.002,666.11,666.11,665.77,665.77,3300041,3434110.8
1759325400,663.16,663.4000000000001,663.0600000000001,663.4000000000001,6600082,3665719.8
1759325400.001,665.71,665.71,665.37,665.37,6524431,3632130.6
1759329000,665.26,665.6,665.26,665.6,1612195,3475873.15
1759329000.001,666.44,666.6500000000001,666.3100000000001,666.6500000000001,5298823,3623884
1759332600,667.1800000000001,667.1800000000001,666.84,666.84,3538208,3683864.15
1759336200,666.4300000000001,666.7700000000001,666.4300000000001,666.7700000000001,1154666,3624667.2
1759336200.001,668.09,668.09,667.75,667.75,3399181,3635362.65
1759339800,667.61,667.95,667.61,667.95,1122258,3611843.8
1759339800.001,668.94,669.07,668.73,669.07,5159585,3790191.3
1759343400,669.37,669.37,669.03,669.03,7531738,3993848.75
1759347000,668.48,668.82,668.48,668.82,4661202,4169265.7
1759411800,670.47,670.57,670.23,670.23,5198428,4278042.75
1759411800.001,668.29,668.63,668.29,668.63,2599214,4357622
1759411800.002,668.71,669.02,668.68,668.68,4344422,4349177.4
1759415400,667.02,667.36,667.02,667.36,1448140,4167909.95
1759415400.001,667.67,667.67,667.3299999999999,667.3299999999999,1831404,4170253.85
1759419000,666.78,667.12,666.78,667.12,915701,3719399.25
1759419000.001,668.42,668.42,668.0799999999999,668.0799999999999,2401521,3635768.65
1759422600,667.5500000000001,667.8900000000001,667.5500000000001,667.8900000000001,742910,3469207.5
1759422600.001,668.71,668.71,668.37,668.37,2796947,3444052.8
1759426200,668.33,668.6700000000001,668.33,668.6700000000001,1027019,3165399.65
1759426200.001,669.67,669.73,669.39,669.39,3829400,3030648.1
1759429800,669.22,669.49,669.15,669.15,6685887,3284332.7
1759433400,668.82,669.1600000000001,668.82,669.1600000000001,1917253,3115254.2
1759433400.001,669.17,669.51,669.17,669.51,2316143,3054150.95
1759498200,669.99,670.2700000000001,669.9300000000001,670.2700000000001,4632284,3228031.85
1759498200.001,671.57,671.6600000000001,671.32,671.6600000000001,6306646,3373405.1
1759501800,672.28,672.28,671.9399999999999,671.9399999999999,1330167,3383800.55
1759501800.001,671.77,671.77,671.43,671.43,2156962,3233669.4
1759505400,671.35,671.69,671.35,671.69,1078481,2911006.55
1759505400.001,672.6800000000001,672.6800000000001,672.34,672.34,5735267,2964709.8
1759509000,670.32,670.33,669.99,669.99,6888729,3049224.85
1759512600,668.16,668.5,668.16,668.5,2668233,3052675.8
1759512600.001,670.95,670.95,670.61,670.61,2668233,2968866.35
1759512600.002,670.52,670.69,670.35,670.35,4436884,3118303.55
1759516200,669.28,669.62,669.28,669.62,4953045,3274385.6
1759519800,670.24,670.24,669.9,669.9,1737042,3315452.65
1759519800.001,668.77,669.11,668.77,669.11,1737041,3282228.65
1759519800.002,669.1800000000001,669.5200000000001,669.1800000000001,669.5200000000001,2843648,3387265.55
1759757400,671.63,671.65,671.31,671.31,5687294,3531782.9
1759757400.001,669.46,669.8000000000001,669.46,669.8000000000001,2843647,3622614.3
1759757400.002,670.52,670.52,670.18,670.18,2204409,3541364.75
1759761000,670.15,670.49,670.15,670.49,1102204,3262180.6
1759761000.001,671.38,671.3900000000001,671.0500000000001,671.3900000000001,3960304,3364333.15
1759764600,671.9300000000001,671.9300000000001,671.59,671.59,2574199,3377235.95
1759768200,671.33,671.6700000000001,671.33,671.6700000000001,810750,3186159.25
1759768200.001,672.32,672.32,671.98,671.98,2805040,3011078.95
1759771800,671.79,672.13,671.79,672.13,997144,2994427.8
1759771800.001,672.47,672.51,672.17,672.17,3988028,3085981.1
1759775400,671.65,671.99,671.65,671.99,4184213,3241267.7
1759779000,672.09,672.09,671.75,671.75,1593626,3034185.65
1759779000.001,671.54,671.88,671.54,671.88,3779316,2878715
1759843800,672.5500000000001,672.8900000000001,672.5500000000001,672.8900000000001,2185689,2854587.8
1759843800.001,672.99,672.99,672.65,672.65,2185689,2830460.6
1759843800.002,671.26,671.6,671.26,671.6,8467053,3031969.05
1759847400,671.69,671.69,671.35,671.35,3140682,2941350.9
1759847400.001,668.8100000000001,669.1500000000001,668.8100000000001,669.1500000000001,3140682,3011532.9
1759847400.002,669.29,669.4,669.06,669.06,8653599,3357360.8
1759851000,667.67,668.01,667.67,668.01,2884532,3359405
1759851000.001,668.4,668.47,668.13,668.47,3758450,3262962.8
1759854600,669.54,669.54,669.1999999999999,669.1999999999999,1252816,3183421.25
1759854600.001,668.99,669.19,668.85,668.85,2957507,3221076.15
1759858200,667.8100000000001,668.1500000000001,667.8100000000001,668.1500000000001,985835,3215257.7
1759858200.001,668.63,668.97,668.63,668.97,1941154,3114300.2
1759861800,669.14,669.14,668.8,668.8,970577,3034119.1
1759861800.001,668.53,668.87,668.53,668.87,5988603,3293011.75
1759865400,669.4,669.47,669.13,669.47,4479426,3376731.05
1759930200,670.26,670.26,669.92,669.92,2806751,3467211.4
1759930200.001,669.42,669.76,669.42,669.76,2806750,3408147.5
1759930200.002,671.96,671.96,671.62,671.62,5846438,3491258.75
1759933800,671.34,671.6800000000001,671.34,671.6800000000001,1519844,3487569.65
1759933800.001,672.73,672.73,672.39,672.39,3477268,3472467.25
1759937400,672.36,672.7,672.36,672.7,978712,3412118.4
1759937400.001,673.1,673.1,672.76,672.76,978711,3351769.5
1759937400.002,672.64,672.64,672.3,672.3,1390716,2997952.65
1759941000,672.23,672.57,672.23,672.57,695358,2875686.45
1759941000.001,673.03,673.14,672.8,672.8,3929747,2915139.7
1759944600,672.47,672.8100000000001,672.47,672.47,3691353,2667027.4
1759948200,672.15,672.49,672.15,672.49,1306611,2588131.35
1759948200.001,673.01,673.01,672.67,672.67,5160809,2658249.3
1759951800,672.66,673,672.66,673,1927099,2691963.45
1759951800.001,673.21,673.4100000000001,673.07,673.4100000000001,4791030,2783639.6
1760016600,673.52,673.86,673.52,673.86,2863932,2877544.45
1760016600.001,673.94,673.94,673.6,673.6,2863932,2923683.35
1760016600.002,671.12,671.46,671.12,671.46,6723657,3211337.35
1760020200,671.85,671.85,671.51,671.51,1929863,3008400.35
1760020200.001,669.97,670.3100000000001,669.97,670.3100000000001,1929863,2880922.2
1760020200.002,670.75,670.75,670.41,670.41,2366166,2858892.95
1760023800,669.99,670.33,669.99,670.33,1183082,2777709.55
1760023800.001,671.58,671.58,671.24,671.24,1183082,2544541.75
1760023800.002,670.97,671.13,670.79,670.79,4079704,2672534.75
1760027400,669.34,669.5500000000001,669.21,669.5500000000001,4624457,2729894.2
1760031000,670.38,670.38,670.04,670.04,1088185,2735367.85
1760031000.001,669.82,669.86,669.52,669.86,3506646,2861764.6
1760034600,670.67,670.7800000000001,670.44,670.7800000000001,7286808,3156569.2
1760038200,671.26,671.51,671.17,671.51,4636314,3353617
1760103000,672.14,672.1400000000001,671.8000000000001,672.1400000000001,5194011,3416830.2
1760103000.001,673.95,673.95,673.61,673.61,2597005,3362112.8
1760103000.002,672.57,672.9100000000001,672.57,672.9100000000001,15389768,4066270.65
1760106600,673.07,673.07,672.73,672.73,7694884,4192974.4
1760106600.001,661.9300000000001,662.2700000000001,661.9300000000001,662.2700000000001,7694884,4481363.65
1760106600.002,662.44,662.7800000000001,662.44,662.7800000000001,11279490,4805786.65
1760110200,664.09,664.09,663.75,663.75,5639745,4944577.3
1760110200.001,659.47,659.8100000000001,659.47,659.8100000000001,5639745,5083367.95
1760110200.002,661.57,661.9100000000001,661.57,661.9100000000001,5607560,5027563.1
1760113800,662.76,662.76,662.42,662.42,2803780,5071258.95
1760113800.001,657.74,658.08,657.74,658.08,2803779,5114954.75
1760113800.002,659.77,660.08,659.74,660.08,3875504,5190421.65
1760117400,660.9300000000001,660.9300000000001,660.59,660.59,1937752,5228155.15
1760117400.001,658.64,658.98,658.64,658.98,1937752,5265888.65
1760117400.002,659.1,659.44,659.1,659.44,4840428,5303924.85
1760121000,659.51,659.51,659.17,659.17,2420213,5193712.65
1760121000.001,655.51,655.85,655.51,655.85,2420213,5260314.05
1760121000.002,655.99,656.33,655.99,656.33,8261294,5498046.45
1760124600,656.8100000000001,656.8100000000001,656.47,656.47,4130647,5340238.4
1760124600.001,652.84,653.1800000000001,652.84,653.1800000000001,8436302,5530237.8
1760362200,660.65,660.65,660.31,660.31,4305655,5485820
1760362200.001,659.8000000000001,660.1400000000001,659.8000000000001,660.1400000000001,4305655,5571252.5
1760362200.002,663.23,663.23,662.89,662.89,4305655,5017046.85
1760362200.003,660.85,660.88,660.54,660.54,3676275,4816116.4
1760365800,659.77,660.11,659.77,660.11,1838137,4523279.05
1760365800.001,662.85,662.85,662.51,662.51,4967166,4207662.85
1760369400,662.23,662.57,662.23,662.57,1564514,4003901.3
1760369400.001,665.13,665.13,664.79,664.79,1564514,3800139.75
1760369400.002,663.49,663.83,663.49,663.83,2056302,3622576.85
1760373000,664.61,664.61,664.27,664.27,1028150,3533795.35
1760373000.001,662.92,663.13,662.79,662.79,2915671,3539389.95
1760376600,662.37,662.71,662.37,662.71,943760,3392802.75
1760376600.001,664.0500000000001,664.27,663.93,663.93,6073378,3599584.05
1760380200,661.6800000000001,662.0200000000001,661.6800000000001,662.0200000000001,1709872,3588190.05
1760380200.001,662.82,662.97,662.63,662.97,5784511,3635394.2
1760383800,663.65,663.65,663.31,663.31,1928170,3610792.05
1760383800.001,663.0500000000001,663.0500000000001,662.71,662.71,3956406,3687601.7
1760448600,657.1800000000001,657.1800000000001,656.84,656.84,3956406,3472357.3
1760448600.001,653.17,653.51,653.17,653.51,3956406,3463645.25
1760448600.002,659.91,660.12,659.78,660.12,6884145,3386037.4
1760452200,661.11,661.11,660.77,660.77,1463870,3243948.15
1760452200.001,659.04,659.38,659.04,659.38,1463870,3101858.9
1760452200.002,659.6800000000001,659.98,659.64,659.98,5456085,3159380.4
1760455800,663.96,663.96,663.62,663.62,4667234,3208928.35
1760459400,663.57,663.9100000000001,663.57,663.9100000000001,1424270,3188235
1760459400.001,665.64,665.6800000000001,665.34,665.6800000000001,3588797,3119316.55
1760463000,665.83,665.83,665.49,665.49,1082263,3095204
1760463000.001,664.39,664.73,664.39,664.73,1082263,3071091.45
1760463000.002,665.12,665.36,665.02,665.02,3197547,3128153.7
1760466600,664.45,664.7900000000001,664.45,664.7900000000001,8613583,3507425.35
1760470200,664.8000000000001,664.8000000000001,664.46,664.46,3773867,3550335.15
1760470200.001,660.28,660.62,660.28,660.62,3773867,3691840.5
1760470200.002,662.2,662.5400000000001,662.2,662.5400000000001,2906215,3533482.35
1760535000,666.82,666.82,666.48,666.48,2906215,3593299.5
1760535000.001,666.0500000000001,666.3900000000001,666.0500000000001,666.3900000000001,2906215,3449384.7
1760535000.002,670.23,670.23,669.89,669.89,2906214,3498286.9
1760535000.003,669.61,669.9,669.56,669.56,3091735,3455053.35
1760538600,667.65,667.84,667.5,667.5,6404878,3577476.95
1760542200,663.92,664.26,663.92,664.26,1791433,3469228.3
1760542200.001,665.59,665.76,665.42,665.42,6819708,3466006.45
1760545800,658.9300000000001,659.2700000000001,658.9300000000001,659.2700000000001,2273236,3506474.75
1760545800.001,660.86,661.0400000000001,660.7,661.0400000000001,3883453,3627453.9
1760549400,664.91,664.91,664.5699999999999,664.5699999999999,1294484,3419373.85
1760549400.001,664.3100000000001,664.5300000000001,664.19,664.5300000000001,3342810,3353152.65
1760553000,665.84,665.84,665.5,665.5,1114270,3337652.65
1760553000.001,665.36,665.46,665.12,665.12,7591871,3537806.35
1760556600,663.25,663.59,663.25,663.59,2530623,3610224.35
1760556600.001,665.08,665.4200000000001,665.08,665.4200000000001,2809566,3696589.5
1760621400,666.82,666.82,666.48,666.48,2809565,3677190.4
1760621400.001,665.42,665.76,665.42,665.76,2809565,3386989.5
1760621400.002,668.08,668.08,667.74,667.74,2809565,3338774.4
1760621400.003,666.9300000000001,667.2700000000001,666.9300000000001,667.2700000000001,3544128,3327287.45
1760625000,668.71,668.71,668.37,668.37,1772064,3270579.9
1760625000.001,665.47,665.8100000000001,665.47,665.8100000000001,1772064,3213872.35
1760625000.002,665.82,666.1500000000001,665.8100000000001,666.1500000000001,4546592,3295891.2
1760628600,666.78,666.78,666.4399999999999,666.4399999999999,2273296,3264245.3
1760628600.001,662.29,662.48,662.14,662.14,8783116,3548814.35
1760632200,659.33,659.6700000000001,659.33,659.6700000000001,3254910,3391315.95
1760632200.001,664.26,664.26,663.92,663.92,3254910,3464489.8
1760632200.002,663.5,663.83,663.49,663.83,4848816,3365945.2
1760635800,664,664,663.66,663.66,2424408,3373503.8
1760635800.001,657.45,657.7900000000001,657.45,657.7900000000001,2424407,3300551.5
1760635800.002,658.39,658.39,658.05,658.05,4700465,3470850.55
1760639400,657.11,657.45,657.11,657.45,2350232,3421221.65
1760639400.001,660.9300000000001,660.9300000000001,660.59,660.59,2350232,3483019.75
1760639400.002,658.91,658.92,658.5799999999999,658.5799999999999,5228646,3364858.5
1760643000,658.14,658.48,658.14,658.48,2614322,3369043.45
1760643000.001,661.25,661.25,660.91,660.91,2614322,3359281.25
1760643000.002,660.65,660.65,660.31,660.31,3842104,3410908.2
1760707800,659.52,659.52,659.18,659.18,3842103,3462535.1
1760707800.001,658.23,658.57,658.23,658.57,3842103,3514162
1760707800.002,663.72,663.72,663.38,663.38,3842103,3529060.75
1760707800.003,662.3100000000001,662.4,662.06,662.06,5644022,3722658.65
1760711400,658.51,658.85,658.51,658.85,1881340,3728122.45
1760711400.001,659.42,659.44,659.1,659.1,3131998,3657392.75
1760715000,658.14,658.48,658.14,658.48,1565999,3622027.9
1760715000.001,663.36,663.45,663.11,663.45,3958306,3380787.4
1760718600,663.64,663.64,663.3,663.3,1196153,3277849.55
1760718600.001,660.5500000000001,660.8900000000001,660.5500000000001,660.8900000000001,1196153,3174911.7
1760718600.002,661.19,661.19,660.85,660.85,2917998,3078370.8
1760722200,660.71,661.0500000000001,660.71,661.0500000000001,1458999,3030100.35
1760722200.001,665.04,665.04,664.6999999999999,664.6999999999999,1458998,2981829.9
1760722200.002,664.63,664.65,664.31,664.31,2760234,2884818.35
1760725800,664.03,664.37,664.03,664.37,1380117,2836312.6
1760725800.001,665.76,665.76,665.42,665.42,1380116,2787806.8
1760725800.002,665.13,665.13,664.79,664.79,5462384,2799493.7
1760729400,664.03,664.37,664.03,664.37,4142804,2875917.8
1760967000,667.3000000000001,667.61,667.27,667.61,4644019,2977402.65
1760967000.001,670.39,670.39,670.05,670.05,4886243,3029609.6
1760970600,669.8100000000001,670.1500000000001,669.8100000000001,670.1500000000001,1282117,2901610.3
1760970600.001,671.46,671.46,671.12,671.12,1282116,2773610.95
1760970600.002,670.92,671.26,670.92,671.26,1993689,2681190.25
1760974200,671.3100000000001,671.3100000000001,670.97,670.97,996844,2448831.35
1760974200.001,670.16,670.5,670.16,670.5,996844,2404606.55
1760974200.002,670.8100000000001,670.8100000000001,670.47,670.47,1645816,2330297.45
1760977800,670.3000000000001,670.6400000000001,670.3000000000001,670.6400000000001,822907,2293142.85
1760977800.001,672.01,672.01,671.67,671.67,822907,2136372.9
1760977800.002,671.61,671.8900000000001,671.5500000000001,671.8900000000001,2109907,2182060.6
1760981400,672.21,672.21,671.87,671.87,703302,2157418.05
1760981400.001,671.84,672.03,671.6899999999999,671.6899999999999,3184726,2170754.45
1760985000,671.1800000000001,671.5200000000001,671.1800000000001,671.5200000000001,1061575,2150883.25
1760985000.001,671.71,672.0500000000001,671.71,672.0500000000001,3473384,2251602.55
1760988600,672.1,672.1,671.76,671.76,1736691,2200425.4
1760988600.001,671.2,671.5400000000001,671.2,671.5400000000001,5937041,2428271.6
1761053400,671.9,671.9,671.56,671.56,2100175,2464274.55
1761053400.001,669.98,670.32,669.98,670.32,2100174,2296164.05
1761053400.002,670.6,670.6,670.26,670.6,4439058,2310976.75
1761057000,672.73,672.73,672.39,672.39,1479686,2152760.1
1761057000.001,671.9,671.9,671.56,671.56,1992950,2008095.45
1761060600,671.4,671.74,671.4,671.74,996475,1993813.35
1761060600.001,672.69,672.97,672.63,672.97,4037444,2131579.75
1761064200,672.99,672.99,672.65,672.65,1520484,2107919.5
1761064200.001,670.76,671.1,670.76,671.1,1520484,2134101.5
1761064200.002,671.61,671.63,671.29,671.29,1669925,2167755.55
1761067800,671.25,671.59,671.25,671.59,834962,2127212.85
1761067800.001,672.52,672.52,672.18,672.18,3461239,2259129.45
1761071400,671.69,672.0300000000001,671.69,672.0300000000001,3533612,2394664.7
1761075000,672.4,672.4,672.06,672.06,1329093,2355624
1761075000.001,671.16,671.5,671.16,671.5,3118195,2476368.65
1761139800,671.98,672.01,671.67,671.67,3578202,2496042.45
1761139800.001,669.32,669.6600000000001,669.32,669.6600000000001,6188316,2752379.5
1761143400,670.41,670.41,670.0699999999999,670.0699999999999,2199607,2688690.65
1761143400.001,667.6,667.94,667.6,667.94,4736591,2838685.65
1761147000,669.77,669.77,669.43,669.43,1268492,2605258.2
1761147000.001,667.15,667.49,667.15,667.49,1268492,2563674.05
1761147000.002,667.62,667.9300000000001,667.59,667.9300000000001,5687964,2743063.55
1761150600,668.22,668.22,667.88,667.88,2843981,2663309.7
1761150600.001,664.01,664.35,664.01,664.35,2843981,2731524.45
1761150600.002,665.42,665.42,665.0799999999999,665.0799999999999,3548456,2809299.75
1761154200,663.3000000000001,663.6400000000001,663.3000000000001,663.6400000000001,1774228,2848187.4
1761154200.001,666.2,666.2,665.86,665.86,1774227,2735026.55
1761154200.002,665.66,665.66,665.3199999999999,665.3199999999999,3579292,2837966.95
1761157800,665.0500000000001,665.3900000000001,665.0500000000001,665.3900000000001,1789646,2851425.05
1761157800.001,667.64,667.64,667.3,667.3,5523373,3044097.45
1761161400,667.29,667.63,667.29,667.63,1866864,3095692.55
1761161400.001,668.36,668.36,668.02,668.02,1866864,3015973.8
1761161400.002,667.79,668.13,667.79,668.13,7077824,3193184.4
1761226200,670.74,670.74,670.4,670.4,2359274,3244693.45
1761226200.001,669.4,669.4,669.06,669.06,2237981,3200682.75
1761229800,668.99,669.33,668.99,669.33,1118990,3077722.15
1761229800.001,670.39,670.39,670.05,670.05,1118990,2824255.85
1761229800.002,670.04,670.04,669.6999999999999,669.6999999999999,1953264,2811938.7
1761233400,668.73,669.07,668.73,669.07,976631,2623940.7
1761233400.001,671.08,671.08,670.74,670.74,976631,2609347.65
1761233400.002,670.54,670.74,670.4,670.74,3486908,2720268.45
1761237000,671.65,671.65,671.31,671.31,1162302,2493985.35
1761237000.001,671.01,671.33,670.99,671.33,3377321,2520652.35
1761240600,672.5500000000001,672.71,672.37,672.37,4035986,2580252.6
1761244200,672.27,672.45,672.11,672.11,7404882,2773073.9
1761247800,671.3000000000001,671.6400000000001,671.3000000000001,671.6400000000001,4659032,2917314.1
1761312600,676.46,676.46,676.12,676.12,2514095,2954307.5
1761312600.001,675.65,675.99,675.65,675.99,2514094,2901047.6
1761312600.002,677.94,677.94,677.6,677.6,2514094,2937270
1761312600.003,676.78,676.78,676.4399999999999,676.4399999999999,3007324,2811467.55
1761316200,675.91,676.25,675.91,676.25,1503662,2793307.45
1761316200.001,678.38,678.46,678.12,678.12,4734539,2936691.2
1761319800,677.47,677.8100000000001,677.47,677.8100000000001,1076959,2636647.95
1761319800.001,677.89,677.89,677.55,677.55,1443872,2590877.85
1761323400,677.21,677.5500000000001,677.21,677.5500000000001,721936,2515075.6
1761323400.001,678.25,678.25,677.91,677.91,2044893,2561370.75
1761327000,677.87,678.21,677.87,678.21,661479,2538495.2
1761327000.001,678.4300000000001,678.4300000000001,678.09,678.09,2680902,2574877.1
1761330600,677.75,678.09,677.75,678.09,1009712,2576531.15
1761330600.001,678.47,678.47,678.13,678.13,8401010,2947750.1
1761334200,676.77,677.11,676.77,677.11,2463766,2896593
1761334200.001,677.12,677.46,677.12,677.46,2461047,2961530.25
1761571800,682.73,682.73,682.39,682.39,2461047,2915716.55
1761571800.001,682.12,682.46,682.12,682.46,2461046,2836969.55
1761571800.002,683.61,683.61,683.27,683.27,2461046,2589777.75
1761571800.003,683.03,683.03,682.6899999999999,682.6899999999999,2273605,2470506.4
1761575400,682.5500000000001,682.8900000000001,682.5500000000001,682.8900000000001,1136802,2401641.75
1761575400.001,683.37,683.5400000000001,683.2,683.5400000000001,3910118,2471442.95
1761579000,683.78,683.84,683.5,683.84,2624773,2476976.9
1761582600,683.88,683.88,683.54,683.54,850167,2369119.05
1761582600.001,683.17,683.51,683.17,683.51,3695949,2478733.4
1761586200,683.99,684.19,683.85,684.19,4718195,2477916.2
1761589800,684.3000000000001,684.5300000000001,684.19,684.5300000000001,9094894,2878812.95
1761593400,685.54,685.54,685.1999999999999,685.1999999999999,2612787,2937258.7
1761593400.001,685.1800000000001,685.5200000000001,685.1800000000001,685.5200000000001,2022739,3002298.85
1761658200,687.07,687.23,686.89,686.89,4045477,3102328.05
1761658200.001,685.12,685.46,685.12,685.46,2022738,3170391
1761658200.002,686.13,686.37,686.03,686.03,2828117,3177751.75
1761661800,685.37,685.53,685.1899999999999,685.1899999999999,2701663,3262349.3
1761665400,684.83,685.1700000000001,684.83,685.1700000000001,879479,2886272.75
1761665400.001,686.22,686.4000000000001,686.0600000000001,686.4000000000001,4801825,3003175.7
1761669000,688.32,688.32,687.98,687.98,1307448,2945495.75
1761669000.001,687.01,687.22,686.88,687.22,3332247,2989055.75
1761672600,688.4,688.4,688.06,688.06,1110748,2921540.85
1761672600.001,688.0500000000001,688.12,687.78,688.12,3726298,2984803.45
1761676200,688.91,688.91,688.5699999999999,688.5699999999999,7539031,3248074.75
1761679800,686.91,687.25,686.91,687.25,4552665,3418867.9
1761744600,688.72,688.72,688.38,688.38,2453687,3346046.35
1761744600.001,688.15,688.49,688.15,688.49,2453687,3337492.05
1761744600.002,689.7,689.7,689.36,689.36,2453687,3417668.05
1761744600.003,688.98,689.11,688.77,688.77,5655415,3515641.35
1761748200,687.8100000000001,688.1500000000001,687.8100000000001,688.1500000000001,1885138,3373988.5
1761748200.001,688.3100000000001,688.32,687.98,687.98,2327938,3035640.7
1761751800,687.59,687.9300000000001,687.59,687.9300000000001,1163969,2963199.8
1761751800.001,688.53,688.8100000000001,688.47,688.47,3132701,3018697.9
1761755400,687.74,687.9300000000001,687.59,687.59,3102695,2971558.8
1761759000,687.33,687.6700000000001,687.33,687.6700000000001,1223226,2931583.2
1761759000.001,688.94,688.94,688.6,688.6,1223226,2851338.65
1761759000.002,688,688.34,688,688.34,8278426,3130176.8
1761762600,688.72,688.72,688.38,688.38,4139212,3293163.45
1761762600.001,682.87,683.21,682.87,683.21,4139212,3260032.8
1761762600.002,685.4300000000001,685.4300000000001,685.09,685.09,4110742,3400197.5
1761766200,684.0500000000001,684.3900000000001,684.0500000000001,684.3900000000001,2055371,3336353.7
1761766200.001,687.36,687.36,687.02,687.02,5312436,3546438.1
1761831000,683.9,684.24,683.9,684.24,3257065,3522976.45
1761831000.001,685.94,685.94,685.6,685.6,3257065,3308878.15
1761831000.002,681.39,681.73,681.39,681.73,3257065,3244098.15
1761831000.003,683.47,683.75,683.41,683.75,3687381,3305782.85
1761834600,685.72,685.72,685.38,685.38,1229126,3244554.8
1761834600.001,684.8000000000001,684.8000000000001,684.46,684.46,2154264,3229583.65
1761838200,683.01,683.35,683.01,683.35,1077132,3000669.5
1761838200.001,685.15,685.15,684.81,684.81,3767515,3094788.35
1761841800,683.07,683.4100000000001,683.07,683.4100000000001,896794,3023231.15
1761841800.001,684.4,684.64,684.3,684.3,3314679,3130766.65
1761845400,682.54,682.88,682.54,682.88,1104892,3029376.2
1761845400.001,682.94,683.2700000000001,682.9300000000001,683.2700000000001,3276798,3038081.35
1761849000,683.49,683.49,683.15,683.15,1638399,3058840
1761849000.001,680.34,680.6800000000001,680.34,680.6800000000001,1638398,3079598.6
1761849000.002,681.28,681.62,681.28,681.62,4518952,2891624.9
1761852600,681.99,681.99,681.65,681.65,2259475,2797638.05
1761852600.001,679.86,680.2,679.86,680.2,4450199,2813187.4
1761917400,685.04,685.08,684.74,684.74,4381446,2826722.6
1761917400.001,682.21,682.5500000000001,682.21,682.5500000000001,2190723,2833490.2
1761917400.002,683.25,683.4300000000001,683.09,683.4300000000001,3649929,2750364.85
1761921000,684.75,684.75,684.41,684.41,1216642,2648343.7
1761921000.001,683.74,684.08,683.74,684.08,3734241,2672202.5
1761924600,684.1800000000001,684.1800000000001,683.84,683.84,1867120,2602705.25
1761924600.001,680.51,680.85,680.51,680.85,1867120,2511692.2
1761924600.002,681.77,682.1,681.76,682.1,2814223,2590947.05
1761928200,682.45,682.45,682.11,682.11,1407111,2553589.4
1761928200.001,679.24,679.58,679.24,679.58,1407111,2570088.35
1761928200.002,679.79,679.8000000000001,679.46,679.46,2460920,2504758.6
1761931800,679.4300000000001,679.7700000000001,679.4300000000001,679.7700000000001,1230460,2521441.9
1761931800.001,682.44,682.44,682.1,682.1,4228838,2567149.85
1761935400,681.73,682.07,681.73,682.07,1499189,2586864.7
1761935400.001,684.28,684.4300000000001,684.09,684.4300000000001,8016565,2823853.05
1761939000,684.8000000000001,684.8000000000001,684.46,684.46,3258688,2904867.5
1761939000.001,681.9300000000001,682.2700000000001,681.9300000000001,682.2700000000001,6247126,3135303.9
1762180200,685.66,685.8000000000001,685.46,685.46,5976876,3208200.1
1762180200.001,680.24,680.46,680.12,680.12,6005275,3395490.1
1762183800,679.94,680.2800000000001,679.94,680.2800000000001,1508418,3248401.05
1762183800.001,682.9,682.9,682.56,682.56,1508418,3104749.65
1762183800.002,682.0500000000001,682.2900000000001,681.95,682.2900000000001,3328513,3161639.15
1762187400,683.9,683.9,683.56,683.56,1109504,3034617.9
1762187400.001,682.75,683.07,682.73,683.07,2271100,3087340.8
1762191000,684.21,684.21,683.87,683.87,757033,2938480.4
1762191000.001,683.63,683.97,683.63,683.97,1778674,2934058.1
1762194600,684.23,684.23,683.89,683.89,889337,2885168.95
1762194600.001,683.08,683.4200000000001,683.08,683.4200000000001,3201973,2904556.45
1762198200,683.66,683.66,683.3199999999999,683.3199999999999,1156317,2892016.75
1762198200.001,682.58,682.9200000000001,682.58,682.9200000000001,1156317,2879477.05
1762198200.002,683.13,683.14,682.8,682.8,3562158,2934538.95
1762201800,682.45,682.7900000000001,682.45,682.7900000000001,1781079,2962069.9
1762201800.001,683.38,683.38,683.04,683.04,5162471,3008751.55
1762266600,676.11,676.11,675.77,675.77,3381393,3102861.75
1762266600.001,674.67,675.01,674.67,675.01,3381393,2871103.15
1762266600.002,679.65,679.6600000000001,679.32,679.6600000000001,6556094,3035973.45
1762270200,679.96,679.96,679.62,679.62,1587350,2802984.65
1762270200.001,677.5600000000001,677.9000000000001,677.5600000000001,677.9000000000001,1587350,2583508.35
1762270200.002,678.2,678.5400000000001,678.2,678.5400000000001,3150858,2440787.5
1762273800,678.63,678.63,678.29,678.29,1575428,2444138
1762273800.001,675.6800000000001,676.0200000000001,675.6800000000001,676.0200000000001,1575428,2447488.5
1762273800.002,676.9300000000001,677.25,676.91,676.91,3865284,2474327.05
1762277400,674.98,675.25,674.91,674.91,4811548,2659429.25
1762281000,674.71,675.0500000000001,674.71,675.0500000000001,1761559,2633952.2
1762281000.001,676.6800000000001,676.6800000000001,676.34,676.34,1761559,2684178.5
1762281000.002,676.3000000000001,676.38,676.04,676.04,5260497,2858269.65
1762284600,674.58,674.9200000000001,674.58,674.9200000000001,1753499,2901477.75
1762284600.001,675.96,676.3000000000001,675.96,676.3000000000001,4867978,2984778
1762288200,676.54,676.54,676.1999999999999,676.1999999999999,2433988,3048661.55
1762288200.001,674.62,674.96,674.62,674.96,2433988,3112545.1
1762288200.002,675.35,675.35,675.01,675.01,3258520,3097363.2
1762353000,674.98,674.98,674.64,674.64,3258520,3171235.25
1762353000.001,674.17,674.51,674.17,674.51,3258519,3076037.65
1762353000.002,678.09,678.09,677.75,677.75,3258519,3069893.95
1762353000.003,677.44,677.44,677.1,677.1,3204250,3061036.8
1762356600,676.76,677.1,676.76,677.1,1602125,2813338.35
1762356600.001,678.4,678.4300000000001,678.09,678.4300000000001,6053317,3036636.7
1762360200,680.1,680.2800000000001,679.94,680.2800000000001,4976754,3206106.9
1762363800,680.86,680.86,680.52,680.52,1164340,3106781
1762363800.001,680.41,680.74,680.4,680.74,2115337,3133776.45
1762367400,680.86,680.86,680.52,680.52,1057668,3107888.45
1762367400.001,679.74,680.08,679.74,680.08,1057668,2967507.65
1762367400.002,680.21,680.52,680.18,680.18,3451537,2899507.1
1762371000,679.67,679.87,679.53,679.53,9747324,3298795.35
1762374600,677.4,677.51,677.17,677.17,6282921,3524863.45
1762439400,676.47,676.8100000000001,676.47,676.8100000000001,3417317,3432704.45
1762439400.001,677.38,677.38,677.04,677.04,3417317,3515895.35
1762439400.002,672.52,672.86,672.52,672.86,3417317,3443362.3
1762439400.003,674.54,674.67,674.3299999999999,674.3299999999999,8510960,3747210.9
1762443000,670.22,670.5600000000001,670.22,670.5600000000001,2836986,3767360.8
1762443000.001,671.41,671.41,671.0699999999999,671.0699999999999,5710423,3889955.95
1762446600,668.72,669.0600000000001,668.72,669.0600000000001,1903474,3822203.65
1762446600.001,669.59,669.59,669.25,669.25,3383802,3828467.8
1762450200,669.13,669.47,669.13,669.47,1691900,3750136.85
1762450200.001,671.58,671.58,671.24,671.24,1691900,3674519.35
1762450200.002,670.96,671.25,670.91,671.25,4360293,3812427.75
1762453800,673.53,673.7,673.36,673.36,6745687,3847046.25
1762457400,672.03,672.37,672.03,672.37,7650013,3980709.2
1762461000,672.72,672.72,672.38,672.38,2942963,4069640.35
1762461000.001,669.53,669.87,669.53,669.87,2942963,4111021.65
1762461000.002,670.27,670.27,669.93,669.93,4422167,4279246.6
1762525800,667.91,667.98,667.64,667.64,8844333,4668579.85
1762525800.001,663.97,664.3100000000001,663.97,664.3100000000001,4422166,4717111.3
1762525800.002,665.9300000000001,666.26,665.92,666.26,6409116,4550200.9
1762529400,666.3100000000001,666.3100000000001,665.97,665.97,3204557,4396282.7
1762529400.001,662.25,662.59,662.25,662.59,3204557,4385644.7
1762529400.002,662.83,662.83,662.49,662.49,4632229,4446390.3
1762533000,661.21,661.5500000000001,661.21,661.5500000000001,2316114,4391330.15
1762533000.001,664.28,664.28,663.9399999999999,663.9399999999999,2316114,4081587.85
1762533000.002,663.58,663.58,663.24,663.24,3457826,4112629.85
1762536600,662.01,662.35,662.01,662.35,1728913,3913554.35
1762536600.001,665.58,665.58,665.24,665.24,5108137,4073787.5
1762540200,664.22,664.5600000000001,664.22,664.5600000000001,1689612,3989078
1762540200.001,666.6800000000001,666.7900000000001,666.45,666.7900000000001,12980066,4553486.3
1762543800,670.03,670.03,669.6899999999999,669.6899999999999,3763485,4657065.55
1762543800.001,668.67,669,668.66,669,7044948,4791298.3
1762547400,671.08,671.2800000000001,670.94,671.2800000000001,5900608,4749044.35
1762785000,677.24,677.37,677.03,677.37,7104582,4721772.8
1762785000.001,679.22,679.22,678.88,678.88,3552291,4752239.2
1762785000.002,678.86,678.99,678.65,678.65,6764156,4943298.85
1762788600,675.24,675.5600000000001,675.22,675.22,5058764,4975128.7
1762792200,675.03,675.37,675.03,675.37,1402023,4603013.2
1762792200.001,677.85,677.85,677.51,677.51,1402022,4452006
1762792200.002,677.47,677.8100000000001,677.47,677.8100000000001,4200676,4341584
1762795800,680.0500000000001,680.0500000000001,679.71,679.71,1400225,4251367.4
1762795800.001,679.48,679.82,679.48,679.82,3326775,4257478.3
1762799400,680.96,680.96,680.62,680.62,4602294,4255981.55
1762803000,680.54,680.88,680.54,680.88,1746685,4227510.1
1762803000.001,682.08,682.08,681.74,681.74,1746685,4199038.65
1762803000.002,681.3100000000001,681.37,681.03,681.37,7608867,4406590.7
1762806600,682.1800000000001,682.1800000000001,681.84,681.84,2536289,4446959.5
1762806600.001,681.33,681.33,680.99,680.99,2069607,4295033
1762871400,679.94,680.2800000000001,679.94,680.2800000000001,2069606,4314032.7
1762871400.001,680.85,680.85,680.51,680.51,2069606,3768509.7
1762871400.002,678.82,679.1600000000001,678.82,679.1600000000001,2069606,3683815.75
1762871400.003,679.46,679.7900000000001,679.45,679.7900000000001,2591634,3461150.05
1762875000,680.74,680.74,680.4,680.4,1295816,3230910.45
1762875000.001,678.73,679.07,678.73,679.07,1295816,2940472.15
1762875000.002,679.32,679.36,679.02,679.02,2249277,2875321.45
1762878600,678.76,679.1,678.76,679.1,1124638,2593345.55
1762878600.001,681.39,681.39,681.05,681.05,1124638,2396639.25
1762878600.002,681.03,681.2900000000001,680.95,681.2900000000001,3860496,2519562.9
1762882200,683.24,683.24,682.9,682.9,3801784,2639551
1762885800,682.16,682.5,682.16,682.5,1257476,2492391
1762885800.001,683.32,683.47,683.13,683.47,3816758,2613217.65
1762889400,683.5500000000001,683.5500000000001,683.21,683.21,1279641,2510860.95
1762889400.001,682.71,682.9,682.56,682.56,5574584,2559475.45
1762893000,682.29,682.63,682.29,682.63,2147471,2579514.75
1762893000.001,683.57,683.57,683.23,683.23,2147471,2599554.05
1762893000.002,682.9,683.24,682.9,683.24,2563780,2347299.7
1762957800,684.8100000000001,684.96,684.62,684.62,5127560,2476863.25
1762957800.001,682.8100000000001,683.1500000000001,682.8100000000001,683.1500000000001,2563780,2501571.9
1762957800.002,683.2,683.26,682.92,682.92,4733594,2634771.3
1762961400,681.14,681.48,681.14,681.48,1577864,2610184.2
1762961400.001,682.41,682.41,682.0699999999999,682.0699999999999,2551191,2634263.45
1762965000,680.95,681.2900000000001,680.95,681.2900000000001,1275595,2568461.5
1762965000.001,683.01,683.01,682.67,682.67,1275595,2567450.45
1762965000.002,682.47,682.72,682.38,682.72,3225158,2663917.55
1762968600,683.9300000000001,683.9300000000001,683.59,683.59,1075052,2605206.3
1762968600.001,683.5,683.84,683.5,683.84,2210772,2659513
1762972200,684.15,684.15,683.81,683.81,1105385,2658550.35
1762972200.001,682.48,682.74,682.4,682.4,4002043,2665627.7
1762975800,682.09,682.4300000000001,682.09,682.4300000000001,1448328,2547954.9
1762975800.001,683.41,683.6800000000001,683.34,683.6800000000001,6069432,2788552.7
1762979400,684.07,684.07,683.73,683.73,2310551,2713242.35
1762979400.001,682.66,683,682.66,683,2310551,2764787.85
1762979400.002,683.33,683.33,682.99,682.99,3212874,2646702.35
1763044200,680.51,680.85,680.51,680.85,3212873,2699972.45
1763044200.001,680.86,680.86,680.52,680.52,3212873,2753242.55
1763044200.002,677.53,677.87,677.53,677.87,3212873,2785697.2
1763044200.003,678.94,679.03,678.6899999999999,678.6899999999999,8671782,2962908.3
1763047800,674.96,675.3000000000001,674.96,675.3000000000001,2890593,2979248.95
1763047800.001,675.73,675.73,675.39,675.39,4069654,2946051.95
1763051400,674.22,674.5600000000001,674.22,674.5600000000001,2034827,2968900.1
1763051400.001,676.62,676.62,676.28,676.28,2034827,2943081.9
1763051400.002,675.92,676.24,675.9,676.24,3599328,3059268.55
1763055000,676.5,676.5,676.16,676.16,1799663,3085471.95
1763055000.001,672.6,672.83,672.49,672.49,6177416,3233084.85
1763058600,671.52,671.86,671.52,671.86,2188876,3288776.05
1763058600.001,673.5500000000001,673.63,673.29,673.29,10531375,3704806.2
1763062200,670.52,670.86,670.52,670.86,2780832,3788578.55
1763062200.001,671.63,671.63,671.29,671.29,6536868,3915319.8
1763065800,670.76,671.1,670.76,671.1,3268434,4006325.1
1763065800.001,673.02,673.02,672.68,672.68,3268433,3866275.15
1763065800.002,672.0600000000001,672.0600000000001,671.72,671.72,5026669,4002081.05
1763130600,665.4,665.4,665.06,665.06,5026669,4137886.95
1763130600.001,663.27,663.61,663.27,663.61,5026669,4228576.7
1763130600.002,669.96,669.96,669.62,669.62,10820408,4608953.45
1763134200,669.16,669.5,669.16,669.5,2896869,4593153.25
1763134200.001,674.87,674.87,674.53,674.53,2896869,4577353.05
1763134200.002,674.4,674.4,674.06,674.06,3404424,4313985.15
1763137800,672.76,673.1,672.76,673.1,1702212,4254566.1
1763137800.001,675.64,675.64,675.3,675.3,1702211,4136193.95
1763137800.002,675.0500000000001,675.3900000000001,675.0500000000001,675.3900000000001,4405871,4254746.15
1763141400,675.66,675.66,675.3199999999999,675.3199999999999,2202935,4263151.55
1763141400.001,672.14,672.48,672.14,672.48,2202935,4193331.9
1763141400.002,673.13,673.13,672.79,672.79,4225311,4314614.3
1763145000,671.49,671.83,671.49,671.83,2112655,4111376.25
1763145000.001,674.44,674.44,674.1,674.1,2112655,4107565.2
1763145000.002,674.02,674.36,674.02,674.36,3847180,3773355.45
1763148600,675.12,675.12,674.78,674.78,1923590,3730493.35
1763148600.001,672.21,672.5500000000001,672.21,672.5500000000001,1923589,3499829.4
1763148600.002,672.65,672.98,672.64,672.98,4298190,3551317.2
1763152200,673.11,673.11,672.77,672.77,2149094,3495350.25
1763152200.001,671.17,671.51,671.17,671.51,2149094,3351471.5
1763152200.002,671.95,671.95,671.61,671.61,2919365,3246106.3
1763389800,669.7,669.7,669.36,669.36,2919365,3140741.1
1763389800.001,668.92,669.26,668.92,669.26,2919364,2745688.9
1763389800.002,673.71,673.71,673.37,673.37,2919364,2746813.65
1763389800.003,672.0600000000001,672.37,672.03,672.03,7432964,2973618.4
1763393400,667.77,668.11,667.77,668.11,2477654,2927279.9
1763393400.001,670.48,670.71,670.37,670.71,4320121,3058175.35
1763397000,673,673,672.66,672.66,1440040,3045066.8
1763397000.001,672.3100000000001,672.59,672.25,672.25,4695691,3059557.8
1763400600,668.22,668.5600000000001,668.22,668.5600000000001,1565230,3027672.55
1763400600.001,668.71,669.0400000000001,668.7,669.0400000000001,4615850,3148318.3
1763404200,669.91,669.91,669.5699999999999,669.5699999999999,2307925,3052449
1763404200.001,664.97,665.3100000000001,664.97,665.3100000000001,2307925,3062212.5
1763404200.002,665.84,666.14,665.8,665.8,10038421,3458500.8
1763407800,662.17,662.51,662.17,662.51,3346140,3433448.8
1763407800.001,663.76,663.77,663.43,663.43,6406784,3657608.5
1763411400,663.1,663.44,663.1,663.44,3203392,3721598.65
1763411400.001,665.78,665.78,665.4399999999999,665.4399999999999,9653900,3989384.15
1763476200,662.09,662.4300000000001,662.09,662.4300000000001,6450509,4204454.9
1763476200.001,664.26,664.26,663.92,663.92,6450509,4419525.65
1763476200.002,656.8000000000001,657.1400000000001,656.8000000000001,657.1400000000001,6450509,4596082.85
1763476200.003,659.09,659.09,658.75,658.75,7142936,4807261.4
1763479800,655.86,656.2,655.86,656.2,3571468,4839866.6
1763479800.001,661.87,661.9000000000001,661.5600000000001,661.9000000000001,8027518,5095274.3
1763483400,662.37,662.37,662.03,662.03,2228025,4835027.35
1763483400.001,658.5600000000001,658.62,658.28,658.28,7074827,5064886
1763487000,657.91,658.25,657.91,658.25,2423400,4970049.95
1763487000.001,664.46,664.46,664.12,664.12,2423400,5019217.95
1763487000.002,663.33,663.6700000000001,663.33,663.6700000000001,4061333,4987500.05
1763490600,665.12,665.12,664.78,664.78,2030666,5010771.85
1763490600.001,662.57,662.9100000000001,662.57,662.9100000000001,2030666,4881512.65
1763490600.002,662.9300000000001,663.2700000000001,662.9300000000001,663.2700000000001,5076060,5019919.4
1763494200,664.96,664.96,664.62,664.62,2538030,5031424.65
1763494200.001,661.5,661.84,661.5,661.84,2538030,4656405.1
1763494200.002,662.42,662.76,662.42,662.76,6166300,4797413.1
1763497800,662.78,662.78,662.4399999999999,662.4399999999999,3083150,4631231.4
1763497800.001,660,660.34,660,660.34,7078157,4824969.65
1763562600,660.78,660.78,660.4399999999999,660.4399999999999,3995008,4542025.05
1763562600.001,660.11,660.45,660.11,660.45,3995008,4419250
1763562600.002,667.34,667.34,667,667,3995008,4296474.95
1763562600.003,666.25,666.5500000000001,666.21,666.21,8252634,4386581.2
1763566200,661.28,661.62,661.28,661.62,2750877,4166978.25
1763566200.001,662.01,662.35,662.01,662.35,4119440,4194376.85
1763569800,662.98,662.98,662.64,662.64,2059720,3895986.95
1763569800.001,660.23,660.57,660.23,660.57,2059720,3887571.7
1763569800.002,661.17,661.51,661.17,661.51,4871204,3777390.55
1763573400,662.62,662.62,662.28,662.28,2435602,3778000.65
1763573400.001,658.75,659.09,658.75,659.09,2435602,3778610.75
1763573400.002,661.02,661.35,661.01,661.35,4362374,3793662.8
1763577000,663.33,663.33,662.99,662.99,2181186,3801188.8
1763577000.001,659.48,659.8000000000001,659.46,659.46,6523889,4025849.95
1763580600,659.33,659.6700000000001,659.33,659.6700000000001,2171351,3880614.5
1763580600.001,664.4,664.4,664.06,664.06,2171351,3862280.55
1763580600.002,663.5,663.84,663.5,663.84,4269604,3948859.25
1763584200,664.76,664.76,664.42,664.42,2134802,3747284.35
1763584200.001,661.74,662.08,661.74,662.08,2134802,3699866.95
1763584200.002,662.65,662.99,662.65,662.99,4435216,3567719.9
1763649000,672.91,672.91,672.5699999999999,672.5699999999999,4435216,3589730.3
1763649000.001,672.47,672.8100000000001,672.47,672.8100000000001,4435215,3611740.65
1763649000.002,675.41,675.41,675.0699999999999,675.0699999999999,4435215,3633751
1763649000.003,674.83,675.1700000000001,674.83,675.1700000000001,7892057,3615722.15
1763652600,675.5600000000001,675.5600000000001,675.22,675.22,3946028,3675479.7
1763652600.001,667.42,667.76,667.42,667.76,3946028,3666809.1
1763652600.002,667.9,668.17,667.8299999999999,667.8299999999999,23281061,4727876.15
1763656200,656.6,656.94,656.6,656.94,7760353,5012907.8
1763656200.001,658.57,658.57,658.23,658.23,10013848,5270040
1763659800,655.45,655.7900000000001,655.45,655.7900000000001,5006923,5398606.05
1763659800.001,661.97,661.97,661.63,661.63,5006923,5527172.1
1763659800.002,659.58,659.8900000000001,659.5500000000001,659.8900000000001,6149916,5616549.2
1763663400,660,660,659.66,659.66,3074957,5661237.75
1763663400.001,653.86,654.2,653.86,654.2,3074957,5488791.15
1763663400.002,657.01,657.32,656.98,657.32,6230109,5691729.05
1763667000,658.25,658.25,657.91,657.91,3115054,5738914.2
1763667000.001,655.21,655.5500000000001,655.21,655.5500000000001,3115054,5681186.7
1763667000.002,656.2,656.5400000000001,656.2,656.5400000000001,8335014,5991197.3
1763670600,656.5600000000001,656.5600000000001,656.22,656.22,4167507,6092832.55
1763670600.001,651.89,652.23,651.89,652.23,4167507,6079447.1
1763670600.002,652.53,652.87,652.53,652.87,4901863,6102779.45
1763735400,655.03,655.37,655.03,655.37,4901863,6126111.85
1763735400.001,656.47,656.47,656.13,656.13,4901863,6149444.25
1763735400.002,652.34,652.6800000000001,652.34,652.6800000000001,4901862,5999934.5
1763735400.003,653.08,653.09,652.75,652.75,6096754,6107470.8
1763739000,650.85,651.19,650.85,651.19,3048377,6062588.25
1763739000.001,655.97,655.97,655.63,655.63,9434742,5370272.3
1763742600,655.22,655.5600000000001,655.22,655.5600000000001,3193183,5141913.8
1763742600.001,661.19,661.19,660.85,660.85,3193183,4800880.55
1763742600.002,660.38,660.72,660.38,660.72,4161200,4758594.4
1763746200,661.51,661.51,661.17,661.17,2080599,4612278.2
1763746200.001,656.88,657.22,656.88,657.22,2080599,4408812.35
1763746200.002,658.36,658.36,658.02,658.02,5333734,4521751.2
1763749800,658,658.34,658,658.34,2666867,4501346.7
1763749800.001,664.5500000000001,664.5500000000001,664.21,664.21,9815153,4680598.9
1763753400,659.62,659.94,659.6,659.94,8491555,4949423.95
1763757000,661.25,661.25,660.91,660.91,3054397,4946391.1
1763757000.001,658.23,658.57,658.23,658.57,3054396,4682360.2
1763757000.002,659.0600000000001,659.4000000000001,659.0600000000001,659.4000000000001,3472444,4647607.05
1763994600,662.69,662.69,662.35,662.35,3472443,4612853.85
1763994600.001,661.59,661.9300000000001,661.59,661.9300000000001,3472443,4541382.85
1763994600.002,665.78,665.78,665.4399999999999,665.4399999999999,7332441,4662911.75
1763998200,664.95,665.2900000000001,664.95,665.2900000000001,1929998,4514318.5
1763998200.001,668.39,668.39,668.05,668.05,1929998,4365725.3
1763998200.002,667.97,667.97,667.63,667.63,2333422,4177558.7
1764001800,666.9,667.24,666.9,667.24,1166711,4083475.4
1764001800.001,668.49,668.49,668.15,668.15,3527011,3788088.85
1764005400,667.94,668.2800000000001,667.94,668.2800000000001,1180150,3687437.2
1764005400.001,669.75,669.75,669.41,669.41,1180149,3586785.5
1764005400.002,669.19,669.5200000000001,669.1800000000001,669.5200000000001,2069203,3482185.65
1764009000,669.8100000000001,669.8100000000001,669.47,669.47,1034601,3429885.75
1764009000.001,668.69,668.9,668.56,668.56,4628204,3557266
1764012600,667.87,668.21,667.87,668.21,1796801,3380419.35
1764012600.001,669.49,669.49,669.15,669.15,1796801,3336916.05
1764012600.002,668.94,669.2700000000001,668.9300000000001,669.2700000000001,6069046,3149610.7
1764016200,670.0600000000001,670.0600000000001,669.72,669.72,3034523,2876759.1
1764016200.001,668.61,668.95,668.61,668.95,11344133,3291245.9
1764081000,669.98,669.98,669.64,669.64,4154804,3346266.3
1764081000.001,664.48,664.82,664.48,664.82,4154804,3380384.3
1764081000.002,668.58,668.7800000000001,668.44,668.7800000000001,6848934,3549208.85
1764084600,671.07,671.07,670.73,670.73,2282978,3489735.6
1764084600.001,670.42,670.5600000000001,670.22,670.5600000000001,5350109,3390619
1764088200,673.88,673.88,673.54,673.54,1783369,3383287.55
1764088200.001,673.32,673.49,673.15,673.49,4517951,3512685.2
1764091800,674.38,674.38,674.04,674.04,1505983,3471313.25
1764091800.001,674.03,674.37,674.03,674.37,2797416,3552848.5
1764095400,674.4,674.4,674.06,674.06,1398708,3446433.35
1764095400.001,672.7,673.0400000000001,672.7,673.0400000000001,1398707,3457361.2
1764095400.002,673.32,673.32,672.98,672.98,3808753,3588791.4
1764099000,672.44,672.7800000000001,672.44,672.7800000000001,1904376,3580550.05
1764099000.001,674.79,674.8000000000001,674.46,674.8000000000001,9026748,3980157.4
1764102600,676.21,676.21,675.87,675.87,2374123,3867453.35
1764102600.001,675.01,675.35,675.01,675.35,2765966,3915911.6
1764167400,677.6,677.6,677.26,677.26,2765965,3964369.8
1764167400.001,676.72,677.0600000000001,676.72,677.0600000000001,2765965,3799215.75
1764167400.002,679.48,679.48,679.14,679.14,2765965,3785787.85
1764167400.003,678.13,678.4000000000001,678.0600000000001,678.4000000000001,4654655,3451313.95
1764171000,680.87,680.87,680.53,680.53,4487305,3467939
1764174600,680.29,680.63,680.29,680.63,1467877,3333592.65
1764174600.001,681.69,681.69,681.35,681.35,1467877,3064539.8
1764174600.002,680.94,680.94,680.6,680.6,2804300,3090605.9
1764178200,679.75,680.09,679.75,680.09,1402150,2893207.95
1764178200.001,681.7,681.7,681.36,681.36,1402149,2874146.95
1764178200.002,681.11,681.12,680.78,680.78,2876090,2792053.9
1764181800,679.59,679.9300000000001,679.59,679.9300000000001,1438045,2788657
1764181800.001,681.29,681.58,681.24,681.58,5030762,2900324.3
1764185400,681.59,681.59,681.25,681.25,1796359,2920206.85
1764185400.001,680.49,680.83,680.49,680.83,1796359,2940089.45
1764185400.002,681.2,681.4,681.06,681.06,7302961,3114799.85
1764189000,679.62,679.96,679.62,679.96,4426654,3240913.75
1764340200,680.85,680.85,680.51,680.51,1992334,2889193.05
1764340200.001,680.5,680.84,680.5,680.84,1992333,2870103.55
1764340200.002,682.32,682.32,681.98,681.98,1992333,2831421.9
1764340200.003,681.69,681.95,681.61,681.95,5038053,2945026.3
1764343800,682.94,682.94,682.6,682.6,1679350,2890695.55
1764343800.001,682.15,682.16,681.8199999999999,681.8199999999999,3394494,2922122
1764347400,681.8000000000001,682.1400000000001,681.8000000000001,682.1400000000001,1697246,2774251.55
1764347400.001,683,683,682.66,682.66,1697246,2634748.6
1764347400.002,682.32,682.32,681.98,681.98,4005762,2761642.85
1764351000,681.88,682.22,681.88,682.22,2002880,2788393
1764351000.001,683.67,683.67,683.3299999999999,683.3299999999999,4591780,2877767
1764599400,678.8000000000001,679.08,678.74,679.08,5177798,3066549.4
1764599400.001,681.86,681.86,681.52,681.52,2588899,3125886.9
1764599400.002,679.83,679.84,679.5,679.5,2493814,3106773.1
1764603000,678.84,679.1800000000001,678.84,679.1800000000001,1246907,3097216.2
1764603000.001,681.83,681.83,681.49,681.49,1246906,2908023.4
1764603000.002,681.08,681.4100000000001,681.07,681.4100000000001,2602061,2948308.5
1764606600,682.51,682.51,682.17,682.17,867353,2901858.2
1764606600.001,682.01,682.07,681.73,682.07,2039876,2638703.95
1764610200,682.79,682.82,682.48,682.82,3041696,2569456.05
1764613800,682.99,682.99,682.65,682.65,1180869,2528882.8
1764613800.001,680.48,680.61,680.27,680.27,3974763,2628004.3
1764617400,679.82,680.1600000000001,679.82,680.1600000000001,1396947,2598235
1764617400.001,681.1,681.1,680.76,680.76,1396946,2416179.65
1764617400.002,680.73,681.0600000000001,680.72,681.0600000000001,5844051,2624414.7
1764621000,681.07,681.07,680.73,680.73,2922025,2600791.25
1764621000.001,679.38,679.72,679.38,679.72,2922025,2662030.2
1764621000.002,680.27,680.61,680.27,680.61,2186163,2686476.05
1764685800,681.92,682.26,681.92,682.26,2186163,2595496.1
1764685800.001,683.28,683.28,682.9399999999999,682.9399999999999,2186163,2604660.25
1764685800.002,681.42,681.76,681.42,681.76,6913777,2720760.1
1764689400,683.82,683.82,683.48,683.48,2363806,2580060.5
1764689400.001,679.67,680.01,679.67,679.67,5323914,2716811.25
1764693000,679.33,679.6700000000001,679.33,679.6700000000001,1480054,2666123.25
1764693000.001,682.65,682.7800000000001,682.44,682.7800000000001,3641689,2785862.35
1764696600,682.84,682.84,682.5,682.5,1080818,2777557.95
1764696600.001,679.9300000000001,680.2700000000001,679.9300000000001,680.2700000000001,1080818,2701495.8
1764696600.002,681.04,681.04,680.6999999999999,680.6999999999999,2441818,2780219.05
1764700200,680.22,680.5600000000001,680.22,680.5600000000001,1220908,2739270.65
1764700200.001,681.94,681.94,681.6,681.6,1220908,2648231.25
1764700200.002,681.39,681.6400000000001,681.3000000000001,681.6400000000001,4350294,2806702.5
1764703800,682.7,682.84,682.5,682.84,5272038,2871566.25
1764707400,682.88,682.88,682.54,682.54,1910969,2897267.35
1764707400.001,681.36,681.48,681.14,681.14,4376424,3046241.25
1764772200,680.57,680.57,680.23,680.23,2465455,2877311.45
1764772200.001,679.69,680.0300000000001,679.69,680.0300000000001,2465455,2854482.95
1764772200.002,682.34,682.34,682,682,2465455,2831654.45
1764772200.003,681.6800000000001,681.6800000000001,681.34,681.34,2981246,2871408.6
1764775800,681.33,681.6700000000001,681.33,681.6700000000001,1490622,2836631.55
1764775800.001,682.99,682.99,682.65,682.65,1490622,2801854.5
1764775800.002,682.39,682.39,682.05,682.05,2483899,2580360.6
1764779400,681.61,681.95,681.61,681.95,1241949,2524267.75
1764779400.001,683.7,683.7,683.36,683.36,2926467,2404395.4
1764783000,683.25,683.59,683.25,683.59,842259,2372505.65
1764783000.001,684.19,684.19,683.85,683.85,2609489,2320895.65
1764786600,683.79,684.13,683.79,684.13,883614,2311035.45
1764786600.001,684.5,684.51,684.17,684.51,4771153,2495552.2
1764790200,684.91,684.91,684.5699999999999,684.5699999999999,1295846,2438253.6
1764790200.001,684.52,684.62,684.28,684.28,6459436,2700180
1764793800,683.5500000000001,683.8900000000001,683.5500000000001,683.8900000000001,4576342,2867951.7
1764858600,685.3000000000001,685.37,685.03,685.03,4846392,2892756.6
1764858600.001,682.17,682.51,682.17,682.51,2423196,2750314.5
1764858600.002,683.6,683.9300000000001,683.59,683.9300000000001,3248198,2817175.95
1764862200,684.5600000000001,684.5600000000001,684.22,684.22,1624099,2679559.7
1764862200.001,682.21,682.5500000000001,682.21,682.5500000000001,1624099,2637491.9
1764862200.002,683.35,683.35,683.01,683.01,2504397,2639439
1764865800,682.86,683.2,682.86,683.2,1252198,2578776.15
1764865800.001,684.58,684.58,684.24,684.24,1252198,2492323.75
1764865800.002,684.02,684.03,683.6899999999999,683.6899999999999,1722276,2503906.45
1764869400,683.47,683.8100000000001,683.47,683.8100000000001,861138,2472432.25
1764869400.001,684.77,684.77,684.43,684.43,5709751,2633724.85
1764873000,681.34,681.6800000000001,681.34,681.6800000000001,1616204,2652437.6
1764873000.001,682.1800000000001,682.33,681.99,682.33,5490206,2780624.55
1764876600,683.96,683.96,683.62,683.62,1830068,2830015
1764876600.001,682.75,683.0400000000001,682.7,683.0400000000001,4863204,2942700.75
1764880200,684.58,684.74,684.4,684.74,4404597,3118749.9
1764945000,685.45,685.6600000000001,685.32,685.6600000000001,5567060,3158545.25
1764945000.001,688.3000000000001,688.3000000000001,687.96,687.96,2783529,3232929.4
1764945000.002,687.89,688.22,687.88,688.22,3933213,3106618.25
1764948600,688.39,688.39,688.05,688.05,1966606,2976131.45
1764948600.001,685.7,686.0400000000001,685.7,686.0400000000001,4778597,2972741.7
1764952200,686.64,686.64,686.3,686.3,1405995,2921881.65
1764952200.001,685.02,685.36,685.02,685.36,1405995,2829771.5
1764952200.002,685.39,685.41,685.0699999999999,685.0699999999999,2530761,2875104.6
1764955800,684.58,684.9200000000001,684.58,684.9200000000001,1265380,2857168.65
1764955800.001,686.71,686.8900000000001,686.5500000000001,686.8900000000001,3195159,2891706.75
1764959400,686.97,686.97,686.63,686.63,964889,2877341.3
1764959400.001,685.64,685.94,685.6,685.6,3157948,2972628.8
1764963000,685.57,685.9100000000001,685.57,685.9100000000001,1096529,2941341.45
1764963000.001,686.38,686.38,686.04,686.04,1096529,2953111
1764963000.002,686.01,686.03,685.6899999999999,685.6899999999999,6441453,2989696.1
1764966600,684.6,684.94,684.6,684.94,2147151,3016243.45
1764966600.001,685.65,685.99,685.65,685.99,2189239,2851195.1
1765204200,686.6,686.64,686.3,686.3,4378477,2978615.55
1765204200.001,683.87,684.21,683.87,684.21,2189238,2844917.25
1765204200.002,684.5600000000001,684.88,684.54,684.88,2889013,2769138.05
1765207800,685.0500000000001,685.0500000000001,684.71,684.71,1444506,2563010.35
1765207800.001,682.91,683.25,682.91,683.25,1444506,2496059.2
1765207800.002,684.09,684.12,683.78,683.78,2654787,2432137.9
1765211400,682.19,682.5300000000001,682.19,682.5300000000001,884928,2378054
1765211400.001,682.69,682.94,682.6,682.94,3400459,2309147.1
1765215000,684.4,684.4,684.06,684.06,1133486,2295521.65
1765215000.001,682.83,683.15,682.81,682.81,3692944,2409869.1
1765218600,681.57,681.9100000000001,681.57,681.9100000000001,1230981,2344880.1
1765218600.001,682.25,682.49,682.15,682.49,3712749,2467248.55
1765222200,682.82,682.82,682.48,682.48,5175573,2566269.25
1765225800,682.0600000000001,682.4000000000001,682.0600000000001,682.4000000000001,1968994,2616474.5
1765225800.001,683.76,683.76,683.42,683.42,4189500,2668052.1
1765290600,683.16,683.1600000000001,682.82,683.1600000000001,4441011,2835276.2
1765290600.001,684.94,684.94,684.6,684.6,2220505,2891475
1765290600.002,684.22,684.22,683.88,683.88,2649254,2701865.05
1765294200,683.59,683.9300000000001,683.59,683.9300000000001,1324627,2660738.85
1765294200.001,685.34,685.34,685,685,1324626,2617508.2
1765294200.002,684.8100000000001,685.1500000000001,684.8100000000001,685.1500000000001,2257479,2511458.3
1765297800,685.39,685.39,685.05,685.05,1128739,2458433.35
1765297800.001,684.27,684.61,684.27,684.61,1128739,2370419.65
1765297800.002,684.65,684.86,684.52,684.52,3522768,2474332.75
1765301400,683.62,683.96,683.62,683.96,1174255,2460820.2
1765301400.001,684.24,684.35,684.01,684.01,3059770,2481069.35
1765305000,683.35,683.69,683.35,683.69,1019923,2487819.1
1765305000.001,683.73,683.85,683.51,683.51,3752640,2505428.15
1765308600,683.2,683.5400000000001,683.2,683.5400000000001,5918393,2744673.5
1765312200,683.61,683.61,683.27,683.27,2333756,2676714.1
1765312200.001,682.59,682.9300000000001,682.59,682.9300000000001,2333756,2731852.85
1765312200.002,683.0500000000001,683.0500000000001,682.71,682.71,2353402,2663885.5
1765377000,682.5600000000001,682.5600000000001,682.22,682.22,2353402,2522776.95
1765377000.001,681.3100000000001,681.6500000000001,681.3100000000001,681.6500000000001,2353402,2541997.35
1765377000.002,683.46,683.46,683.12,683.12,2353401,2450192.4
1765377000.003,682.99,682.99,682.65,682.65,3474584,2401871.05
1765380600,681.45,681.7900000000001,681.45,681.7900000000001,1737292,2377710.4
1765380600.001,683.87,683.87,683.53,683.53,4706682,2480581.8
1765384200,682.95,683.2900000000001,682.95,683.2900000000001,2868610,2557780.95
1765387800,684.22,684.22,683.88,683.88,939406,2538519.95
1765387800.001,682.7,682.89,682.55,682.55,6130683,2732180.15
1765391400,682.45,682.7900000000001,682.45,682.7900000000001,2595638,2805525.1
1765391400.001,685.74,685.74,685.4,685.4,2595638,2878870.05
1765391400.002,684.21,684.21,683.87,683.87,9746632,3190063.25
1765395000,683.36,683.7,683.36,683.7,4873315,3375016.25
1765395000.001,688.83,688.83,688.49,688.49,4873315,3465693.5
1765395000.002,688.12,688.44,688.1,688.44,5633768,3696385.75
1765398600,688.97,688.97,688.63,688.63,2816884,3649597.95
1765398600.001,687.22,687.46,687.12,687.12,6941110,3700733.8
1765463400,685.11,685.11,684.77,684.77,4124227,3790257.35
1765463400.001,682.17,682.51,682.17,682.51,4124226,3879780.85
1765463400.002,686.8000000000001,686.8000000000001,686.46,686.46,4124226,3968322.05
1765463400.003,686.26,686.45,686.11,686.11,6082413,4154772.6
1765467000,684.07,684.4100000000001,684.07,684.4100000000001,2027470,4138476
1765467000.001,684.61,684.88,684.54,684.88,6285390,4335075.45
1765470600,687.91,687.91,687.5699999999999,687.5699999999999,2095129,4266102.7
1765470600.001,687.36,687.36,687.02,687.02,2674602,4312968.2
1765474200,686.98,687.32,686.98,687.32,1337300,4144499.1
1765474200.001,688.19,688.19,687.85,687.85,1337300,4067933.6
1765474200.002,687.63,687.6400000000001,687.3000000000001,687.6400000000001,4534233,4247674.95
1765477800,688.79,689.0200000000001,688.6800000000001,689.0200000000001,4950167,4188649.15
1765481400,689.25,689.25,688.91,688.91,1719377,4144836.1
1765481400.001,688.41,688.44,688.1,688.1,7102301,4370169.25
1765485000,687.99,688.33,687.99,688.33,2691462,4017410.75
1765485000.001,689.1800000000001,689.1800000000001,688.84,688.84,6326502,4090070.1
1765549800,688.17,688.51,688.17,688.51,3635041,4028156.4
1765549800.001,688.88,688.88,688.54,688.54,3635041,3928220.05
1765549800.002,683.63,683.97,683.63,683.97,13363992,4455575.45
1765553400,685.61,685.61,685.27,685.27,4864476,4351743.75
1765553400.001,679.7,680.0400000000001,679.7,680.0400000000001,4864475,4388756.15
1765553400.002,681.27,681.27,680.93,680.93,4881875,4426638.6
1765557000,679.17,679.51,679.17,679.51,2440937,4342474.15
1765557000.001,683.02,683.02,682.68,682.68,2440937,4160400.35
1765557000.002,681.46,681.46,681.12,681.12,3522429,4235148.3
1765560600,680.95,681.2900000000001,680.95,681.2900000000001,1761214,4008939.5
1765560600.001,684.34,684.34,684,684,1761214,3992243.75
1765560600.002,683.88,683.9,683.56,683.56,5379434,4127485.35
1765564200,681.21,681.5500000000001,681.21,681.5500000000001,5735290,4347384.85
1765567800,682.52,682.52,682.18,682.18,1971073,4379073.5
1765567800.001,681.1,681.37,681.03,681.03,8465187,4575621.2
1765571400,680.07,680.4100000000001,680.07,680.4100000000001,3247056,4490465.65
1765571400.001,681.87,682.0600000000001,681.72,682.0600000000001,7643319,4786662.75
1765809000,685.72,685.76,685.42,685.42,8792524,4871173.9
1765809000.001,679.25,679.59,679.25,679.59,4396262,4956413.9
1765809000.002,679.82,679.9300000000001,679.59,679.9300000000001,7887771,5034477.35
1765812600,683.0600000000001,683.0600000000001,682.72,682.72,8831208,5294285.7
1765816200,680.14,680.48,680.14,680.48,2067316,5215899.45
1765816200.001,680.65,680.99,680.65,680.99,3163202,4705859.95
1765819800,681.45,681.45,681.11,681.11,1581601,4541716.2
1765819800.001,679.42,679.76,679.42,679.76,1581601,4377572.5
1765819800.002,679.98,679.98,679.64,679.64,3039034,4285430.45
1765823400,679.62,679.96,679.62,679.96,1519517,4239359.45
1765823400.001,681.5500000000001,681.5500000000001,681.21,681.21,1519516,4193288.4
1765823400.002,680.84,680.84,680.5,680.5,3657858,4200059.85
1765827000,680.44,680.7800000000001,680.44,680.7800000000001,1828929,4203445.6
1765827000.001,681.78,681.78,681.4399999999999,681.4399999999999,1828929,4206831.35
1765827000.002,681.07,681.4100000000001,681.07,681.4100000000001,5332144,4204466.85
1765830600,681.6,681.6,681.26,681.26,2666072,4051005.95
1765830600.001,680.5500000000001,680.7,680.36,680.36,6800783,4292491.45
1765895400,679.22,679.5600000000001,679.22,679.5600000000001,4134712,4075967.7
1765895400.001,681.08,681.08,680.74,680.74,4134712,4120350.5
1765895400.002,676.44,676.7800000000001,676.44,676.7800000000001,4134711,3944920.1
1765895400.003,677.69,678.0300000000001,677.69,678.0300000000001,4482996,3729443.7
1765899000,679.42,679.42,679.0799999999999,679.0799999999999,2241498,3621705.5
1765899000.001,676.8100000000001,677.14,676.8,676.8,5344420,3494537.95
1765902600,676.61,676.95,676.61,676.95,1551461,3130550.6
1765902600.001,678.94,678.94,678.6,678.6,1551461,3104757.85
1765902600.002,677.38,677.71,677.37,677.71,4179118,3155553.65
1765906200,678.28,678.28,677.9399999999999,677.9399999999999,2089558,3180951.5
1765906200.001,674.98,675.32,674.98,675.32,2089558,3206349.35
1765906200.002,675.59,675.9000000000001,675.5600000000001,675.9000000000001,7146786,3411736.95
1765909800,678.61,678.61,678.27,678.27,2382262,3454874.2
1765909800.001,677.0500000000001,677.2700000000001,676.9300000000001,677.2700000000001,6464997,3702148.25
1765913400,679.26,679.5400000000001,679.2,679.5400000000001,9179925,3978251.6
1765917000,680.5600000000001,680.5600000000001,680.22,680.22,3512463,4062428.3
1765917000.001,678.82,679.1600000000001,678.82,679.1600000000001,6887578,4315360.75
1765981800,679.89,680.23,679.89,680.23,3375114,4217509.25
1765981800.001,680.44,680.44,680.1,680.1,3375114,4252961.35
1765981800.002,677.6,677.94,677.6,677.94,3375114,4081677.9
1765981800.003,678.9300000000001,679.17,678.8299999999999,678.8299999999999,11303693,4440126.95
1765985400,673.4300000000001,673.7700000000001,673.4300000000001,673.7700000000001,3767897,4421786.2
1765985400.001,674.64,674.97,674.63,674.97,4281472,4429124.25
1765989000,675.0500000000001,675.0500000000001,674.71,674.71,2140735,4312011.2
1765989000.001,673.07,673.4100000000001,673.07,673.4100000000001,2140735,4306973.05
1765989000.002,674.15,674.49,674.15,674.49,3092599,4194382
1765992600,675.07,675.07,674.73,674.73,1546299,4194123.9
1765992600.001,673,673.34,673,673.34,1546299,4193865.8
1765992600.002,673.37,673.62,673.28,673.28,7157036,4342761.7
1765996200,672.0600000000001,672.4000000000001,672.0600000000001,672.4000000000001,2385678,4357567.7
1765996200.001,672.47,672.5600000000001,672.22,672.5600000000001,6705300,4588354.8
1765999800,673.32,673.32,672.98,672.98,2235100,4342770.5
1765999800.001,672.52,672.86,672.52,672.86,6597576,4553536.2
1766003400,673,673,672.66,672.66,3298788,4395225.75
1766003400.001,671.2,671.5400000000001,671.2,671.5400000000001,7601263,4316292.65
1766068200,677.6,677.6,677.26,677.26,4302475,4355793.25
1766068200.001,675.69,676.0300000000001,675.69,676.0300000000001,4302475,4226538.1
1766068200.002,679.11,679.11,678.77,678.77,9522761,4533920.45
1766071800,678.6800000000001,679.0200000000001,678.6800000000001,679.0200000000001,2610143,4495671.9
1766071800.001,680.74,680.74,680.4,680.4,2610143,4457423.35
1766071800.002,679.75,680.08,679.74,680.08,6552870,4219882.2
1766075400,680.71,680.71,680.37,680.37,3276434,4195309.05
1766075400.001,674.9,675.24,674.9,675.24,3276434,4145057.15
1766075400.002,675.78,675.82,675.48,675.82,6822627,4379151.75
1766079000,679.09,679.1700000000001,678.83,679.1700000000001,6954661,4619848.05
1766082600,679.7,679.7,679.36,679.36,2340226,4582229.4
1766082600.001,676.59,676.9300000000001,676.59,676.9300000000001,2340226,4621925.75
1766082600.002,677.15,677.16,676.8199999999999,676.8199999999999,5517536,4820487.6
1766086200,675.32,675.6600000000001,675.32,675.6600000000001,2758767,4600574.15
1766086200.001,677.85,677.96,677.62,677.96,9336285,4948104.5
1766089800,678.5500000000001,678.5500000000001,678.21,678.21,3288759,4777277.45
1766089800.001,676.41,676.75,676.41,676.75,16467922,5488918.55
1766154600,680.52,680.52,680.18,680.18,4393054,5378692.45
1766154600.001,679.19,679.19,678.85,678.85,5165941,5472050.1
1766158200,678.5600000000001,678.9000000000001,678.5600000000001,678.9000000000001,2582970,5221135.45
1766158200.001,680.28,680.28,679.9399999999999,679.9399999999999,6113320,5311677.7
1766161800,679.34,679.6800000000001,679.34,679.6800000000001,1765175,5184812.7
1766161800.001,680.84,680.84,680.5,680.5,4378390,4927594.15
1766165400,680.3100000000001,680.6500000000001,680.3100000000001,680.6500000000001,1306608,4862417.4
1766165400.001,681.09,681.09,680.75,680.75,4777090,4970764.75
1766169000,680.17,680.51,680.17,680.51,1156827,4700962.6
1766169000.001,680.64,680.98,680.64,680.98,3523327,4713307.25
1766172600,681,681,680.66,680.66,1761663,4637568.7
1766172600.001,680.34,680.49,680.15,680.15,9953319,4794103.3
1766176200,679.61,679.95,679.61,679.95,4095828,4651161.65
1766176200.001,680.72,680.9300000000001,680.59,680.9300000000001,6877514,4878026.05
1766413800,683.9300000000001,684.2700000000001,683.9300000000001,684.2700000000001,2781686,4900099.05
1766413800.001,684.53,684.53,684.1899999999999,684.1899999999999,2781686,4763306.55
1766413800.002,682.89,683.23,682.89,683.23,2781686,4764452.5
1766413800.003,683.77,683.77,683.43,683.43,3660336,4480655.05
1766417400,682.6800000000001,683.0200000000001,682.6800000000001,683.0200000000001,1830168,4407725.5
1766417400.001,684.98,685.01,684.67,685.01,4248480,3796753.4
1766421000,685.08,685.08,684.74,684.74,1209155,3637558.45
1766421000.001,684.36,684.69,684.35,684.69,5147306,3636626.7
1766424600,685.36,685.36,685.02,685.02,1312717,3573114.05
1766424600.001,684.72,684.72,684.38,684.38,2067429,3370819.5
1766428200,684.21,684.5500000000001,684.21,684.5500000000001,1033714,3334246.45
1766428200.001,684.91,685.01,684.67,685.01,5624695,3396561.7
1766431800,685.04,685.15,684.81,684.81,8416091,3752035.85
1766435400,684.61,684.79,684.4499999999999,684.4499999999999,4812298,3753796.25
1766500200,683.9300000000001,684.21,683.87,684.21,5034086,3947659.2
1766500200.001,686.25,686.25,685.91,685.91,2517043,3897345
1766500200.002,685.24,685.57,685.23,685.57,5138376,4066180.65
1766503800,686.74,686.74,686.4,686.4,4216486,3779339
1766507400,686.36,686.7,686.36,686.7,1251847,3637139.95
1766507400.001,687.22,687.22,686.88,686.88,3850187,3485773.6
1766511000,686.79,687.13,686.79,687.13,1299169,3411647.75
1766511000.001,687.73,687.84,687.5,687.84,4962635,3520695.2
1766514600,687.92,688.03,687.6899999999999,687.6899999999999,11165950,3939908.4
1766521800,687.64,687.98,687.64,687.98,2041517,3858967.45
1766521800.001,688.2,688.2,687.86,687.86,5782969,4056607.5
1766586600,687.8000000000001,688.1400000000001,687.8000000000001,688.1400000000001,1870726,3937719.8
1766586600.001,689.22,689.35,689.01,689.35,6030773,4178800.7
1766590200,689.98,690.23,689.89,690.23,6113497,4227110.25
1766593800,690.64,690.83,690.49,690.49,6673411,4495144.95
1766597400,690.17,690.51,690.17,690.51,3946767,4589111.85
1766759400,690.64,690.64,690.3,690.3,2247498,4649801.05
1766759400.001,689.65,689.99,689.65,689.99,2247498,4480941.2
1766759400.002,691.66,691.66,691.3199999999999,691.3199999999999,2247498,4172511.55
1766759400.003,690.74,691,690.66,690.66,3246322,4094212.75
1766763000,689.77,690.11,689.77,690.11,1082107,3896613.8
1766763000.001,690.26,690.33,689.99,689.99,2592558,3900389.55
1766766600,689.39,689.73,689.39,689.73,864185,3686680
1766766600.001,690.14,690.2,689.86,689.86,2415382,3596624.8
1766770200,689.27,689.61,689.27,689.61,805127,3574288.8
1766770200.001,689.7,689.99,689.65,689.99,2272832,3495421.05
1766773800,690.46,690.46,690.12,690.12,757610,3468343.1
1766773800.001,690.04,690.35,690.01,690.35,8009171,3620669.9
1766781000,690.5,690.5,690.16,690.16,4084968,3266620.8
1767018600,687.5500000000001,687.5500000000001,687.21,687.21,2510316,3290060.75
1767018600.001,686.82,687.1600000000001,686.82,687.1600000000001,2510315,3126428.05
1767018600.002,689.2,689.2,688.86,688.86,2510315,3158407.5
1767018600.003,687.95,688.2800000000001,687.94,688.2800000000001,2614962,2987616.95
1767022200,688.4,688.4,688.06,688.06,1307481,2747316.15
1767022200.001,686.89,687.23,686.89,687.23,3365528,2581922
1767025800,687.49,687.49,687.15,687.15,1029023,2436034.8
1767025800.001,686.07,686.4100000000001,686.07,686.4100000000001,4060658,2526692.8
1767029400,687.5500000000001,687.5500000000001,687.21,687.21,3464458,2587540.8
1767033000,686.87,687.21,686.87,687.21,1226956,2536513.7
1767033000.001,687.89,687.89,687.55,687.55,1226956,2435545.4
1767033000.002,687.46,687.7700000000001,687.4300000000001,687.7700000000001,5329599,2647920
1767036600,688.62,688.62,688.28,688.28,1776532,2607118.7
1767036600.001,688.1800000000001,688.41,688.0699999999999,688.0699999999999,6562363,2892027.6
1767040200,687.4,687.74,687.4,687.74,2187454,2880631.2
1767040200.001,687.84,687.84,687.5,687.5,1861489,2933449.3
1767105000,687.45,687.7900000000001,687.45,687.7900000000001,1861488,2912882.1
1767105000.001,688.53,688.53,688.1899999999999,688.1899999999999,1861488,2968076
1767105000.002,686.75,686.94,686.6,686.6,4424370,2788835.95
1767108600,686.58,686.9200000000001,686.58,686.9200000000001,1281440,2648659.55
1767108600.001,688.5600000000001,688.5600000000001,688.22,688.22,4302496,2738268.55
1767112200,686.87,687.21,686.87,687.21,1007018,2663103.7
1767112200.001,687.38,687.5400000000001,687.2,687.5400000000001,2075113,2641343.6
1767115800,687.79,687.79,687.4499999999999,687.4499999999999,2358818,2628536.4
1767119400,687.42,687.76,687.42,687.76,833556,2604840.15
1767119400.001,687.9300000000001,687.94,687.6,687.6,4142877,2643707.6
1767123000,687.04,687.38,687.04,687.38,1103106,2647411.75
1767123000.001,687.51,687.82,687.48,687.48,5457770,2717267.35
1767126600,686.7,687.0400000000001,686.7,687.0400000000001,4392874,2763688.15
1767191400,687.13,687.36,687.02,687.02,5147236,2959702.15
1767191400.001,684.92,685.26,684.92,685.26,2573618,3027035.25
1767191400.002,685.5500000000001,685.66,685.3199999999999,685.3199999999999,4916938,3006402.2
1767195000,684.1800000000001,684.5200000000001,684.1800000000001,684.5200000000001,1638979,2999524.55
1767195000.001,685.12,685.4300000000001,685.09,685.09,2819349,2812373.85
1767198600,684.61,684.95,684.61,684.95,939782,2749990.25
1767198600.001,685,685,684.66,684.66,1597022,2736766.9
1767202200,684.65,684.99,684.65,684.99,798510,2683618
1767202200.001,685.39,685.71,685.37,685.71,3285052,2754796.2
1767205800,686.24,686.24,685.9,685.9,1243271,2595741.25
1767205800.001,685.01,685.14,684.8,684.8,8756494,2969493.95
1767209400,682.5500000000001,682.8900000000001,682.5500000000001,682.8900000000001,8777116,3193224.95
1767213000,683.72,683.72,683.38,683.38,3136354,3299691.75
1767213000.001,681.71,682.0500000000001,681.71,682.0500000000001,7708375,3581354.85
1767364200,685.71,686.0500000000001,685.71,686.0500000000001,4572020,3692014.95
1767364200.001,686.87,686.87,686.53,686.53,4572020,3878938.15
1767364200.002,681.58,681.9200000000001,681.58,681.9200000000001,4572020,3900395.3
1767364200.003,682.45,682.7900000000001,682.45,682.7900000000001,6858076,4188143.8
1767367800,684.59,684.59,684.25,684.25,3429037,4086707.15
1767367800.001,680.42,680.76,680.42,680.76,3429037,4038515.3
1767367800.002,681.8100000000001,681.8100000000001,681.47,681.47,3271976,3944752.3
1767371400,680.28,680.62,680.28,680.62,1635988,3897870.8
1767371400.001,682.65,682.7900000000001,682.45,682.7900000000001,3992384,3851643.1
1767375000,682.8000000000001,682.8000000000001,682.46,682.46,1178197,3828604
1767375000.001,680.64,680.98,680.64,680.64,5087253,3941999.2
1767378600,679.82,680.1600000000001,679.82,680.1600000000001,1954528,3992736.5
1767378600.001,683.12,683.19,682.85,683.19,8792931,4352531.95
1767382200,683.95,683.95,683.61,683.61,2279467,4426579.8
1767382200.001,683.24,683.42,683.0799999999999,683.0799999999999,7342407,4629447.55
1767385800,682.07,682.4100000000001,682.07,682.4100000000001,2447468,4689657.4
1767385800.001,683.17,683.51,683.17,683.51,3666848,4435175.1
1767623400,686.54,686.72,686.38,686.72,7333695,4363004.05
1767623400.001,688.61,688.61,688.27,688.27,7219051,4567138.9
1767627000,687.96,688.3000000000001,687.96,688.3000000000001,1776101,4270525.2
1767627000.001,688.87,688.97,688.63,688.97,5282739,4306061.15
1767630600,689.4300000000001,689.4300000000001,689.09,689.09,1753318,4165126.05
1767630600.001,688.21,688.36,688.02,688.02,4214506,4147250.35
1767634200,687.65,687.99,687.65,687.99,1230593,3865876.2
1767634200.001,688.79,688.79,688.4499999999999,688.4499999999999,1230593,3755954
1767634200.002,688.38,688.7,688.36,688.7,2061076,3687555.95
1767637800,688.78,688.78,688.4399999999999,688.4399999999999,1030537,3575484
1767637800.001,688.13,688.3000000000001,687.96,687.96,5847923,3786080.75
1767641400,687.29,687.63,687.29,687.63,1605795,3666751.3
1767641400.001,687.97,688.12,687.78,687.78,7910361,4003359.5
1767645000,687.16,687.5,687.16,687.5,2636786,3880836.15
1767645000.001,687.73,688.07,687.73,688.07,10115633,4288891.4
1767709800,690.86,690.86,690.52,690.52,10845765,4391533.1
1767713400,688.3000000000001,688.6400000000001,688.3000000000001,688.6400000000001,2491295,4402124.5
1767713400.001,689.0500000000001,689.0500000000001,688.71,688.71,3063798,4188194.05
1767717000,688.62,688.96,688.62,688.96,1531899,4142415.6
1767717000.001,690.62,690.71,690.37,690.71,5560127,4237079.55
1767720600,691.2,691.2,690.86,690.86,4111858,4075987.7
1767724200,690.65,690.99,690.65,690.99,1384558,3784263.05
1767724200.001,692.16,692.1600000000001,691.82,692.1600000000001,5693770,3980146.5
1767727800,692.24,692.3000000000001,691.96,692.3000000000001,5934445,4012731.8
1767731400,692.32,692.32,691.98,691.98,2249020,4037516.9
1767731400.001,691.8000000000001,692.1400000000001,691.8000000000001,692.1400000000001,5173801,4085481.65
1767796200,692.2,692.5400000000001,692.2,692.5400000000001,2924780,4170191
1767796200.001,693.09,693.09,692.75,692.75,2924780,4254900.35
1767796200.002,691.1,691.44,691.1,691.44,2924780,4298085.55
1767796200.003,691.67,691.67,691.3299999999999,691.3299999999999,4108160,4451966.7
1767799800,690.96,691.3000000000001,690.96,691.3000000000001,2054080,4262274.55
1767799800.001,692.83,692.83,692.49,692.49,2054080,4284688.8
1767799800.002,692.25,692.51,692.17,692.51,4460991,4112220.3
1767803400,693.96,693.96,693.62,693.62,6563589,4308560.45
1767807000,692.04,692.38,692.04,692.38,5510712,4078314.4
1767810600,693.15,693.15,692.81,692.81,1909257,3631489
1767810600.001,691.45,691.7900000000001,691.45,691.7900000000001,6098436,3811846.05
1767814200,692.16,692.16,691.8199999999999,691.8199999999999,2094589,3763385.6
1767814200.001,690.12,690.37,690.03,690.03,10725025,4223041.9
1767817800,689.32,689.59,689.25,689.25,6619963,4276033.7
1767882600,688.8100000000001,688.8100000000001,688.47,688.47,3743152,4257598.4
1767882600.001,687.49,687.83,687.49,687.83,3743152,4375528.1
1767882600.002,690.02,690.02,689.68,689.68,3743152,4277997.2
1767882600.003,689.63,689.97,689.63,689.97,4441102,4203330.05
1767886200,689.98,689.98,689.64,689.64,2220551,4201906.6
1767886200.001,688.51,688.85,688.51,688.85,2220550,4054244.05
1767886200.002,689.08,689.08,688.74,688.74,2850366,4050523.35
1767889800,688.44,688.7800000000001,688.44,688.7800000000001,1425183,3975543.5
1767889800.001,690.09,690.09,689.75,689.75,1425182,3900563.6
1767889800.002,689.35,689.35,689.01,689.01,2780612,3834186.2
1767893400,688.79,689.13,688.79,689.13,1390306,3800997.5
1767893400.001,690.62,690.62,690.28,690.28,1390305,3767808.75
1767893400.002,689.5,689.8100000000001,689.47,689.47,3537727,3721645.55
1767897000,688.28,688.62,688.28,688.62,1179242,3452428.2
1767897000.001,688.92,688.9300000000001,688.59,688.59,2413506,3297567.9
1767900600,688.57,688.9100000000001,688.57,688.9100000000001,1206753,3262442.7
1767900600.001,689.65,689.9100000000001,689.57,689.9100000000001,4975808,3206311.3
1767904200,690.0600000000001,690.0600000000001,689.72,689.72,1884528,3195808.25
1767904200.001,689.26,689.6,689.26,689.6,6021835,2960648.75
1767969000,690.65,690.65,690.31,690.31,4137307,2836515.95
1767969000.001,689.1800000000001,689.5200000000001,689.1800000000001,689.5200000000001,4137307,2856223.7
1767969000.002,693.34,693.47,693.13,693.47,9479207,3143026.45
1767972600,693.65,693.65,693.31,693.31,2670949,3089416.3
1767972600.001,691.28,691.62,691.28,691.62,2670949,3000908.65
1767972600.002,692.86,692.8900000000001,692.5500000000001,692.8900000000001,4394286,3109595.4
1767976200,694.38,694.5,694.16,694.16,4913431,3244239.45
1767979800,693.36,693.7,693.36,693.7,1149556,3159198.95
1767979800.001,693.87,694.2,693.86,694.2,3568710,3266375.3
1767983400,694.89,695.0500000000001,694.71,695.0500000000001,5633840,3476808.2
1767987000,695.3100000000001,695.3100000000001,694.97,694.97,9044182,3789986.7
1767990600,693.9,693.99,693.65,693.65,6107872,4025865
1768228200,690.6800000000001,690.97,690.63,690.97,7173906,4315045.05
1768228200.001,693.9,693.9,693.56,693.56,7496730,4512995.2
1768231800,692.96,693.3000000000001,692.96,693.3000000000001,1954888,4551777.5
1768231800.001,694.6800000000001,694.6800000000001,694.34,694.34,1954888,4528846.6
1768231800.002,694.23,694.4100000000001,694.07,694.4100000000001,3767812,4656899.55
1768235400,694.86,694.86,694.52,694.52,3380997,4577159
1768239000,694.1,694.44,694.1,694.44,1062530,4536059.1
1768239000.001,695.2,695.2700000000001,694.9300000000001,695.2700000000001,4549635,4462449.1
1768242600,695.46,695.5200000000001,695.1800000000001,695.5200000000001,6036017,4557384.6
1768246200,696.09,696.09,695.75,695.75,1624549,4431746.7
1768246200.001,695.32,695.6600000000001,695.32,695.6600000000001,3603986,4137985.65
1768249800,695.74,695.74,695.4,695.4,1801993,4094537.85
1768249800.001,695.14,695.48,695.14,695.48,5613608,4241670.8
1768314600,695.52,695.86,695.52,695.86,3811615,4212537.25
1768314600.001,696.09,696.09,695.75,695.75,3811615,4157446.45
1768314600.002,692.09,692.4300000000001,692.09,692.4300000000001,3811615,4290549.4
1768314600.003,692.73,692.75,692.41,692.75,5721171,4398172.45
1768318200,694.28,694.28,693.9399999999999,693.9399999999999,1907056,4211833.25
1768318200.001,693.48,693.59,693.25,693.59,5028500,4011049.15
1768321800,695.2,695.2,694.86,694.86,1676166,3789463.85
1768321800.001,694.5600000000001,694.72,694.38,694.38,5425743,3702055.7
1768325400,692.42,692.76,692.42,692.76,1808580,3417648.2
1768325400.001,692.92,692.92,692.5799999999999,692.5799999999999,3153516,3477579.6
1768329000,692.23,692.57,692.23,692.57,1576757,3458673.05
1768329000.001,693.65,693.65,693.31,693.31,1576757,3349120.3
1768329000.002,693.01,693.21,692.87,692.87,5606674,3460404.15
1768332600,691.94,692,691.66,691.66,7514663,3783010.8
1768336200,691.35,691.69,691.35,691.69,2822886,3696673.35
1768336200.001,693.96,693.96,693.62,693.62,7165014,3753123.2
1768401000,691,691.34,691,691.34,4342127,3889002.1
1768401000.001,691.72,691.72,691.38,691.38,4342127,3925909.15
1768401000.002,687.67,688.01,687.67,688.01,4342127,4052915.85
1768401000.003,688.76,688.76,688.42,688.42,5312877,4037879.3
1768404600,686.51,686.85,686.51,686.85,2656438,3980120.45
1768404600.001,689.33,689.47,689.13,689.13,8815327,4230306.05
1768408200,686.04,686.38,686.04,686.38,2052963,4142373.45
1768408200.001,687.1,687.1,686.76,686.76,2738886,3993259.2
1768411800,686.19,686.5300000000001,686.19,686.5300000000001,1369443,3966378.55
1768411800.001,687.65,687.65,687.31,687.31,4656257,3947766.4
1768415400,686.26,686.6,686.26,686.6,1643407,3946128.45
1768415400.001,688.32,688.32,687.98,687.98,6287404,3989211.5
1768419000,687.32,687.6600000000001,687.32,687.6600000000001,2321998,4014882.4
1768419000.001,689.69,689.69,689.35,689.35,2321998,3973306.5
1768419000.002,689.15,689.15,688.81,688.81,6561372,4222537.25
1768422600,688.62,688.96,688.62,688.96,3280685,4307733.65
1768422600.001,690.64,690.7800000000001,690.44,690.7800000000001,6637709,4359285.4
1768487400,694.57,694.72,694.38,694.38,6714047,4319254.6
1768487400.001,693.1800000000001,693.5200000000001,693.1800000000001,693.5200000000001,3357023,4345961.45
1768487400.002,693.94,693.94,693.6,693.6,5106004,4243010.95
1768491000,692.99,693.33,692.99,693.33,2553001,4153554.65
1768491000.001,695.16,695.16,694.8199999999999,694.8199999999999,3846571,4128776.85
1768494600,694.8100000000001,695.1500000000001,694.8100000000001,695.1500000000001,1293570,3976349
1768494600.001,695.45,695.45,695.11,695.11,1293569,3775383.6
1768494600.002,694.39,694.45,694.11,694.11,3984080,3841765.7
1768498200,693.88,694.22,693.88,694.22,1345255,3468262.1
1768498200.001,695.02,695.22,694.88,695.22,3944019,3562814.9
1768501800,695.25,695.25,694.91,694.91,1299382,3490839.7
1768501800.001,693.52,693.74,693.4,693.4,9600141,3902374.6
1768505400,691.29,691.63,691.29,691.63,2766919,3807907.7
1768505400.001,691.83,691.84,691.5,691.5,4839963,3967735.5
1768509000,691.25,691.59,691.25,691.59,2419981,3774364.35
1768509000.001,692.25,692.5200000000001,692.1800000000001,692.5200000000001,5909734,3953751.15
1768573800,693.67,694.01,693.67,694.01,3489753,4012138.9
1768573800.001,694.25,694.25,693.91,693.91,3489753,3858557.95
1768573800.002,691.5,691.65,691.31,691.31,8943909,4141719.15
1768577400,690.1,690.44,690.1,690.44,2727078,3946187.6
1768577400.001,692.82,693.0600000000001,692.72,693.0600000000001,5159375,3868454
1768581000,693.47,693.47,693.13,693.13,1216148,3761410.25
1768581000.001,692.13,692.47,692.13,692.47,1216148,3566917.45
1768581000.002,692.52,692.52,692.18,692.18,1883266,3533430.7
1768584600,691.82,692.1600000000001,691.82,692.1600000000001,941633,3388183.8
1768584600.001,693.2,693.34,693,693.34,3565398,3501775.2
1768588200,693.71,693.71,693.37,693.37,1311882,3502690.85
1768588200.001,691.96,692.3000000000001,691.96,692.3000000000001,5327866,3569880.15
1768591800,693,693,692.66,692.66,1338661,3569550.45
1768591800.001,692.16,692.49,692.15,692.15,7461515,3745425.25
1768595400,691.47,691.58,691.24,691.24,8226121,4091762.2
1768919400,681.49,681.49,681.15,681.15,5738949,3898702.6
1768919400.001,680.91,681.25,680.91,681.25,5738949,4047304.1
1768919400.002,684.01,684.19,683.85,684.19,10771909,4343901.4
1768923000,684.77,684.77,684.43,684.43,2516479,4348726.3
1768923000.001,682.58,682.9200000000001,682.58,682.9200000000001,2516479,4179063.55
1768923000.002,683.84,684.1700000000001,683.83,684.1700000000001,3845822,4196867
1768926600,684.35,684.35,684.01,684.01,1922910,4118524.85
1768926600.001,682.12,682.4,682.06,682.06,7127342,4027696.5
1768930200,680.23,680.42,680.0799999999999,680.0799999999999,8870307,4334857.95
1768933800,677.69,678.0300000000001,677.69,678.0300000000001,2378499,4195814.15
1768933800.001,678.04,678.38,678.04,678.38,5568388,4413426.15
1768937400,678.48,678.48,678.14,678.14,2784194,4491828.45
1768937400.001,676.9300000000001,677.2700000000001,676.9300000000001,677.2700000000001,2784193,4536874.8
1768937400.002,677.39,677.4,677.06,677.06,6799365,4829761.4
1768941000,676.57,676.9100000000001,676.57,676.9100000000001,3399682,4821475.6
1768941000.001,677.74,677.95,677.61,677.95,7976206,5154691.8
1769005800,679.65,679.65,679.31,679.31,4576523,5117124.65
1769005800.001,678.97,679.3100000000001,678.97,679.3100000000001,4576523,5279017.75
1769005800.002,683.42,683.42,683.0799999999999,683.0799999999999,4576523,5134768.15
1769005800.003,683.02,683.2800000000001,682.94,683.2800000000001,7051304,5076027.3
1769009400,685.13,685.13,684.79,684.79,2350434,4906601.55
1769009400.001,684.25,684.3000000000001,683.96,683.96,11204025,5179855.35
1769013000,678.13,678.47,678.13,678.47,3734674,4827993.6
1769013000.001,679.85,679.87,679.53,679.53,4271054,4915722.35
1769016600,678.63,678.97,678.63,678.97,2135527,4896674.75
1769016600.001,680.97,680.97,680.63,680.63,2135526,4811159.95
1769016600.002,680.57,680.57,680.23,680.23,5050512,4967540.05
1769020200,679.72,680.0600000000001,679.72,680.0600000000001,2525256,4737435.75
1769020200.001,685.02,685.02,684.68,684.68,2525256,4420183.2
1769020200.002,684.4,684.6700000000001,684.33,684.6700000000001,16768686,5139692.55
1769023800,688.74,688.74,688.4,688.4,5589562,5140751.25
1769023800.001,685.36,685.69,685.35,685.69,6532724,5328177.75
1769027400,686.16,686.16,685.8199999999999,685.8199999999999,3266362,5352286.2
1769027400.001,684.63,684.97,684.63,684.97,3266362,5175636.05
1769027400.002,685.33,685.6700000000001,685.33,685.6700000000001,4324585,5221881.2
1769092200,689.85,690.19,689.85,690.19,4324584,5039300.1
1769092200.001,690.67,690.67,690.3299999999999,690.3299999999999,4324584,5026703.15
1769092200.002,686.92,687.26,686.92,687.26,4324584,5014106.2
1769092200.003,688.44,688.46,688.12,688.12,3304585,4950509.3
1769095800,688.0500000000001,688.3900000000001,688.0500000000001,688.3900000000001,1652292,4680558.7
1769095800.001,690.0500000000001,690.0500000000001,689.71,689.71,4098346,4767954.3
1769099400,689.41,689.75,689.41,689.75,1223026,4268904.35
1769099400.001,690.5600000000001,690.57,690.23,690.57,4657580,4315049.65
1769103000,691.13,691.13,690.79,690.79,1144851,4158739.5
1769103000.001,690.45,690.45,690.11,690.11,2394050,4171665.65
1769106600,689.83,690.1700000000001,689.83,690.1700000000001,1197025,4124740.6
1769106600.001,690.96,690.96,690.62,690.62,7917501,4268090.05
1769110200,688.13,688.16,687.8199999999999,687.8199999999999,6692422,4476448.35
1769113800,687.6,687.94,687.6,687.94,2226132,4461492.15
1769113800.001,689.0500000000001,689.0500000000001,688.71,688.71,4983963,3872256
1769178600,688.15,688.15,687.81,687.81,2757832,3730669.5
1769178600.001,687.16,687.5,687.16,687.5,2757832,3541924.9
1769178600.002,689.85,689.85,689.51,689.51,2757831,3516498.35
1769178600.003,689.33,689.5500000000001,689.21,689.5500000000001,4916946,3599027.55
1769182200,690.96,690.96,690.62,690.62,1638981,3464747.35
1769182200.001,690.07,690.07,689.73,689.73,2599254,3378480.85
1769185800,689.35,689.69,689.35,689.69,1299626,3227232.95
1769185800.001,690.62,690.62,690.28,690.28,1299626,3075985.05
1769185800.002,690.19,690.28,689.9399999999999,689.9399999999999,5184423,3169976.95
1769189400,687.73,688.07,687.73,688.07,1728141,3173769.4
1769189400.001,688.92,688.94,688.6,688.6,2499999,3093852.05
1769193000,688.37,688.71,688.37,688.71,1249999,3095200.7
1769193000.001,690.2,690.2,689.86,689.86,1249999,2924821.65
1769193000.002,689.5500000000001,689.86,689.52,689.52,4633387,3099248.45
1769196600,688.51,688.85,688.51,688.85,7122646,3335678.25
1769200200,689.61,689.61,689.27,689.27,1859394,3368796.7
1769200200.001,689.19,689.5300000000001,689.19,689.5300000000001,2967218,3121282.55
1769437800,690.47,690.47,690.13,690.13,2967218,2935022.35
1769437800.001,689.92,690.26,689.92,690.26,2967217,2972076.6
1769437800.002,693.4,693.4,693.06,693.06,2967217,2871239.3
1769437800.003,692.5500000000001,692.57,692.23,692.57,4464329,2956564.15
1769441400,693.34,693.34,693,693,3426292,2989987.15
1769445000,692.78,693.12,692.78,693.12,969091,2900550.15
1769445000.001,693.71,693.71,693.37,693.37,2781308,2793768.25
1769448600,692.9,693.24,692.9,693.24,906108,2757124.6
1769448600.001,693.87,693.87,693.53,693.53,3011218,2777722.8
1769452200,693.33,693.6700000000001,693.33,693.6700000000001,1052555,2765369.25
1769452200.001,694.13,694.13,693.79,693.79,5107594,2955767.65
1769455800,693.42,693.76,693.42,693.76,6241745,3008633.75
1769459400,693.87,693.87,693.53,693.53,2445033,3044478.35
1769459400.001,692.62,692.96,692.62,692.96,4812442,3160100.5
1769524200,694.1800000000001,694.1800000000001,693.84,693.84,2367408,3215970.95
1769524200.001,693.57,693.9100000000001,693.57,693.9100000000001,2367408,3271841.4
1769524200.002,695.48,695.48,695.14,695.14,2367408,3158542.45
1769524200.003,694.78,695.0600000000001,694.72,695.0600000000001,4378268,3021323.55
1769527800,696.48,696.53,696.1899999999999,696.1899999999999,5380263,3197367
1769531400,695.38,695.72,695.38,695.72,1306946,3114353.4
1769531400.001,695.99,696.08,695.74,695.74,2827194,3107352.2
1769535000,694.91,695.25,694.91,695.25,942398,3006111.25
1769535000.001,695.8000000000001,696.0500000000001,695.71,696.0500000000001,2368597,2976180.25
1769538600,696.21,696.4,696.06,696.06,4150358,2960481.7
1769542200,695.94,696.1800000000001,695.84,695.84,7357326,3157033.4
1769545800,695.4,695.74,695.4,695.74,4917041,3354430.9
1769610600,697.0600000000001,697.4000000000001,697.0600000000001,697.4000000000001,2838024,3357266.7
1769610600.001,697.84,697.84,697.5,697.5,2838024,3453862.5
1769610600.002,696.03,696.37,696.03,696.37,2838024,3445202.8
1769610600.003,696.51,696.79,696.4499999999999,696.4499999999999,3906850,3587917.55
1769614200,695.45,695.7900000000001,695.45,695.7900000000001,1302283,3397652
1769614200.001,696.12,696.12,695.78,695.78,4071304,3289129.95
1769617800,694.5,694.84,694.5,694.84,1357101,3234733.35
1769617800.001,694.86,694.86,694.52,694.86,2557401,3121981.3
1769621400,695.44,695.49,695.15,695.49,3181474,3162684.6
1769625000,695.65,695.65,695.31,695.31,1164504,3102539.4
1769625000.001,694.0500000000001,694.2800000000001,693.94,694.2800000000001,7734139,3370875.95
1769628600,696.29,696.29,695.9499999999999,695.9499999999999,2189878,3261456.45
1769628600.001,695.45,695.7800000000001,695.44,695.7800000000001,4032626,3194074.6
1769632200,696.14,696.14,695.8,695.8,2016313,3229542.95
1769632200.001,694.75,695.09,694.75,695.09,2016313,3188998.9
1769632200.002,695.42,695.76,695.42,695.76,4932024,3388480.2
1769697000,696.35,696.69,696.35,696.69,4932024,3516651.55
1769697000.001,697.0600000000001,697.0600000000001,696.72,696.72,4932023,3555734.8
1769697000.002,688.86,689.2,688.86,689.2,13709407,3873338.85
1769700600,689.3100000000001,689.3100000000001,688.97,688.97,4388692,3846921.4
1769700600.001,684.83,685.1700000000001,684.83,685.1700000000001,4388691,3924454.75
1769700600.002,687.91,688.1600000000001,687.82,688.1600000000001,6562605,4110683.8
1769704200,691.36,691.36,691.02,691.36,6160732,4276819.2
1769707800,691.6800000000001,691.6800000000001,691.34,691.34,1986599,4180806.65
1769707800.001,688.71,689.0500000000001,688.71,689.0500000000001,1986599,4215022.45
1769707800.002,690.97,690.98,690.64,690.64,3715538,4197234.15
1769711400,690.19,690.5300000000001,690.19,690.5300000000001,1857768,4222267.5
1769711400.001,692.21,692.23,691.89,691.89,7200526,4454423.75
1769715000,691.0500000000001,691.3900000000001,691.0500000000001,691.3900000000001,1780919,4384396
1769715000.001,691.57,691.73,691.39,691.73,9464790,4799410.3
1769718600,694.79,694.79,694.4499999999999,694.4499999999999,3154929,4570449.8
1769718600.001,693.97,693.97,693.63,693.63,2990020,4610456.9
1769783400,691.78,692.12,691.78,692.12,2990020,4558326.6
1769783400.001,694.0500000000001,694.0500000000001,693.71,693.71,2990020,4607011.95
1769783400.002,691.22,691.5600000000001,691.22,691.5600000000001,7004354,4856414
1769787000,694.21,694.21,693.87,693.87,2007167,4710171.15
1769787000.001,690.26,690.6,690.26,690.6,2007167,4563928.3
1769787000.002,691.0600000000001,691.0600000000001,690.72,690.72,3660854,4500369.85
1769790600,688.73,689.07,688.73,689.07,1830427,3906420.85
1769790600.001,692.4300000000001,692.4300000000001,692.09,692.09,1830427,3778507.6
1769790600.002,691.07,691.4100000000001,691.07,691.4100000000001,3595282,3738837.15
1769794200,691.53,691.53,691.1899999999999,691.1899999999999,1797641,3500588.95
1769794200.001,687.12,687.46,687.12,687.46,1797641,3282434.4
1769794200.002,689.47,689.47,689.13,689.13,4085252,3387367.05
1769797800,687.85,688.19,687.85,688.19,2042625,3390168.35
1769797800.001,692.7,692.7,692.36,692.36,2042625,3306522.7
1769797800.002,691.34,691.6700000000001,691.33,691.6700000000001,4048864,3416077.5
1769801400,692.28,692.28,691.9399999999999,691.9399999999999,2024432,3157272.8
1769801400.001,689.3000000000001,689.6400000000001,689.3000000000001,689.6400000000001,2024432,3169448.45
1769801400.002,690.04,690.3100000000001,689.97,690.3100000000001,11208256,3256621.75
1769805000,692.83,692.83,692.49,692.49,3736085,3285679.55
1769805000.001,691.85,691.85,691.51,691.51,4699112,3371134.15
1770042600,689.58,689.7700000000001,689.4300000000001,689.7700000000001,9398223,3691544.3
1770042600.001,695.67,695.67,695.3299999999999,695.3299999999999,4699111,3776998.85
1770042600.002,694.69,694.69,694.35,694.35,4254564,3639509.35
1770046200,693.92,694.26,693.92,694.26,2127282,3645515.1
1770046200.001,695.75,695.75,695.41,695.41,4852236,3787768.55
1770049800,694.49,694.83,694.49,694.83,1362476,3672849.65
1770049800.001,696.52,696.57,696.23,696.57,3439618,3753309.2
1770053400,696.9300000000001,696.9300000000001,696.59,696.59,1038571,3713716.4
1770053400.001,695.69,696.0300000000001,695.69,696.0300000000001,1038570,3585880.8
1770053400.002,696.0600000000001,696.37,696.03,696.37,3183219,3655159.7
1770057000,696.88,696.88,696.54,696.54,9352778,4032916.55
1770060600,695.01,695.35,695.01,695.35,2763901,3966849
1770060600.001,695.8100000000001,695.96,695.62,695.62,8459786,4287707.05
1770064200,695.08,695.4200000000001,695.08,695.4200000000001,2819928,4326572.2
1770064200.001,695.46,695.8000000000001,695.46,695.8000000000001,4929073,4370582.65
1770129000,696.21,696.5500000000001,696.21,696.5500000000001,4929072,4515814.65
1770129000.001,696.96,696.96,696.62,696.62,4929072,4661046.65
1770129000.002,690.8000000000001,691.1400000000001,690.8000000000001,691.1400000000001,4929072,4347087.45
1770129000.003,692.21,692.5300000000001,692.19,692.5300000000001,4924706,4406518.5
1770132600,693.4300000000001,693.4300000000001,693.09,693.09,2462352,4294680.5
1770132600.001,690.67,691.01,690.67,691.01,7672471,4208392.9
1770136200,691.45,691.45,691.11,691.11,2605059,4103690.3
1770136200.001,688.61,688.94,688.6,688.6,10189488,4400436.5
1770139800,686.24,686.58,686.24,686.58,8694534,4728799.1
1770143400,687.22,687.22,686.88,686.88,3083195,4640347.05
1770143400.001,684.03,684.37,684.03,684.37,3083195,4726383
1770143400.002,686.21,686.21,685.87,685.87,5291578,4818981
1770147000,685.13,685.47,685.13,685.47,2645789,4899341.9
1770147000.001,687.8100000000001,687.83,687.49,687.83,10859708,5390398.8
1770150600,689.75,689.8100000000001,689.47,689.8100000000001,7012362,5581855.95
1770215400,690.35,690.69,690.35,690.69,4274390,5327936.55
1770215400.001,691.45,691.45,691.11,691.11,4274390,5403461
1770215400.002,686.51,686.85,686.51,686.85,4274390,5194191.2
1770215400.003,689.9,690.24,689.9,690.24,6170405,5361715.05
1770219000,690.27,690.27,689.93,689.93,3085202,5269521.5
1770219000.001,686.39,686.73,686.39,686.73,3085202,5177328
1770219000.002,688.35,688.48,688.14,688.14,7283447,5295046.75
1770222600,683.22,683.5600000000001,683.22,683.5600000000001,2427815,5169983.9
1770222600.001,683.7,683.7,683.36,683.36,6156604,5231578.8
1770226200,681.76,682.1,681.76,682.1,3078302,5262376.3
1770226200.001,685.01,685.01,684.67,684.67,7532944,5255399.95
1770229800,683.11,683.45,683.11,683.45,2227320,5236513
1770229800.001,685.51,685.6400000000001,685.3000000000001,685.6400000000001,11135949,5283836.05
1770233400,688.49,688.49,688.15,688.15,2969543,4997586.5
1770233400.001,687.54,687.87,687.53,687.87,4858852,5086369.35
1770237000,688.44,688.44,688.1,688.1,2429425,5053680.85
1770237000.001,685.64,685.98,685.64,685.98,2429425,4910573.2
1770237000.002,686.12,686.12,685.78,685.78,5663653,5061466.4
1770301800,680.94,681.2800000000001,680.94,681.2800000000001,5663653,4801663.65
1770301800.001,683.69,683.69,683.35,683.35,5663653,4734228.2
1770301800.002,676.1800000000001,676.5200000000001,676.1800000000001,676.5200000000001,5663653,4803691.35
1770301800.003,676.64,676.65,676.31,676.31,7820968,4981020.25
1770305400,675.79,676.13,675.79,676.13,3910483,4962824.9
1770305400.001,679.79,679.79,679.4499999999999,679.4499999999999,9117177,5110163.5
1770309000,678.95,679.2900000000001,678.95,679.2900000000001,2603347,5086070.75
1770309000.001,681.94,681.94,681.6,681.6,2603347,5061978
1770309000.002,681.5,681.84,681.5,681.84,3368780,4866244.65
1770312600,682.62,682.62,682.28,682.28,1684390,4829073.4
1770312600.001,678.85,679.16,678.8199999999999,678.8199999999999,5442710,4793378.7
1770316200,677.69,678.0300000000001,677.69,678.0300000000001,1879160,4733421.6
1770316200.001,681.47,681.47,681.13,681.13,1879160,4450732.4
1770316200.002,680.25,680.58,680.24,680.58,4560960,4567414.4
1770319800,680.9,680.9,680.56,680.56,2280480,4124640.95
1770319800.001,677.64,677.98,677.64,677.98,7900770,4371202.3
1770323400,678.35,678.35,678.01,678.01,2810145,4268766.95
1770323400.001,676.19,676.5300000000001,676.19,676.5300000000001,2810144,4287802.9
1770323400.002,677.45,677.7900000000001,677.45,677.7900000000001,5135708,4423117.05
1770388200,681.46,681.46,681.12,681.12,5135708,4396719.8
1770388200.001,680.85,681.19,680.85,681.19,5135708,4370322.55
1770388200.002,686.51,686.51,686.17,686.17,5135707,4343925.25
1770388200.003,685.65,685.65,685.31,685.31,5723212,4346903.2
1770391800,684.33,684.6700000000001,684.33,684.6700000000001,2861606,4098935.1
1770391800.001,687.72,687.72,687.38,687.38,2861605,4046491.2
1770391800.002,687.11,687.2800000000001,686.94,687.2800000000001,4815842,3831424.45
1770395400,688.51,688.51,688.17,688.17,4502736,3926393.9
1770399000,687.85,688.19,687.85,688.19,1448727,3868662.9
1770399000.001,689.54,689.54,689.1999999999999,689.1999999999999,1448727,3772660.25
1770399000.002,688.95,689.08,688.74,689.08,3676416,3872261.55
1770402600,689.66,689.66,689.3199999999999,689.3199999999999,4509357,3825593.9
1770406200,688.9,689.24,688.9,689.24,1641942,3813733
1770406200.001,690.14,690.14,689.8,689.8,1641942,3801872.1
1770406200.002,689.78,689.94,689.6,689.94,9155214,4031584.8
1770409800,692.3100000000001,692.3100000000001,691.97,691.97,3051737,4070147.65
1770409800.001,690.66,690.66,690.3199999999999,690.3199999999999,148275,3682522.9
1770647400,689.42,689.66,689.3199999999999,689.3199999999999,296550,3556843.15
1770647400.001,688.37,688.71,688.37,688.71,148275,3423749.7
1770647400.002,688.76,688.76,688.42,688.42,245154,3179222
1770647460,688.34,688.6800000000001,688.34,688.6800000000001,122576,2928565.4
1770647460.001,689.28,689.28,688.9399999999999,688.9399999999999,122576,2677908.8
1770647460.002,688.92,688.98,688.64,688.98,444768,2443361.85
1770647520,689.66,689.66,689.3199999999999,689.3199999999999,324506,2173426.55
1770647580,689.22,689.5600000000001,689.22,689.5600000000001,88125,2034752.5
1770647580.001,690,690,689.66,689.66,296084,1906476.45
1770647640,689.64,689.98,689.64,689.98,103979,1670883.3
1770647640.001,690.17,690.17,689.8299999999999,689.8299999999999,330197,1462256.35
1770647700,689.54,689.88,689.54,689.88,113109,1395475.45
1770647700.001,690.0600000000001,690.15,689.81,689.81,443777,1345227.95
1770647760,689.39,689.73,689.39,689.73,110223,1166918.3
1770647760.001,689.75,690.0400000000001,689.7,690.0400000000001,255042,954202.55
1770647820,690.48,690.63,690.29,690.29,577441,900977.5
1770647940,690.28,690.62,690.28,690.62,96267,823693.75
1770647940.001,691.15,691.25,690.91,691.25,390085,385437.3
1770648000,691.3000000000001,691.4300000000001,691.09,691.09,350169,250358.9
1770648060,690.88,691.1500000000001,690.8100000000001,691.1500000000001,330908,259490.55
1770648120,691.52,691.57,691.23,691.23,265550,257940.55
1770648180,691,691.2900000000001,690.95,691.2900000000001,456176,273335.6
1770648300,691.48,691.48,691.14,691.14,81107,265133.25
1770648300.001,690.92,691.25,690.91,691.25,334112,275710.05
1770648360,691.52,691.5600000000001,691.22,691.22,431919,291177.2
1770648420,690.5,690.84,690.5,690.84,115861,274731.85
1770648420.001,691.38,691.58,691.24,691.58,176177,267315.4
1770648480,691.61,691.64,691.3,691.3,288882,277353.25
1770648540,691.04,691.29,690.9499999999999,690.9499999999999,395545,282326.3
1770648600,690.34,690.57,690.23,690.23,313260,292790.35
1770648660,690.07,690.4100000000001,690.07,690.4100000000001,185315,285546.25
1770648720,690.53,690.53,690.1899999999999,690.1899999999999,58160,282798.8
1770648720.001,689.95,690.2700000000001,689.9300000000001,690.2700000000001,192552,270237.55
1770648780,690.3000000000001,690.3000000000001,689.96,689.96,177301,273591.45
1770648840,689.78,690.12,689.78,690.12,66252,264151.95
1770648840.001,690.46,690.8000000000001,690.46,690.8000000000001,173153,243937.55
1770648900,690.83,690.83,690.49,690.49,53451,241796.75
1770648900.001,690.44,690.58,690.24,690.58,198372,232211.1
1770648960,690.87,690.87,690.53,690.53,190434,224224.35
1770649020,690.3100000000001,690.6500000000001,690.3100000000001,690.6500000000001,122203,213789.1
1770649080,690.85,690.85,690.51,690.51,37413,202382.25
1770649080.001,690.45,690.66,690.3199999999999,690.3199999999999,295663,194356.6
1770649200,690.22,690.5600000000001,690.22,690.5600000000001,59926,193297.55
1770649200.001,690.94,690.94,690.6,690.6,59926,179588.25
1770649200.002,690.45,690.7800000000001,690.44,690.7800000000001,113349,163659.75
1770649260,690.95,690.97,690.63,690.63,194718,167602.6
1770649320,690.26,690.6,690.26,690.6,168263,167206.9
1770649380,690.99,691.08,690.74,691.08,163699,160947.75
1770649440,691.27,691.5200000000001,691.1800000000001,691.5200000000001,215593,151950.15
1770649500,691.54,691.74,691.4,691.74,213904,146982.35
1770649560,691.79,691.94,691.6,691.6,590645,167248.85
1770649740,691.46,691.73,691.39,691.73,142390,171460.35
1770649800,691.77,691.77,691.43,691.43,218596,172762.55
1770649920,691.16,691.5,691.16,691.5,34140,165604.5
1770649920.001,691.51,691.62,691.28,691.62,163968,170490.3
1770649980,691.69,691.9000000000001,691.5600000000001,691.9000000000001,315875,177626.4
1770650100,692.22,692.4300000000001,692.09,692.4300000000001,789307,214419.2
1770650280,692.54,692.74,692.4,692.74,379161,223458.65
1770650400,692.9300000000001,692.9300000000001,692.59,692.59,374026,232638.25
1770650520,692.41,692.75,692.41,692.75,86309,230843.55
1770650580,692.83,692.83,692.49,692.49,23438,230144.8
1770650580.001,692.46,692.53,692.1899999999999,692.1899999999999,237363,227229.8
1770650700,692.0500000000001,692.14,691.8,691.8,291089,238787.95
1770650820,691.69,692.0300000000001,691.69,692.0300000000001,214054,246494.35
1770650940,692.13,692.2800000000001,691.94,692.2800000000001,165407,249097.25
1770651000,692.82,693.1,692.76,693.1,496286,264175.65
1770651180,693.12,693.2900000000001,692.95,693.2900000000001,428167,277170.85
1770651300,693.52,693.69,693.35,693.69,264500,282210.9
1770651360,693.72,693.73,693.39,693.73,261248,284493.65
1770651420,693.76,693.77,693.43,693.43,358450,291720.95
1770651540,693.2,693.5400000000001,693.2,693.5400000000001,148486,269613
1770651600,693.59,693.6500000000001,693.3100000000001,693.6500000000001,524844,288735.7
1770651900,693.76,693.76,693.42,693.42,192588,287435.3
1770651960,693.3100000000001,693.5500000000001,693.21,693.5500000000001,382195,304838.05
1770652140,693.8000000000001,694,693.66,693.66,378296,315554.45
1770652260,693.5600000000001,693.9000000000001,693.5600000000001,693.9000000000001,494069,324464.15
1770652500,694,694.1700000000001,693.83,694.1700000000001,204830,295240.3
1770652560,694.28,694.51,694.17,694.51,743241,313444.3
1770652860,694.52,694.62,694.28,694.28,551114,322298.7
1770653160,694.1800000000001,694.4000000000001,694.0600000000001,694.4000000000001,596046,347785.55
1770653520,694.46,694.46,694.12,694.12,139320,353579.65
1770653580,694.0600000000001,694.4000000000001,694.0600000000001,694.4000000000001,266863,355054.65
1770653700,694.44,694.48,694.14,694.14,386409,359820.65
1770653940,694.0600000000001,694.4000000000001,694.0600000000001,694.4000000000001,264295,362332.7
1770654120,694.42,694.61,694.27,694.61,640540,386089.35
1770654420,694.67,694.77,694.43,694.43,826773,402613.7
1770654900,694.41,694.61,694.27,694.61,352227,398816.7
1770655200,694.7,694.9100000000001,694.57,694.9100000000001,411095,406146.45
1770655440,695,695.3000000000001,694.96,695.3000000000001,276622,406915.15
1770655560,695.3100000000001,695.4200000000001,695.08,695.4200000000001,800757,429030.5
1770655920,695.52,695.59,695.25,695.25,837036,463458
1770656400,695.21,695.5500000000001,695.21,695.5500000000001,208144,447623
1770656520,695.61,695.6400000000001,695.3000000000001,695.6400000000001,861004,481043.8
1770657180,695.66,695.66,695.3199999999999,695.3199999999999,502818,487074.95
1770657600,695.22,695.44,695.1,695.1,822147,509267.5
1770658260,694.98,695.32,694.98,695.32,250469,497087.5
1770658500,695.42,695.51,695.17,695.17,275467,500619.35
1770658740,695.03,695.12,694.78,694.78,559983,491456.45
1770659220,694.73,694.99,694.65,694.65,585483,493174.9
1770659880,694.51,694.7,694.36,694.7,450395,485892.35
1770660120,694.79,694.95,694.61,694.61,288331,493342.9
1770660300,694.54,694.88,694.54,694.88,202685,490134
1770660540,694.94,694.99,694.65,694.99,836928,512659.95
1770661260,695,695,694.66,694.66,193633,509126.85
1770661260.001,693.5500000000001,693.8900000000001,693.5500000000001,693.8900000000001,193633,486781.5
1770661260.002,693.95,694.23,693.89,694.23,331559,462020.8
1770661320,694.5600000000001,694.59,694.25,694.59,183949,453606.9
1770661380,694.64,694.74,694.4,694.4,153434,440723.85
1770661500,694.33,694.62,694.28,694.28,104414,432113.45
1770661560,694.25,694.44,694.1,694.44,394342,411792.7
1770661800,694.45,694.45,694.11,694.11,27063,371294.05
1770661800.001,694,694.34,694,694.34,92039,365488.8
1770661860,694.53,694.83,694.49,694.83,384114,341644.3
1770662100,694.86,694.88,694.54,694.88,262334,329620.1
1770662400,694.9,695.0600000000001,694.72,695.0600000000001,313352,304180.35
1770662580,695.1,695.19,694.85,694.85,260827,304698.25
1770662760,694.84,695,694.66,694.66,651433,323496.55
1770663300,694.49,694.83,694.49,694.83,111266,301060.7
1770663420,694.85,694.86,694.52,694.52,204885,282030.8
1770663600,694.51,694.83,694.49,694.83,222320,270627.05
1770663720,694.86,695.1,694.76,694.76,358830,274152
1770664020,694.73,695.0200000000001,694.6800000000001,695.0200000000001,450112,286523.35
1770664260,695.19,695.35,695.01,695.35,556642,272509.05
1770664560,695.4,695.5500000000001,695.21,695.5500000000001,792775,302466.15
1770665040,695.76,695.87,695.53,695.53,1454811,365525.05
1770666000,695.49,695.7,695.36,695.36,1102011,404047.65
1770666900,695.34,695.6600000000001,695.32,695.6600000000001,496007,419650.55
1770667380,695.67,695.72,695.38,695.38,920514,458004.55
1770668100,695.23,695.24,694.9,694.9,1307158,518141.75
1770668640,694.79,694.96,694.62,694.62,377987,517324
1770668760,694.59,694.74,694.4,694.4,418902,536915.95
1770668880,694.33,694.63,694.29,694.29,710384,567833.2
1770669060,694.22,694.5600000000001,694.22,694.5600000000001,296830,563469
1770669180,694.58,694.58,694.24,694.24,206959,560700.25
1770669240,694.1,694.26,693.92,693.92,545120,572288.65
1770669360,693.89,694.22,693.88,694.22,489800,583737.3
1770669480,694.35,694.6,694.26,694.6,500655,576198.4
1770669600,694.85,694.85,694.51,694.51,88517,575060.95
1770669600.001,694.49,694.62,694.28,694.62,1060298,617831.6
1770669840,694.67,694.94,694.6,694.94,1882410,700836.1
1770670260,695.02,695.02,694.68,694.68,620242,713906.7
1770670380,694.27,694.4300000000001,694.09,694.09,409932,711897.7
1770670440,694.08,694.4200000000001,694.08,694.4200000000001,648463,716488.75
1770670500,694.73,694.73,694.39,694.39,471281,700414.05
1770670560,694.3000000000001,694.6400000000001,694.3000000000001,694.6400000000001,1063142,680830.6
1770670680,694.84,694.84,694.5,694.5,1151826,683321.35
1770670740,693.91,694.25,693.91,694.25,488822,682962.1
1770733800,694.95,695.1400000000001,694.8000000000001,695.1400000000001,315822,652727.5
1770733800.001,695.5,695.5,695.16,695.16,157910,595265.1
1770733800.002,695.14,695.4100000000001,695.07,695.4100000000001,262561,589493.8
1770733860,695.5500000000001,695.5500000000001,695.21,695.21,360016,586549.5
1770733920,695.01,695.32,694.98,694.98,366498,569355.2
1770733980,694.91,695.24,694.9,695.24,344489,571738.15
1770734040,695.34,695.34,695,695,315525,577166.45
1770734100,694.85,694.95,694.61,694.61,341792,567000.05
1770734160,694.38,694.5600000000001,694.22,694.22,312184,558119.25
1770734220,694.0500000000001,694.15,693.81,693.81,317418,548957.4
1770734280,693.76,694.1,693.76,694.1,279011,558482.1
1770734340,694.64,694.64,694.3,694.3,296591,520296.75
1770734400,694.0500000000001,694.26,693.92,693.92,282861,440319.3
1770734460,693.88,694,693.66,693.66,271471,422880.75
1770734520,693.46,693.8000000000001,693.46,693.8000000000001,219751,413371.7
1770734580,694.03,694.07,693.73,693.73,372827,399589.9
1770734700,693.72,694.0600000000001,693.72,694.0600000000001,196058,385828.75
1770734760,694.19,694.2,693.86,693.86,184365,341889.9
1770734820,693.64,693.98,693.64,693.98,188800,293738.6
1770734880,694.24,694.24,693.9,693.9,47714,271683.2
1770734880.001,693.76,693.98,693.64,693.98,340365,272910.35
1770735000,694.57,694.63,694.29,694.63,198111,274920.4
1770735060,694.6800000000001,694.7,694.36,694.7,207894,272187.05
1770735120,694.85,695.0300000000001,694.69,695.0300000000001,216659,265019.2
1770735180,695.0500000000001,695.1600000000001,694.82,695.1600000000001,209430,257165.8
1770735240,695.37,695.5500000000001,695.21,695.5500000000001,235017,251692.2
1770735300,695.82,695.94,695.6,695.94,598012,265816.55
1770735480,696.16,696.16,695.8199999999999,695.8199999999999,210436,259248.75
1770735540,695.71,695.84,695.5,695.84,686827,277980.9
1770735900,695.86,695.9100000000001,695.57,695.9100000000001,213704,272795.2
1770735960,696.41,696.41,696.0699999999999,696.0699999999999,199126,268800.95
1770736020,696.0600000000001,696.4000000000001,696.0600000000001,696.4000000000001,145825,261262.65
1770736080,696.44,696.44,696.1,696.1,126871,253463.15
1770736140,696.0600000000001,696.37,696.03,696.03,436179,261698.55
1770736320,695.83,695.9300000000001,695.59,695.59,239450,262683.5
1770736380,694.82,695.0500000000001,694.71,695.0500000000001,235038,255794.05
1770736440,695.44,695.44,695.1,695.1,177360,254859.15
1770736500,694.96,695.3000000000001,694.96,695.3000000000001,146264,252954.1
1770736560,695.33,695.4000000000001,695.0600000000001,695.4000000000001,327595,259893.85
1770736680,696.0600000000001,696.0600000000001,695.72,695.72,118458,263431.05
1770736740,695.69,696.0300000000001,695.69,696.0300000000001,34863,248155.95
1770736740.001,696.04,696.19,695.85,696.19,335054,255003.1
1770736860,696.3100000000001,696.39,696.05,696.05,200811,254648.95
1770736980,695.99,696.15,695.81,695.81,162324,251932.2
1770737040,695.4300000000001,695.6500000000001,695.3100000000001,695.6500000000001,167944,249857.9
1770737100,695.6800000000001,695.75,695.41,695.75,111413,243677.7
1770737160,695.87,696.0600000000001,695.72,695.72,383118,232933
1770737400,695.65,695.99,695.65,695.99,48453,224833.85
1770737400.001,696.26,696.54,696.1999999999999,696.1999999999999,486952,214840.1
1770737580,696.0600000000001,696.11,695.77,695.77,208188,214564.3
1770737700,695.7,695.89,695.55,695.55,229749,216095.45
1770737820,695.35,695.69,695.35,695.69,100472,213827.8
1770737880,695.78,695.9200000000001,695.58,695.9200000000001,334895,224229
1770738120,695.94,696.0500000000001,695.71,696.0500000000001,160342,210437.15
1770738240,696.17,696.21,695.87,695.87,283262,212627.75
1770738480,695.61,695.8000000000001,695.46,695.8000000000001,247514,213251.55
1770738660,695.83,695.83,695.49,695.49,26478,205707.45
1770738660.001,695.4300000000001,695.63,695.29,695.63,90805,202934.5
1770738720,695.6800000000001,695.74,695.4,695.4,281137,200611.6
1770738960,694.91,695.25,694.91,695.25,128090,201093.2
1770739020,695.51,695.72,695.38,695.38,228951,210797.6
1770739140,695.37,695.6,695.26,695.6,211130,204601.4
1770739320,695.67,695.67,695.3299999999999,695.3299999999999,90390,199080.35
1770739380,695.13,695.47,695.13,695.47,65280,194228.15
1770739440,695.49,695.49,695.15,695.15,135037,192582.8
1770739560,694.92,695.08,694.74,695.08,277723,200898.3
1770739680,695.23,695.23,694.89,694.89,105817,187033.25
1770739740,694.62,694.96,694.62,694.96,89004,189060.8
1770739800,695,695.13,694.79,695.13,205684,174997.4
1770739980,695.17,695.17,694.8299999999999,694.8299999999999,421613,185668.65
1770740100,694.3000000000001,694.6400000000001,694.3000000000001,694.6400000000001,81464,178254.4
1770740100.001,694.87,695.1600000000001,694.82,695.1600000000001,194448,182953.2
1770740220,695.32,695.32,694.98,694.98,96303,171023.6
1770740280,694.92,695.19,694.85,694.85,163339,171173.45
1770740400,694.64,694.74,694.4,694.4,326014,173311.05
1770740520,694.09,694.4300000000001,694.09,694.4300000000001,146326,168251.65
1770740580,694.7,694.73,694.39,694.73,197913,176823.4
1770740700,694.75,695.0200000000001,694.6800000000001,695.0200000000001,158556,180210.95
1770740820,695.11,695.11,694.77,694.77,25552,167431.7
1770740820.001,694.6800000000001,695.0200000000001,694.6800000000001,695.0200000000001,148443,168449.35
1770740940,695.04,695.04,694.6999999999999,694.6999999999999,118074,162905.5
1770741000,694.54,694.88,694.54,694.54,291673,166932.65
1770741240,694.45,694.7900000000001,694.45,694.7900000000001,76140,166220.15
1770741300,694.92,694.9200000000001,694.58,694.9200000000001,336097,179761
1770741660,695,695.12,694.78,694.78,73982,176708.25
1770741720,694.66,694.94,694.6,694.94,282964,176970.3
1770741900,695.15,695.38,695.04,695.38,171692,180264.05
1770742020,695.4,695.4,695.06,695.06,28401,177233.9
1770742020.001,695.04,695.13,694.79,694.79,78790,170889.2
1770742080,694.75,694.89,694.55,694.55,151332,157375.15
1770742200,694.32,694.6600000000001,694.32,694.6600000000001,199049,163254.4
1770742380,694.75,694.98,694.64,694.98,158412,161452.6
1770742560,695.09,695.09,694.75,694.75,123948,162834.85
1770742740,694.66,694.87,694.53,694.53,91337,159234.75
1770742860,694.41,694.59,694.25,694.25,225451,154206.6
1770743040,694.2,694.5400000000001,694.2,694.5400000000001,90875,151434.05
1770743100,694.66,694.87,694.53,694.87,130145,148045.65
1770743280,694.88,695.19,694.85,695.19,167440,148489.85
1770743400,695.29,695.5200000000001,695.1800000000001,695.5200000000001,367419,165583.2
1770743640,695.54,695.67,695.3299999999999,695.3299999999999,500169,183169.5
1770744000,695.27,695.39,695.05,695.05,300351,192283.35
1770744180,694.96,695.3000000000001,694.96,695.3000000000001,262445,190821.95
1770744420,695.33,695.4300000000001,695.09,695.09,176600,195844.95
1770744600,695.0500000000001,695.38,695.04,695.04,244794,191279.8
1770744900,694.83,695.1700000000001,694.83,695.1700000000001,117821,193471.75
1770745080,695.27,695.4000000000001,695.0600000000001,695.4000000000001,176294,188138.25
1770745260,695.46,695.7,695.36,695.7,240873,191597.3
1770745560,695.75,695.8000000000001,695.46,695.46,216769,201015.7
1770745800,695.39,695.73,695.39,695.73,107427,202447.55
1770745920,695.75,695.75,695.41,695.41,192640,204512.95
1770746160,695.4,695.51,695.17,695.17,217610,205441
1770746460,695.07,695.4,695.06,695.06,130068,204023.8
1770746700,694.97,695.07,694.73,694.73,412788,218465.8
1770747060,694.6,694.89,694.55,694.55,195319,223664.9
1770747240,694.54,694.67,694.3299999999999,694.3299999999999,205061,222645.4
1770747360,693.97,694.27,693.93,693.93,308138,233508.55
1770747540,693.84,694.16,693.8199999999999,693.8199999999999,180655,236034.05
1770747600,693.67,694.01,693.67,694.01,333165,244320.3
1770747720,694.33,694.42,694.0799999999999,694.0799999999999,340028,242950.75
1770747900,693.88,693.9,693.56,693.56,224566,229170.6
1770748020,693.52,693.82,693.48,693.48,316337,229969.9
1770748140,693.37,693.67,693.3299999999999,693.3299999999999,362319,234963.6
1770748320,693.3100000000001,693.59,693.25,693.25,416537,246960.45
1770748440,693,693.34,693,693.34,239143,246677.9
1770748500,693.64,693.64,693.3,693.3,263133,253943.5
1770748620,693.17,693.51,693.17,693.51,169250,253591.3
1770748680,693.7,693.86,693.52,693.52,576984,270396.85
1770749100,693.35,693.46,693.12,693.12,161817,267649.25
1770749160,693.09,693.32,692.98,692.98,474550,286005.4
1770749460,692.97,693.19,692.85,693.19,599704,306358.6
1770749760,693.64,693.6500000000001,693.3100000000001,693.6500000000001,343129,312634.55
1770749940,693.82,693.82,693.48,693.48,143511,313306.7
1770750000,693.4,693.74,693.4,693.74,132753,299304.95
1770750060,693.83,693.88,693.54,693.54,309423,305010.15
1770750240,693.44,693.58,693.24,693.58,443621,316938.15
1770750540,693.73,693.73,693.39,693.39,249221,313992.3
1770750720,693.34,693.6800000000001,693.34,693.6800000000001,108822,310400.65
1770750840,693.77,693.77,693.43,693.43,74806,297482.7
1770750900,693.39,693.53,693.1899999999999,693.1899999999999,159317,288447.15
1770751020,693.13,693.47,693.13,693.47,168124,285625.05
1770751200,693.6800000000001,693.86,693.52,693.86,529270,296271.7
1770751740,693.91,694.13,693.79,693.79,440314,300171.45
1770752040,693.67,693.98,693.64,693.64,662261,312457.65
1770752580,693.48,693.7,693.36,693.7,154730,308237
1770752760,693.73,693.8000000000001,693.46,693.8000000000001,169314,303546.05
1770752940,693.8100000000001,693.8100000000001,693.47,693.47,247096,307438.35
1770753180,693.41,693.71,693.37,693.71,201221,288650.2
1770753360,693.84,693.9200000000001,693.58,693.9200000000001,481278,304623.25
1770753720,693.99,693.99,693.65,693.65,100285,285910
1770753780,693.5600000000001,693.61,693.27,693.27,227768,267313.2
1770753960,693.26,693.6,693.26,693.6,146310,257472.25
1770754080,693.61,693.61,693.27,693.27,226270,261610.2
1770754260,693.22,693.45,693.11,693.45,475131,278729.1
1770754560,693.5,693.6700000000001,693.33,693.6700000000001,264411,276478.5
1770754740,693.75,693.84,693.5,693.5,448180,276706.45
1770754980,693.44,693.5500000000001,693.21,693.21,189771,273733.95
1770755100,693.16,693.45,693.11,693.45,372641,286924.9
1770755280,693.54,693.54,693.1999999999999,693.1999999999999,616284,313998.8
1770755520,693.12,693.3100000000001,692.97,692.97,435355,327800.7
1770755700,692.91,693.25,692.91,692.91,682602,353524.6
1770755940,692.87,693.21,692.87,693.21,433767,348749.45
1770756120,693.22,693.26,692.92,693.26,768742,365170.85
1770756360,693.3000000000001,693.44,693.1,693.1,1435839,403849.75
1770756600,692.62,692.88,692.54,692.54,1126423,452434.4
1770756720,692.41,692.53,692.1899999999999,692.1899999999999,1713196,529628.5
1770756900,692,692.19,691.85,691.85,605710,547559.2
1770756960,691.66,692,691.66,692,1918071,633401.7
1770757080,692.15,692.33,691.99,691.99,1821436,700409.6
1770757140,691.79,692.13,691.79,692.13,670473,728919
1770820200,696.4300000000001,696.5,696.16,696.5,341224,734591.8
1770820200.001,697.07,697.07,696.73,696.73,360286,745290.6
1770820260,696.6800000000001,697.0200000000001,696.6800000000001,697.0200000000001,94837,738718.95
1770820260.001,697.14,697.14,696.8,696.8,305416,730233.2
1770820320,696.67,696.91,696.5699999999999,696.5699999999999,291147,731570
1770820380,696.41,696.75,696.41,696.75,262353,722278.65
1770820440,696.78,696.78,696.4399999999999,696.4399999999999,94351,717507.65
1770820440.001,696,696.12,695.78,695.78,397153,718733.25
1770820500,695.66,696,695.66,696,291359,702487
1770820560,696.29,696.29,695.9499999999999,695.9499999999999,95212,685479.85
1770820560.001,695.47,695.6,695.26,695.6,297025,666201
1770820620,695.9,695.9,695.56,695.56,266977,657861.5
1770820680,695.3000000000001,695.6,695.26,695.26,219001,630374.45
1770820740,695.22,695.5200000000001,695.1800000000001,695.5200000000001,265215,571843.25
1770820800,695.84,695.84,695.5,695.5,71468,519095.5
1770820800.001,695.48,695.5500000000001,695.21,695.5500000000001,206538,443762.6
1770820860,695.85,695.85,695.51,695.51,260639,426509.05
1770820920,695.15,695.49,695.15,695.49,274579,344334.45
1770820980,695.59,695.59,695.25,695.25,163019,261413.6
1770821040,695.17,695.51,695.17,695.51,46402,230210.05
1770821040.001,695.53,695.6500000000001,695.3100000000001,695.6500000000001,237586,225028.15
1770821100,696.08,696.38,696.04,696.04,302131,222120.4
1770821160,695.39,695.73,695.39,695.73,208767,227816.9
1770821220,695.89,695.9100000000001,695.57,695.9100000000001,143269,219709.55
1770821280,695.9300000000001,695.9300000000001,695.59,695.59,166643,213484.35
1770821340,695.48,695.8000000000001,695.46,695.46,253418,213037.6
1770821400,694.96,695.2800000000001,694.94,695.2800000000001,220374,219338.75
1770821460,695.64,695.64,695.3,695.3,207283,209845.25
1770821520,695,695.24,694.9,695.24,192788,204916.7
1770821580,695.34,695.41,695.0699999999999,695.0699999999999,250829,212697.55
1770821640,694.95,695.2900000000001,694.95,695.2900000000001,151601,205426.35
1770821700,695.47,695.47,695.13,695.13,41797,194167.35
1770821700.001,694.91,694.95,694.61,694.61,265726,196503.6
1770821760,694.47,694.73,694.39,694.39,364477,201466.7
1770821820,693.84,694.1800000000001,693.84,694.1800000000001,96611,202723.85
1770821820.001,694.42,694.42,694.0799999999999,694.0799999999999,156729,200233.4
1770821880,693.89,694.1500000000001,693.8100000000001,694.1500000000001,205026,197452.75
1770821940,694.19,694.35,694.01,694.35,228464,195147
1770822000,694.41,694.4200000000001,694.08,694.4200000000001,206030,197297.55
1770822060,694.76,694.76,694.42,694.42,48950,197424.95
1770822060.001,694.37,694.46,694.12,694.12,222752,196683.25
1770822120,693.51,693.7700000000001,693.4300000000001,693.7700000000001,255077,194330.55
1770822180,693.83,693.87,693.53,693.87,208563,194320.35
1770822240,693.97,693.97,693.63,693.63,203097,197311.75
1770822300,693.29,693.63,693.29,693.63,76833,192821.25
1770822300.001,693.8000000000001,693.8000000000001,693.46,693.46,241587,192229.7
1770822360,693.33,693.52,693.18,693.18,331682,197795.1
1770822480,693.08,693.12,692.78,692.78,274675,201164.7
1770822540,692.67,692.75,692.41,692.41,304613,206755.95
1770822600,692.33,692.61,692.27,692.27,309503,209689.65
1770822660,692,692.07,691.73,691.73,397738,221996.5
1770822720,691.28,691.57,691.23,691.23,425798,241196.55
1770822780,690.83,691.1700000000001,690.83,691.1700000000001,521381,253979.3
1770822840,691.89,691.94,691.6,691.6,448745,258192.7
1770822900,691.33,691.53,691.1899999999999,691.1899999999999,281397,267432
1770822960,691.0600000000001,691.4000000000001,691.0600000000001,691.4000000000001,256701,272430.6
1770823020,691.58,691.58,691.24,691.24,281148,276236.7
1770823080,690.66,691,690.66,691,71783,268402.65
1770823080.001,691.29,691.32,690.98,690.98,246022,270402.25
1770823140,690.69,690.86,690.52,690.52,352058,285557.65
1770823200,690.21,690.34,690,690.34,392423,294041.2
1770823260,690.59,690.74,690.4,690.74,275666,295070.65
1770823320,690.75,690.75,690.41,690.41,87432,289014.1
1770823320.001,690.12,690.46,690.12,690.46,224108,290064.65
1770823380,690.58,690.58,690.24,690.24,68338,289639.9
1770823380.001,689.88,690.11,689.77,689.77,337313,294426.2
1770823440,689.37,689.71,689.37,689.71,282547,291969.45
1770823500,689.97,689.97,689.63,689.63,96444,283057.9
1770823500.001,689.39,689.5200000000001,689.1800000000001,689.5200000000001,438999,289777.2
1770823560,689.82,689.92,689.5799999999999,689.5799999999999,394597,294031.9
1770823620,689.3000000000001,689.6400000000001,689.3000000000001,689.6400000000001,418043,295047.15
1770823680,690.46,690.46,690.12,690.12,108190,279166.75
1770823680.001,690,690.32,689.98,690.32,183530,262274.2
1770823740,690.46,690.46,690.12,690.12,91765,244425.2
1770823740.001,689.6800000000001,689.9000000000001,689.5600000000001,689.9000000000001,307688,245739.75
1770823800,690,690.08,689.74,690.08,378112,251810.3
1770823860,690.52,690.57,690.23,690.57,393376,257421.7
1770823920,690.71,690.71,690.37,690.37,316200,269642.55
1770823980,690.08,690.4200000000001,690.08,690.4200000000001,73029,260992.9
1770823980.001,690.52,690.75,690.41,690.75,184800,252630
1770824040,690.8000000000001,691.01,690.67,691.01,286962,247356.95
1770824100,691.15,691.35,691.01,691.01,283927,247770
1770824160,690.8100000000001,690.98,690.64,690.64,258961,256346.45
1770824220,690.26,690.6,690.26,690.6,63119,248297
1770824220.001,690.72,690.95,690.61,690.95,150123,252386.25
1770824280,691.21,691.37,691.03,691.37,171256,244083.4
1770824340,691.39,691.6,691.26,691.6,201280,240020.05
1770824400,691.61,691.74,691.4,691.4,175876,243991.65
1770824460,691.34,691.45,691.11,691.11,160195,230051.45
1770824520,691.01,691.35,691.01,691.35,146727,217657.95
1770824580,691.52,691.52,691.18,691.18,53456,199428.6
1770824580.001,690.72,691.0600000000001,690.72,691.0600000000001,149447,201491.45
1770824640,691.44,691.5,691.16,691.5,187804,201705.15
1770824700,691.69,691.69,691.35,691.35,51935,199713.65
1770824700.001,691.28,691.53,691.1899999999999,691.1899999999999,155589,192108.7
1770824760,691.01,691.21,690.87,691.21,185188,182462.5
1770824820,691.22,691.22,690.88,690.88,159311,170759.25
1770824880,690.72,690.82,690.48,690.48,225918,166245.15
1770824940,690.37,690.6,690.26,690.6,213685,173277.95
1770825000,690.78,690.8900000000001,690.5500000000001,690.8900000000001,221497,175112.8
1770825060,691.3100000000001,691.49,691.15,691.49,273838,174456.6
1770825120,691.84,692.11,691.77,692.11,301936,175357.05
1770825180,692.33,692.44,692.1,692.44,215673,173192.65
1770825240,692.54,692.62,692.28,692.28,352455,187659.45
1770825360,692.22,692.5600000000001,692.22,692.5600000000001,118770,186091.8
1770825420,692.61,692.61,692.27,692.27,41423,179600.15
1770825420.001,692.22,692.47,692.13,692.47,307245,184898.4
1770825540,692.5,692.5300000000001,692.19,692.5300000000001,153261,183767.65
1770825600,692.67,692.67,692.3299999999999,692.3299999999999,88453,180180.55
1770825660,692.28,692.62,692.28,692.62,114154,178551.9
1770825720,692.66,692.66,692.3199999999999,692.3199999999999,32248,177491.5
1770825720.001,692.03,692.13,691.79,691.79,142375,177137.9
1770825780,691.62,691.94,691.6,691.94,216840,178589.7
1770825900,691.98,691.98,691.64,691.64,139270,182956.45
1770825960,691.49,691.83,691.49,691.83,76367,178995.35
1770826020,691.84,691.84,691.5,691.5,109676,175219.75
1770826080,691.48,691.82,691.48,691.82,72017,170855.05
1770826140,691.85,691.85,691.51,691.51,26228,160870.55
1770826140.001,691.38,691.72,691.38,691.72,181673,159269.95
1770826200,692.5500000000001,692.5500000000001,692.21,692.21,124645,154427.35
1770826260,691.9,692.24,691.9,692.24,36415,142556.2
1770826260.001,692.52,692.6500000000001,692.3100000000001,692.6500000000001,239404,139429.6
1770826380,692.85,692.9300000000001,692.59,692.59,211949,139243.4
1770826500,692.4,692.74,692.4,692.74,92642,126252.75
1770826560,692.77,692.94,692.6,692.6,189286,129778.55
1770826680,692.35,692.69,692.35,692.69,100344,132724.6
1770826740,692.86,693.1,692.76,692.76,314736,133099.15
1770826920,692.7,693.0400000000001,692.7,693.0400000000001,32799,127076.05
1770826920.001,693.26,693.45,693.11,693.11,404793,142893.05
1770827100,693,693.02,692.68,692.68,178371,146103.9
1770827160,692.5,692.64,692.3,692.3,167165,152849.75
1770827220,692.19,692.4300000000001,692.09,692.09,156783,153570.15
1770827280,691.98,692.17,691.8299999999999,691.8299999999999,172302,151343.25
1770827340,691.82,691.84,691.5,691.84,209745,154867
1770827400,692.3000000000001,692.3100000000001,691.97,691.97,302853,166191.3
1770827520,691.85,692.19,691.85,692.19,122128,166813.9
1770827580,692.69,692.69,692.35,692.35,130115,169718.8
1770827640,692.22,692.5600000000001,692.22,692.22,125126,174663.7
1770827700,692.11,692.45,692.11,692.11,119900,171575.05
1770827760,692.01,692.2900000000001,691.95,692.2900000000001,94706,170078.1
1770827820,692.35,692.48,692.14,692.48,131933,174854
1770827880,692.67,692.67,692.3299999999999,692.3299999999999,36766,164722.1
1770827880.001,692.25,692.58,692.24,692.58,66666,157457.95
1770827940,692.78,693.09,692.75,693.09,158021,160726.9
1770828000,693.35,693.35,693.01,693.01,220190,162272.1
1770828120,692.92,693.15,692.81,692.81,166579,165583.85
1770828240,692.73,693.07,692.73,693.07,18908,150792.45
1770828240.001,693.19,693.19,692.85,692.85,61702,152237.6
1770828300,692.82,693.1600000000001,692.82,693.1600000000001,127193,138357.6
1770828360,693.2,693.32,692.98,692.98,186866,138782.35
1770828480,692.75,692.94,692.6,692.6,143883,137618.25
1770828540,692.5,692.75,692.41,692.75,239442,141751.2
1770828660,692.92,692.94,692.6,692.94,84747,137373.45
1770828720,693,693.02,692.68,692.68,228822,138327.3
1770828900,692.6,692.71,692.37,692.37,141610,130265.15
1770828960,692.2,692.52,692.18,692.18,207072,134512.35
1770829080,692.1,692.23,691.89,691.89,223837,139198.45
1770829200,691.82,692.12,691.78,691.78,171759,141530.1
1770829260,691.54,691.73,691.39,691.73,262542,148662.2
1770829320,691.8100000000001,691.94,691.6,691.6,178364,152845.1
1770829380,691.57,691.9100000000001,691.57,691.9100000000001,83297,150413.3
1770829440,691.95,691.95,691.61,691.61,24003,149775.15
1770829440.001,691.48,691.7900000000001,691.45,691.7900000000001,284392,160661.45
1770829620,691.9300000000001,692.07,691.73,692.07,100069,157763.85
1770829680,692.14,692.38,692.04,692.38,116841,152596.4
1770829740,692.4,692.5500000000001,692.21,692.5500000000001,158665,152200.7
1770829860,692.57,692.57,692.23,692.23,25308,152520.7
1770829860.001,691.98,692.32,691.98,692.32,108237,154847.45
1770829920,692.58,692.6,692.26,692.26,126533,154814.45
1770830040,692.23,692.44,692.1,692.1,46706,147806.45
1770830100,692.09,692.4300000000001,692.09,692.4300000000001,89668,145095.7
1770830160,692.77,693.0200000000001,692.6800000000001,693.0200000000001,113290,138788.1
1770830220,693.04,693.04,692.6999999999999,692.6999999999999,230689,146085.2
1770830280,692.49,692.73,692.39,692.73,366426,152965.4
1770830400,692.77,692.77,692.43,692.43,20955,146932.65
1770830400.001,692.2,692.5400000000001,692.2,692.5400000000001,87888,140973.45
1770830460,692.5600000000001,692.83,692.49,692.83,88369,134200.05
1770830520,692.96,693.1500000000001,692.8100000000001,693.1500000000001,188332,135028.7
1770830640,693.17,693.46,693.12,693.46,209605,132381.85
1770830700,693.72,693.84,693.5,693.5,379645,142445.9
1770830820,693.46,693.69,693.35,693.69,187042,147633.15
1770830940,693.7,693.7,693.36,693.36,109354,151900.7
1770831000,693.24,693.45,693.11,693.45,252670,150314.6
1770831180,693.48,693.53,693.1899999999999,693.1899999999999,99493,150285.8
1770831240,693.14,693.37,693.03,693.03,121200,150503.75
1770831360,693.02,693.35,693.01,693.35,49091,145025.05
1770831420,693.36,693.36,693.02,693.02,57137,146616.5
1770831480,693.01,693.35,693.01,693.35,59071,144158.2
1770831540,693.44,693.5500000000001,693.21,693.5500000000001,92244,142443.75
1770831600,693.5600000000001,693.7,693.36,693.7,211557,150686.3
1770831780,693.86,693.86,693.52,693.52,162938,154349.8
1770831900,693.33,693.6700000000001,693.33,693.6700000000001,83092,152839.9
1770831960,693.7,693.7800000000001,693.44,693.7800000000001,161620,149386.45
1770832140,693.83,693.83,693.49,693.83,152274,138678.85
1770832260,693.99,693.99,693.65,693.65,75043,141383.25
1770832320,693.54,693.58,693.24,693.24,169227,145450.2
1770832500,693.13,693.22,692.88,692.88,133363,147699.9
1770832620,692.72,692.8900000000001,692.5500000000001,692.8900000000001,255506,151058.6
1770832800,692.9300000000001,692.9300000000001,692.59,692.59,51721,143164.4
1770832860,692.48,692.63,692.29,692.63,113848,129874.55
1770832920,692.78,692.94,692.6,692.94,104348,125739.85
1770832980,692.98,692.98,692.64,692.64,96864,125115.35
1770833040,692.6,692.66,692.3199999999999,692.3199999999999,161480,120555.85
1770833160,692.16,692.36,692.02,692.02,477468,139454.6
1770833400,691.64,691.9200000000001,691.58,691.9200000000001,145054,140647.3
1770833460,691.99,691.99,691.65,691.65,248534,150619.45
1770833580,691.6,691.9,691.56,691.56,219320,158728.6
1770833640,691.52,691.75,691.41,691.75,444162,177983.15
1770833760,692.21,692.38,692.04,692.38,513641,199053
1770833880,692.51,692.51,692.17,692.17,196592,198304.75
1770833940,691.95,692.19,691.85,692.19,246967,202506.2
1770834120,692.23,692.35,692.01,692.35,142573,205480.25
1770834240,692.4,692.4,692.06,692.06,90803,201939.4
1770834360,692.0500000000001,692.3900000000001,692.0500000000001,692.3900000000001,91400,198895.7
1770834420,692.6,692.8900000000001,692.5500000000001,692.8900000000001,271750,208731.05
1770834600,693.01,693.01,692.67,692.67,30015,201770.45
1770834600.001,692.63,692.77,692.43,692.43,153087,202756.65
1770834720,692.33,692.65,692.31,692.31,215489,200755.8
1770834840,692.29,692.57,692.23,692.57,97908,203065.15
1770834900,692.65,692.65,692.31,692.31,49912,199868.35
1770834960,692.24,692.58,692.24,692.58,153805,202341.2
1770835080,692.75,692.82,692.48,692.48,182808,206638.4
1770835200,692.29,692.5,692.16,692.5,211205,209124.65
1770835380,692.57,692.57,692.23,692.23,65981,188550.3
1770835440,692.19,692.5300000000001,692.19,692.5300000000001,84367,185515.95
1770835500,692.5500000000001,692.76,692.42,692.76,94491,177813.8
1770835620,692.78,692.85,692.51,692.85,163750,175035.3
1770835740,692.89,692.9300000000001,692.59,692.59,266479,166151.15
1770835800,692.03,692.37,692.03,692.37,80977,144517.95
1770835800.001,692.51,692.73,692.39,692.73,197618,144569.25
1770835980,692.88,692.96,692.62,692.96,173932,140917.5
1770836040,692.99,693.02,692.68,692.68,297359,148656.8
1770836280,692.62,692.8000000000001,692.46,692.46,309209,159577.1
1770836520,692.44,692.7800000000001,692.44,692.7800000000001,26841,156349.15
1770836520.001,692.83,692.83,692.49,692.49,205770,153050.15
1770836580,692.48,692.82,692.48,692.82,174663,160282.55
1770836640,692.86,692.87,692.53,692.53,235024,164379.4
1770836760,692.47,692.8100000000001,692.47,692.8100000000001,203423,163776.1
1770836880,692.89,692.9300000000001,692.59,692.59,313730,174567.2
1770836940,692.11,692.45,692.11,692.45,93681,176755.65
1770836940.001,692.66,692.87,692.53,692.87,218217,179976.25
1770837120,692.97,693.24,692.9,693.24,192709,180471.3
1770837180,693.36,693.5600000000001,693.22,693.5600000000001,765594,208190.75
1770837660,693.71,693.73,693.39,693.73,388991,224341.25
1770837900,693.84,693.96,693.62,693.62,332099,236727.85
1770838080,693.5600000000001,693.76,693.42,693.42,223487,243177.65
1770838200,693.3000000000001,693.6400000000001,693.3000000000001,693.6400000000001,120932,241036.75
1770838260,693.69,693.86,693.52,693.52,584200,256922.8
1770838800,693.51,693.75,693.41,693.41,591228,282435.35
1770839100,692.53,692.76,692.42,692.76,344212,289765.05
1770839160,693.39,693.4,693.06,693.06,626388,312387.85
1770839400,693.01,693.22,692.88,693.22,100343,302537.05
1770839460,693.24,693.24,692.9,692.9,236686,298910.9
1770839640,692.88,693.2,692.86,692.86,369959,316066.8
1770839880,692.8100000000001,693.1,692.76,692.76,612403,336398.45
1770840420,692.75,692.99,692.65,692.99,794347,367382.65
1770840960,693.08,693.08,692.74,692.74,231087,367185.8
1770841080,692.62,692.85,692.51,692.51,566597,385344.5
1770841320,692.35,692.69,692.35,692.69,128561,376086.05
1770841380,692.75,692.77,692.43,692.43,477756,395289.8
1770841680,692.42,692.47,692.13,692.13,416027,405180.3
1770841800,691.97,692.2900000000001,691.95,692.2900000000001,361958,413642.75
1770841920,692.35,692.35,692.01,692.01,133611,382043.6
1770841980,691.97,692.19,691.85,692.19,603293,392758.7
1770842160,692.3100000000001,692.5,692.16,692.5,480285,400168
1770842340,692.64,692.87,692.53,692.87,243498,401168.55
1770842400,692.9300000000001,692.9300000000001,692.59,692.59,329374,411590.65
1770842520,692.5,692.75,692.41,692.75,1023996,433580.45
1770842880,692.87,692.99,692.65,692.65,545877,431312.9
1770843000,692.3100000000001,692.5,692.16,692.5,582829,443243.75
1770843120,692.58,692.89,692.55,692.55,1016927,462770.7
1770843300,692.39,692.58,692.24,692.58,2102389,562873
1770843540,692.63,692.63,692.29,692.29,351084,568592.9
1770843540.001,691.77,692.11,691.77,692.11,506932,575441.55
1770906600,694.28,694.4000000000001,694.0600000000001,694.4000000000001,311696,560406.2
1770906600.001,694.82,694.82,694.48,694.48,155848,528481.25
1770906600.002,694.29,694.6,694.26,694.26,299727,531913.25
1770906660,694.16,694.5,694.16,694.5,317130,519439.9
1770906720,694.98,695.01,694.67,694.67,268967,526460.2
1770906780,694.53,694.87,694.53,694.87,224867,513815.75
1770906840,694.96,695.08,694.74,694.74,272490,506638.9
1770906900,694.7,694.86,694.52,694.52,567752,516928.6
1770907020,694.36,694.7,694.36,694.7,231851,521840.6
1770907080,694.94,694.94,694.6,694.6,129019,498126.9
1770907140,694.48,694.82,694.48,694.82,295712,488898.25
1770907200,695.23,695.2700000000001,694.9300000000001,695.2700000000001,192291,486337.9
1770907260,695.35,695.35,695.01,695.01,58973,472817.85
1770907260.001,694.89,695.12,694.78,694.78,263821,434809.1
1770907320,694.66,694.75,694.41,694.41,487557,431893.1
1770907440,693.98,694.32,693.98,694.32,216486,413575.95
1770907500,694.35,694.35,694.01,694.01,65129,365986.05
1770907500.001,693.6,693.72,693.38,693.72,329294,277331.3
1770907560,694.04,694.19,693.85,694.19,222903,270922.25
1770907620,694.24,694.24,693.9,693.9,67424,248946.85
1770907620.001,693.67,693.83,693.49,693.49,265078,246615.95
1770907680,693.36,693.7,693.36,693.7,213375,249492.3
1770907740,693.9,693.9,693.56,693.56,73745,238193.2
1770907740.001,693.11,693.4000000000001,693.0600000000001,693.4000000000001,360691,240371.25
1770907800,693.73,693.9300000000001,693.59,693.59,254649,239655.35
1770907860,693.34,693.6,693.26,693.6,412117,249017.85
1770907980,693.99,693.99,693.65,693.65,58422,238314.45
1770907980.001,693.5600000000001,693.8900000000001,693.5500000000001,693.8900000000001,127556,216304.65
1770908040,693.94,693.94,693.6,693.6,165002,212962.2
1770908100,693.35,693.46,693.12,693.12,241442,218583.35
1770908160,692.92,693.02,692.68,692.68,623792,234987.35
1770908280,692.53,692.6600000000001,692.32,692.6600000000001,339823,242363.95
1770908340,692.83,692.84,692.5,692.5,293142,254072.4
1770908400,692.35,692.69,692.35,692.69,268758,254319.25
1770908460,693.35,693.58,693.24,693.58,237224,241802.6
1770908520,693.63,693.63,693.29,693.29,156886,238822.6
1770908580,693.2,693.26,692.92,692.92,177898,244461.05
1770908640,692.63,692.97,692.63,692.97,308923,243442.5
1770908760,693.25,693.25,692.91,692.91,145807,239587.7
1770908820,692.78,692.83,692.49,692.49,227502,247591.6
1770908880,692.19,692.5,692.16,692.5,338664,251270.9
1770909000,692.73,692.77,692.43,692.43,152472,248225.75
1770909060,692.3000000000001,692.57,692.23,692.57,172054,253141.2
1770909120,692.95,692.98,692.64,692.98,304941,250353.7
1770909240,693.39,693.39,693.05,693.05,161113,245676.9
1770909300,693.04,693.38,693.04,693.38,55365,227839.3
1770909300.001,693.5,693.51,693.17,693.51,180181,233927.25
1770909360,693.62,693.62,693.28,693.28,137280,234413.45
1770909420,693.17,693.42,693.0799999999999,693.0799999999999,135371,232931.9
1770909480,692.92,693.26,692.92,693.26,86338,225176.7
1770909540,693.3000000000001,693.3000000000001,692.96,692.96,25922,195283.2
1770909540.001,692.79,693.13,692.79,693.13,96983,183141.2
1770909600,693.27,693.27,692.93,692.93,142700,175619.1
1770909660,692.5500000000001,692.85,692.51,692.85,218973,173129.85
1770909720,693.73,693.73,693.39,693.39,180645,170300.9
1770909780,692.99,693.24,692.9,692.9,271407,176026.95
1770909900,692.88,693.0500000000001,692.71,693.0500000000001,210505,177657.3
1770910020,693.15,693.25,692.91,693.25,112611,167841.7
1770910080,693.35,693.35,693.01,693.01,130278,167065.25
1770910140,692.84,693.1800000000001,692.84,693.1800000000001,156838,163532.05
1770910200,693.48,693.48,693.14,693.14,116379,152417.8
1770910260,692.87,693,692.66,692.66,136594,151623.9
1770910320,692.4,692.54,692.1999999999999,692.1999999999999,127720,149407.2
1770910380,692.14,692.36,692.02,692.02,137321,141026.2
1770910440,691.9300000000001,692.16,691.8199999999999,691.8199999999999,436059,154773.5
1770910560,691.65,691.9,691.56,691.56,256684,164839.45
1770910620,691.48,691.52,691.18,691.18,307459,171203.35
1770910680,690.99,691.32,690.98,690.98,481818,188430.25
1770910800,690.72,690.92,690.5799999999999,690.5799999999999,263611,194842.25
1770910860,690.53,690.74,690.4,690.74,368047,208927.7
1770910920,690.84,690.98,690.64,690.64,405726,227917.9
1770910980,690.5,690.65,690.31,690.31,451449,245641.2
1770911100,690.24,690.58,690.24,690.58,65573,241784.85
1770911100.001,690.8100000000001,690.9,690.56,690.56,425137,252093.05
1770911220,690.5500000000001,690.84,690.5,690.5,212552,253688.4
1770911280,690.23,690.57,690.23,690.57,207634,250499.75
1770911340,690.65,690.65,690.31,690.31,179711,248960.05
1770911400,690.19,690.5200000000001,690.1800000000001,690.5200000000001,166488,251653.9
1770911460,690.8000000000001,690.8000000000001,690.46,690.46,192232,254751.6
1770911520,690.11,690.25,689.91,689.91,445797,269199.55
1770911640,689.51,689.65,689.31,689.31,573342,292047.7
1770911760,689.14,689.48,689.14,689.14,255565,297996.25
1770911820,688.9300000000001,689.26,688.92,688.92,323080,307764.25
1770911880,688.76,688.88,688.54,688.54,753636,338580
1770912000,688.3100000000001,688.6,688.26,688.26,682444,350899.25
1770912120,688.07,688.4100000000001,688.07,688.4100000000001,446325,360381.3
1770912180,688.8100000000001,688.8100000000001,688.47,688.47,191457,354581.2
1770912240,688.45,688.51,688.17,688.17,149134,337947
1770912240.001,687.97,688.27,687.93,687.93,375129,343522.9
1770912300,687.44,687.46,687.12,687.12,784051,364323.1
1770912420,686.85,687.19,686.85,687.19,161665,352120.05
1770912420.001,687.4300000000001,687.5600000000001,687.22,687.5600000000001,824558,370775.5
1770912540,687.58,687.58,687.24,687.24,114856,373239.65
1770912540.001,686.99,687.16,686.8199999999999,686.8199999999999,455326,374749.1
1770912600,686.58,686.9200000000001,686.58,686.9200000000001,312578,379750.4
1770912660,686.9300000000001,686.9300000000001,686.59,686.59,99544,374345.9
1770912660.001,686.4,686.46,686.12,686.46,378604,384290.55
1770912720,686.5600000000001,686.5600000000001,686.22,686.22,500891,401010.7
1770912780,686.11,686.38,686.04,686.38,791676,430982.9
1770912900,686.47,686.47,686.13,686.13,119457,414665.9
1770912900.001,685.66,685.75,685.41,685.41,411249,406561.25
1770912960,685.38,685.72,685.38,685.72,438746,415720.3
1770913020,686.1,686.1,685.76,685.76,468668,422999.7
1770913080,685.19,685.47,685.13,685.47,394574,405046.6
1770913140,685.59,685.61,685.27,685.27,460476,393948.2
1770913200,684.76,685.1,684.76,684.76,453970,394330.45
1770913260,684.6,684.94,684.6,684.94,349441,402229.65
1770913320,684.95,684.95,684.61,684.61,119524,400749.15
1770913320.001,684.44,684.7800000000001,684.44,684.7800000000001,522711,408128.25
1770913380,685.47,685.69,685.35,685.35,669886,402420
1770913440,684.99,685.11,684.77,684.77,518198,420246.65
1770913500,684.47,684.75,684.41,684.41,428419,400439.7
1770913560,684.3100000000001,684.5,684.16,684.5,496106,419502.2
1770913620,684.83,684.85,684.51,684.51,422199,417845.85
1770913680,684.26,684.38,684.04,684.04,715181,437976
1770913740,683.58,683.87,683.53,683.87,714637,468730.65
1770913800,684.0500000000001,684.0500000000001,683.71,683.71,396290,469614.95
1770913860,683.54,683.88,683.54,683.88,113367,450238.75
1770913860.001,684.1,684.2700000000001,683.9300000000001,684.2700000000001,594237,440366.8
1770913920,684.89,685.0500000000001,684.71,684.71,538958,461341.85
1770913980,684.33,684.6700000000001,684.33,684.6700000000001,314868,456522.8
1770914040,684.91,684.91,684.5699999999999,684.5699999999999,94322,439301.6
1770914040.001,684.34,684.6800000000001,684.34,684.6800000000001,328600,432298.2
1770914100,685.03,685.0600000000001,684.72,685.0600000000001,389850,432062
1770914160,685.82,685.82,685.48,685.48,347067,426391.55
1770914220,684.96,685.3000000000001,684.96,685.3000000000001,81049,407745.5
1770914220.001,685.53,685.62,685.28,685.28,206108,400578.85
1770914280,684.91,685.25,684.91,685.25,284111,408808.2
1770914340,685.65,685.8000000000001,685.46,685.46,285379,396941.6
1770914400,685.25,685.58,685.24,685.58,221462,374520.4
1770914460,685.73,685.73,685.39,685.39,187475,357984.25
1770914520,685.3000000000001,685.5500000000001,685.21,685.5500000000001,226599,347893.25
1770914580,685.84,685.84,685.5,685.5,264704,336323.15
1770914640,684.73,685.07,684.73,685.07,266700,328548.2
1770914700,685.35,685.36,685.02,685.02,288664,307222.35
1770914760,684.27,684.61,684.27,684.61,252248,284102.9
1770914820,684.9300000000001,684.9300000000001,684.59,684.59,89044,268740.6
1770914820.001,684.26,684.4,684.06,684.06,414052,283774.85
1770914940,684.0500000000001,684.3900000000001,684.0500000000001,684.3900000000001,63971,257261.55
1770914940.001,684.7,684.83,684.49,684.49,220946,241360.95
1770915000,684.22,684.5200000000001,684.1800000000001,684.5200000000001,233450,237290.05
1770915060,684.91,684.91,684.5699999999999,684.5699999999999,60374,235592.65
1770915060.001,684.48,684.64,684.3,684.3,107185,224521.9
1770915120,684.16,684.4300000000001,684.09,684.4300000000001,355976,222828.2
1770915240,684.46,684.46,684.12,684.12,63967,208673.2
1770915240.001,683.89,684.23,683.89,684.23,252611,217251.3
1770915300,684.69,684.75,684.41,684.41,199767,216934.25
1770915360,684.17,684.51,684.17,684.51,291841,217320.75
1770915480,684.5500000000001,684.59,684.25,684.59,162350,211169.3
1770915540,684.69,684.69,684.35,684.35,278482,214020.3
1770915600,683.72,683.84,683.5,683.5,342642,221778.65
1770915660,683.38,683.72,683.38,683.72,339313,227414.35
1770915720,684.47,684.67,684.3299999999999,684.3299999999999,295979,228978.1
1770915780,684.12,684.46,684.12,684.12,359238,233605
1770915900,683.69,683.9200000000001,683.58,683.9200000000001,225111,230427.35
1770915960,684.79,684.79,684.4499999999999,684.4499999999999,181485,226889.2
1770916020,684.32,684.6600000000001,684.32,684.6600000000001,59427,225408.35
1770916020.001,684.86,684.86,684.52,684.52,173091,213360.3
1770916080,684.12,684.45,684.11,684.45,198476,220085.55
1770916140,685.1,685.1,684.76,684.76,171375,217607
1770916200,684.1,684.28,683.9399999999999,683.9399999999999,152598,213564.4
1770916260,683.77,684.01,683.67,683.67,155501,218320.75
1770916320,683.63,683.96,683.62,683.96,137900,219856.5
1770916380,684,684.25,683.91,683.91,150231,209569.25
1770916440,683.72,684.0600000000001,683.72,684.0600000000001,93873,211064.55
1770916500,684.1,684.1,683.76,683.76,27378,199802.9
1770916500.001,683.6800000000001,683.9100000000001,683.57,683.9100000000001,125421,196085.6
1770916560,684.14,684.14,683.8,683.8,146467,188816.9
1770916620,683.47,683.8000000000001,683.46,683.8000000000001,263000,193849.4
1770916740,683.84,683.85,683.51,683.85,228039,191327.25
1770916800,684.4,684.4300000000001,684.09,684.4300000000001,170538,182722.05
1770916860,684.44,684.57,684.23,684.57,157408,173626.8
1770916920,684.79,685.03,684.6899999999999,684.6899999999999,654189,191537.3
1770917100,684.53,684.87,684.53,684.87,245957,185873.25
1770917160,685.0500000000001,685.0500000000001,684.71,684.71,76529,178444.15
1770917160.001,684.61,684.95,684.61,684.95,196063,179173.05
1770917220,685.0500000000001,685.24,684.9,685.24,254793,188941.35
1770917280,685.27,685.27,684.93,684.93,340381,197305.85
1770917340,683.88,684.22,683.88,684.22,317595,203261.8
1770917400,684.67,684.67,684.3299999999999,684.3299999999999,76005,198493.3
1770917400.001,684.16,684.29,683.9499999999999,683.9499999999999,124137,197070.25
1770917460,683.9300000000001,684.22,683.88,684.22,286822,203636.3
1770917580,684.76,684.8100000000001,684.47,684.47,112393,202360.95
1770917640,684.46,684.8000000000001,684.46,684.8000000000001,103597,200029.25
1770917700,684.99,685.1,684.76,685.1,121577,201414.45
1770917760,685.16,685.3900000000001,685.0500000000001,685.3900000000001,166918,208391.45
1770917820,685.4300000000001,685.58,685.24,685.24,168097,210525.25
1770917880,684.96,685.3000000000001,684.96,685.3000000000001,102645,208334.15
1770917940,685.33,685.33,684.99,684.99,30817,196725
1770917940.001,684.77,684.87,684.53,684.87,131734,191909.75
1770918000,685.16,685.21,684.87,684.87,138249,190295.3
1770918060,684.83,685.11,684.77,685.11,209313,192890.55
1770918180,685.29,685.37,685.03,685.03,191816,169771.9
1770918300,684.98,685.32,684.98,685.32,118801,163414.1
1770918360,685.4,685.4,685.06,685.06,50057,162090.5
1770918360.001,684.49,684.75,684.41,684.41,237850,164179.85
1770918480,684.12,684.46,684.12,684.46,100987,156489.55
1770918540,684.59,684.7800000000001,684.44,684.7800000000001,128302,145885.6
1770918600,684.91,684.91,684.5699999999999,684.5699999999999,52533,132632.5
1770918600.001,684.25,684.59,684.25,684.25,131412,135402.85
1770918660,684.2,684.39,684.05,684.05,248335,141612.75
1770918780,683.62,683.88,683.54,683.88,243878,139465.55
1770918900,684.02,684.02,683.68,683.68,105697,139130.75
1770918960,683.42,683.49,683.15,683.15,164941,142197.95
1770919020,683.07,683.21,682.87,682.87,498758,161057
1770919200,682.48,682.82,682.48,682.82,153859,160404.05
1770919260,683.12,683.3100000000001,682.97,683.3100000000001,178177,160908.05
1770919320,683.61,683.61,683.27,683.27,50295,158290.55
1770919320.001,683.21,683.24,682.9,682.9,87807,161140.05
1770919380,682.8000000000001,683.1400000000001,682.8000000000001,683.1400000000001,145658,161836.25
1770919440,683.35,683.4200000000001,683.08,683.4200000000001,132562,161551.9
1770919500,683.48,683.5300000000001,683.19,683.5300000000001,387413,170456.9
1770919620,684.12,684.12,683.78,683.78,154585,168595.35
1770919680,683.28,683.5500000000001,683.21,683.21,157913,170550.95
1770919800,683.08,683.4200000000001,683.08,683.4200000000001,85608,172328.5
1770919860,683.52,683.5600000000001,683.22,683.22,326000,176736
1770920100,683.14,683.32,682.98,682.98,131894,178281.35
1770920160,682.92,683.1,682.76,682.76,118865,177809.5
1770920220,682.67,682.82,682.48,682.82,245683,187467
1770920340,682.99,682.99,682.65,682.65,28097,182301.25
1770920340.001,682.59,682.9300000000001,682.59,682.9300000000001,117713,175770.15
1770920400,683.16,683.16,682.8199999999999,682.8199999999999,166427,171897.6
1770920520,682.79,683.13,682.79,683.13,28509,168038.2
1770920520.001,683.45,683.63,683.29,683.63,284259,174004.1
1770920640,683.77,683.77,683.43,683.43,160802,157106.3
1770920700,683.1800000000001,683.5200000000001,683.1800000000001,683.5200000000001,117001,155263.4
1770920760,683.74,683.74,683.4,683.4,94052,151057.15
1770920820,683.29,683.58,683.24,683.24,541857,175635.25
1770920880,682.22,682.5600000000001,682.22,682.5600000000001,173023,179896.05
1770920880.001,682.65,682.7,682.36,682.7,521718,198699.05
1770920940,683.27,683.27,682.93,682.93,414535,212797.7
1770921000,682.8100000000001,683.1400000000001,682.8000000000001,683.1400000000001,327525,209803.3
1770921120,683.24,683.3000000000001,682.96,683.3000000000001,199499,212049
1770921180,683.57,683.57,683.23,683.23,252522,216779.45
1770921300,683.21,683.5500000000001,683.21,683.5500000000001,36633,214330.7
1770921300.001,683.7,683.7,683.36,683.36,121204,204090.9
1770921360,683.32,683.6600000000001,683.32,683.6600000000001,145130,204752.7
1770921420,683.84,684.1400000000001,683.8000000000001,684.1400000000001,206062,209112.55
1770921480,684.23,684.23,683.89,683.89,140433,203850.05
1770921540,683.85,684.19,683.85,684.19,42370,204563.7
1770921540.001,684.24,684.27,683.93,683.93,196648,208510.45
1770921600,683.84,684.1800000000001,683.84,684.1800000000001,156517,208014.95
1770921660,684.41,684.49,684.15,684.49,185243,215851.65
1770921720,684.5500000000001,684.7800000000001,684.44,684.7800000000001,314011,217339.25
1770921840,684.9300000000001,684.9300000000001,684.59,684.59,232275,220912.9
1770921960,684.52,684.86,684.52,684.86,39145,217020.1
1770921960.001,684.94,685.0200000000001,684.6800000000001,685.0200000000001,307680,227701.5
1770922080,685.0500000000001,685.0500000000001,684.71,684.71,147946,208005.95
1770922140,684.5600000000001,684.7,684.36,684.7,275504,213130
1770922260,685.11,685.26,684.92,685.26,316440,202866.1
1770922440,685.33,685.33,684.99,684.99,38166,184047.65
1770922440.001,684.91,685.25,684.91,685.25,100523,172697.55
1770922500,685.26,685.26,684.92,684.92,177683,171606.75
1770922560,684.59,684.9300000000001,684.59,684.9300000000001,180159,167988.6
1770922620,684.99,684.99,684.65,684.65,214512,176882.55
1770922680,684.3000000000001,684.6400000000001,684.3000000000001,684.6400000000001,85946,175119.65
1770922680.001,685.0600000000001,685.0600000000001,684.72,684.72,194758,177601.05
1770922740,684.61,684.95,684.61,684.95,154153,175005.6
1770922800,685.03,685.13,684.79,684.79,344521,185210
1770922920,684.74,684.99,684.65,684.65,381374,202160.2
1770923040,684.3100000000001,684.6500000000001,684.3100000000001,684.6500000000001,201746,202415.1
1770923100,684.8100000000001,684.84,684.5,684.84,386230,213900.75
1770923340,684.9,684.9,684.56,684.56,29474,206112.3
1770923340.001,684.48,684.65,684.31,684.31,367876,208805.55
1770923460,683.6,683.94,683.6,683.94,146112,204497.4
1770923520,684.04,684.0500000000001,683.71,684.0500000000001,186483,211864.3
1770923580,684.1800000000001,684.39,684.05,684.05,142243,203592.45
1770923640,684.01,684.35,684.01,684.35,161224,204256.35
1770923700,684.59,684.73,684.39,684.73,239624,202462.35
1770923820,684.94,685.1700000000001,684.83,685.1700000000001,410517,207166.2
1770924000,685.24,685.29,684.9499999999999,684.9499999999999,224718,216493.8
1770924120,684.91,685.25,684.91,685.25,89523,215943.8
1770924180,685.3000000000001,685.42,685.0799999999999,685.0799999999999,144995,214309.4
1770924240,685.04,685.3000000000001,684.96,684.96,353076,222955.25
1770924360,684.46,684.6800000000001,684.34,684.34,182910,221375.15
1770924420,684.1,684.35,684.01,684.35,445098,239332.75
1770924600,684.45,684.6800000000001,684.34,684.6800000000001,116446,235417.15
1770924660,684.73,684.98,684.64,684.98,131909,234304.95
1770924720,685.0600000000001,685.07,684.73,684.73,296737,231915.75
1770924900,684.72,685.0600000000001,684.72,685.0600000000001,32016,214447.85
1770924900.001,685.28,685.36,685.02,685.02,549163,231818.7
1770925140,685.01,685.35,685.01,685.35,29448,213979.6
1770925140.001,685.36,685.44,685.1,685.44,448567,234934.25
1770925320,685.54,685.54,685.1999999999999,685.1999999999999,172354,225158.15
1770925380,684.97,685.1,684.76,685.1,215404,228622.75
1770925440,685.11,685.35,685.01,685.35,148498,226723.5
1770925500,685.4300000000001,685.59,685.25,685.59,225830,230902.85
1770925620,685.6,685.7700000000001,685.4300000000001,685.7700000000001,419807,243832
1770925800,685.97,685.97,685.63,685.63,200315,241866.55
1770925860,685.4,685.62,685.28,685.28,667635,254722.45
1770926100,685.09,685.4300000000001,685.09,685.4300000000001,67937,246883.4
1770926100.001,685.51,685.69,685.35,685.69,403619,262588.2
1770926220,685.8100000000001,685.8100000000001,685.47,685.47,363158,273496.35
1770926280,684.8100000000001,685.1500000000001,684.8100000000001,685.1500000000001,105439,261114.5
1770926280.001,685.2,685.23,684.89,684.89,131149,258526.45
1770926340,684.84,685.1800000000001,684.84,685.1800000000001,211851,246864.1
1770926400,685.45,685.48,685.14,685.14,283443,255213.95
1770926520,685.09,685.3100000000001,684.97,685.3100000000001,253742,261305.6
1770926640,685.42,685.54,685.1999999999999,685.1999999999999,338258,263381.65
1770926820,684.95,685.15,684.81,684.81,146402,269100.95
1770926880,684.77,684.88,684.54,684.54,296424,256464
1770927000,684.3100000000001,684.5400000000001,684.2,684.5400000000001,223968,266190
1770927060,684.59,684.82,684.48,684.82,447144,266118.85
1770927240,684.92,684.92,684.5799999999999,684.5799999999999,152579,265130.1
1770927300,684.54,684.6,684.26,684.26,553418,282030.8
1770927480,684.14,684.35,684.01,684.01,477886,298500.2
1770927600,683.6800000000001,684.0200000000001,683.6800000000001,684.0200000000001,202991,297358.25
1770927660,684.09,684.09,683.75,683.75,161877,284461.75
1770927720,683.71,683.89,683.55,683.55,562086,302550.3
1770927900,683.54,683.7,683.36,683.36,604426,299389.85
1770928080,683.32,683.61,683.27,683.27,343185,313152.25
1770928140,683.11,683.4,683.06,683.06,262936,306118.1
1770928200,683.0500000000001,683.38,683.04,683.04,234455,299682.95
1770928260,682.8000000000001,682.87,682.53,682.87,277133,308267.65
1770928320,682.88,683.0500000000001,682.71,683.0500000000001,459857,324703.05
1770928440,683.19,683.19,682.85,682.85,198416,324031.3
1770928500,682.82,683.15,682.81,682.81,1049306,362324.45
1770928740,682.72,683.0600000000001,682.72,683.0600000000001,245847,361929.7
1770928800,683.29,683.34,683,683,240843,357058.95
1770928860,682.95,683.01,682.67,682.67,291974,364337.55
1770928920,682.5500000000001,682.79,682.4499999999999,682.4499999999999,277593,363396
1770928980,682.4300000000001,682.75,682.41,682.41,685153,386455.25
1770929100,682.29,682.35,682.01,682.01,428177,385506.9
1770929160,681.91,682.04,681.6999999999999,681.6999999999999,1041616,429958.75
1770929280,681.6,681.9300000000001,681.59,681.59,1340660,469320.85
1770929400,680.87,680.95,680.61,680.61,811801,486016.6
1770929460,680.38,680.71,680.37,680.71,812989,516516.5
1770929520,680.99,681.1,680.76,681.1,783069,547576.1
1770929580,681.25,681.49,681.15,681.49,843836,561663.6
1770929640,681.73,681.84,681.5,681.5,959985,579441.55
1770929700,681.4,681.64,681.3,681.3,883464,606455.5
1770929760,680.94,681.2800000000001,680.94,681.2800000000001,803073,633462.35
1770929820,681.46,681.48,681.14,681.14,2266540,735066.6
1770929940,680.99,681.33,680.99,681.33,485883,745504.1
1770929940.001,681.5,681.63,681.29,681.63,730187,759020.6
1770993000,681.6800000000001,681.6800000000001,681.34,681.34,244304,761315
1770993000.001,680.82,681.1600000000001,680.82,681.1600000000001,244304,721064.9
1770993000.002,681.75,681.75,681.41,681.41,518996,734722.35
1770993060,681.19,681.5300000000001,681.19,681.5300000000001,137346,729547.5
1770993060.001,682.25,682.25,681.91,681.91,442602,737078.9
1770993120,681.71,682.0500000000001,681.71,682.0500000000001,152628,730830.65
1770993120.001,682.51,682.51,682.17,682.17,152628,704204.4
1770993120.002,682.08,682.26,681.92,681.92,398559,702723.5
1770993180,681.25,681.59,681.25,681.59,336751,667480.25
1770993240,682,682,681.66,681.66,101949,605544.7
1770993240.001,681.14,681.23,680.89,680.89,560928,593001.05
1770993300,680.39,680.73,680.39,680.73,152993,560001.25
1770993300.001,681.0600000000001,681.24,680.9,680.9,324362,537065.9
1770993360,680.58,680.9200000000001,680.58,680.9200000000001,108120,500280.1
1770993360.001,680.9300000000001,681.08,680.74,680.74,244260,464493.85
1770993420,680.01,680.34,680,680.34,330443,436842.8
1770993480,680.71,680.74,680.4,680.4,335711,413474.7
1770993540,679.78,679.94,679.6,679.6,465727,323434.05
1770993600,678.73,679.07,678.73,679.07,360872,317183.5
1770993660,679.29,679.29,678.9499999999999,678.9499999999999,116853,286516.8
1770993660.001,678.0600000000001,678.2,677.86,677.86,349611,291782.15
1770993720,677.52,677.86,677.52,677.86,116379,285385.9
1770993720.001,678.27,678.5600000000001,678.22,678.5600000000001,547285,286800.35
1770993780,679.89,679.89,679.55,679.55,367043,298285.2
1770993840,679.33,679.6700000000001,679.33,679.6700000000001,111704,281740.3
1770993840.001,680.54,680.75,680.41,680.75,506610,299439.4
1770993900,682.09,682.09,681.75,681.75,392393,311427.65
1770993960,681.57,681.9100000000001,681.57,681.9100000000001,130378,298018.6
1770993960.001,682.45,682.45,682.11,682.11,335824,297972.25
1770994020,681.52,681.86,681.52,681.86,102723,298010.95
1770994020.001,682.4,682.6,682.26,682.6,286484,284288.75
1770994080,683.32,683.32,682.98,682.98,91880,281233.1
1770994080.001,682.2,682.4,682.06,682.06,362678,283148.9
1770994140,681.34,681.48,681.14,681.14,543861,304935.95
1770994200,679.87,680.21,679.87,680.21,151198,300282.85
1770994200.001,680.34,680.34,680,680,176730,292597.2
1770994260,679.95,680.2900000000001,679.95,680.2900000000001,88365,280229.9
1770994260.001,680.91,680.9300000000001,680.59,680.59,261588,270022.95
1770994320,679.73,680.07,679.73,680.07,57740,254866.35
1770994320.001,680.37,680.71,680.37,680.71,227370,260392.2
1770994380,681.54,681.54,681.1999999999999,681.1999999999999,75790,246701.15
1770994380.001,680.66,681,680.66,681,112750,246519.7
1770994440,681.42,681.42,681.0799999999999,681.0799999999999,56375,221974.2
1770994440.001,680.48,680.8100000000001,680.47,680.8100000000001,215746,214409.35
1770994500,682.02,682.04,681.6999999999999,681.6999999999999,323039,224976.1
1770994560,679.84,680.1800000000001,679.84,680.1800000000001,187821,209036.65
1770994620,680.3000000000001,680.3000000000001,679.96,679.96,48925,191863.25
1770994620.001,679.62,679.96,679.62,679.96,145984,192643.55
1770994680,680.32,680.32,679.98,679.98,32353,177470
1770994680.001,679.96,680.1,679.76,679.76,139655,179316.6
1770994740,679.5600000000001,679.9000000000001,679.5600000000001,679.9000000000001,46551,167319.95
1770994740.001,679.9300000000001,680.12,679.78,680.12,284421,176947
1770994800,681.03,681.3000000000001,680.96,680.96,207155,169170.85
1770994860,680.3100000000001,680.6500000000001,680.3100000000001,680.6500000000001,37449,143850.25
1770994860.001,680.91,681.1600000000001,680.82,681.1600000000001,101079,141344.3
1770994920,681.46,681.64,681.3,681.3,170437,141029.65
1770994980,680.4300000000001,680.7700000000001,680.4300000000001,680.7700000000001,148554,144039.1
1770995040,681.24,681.24,680.9,680.9,156818,138800.6
1770995100,680.03,680.37,680.03,680.37,160741,143950.65
1770995160,681.33,681.37,681.03,681.03,141109,139637.6
1770995220,680.45,680.7900000000001,680.45,680.7900000000001,33712,137533.7
1770995220.001,681.0600000000001,681.2700000000001,680.9300000000001,681.2700000000001,197364,141764.4
1770995280,682.14,682.14,681.8,681.8,295473,153719.3
1770995340,681.63,681.97,681.63,681.97,114843,148674.15
1770995340.001,682.47,682.47,682.13,682.13,252022,145123.3
1770995400,681.8100000000001,682.1500000000001,681.8100000000001,682.1500000000001,68590,139161.75
1770995400.001,682.62,682.8100000000001,682.47,682.8100000000001,257858,149608.4
1770995460,682.9,682.9,682.56,682.56,343001,159459.25
1770995520,682.04,682.38,682.04,682.38,208633,168273.25
1770995580,682.67,682.67,682.3299999999999,682.3299999999999,238508,173215.9
1770995640,681.25,681.5200000000001,681.1800000000001,681.5200000000001,249802,183378.45
1770995700,682.16,682.23,681.89,682.23,218602,180087.5
1770995760,682.28,682.28,681.9399999999999,681.9399999999999,78782,173668.85
1770995760.001,680.52,680.84,680.5,680.84,195797,181586.25
1770995820,681.01,681.01,680.67,680.67,112235,182144.05
1770995880,680.61,680.95,680.61,680.95,36615,175452.95
1770995880.001,681.38,681.4,681.06,681.06,144773,175263.9
1770995940,680.82,681.1600000000001,680.82,681.1600000000001,238982,179372.1
1770996000,682.16,682.16,681.8199999999999,681.8199999999999,193974,181033.75
1770996060,680.73,681.07,680.73,681.07,126240,180290.3
1770996120,681.47,681.47,681.13,681.13,42065,180707.95
1770996120.001,680.46,680.8000000000001,680.46,680.8000000000001,169196,179299.55
1770996180,681.33,681.33,680.99,680.99,98089,169430.35
1770996240,680.9,681.24,680.9,681.24,27856,165081
1770996240.001,681.53,681.53,681.1899999999999,681.1899999999999,104906,157725.2
1770996300,681.13,681.47,681.13,681.47,38525,156221.95
1770996300.001,681.92,681.95,681.61,681.95,172301,151944.1
1770996360,682.24,682.25,681.91,682.25,189461,144267.1
1770996420,682.8000000000001,682.8000000000001,682.46,682.46,272180,147444.45
1770996480,682.41,682.75,682.41,682.75,111945,141116.3
1770996480.001,683.23,683.37,683.03,683.03,291908,143221.6
1770996540,682.8000000000001,683.1400000000001,682.8000000000001,683.1400000000001,236589,144120.95
1770996600,683.89,683.89,683.55,683.55,239621,152162.9
1770996660,683.36,683.7,683.36,683.7,232489,153997.5
1770996720,683.99,684.3000000000001,683.96,684.3000000000001,316292,164200.35
1770996780,684.51,684.51,684.17,684.17,247060,174722.6
1770996840,684.0500000000001,684.1500000000001,683.8100000000001,684.1500000000001,240602,179514.05
1770996900,684.4300000000001,684.48,684.14,684.48,216477,178388.8
1770996960,684.57,684.57,684.23,684.23,200387,178709.45
1770997020,684.15,684.27,683.93,683.93,272536,186024.25
1770997080,683.03,683.37,683.03,683.37,167177,192279.85
1770997140,683.41,683.41,683.0699999999999,683.0699999999999,46444,186142.25
1770997140.001,682.8000000000001,682.89,682.55,682.55,196806,191078.1
1770997200,682.44,682.7800000000001,682.44,682.7800000000001,190353,199202.95
1770997260,683,683.12,682.78,683.12,158670,201891.15
1770997320,683.17,683.17,682.8299999999999,682.8299999999999,55963,202763.05
1770997320.001,682.4,682.74,682.4,682.74,176147,202955.35
1770997380,682.8000000000001,682.8000000000001,682.46,682.46,60091,196486.85
1770997380.001,682.09,682.35,682.01,682.01,306896,198222.65
1770997440,681.5500000000001,681.8900000000001,681.5500000000001,681.8900000000001,286124,206931.6
1770997500,682.03,682.29,681.9499999999999,681.9499999999999,314930,208082.7
1770997560,680.95,681.1800000000001,680.84,681.1800000000001,270723,209789.4
1770997620,681.33,681.45,681.11,681.11,226613,209139
1770997680,681.04,681.13,680.79,681.13,204892,207759.15
1770997740,681.1800000000001,681.4300000000001,681.09,681.4300000000001,228813,203385.2
1770997800,681.72,681.9000000000001,681.5600000000001,681.9000000000001,291964,205630.4
1770997860,682.71,682.82,682.48,682.48,225888,204894.7
1770997920,682.1,682.44,682.1,682.44,150386,201590.15
1770997980,682.75,682.84,682.5,682.84,320728,207607.2
1770998100,683.2,683.2,682.86,682.86,170779,202519.35
1770998160,682.27,682.61,682.27,682.61,152135,201767.25
1770998220,682.96,682.96,682.62,682.62,229215,210905.8
1770998340,682.33,682.6700000000001,682.33,682.6700000000001,140503,208090.65
1770998400,682.97,682.97,682.63,682.63,97315,203438.75
1770998460,682.6,682.94,682.6,682.94,31124,197061.45
1770998460.001,683.19,683.37,683.03,683.03,156313,202078.95
1770998520,682.85,683.12,682.78,683.12,106115,198577.35
1770998580,683.28,683.3000000000001,682.96,683.3000000000001,111000,201122.8
1770998640,683.47,683.6600000000001,683.32,683.6600000000001,144426,192999.3
1770998700,683.75,683.94,683.6,683.94,174895,187437.85
1770998760,684.16,684.16,683.8199999999999,683.8199999999999,184902,180936.45
1770998820,683.59,683.9300000000001,683.59,683.9300000000001,168864,175843.5
1770998880,684.17,684.22,683.88,683.88,158271,172426.4
1770998940,683.85,684.02,683.68,683.68,217564,173060
1770999000,683.19,683.44,683.1,683.44,149211,169079.9
1770999060,683.46,683.64,683.3,683.3,144928,161728.1
1770999120,682.69,683.0300000000001,682.69,683.0300000000001,111100,155988.7
1770999180,683.11,683.34,683,683.34,117835,154361.15
1770999240,683.5,683.59,683.25,683.59,248174,150733.45
1770999360,683.77,683.77,683.43,683.43,36383,144013.65
1770999360.001,683.38,683.63,683.29,683.63,107082,141761
1770999420,684.16,684.16,683.8199999999999,683.8199999999999,110198,135810.15
1770999480,683.5500000000001,683.62,683.28,683.28,102139,133891.95
1770999540,683.09,683.4300000000001,683.09,683.4300000000001,102604,134156.4
1770999600,683.47,683.47,683.13,683.13,38417,134521.05
1770999600.001,682.57,682.73,682.39,682.73,230013,138206.05
1770999720,682.75,682.75,682.41,682.41,216094,143705
1770999780,681.83,682.1700000000001,681.83,682.1700000000001,192386,147774.3
1770999840,682.39,682.5600000000001,682.22,682.5600000000001,159049,148505.45
1770999900,682.61,682.69,682.35,682.69,153213,147421.35
1770999960,683.17,683.25,682.91,683.25,173602,146856.35
1771000020,683.8100000000001,683.96,683.62,683.62,174376,147131.95
1771000080,683.5600000000001,683.76,683.42,683.42,109383,144687.55
1771000140,683.41,683.75,683.41,683.75,33133,135466
1771000140.001,683.87,683.9200000000001,683.58,683.9200000000001,114026,133706.75
1771000200,683.94,683.94,683.6,683.6,129808,132950.75
1771000260,682.87,683.21,682.87,683.21,51421,129966.8
1771000260.001,683.89,684,683.66,684,166946,132422.35
1771000320,684.0600000000001,684.1500000000001,683.8100000000001,684.1500000000001,142776,127152.45
1771000380,684.23,684.23,683.89,683.89,166477,133657.15
1771000440,683.52,683.86,683.52,683.86,43907,130498.4
1771000440.001,683.88,684.0600000000001,683.72,684.0600000000001,310272,140502.1
1771000560,684.12,684.23,683.89,683.89,155625,143176.4
1771000620,683.3100000000001,683.63,683.29,683.63,109428,143517.6
1771000680,684.08,684.4000000000001,684.0600000000001,684.4000000000001,103320,146762.75
1771000740,684.45,684.45,684.11,684.11,99033,140213.75
1771000800,684.01,684.35,684.01,684.35,36213,131219.7
1771000800.001,684.54,684.54,684.1999999999999,684.1999999999999,112975,127249.15
1771000860,684.1,684.4,684.06,684.06,105956,124594.5
1771000920,684.03,684.26,683.92,684.26,104137,122140.7
1771000980,684.62,684.74,684.4,684.74,217257,124323.45
1771001100,684.86,684.99,684.65,684.65,238083,127508.8
1771001220,684.6,684.94,684.6,684.94,31795,123629.4
1771001220.001,684.97,684.97,684.63,684.63,162102,130077.85
1771001280,684.29,684.5600000000001,684.22,684.22,229578,135855.45
1771001400,684.21,684.5500000000001,684.21,684.5500000000001,29315,130830.8
1771001400.001,684.8000000000001,684.8000000000001,684.46,684.46,91487,132834.1
1771001460,684.45,684.7900000000001,684.45,684.7900000000001,31086,126041.1
1771001460.001,685.01,685.01,684.67,684.67,94355,123620.05
1771001520,684.57,684.9100000000001,684.57,684.9100000000001,152626,122927.5
1771001640,684.99,685.22,684.88,685.22,285677,135016
1771001760,685.51,685.51,685.17,685.17,120222,125513.5
1771001820,685.15,685.35,685.01,685.01,193045,127384.5
1771001940,684.75,684.82,684.48,684.82,213970,132611.6
1771002060,685.23,685.2900000000001,684.95,685.2900000000001,158546,135372.9
1771002180,685.4,685.6,685.26,685.6,325176,146680.05
1771002360,685.63,685.67,685.3299999999999,685.3299999999999,132897,151514.25
1771002420,685.04,685.38,685.04,685.38,71115,149421.25
1771002480,685.44,685.48,685.14,685.48,351669,161706.9
1771002720,685.51,685.8000000000001,685.46,685.8000000000001,255312,169265.65
1771002840,686.0500000000001,686.0500000000001,685.71,685.71,148166,165811.1
1771002900,685.63,685.72,685.38,685.38,226208,165217.35
1771003020,685.16,685.3000000000001,684.96,684.96,134960,170375.6
1771003080,684.83,685.1700000000001,684.83,685.1700000000001,92531,166897.05
1771003140,685.19,685.32,684.98,685.32,131994,162017.85
1771003200,685.5500000000001,685.7900000000001,685.45,685.7900000000001,162902,168697.2
1771003260,685.98,686.03,685.6899999999999,685.6899999999999,435936,185919.65
1771003500,685.3000000000001,685.6400000000001,685.3000000000001,685.6400000000001,42445,186487.6
1771003500.001,685.71,685.74,685.4,685.4,58139,184676.8
1771003560,685.27,685.61,685.27,685.61,160543,185072.65
1771003680,685.71,685.8000000000001,685.46,685.46,81254,174851.5
1771003740,685.32,685.6,685.26,685.6,124874,175084.1
1771003800,685.65,685.9100000000001,685.57,685.9100000000001,134657,172164.7
1771003860,686.07,686.07,685.73,685.73,673227,195127.55
1771004280,685.57,685.9100000000001,685.57,685.9100000000001,81105,191255.5
1771004340,685.97,686.19,685.85,686.19,188483,184420.85
1771004460,686.23,686.28,685.9399999999999,685.9399999999999,199329,187742.45
1771004580,685.84,685.99,685.65,685.65,200905,194231.95
1771004700,685.49,685.83,685.49,685.83,99472,181622.1
1771004760,685.96,685.96,685.62,685.62,72542,172483.6
1771004820,685.49,685.7700000000001,685.4300000000001,685.7700000000001,99623,170056.45
1771004880,685.86,686.0500000000001,685.71,685.71,278442,172668.15
1771005060,685.5600000000001,685.9000000000001,685.5600000000001,685.9000000000001,71149,169477.6
1771005120,685.91,685.91,685.5699999999999,685.5699999999999,49394,167320.75
1771005180,685.5500000000001,685.64,685.3,685.3,170930,169267.55
1771005300,685.21,685.33,684.99,685.33,193587,170801.8
1771005360,685.4300000000001,685.4300000000001,685.09,685.09,199191,158964.55
1771005480,685.0500000000001,685.23,684.89,684.89,113153,162499.95
1771005540,684.86,685.2,684.86,685.2,106170,164901.5
1771005600,685.37,685.37,685.03,685.03,132424,163495.55
1771005660,684.59,684.86,684.52,684.86,146818,166773.75
1771005720,684.9,684.9,684.56,684.56,139406,167500.35
1771005780,684.36,684.7,684.36,684.7,51195,163327.25
1771005780.001,684.76,684.76,684.42,684.42,127142,136023
1771005840,684.38,684.59,684.25,684.25,138863,138910.9
1771005900,684.09,684.4300000000001,684.09,684.4300000000001,131618,136067.65
1771005960,684.72,684.7800000000001,684.44,684.7800000000001,107453,131473.85
1771006020,684.8100000000001,684.84,684.5,684.84,118360,127346.6
1771006080,684.92,685.0500000000001,684.71,685.0500000000001,199137,132329.85
1771006200,685.24,685.46,685.12,685.46,184350,137920.25
1771006320,685.48,685.48,685.14,685.14,120417,138959.95
1771006380,685,685.34,685,685.34,31701,126622.9
1771006380.001,685.36,685.4,685.06,685.06,162666,131198.75
1771006500,684.98,685.32,684.98,685.32,28240,130141.05
1771006500.001,685.53,685.62,685.28,685.62,80670,125628.05
1771006560,685.7,685.8100000000001,685.47,685.47,312644,131580.9
1771006740,685.0500000000001,685.3900000000001,685.0500000000001,685.3900000000001,107625,127002.6
1771006800,685.74,685.7900000000001,685.45,685.7900000000001,160990,129394.45
1771006920,686.0500000000001,686.26,685.92,685.92,173238,132747.85
1771007040,685.82,685.9300000000001,685.59,685.59,108344,131543.85
1771007100,685.4300000000001,685.5500000000001,685.21,685.5500000000001,286501,138528
1771007280,685.88,686.16,685.8199999999999,685.8199999999999,531844,158149.9
1771007340,684.95,685.2900000000001,684.95,685.2900000000001,170377,164109
1771007340.001,685.39,685.52,685.18,685.18,175077,166505.75
1771007400,685.11,685.45,685.11,685.45,130973,166111.25
1771007460,685.7,685.76,685.42,685.76,134918,166276.25
1771007580,685.84,686,685.66,686,210848,171446
1771007760,686.0600000000001,686.0600000000001,685.72,685.72,84123,169734.15
1771007820,685.5,685.6400000000001,685.3000000000001,685.6400000000001,58100,162682.3
1771007880,685.73,685.85,685.51,685.51,120738,159501.7
1771008000,685.36,685.48,685.14,685.14,124903,159726
1771008120,684.86,685.2,684.86,685.2,246719,170476.9
1771008300,685.35,685.5400000000001,685.2,685.5400000000001,96074,167147.3
1771008360,685.66,685.71,685.37,685.37,166703,174070.45
1771008540,685.16,685.19,684.85,684.85,70836,173578.75
1771008600,684.84,684.98,684.64,684.64,203511,168122.1
1771008720,684.41,684.75,684.41,684.75,118632,168672.45
1771008780,684.99,685.0500000000001,684.71,684.71,322638,176754.85
1771009020,684.6800000000001,684.74,684.4,684.4,91244,172655.15
1771009080,684.37,684.71,684.37,684.71,172906,175883.25
1771009140,684.77,684.7900000000001,684.45,684.7900000000001,232367,173176.55
1771009260,684.97,685.04,684.6999999999999,684.6999999999999,103209,151744.8
1771009320,684.5,684.7800000000001,684.44,684.7800000000001,92639,147857.9
1771009380,684.86,684.86,684.52,684.52,108885,144548.3
1771009440,684.47,684.8100000000001,684.47,684.8100000000001,121651,144082.2
1771009500,684.88,685.0300000000001,684.69,685.0300000000001,154468,145059.7
1771009620,685.04,685.04,684.6999999999999,684.6999999999999,85840,138809.3
1771009680,684.64,684.98,684.64,684.98,103303,139768.3
1771009740,685.17,685.29,684.9499999999999,684.9499999999999,184855,146106.05
1771009860,684.82,685.1600000000001,684.82,685.1600000000001,104857,145312
1771009920,685.35,685.35,685.01,685.01,126670,145400.35
1771009980,684.65,684.99,684.65,684.99,104379,138283.35
1771010040,685.0500000000001,685.0500000000001,684.71,684.71,181410,142550.15
1771010160,684.69,684.97,684.63,684.63,106509,139540.45
1771010220,684.54,684.88,684.54,684.88,93004,140648.85
1771010280,685.12,685.12,684.78,684.78,48326,132889.6
1771010340,684.77,685.11,684.77,685.11,86221,131269.05
1771010400,685.14,685.24,684.9,685.24,216770,125975.65
1771010580,685.32,685.37,685.03,685.03,225546,132690.75
1771010760,684.67,684.8000000000001,684.46,684.46,190264,133558.65
1771010820,684.37,684.7,684.36,684.36,306352,137257.9
1771010940,684.1,684.44,684.1,684.44,279991,146097
1771011000,684.9300000000001,684.9300000000001,684.59,684.59,141645,148547.3
1771011060,684.52,684.82,684.48,684.48,339714,160088.75
1771011360,684.44,684.63,684.29,684.29,142124,161112.4
1771011480,684.2,684.21,683.87,683.87,147761,160777.05
1771011540,683.8000000000001,684.1400000000001,683.8000000000001,684.1400000000001,116962,162333.15
1771011600,684.28,684.28,683.9399999999999,683.9399999999999,158132,165074.6
1771011660,683.28,683.62,683.28,683.62,232532,167458.45
1771011720,683.72,683.72,683.38,683.38,142270,169329.1
1771011780,683.32,683.6600000000001,683.32,683.6600000000001,109724,168481.8
1771011840,683.71,683.8000000000001,683.46,683.8000000000001,214412,173983.45
1771011900,684.24,684.25,683.91,683.91,259230,177874.45
1771012020,683.79,683.94,683.6,683.6,249666,185032.3
1771012200,683.57,683.78,683.4399999999999,683.4399999999999,93110,185037.6
1771012260,683.41,683.52,683.18,683.18,220052,193623.9
1771012380,683.14,683.44,683.1,683.44,319235,205274.6
1771012500,683.51,683.57,683.23,683.23,112420,200057.1
1771012560,683.2,683.37,683.03,683.03,326862,205122.9
1771012680,682.41,682.58,682.24,682.58,573810,224300.2
1771012800,682.8000000000001,682.99,682.65,682.99,236691,220817.15
1771012860,683.16,683.22,682.88,682.88,246700,219152.6
1771012980,682.8000000000001,683.1400000000001,682.8000000000001,683.1400000000001,233270,223733.85
1771013040,683.26,683.26,682.92,682.92,518831,232689.7
1771013280,682.65,682.99,682.65,682.99,159434,233555.2
1771013340,683.16,683.16,682.8199999999999,682.8199999999999,255579,238946.1
1771013460,682.76,683.09,682.75,682.75,221432,244169.6
1771013520,682.58,682.61,682.27,682.27,587511,265638.55
1771013640,682.11,682.3900000000001,682.0500000000001,682.3900000000001,209233,264473.6
1771013700,682.49,682.49,682.15,682.15,42793,259499.75
1771013700.001,682.14,682.39,682.05,682.05,291717,268599.4
1771013820,681.9,682.1700000000001,681.83,682.1700000000001,182974,267027.5
1771013880,682.1800000000001,682.3100000000001,681.97,682.3100000000001,186183,263375.15
1771013940,682.63,682.63,682.29,682.29,167754,259279.55
1771014000,682.14,682.42,682.0799999999999,682.0799999999999,249263,267087.2
1771014120,682.01,682.1,681.76,681.76,279866,270077.9
1771014240,681.6800000000001,681.84,681.5,681.5,219043,265068.3
1771014300,681.1800000000001,681.35,681.01,681.01,531816,286038.1
1771014420,680.5500000000001,680.85,680.51,680.51,257717,282580.85
1771014480,680.39,680.6800000000001,680.34,680.6800000000001,228161,265298.4
1771014540,680.73,680.86,680.52,680.52,237898,265358.75
1771014600,680.39,680.73,680.39,680.73,213298,263688.65
1771014660,681.17,681.23,680.89,680.89,276340,265842.15
1771014720,680.64,680.94,680.6,680.6,234927,251646.95
1771014780,680.47,680.67,680.3299999999999,680.3299999999999,225360,254943.25
1771014840,680.1800000000001,680.47,680.13,680.47,243703,254349.45
1771014900,680.5600000000001,680.5600000000001,680.22,680.22,232711,254913.4
1771014960,680.13,680.37,680.03,680.03,245266,237801.15
1771015020,680.01,680.35,680.01,680.35,221037,238391.35
1771015080,680.52,680.67,680.3299999999999,680.3299999999999,184104,245456.9
1771015140,680.29,680.61,680.27,680.61,228766,242309.35
1771015200,680.82,680.82,680.48,680.48,203243,243322.8
1771015260,680.25,680.44,680.1,680.1,213439,244685.6
1771015320,679.9,680.1500000000001,679.8100000000001,680.1500000000001,499522,261274
1771015440,680.41,680.4300000000001,680.09,680.4300000000001,253008,261461.25
1771015500,680.53,680.5400000000001,680.2,680.5400000000001,297425,262339.2
1771015560,680.63,680.75,680.41,680.75,608298,281801.95
1771015680,680.87,681.1700000000001,680.83,681.1700000000001,421076,276264.95
1771015740,681.38,681.38,681.04,681.04,511730,288965.6
1771015800,680.7,681.0400000000001,680.7,681.0400000000001,339710,294543.05
1771015860,681.07,681.07,680.73,680.73,104158,287856.05
1771015860.001,680.52,680.7,680.36,680.7,824115,318396.9
1771015980,681.12,681.21,680.87,681.21,440928,326626.3
1771016040,681.61,681.61,681.27,681.27,531368,341448.35
1771016100,680.83,681.1700000000001,680.83,681.1700000000001,139605,337160.6
1771016100.001,681.2,681.2700000000001,680.9300000000001,681.2700000000001,695240,359737.45
1771016220,681.38,681.47,681.13,681.47,749526,385578.2
1771016280,681.53,681.7800000000001,681.44,681.7800000000001,1830083,464819.05
1771016340,681.84,681.84,681.5,681.5,711532,489343.8
1771338600,680.12,680.37,680.03,680.37,344149,497346.05
1771338600.001,681.03,681.03,680.6899999999999,680.6899999999999,172074,494511.45
1771338600.002,680.62,680.6800000000001,680.34,680.6800000000001,433484,506023.5
1771338660,681.61,681.61,681.27,681.27,432379,516970.5
1771338720,680.36,680.7,680.36,680.7,359475,509968.15
1771338780,681.13,681.1400000000001,680.8000000000001,681.1400000000001,378521,516243.8
1771338840,681.99,681.99,681.65,681.65,324378,517591.45
1771338900,681.44,681.7800000000001,681.44,681.7800000000001,113741,492863.6
1771338900.001,681.94,682.1,681.76,682.1,354291,489524.35
1771338960,682.27,682.35,682.01,682.35,286149,478245.3
1771339020,682.62,682.62,682.28,682.28,337500,478134.8
1771339080,681.88,682.1600000000001,681.82,682.1600000000001,367703,491312.05
1771339140,682.76,682.76,682.42,682.42,315522,465882.4
1771339200,682.1,682.44,682.1,682.44,111413,449406.65
1771339200.001,682.71,682.8000000000001,682.46,682.46,286519,437164.2
1771339260,682.07,682.4100000000001,682.07,682.4100000000001,235937,441980.8
1771339320,682.53,682.53,682.1899999999999,682.1899999999999,88784,411658
1771339320.001,681.5,681.84,681.5,681.84,239927,386178.05
1771339380,681.9,681.9,681.56,681.56,75572,298452.5
1771339380.001,680.96,681.08,680.74,680.74,262831,276017.45
1771339440,680.45,680.7900000000001,680.45,680.7900000000001,273900,272505
1771339500,680.82,680.82,680.48,680.48,105740,269188.3
1771339500.001,680.0500000000001,680.37,680.03,680.37,474115,271219.85
1771339560,681.3000000000001,681.3000000000001,680.96,680.96,122791,255740.45
1771339560.001,680.6,680.75,680.41,680.41,303410,252937.2
1771339620,679.69,680.0300000000001,679.69,680.0300000000001,308324,249427.35
1771339680,680.57,680.57,680.23,680.23,69062,236661.55
1771339680.001,680.21,680.21,679.87,679.87,118917,236920.35
1771339740,679.72,680.0600000000001,679.72,680.0600000000001,59458,222178.7
1771339740.001,680.33,680.62,680.28,680.28,509433,233342.9
1771339800,678.37,678.52,678.18,678.18,327004,232818.1
1771339860,678.12,678.46,678.12,678.46,88506,218858.25
1771339860.001,678.78,678.86,678.52,678.52,266067,216385.5
1771339920,678.37,678.53,678.1899999999999,678.1899999999999,342351,227932.4
1771339980,677.63,677.97,677.63,677.63,588440,243028.45
1771340100,677.15,677.3000000000001,676.96,677.3000000000001,355363,248999.75
1771340160,677.64,677.64,677.3,677.3,217402,255430.65
1771340220,677.27,677.61,677.27,677.61,62171,246542.85
1771340220.001,677.91,677.91,677.5699999999999,677.5699999999999,62171,245872.8
1771340220.002,677.38,677.41,677.0699999999999,677.0699999999999,181487,241805.6
1771340280,676.87,676.98,676.64,676.64,416634,248942.3
1771340340,676.46,676.63,676.29,676.29,316174,259464
1771340400,676.27,676.61,676.27,676.61,98730,240694.75
1771340400.001,676.88,676.98,676.64,676.98,292474,249178.9
1771340460,677.5600000000001,677.66,677.3199999999999,677.3199999999999,334768,250746.8
1771340520,677.0500000000001,677.3900000000001,677.0500000000001,677.3900000000001,271065,248883.85
1771340580,678.19,678.19,677.85,677.85,140058,252433.65
1771340640,677.79,678.13,677.79,678.13,39861,248480.85
1771340640.001,678.26,678.35,678.01,678.35,222121,256614
1771340700,678.5600000000001,678.5600000000001,678.22,678.22,228197,242552.2
1771340760,677.44,677.78,677.4399999999999,677.4399999999999,265256,239464.8
1771340820,677.32,677.6600000000001,677.32,677.6600000000001,184400,244259.5
1771340880,678.02,678.02,677.68,677.68,144132,238162.75
1771340940,677.35,677.69,677.35,677.69,153794,228734.9
1771341000,678.01,678.01,677.67,677.67,39494,201287.6
1771341000.001,677.49,677.58,677.24,677.24,121065,189572.7
1771341060,676.74,677.0200000000001,676.6800000000001,677.0200000000001,198033,188604.25
1771341120,677.6,677.6,677.26,677.26,119247,191458.05
1771341180,676.82,677.1600000000001,676.82,677.1600000000001,91478,192923.4
1771341240,677.36,677.36,677.02,677.02,34624,185580.25
1771341240.001,676.91,677.1600000000001,676.82,677.1600000000001,395207,184508.9
1771341360,678.29,678.36,678.02,678.36,517541,194577.25
1771341480,679.32,679.44,679.1,679.44,341748,206728.15
1771341540,679.75,679.75,679.41,679.41,296058,206907.35
1771341600,678.99,679.1800000000001,678.84,678.84,178961,199117
1771341660,678.46,678.8000000000001,678.46,678.8000000000001,125220,191824.75
1771341720,679.04,679.04,678.6999999999999,678.6999999999999,44549,187049.3
1771341720.001,678.09,678.4300000000001,678.09,678.4300000000001,127703,191441.4
1771341780,678.47,678.47,678.13,678.13,41577,182414.2
1771341780.001,677.75,678.0400000000001,677.7,678.0400000000001,121325,177070.6
1771341840,678.23,678.23,677.89,677.89,200976,173856.6
1771341900,677.11,677.3900000000001,677.0500000000001,677.3900000000001,234676,176370.4
1771341960,677.57,677.79,677.4499999999999,677.4499999999999,164220,177374.8
1771342020,677.16,677.48,677.14,677.14,103966,174883.4
1771342080,677.0500000000001,677.2,676.86,676.86,174494,181633.4
1771342140,676.82,677.1600000000001,676.82,677.1600000000001,75773,179368.8
1771342140.001,677.5600000000001,677.66,677.3199999999999,677.3199999999999,246875,181810.9
1771342200,676.79,677.09,676.75,676.75,153825,183539.8
1771342260,676.58,676.9200000000001,676.58,676.9200000000001,109173,184424.55
1771342320,676.95,676.95,676.61,676.61,38455,184616.1
1771342320.001,676.46,676.6800000000001,676.34,676.34,295139,179612.7
1771342380,675.82,676.1600000000001,675.82,676.1600000000001,85561,158013.7
1771342380.001,676.24,676.27,675.93,675.93,121633,147007.95
1771342440,675.9,676.24,675.9,676.24,267537,145581.9
1771342500,676.94,676.94,676.6,676.6,75664,140417.05
1771342500.001,676.4300000000001,676.71,676.37,676.71,113971,139854.6
1771342560,676.76,676.98,676.64,676.64,183654,146809.85
1771342620,676.1800000000001,676.42,676.0799999999999,676.0799999999999,158984,148373.9
1771342680,675.88,676.22,675.88,676.22,101572,151373.65
1771342740,676.24,676.24,675.9,675.9,32380,146926.4
1771342740.001,675.8100000000001,676.12,675.78,676.12,257320,149743.6
1771342800,676.76,676.76,676.42,676.42,225352,149277.4
1771342860,675.87,676.12,675.78,676.12,217010,151916.9
1771342920,676.22,676.36,676.02,676.02,183606,155898.9
1771342980,675.97,676.3100000000001,675.97,676.3100000000001,153344,154841.4
1771343040,676.71,676.86,676.52,676.86,207042,161404.85
1771343100,677.15,677.15,676.81,676.81,135960,155859.1
1771343160,676.71,677.0500000000001,676.71,677.0500000000001,39622,150148.95
1771343160.001,677.15,677.2800000000001,676.94,677.2800000000001,211688,155274.7
1771343220,678.02,678.21,677.87,677.87,243832,165543.55
1771343280,677.51,677.74,677.4,677.74,141710,157872.1
1771343340,677.83,677.83,677.49,677.49,177386,162463.35
1771343400,677,677.34,677,677.34,50289,158896.15
1771343400.001,677.35,677.51,677.17,677.51,173901,154214.35
1771343460,678.26,678.26,677.92,677.92,202663,160564.3
1771343520,677.4,677.74,677.4,677.74,48231,157277.3
1771343520.001,677.79,677.9100000000001,677.57,677.9100000000001,80256,152107.4
1771343580,677.99,678.0300000000001,677.69,678.0300000000001,380417,163179.05
1771343700,678.52,678.52,678.18,678.18,214973,168849.1
1771343760,677.63,677.97,677.63,677.97,58413,170150.75
1771343760.001,677.99,678.33,677.99,677.99,107000,162634.75
1771343820,677.67,678.01,677.67,678.01,128816,157807.95
1771343880,678.58,678.58,678.24,678.24,100519,151983.4
1771343940,678.23,678.57,678.23,678.57,34735,144539.85
1771343940.001,678.64,678.7900000000001,678.45,678.7900000000001,166147,145180
1771344000,678.82,679,678.66,679,247138,147184.8
1771344060,679.6800000000001,679.87,679.53,679.87,454967,163135.15
1771344180,679.99,679.99,679.65,679.65,58755,164091.8
1771344180.001,679.36,679.6800000000001,679.34,679.6800000000001,193599,163187.35
1771344240,679.71,679.7700000000001,679.4300000000001,679.7700000000001,236170,162804.25
1771344300,680.44,680.45,680.11,680.11,210217,166229.6
1771344360,680.1,680.44,680.1,680.44,218717,168296.15
1771344420,680.75,680.75,680.41,680.41,163360,173949.7
1771344480,680.35,680.69,680.35,680.69,53365,167922.9
1771344480.001,680.95,680.99,680.65,680.99,301356,172857.55
1771344540,681.17,681.38,681.04,681.38,350972,187994.6
1771344600,681.45,681.6500000000001,681.3100000000001,681.6500000000001,339903,200976.95
1771344660,681.86,681.9200000000001,681.58,681.9200000000001,446472,204279.7
1771344720,682.08,682.08,681.74,681.74,365905,211826.3
1771344780,681.72,682.0600000000001,681.72,682.0600000000001,122455,215028.4
1771344780.001,682.58,682.58,682.24,682.24,461527,232754.75
1771344840,682.0600000000001,682.3900000000001,682.0500000000001,682.3900000000001,318850,242256.45
1771344900,682.48,682.48,682.14,682.14,283544,251407.7
1771344960,681.99,682.3000000000001,681.96,682.3000000000001,445270,271934.45
1771345080,682.54,682.76,682.42,682.76,306021,278928.15
1771345140,682.9,682.9,682.56,682.56,280104,280576.45
1771345200,682.41,682.75,682.41,682.75,198820,267769.1
1771345260,682.89,682.89,682.55,682.55,169334,273298.05
1771345320,682.21,682.5500000000001,682.21,682.5500000000001,62487,266742.45
1771345320.001,682.95,683.24,682.9,682.9,238605,266864.2
1771345380,682.84,683.13,682.79,683.13,236533,268180
1771345440,683.15,683.15,682.81,682.81,154853,264986.8
1771345500,682.8000000000001,683.12,682.78,682.78,307137,272175.65
1771345560,682.75,683,682.66,682.66,210519,280033.35
1771345620,682.48,682.6800000000001,682.34,682.34,264156,278173.35
1771345680,682.16,682.5,682.16,682.5,192960,270272.75
1771345740,682.5600000000001,682.5600000000001,682.22,682.22,60232,256289.2
1771345740.001,681.52,681.67,681.3299999999999,681.3299999999999,294014,248666.3
1771345800,680.82,681.1500000000001,680.8100000000001,681.1500000000001,279944,244368.25
1771345860,681.3100000000001,681.48,681.14,681.48,222490,249370
1771345920,681.5500000000001,681.6800000000001,681.34,681.34,138398,233213.55
1771345980,681.14,681.48,681.14,681.48,147366,224639.35
1771346040,681.9,681.9,681.56,681.56,98929,215408.6
1771346100,681.52,681.86,681.52,681.86,29719,194631.05
1771346100.001,682.04,682.3000000000001,681.96,682.3000000000001,194595,189059.75
1771346160,682.69,682.71,682.37,682.37,164584,183283.75
1771346220,682.33,682.54,682.1999999999999,682.1999999999999,106875,178686.5
1771346280,682.11,682.45,682.11,682.45,35167,171978.15
1771346280.001,682.84,682.84,682.5,682.5,132029,175455.25
1771346340,682.4,682.49,682.15,682.15,150421,171046.05
1771346400,682,682.34,682,682.34,149444,166691.6
1771346460,682.39,682.5200000000001,682.1800000000001,682.5200000000001,187076,168302.75
1771346580,682.57,682.57,682.23,682.23,23423,154117.05
1771346580.001,681.94,682.14,681.8,681.8,115529,149367.55
1771346640,681.75,682.02,681.68,681.68,145451,143432.3
1771346700,681.63,681.87,681.53,681.87,277525,147660.55
1771346820,682.19,682.19,681.85,681.85,82936,148795.75
1771346880,681.8000000000001,682.1400000000001,681.8000000000001,682.1400000000001,72189,137704.5
1771346940,682.1800000000001,682.1800000000001,681.84,681.84,28458,125130.2
1771346940.001,681.52,681.86,681.52,681.86,105780,119294.7
1771347000,682.19,682.19,681.85,681.85,101735,117461.55
1771347060,681.67,682.01,681.67,682.01,37980,111992.25
1771347060.001,682.08,682.24,681.9,682.24,114474,112769.5
1771347120,682.34,682.34,682,682,68388,114702.95
1771347180,681.88,682.07,681.73,682.07,63068,108126.6
1771347240,682.45,682.7,682.36,682.7,119354,105865.1
1771347300,683.03,683.03,682.6899999999999,682.6899999999999,375964,119319.55
1771347420,681.95,682.2900000000001,681.95,682.2900000000001,65406,120831.5
1771347420.001,682.51,682.58,682.24,682.58,50528,116756.45
1771347480,682.71,682.71,682.37,682.37,218433,120157.05
1771347600,681.89,682.0500000000001,681.71,681.71,113136,118341.65
1771347660,681.53,681.87,681.53,681.87,115241,114749.9
1771347720,682.22,682.22,681.88,681.88,78456,117501.55
1771347780,681.67,682.01,681.67,682.01,57993,114624.75
1771347840,682.1,682.21,681.87,681.87,77679,111236.15
1771347900,681.83,682.12,681.78,682.12,161641,105441.95
1771348020,682.39,682.39,682.05,682.05,48445,103717.4
1771348080,682.03,682.26,681.92,681.92,101625,105189.2
1771348140,681.67,681.91,681.5699999999999,681.5699999999999,109868,109259.7
1771348200,681.38,681.59,681.25,681.25,248601,116400.75
1771348320,680.86,681.2,680.86,681.2,122940,117461
1771348380,681.42,681.45,681.11,681.11,98865,120505.25
1771348440,681.03,681.37,681.03,681.37,65243,118043.7
1771348500,681.6,681.6,681.26,681.26,20978,115673.2
1771348500.001,681.09,681.4300000000001,681.09,681.4300000000001,54058,115222.7
1771348560,681.52,681.52,681.18,681.18,16540,110082
1771348560.001,681.0500000000001,681.33,680.99,681.33,72275,94897.55
1771348620,681.36,681.4200000000001,681.08,681.4200000000001,71850,95219.75
1771348680,681.57,681.61,681.27,681.27,215926,103489.65
1771348800,681.14,681.48,681.14,681.48,20895,93612.75
1771348800.001,681.52,681.52,681.18,681.18,74179,91664.9
1771348860,681.08,681.33,680.99,680.99,137026,92754.15
1771348920,680.4300000000001,680.7700000000001,680.4300000000001,680.7700000000001,132407,95451.7
1771348980,680.8100000000001,680.87,680.53,680.87,150760,100090.05
1771349040,681.1800000000001,681.32,680.98,681.32,150367,103724.45
1771349100,681.4300000000001,681.5,681.16,681.5,85085,99896.65
1771349160,681.66,681.66,681.3199999999999,681.3199999999999,90817,102015.25
1771349220,681.0500000000001,681.3900000000001,681.0500000000001,681.3900000000001,37680,98818
1771349280,681.41,681.5500000000001,681.21,681.5500000000001,25545,94601.85
1771349280.001,681.61,681.82,681.48,681.82,108874,87615.5
1771349340,682.21,682.32,681.98,681.98,152685,89102.75
1771349400,681.64,681.98,681.64,681.98,73407,87829.85
1771349460,682.04,682.04,681.6999999999999,681.6999999999999,183322,93733.8
1771349520,681.01,681.33,680.99,681.33,111134,98241.6
1771349580,681.47,681.59,681.25,681.59,82777,99677.55
1771349640,681.86,681.98,681.64,681.98,53900,101545.55
1771349700,681.99,681.99,681.65,681.65,30449,99454.25
1771349760,681.64,681.98,681.64,681.98,9709,96347.2
1771349760.001,682.07,682.09,681.75,681.75,67480,88924.9
1771349880,681.62,681.72,681.38,681.38,125672,94163.75
1771350000,681.0600000000001,681.3100000000001,680.97,680.97,76839,94296.75
1771350060,680.88,681.16,680.8199999999999,680.8199999999999,56503,90270.6
1771350120,680.8100000000001,680.91,680.5699999999999,680.5699999999999,118425,89571.5
1771350180,680.33,680.64,680.3,680.3,154803,89773.65
1771350240,680.01,680.0600000000001,679.72,679.72,177649,91137.75
1771350300,679.5500000000001,679.8900000000001,679.5500000000001,679.8900000000001,248898,99328.4
1771350360,680.3100000000001,680.32,679.98,679.98,144207,101997.9
1771350420,679.94,680.2800000000001,679.94,680.2800000000001,131179,106672.85
1771350480,680.65,680.65,680.31,680.31,146472,112719.2
1771350540,680.1,680.44,680.1,680.44,156890,115120
1771350600,680.67,680.67,680.3299999999999,680.3299999999999,39935,109482.5
1771350600.001,680.3100000000001,680.5,680.16,680.16,65856,109104.95
1771350660,680.01,680.09,679.75,679.75,96529,104765.3
1771350720,679.4,679.49,679.15,679.49,247411,111579.15
1771350840,679.59,679.6400000000001,679.3000000000001,679.6400000000001,119893,113434.95
1771350900,679.66,679.66,679.3199999999999,679.3199999999999,108408,116160.35
1771350960,679.3000000000001,679.6400000000001,679.3000000000001,679.6400000000001,39241,116599.95
1771350960.001,679.94,679.98,679.64,679.98,150271,123628.05
1771351020,680.6,680.76,680.42,680.42,142818,127394.95
1771351080,680.37,680.71,680.37,680.71,97495,125986.1
1771351140,681.17,681.1800000000001,680.84,680.84,119349,128111.6
1771351200,680.48,680.79,680.4499999999999,680.4499999999999,118307,131201.8
1771351320,680.4300000000001,680.6700000000001,680.33,680.6700000000001,104773,130519.2
1771351380,681,681.17,680.8299999999999,680.8299999999999,74952,126526.65
1771351440,680.62,680.89,680.55,680.55,61882,120738.3
1771351500,680.27,680.61,680.27,680.61,90563,112821.55
1771351620,680.7,680.7,680.36,680.36,88021,110012.25
1771351680,680.16,680.44,680.1,680.44,63441,106625.35
1771351740,680.52,680.52,680.18,680.18,74086,103006.05
1771351800,679.88,680.1700000000001,679.83,680.1700000000001,64602,98391.65
1771351860,680.3100000000001,680.4,680.06,680.06,61597,99474.75
1771351920,680.01,680.35,680.01,680.35,84317,100397.8
1771351980,680.84,680.84,680.5,680.5,72866,99214.65
1771352040,680.28,680.4,680.06,680.06,128837,93285.95
1771352220,679.9,680.24,679.9,680.24,10878,87835.2
1771352220.001,680.3000000000001,680.44,680.1,680.44,74621,86145.85
1771352280,680.65,680.65,680.31,680.31,65375,87452.55
1771352340,680.11,680.45,680.11,680.45,95009,84689.45
1771352400,680.89,681.13,680.79,681.13,76029,81350
1771352460,681.39,681.69,681.35,681.69,252430,89096.75
1771352520,682.47,682.54,682.1999999999999,682.1999999999999,225318,94395.2
1771352580,682.08,682.2,681.86,681.86,142687,95614.2
1771352640,681.73,682.07,681.73,682.07,118582,96304.65
1771352700,682.08,682.08,681.74,681.74,43657,94739.9
1771352700.001,681.62,681.96,681.62,681.96,93036,96297.6
1771352760,682.04,682.04,681.6999999999999,681.6999999999999,24690,93003.95
1771352760.001,681.47,681.8000000000001,681.46,681.8000000000001,100022,93604
1771352820,682.25,682.33,681.99,682.33,93808,95122.35
1771352880,682.34,682.6,682.26,682.6,169592,99897.65
1771353000,682.67,682.67,682.3299999999999,682.3299999999999,29183,98126.7
1771353000.001,682.03,682.37,682.03,682.37,115358,100814.75
1771353060,682.67,682.75,682.41,682.75,208715,107034.65
1771353180,682.86,682.98,682.64,682.64,119251,109353.9
1771353240,682.59,682.71,682.37,682.37,121008,108962.45
1771353300,682.29,682.63,682.29,682.63,83897,112613.4
1771353360,682.99,683.1,682.76,682.76,187350,118249.85
1771353480,682.75,683.09,682.75,683.09,30083,116485.25
1771353480.001,683.19,683.2900000000001,682.95,683.2900000000001,175671,120518.35
1771353540,683.38,683.63,683.29,683.63,275651,130499.45
1771353600,684.08,684.08,683.74,683.74,218026,128779.25
1771353660,683.66,683.7800000000001,683.44,683.7800000000001,225650,128795.85
1771353780,683.84,683.89,683.55,683.55,111190,127221
1771353840,683.51,683.84,683.5,683.84,192951,130939.45
1771353960,683.9,683.9300000000001,683.59,683.59,179548,137734
1771354080,683.44,683.7800000000001,683.44,683.7800000000001,106435,138403.95
1771354140,683.87,683.96,683.62,683.96,97250,142031.95
1771354200,684.03,684.2,683.86,684.2,245699,149315.8
1771354320,684.29,684.29,683.9499999999999,683.9499999999999,141858,151718.3
1771354380,683.77,684.11,683.77,684.11,152882,150882.8
1771354440,684.4,684.5600000000001,684.22,684.5600000000001,154991,157173.2
1771354500,684.61,684.72,684.38,684.38,291183,165964.45
1771354620,684.26,684.49,684.15,684.15,110001,161028.75
1771354680,684.07,684.28,683.9399999999999,683.9399999999999,122246,161178.5
1771354740,683.86,684.2,683.86,683.86,216147,165935.45
1771354860,683.82,684.1600000000001,683.82,684.1600000000001,82910,165886.1
1771354920,684.1800000000001,684.34,684,684.34,242600,168648.6
1771355040,684.4300000000001,684.51,684.17,684.17,233686,178828.75
1771355160,683.84,684.1800000000001,683.84,684.1800000000001,77324,173911.4
1771355220,684.21,684.26,683.92,683.92,153692,167813.45
1771355340,683.8000000000001,684.02,683.68,683.68,111998,162512.05
1771355400,683.58,683.9200000000001,683.58,683.9200000000001,46387,153548.9
1771355460,683.9300000000001,684.1,683.76,683.76,125359,154257.35
1771355520,683.67,684.01,683.67,684.01,59186,147569.1
1771355580,684.02,684.21,683.87,684.21,66595,141921.45
1771355640,684.22,684.22,683.88,683.88,158379,144518.65
1771355760,683.8000000000001,684.13,683.79,684.13,88926,144102.45
1771355820,684.19,684.24,683.9,683.9,116528,137643.9
1771355940,683.8100000000001,684.1500000000001,683.8100000000001,684.1500000000001,214321,141267.05
1771356060,684.29,684.34,684,684.34,127167,139981.3
1771356180,684.57,684.62,684.28,684.28,214412,142952.35
1771356300,684.23,684.47,684.13,684.13,277256,142256
1771356480,683.85,684.1800000000001,683.84,683.84,177207,145616.3
1771356600,683.8000000000001,684.1400000000001,683.8000000000001,684.1400000000001,111069,145057.45
1771356660,684.4,684.5500000000001,684.21,684.5500000000001,182873,143393.75
1771356840,684.62,684.8000000000001,684.46,684.8000000000001,158474,147171.95
1771356960,684.87,684.87,684.53,684.53,150605,142572.2
1771357080,684.25,684.59,684.25,684.59,166341,139204.95
1771357200,684.8100000000001,684.94,684.6,684.6,273054,148991.45
1771357380,684.5500000000001,684.83,684.49,684.49,195124,151063.05
1771357500,684.46,684.73,684.39,684.39,121247,151525.5
1771357620,684.3000000000001,684.6400000000001,684.3000000000001,684.6400000000001,50092,151710.75
1771357680,684.66,684.66,684.3199999999999,684.3199999999999,127961,151840.85
1771357800,684.17,684.34,684,684,145396,156151.35
1771357860,683.97,684.07,683.73,683.73,145215,160082.35
1771357920,683.58,683.9200000000001,683.58,683.9200000000001,107035,157515.15
1771357980,684.03,684.08,683.74,684.08,116017,158869.7
1771358040,684.19,684.19,683.85,683.85,63684,156227.5
1771358100,683.8100000000001,684.0300000000001,683.69,684.0300000000001,155441,153283.5
1771358220,684.0500000000001,684.0500000000001,683.71,683.71,149532,154401.75
1771358280,683.41,683.75,683.41,683.75,283446,157853.45
1771358400,684.04,684.1,683.76,683.76,169097,152445.5
1771358520,683.74,683.83,683.49,683.49,127986,149984.45
1771358580,683.44,683.7800000000001,683.44,683.7800000000001,146272,151744.6
1771358700,683.86,683.86,683.52,683.52,264745,155838.2
1771358880,683.33,683.51,683.17,683.17,482719,172050.45
1771359120,683.16,683.5,683.16,683.5,266314,177835.9
1771359180,683.5600000000001,683.57,683.23,683.57,337007,186369.2
1771359360,683.65,683.74,683.4,683.4,191104,182271.7
1771359480,683.33,683.4300000000001,683.09,683.09,111563,178093.65
1771359540,683.08,683.37,683.03,683.03,188818,181472.2
1771359660,682.9300000000001,683.2700000000001,682.9300000000001,683.2700000000001,188232,188379.2
1771359720,683.3000000000001,683.3000000000001,682.96,682.96,53588,184660.55
1771359720.001,682.87,683.2,682.86,682.86,305394,192660.45
1771359840,682.71,683.0500000000001,682.71,683.0500000000001,136570,192228.2
1771359900,683.1,683.1,682.76,682.76,224226,198087.75
1771360020,682.73,683.01,682.67,683.01,266391,205606.45
1771360140,683.14,683.14,682.8,682.8,270571,215950.8
1771360200,682.62,682.74,682.4,682.4,257422,221049.85
1771360260,682.13,682.47,682.13,682.47,159451,221545.8
1771360320,682.64,682.64,682.3,682.3,256499,220198.45
1771360380,682.14,682.4200000000001,682.08,682.4200000000001,210542,222270.7
1771360440,682.44,682.5500000000001,682.21,682.21,520020,241872.4
1771360620,682.02,682.35,682.01,682.35,448674,256992.5
1771360800,682.48,682.61,682.27,682.61,207760,254143.25
1771360860,682.7,682.99,682.65,682.99,513941,255704.35
1771360980,683.0500000000001,683.2700000000001,682.9300000000001,683.2700000000001,205513,252664.3
1771361040,683.29,683.29,682.9499999999999,682.9499999999999,171730,244400.45
1771361100,682.77,683.03,682.6899999999999,682.6899999999999,475782,258634.35
1771361220,682.5500000000001,682.8900000000001,682.5500000000001,682.8900000000001,534555,279783.95
1771361400,683.2,683.2,682.86,682.86,79658,274325.95
1771361400.001,682.52,682.63,682.29,682.29,236593,276744
1771361460,682.27,682.6,682.26,682.6,371301,292629.65
1771361580,682.73,682.73,682.39,682.39,55765,280148.2
1771361580.001,682.34,682.45,682.11,682.45,331422,289890.8
1771361640,682.61,682.61,682.27,682.27,327089,295033.95
1771361700,682.15,682.39,682.05,682.05,381992,300814
1771361760,681.97,682.3100000000001,681.97,682.3100000000001,335913,304081.1
1771361820,682.48,682.48,682.14,682.14,1632499,372834.95
1771361940,681.9300000000001,682.2700000000001,681.9300000000001,682.2700000000001,514031,390563.95
1771361940.001,682.9300000000001,683.12,682.78,683.12,720798,413778.9
1771425000,684.01,684.32,683.98,683.98,413533,423928.45
1771425000.001,682.83,683.1700000000001,682.83,683.1700000000001,445929,420223.9
1771425060,684.21,684.21,683.87,683.87,309847,413282.55
1771425120,683.34,683.6800000000001,683.34,683.6800000000001,338092,419799.15
1771425180,684.38,684.38,684.04,684.04,87127,398458.45
1771425180.001,683.9,684.12,683.78,683.78,192023,397783.95
1771425240,683.44,683.57,683.23,683.57,271368,402765.85
1771425300,684.19,684.19,683.85,683.85,69120,382432.75
1771425300.001,683.67,683.87,683.53,683.53,183132,364861.6
1771425360,683.48,683.82,683.48,683.82,162049,368981.15
1771425420,683.96,683.96,683.62,683.62,50503,359676.65
1771425420.001,683.25,683.59,683.25,683.59,301415,356182.35
1771425480,684.65,684.65,684.31,684.31,247269,365757.55
1771425540,683.9,684.24,683.9,684.24,125432,355458.05
1771425600,684.25,684.2800000000001,683.94,684.2800000000001,141778,346192.5
1771425600.001,684.48,684.6700000000001,684.33,684.6700000000001,277173,340951.55
1771425660,685.08,685.08,684.74,684.74,206149,334463.35
1771425720,684.58,684.9200000000001,684.58,684.9200000000001,68694,256273.1
1771425720.001,684.98,685.12,684.78,685.12,368436,248993.35
1771425780,685.36,685.46,685.12,685.12,375873,231747.1
1771425840,684.77,685.01,684.67,684.67,240167,223078.8
1771425900,684.47,684.8100000000001,684.47,684.8100000000001,74090,204486.85
1771425900.001,685.26,685.28,684.9399999999999,684.9399999999999,256370,201813
1771425960,684.53,684.71,684.37,684.37,196912,194754
1771426020,684.27,684.61,684.27,684.61,162607,198528
1771426080,684.66,684.66,684.3199999999999,684.3199999999999,58612,191857.45
1771426080.001,683.66,684,683.66,684,58612,181219.65
1771426080.002,684.02,684.15,683.81,683.81,111662,183346.75
1771426140,683.5600000000001,683.9000000000001,683.5600000000001,683.9000000000001,117046,180042.45
1771426200,684.13,684.13,683.79,683.79,39913,173935.65
1771426200.001,683.64,683.9300000000001,683.59,683.9300000000001,163692,179595.1
1771426260,684.07,684.07,683.73,683.73,162495,172649.1
1771426320,683.65,683.99,683.65,683.99,60618,163316.55
1771426320.001,684.72,684.78,684.4399999999999,684.4399999999999,142150,164152.45
1771426380,684.28,684.62,684.28,684.62,200097,167068.4
1771426440,685.5,685.5,685.16,685.5,321960,169307.75
1771426500,685.69,685.8000000000001,685.46,685.8000000000001,229924,170496.5
1771426560,685.89,685.89,685.55,685.55,147630,174443.3
1771426620,685.48,685.82,685.48,685.82,50179,158530.45
1771426620.001,685.97,686.2700000000001,685.9300000000001,686.2700000000001,247964,152135
1771426680,686.37,686.38,686.04,686.04,218188,151036.05
1771426740,685.96,686.3000000000001,685.96,686.3000000000001,252034,159933.25
1771426800,686.6,686.76,686.42,686.76,228980,158563.75
1771426860,686.86,687.0400000000001,686.7,687.0400000000001,1078770,202656.65
1771427040,687.61,687.84,687.5,687.84,426267,215839.65
1771427100,687.98,688.13,687.79,687.79,537220,239770.05
1771427160,687.65,687.88,687.54,687.54,610591,267369
1771427220,687.4300000000001,687.6,687.26,687.26,534288,288500.3
1771427340,687.19,687.5300000000001,687.19,687.5300000000001,314440,298370
1771427400,687.57,687.57,687.23,687.23,259547,309351.7
1771427460,686.99,687.33,686.99,687.33,191486,310741.4
1771427520,687.4300000000001,687.69,687.35,687.69,185580,311895.65
1771427580,687.8100000000001,687.94,687.6,687.94,406784,329203.95
1771427700,688.04,688.21,687.87,688.21,209635,332578.2
1771427760,688.39,688.47,688.13,688.13,492866,347216.65
1771427880,687.95,688.11,687.77,687.77,280424,345139.85
1771427940,687.5,687.84,687.5,687.84,77658,337526.55
1771427940.001,687.91,688.16,687.8199999999999,687.8199999999999,699257,365107.9
1771428240,687.61,687.82,687.48,687.82,160751,370636.5
1771428300,687.84,687.98,687.64,687.98,176842,367080.4
1771428360,688.07,688.07,687.73,687.73,468594,379600.7
1771428600,687.58,687.78,687.4399999999999,687.4399999999999,437099,388853.95
1771428840,687.32,687.63,687.29,687.63,223509,388580.4
1771428900,687.75,687.84,687.5,687.84,256150,347449.4
1771429020,688.02,688.09,687.75,688.09,184621,335367.1
1771429140,688.14,688.3000000000001,687.96,688.3000000000001,137920,315402.1
1771429200,688.41,688.52,688.18,688.18,375746,303659.85
1771429320,688.16,688.38,688.04,688.38,390043,296447.6
1771429560,688.4300000000001,688.47,688.13,688.47,138763,287663.75
1771429680,688.64,688.64,688.3,688.3,158375,282605.15
1771429800,688.15,688.34,688,688.34,213666,283714.15
1771429980,688.53,688.53,688.1899999999999,688.1899999999999,55280,277199.15
1771430040,688.13,688.47,688.13,688.47,90575,261388.7
1771430100,688.72,688.73,688.39,688.39,326742,267244.05
1771430340,688.38,688.59,688.25,688.25,426152,263908.35
1771430640,688.24,688.58,688.24,688.58,151676,257470.95
1771430700,688.87,688.96,688.62,688.62,290598,268117.95
1771430880,688.59,688.66,688.3199999999999,688.3199999999999,97630,238036.6
1771430940,688.3000000000001,688.63,688.29,688.63,577570,258877.55
1771431300,688.64,688.67,688.3299999999999,688.3299999999999,261070,263088.95
1771431480,688.21,688.37,688.03,688.03,219391,250628.8
1771431660,688.02,688.36,688.02,688.36,170300,237288.85
1771431780,688.39,688.4300000000001,688.09,688.09,212052,236716
1771431960,688.08,688.38,688.04,688.38,251620,236489.5
1771432200,688.42,688.6500000000001,688.3100000000001,688.6500000000001,100359,232276.4
1771432260,688.6800000000001,688.76,688.42,688.42,186610,234710.9
1771432440,688.39,688.61,688.27,688.61,339090,232878.1
1771432860,688.65,688.65,688.31,688.31,163525,221552.2
1771433040,688.29,688.5,688.16,688.16,305756,229901.85
1771433340,688.0600000000001,688.23,687.89,687.89,387235,241344.85
1771433580,687.7,687.94,687.6,687.94,238645,242593.8
1771433700,687.95,687.95,687.61,687.61,123885,246024.05
1771433820,687.57,687.76,687.42,687.42,289210,255955.8
1771434000,687.38,687.72,687.38,687.72,98594,244548.4
1771434060,687.75,687.9300000000001,687.59,687.9300000000001,112186,228850.1
1771434120,687.97,688.0500000000001,687.71,688.0500000000001,180924,230312.5
1771434240,688.17,688.45,688.11,688.45,149171,223241.15
1771434300,688.53,688.7,688.36,688.7,148509,225785.1
1771434360,688.79,688.89,688.55,688.55,222424,208027.8
1771434480,688.47,688.63,688.29,688.29,662557,228102.15
1771434720,688.07,688.32,687.98,688.32,154774,224871.3
1771434840,688.34,688.4300000000001,688.09,688.4300000000001,190443,225878.45
1771435020,688.48,688.6500000000001,688.3100000000001,688.6500000000001,309676,230759.65
1771435200,688.66,688.66,688.3199999999999,688.3199999999999,237529,230055.1
1771435500,688.27,688.42,688.0799999999999,688.0799999999999,452642,247669.25
1771435980,688.02,688.23,687.89,688.23,193533,248015.4
1771436220,688.27,688.3000000000001,687.96,687.96,224496,242285.7
1771436520,687.89,688.23,687.89,688.23,229828,245600.85
1771436760,688.3100000000001,688.49,688.15,688.49,386692,249647.65
1771437180,688.67,688.8000000000001,688.46,688.46,365186,248545.2
1771437540,688.36,688.7,688.36,688.7,52932,239259.55
1771437600,688.83,689.09,688.75,689.09,157456,240938.1
1771437720,689.15,689.15,688.81,688.81,149290,233942.1
1771437840,688.7,688.8100000000001,688.47,688.47,257556,241890.2
1771438140,688.44,688.72,688.38,688.72,416349,257098.35
1771438680,688.77,688.77,688.43,688.43,106105,253357.4
1771438800,688.41,688.49,688.15,688.15,282653,260031.5
1771439040,688.07,688.23,687.89,687.89,189207,262066.4
1771439160,687.88,687.96,687.62,687.62,197663,260828.35
1771439220,687.5500000000001,687.82,687.48,687.82,492637,252332.35
1771439400,687.95,687.95,687.61,687.61,129834,251085.35
1771439460,687.53,687.7800000000001,687.44,687.7800000000001,308083,256967.35
1771439640,687.8100000000001,688.02,687.68,687.68,392831,261125.1
1771439940,687.63,687.7,687.36,687.36,400066,269251.95
1771440120,686.82,686.98,686.64,686.64,269020,260070.85
1771440180,686.63,686.97,686.63,686.97,226793,261733.85
1771440240,687.1800000000001,687.2900000000001,686.95,687.2900000000001,164185,258718.3
1771440300,687.3100000000001,687.45,687.11,687.11,112816,252867.7
1771440360,687.1,687.44,687.1,687.44,182949,242680.55
1771440480,687.5600000000001,687.5600000000001,687.22,687.22,110434,229942.95
1771440540,687.07,687.2,686.86,686.86,160097,235301.2
1771440660,686.66,686.71,686.37,686.37,119959,233426.35
1771440720,686.26,686.38,686.04,686.38,268072,239365.45
1771440780,686.51,686.7900000000001,686.45,686.7900000000001,252175,239096.4
1771440840,687.02,687.08,686.74,686.74,527263,244642.1
1771441080,686.6800000000001,687.0200000000001,686.6800000000001,687.0200000000001,145931,246633.4
1771441140,687.12,687.12,686.78,686.78,143903,239695.9
1771441200,686.5500000000001,686.8900000000001,686.5500000000001,686.8900000000001,57240,233097.55
1771441200.001,687.14,687.2900000000001,686.95,687.2900000000001,172255,231827.15
1771441260,687.37,687.37,687.03,687.03,132271,213808.85
1771441320,686.92,687.23,686.89,687.23,210434,217838.85
1771441440,687.38,687.39,687.05,687.05,111865,208027.95
1771441500,687.03,687.17,686.8299999999999,686.8299999999999,131078,194940.3
1771441620,686.82,687,686.66,687,360910,192982.5
1771441860,687.08,687.08,686.74,686.74,169228,187992.9
1771441920,686.65,686.6800000000001,686.34,686.34,489194,201112.95
1771442100,686.3100000000001,686.53,686.1899999999999,686.1899999999999,444234,215115.4
1771442280,686.13,686.42,686.0799999999999,686.0799999999999,188899,218919.55
1771442340,686.07,686.4100000000001,686.07,686.4100000000001,99616,214752.9
1771442400,686.47,686.5400000000001,686.2,686.5400000000001,267278,222595.1
1771442520,686.87,686.89,686.55,686.55,589740,244077.25
1771442820,686.23,686.57,686.23,686.57,110644,243611.5
1771442880,686.61,686.63,686.29,686.29,241112,242263.5
1771443000,686.08,686.29,685.9499999999999,685.9499999999999,214028,240356.15
1771443060,685.71,686.0500000000001,685.71,686.0500000000001,205878,224286.9
1771443120,686.17,686.17,685.8299999999999,685.8299999999999,342834,234132.05
1771443240,685.72,685.9300000000001,685.59,685.59,522715,253072.65
1771443360,685.09,685.4300000000001,685.09,685.4300000000001,187215,259571.4
1771443420,685.6,685.6,685.26,685.26,48040,253360.65
1771443420.001,685.1,685.22,684.88,684.88,299685,261731.35
1771443540,684.85,685.19,684.85,685.19,49147,253667
1771443540.001,685.3000000000001,685.49,685.15,685.49,369789,266563.2
1771443660,685.69,685.69,685.35,685.35,141485,267083.55
1771443720,685.2,685.4,685.06,685.06,96540,253865.05
1771443780,685.03,685.37,685.03,685.37,245463,257676.8
1771443900,685.44,685.6500000000001,685.3100000000001,685.6500000000001,362458,251340
1771444020,685.82,685.82,685.48,685.48,120534,235155
1771444080,685.4300000000001,685.54,685.1999999999999,685.1999999999999,211683,236294.2
1771444200,685.16,685.37,685.03,685.03,197193,241173.05
1771444320,685.01,685.1,684.76,684.76,340859,244852.1
1771444500,684.59,684.9,684.56,684.56,167475,223738.85
1771444560,684.52,684.59,684.25,684.25,213540,228883.65
1771444620,684.0500000000001,684.3900000000001,684.0500000000001,684.3900000000001,261991,229927.6
1771444680,684.57,684.74,684.4,684.74,421318,240292.1
1771444800,685.07,685.12,684.78,685.12,360507,248023.55
1771444920,685.36,685.36,685.02,685.02,244806,243122.15
1771445040,684.98,685.0600000000001,684.72,684.72,234169,228694.85
1771445160,684.63,684.86,684.52,684.86,113710,225019.6
1771445220,684.92,684.92,684.5799999999999,684.5799999999999,102340,227734.6
1771445280,684.48,684.69,684.35,684.35,380680,231784.35
1771445460,684.17,684.49,684.15,684.15,128298,235741.9
1771445520,684.13,684.45,684.11,684.45,282609,231382.9
1771445640,684.57,684.57,684.23,684.23,160270,232322.15
1771445700,683.98,684.26,683.92,684.26,331097,244050
1771445820,684.39,684.6,684.26,684.6,165634,240058.55
1771445880,684.67,684.67,684.3299999999999,684.3299999999999,138104,228840.85
1771445940,684.29,684.39,684.05,684.05,202892,232958.75
1771446000,684.03,684.2800000000001,683.94,684.2800000000001,305553,237652.25
1771446180,684.34,684.4300000000001,684.09,684.09,266252,241105.2
1771446360,684.04,684.38,684.04,684.38,95910,228857.75
1771446420,684.4300000000001,684.44,684.1,684.44,450142,242991.1
1771446600,684.85,685.04,684.6999999999999,684.6999999999999,482693,256448.75
1771446780,684.66,685,684.66,685,151976,250948
1771446840,685.2,685.36,685.02,685.02,195901,239677.15
1771446900,684.99,685.3100000000001,684.97,685.3100000000001,329558,238129.7
1771447020,685.42,685.61,685.27,685.61,290060,240392.4
1771447140,685.62,685.6700000000001,685.33,685.6700000000001,632893,260328.6
1771447320,685.73,685.89,685.55,685.55,719517,290618.95
1771447500,685.47,685.8100000000001,685.47,685.8100000000001,84802,289742.05
1771447500.001,685.89,686.1700000000001,685.83,686.1700000000001,383673,289891.7
1771447560,686.22,686.47,686.13,686.47,633006,315127.1
1771447680,686.48,686.5200000000001,686.1800000000001,686.5200000000001,840607,343027
1771447800,686.69,686.71,686.37,686.71,1086369,389331.95
1771447980,686.99,687.1500000000001,686.8100000000001,687.1500000000001,427775,394165.85
1771448040,687.1800000000001,687.1800000000001,686.84,686.84,442396,408003.95
1771448100,686.71,687.0500000000001,686.71,686.71,1558221,479009.8
1771448280,686.61,686.75,686.41,686.41,2125880,575159.2
1771448340,685.94,686.26,685.92,685.92,772049,598484
1771511400,683.86,683.9000000000001,683.5600000000001,683.9000000000001,275224,598932.6
1771511400.001,684.3000000000001,684.3000000000001,683.96,684.3000000000001,340581,611166.15
1771511460,684.52,684.52,684.18,684.18,292846,603301.35
1771511520,683.84,684.0300000000001,683.69,684.0300000000001,315087,594921.05
1771511580,684.23,684.45,684.11,684.45,212342,597939.35
1771511640,684.46,684.46,684.12,684.12,66166,591452.6
1771511640.001,683.86,684.02,683.68,683.68,281112,589030.3
1771511700,683.07,683.14,682.8,682.8,438978,596476.2
1771511760,682.47,682.8100000000001,682.47,682.8100000000001,122443,570953.7
1771511760.001,682.91,683.1800000000001,682.84,683.1800000000001,204916,545223.65
1771511820,683.52,683.52,683.18,683.18,204292,551198.15
1771511880,683.02,683.36,683.02,683.36,194434,541736.2
1771511940,683.95,683.95,683.61,683.61,244457,522308.75
1771512000,683.11,683.45,683.11,683.45,161020,488329.4
1771512060,683.63,683.63,683.29,683.29,48050,436413.45
1771512060.001,683,683.0400000000001,682.7,683.0400000000001,344714,432260.4
1771512120,683.84,683.86,683.52,683.86,280895,424185.35
1771512180,684.14,684.1400000000001,683.8000000000001,684.1400000000001,303752,361461.9
1771512240,684.75,684.75,684.41,684.41,330906,271713.2
1771512300,683.25,683.59,683.25,683.59,290538,247637.65
1771512360,684.16,684.26,683.92,683.92,203885,244070.7
1771512420,683.86,684.13,683.79,683.79,127078,233395.55
1771512480,683.61,683.95,683.61,683.95,41072,220806.85
1771512480.001,684.57,684.57,684.23,684.23,185368,214320.9
1771512540,683.85,684.19,683.85,684.19,181707,212789.15
1771512600,684.6,684.6,684.26,684.26,196781,219319.9
1771512660,684.17,684.51,684.17,684.51,251655,217847.05
1771512720,685,685.1700000000001,684.83,685.1700000000001,213071,206551.7
1771512780,685.29,685.29,684.9499999999999,684.9499999999999,174329,209146
1771512840,684.76,685.1,684.76,685.1,227738,210287.1
1771512900,685.63,685.8000000000001,685.46,685.8000000000001,464038,223274.4
1771513020,685.82,685.82,685.48,685.48,314999,229302.65
1771513080,685.28,685.45,685.11,685.11,237752,228967.4
1771513140,684.75,685.02,684.68,684.68,283252,235079
1771513200,684.36,684.7,684.36,684.7,75348,236443.9
1771513200.001,684.72,684.99,684.65,684.99,144593,226437.85
1771513260,685.37,685.37,685.03,685.03,135701,219178.15
1771513320,684.98,685.32,684.98,685.32,43751,206178.1
1771513320.001,685.45,685.6700000000001,685.33,685.6700000000001,227455,201005.55
1771513380,686.1800000000001,686.1800000000001,685.84,685.84,246634,198810.35
1771513440,685.34,685.62,685.28,685.28,182750,197753.6
1771513500,685.04,685.2,684.86,684.86,142646,198532
1771513560,684.66,685,684.66,685,319121,212434.45
1771513620,685.1800000000001,685.1800000000001,684.84,684.84,219221,214127.1
1771513680,684.49,684.83,684.49,684.83,96742,209878.85
1771513740,684.84,684.84,684.5,684.5,27667,201423.15
1771513740.001,684.28,684.62,684.28,684.62,113908,194535.8
1771513800,684.87,684.87,684.53,684.53,109991,189381.8
1771513860,684.29,684.63,684.29,684.63,101494,185740.05
1771513920,684.77,684.77,684.43,684.43,37206,176213.45
1771513920.001,683.98,684.32,683.98,684.32,37206,154871.85
1771513920.002,684.38,684.53,684.1899999999999,684.1899999999999,167062,147475
1771514040,684.03,684.37,684.03,684.37,160901,143632.45
1771514100,684.9300000000001,685.0400000000001,684.7,685.0400000000001,135707,136255.2
1771514160,685.12,685.2700000000001,684.9300000000001,685.2700000000001,178754,141425.5
1771514220,685.28,685.3000000000001,684.96,684.96,233344,145863.05
1771514280,684.41,684.75,684.41,684.75,125714,145363.7
1771514340,684.95,685.0300000000001,684.69,685.0300000000001,81247,147238.5
1771514400,685.16,685.16,684.8199999999999,684.8199999999999,96821,140706.8
1771514460,684.19,684.5200000000001,684.1800000000001,684.5200000000001,104436,133596.9
1771514520,684.96,685.22,684.88,684.88,112755,130097.15
1771514580,684.62,684.95,684.61,684.95,272472,136588.45
1771514640,685.32,685.32,684.98,684.98,188866,130075.7
1771514700,684.82,685.04,684.6999999999999,684.6999999999999,146839,126456.6
1771514760,684.36,684.64,684.3,684.3,138829,128560.95
1771514820,684.24,684.4,684.06,684.06,167751,135565.15
1771514880,683.98,684.09,683.75,683.75,322574,145998.45
1771515000,683.71,684.0500000000001,683.71,684.0500000000001,52596,143128.7
1771515000.001,684.12,684.4300000000001,684.09,684.4300000000001,194910,147799.5
1771515060,684.95,685.0500000000001,684.71,685.0500000000001,137308,152804.6
1771515120,685.36,685.44,685.1,685.44,87917,155340.15
1771515180,685.54,685.7800000000001,685.44,685.7800000000001,173749,155674.5
1771515300,685.83,685.83,685.49,685.49,28098,149034.35
1771515300.001,685.44,685.6800000000001,685.34,685.34,95188,147008.4
1771515360,685.3000000000001,685.58,685.24,685.24,63316,141236.5
1771515420,685.22,685.5600000000001,685.22,685.5600000000001,137060,136422.3
1771515480,685.86,685.86,685.52,685.52,108431,135558.15
1771515540,685.4,685.6400000000001,685.3000000000001,685.6400000000001,171129,140052.25
1771515660,685.86,685.86,685.52,685.52,115045,140963.45
1771515780,685.44,685.72,685.38,685.38,152153,143349.3
1771515900,685.24,685.58,685.24,685.58,90086,142215.85
1771515960,685.73,685.8100000000001,685.47,685.47,73679,132276.2
1771516020,685.45,685.64,685.3,685.3,106401,128152.95
1771516140,685.16,685.5,685.16,685.5,69568,124289.4
1771516200,685.51,685.51,685.17,685.17,74476,121071.75
1771516200.001,684.59,684.78,684.4399999999999,684.4399999999999,110297,118199.05
1771516260,684.36,684.6700000000001,684.33,684.6700000000001,126779,108409.3
1771516320,684.75,684.84,684.5,684.5,98263,110692.65
1771516380,684.3100000000001,684.57,684.23,684.57,192106,110552.45
1771516500,684.85,685.13,684.79,685.13,90089,108191.5
1771516560,685.25,685.2900000000001,684.95,685.2900000000001,141193,110855.3
1771516680,685.48,685.48,685.14,685.14,82430,106289.35
1771516740,685.12,685.46,685.12,685.46,63853,108077.1
1771516800,685.47,685.58,685.24,685.58,56570,106146.2
1771516860,685.6,685.6,685.26,685.26,46999,105330.35
1771516920,685,685.07,684.73,684.73,62048,101579.75
1771516980,684.5500000000001,684.82,684.48,684.48,155078,103912.1
1771517100,684.47,684.64,684.3,684.3,80577,99384.5
1771517160,684.25,684.27,683.93,683.93,130806,100172.55
1771517220,683.9,684.24,683.9,684.24,137262,99428
1771517280,684.36,684.61,684.27,684.61,94956,99671.5
1771517340,684.78,684.9100000000001,684.57,684.9100000000001,75090,99742.05
1771517400,684.94,684.94,684.6,684.6,61626,97503.3
1771517460,684.3000000000001,684.63,684.29,684.63,54802,96765
1771517520,684.69,684.99,684.65,684.99,150198,100551.1
1771517700,685.26,685.5400000000001,685.2,685.5400000000001,216197,105846.1
1771517880,685.76,685.8000000000001,685.46,685.8000000000001,144210,106717.65
1771518000,685.83,685.83,685.49,685.49,71168,105362.9
1771518060,685.33,685.6700000000001,685.33,685.6700000000001,26344,97074.8
1771518060.001,685.75,685.76,685.42,685.42,312223,108181.5
1771518300,685.21,685.35,685.01,685.01,233065,112775.1
1771518420,684.84,684.9,684.56,684.56,123710,114839.1
1771518480,684.26,684.47,684.13,684.13,110229,117157.9
1771518540,684.11,684.45,684.11,684.45,150109,121834.85
1771518600,684.63,684.8100000000001,684.47,684.8100000000001,114211,125195.45
1771518660,684.88,685.0500000000001,684.71,685.0500000000001,80437,126114.9
1771518720,685.12,685.12,684.78,684.78,92456,122983.8
1771518780,684.47,684.8100000000001,684.47,684.8100000000001,24562,120183.05
1771518780.001,684.83,685.1700000000001,684.83,685.1700000000001,46686,115977.05
1771518840,685.27,685.27,684.93,684.93,63808,112304.35
1771518900,684.61,684.76,684.42,684.76,187790,116946.05
1771519080,684.77,684.84,684.5,684.5,145630,120473.05
1771519200,684.47,684.58,684.24,684.24,63702,120576.85
1771519260,684.21,684.44,684.1,684.1,278025,131738
1771519440,683.5600000000001,683.9000000000001,683.5600000000001,683.9000000000001,157266,132091.4
1771519500,684.03,684.03,683.6899999999999,683.6899999999999,192001,130881.6
1771519560,683.37,683.63,683.29,683.29,356775,141509.85
1771519680,683.2,683.3000000000001,682.96,682.96,311699,153536.4
1771519800,682.78,683.12,682.78,683.12,69380,155688.2
1771519860,683.14,683.1800000000001,682.84,682.84,51892,142671.65
1771519860.001,682.72,683.0600000000001,682.72,683.0600000000001,282397,145138.25
1771519980,683.54,683.6700000000001,683.33,683.6700000000001,154188,146662.15
1771520040,684.12,684.12,683.78,683.78,244895,153395.45
1771520160,683.45,683.7900000000001,683.45,683.7900000000001,64696,149124.8
1771520220,683.84,683.84,683.5,683.5,18022,144315.35
1771520220.001,683.42,683.76,683.42,683.76,89058,144746.4
1771520280,683.79,683.79,683.4499999999999,683.4499999999999,152344,147740.8
1771520400,683.36,683.61,683.27,683.27,108515,151938.45
1771520460,683.08,683.25,682.91,682.91,279449,163576.6
1771520640,682.83,683.0500000000001,682.71,682.71,256613,173216.85
1771520760,682.7,683.0400000000001,682.7,683.0400000000001,34596,165557.15
1771520760.001,683.15,683.34,683,683.34,140885,165319.9
1771520820,683.47,683.5500000000001,683.21,683.21,94430,166856.3
1771520880,683.08,683.37,683.03,683.03,61884,156049.25
1771520940,682.97,683.2800000000001,682.94,683.2800000000001,76347,152003.3
1771521000,683.3000000000001,683.6,683.26,683.6,76549,146230.7
1771521060,683.61,683.61,683.27,683.27,37193,130251.6
1771521120,683.25,683.59,683.25,683.59,106084,119970.85
1771521240,683.65,683.7,683.36,683.36,103522,121677.95
1771521300,683.25,683.59,683.25,683.59,125026,125334.65
1771521420,684.09,684.26,683.92,684.26,326031,127516.35
1771521600,684.46,684.5600000000001,684.22,684.5600000000001,180605,128837.2
1771521720,684.6,684.63,684.29,684.63,81857,120685.3
1771521780,684.67,684.78,684.4399999999999,684.4399999999999,153925,125146.75
1771521900,684.23,684.42,684.0799999999999,684.0799999999999,234231,135957.2
1771522020,683.71,684.0500000000001,683.71,684.0500000000001,155296,139269.1
1771522140,684.07,684.12,683.78,683.78,57899,134546.85
1771522200,683.76,684.07,683.73,684.07,85053,133373.75
1771522320,684.12,684.14,683.8,683.8,71892,122995.9
1771522440,683.75,684.07,683.73,684.07,88596,114595.05
1771522560,684.13,684.13,683.79,683.79,89548,117342.65
1771522620,683.45,683.7900000000001,683.45,683.7900000000001,120564,116326.6
1771522740,683.91,684.0300000000001,683.69,684.0300000000001,151772,119193.7
1771522920,684.26,684.26,683.92,683.92,38160,118007.5
1771522980,683.88,684,683.66,683.66,75706,117975.45
1771523100,683.4,683.5500000000001,683.21,683.21,119744,120135.2
1771523220,683.13,683.2,682.86,682.86,212614,128906.25
1771523280,682.39,682.73,682.39,682.73,179349,132569.5
1771523340,682.8000000000001,683.01,682.67,683.01,182886,136537.7
1771523400,683.1,683.19,682.85,683.19,134584,137015.6
1771523460,683.29,683.29,682.9499999999999,682.9499999999999,28773,122152.7
1771523460.001,682.91,683.03,682.6899999999999,682.6899999999999,119265,119085.7
1771523520,682.39,682.59,682.25,682.59,291377,129561.7
1771523640,682.71,682.9200000000001,682.58,682.9200000000001,166907,130210.8
1771523700,683.04,683.11,682.77,682.77,98370,123417.75
1771523760,682.72,682.76,682.42,682.42,80875,119696.7
1771523820,682.39,682.5600000000001,682.22,682.22,114797,122541.6
1771523880,682.13,682.47,682.13,682.47,86101,122594
1771523940,682.51,682.57,682.23,682.23,213223,129660.55
1771524120,682.07,682.4100000000001,682.07,682.4100000000001,95582,130009.85
1771524180,682.48,682.48,682.14,682.14,93800,130222.45
1771524240,682.0600000000001,682.4000000000001,682.0600000000001,682.4000000000001,271036,137746.05
1771524360,682.51,682.59,682.25,682.59,111681,135741.5
1771524420,682.69,682.71,682.37,682.71,299910,148829
1771524660,682.86,682.86,682.52,682.52,22657,146176.55
1771524660.001,682.48,682.82,682.48,682.82,160510,148214.85
1771524780,683.1800000000001,683.3000000000001,682.96,683.3000000000001,81376,141652.95
1771524840,683.42,683.42,683.0799999999999,683.0799999999999,97065,137538.75
1771524900,683,683.1800000000001,682.84,682.84,95854,133187.15
1771524960,682.6800000000001,682.73,682.39,682.39,109603,131938.1
1771525020,682.33,682.54,682.1999999999999,682.1999999999999,136307,137314.8
1771525140,682.01,682.07,681.73,681.73,188844,140793.75
1771525200,681.5500000000001,681.8900000000001,681.5500000000001,681.8900000000001,59075,129178.65
1771525200.001,681.95,682.09,681.75,682.09,154201,128543.35
1771525320,682.13,682.35,682.01,682.35,117974,129523.55
1771525380,682.45,682.51,682.17,682.51,165023,133730.95
1771525500,682.76,682.76,682.42,682.42,26528,129317.5
1771525500.001,682.26,682.35,682.01,682.35,214055,135715.2
1771525620,682.37,682.5600000000001,682.22,682.5600000000001,117222,130915.15
1771525680,682.66,682.66,682.3199999999999,682.3199999999999,116016,131936.85
1771525800,682.28,682.62,682.28,682.62,20899,128291.8
1771525800.001,682.69,682.78,682.4399999999999,682.4399999999999,234239,126451.95
1771525980,682.12,682.37,682.03,682.37,118650,126800.4
1771526100,682.44,682.44,682.1,682.1,55431,114576.45
1771526160,682.03,682.35,682.01,682.35,177231,122305.15
1771526340,682.5600000000001,682.5600000000001,682.22,682.5600000000001,195457,124052.5
1771526520,682.58,682.6600000000001,682.32,682.6600000000001,91088,124538.1
1771526580,682.8100000000001,682.85,682.51,682.85,123758,125872.75
1771526700,683.01,683.24,682.9,683.24,122518,127205.95
1771526760,683.4,683.4,683.06,683.06,77607,125606.15
1771526820,682.99,683.33,682.99,683.33,112739,124427.75
1771526880,683.45,683.45,683.11,683.11,240973,127034.2
1771527000,683.02,683.2900000000001,682.95,683.2900000000001,170298,132595.35
1771527120,683.35,683.5500000000001,683.21,683.21,208191,135294.85
1771527300,683.1,683.44,683.1,683.44,387305,148761.4
1771527540,683.88,683.88,683.54,683.54,372930,159156.75
1771527720,683.42,683.73,683.39,683.73,188768,167268.75
1771527960,683.78,684.04,683.6999999999999,683.6999999999999,326189,172875.45
1771528200,683.5,683.84,683.5,683.84,86980,171363.35
1771528260,683.85,683.85,683.51,683.51,192479,175186.5
1771528440,683.46,683.8000000000001,683.46,683.8000000000001,143479,181315.5
1771528560,683.8100000000001,684.0400000000001,683.7,684.0400000000001,219492,180578.15
1771528800,684.0600000000001,684.0600000000001,683.72,683.72,76410,178466.15
1771528860,683.69,683.99,683.65,683.99,178047,184596.95
1771528980,684.02,684.04,683.6999999999999,683.6999999999999,182521,184861.45
1771529160,683.5600000000001,683.67,683.3299999999999,683.3299999999999,343677,192272.45
1771529340,683,683.34,683,683.34,128914,194163.75
1771529400,683.41,683.5400000000001,683.2,683.5400000000001,148347,195393.2
1771529520,683.57,683.57,683.23,683.23,79622,193248.4
1771529580,683.16,683.4,683.06,683.06,207957,199765.9
1771529760,682.92,682.92,682.5799999999999,682.5799999999999,247438,206500.85
1771529880,682.45,682.59,682.25,682.25,185559,203730.15
1771529940,682.02,682.22,681.88,682.22,244994,207464.95
1771530000,682.26,682.46,682.12,682.46,261548,210132.8
1771530060,682.58,682.58,682.24,682.24,140260,197780.55
1771530120,682.16,682.45,682.11,682.45,182891,188278.6
1771530240,682.5600000000001,682.69,682.35,682.35,217157,189698.05
1771530360,682.28,682.4300000000001,682.09,682.4300000000001,164063,181591.75
1771530480,682.49,682.6600000000001,682.32,682.6600000000001,127993,183642.4
1771530600,682.73,682.9,682.56,682.56,227158,185376.35
1771530720,682.36,682.6,682.26,682.6,279677,192186.25
1771530900,682.79,682.8100000000001,682.47,682.47,193128,190868.05
1771531020,682.42,682.76,682.42,682.76,257361,199915.6
1771531200,682.9300000000001,683.12,682.78,683.12,209633,201494.9
1771531320,683.21,683.4000000000001,683.0600000000001,683.4000000000001,123972,198567.45
1771531380,683.49,683.49,683.15,683.15,238227,193294.95
1771531500,683.0600000000001,683.29,682.9499999999999,682.9499999999999,441056,208902.05
1771531860,682.86,683.2,682.86,683.2,99955,206482.45
1771531920,683.3000000000001,683.3000000000001,682.96,682.96,177105,211356.6
1771531980,682.95,683.25,682.91,682.91,272008,214559.15
1771532160,682.7,683.03,682.6899999999999,682.6899999999999,231378,213756.15
1771532280,682.65,682.99,682.65,682.99,162928,212624.6
1771532340,683.24,683.36,683.02,683.02,245154,212632.6
1771532460,682.85,683.19,682.85,683.19,128535,205981.95
1771532520,683.27,683.27,682.93,682.93,194807,208709.3
1771532640,682.9,683.13,682.79,683.13,574037,228266.6
1771533000,683.16,683.2800000000001,682.94,683.2800000000001,371208,235969.15
1771533120,683.4,683.61,683.27,683.27,465003,251016.15
1771533240,683.24,683.49,683.15,683.15,179131,253573.05
1771533360,683.08,683.37,683.03,683.03,509257,267678
1771533660,682.92,683.25,682.91,683.25,392265,273307.4
1771533840,683.41,683.58,683.24,683.58,496372,288469.6
1771533960,683.77,683.9300000000001,683.59,683.59,534707,302336.9
1771534080,683.53,683.87,683.53,683.87,263174,305013.95
1771534140,684,684,683.66,683.66,418900,319760.35
1771534260,683.59,683.88,683.54,683.88,171082,316403.1
1771534320,683.9,684.1400000000001,683.8000000000001,684.1400000000001,566824,322691.5
1771534500,684.25,684.25,683.91,683.91,361998,335793.65
1771534560,683.72,684.0600000000001,683.72,684.0600000000001,782499,366063.35
1771534680,684.19,684.51,684.17,684.51,920956,398510.75
1771534740,684.6,684.6,684.26,684.26,431124,408498.05
1771597800,682.32,682.6600000000001,682.32,682.6600000000001,170395,408871.4
1771597800.001,682.6800000000001,682.6800000000001,682.34,682.34,170395,405133.45
1771597800.002,681.73,682.07,681.73,682.07,425294,419971.4
1771597860,682.44,682.49,682.15,682.49,293242,424893.15
1771597920,683,683.1400000000001,682.8000000000001,683.1400000000001,228250,407603.8
1771597980,683.46,683.46,683.12,683.12,156279,396857.35
1771598040,682.99,683.33,682.99,683.33,51668,376190.6
1771598040.001,683.47,683.47,683.13,683.13,198510,377159.55
1771598100,682.98,683.32,682.98,683.32,73421,355367.75
1771598100.001,684.07,684.1,683.76,684.1,232073,347358.15
1771598160,684.23,684.4100000000001,684.07,684.4100000000001,293760,337227.55
1771598220,684.53,684.53,684.1899999999999,684.1899999999999,120437,316514.05
1771598220.001,683.73,683.8900000000001,683.5500000000001,683.8900000000001,281017,317406.2
1771598280,684.11,684.11,683.77,683.77,206078,306765.1
1771598340,683.3100000000001,683.6500000000001,683.3100000000001,683.6500000000001,50850,300753.5
1771598340.001,683.86,684.12,683.78,684.12,154515,280138.05
1771598400,684.34,684.34,684,684,51505,264613.4
1771598400.001,683.9,683.97,683.63,683.63,93077,230142.3
1771598460,683.5500000000001,683.8900000000001,683.5500000000001,683.8900000000001,232676,195728.3
1771598520,685.35,685.35,685.01,685.01,188476,183595.9
1771598580,684.57,684.8900000000001,684.5500000000001,684.8900000000001,189999,184576.1
1771598700,684.9,684.9,684.56,684.56,162599,184186.3
1771598760,684.5500000000001,684.8900000000001,684.5500000000001,684.8900000000001,56667,165754.95
1771598760.001,685.1,685.16,684.8199999999999,684.8199999999999,143826,158284.15
1771598820,684.44,684.75,684.41,684.41,105825,152162.9
1771598880,684.23,684.48,684.14,684.14,112989,149998.4
1771598940,684.01,684.29,683.9499999999999,683.9499999999999,123865,153608.25
1771599000,683.67,684.01,683.67,684.01,31577,145261.6
1771599000.001,684.0600000000001,684.11,683.77,683.77,170898,150135.45
1771599060,683.45,683.7900000000001,683.45,683.7900000000001,183462,147704.9
1771599120,683.99,683.99,683.65,683.65,135687,139801.25
1771599180,683.54,683.88,683.54,683.88,46761,136117.45
1771599180.001,684.42,684.42,684.0799999999999,684.0799999999999,311945,137663.85
1771599240,683.67,684.01,683.67,684.01,88395,131779.7
1771599240.001,684.11,684.1600000000001,683.82,684.1600000000001,112668,134870.6
1771599300,684.3000000000001,684.37,684.03,684.03,161889,135239.3
1771599360,683.94,684.1800000000001,683.84,684.1800000000001,183218,141824.95
1771599420,684.35,684.48,684.14,684.48,156626,145002.4
1771599480,684.6,684.6400000000001,684.3000000000001,684.6400000000001,182859,142511.55
1771599540,685.04,685.09,684.75,685.09,181554,142165.45
1771599600,685.57,685.57,685.23,685.23,763815,170856.25
1771599660,685.2,685.5400000000001,685.2,685.5400000000001,359781,180715.35
1771599660.001,689.32,689.32,688.98,688.98,359781,195871.05
1771599660.002,688.94,689.2800000000001,688.94,689.2800000000001,504741,213916.8
1771599720,689.4,689.4,689.06,689.06,252370,221244.05
1771599720.001,687.17,687.51,687.17,687.51,252370,228213.1
1771599720.002,687.67,687.69,687.35,687.35,345558,239297.75
1771599780,686.27,686.61,686.27,686.61,115186,243478.2
1771599780.001,686.6800000000001,686.88,686.54,686.88,263328,248099.7
1771599840,687.58,687.58,687.24,687.24,87776,243315.4
1771599840.001,686.9300000000001,687.0500000000001,686.71,686.71,498804,261471.25
1771599900,685.12,685.46,685.12,685.46,346707,276468.55
1771599960,685.96,685.96,685.62,685.62,90219,265382.25
1771599960.001,684.5500000000001,684.8900000000001,684.5500000000001,684.8900000000001,349701,278447.55
1771600020,685.76,685.76,685.42,685.42,271347,286381.5
1771600080,685.34,685.6800000000001,685.34,685.6800000000001,92427,282908.4
1771600080.001,687.13,687.13,686.79,686.79,279058,287700.4
1771600140,686.39,686.73,686.39,686.73,93315,284534.85
1771600140.001,687.1800000000001,687.3000000000001,686.96,687.3000000000001,419703,296377.05
1771600200,688,688,687.66,687.66,304640,302531.35
1771600260,686.67,686.82,686.48,686.48,175704,273125.8
1771600320,686.34,686.6800000000001,686.34,686.6800000000001,55211,257897.3
1771600320.001,687.02,687.02,686.68,686.68,238331,251824.8
1771600380,685.66,685.96,685.62,685.62,196971,236436.3
1771600440,685.34,685.6800000000001,685.34,685.6800000000001,148915,231263.55
1771600500,685.72,685.72,685.38,685.38,51802,221235.15
1771600500.001,685.09,685.35,685.01,685.01,315044,219709.45
1771600560,684.19,684.5300000000001,684.19,684.5300000000001,347786,231339.45
1771600620,686.5600000000001,686.5600000000001,686.22,686.22,240857,230215.9
1771600680,686.1,686.44,686.1,686.44,77088,229681.5
1771600680.001,687.24,687.27,686.93,686.93,222577,215870.15
1771600740,686.42,686.76,686.42,686.76,109172,203993.4
1771600800,686.91,686.91,686.5699999999999,686.5699999999999,30338,200999.35
1771600800.001,686.4300000000001,686.7700000000001,686.4300000000001,686.7700000000001,249889,196008.75
1771600860,687.58,687.58,687.24,687.24,190898,191986.3
1771600920,687.13,687.47,687.13,687.47,58857,190307.8
1771600920.001,687.9,687.9,687.56,687.56,174794,185094.6
1771600980,687.22,687.5600000000001,687.22,687.5600000000001,57969,183327.3
1771600980.001,687.9300000000001,687.98,687.64,687.64,203361,172510.2
1771601040,687.08,687.4200000000001,687.08,687.4200000000001,127808,163668.6
1771601100,687.6800000000001,687.6800000000001,687.34,687.34,39671,156866.95
1771601100.001,686.87,687.21,686.87,687.21,158565,162034.65
1771601160,688.08,688.08,687.74,687.74,128797,156557.95
1771601220,687.29,687.46,687.12,687.12,188732,156146
1771601280,686.6,686.94,686.6,686.94,145835,155992
1771601340,687.13,687.13,686.79,686.79,46415,155722.65
1771601340.001,686.3100000000001,686.6500000000001,686.3100000000001,686.6500000000001,46415,142291.2
1771601340.002,686.8000000000001,687.1400000000001,686.8000000000001,687.1400000000001,97708,129787.3
1771601400,687.23,687.23,686.89,686.89,48853,120187.1
1771601400.001,686.35,686.69,686.35,686.69,48853,118775.35
1771601400.002,686.76,686.97,686.63,686.97,87234,112008.2
1771601460,687.37,687.37,687.03,687.03,141771,113638.15
1771601520,686.02,686.22,685.88,685.88,148829,119562.7
1771601580,685.51,685.85,685.51,685.85,212595,117698
1771601640,686.54,686.54,686.1999999999999,686.1999999999999,58502,111078.2
1771601640.001,686.0500000000001,686.35,686.01,686.01,141562,115213.45
1771601700,685.67,685.98,685.64,685.98,193511,116149.3
1771601760,686.84,686.84,686.5,686.5,134435,119972.6
1771601820,686.41,686.75,686.41,686.75,42830,111946.05
1771601820.001,687.07,687.11,686.77,687.11,106114,110861.35
1771601880,687.19,687.25,686.91,687.25,99178,113836.7
1771601940,687.47,687.47,687.13,687.13,150875,113452.2
1771602000,686.22,686.34,686,686.34,132141,113619.4
1771602060,687.33,687.33,686.99,686.99,70330,107699.3
1771602120,686.67,687.01,686.67,687.01,20077,101411.4
1771602120.001,687.27,687.37,687.03,687.37,125800,105380.65
1771602180,688.02,688.02,687.68,687.68,175224,111821.1
1771602240,687.54,687.88,687.54,687.88,69992,110435.3
1771602240.001,688.1800000000001,688.33,687.99,687.99,214931,118739.2
1771602300,687.9,688.02,687.68,687.68,165382,124565.65
1771602360,687.35,687.69,687.35,687.69,145596,127483.75
1771602420,688.24,688.24,687.9,687.9,115492,126169.8
1771602480,687.82,688.1600000000001,687.82,688.1600000000001,39984,120727.55
1771602480.001,688.57,688.72,688.38,688.38,194652,119830.4
1771602540,688.11,688.3100000000001,687.97,687.97,211815,127496.05
1771602600,687.59,687.9300000000001,687.59,687.9300000000001,53419,123088.9
1771602600.001,687.97,688.1800000000001,687.84,688.1800000000001,107009,118763.8
1771602660,688.28,688.4100000000001,688.07,688.4100000000001,135215,118802.8
1771602720,688.65,688.6500000000001,688.3100000000001,688.6500000000001,134477,123385.15
1771602780,688.88,688.94,688.6,688.94,266240,131391.45
1771602840,689.0600000000001,689.1600000000001,688.82,689.1600000000001,244034,138634.25
1771602900,689.17,689.17,688.8299999999999,688.8299999999999,178772,140029.1
1771602960,688.66,688.98,688.64,688.64,391590,153001.55
1771603080,688.5,688.84,688.5,688.84,261915,162580.8
1771603140,689,689,688.66,688.66,279068,175530.35
1771603200,688.34,688.6800000000001,688.34,688.6800000000001,156922,177086.45
1771603260,688.7,688.84,688.5,688.84,150978,175874.15
1771603320,689.09,689.11,688.77,688.77,125498,178649.45
1771603380,688.5500000000001,688.8900000000001,688.5500000000001,688.8900000000001,114454,173625.6
1771603440,689.24,689.24,688.9,688.9,119031,171308.05
1771603500,688.36,688.7,688.36,688.7,106748,169365.65
1771603560,688.87,688.89,688.55,688.55,98571,168519.6
1771603620,688.35,688.6400000000001,688.3000000000001,688.6400000000001,96211,171330.95
1771603680,688.78,688.79,688.4499999999999,688.4499999999999,89848,166090.75
1771603740,688.27,688.61,688.27,688.61,65985,158799.25
1771603800,688.62,688.62,688.28,688.28,22010,157228.8
1771603800.001,688.16,688.4200000000001,688.08,688.4200000000001,92183,156487.5
1771603860,688.59,688.73,688.39,688.73,100190,154736.25
1771603920,688.83,688.83,688.49,688.49,139619,154993.35
1771603980,688.35,688.51,688.17,688.17,136901,148526.4
1771604040,687.95,688.27,687.93,687.93,180954,145372.4
1771604100,687.38,687.59,687.25,687.59,168060,144836.8
1771604160,687.72,687.72,687.38,687.38,166163,133565.45
1771604220,687,687.34,687,687.34,138807,127410.05
1771604280,687.5,687.58,687.24,687.58,137635,120338.4
1771604340,687.79,687.79,687.4499999999999,687.4499999999999,126480,118816.3
1771604400,686.97,687.3100000000001,686.97,687.3100000000001,77829,115158.85
1771604460,687.38,687.38,687.04,687.04,23692,110068.55
1771604460.001,687,687.34,687,687.34,94443,109068
1771604520,687.44,687.44,687.1,687.1,35376,104885.25
1771604520.001,686.77,687.0200000000001,686.6800000000001,687.0200000000001,122788,105687.25
1771604580,687.32,687.37,687.03,687.03,97683,105642.85
1771604640,686.87,686.97,686.63,686.63,126581,107161.35
1771604700,686.38,686.72,686.38,686.72,140334,109685.65
1771604760,687.03,687.03,686.6899999999999,686.6899999999999,96174,111195.1
1771604820,686.34,686.6800000000001,686.34,686.6800000000001,88384,114513.8
1771604880,687.01,687.01,686.67,686.67,147813,117295.3
1771604940,686.09,686.23,685.89,686.23,278676,126219.6
1771605000,686.3100000000001,686.4000000000001,686.0600000000001,686.4000000000001,336079,136042.6
1771605120,687.15,687.36,687.02,687.36,149842,136689.65
1771605180,687.49,687.49,687.15,687.15,107752,133029.55
1771605240,687.03,687.36,687.02,687.02,177669,133510
1771605300,686.77,687.11,686.77,687.11,35349,126969.3
1771605300.001,687.16,687.17,686.8299999999999,686.8299999999999,60280,123042.95
1771605360,686.74,687.08,686.74,687.08,30139,117668.15
1771605360.001,687.26,687.4100000000001,687.07,687.4100000000001,76941,115191.2
1771605420,687.45,687.48,687.14,687.48,77172,115158.35
1771605480,687.8000000000001,688.08,687.74,688.08,117287,119838.1
1771605540,688.13,688.1700000000001,687.83,688.1700000000001,148624,122547.15
1771605600,688.27,688.46,688.12,688.46,434777,142517.2
1771605780,688.88,688.88,688.54,688.54,171426,144949.1
1771605840,688.41,688.74,688.4,688.74,129343,146532.1
1771605900,688.79,688.89,688.55,688.55,267301,153568.1
1771606020,688.53,688.87,688.53,688.87,35803,148341.55
1771606020.001,688.9300000000001,689.07,688.73,689.07,178774,152471.55
1771606080,689.09,689.1,688.76,688.76,280733,162089
1771606200,688.66,688.8100000000001,688.47,688.47,138241,161610.4
1771606260,688.46,688.8000000000001,688.46,688.8000000000001,87969,152075.05
1771606320,688.97,689.15,688.81,688.81,411509,155846.55
1771606500,688.76,689.0600000000001,688.72,688.72,283444,162526.65
1771606680,688.6800000000001,688.96,688.62,688.62,214381,167858.1
1771606740,688.38,688.72,688.38,688.72,142261,166087.7
1771606800,688.87,688.87,688.53,688.53,39548,166297.65
1771606800.001,688.48,688.61,688.27,688.27,259910,176279.15
1771606920,688.17,688.32,687.98,687.98,201749,184859.65
1771607040,687.86,687.96,687.62,687.62,183747,190199.95
1771607160,687.6,687.77,687.43,687.43,138775,193280.1
1771607280,687.41,687.5500000000001,687.21,687.21,81109,191471.2
1771607340,687.04,687.14,686.8,686.8,157574,191918.7
1771607400,686.7,686.75,686.41,686.41,261502,183254.95
1771607460,686.21,686.5500000000001,686.21,686.5500000000001,184643,183915.8
1771607520,686.74,686.74,686.4,686.4,56320,180264.65
1771607520.001,686.35,686.6400000000001,686.3000000000001,686.6400000000001,182058,176002.5
1771607580,686.99,686.99,686.65,686.65,69920,177708.35
1771607640,686.64,686.73,686.39,686.39,56016,171570.45
1771607640.001,686.09,686.11,685.77,685.77,215241,168295.85
1771607700,685.24,685.46,685.12,685.46,258279,174297.75
1771607760,685.54,685.83,685.49,685.49,302996,185049.1
1771607820,685.34,685.57,685.23,685.23,207972,174872.25
1771607880,685.0600000000001,685.33,684.99,684.99,203586,170879.35
1771607940,684.87,685.21,684.87,685.21,140601,167190.35
1771608000,685.3000000000001,685.3000000000001,684.96,684.96,43521,162253.35
1771608000.001,684.6800000000001,685,684.66,685,171889,168870.4
1771608060,685.03,685.03,684.6899999999999,684.6899999999999,154452,163597.5
1771608120,684.45,684.7900000000001,684.45,684.7900000000001,120975,159558.8
1771608180,685.01,685.01,684.67,684.67,145250,157633.95
1771608240,684.2,684.4200000000001,684.08,684.4200000000001,253680,163379.2
1771608300,684.67,684.69,684.35,684.69,256743,172160.9
1771608360,684.79,684.95,684.61,684.95,216936,175129
1771608420,685.11,685.11,684.77,684.77,137543,168931.05
1771608480,684.46,684.8000000000001,684.46,684.8000000000001,155872,167492.5
1771608540,685.25,685.4000000000001,685.0600000000001,685.4000000000001,250827,177217.85
1771608600,685.78,685.78,685.4399999999999,685.4399999999999,133417,174785.8
1771608660,685.2,685.46,685.12,685.46,185243,180551.95
1771608780,686.11,686.11,685.77,685.77,116463,183574.3
1771608840,685.58,685.9200000000001,685.58,685.9200000000001,136332,179628.85
1771608900,686.09,686.09,685.75,685.75,191179,176273.85
1771608960,684.97,685.3100000000001,684.97,685.3100000000001,152538,168750.95
1771609020,685.87,685.87,685.53,685.53,80780,162391.35
1771609080,685.25,685.59,685.25,685.59,83442,156384.15
1771609140,686.04,686.0600000000001,685.72,685.72,154985,157103.35
1771609260,685.58,685.91,685.5699999999999,685.5699999999999,197391,164796.85
1771609380,685.28,685.62,685.28,685.62,58544,159129.6
1771609380.001,686.1800000000001,686.1800000000001,685.84,685.84,112288,157021.4
1771609440,685.74,686.08,685.74,686.08,170975,159521.4
1771609500,686.74,686.85,686.51,686.51,144738,159495.8
1771609560,686.24,686.39,686.05,686.05,126386,153131.1
1771609620,685.75,686.09,685.75,686.09,132207,146904.3
1771609680,686.42,686.5500000000001,686.21,686.5500000000001,143830,143249
1771609740,686.9300000000001,686.9300000000001,686.59,686.59,154718,144107.75
1771609800,686.39,686.73,686.39,686.73,39362,138282.25
1771609800.001,686.74,686.97,686.63,686.97,93698,130425.8
1771609860,687.02,687.2800000000001,686.94,687.2800000000001,169067,132208.3
1771609920,687.63,687.64,687.3,687.3,288392,137365.75
1771609980,687.01,687.35,687.01,687.35,80815,135583.35
1771609980.001,687.44,687.6800000000001,687.34,687.34,98583,133695.9
1771610040,687.3000000000001,687.47,687.13,687.13,411362,144705.05
1771610100,686.13,686.47,686.13,686.47,126167,143386.5
1771610100.001,687.07,687.2800000000001,686.94,687.2800000000001,117768,145235.9
1771610160,687.39,687.4000000000001,687.0600000000001,687.4000000000001,172908,149709.2
1771610280,687.54,687.71,687.37,687.37,102574,147088.65
1771610340,687.34,687.6800000000001,687.34,687.6800000000001,151414,144789.8
1771610400,687.79,687.79,687.4499999999999,687.4499999999999,169179,150321.55
1771610460,687.21,687.5500000000001,687.21,687.5500000000001,112340,150324.15
1771610520,687.64,687.64,687.3,687.3,34903,143520.55
1771610520.001,687.21,687.48,687.14,687.14,119915,142279.4
1771610580,687.02,687.36,687.02,687.36,89663,140443.25
1771610640,687.41,687.41,687.0699999999999,687.0699999999999,30663,135366.05
1771610640.001,686.99,687.26,686.92,687.26,91860,132767.55
1771610700,687.39,687.51,687.17,687.51,74382,128750.75
1771610760,687.52,687.8000000000001,687.46,687.46,110564,132310.85
1771610820,687.38,687.6,687.26,687.26,65605,130906.2
1771610880,687.24,687.4,687.06,687.06,119053,128405.5
1771611000,687.02,687.16,686.8199999999999,686.8199999999999,63248,117148.3
1771611060,686.8000000000001,687.0300000000001,686.69,687.0300000000001,96894,117952.25
1771611120,687.1800000000001,687.21,686.87,686.87,95201,117783.15
1771611180,686.72,687.0600000000001,686.72,687.0600000000001,70686,100749.35
1771611240,687.15,687.15,686.81,686.81,59550,97418.5
1771611300,686.44,686.7800000000001,686.44,686.7800000000001,41018,93581
1771611360,686.9,686.9,686.56,686.56,34396,86655.4
1771611420,686.5,686.7,686.36,686.7,150111,89032.25
1771611540,686.94,686.94,686.6,686.6,75833,85253.2
1771611600,686.25,686.52,686.18,686.18,121204,82854.45
1771611660,686.04,686.38,686.04,686.38,137626,84118.75
1771611720,686.8000000000001,687.0400000000001,686.7,687.0400000000001,147119,89729.55
1771611780,687.17,687.17,686.8299999999999,686.8299999999999,56378,86552.7
1771611780.001,686.23,686.46,686.12,686.12,216522,92895.65
1771611840,685.72,686.0600000000001,685.72,686.0600000000001,80072,95366.1
1771611840.001,687.01,687.07,686.73,686.73,187153,100130.75
1771611900,686.5600000000001,686.9000000000001,686.5600000000001,686.9000000000001,107879,101805.6
1771611960,687.1,687.1,686.76,686.76,36093,98082.05
1771611960.001,686.6,686.94,686.6,686.94,195623,104582.95
1771612020,686.95,686.95,686.61,686.61,79764,102618.5
1771612020.001,686.0500000000001,686.3900000000001,686.0500000000001,686.3900000000001,79764,103444.3
1771612020.002,686.67,686.94,686.6,686.94,177166,107457.9
1771612140,687.04,687.04,686.6999999999999,686.6999999999999,44745,104935.1
1771612140.001,686.4300000000001,686.5600000000001,686.22,686.22,311454,116973.5
1771612200,685.76,686.1,685.76,686.1,133354,120663.7
1771612200.001,686.8100000000001,686.8900000000001,686.5500000000001,686.8900000000001,405513,138888.45
1771612260,687.65,687.69,687.35,687.69,624490,168393.15
1771612380,688.82,688.82,688.48,688.48,112340,166504.6
1771612380.001,688.12,688.41,688.0699999999999,688.0699999999999,275139,176469.9
1771612440,687.4,687.74,687.4,687.74,91713,174995.35
1771612440.001,687.83,688.1700000000001,687.83,688.1700000000001,499268,193077.45
1771612500,688.24,688.24,687.9,687.9,249633,198203.15
1771612500.001,686.36,686.7,686.36,686.7,249633,207865.9
1771612500.002,686.74,686.84,686.5,686.84,432400,218659.8
1771612560,688.44,688.46,688.12,688.12,406929,235002.65
1771612620,688.01,688.35,688.01,688.35,284623,239876.15
1771612680,688.44,688.44,688.1,688.1,238626,246413.5
1771612740,687.44,687.7800000000001,687.44,687.7800000000001,282982,258757.95
1771612800,688.82,688.84,688.5,688.5,189836,258468.6
1771612860,688.44,688.7800000000001,688.44,688.7800000000001,145500,261755.4
1771612920,689.02,689.02,688.68,688.68,53628,260448.6
1771612920.001,688.38,688.52,688.18,688.18,169077,260044.15
1771612980,687.96,688.3000000000001,687.96,688.3000000000001,38482,259731
1771612980.001,688.32,688.45,688.11,688.45,90501,248683.35
1771613040,688.82,689,688.66,689,421959,263113.6
1771613100,689.71,689.71,689.37,689.37,308550,258265.45
1771613160,689.23,689.57,689.23,689.57,331590,243620.45
1771613220,690.0600000000001,690.0600000000001,689.72,689.72,388623,257434.6
1771613280,689.03,689.37,689.03,689.37,162665,251810.9
1771613340,689.38,689.38,689.04,689.04,297796,262115.05
1771613400,688.27,688.61,688.27,688.61,78139,241058.6
1771613400.001,688.92,689.09,688.75,688.75,114795,234316.7
1771613460,688.54,688.88,688.54,688.88,38265,223748.3
1771613460.001,688.92,689.21,688.87,689.21,84893,206372.95
1771613520,689.3000000000001,689.46,689.12,689.46,183533,195203.15
1771613640,689.54,689.54,689.1999999999999,689.1999999999999,175241,189734.05
1771613700,689,689.34,689,689.34,75562,181580.85
1771613760,689.45,689.58,689.24,689.24,183369,176600.2
1771613880,689.1800000000001,689.46,689.12,689.46,228968,178556.8
1771614000,689.47,689.6600000000001,689.32,689.6600000000001,181456,180354.6
1771614120,689.75,689.75,689.41,689.41,41544,179750.4
1771614120.001,689.4,689.74,689.4,689.74,127472,177670.15
1771614180,689.79,689.79,689.4499999999999,689.4499999999999,200005,185746.3
1771614240,689.27,689.5,689.16,689.16,170851,189763.8
1771614300,689.14,689.38,689.04,689.04,146005,175966.1
1771614360,688.86,689.1500000000001,688.8100000000001,689.1500000000001,111748,166126
1771614420,689.23,689.25,688.91,688.91,155331,157313.05
1771614540,688.89,689.17,688.8299999999999,688.8299999999999,146169,145190.35
1771614600,688.73,689.07,688.73,689.07,111739,142644.05
1771614660,689.09,689.09,688.75,688.75,97378,132623.15
1771614720,688.53,688.87,688.53,688.87,102963,133864.35
1771614780,688.94,688.94,688.6,688.6,103020,133275.6
1771614840,688.42,688.62,688.28,688.28,184748,140599.75
1771614960,688.26,688.58,688.24,688.58,429960,157853.1
1771615260,688.76,688.98,688.64,688.98,138023,155577.6
1771615320,689,689,688.66,688.66,92013,151416.2
1771615380,688.51,688.84,688.5,688.5,261729,160724.55
1771615560,688.41,688.59,688.25,688.59,358065,169459.35
1771615740,688.62,688.9000000000001,688.5600000000001,688.9000000000001,151149,165568.4
1771615800,688.96,689.12,688.78,688.78,242450,168618.1
1771615980,688.73,688.95,688.61,688.61,138167,173449.25
1771616100,688.51,688.82,688.48,688.48,172488,175700.05
1771616220,688.39,688.71,688.37,688.37,315431,181471.35
1771616520,688.26,688.44,688.1,688.1,180171,181937.35
1771616580,688,688.23,687.89,687.89,711494,210211.8
1771616880,687.86,688.1500000000001,687.8100000000001,688.1500000000001,232368,216242.8
1771617000,688.39,688.65,688.31,688.31,103776,213665.05
1771617060,688.28,688.37,688.03,688.03,222843,217498.75
1771617240,688.01,688.35,688.01,688.35,106401,217231.85
1771617360,688.41,688.41,688.0699999999999,688.0699999999999,80649,216395.4
1771617420,687.88,688.22,687.88,688.22,99826,216238.55
1771617540,688.24,688.26,687.92,688.26,110972,216636.15
1771617600,688.28,688.5600000000001,688.22,688.5600000000001,112401,213018.8
1771617660,688.62,688.7800000000001,688.44,688.7800000000001,245284,203785
1771617780,688.83,688.83,688.49,688.49,105352,202151.45
1771617840,688.45,688.7900000000001,688.45,688.7900000000001,180205,206561.05
1771617900,689.1800000000001,689.21,688.87,689.21,314825,209215.85
1771618020,689.32,689.32,688.98,688.98,146183,198621.75
1771618080,688.92,689.16,688.8199999999999,688.8199999999999,463766,214252.6
1771618320,688.76,689.1,688.76,689.1,100833,207171.75
1771618380,689.13,689.19,688.85,688.85,358333,218180.05
1771618620,688.73,688.8000000000001,688.46,688.46,407883,229949.8
1771618860,688.28,688.62,688.28,688.62,106157,219486.1
1771618920,688.66,688.66,688.3199999999999,688.3199999999999,449841,232969.6
1771619160,688.29,688.51,688.17,688.17,269935,210891.65
1771619280,688.1,688.44,688.1,688.44,271207,212833.6
1771619400,688.69,688.72,688.38,688.38,450222,230155.9
1771619580,688.34,688.64,688.3,688.3,345177,236272.6
1771619820,688.28,688.61,688.27,688.61,224662,242185.65
1771619940,688.75,688.9100000000001,688.57,688.9100000000001,346160,255461.2
1771620060,688.9300000000001,689.07,688.73,689.07,437901,272364.95
1771620240,689.08,689.12,688.78,688.78,944844,314058.55
1771620540,688.72,688.99,688.65,688.65,317966,324336.8
1771620600,688.54,688.69,688.35,688.69,307350,327440.1
1771620660,688.82,688.82,688.48,688.48,238132,334079.1
1771620720,688.44,688.7800000000001,688.44,688.7800000000001,608614,355499.55
1771620840,689,689,688.66,688.66,282635,353890.05
1771620900,688.63,688.97,688.63,688.97,95713,351366.55
1771620900.001,689.04,689.19,688.85,689.19,559141,356135.3
1771620960,689.35,689.35,689.01,689.01,519434,377065.35
1771621020,688.97,689.24,688.9,689.24,2073586,462828
1771621140,689.5,689.5,689.16,689.16,543591,469613.4
1771857000,687.82,688.01,687.67,688.01,266720,477641.55
1771857000.001,689.21,689.21,688.87,688.87,364573,473378.15
1771857060,688.71,689.0500000000001,688.71,689.0500000000001,415877,480675.25
1771857120,689.67,689.6700000000001,689.33,689.6700000000001,429675,488598.65
1771857180,689.73,689.76,689.42,689.42,367861,484480.6
1771857240,689.22,689.5,689.16,689.16,388349,486639.2
1771857300,689.0600000000001,689.4000000000001,689.0600000000001,689.4000000000001,269831,488897.65
1771857360,689.46,689.46,689.12,689.12,84762,475827.75
1771857360.001,688.89,689.23,688.89,689.23,288182,468341.8
1771857420,689.6800000000001,689.85,689.51,689.85,395170,440858.1
1771857480,690,690,689.66,689.66,318093,440864.45
1771857540,689.32,689.57,689.23,689.23,313059,441149.9
1771857600,688.34,688.5600000000001,688.22,688.22,390629,448774.75
1771857660,687.95,688.16,687.8199999999999,687.8199999999999,406111,438649.6
1771857720,687.54,687.87,687.53,687.53,302018,439618.75
1771857780,687.44,687.7800000000001,687.44,687.7800000000001,100518,439859
1771857780.001,687.96,688.23,687.89,687.89,387152,431259.55
1771857840,687.53,687.8000000000001,687.46,687.46,384792,424527.45
1771857900,687.24,687.38,687.04,687.38,415818,341639.05
1771857960,687.79,687.89,687.55,687.55,369175,332918.25
1771858020,687.29,687.63,687.29,687.63,233851,331274.8
1771858080,687.72,687.72,687.38,687.38,73140,316703.15
1771858080.001,687.12,687.46,687.12,687.46,212918,306555.2
1771858140,687.5,687.5,687.16,687.16,69889,288565.9
1771858140.001,686.76,687.1,686.76,687.1,310834,285714.55
1771858200,688.03,688.14,687.8,687.8,272385,279916.35
1771858260,687.62,687.82,687.48,687.48,245573,278703.45
1771858320,687.1800000000001,687.5200000000001,687.1800000000001,687.5200000000001,210691,284999.9
1771858380,687.64,687.64,687.3,687.3,75087,274345.15
1771858380.001,687.0500000000001,687.28,686.9399999999999,686.9399999999999,226094,265891.35
1771858440,686.89,687.23,686.89,687.23,190379,259505.65
1771858500,687.25,687.25,686.91,686.91,70021,247353.75
1771858500.001,686.67,687.01,686.67,686.67,253291,240486.85
1771858560,686.46,686.8000000000001,686.46,686.8000000000001,211486,230755.6
1771858620,687.09,687.09,686.75,686.75,50131,218161.25
1771858620.001,686.64,686.6800000000001,686.34,686.34,192222,222746.45
1771858680,686.3000000000001,686.64,686.3,686.3,507274,228752.55
1771858800,686.04,686.38,686.04,686.38,271754,223100.65
1771858860,687.23,687.23,686.89,686.89,64529,205536.2
1771858860.001,686.66,686.9300000000001,686.59,686.59,76036,190879.25
1771858920,686.49,686.82,686.48,686.82,117973,185085.35
1771858980,686.94,686.94,686.6,686.6,46314,183744.05
1771858980.001,686.1800000000001,686.32,685.98,685.98,383361,192266.2
1771859040,685.22,685.48,685.14,685.14,389521,208247.8
1771859100,684.92,685.26,684.92,685.26,349328,210172.5
1771859160,685.71,685.71,685.37,685.37,455678,219337.15
1771859280,685.17,685.39,685.05,685.05,328916,223504.3
1771859340,684.66,685,684.66,685,302820,228110.75
1771859400,685.67,685.67,685.3299999999999,685.3299999999999,268067,237759.75
1771859460,685.14,685.2,684.86,684.86,250897,238999.9
1771859520,684.78,684.91,684.5699999999999,684.5699999999999,332578,246109.85
1771859580,684.53,684.87,684.53,684.87,248462,255031.9
1771859640,684.92,684.92,684.5799999999999,684.5799999999999,404890,262611.85
1771859760,684.51,684.85,684.51,684.85,55755,254825.3
1771859760.001,684.9,685,684.66,685,468090,275723.25
1771859880,685.01,685.04,684.6999999999999,684.6999999999999,274755,279849.9
1771859940,684.66,685,684.66,685,252939,267133.15
1771860000,685.1800000000001,685.25,684.91,685.25,258843,266487.6
1771860060,685.5600000000001,685.5600000000001,685.22,685.22,228325,274677.4
1771860120,684.7,685.03,684.6899999999999,684.6899999999999,197592,280755.2
1771860180,684.64,684.76,684.42,684.76,232785,286495.8
1771860240,685.12,685.12,684.78,684.78,187307,293545.45
1771860300,684.4,684.74,684.4,684.74,165723,282663.55
1771860360,684.8100000000001,684.82,684.48,684.48,307022,278538.6
1771860480,684.28,684.62,684.28,684.62,169312,269537.8
1771860540,684.65,684.6600000000001,684.32,684.6600000000001,209950,257251.4
1771860600,684.73,684.73,684.39,684.39,174906,249550.9
1771860660,684.33,684.5500000000001,684.21,684.21,233206,246070.2
1771860720,684.13,684.47,684.13,684.47,247533,245043.5
1771860780,685.01,685.01,684.67,684.67,61020,235549.65
1771860780.001,684.4,684.6,684.26,684.26,191919,228516.7
1771860840,683.97,684.03,683.6899999999999,683.6899999999999,425205,237353.85
1771860960,683.64,683.98,683.64,683.98,349955,234607.1
1771861020,684.48,684.5,684.16,684.16,191618,241400.25
1771861080,684.01,684.21,683.87,684.21,140142,225002.85
1771861140,684.24,684.24,683.9,683.9,101345,216332.35
1771861200,683.86,684.2,683.86,684.2,34029,205386.85
1771861200.001,684.22,684.25,683.91,683.91,325972,208743.3
1771861320,683.71,683.99,683.65,683.65,360231,215338.6
1771861440,683.41,683.75,683.41,683.75,247441,217831.05
1771861500,683.86,683.86,683.52,683.52,177340,215058.8
1771861560,683.37,683.71,683.37,683.71,239772,217682.05
1771861620,683.95,683.95,683.61,683.61,155872,217189.5
1771861680,683.5500000000001,683.86,683.52,683.86,281439,215910.35
1771861800,683.87,683.87,683.53,683.53,47913,209840.4
1771861800.001,683.5,683.71,683.37,683.37,448200,221752.9
1771861920,682.67,683.01,682.67,683.01,300962,228055.7
1771861980,683.22,683.22,682.88,682.88,220606,227425.7
1771862040,682.77,682.92,682.5799999999999,682.5799999999999,250637,227580.9
1771862100,682.5600000000001,682.7700000000001,682.4300000000001,682.7700000000001,579202,253490
1771862220,682.8100000000001,682.8100000000001,682.47,682.47,207091,254248.6
1771862280,682.39,682.53,682.1899999999999,682.1899999999999,228855,244431.1
1771862340,682.1800000000001,682.51,682.17,682.17,436119,248739.3
1771862460,681.99,682.21,681.87,681.87,397934,259055.1
1771862520,681.67,681.83,681.49,681.49,342807,269188.35
1771862580,681.34,681.45,681.11,681.11,389384,283590.3
1771862640,680.86,681.2,680.86,681.2,104578,287117.75
1771862640.001,681.3100000000001,681.39,681.05,681.05,345003,288069.3
1771862760,680.83,681.1700000000001,680.83,681.1700000000001,65499,273332.7
1771862760.001,681.4,681.4,681.06,681.06,296924,275806.85
1771862820,681.02,681.28,680.9399999999999,680.9399999999999,262768,280078.25
1771862880,680.86,681.09,680.75,681.09,478684,292023.85
1771863000,681.41,681.41,681.0699999999999,681.0699999999999,218390,295149.75
1771863060,680.8000000000001,680.94,680.6,680.6,364108,299283.2
1771863180,680.58,680.9200000000001,680.58,680.9200000000001,60982,299936.65
1771863180.001,680.9300000000001,680.95,680.61,680.61,203422,287697.75
1771863240,680.59,680.91,680.5699999999999,680.5699999999999,200399,282669.6
1771863300,680.44,680.71,680.37,680.71,453414,294310
1771863420,681.09,681.38,681.04,681.38,320726,297814.45
1771863480,681.41,681.5,681.16,681.5,280166,282862.65
1771863540,681.62,681.87,681.53,681.87,230440,284030.1
1771863600,681.97,682.0500000000001,681.71,682.0500000000001,266525,285913.6
1771863660,682.08,682.14,681.8,681.8,536555,290935.4
1771863780,681.57,681.9100000000001,681.57,681.9100000000001,136010,277839.2
1771863840,681.92,681.92,681.5799999999999,681.5799999999999,40945,262746.1
1771863840.001,681.46,681.8000000000001,681.46,681.8000000000001,169082,251731
1771863900,682.22,682.26,681.92,682.26,247108,258857.5
1771863960,682.36,682.51,682.17,682.51,239723,253593.5
1771864020,682.6,682.62,682.28,682.62,184931,259565.1
1771864080,682.71,682.97,682.63,682.97,307324,260085.1
1771864200,683,683,682.66,682.66,54410,249667.2
1771864200.001,682.64,682.98,682.64,682.98,162709,233868.45
1771864260,683.09,683.09,682.75,682.75,54149,225656.4
1771864260.001,682.54,682.85,682.51,682.51,708483,242875.15
1771864500,682.4300000000001,682.74,682.4,682.74,281682,253910.15
1771864620,682.95,682.98,682.64,682.64,143159,250897
1771864680,682.48,682.6800000000001,682.34,682.34,300752,255914.65
1771864800,682.3100000000001,682.5500000000001,682.21,682.5500000000001,158572,241172.55
1771864860,682.62,682.71,682.37,682.71,249368,237604.65
1771864980,682.74,682.75,682.41,682.41,85321,227862.4
1771865040,682.3000000000001,682.5400000000001,682.2,682.5400000000001,114481,222064.45
1771865100,682.57,682.57,682.23,682.23,131215,215298.95
1771865160,682.01,682.25,681.91,682.25,149734,195957.9
1771865220,682.27,682.27,681.93,681.93,108016,194558.2
1771865280,681.8100000000001,682.12,681.78,682.12,83992,196710.55
1771865340,682.27,682.37,682.03,682.37,149524,195732.65
1771865400,682.39,682.39,682.05,682.05,107635,188759
1771865460,681.97,682.3100000000001,681.97,682.3100000000001,32280,178386.85
1771865460.001,682.63,682.63,682.29,682.29,207179,179499.25
1771865580,682.23,682.53,682.1899999999999,682.1899999999999,127513,170508.7
1771865640,682.09,682.32,681.98,681.98,100073,172791.85
1771865700,681.97,682.27,681.93,681.93,291496,179231.2
1771865880,681.85,682.13,681.79,682.13,226115,187829.5
1771866000,682.36,682.46,682.12,682.12,254106,165110.65
1771866120,682.02,682.13,681.79,682.13,270387,164545.9
1771866300,682.28,682.32,681.98,682.32,89232,161849.55
1771866360,682.47,682.47,682.13,682.13,84426,151033.25
1771866420,681.97,682.3100000000001,681.97,682.3100000000001,85789,147394.1
1771866480,682.35,682.35,682.01,682.01,77287,138790.05
1771866540,681.9300000000001,682.26,681.92,681.92,143404,141694.2
1771866660,681.84,682.13,681.79,681.79,186247,145282.5
1771866840,681.59,681.9300000000001,681.59,681.9300000000001,87714,143107.45
1771866900,682.04,682.07,681.73,682.07,103380,140789.75
1771866960,682.17,682.27,681.93,681.93,224612,146619.55
1771867140,681.82,682.08,681.74,682.08,168224,150831.15
1771867320,682.13,682.24,681.9,681.9,52015,145955.7
1771867380,681.87,682.0600000000001,681.72,681.72,176390,149393.45
1771867560,681.71,682.0500000000001,681.71,682.0500000000001,64977,151028.3
1771867620,682.08,682.08,681.74,681.74,58617,143600.2
1771867680,681.7,681.8100000000001,681.47,681.47,454885,159968.8
1771868040,681.27,681.36,681.02,681.02,280163,168973.3
1771868160,680.91,680.95,680.61,680.95,421779,175487.45
1771868340,680.98,680.98,680.64,680.64,38754,166119.4
1771868340.001,680.62,680.9300000000001,680.59,680.9300000000001,157633,161295.75
1771868400,680.94,681.24,680.9,681.24,206480,158100.4
1771868460,681.37,681.47,681.13,681.47,135114,160394.5
1771868520,681.48,681.62,681.28,681.62,107288,161537.6
1771868580,681.7,681.7,681.36,681.36,119896,163242.95
1771868640,681.16,681.5,681.16,681.5,103205,164538.85
1771868700,681.52,681.54,681.1999999999999,681.1999999999999,87247,161731
1771868760,681.11,681.33,680.99,680.99,163711,160604.2
1771868880,680.98,681.32,680.98,681.32,156012,164019.1
1771869000,681.42,681.5600000000001,681.22,681.5600000000001,180868,167893.5
1771869120,681.73,682.01,681.67,682.01,147994,164062.6
1771869180,682.17,682.17,681.8299999999999,681.8299999999999,188112,165057
1771869300,681.79,682.13,681.79,682.13,28761,163894.3
1771869300.001,682.15,682.1500000000001,681.8100000000001,682.1500000000001,199362,165042.9
1771869420,682.16,682.34,682,682.34,200592,171823.65
1771869480,682.35,682.35,682.01,682.01,127691,175277.35
1771869540,681.8000000000001,682.1400000000001,681.8000000000001,682.1400000000001,121026,158584.4
1771869600,682.36,682.6,682.26,682.6,514441,170298.3
1771869960,682.66,682.98,682.64,682.98,662570,182337.85
1771870320,683,683.0500000000001,682.71,683.0500000000001,238623,192331.3
1771870440,683.19,683.32,682.98,683.32,250236,196961.45
1771870560,683.37,683.4100000000001,683.07,683.4100000000001,641227,218698.8
1771870920,683.67,683.8900000000001,683.5500000000001,683.8900000000001,678539,245870.05
1771871280,683.95,683.95,683.61,683.61,249638,252987.55
1771871400,683.42,683.76,683.42,683.76,327707,263378.1
1771871640,683.77,683.91,683.5699999999999,683.5699999999999,436846,280060.15
1771871880,683.47,683.54,683.1999999999999,683.1999999999999,330039,292199.75
1771872060,683.1800000000001,683.4,683.06,683.06,164224,292225.4
1771872180,683.0500000000001,683.2,682.86,682.86,183478,293598.7
1771872300,682.85,683.1600000000001,682.82,683.1600000000001,273758,298243.2
1771872480,683.39,683.4,683.06,683.06,191181,300402.55
1771872600,683.03,683.13,682.79,682.79,184267,300210.3
1771872780,682.74,682.78,682.4399999999999,682.4399999999999,290748,313309.65
1771872900,682.23,682.26,681.92,681.92,403699,323526.5
1771873080,681.87,682.21,681.87,682.21,259221,326457.95
1771873200,682.26,682.28,681.9399999999999,681.9399999999999,280665,334106.65
1771873320,681.8000000000001,682.07,681.73,682.07,612447,358677.7
1771873620,682.14,682.14,681.8,681.8,179745,341942.9
1771873740,681.74,682.0400000000001,681.7,682.0400000000001,263379,321983.35
1771873860,682.07,682.15,681.81,681.81,607093,340406.85
1771874160,681.6800000000001,681.91,681.5699999999999,681.5699999999999,512442,353517.15
1771874520,681.5500000000001,681.88,681.54,681.54,599210,351416.3
1771874880,681.51,681.59,681.25,681.25,149682,324973.45
1771874940,681.17,681.51,681.17,681.51,344881,329735.6
1771875120,681.6,681.66,681.3199999999999,681.3199999999999,174504,322075.45
1771875240,681.22,681.32,680.98,680.98,219405,311203.4
1771875360,680.95,681.22,680.88,680.88,366936,313048.25
1771875600,680.87,681.16,680.8199999999999,680.8199999999999,334989,321586.5
1771875780,680.63,680.88,680.54,680.88,125479,318686.55
1771875840,680.89,681.11,680.77,681.11,295626,319779.95
1771875960,681.17,681.3100000000001,680.97,681.3100000000001,321319,326286.85
1771876080,681.4,681.5,681.16,681.16,281954,331171.2
1771876200,681.14,681.4,681.06,681.06,505316,341899.6
1771876500,681,681.34,681,681.34,167310,330080.15
1771876560,681.5,681.53,681.1899999999999,681.1899999999999,276628,330950.5
1771876680,681.1,681.2900000000001,680.95,681.2900000000001,240412,328937.85
1771876800,681.4300000000001,681.4300000000001,681.09,681.09,218520,309241.5
1771876920,681.02,681.34,681,681,677524,334130.45
1771877220,680.85,681.0600000000001,680.72,680.72,1018295,371876.25
1771877580,680.65,680.99,680.65,680.99,237608,353402
1771877700,681.19,681.19,680.85,680.85,312402,343400
1771877880,680.83,681.11,680.77,680.77,279159,327397.45
1771878060,680.76,681.1,680.76,681.1,390019,339414.3
1771878300,681.22,681.4300000000001,681.09,681.4300000000001,643404,354340.45
1771878540,681.52,681.6400000000001,681.3000000000001,681.6400000000001,361721,363701.3
1771878600,682.0600000000001,682.0600000000001,681.72,681.72,299294,367695.75
1771878660,681.7,681.99,681.65,681.99,322137,365455.8
1771878720,682.02,682.2,681.86,682.2,290908,363251.75
1771878780,682.25,682.25,681.91,681.91,422195,378087.55
1771878900,681.52,681.83,681.49,681.83,225011,374556.8
1771878960,681.91,681.91,681.5699999999999,681.5699999999999,305435,373762.6
1771879080,681.54,681.78,681.4399999999999,681.4399999999999,623017,390815.75
1771879320,681.14,681.48,681.14,681.48,298982,380499.05
1771879440,681.66,681.7,681.36,681.7,746472,409457.15
1771879680,681.84,682.1800000000001,681.84,682.1800000000001,973759,444313.7
1771879800,682.25,682.25,681.91,681.91,332574,448921.8
1771879800.001,681.47,681.72,681.38,681.38,1317827,503887.15
1771879920,681.29,681.44,681.1,681.1,1127176,526369.75
1771880040,680.96,681.24,680.9,681.24,635068,507208.4
1771880100,681.39,681.4100000000001,681.07,681.4100000000001,2308662,610761.1
1771880280,681.75,681.75,681.41,681.41,1340239,662152.95
1771880340,681.23,681.57,681.23,681.57,550932,675741.6
1771880340.001,682.47,682.47,682.13,682.13,719040,692192.65
1771943400,681.9,682.22,681.88,681.88,336215,676833.2
1771943400.001,681.49,681.8000000000001,681.46,681.46,397776,678635.95
1771943460,680.66,681,680.66,681,273099,677326.2
1771943520,681.36,681.38,681.04,681.04,211470,671792.85
1771943580,680.83,681.03,680.6899999999999,680.6899999999999,267138,670604.35
1771943640,680.5500000000001,680.83,680.49,680.49,425723,670780.75
1771943700,680.34,680.6800000000001,680.34,680.6800000000001,288532,673956.8
1771943760,680.75,680.75,680.41,680.41,85450,662957.55
1771943760.001,680,680.34,680,680.34,85450,636079.2
1771943760.002,680.47,680.5200000000001,680.1800000000001,680.5200000000001,216819,631971.05
1771943820,680.88,681.0600000000001,680.72,681.0600000000001,471838,618239.35
1771943880,682.27,682.4100000000001,682.07,682.4100000000001,416100,590356.4
1771943940,682.53,682.5300000000001,682.19,682.5300000000001,363716,591913.5
1771944000,683.01,683.09,682.75,683.09,431303,547587.3
1771944060,683.52,683.53,683.1899999999999,683.1899999999999,306235,506540.25
1771944120,683.03,683.37,683.03,683.37,64133,477993.5
1771944120.001,683.42,683.6,683.26,683.6,167160,370918.4
1771944180,683.61,683.84,683.5,683.84,305461,319179.5
1771944240,684.38,684.38,684.04,684.04,239820,303623.9
1771944300,684.02,684.36,684.02,684.36,78286,271586.2
1771944300.001,684.5600000000001,684.5600000000001,684.22,684.22,288582,269204.55
1771944360,684.1800000000001,684.5200000000001,684.1800000000001,684.5200000000001,105147,254573.1
1771944360.001,684.75,684.88,684.54,684.88,334541,257645.2
1771944420,684.98,685.1800000000001,684.84,685.1800000000001,292550,261699.2
1771944480,685.46,685.46,685.12,685.12,108043,253744.45
1771944480.001,684.5600000000001,684.8900000000001,684.5500000000001,684.8900000000001,336586,249287.6
1771944540,684.95,684.97,684.63,684.63,256874,247704.7
1771944600,684.41,684.58,684.24,684.58,259910,256427.7
1771944660,684.86,684.86,684.52,684.52,164378,260374.1
1771944720,684.42,684.73,684.39,684.39,299181,264492.2
1771944780,684.01,684.35,684.01,684.35,186844,250242.5
1771944840,684.36,684.36,684.02,684.02,59861,232430.55
1771944840.001,683.9300000000001,684.13,683.79,683.79,293565,228923
1771944900,683.48,683.6,683.26,683.26,260298,220372.75
1771944960,683.0500000000001,683.3900000000001,683.0500000000001,683.3900000000001,284046,219263.3
1771945020,683.76,683.76,683.42,683.42,74416,219777.45
1771945020.001,683.26,683.42,683.0799999999999,683.0799999999999,278286,225333.75
1771945080,682.91,683.1400000000001,682.8000000000001,683.1400000000001,232413,221681.35
1771945140,683.29,683.29,682.9499999999999,682.9499999999999,208880,220134.35
1771945200,682.03,682.37,682.03,682.37,250280,228734.05
1771945260,682.71,682.76,682.42,682.76,269641,227787
1771945320,683.2,683.3100000000001,682.97,682.97,220837,233571.5
1771945380,682.74,683.02,682.68,682.68,132758,223482.35
1771945440,682.59,682.9300000000001,682.59,682.9300000000001,196090,218659.35
1771945500,683.15,683.15,682.81,682.81,212880,223901.2
1771945560,682.8000000000001,683.1400000000001,682.8000000000001,683.1400000000001,78305,210987.15
1771945560.001,683.71,683.71,683.37,683.37,235304,209908.65
1771945620,682.71,683.0500000000001,682.71,683.0500000000001,168667,205346.5
1771945680,683.51,683.6400000000001,683.3000000000001,683.6400000000001,185028,206379
1771945740,684.02,684.21,683.87,684.21,187838,200811.85
1771945800,684.23,684.23,683.89,683.89,69544,194946.85
1771945800.001,683.53,683.87,683.53,683.87,239792,203943.4
1771945860,684.14,684.14,683.8,683.8,184166,198473.45
1771945920,683.46,683.8000000000001,683.46,683.46,164603,193688.7
1771945980,683.0600000000001,683.3100000000001,682.97,683.3100000000001,134342,186203.5
1771946040,683.35,683.35,683.01,683.01,107466,187856
1771946100,683,683.34,683,683.34,38128,175848.1
1771946100.001,683.44,683.5400000000001,683.2,683.5400000000001,193430,173898.95
1771946160,683.86,683.86,683.52,683.52,108229,168866.4
1771946220,683.48,683.62,683.28,683.62,105698,161637.3
1771946280,683.82,684.08,683.74,684.08,168737,156592.1
1771946340,684.36,684.38,684.04,684.38,188477,154974.1
1771946400,684.5500000000001,684.82,684.48,684.82,242340,160453.2
1771946460,684.9300000000001,684.9300000000001,684.59,684.59,65015,153899.45
1771946460.001,684.58,684.85,684.51,684.85,127570,149633.95
1771946520,684.99,684.99,684.65,684.65,166571,154047.25
1771946580,684.42,684.76,684.42,684.76,62023,145383.2
1771946580.001,685.08,685.19,684.85,685.19,244094,149154.55
1771946640,685.21,685.2800000000001,684.94,685.2800000000001,250771,152441.7
1771946700,685.4,685.51,685.17,685.51,312019,158650.75
1771946760,685.8000000000001,686.0300000000001,685.69,686.0300000000001,555229,182935
1771946880,686.26,686.3100000000001,685.97,686.3100000000001,283692,185130
1771946940,686.39,686.51,686.17,686.17,548221,203332.75
1771947060,685.95,686.2900000000001,685.95,686.2900000000001,242186,207211.9
1771947120,686.41,686.41,686.0699999999999,686.0699999999999,461887,223589.15
1771947240,685.94,686.1800000000001,685.84,685.84,294469,232939.3
1771947300,685.64,685.98,685.64,685.98,209782,241522
1771947360,685.99,686.08,685.74,685.74,259245,244812.75
1771947480,685.73,686.07,685.73,686.07,91546,243978.6
1771947540,686.08,686.08,685.74,685.74,29015,240144.45
1771947540.001,685.72,686.0600000000001,685.72,686.0600000000001,249866,244200.9
1771947720,686.15,686.3100000000001,685.97,686.3100000000001,107760,240165.05
1771947780,686.46,686.5500000000001,686.21,686.21,289635,242529.8
1771947900,685.8000000000001,686.1400000000001,685.8000000000001,686.1400000000001,448228,261690.45
1771948020,686.2,686.2,685.86,685.86,287954,269709.65
1771948200,685.75,685.98,685.64,685.64,221825,272472.35
1771948320,685.59,685.8000000000001,685.46,685.46,218598,280301.1
1771948440,685.45,685.7900000000001,685.45,685.7900000000001,186499,277421.35
1771948500,685.8100000000001,685.8100000000001,685.47,685.47,183766,274071.1
1771948560,685.23,685.5200000000001,685.1800000000001,685.5200000000001,155789,266259.6
1771948620,685.61,685.61,685.27,685.27,282657,252631
1771948740,685.21,685.5500000000001,685.21,685.5500000000001,307882,253840.5
1771948860,685.6800000000001,685.9300000000001,685.59,685.9300000000001,156026,234230.75
1771948920,686.15,686.23,685.89,686.23,302922,237267.55
1771949100,686.32,686.32,685.98,685.98,103576,219352
1771949160,685.85,686.19,685.85,686.19,106005,209928.8
1771949220,686.23,686.2700000000001,685.9300000000001,686.2700000000001,330343,215956.85
1771949460,686.37,686.6400000000001,686.3000000000001,686.6400000000001,332631,219626.15
1771949580,686.86,686.87,686.53,686.53,321860,231141.85
1771949700,686.44,686.5600000000001,686.22,686.22,280164,243699.3
1771949820,686.02,686.36,686.02,686.36,82755,235343.75
1771949880,686.39,686.39,686.05,686.05,181094,239010.45
1771950000,685.83,686.16,685.8199999999999,685.8199999999999,201875,234622.45
1771950120,685.79,686.13,685.79,686.13,70611,215741.6
1771950180,686.22,686.24,685.9,685.9,422304,222459.1
1771950600,685.5500000000001,685.58,685.24,685.24,139789,218357.3
1771950660,685.22,685.5600000000001,685.22,685.5600000000001,86221,211738.45
1771950720,685.57,685.57,685.23,685.23,112663,208046.65
1771950780,685.15,685.49,685.15,685.49,250184,211367.55
1771950900,685.77,685.77,685.43,685.43,97716,208463.9
1771950960,685.3100000000001,685.6500000000001,685.3100000000001,685.6500000000001,85006,198581.35
1771951020,685.76,685.82,685.48,685.82,266250,196499.75
1771951140,685.84,685.99,685.65,685.99,87626,193079.75
1771951200,686.15,686.15,685.81,685.81,130038,184435.55
1771951320,685.64,685.8000000000001,685.46,685.8000000000001,257402,192126.85
1771951500,685.89,685.89,685.55,685.55,40186,188835.9
1771951560,685.52,685.86,685.52,685.86,91776,176907.55
1771951620,686.07,686.07,685.73,685.73,173141,168933.05
1771951800,685.71,686.0500000000001,685.71,686.0500000000001,22707,153975.4
1771951800.001,686.1800000000001,686.25,685.91,686.25,177440,148839.2
1771951980,686.4,686.62,686.28,686.62,598039,174603.4
1771952280,686.7,686.74,686.4,686.74,510972,191097.3
1771952580,686.82,686.87,686.53,686.87,457207,203863.9
1771952940,687.0500000000001,687.36,687.02,687.36,194932,210079.95
1771953000,687.38,687.58,687.24,687.58,930981,235513.8
1771953300,687.59,687.6,687.26,687.26,408749,248961.8
1771953540,687.16,687.5,687.16,687.5,240155,256658.5
1771953660,687.5600000000001,687.7,687.36,687.7,506975,276374.1
1771954020,687.8000000000001,687.8000000000001,687.46,687.46,155357,271632.75
1771954140,687.45,687.64,687.3,687.3,575064,295500.15
1771954560,687.28,687.48,687.14,687.14,584317,320465.7
1771955040,687.12,687.3000000000001,686.96,687.3000000000001,361701,325238.25
1771955280,687.5,687.66,687.3199999999999,687.3199999999999,396477,340680.8
1771955700,687.24,687.58,687.24,687.58,296611,349009.45
1771956120,687.89,688.1,687.76,687.76,368919,354585.3
1771956360,687.65,687.76,687.42,687.42,464850,375818.5
1771956780,687.41,687.52,687.18,687.18,386354,390547.4
1771957200,687.07,687.38,687.04,687.04,323866,398083.65
1771957560,687.01,687.25,686.91,687.25,371669,415531.75
1771957860,687.34,687.4200000000001,687.08,687.4200000000001,342421,423780.8
1771958160,687.4300000000001,687.74,687.4,687.74,109669,399362.3
1771958220,687.75,687.88,687.54,687.54,808935,414260.45
1771958880,687.46,687.8000000000001,687.46,687.8000000000001,113896,397094.9
1771959000,687.84,687.84,687.5,687.5,488650,411780.8
1771959540,687.45,687.6,687.26,687.26,971626,413813.05
1771960020,687.2,687.34,687,687,451942,415972.7
1771960320,686.7,687.0400000000001,686.7,687.0400000000001,30846,405507.25
1771960320.001,687.34,687.34,687,687,330093,396663.15
1771960560,686.9300000000001,687.01,686.67,686.67,146673,396228.95
1771960620,686.65,686.99,686.65,686.99,1053875,420169.5
1771961280,687.09,687.12,686.78,687.12,934266,437666.95
1771962000,687.17,687.35,687.01,687.35,706816,454922.7
1771962600,687.38,687.57,687.23,687.57,269390,448568.35
1771962720,687.69,687.69,687.35,687.35,248970,446186.3
1771962840,687.17,687.34,687,687,913175,473399.1
1771963440,686.96,687.14,686.8,686.8,376571,468985.15
1771963680,686.76,686.94,686.6,686.6,329513,466143.1
1771963920,686.57,686.8100000000001,686.47,686.47,419713,470935.45
1771964160,686.46,686.8000000000001,686.46,686.8000000000001,309241,467814.05
1771964280,686.8100000000001,687.0600000000001,686.72,687.0600000000001,268965,464141.25
1771964400,687.1,687.1,686.76,686.76,238958,470605.7
1771964520,686.75,686.99,686.65,686.65,562751,458296.5
1771964880,686.61,686.84,686.5,686.84,581020,481652.7
1771965120,686.89,687.12,686.78,686.78,865860,500513.2
1771965540,686.75,687.08,686.74,687.08,634982,483681
1771965840,687.25,687.51,687.17,687.51,697983,495983.05
1771966020,687.53,687.7900000000001,687.45,687.7900000000001,1247702,556825.85
1771966200,688.35,688.35,688.01,688.01,683137,574478.05
1771966260,687.9,688.12,687.78,687.78,560578,595173.3
1771966320,687.45,687.75,687.41,687.75,1097115,597335.3
1771966440,687.98,687.98,687.64,687.64,662502,583747.1
1771966500,687.4,687.74,687.4,687.74,599068,578359.7
1771966560,687.75,687.75,687.41,687.41,2666821,698231.25
1771966740,687.24,687.58,687.24,687.58,554147,713490.1
1772029800,690.19,690.44,690.1,690.44,290738,682368.25
1772029800.001,691.09,691.24,690.9,690.9,347723,680925.85
1772029860,690.61,690.95,690.61,690.95,561355,692517.95
1772030040,691.01,691.07,690.73,691.07,456514,694358
1772030160,691.16,691.41,691.0699999999999,691.0699999999999,233183,690555.1
1772030220,691.0500000000001,691.21,690.87,691.21,328671,693540.4
1772030340,691.24,691.2700000000001,690.9300000000001,691.2700000000001,198732,691529.1
1772030400,691.33,691.33,690.99,690.99,190189,672901
1772030460,690.97,691.16,690.8199999999999,690.8199999999999,229086,655304.3
1772030520,690.67,690.96,690.62,690.96,173835,620703.05
1772030580,691.15,691.2,690.86,691.2,319912,604949.55
1772030700,691.5,691.6,691.26,691.6,183165,579208.65
1772030760,691.69,691.87,691.53,691.53,307159,532181.5
1772030880,691.49,691.83,691.49,691.83,582817,527165.5
1772031060,691.99,691.99,691.65,691.65,165272,507400.2
1772031120,691.44,691.58,691.24,691.24,724279,488758.4
1772031360,691,691.2,690.86,690.86,228735,467070.05
1772031420,690.84,691.1800000000001,690.84,691.1800000000001,170954,445664.35
1772031480,691.32,691.4200000000001,691.08,691.4200000000001,151972,319921.9
1772031540,691.4300000000001,691.58,691.24,691.24,410003,312714.7
1772031720,690.97,691.22,690.88,690.88,302329,313294.25
1772031900,690.82,690.97,690.63,690.63,151248,303470.5
1772031960,690.57,690.71,690.37,690.71,330752,291940.35
1772032080,690.82,690.82,690.48,690.48,298287,284029
1772032200,690.39,690.6700000000001,690.33,690.6700000000001,263301,285534.9
1772032320,690.85,690.85,690.51,690.51,205698,279386.25
1772032440,690.41,690.75,690.41,690.41,189244,278911.85
1772032560,690.25,690.59,690.25,690.59,93514,274078.1
1772032620,690.69,690.79,690.4499999999999,690.4499999999999,239504,274599
1772032800,690.33,690.6,690.26,690.6,200931,275953.8
1772032920,690.72,690.83,690.49,690.83,227578,271337.1
1772033040,690.92,690.95,690.61,690.95,310332,277695.45
1772033220,690.98,691.23,690.89,691.23,374535,281064.25
1772033460,691.34,691.35,691.01,691.01,175760,260711.4
1772033580,690.94,691.04,690.6999999999999,690.6999999999999,133242,259109.9
1772033640,690.36,690.5500000000001,690.21,690.5500000000001,485030,247147.45
1772034000,690.61,690.6800000000001,690.34,690.6800000000001,181106,244766
1772034120,690.75,690.82,690.48,690.82,291915,250814.05
1772034360,690.85,690.85,690.51,690.51,132586,249844.75
1772034480,690.49,690.73,690.39,690.73,178009,238245.05
1772034660,690.78,690.78,690.4399999999999,690.4399999999999,106221,228439.65
1772034780,690.36,690.57,690.23,690.23,141015,227928
1772034900,690.17,690.51,690.17,690.51,110126,216896.7
1772035020,690.5600000000001,690.7700000000001,690.4300000000001,690.7700000000001,129682,208466.45
1772035140,690.88,691.1400000000001,690.8000000000001,691.1400000000001,77503,199176.55
1772035200,691.17,691.19,690.85,690.85,111069,194445.1
1772035260,690.78,691.12,690.78,691.12,64341,188199.95
1772035320,691.19,691.19,690.85,690.85,131456,190097.05
1772035440,690.83,691.13,690.79,691.13,99387,183091.2
1772035560,691.14,691.33,690.99,691.33,375447,191817
1772035800,691.36,691.41,691.0699999999999,691.0699999999999,388519,199864.05
1772036100,690.92,691.0500000000001,690.71,690.71,246993,196697.1
1772036340,690.69,691.0300000000001,690.69,691.0300000000001,100549,182997.8
1772036400,691.1,691.1400000000001,690.8000000000001,691.1400000000001,247935,186606.55
1772036640,691.15,691.4200000000001,691.08,691.4200000000001,346289,197258.9
1772036820,691.5,691.72,691.38,691.72,375062,191760.5
1772037060,691.82,691.84,691.5,691.5,372691,201339.75
1772037240,691.49,691.74,691.4,691.74,513605,212424.25
1772037600,691.8100000000001,692.0300000000001,691.69,692.0300000000001,554101,233500
1772037960,692.1,692.34,692,692.34,227711,235985.1
1772038080,692.39,692.39,692.05,692.05,718992,266623.65
1772038500,692,692.3100000000001,691.97,691.97,902292,304687.5
1772039280,691.8000000000001,692.1400000000001,691.8000000000001,692.1400000000001,58065,302084.45
1772039280.001,692.17,692.35,692.01,692.01,1217728,356486.75
1772040540,691.94,692.1800000000001,691.84,692.1800000000001,501194,377671.3
1772041020,692.29,692.5400000000001,692.2,692.5400000000001,1132913,428763.5
1772041980,692.57,692.69,692.35,692.35,1294262,490259.55
1772043360,692.3100000000001,692.5500000000001,692.21,692.5500000000001,1625053,564939.4
1772044980,692.5600000000001,692.7800000000001,692.44,692.7800000000001,1163382,618139.15
1772046120,692.87,693.01,692.67,693.01,1618182,680275.9
1772047080,693.07,693.1800000000001,692.84,693.1800000000001,1244409,723070.4
1772048040,693.22,693.33,692.99,692.99,3280591,874750.3
1772050320,692.98,693.19,692.85,692.85,1352090,937327.35
1772050980,692.8100000000001,693.08,692.74,693.08,1881728,1019017
1772051880,693.14,693.38,693.04,693.38,1819835,1092694.3
1772052480,693.4,693.4,693.06,693.06,767522,1112317.3
1772052600,693.0500000000001,693.3900000000001,693.0500000000001,693.3900000000001,242042,1105784.85
1772052600.001,693.6800000000001,693.6800000000001,693.34,693.34,1009293,1130569.25
1772052780,693.27,693.47,693.13,693.13,1898649,1197796.65
1772053080,693.02,693.2800000000001,692.94,693.2800000000001,1192821,1246052.15
1772053140,693.32,693.32,692.98,692.98,744260,1247315.55
1772116200,692.25,692.5300000000001,692.19,692.5300000000001,278303,1216116.1
1772116260,692.83,692.84,692.5,692.5,205602,1223492.95
1772116320,692.23,692.52,692.18,692.18,191493,1172181.2
1772116380,692.13,692.36,692.02,692.36,210899,1157666.45
1772116440,692.42,692.46,692.12,692.46,321848,1117113.2
1772116500,692.57,692.57,692.23,692.23,443107,1074555.45
1772116560,691.67,692.01,691.67,692.01,276387,1007122.15
1772116620,692.11,692.12,691.78,692.12,223737,960139.9
1772116680,692.3000000000001,692.34,692,692.34,248599,891660.75
1772116740,692.46,692.46,692.12,692.12,271279,843004.25
1772116800,691.5600000000001,691.82,691.48,691.82,205242,689236.8
1772116860,691.86,691.86,691.52,691.52,184621,630863.35
1772116920,691.34,691.51,691.17,691.17,298735,551713.7
1772116980,690.9,691.24,690.9,691.24,294756,475459.75
1772117040,691.58,691.58,691.24,691.24,319774,453072.35
1772117100,690.76,691.1,690.76,691.1,244679,453204.2
1772117160,691.35,691.35,691.01,691.01,187316,412105.35
1772117220,690.9,691.12,690.78,690.78,261261,330235.95
1772117280,690.67,691.01,690.67,691.01,198537,280521.75
1772117340,691.12,691.38,691.04,691.38,209855,253801.5
1772117400,691.58,691.58,691.24,691.24,55920,242682.35
1772117400.001,691.08,691.26,690.92,690.92,127178,238761.15
1772117460,690.8100000000001,691.03,690.6899999999999,690.6899999999999,251025,241737.75
1772117580,690.58,690.9200000000001,690.58,690.9200000000001,37697,233077.65
1772117580.001,691.0600000000001,691.0600000000001,690.72,690.72,104817,222226.1
1772117640,690.63,690.97,690.63,690.97,33559,201748.7
1772117640.001,691.04,691.26,690.92,691.26,199087,197883.7
1772117700,691.42,691.42,691.0799999999999,691.0799999999999,204618,196927.75
1772117760,690.98,691.09,690.75,690.75,156025,192299.05
1772117820,690.69,690.76,690.42,690.76,248602,191165.2
1772117880,690.77,690.9300000000001,690.59,690.59,220538,191930
1772117940,690.53,690.87,690.53,690.87,197998,192598.85
1772118000,691.03,691.03,690.6899999999999,690.6899999999999,74087,181366.45
1772118000.001,690.35,690.53,690.1899999999999,690.1899999999999,363930,184825.15
1772118060,689.58,689.9200000000001,689.58,689.9200000000001,345596,186116.25
1772118120,689.99,690.23,689.89,690.23,264704,187117.5
1772118180,690.39,690.4300000000001,690.09,690.4300000000001,239695,189736.45
1772118240,690.58,690.58,690.24,690.24,163709,184858.85
1772118300,690.01,690.35,690.01,690.35,173726,183618.3
1772118360,690.64,690.64,690.3,690.3,160584,181154.75
1772118420,689.95,690.2900000000001,689.95,690.2900000000001,195273,188122.4
1772118540,690.32,690.32,689.98,689.98,33634,183445.2
1772118540.001,689.86,690.2,689.86,690.2,144739,178130.9
1772118600,690.41,690.53,690.1899999999999,690.1899999999999,458612,199176.65
1772118720,689.07,689.29,688.9499999999999,688.9499999999999,530417,220456.65
1772118840,688.5500000000001,688.59,688.25,688.25,409804,239268.9
1772118900,687.8100000000001,688.03,687.6899999999999,687.6899999999999,343656,246497.35
1772118960,687.17,687.51,687.17,687.51,291161,250824.5
1772119020,687.64,687.64,687.3,687.3,106618,248354.15
1772119020.001,687.01,687.22,686.88,686.88,405173,256182.7
1772119080,686.58,686.87,686.53,686.53,382153,264263.45
1772119140,686.33,686.6700000000001,686.33,686.6700000000001,364792,272603.15
1772119200,686.98,686.98,686.64,686.64,135290,275663.3
1772119200.001,685.94,686.0600000000001,685.72,685.72,458093,280371.45
1772119260,685.3100000000001,685.33,684.99,684.99,344206,280301.95
1772119320,684.9300000000001,685.2700000000001,684.9300000000001,685.2700000000001,118302,272981.85
1772119320.001,685.5,685.5,685.16,685.16,434331,282713.65
1772119380,685.12,685.46,685.12,685.46,158014,282428.9
1772119380.001,685.86,685.86,685.52,685.52,553908,301438
1772119440,684.94,685.2800000000001,684.94,685.2800000000001,131964,300007
1772119440.001,685.32,685.4200000000001,685.08,685.4200000000001,448122,312649.45
1772119500,685.6,685.6800000000001,685.34,685.6800000000001,598332,340884.35
1772119560,686.36,686.36,686.02,686.02,423952,354845
1772119620,685.03,685.37,685.03,685.37,266385,345233.65
1772119680,685.5,685.5,685.16,685.16,87476,323086.6
1772119680.001,684.74,685.08,684.74,685.08,333315,319262.15
1772119740,685.8100000000001,685.8100000000001,685.47,685.47,376674,320913.05
1772119800,684.98,685.32,684.98,685.32,303172,321513.6
1772119860,685.71,685.71,685.37,685.37,236835,328024.45
1772119920,684.96,685.21,684.87,685.21,213556,318443.6
1772119980,685.3000000000001,685.3000000000001,684.96,684.96,432008,320936.35
1772120040,684.35,684.69,684.35,684.69,344764,319934.95
1772120100,685.47,685.47,685.13,685.13,194590,322899.95
1772120160,685,685.34,685,685.34,60920,303041.3
1772120160.001,685.6,685.71,685.37,685.71,240934,297877.7
1772120220,685.99,686.1600000000001,685.82,686.1600000000001,284999,306212.55
1772120280,686.6,686.6,686.26,686.26,203746,294683.3
1772120340,686.21,686.5500000000001,686.21,686.5500000000001,64374,290001.3
1772120340.001,686.63,686.9200000000001,686.58,686.9200000000001,183221,271466.95
1772120400,686.96,686.96,686.62,686.62,59424,267839.95
1772120400.001,686.47,686.72,686.38,686.72,237481,257307.9
1772120460,686.98,687.01,686.67,686.67,248877,239835.15
1772120520,686.29,686.63,686.29,686.63,172012,227238.15
1772120580,687.02,687.0600000000001,686.72,687.0600000000001,107490,219293.4
1772120640,687.09,687.2700000000001,686.9300000000001,687.2700000000001,190843,224461.75
1772120700,687.49,687.5600000000001,687.22,687.22,191104,217351.2
1772120760,686.72,686.99,686.65,686.99,127777,204906.35
1772120820,687.26,687.44,687.1,687.44,122936,195894.55
1772120880,687.5600000000001,687.63,687.29,687.63,137232,190914.4
1772120940,687.8000000000001,687.8000000000001,687.46,687.46,192433,189858.25
1772121000,687.2,687.35,687.01,687.01,193167,177916.2
1772121060,686.96,687.3000000000001,686.96,687.3000000000001,237901,172573.05
1772121120,687.95,687.95,687.61,687.61,151795,170433.3
1772121180,687.29,687.63,687.29,687.63,100800,172427.3
1772121240,687.73,687.8100000000001,687.47,687.47,143474,167554.3
1772121300,687.4,687.62,687.28,687.28,302584,168433.55
1772121420,687.27,687.61,687.27,687.61,73249,161908.7
1772121420.001,687.95,688.1800000000001,687.84,687.84,341233,175751.65
1772121540,687.54,687.88,687.54,687.88,91032,171142.2
1772121600,688.13,688.17,687.8299999999999,687.8299999999999,99093,173125.65
1772121660,687.74,687.9100000000001,687.57,687.9100000000001,128290,167666.1
1772121720,687.98,688.22,687.88,687.88,155128,162978.65
1772121780,687.79,687.94,687.6,687.94,168503,162803.2
1772121840,688.03,688.22,687.88,687.88,291746,172016
1772121960,687.46,687.8000000000001,687.46,687.8000000000001,148775,169912.6
1772122020,688.16,688.22,687.88,688.22,175787,169146.75
1772122140,688.28,688.28,687.9399999999999,687.9399999999999,92554,167385.6
1772122200,687.92,688.1600000000001,687.82,688.1600000000001,208756,171676.6
1772122320,688.48,688.48,688.14,688.14,82350,168932.5
1772122380,688.13,688.47,688.13,688.47,107449,164683.3
1772122440,688.58,688.88,688.54,688.88,176143,163832.1
1772122500,688.9,688.99,688.65,688.65,248236,164348.85
1772122620,688.44,688.62,688.28,688.28,251149,169316.55
1772122740,688.23,688.48,688.14,688.48,173822,172967.65
1772122860,688.5,688.73,688.39,688.73,87839,170185.9
1772122920,688.74,688.74,688.4,688.4,210588,165586.1
1772123040,688.3000000000001,688.6400000000001,688.3000000000001,688.6400000000001,102168,167032.05
1772123100,688.86,689.1,688.76,688.76,114496,155695.2
1772123160,688.64,688.9200000000001,688.58,688.9200000000001,199640,161125.6
1772123340,688.94,688.94,688.6,688.6,93465,160844.2
1772123400,688.5600000000001,688.9000000000001,688.5600000000001,688.9000000000001,26081,155733.75
1772123400.001,688.91,688.91,688.5699999999999,688.5699999999999,76480,151801.35
1772123460,688.44,688.7800000000001,688.44,688.7800000000001,86414,147696.9
1772123520,688.92,688.92,688.5799999999999,688.5799999999999,72279,136723.55
1772123580,688.47,688.67,688.3299999999999,688.3299999999999,340532,146311.4
1772123760,687.78,687.84,687.5,687.5,269853,151014.7
1772123880,687.37,687.71,687.37,687.71,29992,147886.6
1772123880.001,687.78,687.79,687.4499999999999,687.4499999999999,195627,147230.15
1772124000,687.22,687.5600000000001,687.22,687.5600000000001,102423,148233.8
1772124060,687.6800000000001,687.6800000000001,687.34,687.34,52230,145472.85
1772124120,687.3100000000001,687.57,687.23,687.23,129249,143128.15
1772124180,687.08,687.24,686.9,686.9,107884,136110.55
1772124240,686.84,686.87,686.53,686.53,164561,131781.15
1772124300,686.46,686.77,686.43,686.43,223588,134269.45
1772124360,686.3000000000001,686.6400000000001,686.3000000000001,686.6400000000001,164654,138110.2
1772124420,686.9,687.0400000000001,686.7,687.0400000000001,138264,134494
1772124480,687.19,687.4300000000001,687.09,687.4300000000001,230719,140921.55
1772124600,687.51,687.51,687.17,687.17,22729,136333.2
1772124600.001,686.94,687.24,686.9,686.9,127371,132719.75
1772124720,686.77,686.8000000000001,686.46,686.46,199774,138035.2
1772124840,686.38,686.5500000000001,686.21,686.5500000000001,194294,146445.85
1772124960,686.57,686.57,686.23,686.23,41764,144710.05
1772124960.001,686.21,686.38,686.04,686.38,238252,152301.95
1772125080,686.39,686.44,686.1,686.44,236956,160535.8
1772125200,686.59,686.59,686.25,686.25,111003,149059.35
1772125260,686.23,686.4000000000001,686.0600000000001,686.4000000000001,298396,150486.5
1772125440,686.6,686.8000000000001,686.46,686.8000000000001,338364,165905.1
1772125620,686.87,686.89,686.55,686.55,196255,165936.5
1772125740,686.54,686.88,686.54,686.88,55100,163570.35
1772125800,686.89,686.99,686.65,686.99,162217,169069.7
1772125920,687.0600000000001,687.0600000000001,686.72,686.72,94893,167351.9
1772125980,686.66,686.74,686.4,686.4,86228,166269.1
1772126040,686.25,686.37,686.03,686.37,287974,172439.75
1772126280,686.4,686.52,686.18,686.18,192609,170890.8
1772126460,686.14,686.4200000000001,686.08,686.4200000000001,213910,173353.6
1772126700,686.54,686.54,686.1999999999999,686.1999999999999,135814,173231.1
1772126880,686.15,686.49,686.15,686.49,130961,168243.2
1772127000,686.5600000000001,686.61,686.27,686.61,135419,173877.7
1772127120,686.82,687.09,686.75,686.75,240000,179509.15
1772127300,686.4300000000001,686.53,686.1899999999999,686.1899999999999,61229,172581.9
1772127360,686.16,686.19,685.85,685.85,136654,169699.9
1772127420,685.74,686.08,685.74,686.08,203165,177769.95
1772127600,686.1,686.1,685.76,685.76,37321,167723.4
1772127660,685.72,685.87,685.53,685.53,326288,172190
1772127960,685.52,685.82,685.48,685.48,259337,179606.7
1772128140,685.16,685.35,685.01,685.35,220307,175702.25
1772128260,685.53,685.7900000000001,685.45,685.7900000000001,170997,167333.9
1772128320,685.92,685.92,685.5799999999999,685.5799999999999,263870,170714.65
1772128500,685.4300000000001,685.62,685.28,685.62,147713,175345.3
1772128740,685.63,685.63,685.29,685.29,148472,174658.05
1772128920,685.24,685.2900000000001,684.95,685.2900000000001,238022,181814.5
1772129100,685.4,685.4,685.06,685.06,145532,184779.7
1772129220,685.04,685.25,684.91,684.91,216931,181227.55
1772129280,684.73,685.07,684.73,685.07,174274,180310.8
1772129340,685.13,685.38,685.04,685.38,128912,176060.9
1772129400,685.46,685.5,685.16,685.5,143979,176469.15
1772129460,685.54,685.54,685.1999999999999,685.1999999999999,97283,174785.25
1772129520,685.16,685.39,685.05,685.05,234464,179737.5
1772129760,684.9300000000001,685.2700000000001,684.9300000000001,685.2700000000001,45527,170013.85
1772129820,685.51,685.69,685.35,685.69,178754,175890.1
1772129940,685.8000000000001,685.86,685.52,685.52,203543,179234.55
1772130060,685.4300000000001,685.67,685.3299999999999,685.3299999999999,144118,176282.2
1772130180,685.29,685.63,685.29,685.63,60703,177451.3
1772130240,685.79,685.96,685.62,685.62,274122,174843
1772130480,685.59,685.87,685.53,685.53,275955,175673.9
1772130660,685.41,685.75,685.41,685.75,65018,167909.45
1772130720,685.78,685.9300000000001,685.59,685.9300000000001,268477,172783.45
1772130780,686.48,686.63,686.29,686.63,441386,181659.25
1772130840,686.99,687.04,686.6999999999999,686.6999999999999,292051,188876.15
1772130900,686.5600000000001,686.9000000000001,686.5600000000001,686.9000000000001,233491,193127.1
1772130960,687.54,687.6500000000001,687.3100000000001,687.6500000000001,276844,195068.2
1772131020,687.6800000000001,687.6800000000001,687.34,687.34,234203,199501.75
1772131080,687.15,687.49,687.15,687.49,120173,194663.85
1772131140,687.54,687.59,687.25,687.59,161807,194040.5
1772131260,687.6,687.61,687.27,687.61,206298,197909.8
1772131380,687.78,687.7900000000001,687.45,687.7900000000001,243502,202885.95
1772131500,688.19,688.19,687.85,687.85,127459,204394.75
1772131560,687.73,687.84,687.5,687.5,80659,196704.5
1772131620,687.49,687.61,687.27,687.27,122088,200532.55
1772131680,687.21,687.48,687.14,687.48,137088,198449.25
1772131740,687.51,687.51,687.17,687.17,120005,194272.35
1772131800,687.13,687.4200000000001,687.08,687.4200000000001,275127,200822.8
1772131980,687.46,687.48,687.14,687.48,168956,206235.45
1772132160,687.66,687.66,687.3199999999999,687.3199999999999,324012,208729.95
1772132400,687.16,687.5,687.16,687.5,73891,198626.75
1772132460,687.5600000000001,687.75,687.41,687.75,136236,202187.65
1772132580,687.95,688.1600000000001,687.82,688.1600000000001,538817,215704.65
1772132880,688.34,688.62,688.28,688.62,252207,206245.7
1772133000,688.79,688.79,688.4499999999999,688.4499999999999,164733,199879.8
1772133060,688.33,688.6400000000001,688.3000000000001,688.6400000000001,222706,199340.55
1772133180,688.65,688.8000000000001,688.46,688.8000000000001,226099,196803.3
1772133300,688.86,689.11,688.77,689.11,472281,208707.2
1772133480,689.19,689.22,688.88,689.22,272998,216348.45
1772133600,689.23,689.32,688.98,688.98,689164,242716.3
1772133900,688.86,688.99,688.65,688.65,353650,250083.9
1772134080,688.61,688.7900000000001,688.45,688.7900000000001,393636,257590.6
1772134260,688.99,689.25,688.91,689.25,248482,263641.75
1772134440,689.29,689.3100000000001,688.97,688.97,776420,298429.8
1772134980,688.96,689.3000000000001,688.96,689.3000000000001,207993,302725.05
1772135100,689.38,689.5600000000001,689.22,689.5600000000001,183433,305042.3
1772135220,689.66,689.66,689.3199999999999,689.3199999999999,346580,316371.05
1772135400,689.28,689.62,689.28,689.62,433789,324304.15
1772135700,689.66,689.66,689.3199999999999,689.3199999999999,266314,329172.05
1772135880,689.12,689.19,688.85,688.85,221679,324055.4
1772136000,688.84,689.1800000000001,688.84,689.1800000000001,243549,332538.3
1772136120,689.28,689.5300000000001,689.19,689.5300000000001,212593,336356.15
1772136240,689.61,689.8100000000001,689.47,689.47,327841,325807.35
1772136420,689.29,689.44,689.1,689.1,377520,332073
1772136600,689.0500000000001,689.22,688.88,688.88,594421,353557.4
1772136900,688.7,689.0200000000001,688.6800000000001,689.0200000000001,269330,355888.6
1772137080,689.14,689.24,688.9,688.9,304401,359803.7
1772137260,688.8000000000001,689.0300000000001,688.69,689.0300000000001,427779,357578.6
1772137560,689.04,689.04,688.6999999999999,688.6999999999999,188533,353355.35
1772137680,688.66,688.96,688.62,688.96,467553,342274.8
1772137920,689.16,689.32,688.98,689.32,353357,342260.15
1772138040,689.4300000000001,689.46,689.12,689.46,814954,363326.05
1772138280,689.52,689.52,689.18,689.18,494554,375629.65
1772138460,689.07,689.35,689.01,689.35,485511,361084.2
1772138640,689.36,689.36,689.02,689.02,345640,367966.55
1772138760,688.92,689.25,688.91,689.25,1010743,409332.05
1772139000,689.32,689.32,688.98,688.98,116792,397842.65
1772139000.001,688.82,689.01,688.67,688.67,501123,401209.35
1772139120,688.65,688.99,688.65,688.99,538998,414843.55
1772139240,689.08,689.1800000000001,688.84,689.1800000000001,1797264,493622.8
1772139540,689.37,689.37,689.03,689.03,399219,501406.3
1772202600,683.0600000000001,683.23,682.89,683.23,396774,510615.35
1772202600.001,684.11,684.11,683.77,683.77,198386,504142.6
1772202600.002,683.41,683.51,683.17,683.17,333261,501929.65
1772202660,682.8000000000001,683.1400000000001,682.8000000000001,683.1400000000001,382013,491309.25
1772202720,683.9300000000001,683.98,683.64,683.98,253265,490506
1772202780,684.16,684.16,683.8199999999999,683.8199999999999,211165,485844.2
1772202840,683.41,683.75,683.41,683.75,52281,467069.3
1772202840.001,683.79,683.92,683.5799999999999,683.5799999999999,199269,467606.1
1772202900,683.33,683.6700000000001,683.33,683.6700000000001,206239,454540.4
1772202960,683.77,683.77,683.43,683.43,69908,440367.95
1772202960.001,683.11,683.45,683.11,683.45,189330,409086.75
1772203020,683.8100000000001,683.8100000000001,683.47,683.47,59711,387344.6
1772203020.001,682.87,683.21,682.87,683.21,226951,374416.6
1772203080,683.72,683.72,683.38,683.38,171639,365716.55
1772203140,683.21,683.5500000000001,683.21,683.5500000000001,57945,318076.65
1772203140.001,684.25,684.25,683.91,683.91,289154,326694.75
1772203200,683.22,683.33,682.99,682.99,232171,313247.15
1772203260,682.9300000000001,683,682.66,682.66,294825,301038.5
1772203320,682.25,682.36,682.02,682.02,285902,225470.4
1772203380,681.64,681.98,681.64,681.98,376603,224339.6
1772203440,683.09,683.09,682.75,682.75,102771,209639.45
1772203440.001,682.62,682.62,682.28,682.28,172692,208354.75
1772203500,682.21,682.5500000000001,682.21,682.5500000000001,86346,196009
1772203500.001,682.86,683.0200000000001,682.6800000000001,683.0200000000001,366171,195216.9
1772203560,683.74,683.74,683.4,683.4,93274,187217.35
1772203560.001,683.37,683.4300000000001,683.09,683.09,156066,184462.4
1772203620,682.47,682.8100000000001,682.47,682.8100000000001,255937,194645.2
1772203680,683.63,683.86,683.52,683.52,225289,195946.2
1772203740,683.37,683.69,683.35,683.35,244530,197860.75
1772203800,682.76,683.1,682.76,683.1,206551,204692.9
1772203860,683.65,683.65,683.31,683.31,87896,199621.2
1772203920,683.3000000000001,683.37,683.03,683.03,80780,200674.65
1772203920.001,682.88,683.08,682.74,683.08,177264,198190.3
1772203980,683.2,683.4,683.06,683.06,189946,199105.65
1772204040,682.71,683.0500000000001,682.71,683.0500000000001,48106,198613.7
1772204040.001,683.08,683.38,683.04,683.04,168357,192573.85
1772204100,682.78,683.12,682.78,683.12,171399,189535.25
1772204160,683.15,683.15,682.81,682.81,57640,177676
1772204160.001,682.6,682.94,682.6,682.94,166115,171686.65
1772204220,683.37,683.37,683.03,683.03,54237,155568.35
1772204220.001,682.74,683.0400000000001,682.7,683.0400000000001,181818,159520.7
1772204280,683.14,683.14,682.8,682.8,171956,159483.9
1772204340,682.7,683,682.66,683,278197,169076.45
1772204400,683.3100000000001,683.4200000000001,683.08,683.4200000000001,341701,167852.95
1772204460,684.08,684.08,683.74,683.74,163279,171353.2
1772204520,683.73,684.0200000000001,683.6800000000001,684.0200000000001,150992,171099.5
1772204520.001,684.4300000000001,684.4300000000001,684.09,684.09,75495,162077.4
1772204520.002,684.03,684.1800000000001,683.84,683.84,171942,159410.05
1772204580,683.64,683.89,683.55,683.55,193550,156861.05
1772204640,683.3100000000001,683.6500000000001,683.3100000000001,683.6500000000001,68118,149939.4
1772204640.001,684,684.1600000000001,683.82,684.1600000000001,199269,155508.05
1772204700,684.4,684.6600000000001,684.32,684.6600000000001,197058,161321.95
1772204760,684.79,684.79,684.4499999999999,684.4499999999999,76670,156292.25
1772204760.001,684.26,684.6,684.26,684.6,273367,160463.3
1772204820,684.96,685.0500000000001,684.71,685.0500000000001,356060,175861
1772204880,685.42,685.42,685.0799999999999,685.0799999999999,280739,181480.1
1772204940,684.66,684.99,684.65,684.99,196659,182743.1
1772205000,685.17,685.17,684.8299999999999,684.8299999999999,160864,187904.3
1772205060,684.8000000000001,685.1400000000001,684.8000000000001,685.1400000000001,57872,182492.15
1772205060.001,685.49,685.49,685.15,685.15,232103,191385.45
1772205120,685.1,685.21,684.87,684.87,187612,191675.15
1772205180,684.8100000000001,685.07,684.73,684.73,161433,191149
1772205240,684.51,684.85,684.51,684.51,167321,185605.2
1772205300,684.49,684.61,684.27,684.27,152285,176134.4
1772205360,684.07,684.3100000000001,683.97,683.97,258454,180893.15
1772205480,683.6,683.94,683.6,683.94,161253,181406.2
1772205540,684.33,684.34,684,684.34,185196,186891.25
1772205600,684.72,684.72,684.38,684.38,143429,185465.6
1772205660,684.27,684.61,684.27,684.27,108114,181193.8
1772205720,684.15,684.49,684.15,684.49,137612,184668.5
1772205780,684.69,684.71,684.37,684.71,118979,180654
1772205840,684.99,684.99,684.65,684.65,120366,176819.4
1772205900,684.3000000000001,684.4300000000001,684.09,684.4300000000001,256457,185808.75
1772206020,684.61,684.6800000000001,684.34,684.6800000000001,141291,179204.95
1772206080,684.82,684.82,684.48,684.48,98176,166310.75
1772206140,684.33,684.61,684.27,684.27,232815,163914.55
1772206260,684.12,684.32,683.98,683.98,129558,160559.5
1772206320,683.74,684.08,683.74,684.08,105683,157800.45
1772206380,684.65,684.67,684.3299999999999,684.3299999999999,105557,160184.7
1772206440,684.26,684.6,684.26,684.6,128621,155010.6
1772206500,684.85,684.85,684.51,684.51,102702,150765.1
1772206560,684.5,684.84,684.5,684.84,34443,144415.6
1772206560.001,685.07,685.37,685.03,685.37,140899,143094.5
1772206620,685.47,685.47,685.13,685.13,35485,137254.5
1772206620.001,685.07,685.36,685.02,685.36,47011,126682.35
1772206680,685.4,685.4,685.06,685.06,73739,122306.65
1772206740,685.0500000000001,685.14,684.8,684.8,127687,119431.2
1772206860,684.75,685.09,684.75,685.09,17029,113111.2
1772206860.001,685.1800000000001,685.4200000000001,685.08,685.4200000000001,230610,119236
1772206980,685.75,685.82,685.48,685.82,280521,126381.45
1772207100,686.0500000000001,686.0500000000001,685.71,685.71,84292,124647.1
1772207160,685.69,685.83,685.49,685.49,176476,127452.6
1772207220,685.38,685.49,685.15,685.15,108052,120032.35
1772207280,685.04,685.38,685.04,685.38,59732,115954.4
1772207340,685.39,685.39,685.05,685.05,17020,111896.6
1772207340.001,685,685.16,684.8199999999999,684.8199999999999,207216,110616.65
1772207460,684.48,684.76,684.42,684.76,113662,109821.85
1772207520,684.86,684.86,684.52,684.52,90265,109050.95
1772207580,684.37,684.64,684.3,684.3,176488,112597.5
1772207700,684.23,684.57,684.23,684.57,19602,107146.55
1772207700.001,684.67,684.9200000000001,684.58,684.9200000000001,101565,107089.7
1772207760,685.13,685.19,684.85,685.19,87366,109735.85
1772207820,685.37,685.37,685.03,685.03,190922,112237
1772207940,684.99,685.33,684.99,685.33,202799,120602.7
1772208060,685.51,685.58,685.24,685.58,101578,123331.05
1772208120,685.66,685.87,685.53,685.87,216775,130482.85
1772208240,685.9300000000001,685.9300000000001,685.59,685.59,197548,133975.9
1772208300,685.53,685.65,685.31,685.31,222911,144270
1772208420,685.27,685.36,685.02,685.02,228403,144159.65
1772208540,684.66,685,684.66,685,145898,137428.5
1772208600,685.11,685.23,684.89,684.89,209376,143682.7
1772208720,684.8100000000001,685.1500000000001,684.8100000000001,685.1500000000001,86244,139171.1
1772208780,685.63,685.69,685.35,685.35,264140,146975.5
1772208960,685.25,685.59,685.25,685.59,100007,148989.25
1772209020,685.97,686.0500000000001,685.71,685.71,261242,161200.35
1772209140,685.5500000000001,685.63,685.29,685.29,138092,157744.15
1772209200,685.22,685.49,685.15,685.49,157501,159936.1
1772209320,685.62,685.63,685.29,685.63,137263,162286
1772209440,685.87,686.01,685.67,685.67,248665,165894.85
1772209620,685.4,685.72,685.38,685.72,169639,173396.7
1772209740,685.83,685.83,685.49,685.49,30565,169846.7
1772209740.001,685.32,685.6600000000001,685.32,685.6600000000001,112973,171127.05
1772209800,685.82,685.95,685.61,685.95,197925,171477.2
1772209920,686.15,686.1700000000001,685.83,686.1700000000001,279338,175304.15
1772210040,686.26,686.29,685.9499999999999,685.9499999999999,128008,176625.65
1772210100,685.88,686.0600000000001,685.72,685.72,99779,170775.85
1772210160,685.67,685.79,685.4499999999999,685.4499999999999,258687,173832.8
1772210340,685.44,685.52,685.18,685.18,120555,168715
1772210400,685.08,685.32,684.98,684.98,182605,166425.1
1772210520,684.91,685.04,684.6999999999999,684.6999999999999,228112,170535.8
1772210640,684.67,684.98,684.64,684.98,114620,165798
1772210700,685.0600000000001,685.07,684.73,684.73,151310,169051.3
1772210820,684.71,684.9100000000001,684.57,684.9100000000001,253667,168527.65
1772211000,685.12,685.33,684.99,685.33,130787,170066.65
1772211060,685.62,685.62,685.28,685.28,222581,168133.6
1772211180,685.24,685.58,685.24,685.58,84174,165437.7
1772211240,685.67,685.88,685.54,685.88,85403,161832.8
1772211300,685.92,685.92,685.5799999999999,685.5799999999999,93860,159662.65
1772211360,685.4300000000001,685.69,685.35,685.35,122130,153335.9
1772211480,685.15,685.2,684.86,684.86,119244,150816.15
1772211540,684.78,685.12,684.78,685.12,131088,155842.3
1772211600,685.45,685.61,685.27,685.61,154240,157905.65
1772211720,685.65,685.8000000000001,685.46,685.8000000000001,326893,164354.05
1772211960,685.9300000000001,686.07,685.73,686.07,116945,156234.4
1772212020,686.14,686.28,685.9399999999999,685.9399999999999,285380,164103
1772212200,685.57,685.63,685.29,685.29,116119,164920
1772212260,685.26,685.4,685.06,685.06,213313,162651.3
1772212380,684.99,685.1,684.76,684.76,235945,168420.8
1772212500,684.69,684.8100000000001,684.47,684.47,317700,175175.55
1772212620,684.37,684.49,684.15,684.15,302136,178876.75
1772212800,683.94,684.13,683.79,683.79,275476,186919.55
1772212920,683.29,683.63,683.29,683.63,216037,190155.9
1772212980,683.89,684.07,683.73,684.07,201012,187523.15
1772213040,684.09,684.25,683.91,684.25,181478,190057.7
1772213100,684.34,684.34,684,684,119342,184895.75
1772213160,683.95,684.2900000000001,683.95,684.2900000000001,37339,182554
1772213160.001,684.4300000000001,684.51,684.17,684.17,116092,184088.45
1772213220,684.1,684.44,684.1,684.44,106650,184727.95
1772213280,684.48,684.48,684.14,684.14,88710,183056.95
1772213340,684.0500000000001,684.3100000000001,683.97,684.3100000000001,287369,191463.2
1772213400,684.8100000000001,684.8100000000001,684.47,684.47,88910,189354.3
1772213400.001,684.28,684.4,684.06,684.06,206370,191960.8
1772213460,683.74,684.08,683.74,684.08,68790,179055.65
1772213460.001,684.21,684.4300000000001,684.09,684.4300000000001,149873,180702.05
1772213520,684.74,684.74,684.4,684.4,91403,171003.2
1772213580,684.22,684.5600000000001,684.22,684.5600000000001,20722,166233.35
1772213580.001,684.73,684.97,684.63,684.97,94161,160275.75
1772213640,684.99,684.99,684.65,684.65,115440,154250.5
1772213700,684.64,684.98,684.64,684.98,83431,142537.05
1772213760,685.12,685.12,684.78,684.78,26555,128758
1772213760.001,684.71,684.75,684.41,684.41,400608,135014.6
1772213940,684.26,684.42,684.0799999999999,684.0799999999999,153628,131894.15
1772214060,683.91,684.0600000000001,683.72,683.72,105884,127137.75
1772214120,683.69,683.99,683.65,683.99,101651,123146.4
1772214180,684.08,684.13,683.79,683.79,172096,125784.1
1772214300,683.6800000000001,683.86,683.52,683.52,98074,128820.85
1772214360,683.48,683.82,683.48,683.82,57571,125894.8
1772214420,683.84,683.8900000000001,683.5500000000001,683.8900000000001,194349,130279.75
1772214540,683.97,684.02,683.68,683.68,205643,136126.4
1772214660,683.61,683.9300000000001,683.59,683.9300000000001,223262,132921.05
1772214780,684.24,684.34,684,684.34,334678,145209.45
1772215020,684.35,684.44,684.1,684.44,93023,139542.1
1772215080,684.45,684.62,684.28,684.62,175934,144899.3
1772215200,684.6800000000001,684.6800000000001,684.34,684.34,73501,141080.7
1772215260,684.14,684.37,684.03,684.37,117683,142394.7
1772215380,684.4,684.44,684.1,684.44,52669,143992.05
1772215440,684.47,684.47,684.13,684.13,104341,144501.05
1772215500,683.96,684.3000000000001,683.96,684.3000000000001,144695,145963.8
1772215620,684.47,684.47,684.13,684.13,51071,144345.8
1772215680,684.07,684.1800000000001,683.84,683.84,159315,150983.8
1772215800,683.82,684.1600000000001,683.82,684.1600000000001,109645,136435.65
1772215860,684.28,684.28,683.9399999999999,683.9399999999999,89226,133215.55
1772215920,683.9,684.03,683.6899999999999,683.6899999999999,483505,152096.6
1772216340,683.5,683.74,683.4,683.4,223356,158181.85
1772216460,683.1800000000001,683.51,683.17,683.51,133581,156256.1
1772216520,683.57,683.61,683.27,683.27,275485,165126.65
1772216700,683.17,683.4000000000001,683.0600000000001,683.4000000000001,278039,176150.05
1772216880,683.59,683.84,683.5,683.84,136528,173259
1772216940,683.91,683.96,683.62,683.62,270214,176487.55
1772217120,683.53,683.83,683.49,683.83,147948,172721.85
1772217240,683.89,683.89,683.55,683.55,189312,165453.55
1772217420,683.3000000000001,683.6400000000001,683.3000000000001,683.6400000000001,54283,163516.55
1772217480,683.6800000000001,683.88,683.54,683.88,181121,163775.9
1772217600,684.04,684.22,683.88,684.22,168876,168544.65
1772217720,684.24,684.24,683.9,683.9,85227,166921.85
1772217780,683.78,684.02,683.68,683.68,190231,173799.95
1772217960,683.62,683.88,683.54,683.88,64869,171826.35
1772218020,684,684.04,683.6999999999999,683.6999999999999,144505,171816.85
1772218140,683.6,683.8100000000001,683.47,683.8100000000001,255146,182020.6
1772218320,684.04,684.0500000000001,683.71,683.71,253118,186710.75
1772218560,683.54,683.88,683.54,683.88,122802,187368.6
1772218680,683.89,684.22,683.88,684.22,254497,195632.15
1772218860,684.29,684.51,684.17,684.51,229156,182914.7
1772218980,684.59,684.8100000000001,684.47,684.8100000000001,530173,198255.55
1772219160,684.98,684.98,684.64,684.64,143615,198757.25
1772219220,684.44,684.48,684.14,684.14,136242,191795.1
1772219280,684.01,684.0600000000001,683.72,683.72,302004,192993.35
1772219460,683.59,683.9300000000001,683.59,683.9300000000001,101016,191217.75
1772219520,683.94,684.1800000000001,683.84,684.1800000000001,88197,182116.9
1772219580,684.21,684.22,683.88,683.88,141519,181795.45
1772219700,683.75,684.09,683.75,684.09,164515,180555.6
1772219880,684.1,684.12,683.78,683.78,358337,195758.3
1772220120,683.6800000000001,683.84,683.5,683.5,298125,201608.5
1772220360,683.48,683.82,683.48,683.82,118461,199087.75
1772220420,684.03,684.03,683.6899999999999,683.6899999999999,140350,201843.9
1772220540,683.52,683.61,683.27,683.27,286990,206681.85
1772220660,683.1800000000001,683.5200000000001,683.1800000000001,683.5200000000001,240840,215480.4
1772220840,683.57,683.73,683.39,683.73,146663,215588.3
1772220900,683.76,683.9200000000001,683.58,683.9200000000001,133201,209491.05
1772221020,683.98,684.03,683.6899999999999,683.6899999999999,189821,206326.2
1772221200,683.58,683.7,683.36,683.36,189387,209655.45
1772221320,683.3100000000001,683.36,683.02,683.02,267467,210303.95
1772221440,682.99,683.33,682.99,683.33,75524,202622.35
1772221440.001,683.38,683.65,683.31,683.31,641340,208180.7
1772221680,683.26,683.46,683.12,683.46,379713,219985.6
1772222040,683.48,683.57,683.23,683.57,151138,220730.4
1772222160,683.63,683.63,683.29,683.29,275001,219380.25
1772222340,683.24,683.58,683.24,683.58,97524,219205.65
1772222400,683.64,683.84,683.5,683.84,201824,224887
1772222520,683.91,683.95,683.61,683.95,494174,242519.75
1772222820,683.97,684.25,683.91,684.25,563238,262455.9
1772223000,684.5,684.6400000000001,684.3000000000001,684.6400000000001,462684,267673.25
1772223120,684.95,685.11,684.77,685.11,548260,280180
1772223240,685.22,685.46,685.12,685.46,668596,307686.75
1772223420,685.58,685.69,685.35,685.69,538727,327605.6
1772223540,685.71,685.71,685.37,685.37,289949,327753.55
1772223600,685.21,685.5200000000001,685.1800000000001,685.5200000000001,279272,329675.15
1772223660,685.67,685.86,685.52,685.86,395149,342099.45
1772223780,685.91,686.1,685.76,685.76,417813,356330.05
1772223900,685.69,685.97,685.63,685.63,814820,387580
1772224140,685.54,685.82,685.48,685.48,1433305,449775.9
1772224440,685.3000000000001,685.41,685.0699999999999,685.0699999999999,1015023,487153.7
1772224620,684.79,684.84,684.5,684.5,290349,497894.95
1772224680,684.49,684.83,684.49,684.83,772388,504447.35
1772224800,684.92,684.99,684.65,684.99,745955,522759.45
1772224920,685.03,685.37,685.03,685.37,361843,533294.7
1772224980,685.41,685.49,685.15,685.15,354597,537274.5
1772225040,684.9300000000001,685.2700000000001,684.9300000000001,685.2700000000001,307967,547796.65
1772225100,685.3100000000001,685.44,685.1,685.1,723976,573904.25
1772225220,685.02,685.2700000000001,684.9300000000001,685.2700000000001,253765,561883.8
1772225280,685.4,685.57,685.23,685.57,803784,573911.1
1772225400,686.15,686.15,685.81,685.81,154785,558516.15
1772225400.001,685.5,685.5,685.16,685.16,614858,561846.05
1772225520,685.15,685.4200000000001,685.08,685.4200000000001,399957,548414.1
1772225580,685.71,685.76,685.42,685.76,901862,566570.85
1772225700,685.79,685.79,685.4499999999999,685.4499999999999,146791,559412.95
1772225700.001,685.32,685.63,685.29,685.63,527674,571833.05
1772225760,685.74,686,685.66,686,1250318,614591.5
1772225880,686.08,686.08,685.74,685.74,233477,605374.7
1772225880.001,685.69,685.86,685.52,685.52,1553900,642328.7
1772225940,685.51,685.85,685.51,685.85,660211,603674
1772225940.001,686.86,686.86,686.52,686.52,660211,585933.4
1772225940.002,686.22,686.22,685.88,685.88,228197,582825.8
1772461800,678.7,678.7,678.36,678.36,228197,555616.25
1772461800.001,678.02,678.36,678.02,678.36,228196,529728.3
1772461800.002,679.29,679.45,679.11,679.45,542737,538773
1772461860,680.22,680.22,679.88,679.88,267810,534433.65
1772461920,679.7,680.0400000000001,679.7,680.0400000000001,81481,523109.35
1772461920.001,680.7,680.7,680.36,680.36,320531,502937.1
1772461980,680.34,680.6800000000001,680.34,680.6800000000001,119525,496225.1
1772461980.001,680.8100000000001,680.8100000000001,680.47,680.47,330381,472554.95
1772462040,680.33,680.6700000000001,680.33,680.6700000000001,105428,470087.1
1772462040.001,681.48,681.48,681.14,681.14,261994,452443.9
1772462100,680.98,681.32,680.98,681.32,78283,436360.2
1772462100.001,681.63,681.85,681.51,681.85,415527,412043.45
1772462160,682.01,682.08,681.74,682.08,464353,427921.55
1772462220,682.46,682.46,682.12,682.12,117313,407403.5
1772462220.001,681.86,682,681.66,681.66,284487,359111.95
1772462280,681.25,681.59,681.25,681.59,94829,352179.55
1772462280.001,681.6,681.82,681.48,681.48,377467,293357.9
1772462340,680.83,681.1700000000001,680.83,681.1700000000001,323542,276524.45
1772462400,681.8000000000001,681.8000000000001,681.46,681.46,65906,246809.2
1772462400.001,681.09,681.4000000000001,681.0600000000001,681.4000000000001,105404,240669.55
1772462460,681.77,681.77,681.43,681.43,35134,231016.4
1772462460.001,681.4,681.7,681.36,681.7,166349,227924.05
1772462520,681.96,682.12,681.78,681.78,260400,213807.2
1772462580,681.28,681.62,681.28,681.62,260403,213436.85
1772462640,682.34,682.34,682,682,195510,219138.3
1772462700,681.75,682.09,681.75,682.09,65741,206398.8
1772462700.001,682.83,682.83,682.49,682.49,210943,210969.7
1772462760,682.22,682.5600000000001,682.22,682.5600000000001,72600,198080.65
1772462760.001,682.96,682.96,682.62,682.62,72600,196439.25
1772462760.002,682.6,682.6600000000001,682.32,682.6600000000001,166447,191661.9
1772462820,682.86,682.99,682.65,682.99,249140,200204.75
1772462880,683.23,683.23,682.89,682.89,223844,190620.6
1772462940,682.8000000000001,683.1400000000001,682.8000000000001,683.1400000000001,79645,171385.2
1772462940.001,683.37,683.37,683.03,683.03,370114,184025.25
1772463000,682.75,683.09,682.75,683.09,226642,181133
1772463060,683.11,683.11,682.77,682.77,64909,179637
1772463060.001,682.54,682.6800000000001,682.34,682.34,358975,178712.4
1772463120,681.91,682.25,681.91,682.25,199864,172528.5
1772463180,682.42,682.42,682.0799999999999,682.0799999999999,50921,171779.25
1772463180.001,681.88,682.22,681.88,682.22,211883,177103.2
1772463240,682.69,682.7800000000001,682.44,682.7800000000001,182765,184484.75
1772463300,682.79,682.79,682.4499999999999,682.4499999999999,198785,186106.55
1772463360,681.97,682.3100000000001,681.97,682.3100000000001,51915,175682.3
1772463360.001,682.48,682.6700000000001,682.33,682.6700000000001,143351,169829.7
1772463420,682.72,682.73,682.39,682.73,187433,169425.85
1772463480,683.11,683.11,682.77,682.77,134480,172862.8
1772463540,682.58,682.9200000000001,682.58,682.9200000000001,43965,164513.9
1772463540.001,683.09,683.09,682.75,682.75,241140,172940.9
1772463600,681.96,682.3000000000001,681.96,682.3000000000001,275740,183097.9
1772463660,683.49,683.71,683.37,683.71,261938,187872.45
1772463720,683.82,683.88,683.54,683.88,402069,195518.9
1772463780,684.3100000000001,684.46,684.12,684.12,289877,198820.55
1772463840,683.87,684.21,683.87,684.21,59060,197791.3
1772463840.001,684.24,684.26,683.92,683.92,114158,184993.5
1772463900,683.89,684.23,683.89,684.23,57078,176515.3
1772463900.001,684.49,684.49,684.15,684.15,193945,182967.1
1772463960,684.03,684.37,684.03,684.37,68433,168440
1772463960.001,684.5,684.6700000000001,684.33,684.6700000000001,311261,174009.85
1772464020,684.87,684.94,684.6,684.6,331723,188049.95
1772464080,684.34,684.6800000000001,684.34,684.6800000000001,254487,190180.15
1772464140,684.72,684.72,684.38,684.38,85446,185314.2
1772464140.001,684.12,684.46,684.12,684.46,268464,188798.15
1772464200,684.61,684.86,684.52,684.86,341176,203261.2
1772464260,685.09,685.1600000000001,684.82,685.1600000000001,576280,224907.65
1772464380,685.33,685.33,684.99,684.99,305794,230825.7
1772464440,684.78,685.09,684.75,684.75,274850,237844.2
1772464500,684.61,684.95,684.61,684.95,246712,247981.55
1772464560,685.25,685.3100000000001,684.97,685.3100000000001,181406,244994.85
1772464620,685.36,685.36,685.02,685.02,60697,234242.7
1772464620.001,684.79,685.03,684.6899999999999,684.6899999999999,262351,234263.35
1772464680,684.45,684.6600000000001,684.32,684.6600000000001,282798,228299.8
1772464740,684.77,684.7800000000001,684.44,684.7800000000001,236187,225615.3
1772464800,684.83,684.83,684.49,684.49,247812,235052.9
1772464860,683.9,684.11,683.77,683.77,267894,242739.7
1772464920,683.49,683.83,683.49,683.83,244229,252097.25
1772464980,684.63,684.63,684.29,684.29,201852,252492.6
1772465040,683.82,684.1600000000001,683.82,684.1600000000001,144548,256298.35
1772465100,684.42,684.42,684.0799999999999,684.0799999999999,48430,243156.8
1772465100.001,683.86,684.2,683.86,684.2,113600,232250.65
1772465160,684.27,684.27,683.93,683.93,32585,221155.55
1772465160.001,683.75,684.09,683.75,684.09,171301,225448.3
1772465220,684.1,684.1,683.76,683.76,69358,215493
1772465220.001,683.45,683.6700000000001,683.33,683.6700000000001,186700,207769.2
1772465280,683.76,683.76,683.42,683.42,164348,187172.6
1772465340,683.07,683.4100000000001,683.07,683.4100000000001,41744,173970.1
1772465340.001,683.4300000000001,683.6700000000001,683.33,683.6700000000001,126245,166539.85
1772465400,683.87,683.87,683.53,683.53,42081,156308.3
1772465400.001,683.4300000000001,683.48,683.14,683.14,106928,152584.4
1772465460,683.04,683.38,683.04,683.04,161675,157633.3
1772465520,682.61,682.8900000000001,682.5500000000001,682.8900000000001,391513,164091.4
1772465640,683.24,683.24,682.9,682.9,126826,156292.8
1772465700,682.75,682.95,682.61,682.61,152993,152133.1
1772465760,682.42,682.76,682.42,682.76,42892,141887.1
1772465760.001,682.86,683.12,682.78,683.12,173076,137146.2
1772465820,683.21,683.44,683.1,683.44,206495,135259.5
1772465880,683.66,683.86,683.52,683.86,185252,134429.5
1772465940,683.98,683.98,683.64,683.64,163773,135390.75
1772466000,683.45,683.7900000000001,683.45,683.7900000000001,129163,139427.4
1772466060,684.15,684.15,683.81,683.81,157105,141602.65
1772466120,683.8000000000001,684.11,683.77,684.11,118781,145912.45
1772466180,684.17,684.2900000000001,683.95,684.2900000000001,121475,143421.15
1772466240,684.33,684.5200000000001,684.1800000000001,684.5200000000001,419288,160917.65
1772466420,684.84,684.84,684.5,684.5,61061,154635.7
1772466420.001,684.29,684.3000000000001,683.96,683.96,206904,156763.5
1772466480,683.86,684.1,683.76,684.1,145478,161950.2
1772466540,684.28,684.34,684,684.34,113245,161300.2
1772466600,684.52,684.52,684.18,684.18,115430,164967.65
1772466660,684.14,684.34,684,684,252070,172224.75
1772466780,683.71,683.78,683.4399999999999,683.4399999999999,160651,172173.55
1772466840,683.27,683.5,683.16,683.5,126508,158923.3
1772466900,683.69,683.99,683.65,683.99,94255,157294.75
1772466960,684.15,684.2800000000001,683.94,684.2800000000001,270592,163174.7
1772467140,684.3000000000001,684.3000000000001,683.96,683.96,151746,168617.4
1772467200,683.77,683.97,683.63,683.97,153950,167661.1
1772467260,684.1800000000001,684.23,683.89,684.23,212707,167971.7
1772467380,684.29,684.4300000000001,684.09,684.4300000000001,150650,166241.6
1772467440,684.7,684.76,684.42,684.76,145972,165351.55
1772467500,684.8000000000001,684.96,684.62,684.96,291926,173489.7
1772467620,685.12,685.33,684.99,685.33,336539,182461.4
1772467740,685.58,685.67,685.3299999999999,685.3299999999999,351333,194089
1772467800,685.21,685.5,685.16,685.5,287144,202372.45
1772467860,685.67,685.67,685.3299999999999,685.3299999999999,468260,204821.05
1772468040,685.28,685.34,685,685,175880,210562
1772468100,684.9300000000001,685.08,684.74,684.74,199809,210207.25
1772468220,684.73,685.0200000000001,684.6800000000001,685.0200000000001,82539,207060.3
1772468280,685.24,685.24,684.9,684.9,65618,204678.95
1772468340,684.66,684.82,684.48,684.48,122912,205053.05
1772468400,684.4,684.74,684.4,684.74,99526,197425.85
1772468460,684.9300000000001,684.9300000000001,684.59,684.59,224621,200624.35
1772468640,684.5600000000001,684.74,684.4,684.4,126507,200624.3
1772468700,684.3100000000001,684.41,684.0699999999999,684.0699999999999,149949,203409
1772468760,683.73,683.88,683.54,683.54,492297,214494.25
1772468820,683.03,683.2900000000001,682.95,683.2900000000001,354543,224634.1
1772468880,683.33,683.45,683.11,683.45,469979,240435.55
1772469000,683.72,683.72,683.38,683.38,128522,236226.3
1772469060,683.02,683.3000000000001,682.96,682.96,215421,239464.85
1772469180,682.92,683.26,682.92,683.26,257456,245039.05
1772469240,683.96,683.96,683.62,683.62,161760,238530.75
1772469300,683.52,683.86,683.52,683.86,42240,223815.8
1772469300.001,684.0600000000001,684.32,683.98,684.32,136463,213072.3
1772469360,684.39,684.59,684.25,684.59,132298,205330
1772469420,684.8000000000001,684.9000000000001,684.5600000000001,684.9000000000001,121722,188003.1
1772469480,685.08,685.19,684.85,685.19,309418,194680
1772469600,685.7,685.87,685.53,685.87,180323,193705.7
1772469660,686.1800000000001,686.3000000000001,685.96,685.96,268384,202997.95
1772469720,685.61,685.95,685.61,685.95,74025,203418.3
1772469720.001,686.14,686.35,686.01,686.35,243922,209468.8
1772469780,686.36,686.5300000000001,686.19,686.5300000000001,398864,224435.7
1772469900,686.69,686.76,686.42,686.76,385195,232464.4
1772470020,686.95,686.97,686.63,686.63,259319,239105
1772470080,686.3100000000001,686.6500000000001,686.3100000000001,686.6500000000001,161097,239662.4
1772470140,686.67,686.67,686.3299999999999,686.3299999999999,159725,223033.8
1772470200,686.19,686.34,686,686,187313,214672.3
1772470260,685.99,686.33,685.99,686.33,161819,199264.3
1772470320,686.54,686.54,686.1999999999999,686.1999999999999,321795,208927.95
1772470440,686.08,686.25,685.91,686.25,141207,205217.25
1772470500,686.52,686.52,686.18,686.18,257733,205231.1
1772470680,686.13,686.47,686.13,686.13,188899,206588.05
1772470800,686.1,686.33,685.99,685.99,255957,217273.9
1772470980,685.85,686.19,685.85,686.19,137718,217336.65
1772471040,686.4,686.62,686.28,686.28,257573,223600.4
1772471220,685.98,686.1800000000001,685.84,685.84,326649,233846.75
1772471400,685.8000000000001,686.0500000000001,685.71,686.0500000000001,333219,235036.8
1772471580,686.25,686.5200000000001,686.1800000000001,686.5200000000001,207859,236413.6
1772471700,686.95,687.08,686.74,687.08,374881,241738.45
1772471940,687.09,687.17,686.8299999999999,686.8299999999999,383166,257195.5
1772472120,686.69,687.0300000000001,686.69,687.0300000000001,102823,250140.55
1772472180,687.0500000000001,687.19,686.85,686.85,197371,240065.9
1772472300,686.73,686.83,686.49,686.49,148315,228221.9
1772472420,686.45,686.76,686.42,686.42,247954,227653.65
1772472600,686.38,686.65,686.31,686.31,103170,224757.3
1772472660,686.22,686.5600000000001,686.22,686.5600000000001,61241,219833.1
1772472720,686.73,686.73,686.39,686.39,21050,211519.95
1772472720.001,686.3000000000001,686.4200000000001,686.08,686.4200000000001,257513,216304.65
1772472960,686.67,686.69,686.35,686.35,123069,206368.35
1772473080,686.11,686.45,686.11,686.45,106750,204645.5
1772473200,686.46,686.6500000000001,686.3100000000001,686.6500000000001,70496,195283.65
1772473260,686.88,686.88,686.54,686.54,210057,196341.55
1772473440,686.49,686.83,686.49,686.83,150987,191093.05
1772473560,686.88,687,686.66,686.66,247098,196562.05
1772473740,686.5600000000001,686.9000000000001,686.5600000000001,686.9000000000001,240289,195697.85
1772473860,687.3100000000001,687.3100000000001,686.97,686.97,364042,197567.5
1772474160,686.77,687.0500000000001,686.71,687.0500000000001,220665,191939.8
1772474340,687.3100000000001,687.42,687.0799999999999,687.0799999999999,459612,204527.45
1772474760,687.0600000000001,687.27,686.93,686.93,183161,194941.45
1772475000,686.91,687.1,686.76,686.76,366940,194130.15
1772475360,686.73,686.88,686.54,686.54,238595,200918.75
1772475600,686.38,686.5500000000001,686.21,686.21,148111,198455.75
1772475720,686.1,686.44,686.1,686.44,128940,197487
1772475840,686.57,686.58,686.24,686.58,139442,192061.4
1772475960,686.69,686.87,686.53,686.53,213788,197592.3
1772476200,686.51,686.7800000000001,686.44,686.7800000000001,184932,203776.85
1772476380,686.84,686.84,686.5,686.5,134479,209448.3
1772476500,686.37,686.52,686.18,686.18,151394,204142.35
1772476620,686.17,686.35,686.01,686.01,296265,212802.15
1772476860,685.9300000000001,686.13,685.79,686.13,263122,220620.75
1772476980,686.34,686.34,686,686,91386,221665.25
1772477100,685.98,686.12,685.78,685.78,63269,214325.85
1772477160,685.72,685.73,685.39,685.39,160999,214826.45
1772477220,685.3100000000001,685.6500000000001,685.3100000000001,685.6500000000001,115794,208261.25
1772477280,685.87,686.01,685.67,685.67,222433,207368.45
1772477460,685.6,685.8100000000001,685.47,685.47,240224,201177.55
1772477700,685.4,685.67,685.3299999999999,685.3299999999999,238616,202075.1
1772477880,685.23,685.5300000000001,685.19,685.5300000000001,405076,199348.3
1772478060,685.58,685.58,685.24,685.24,82770,194328.75
1772478120,685.2,685.5400000000001,685.2,685.5400000000001,109606,181462.05
1772478180,685.58,685.7700000000001,685.4300000000001,685.7700000000001,268872,182975.9
1772478360,685.95,686.0500000000001,685.71,686.0500000000001,285875,189864.1
1772478540,686.48,686.73,686.39,686.73,246610,195747.6
1772478660,686.79,686.99,686.65,686.99,603943,218972.65
1772478900,687.53,687.6600000000001,687.32,687.6600000000001,398120,228189.25
1772479020,687.77,687.84,687.5,687.84,501006,243992.95
1772479200,688.09,688.2,687.86,688.2,182423,246390.15
1772479260,688.21,688.21,687.87,687.87,414596,259550.25
1772479440,687.69,687.8900000000001,687.5500000000001,687.8900000000001,198969,254685.45
1772479560,687.92,688.11,687.77,688.11,306842,256871.45
1772479740,688.28,688.5300000000001,688.19,688.5300000000001,187395,261671.9
1772479800,688.5500000000001,688.5500000000001,688.21,688.21,208981,268957.5
1772479860,688.13,688.47,688.13,688.47,416695,281742.3
1772480040,688.51,688.62,688.28,688.28,596652,305785.2
1772480340,688.24,688.45,688.11,688.11,385790,313953.05
1772480580,687.99,688.3100000000001,687.97,688.3100000000001,314031,317643.4
1772480820,688.41,688.44,688.1,688.44,336593,322542.25
1772481180,688.47,688.53,688.1899999999999,688.1899999999999,474452,326011.05
1772481540,688.14,688.33,687.99,687.99,199600,331852.55
1772481660,687.91,688.16,687.8199999999999,687.8199999999999,1040657,378405.1
1772481960,687.0600000000001,687.4000000000001,687.0600000000001,687.4000000000001,202463,375084.65
1772481960.001,687.4300000000001,687.48,687.14,687.14,293792,375480.5
1772482020,686.79,686.8100000000001,686.47,686.47,416437,383971.85
1772482080,686.09,686.3000000000001,685.96,686.3000000000001,526249,380087.15
1772482140,686.4300000000001,686.4300000000001,686.09,686.09,518846,386123.45
1772482200,685.41,685.61,685.27,685.27,344856,378315.95
1772482260,685.21,685.5500000000001,685.21,685.5500000000001,109291,374659.35
1772482260.001,685.96,685.96,685.62,685.62,409116,374385.35
1772482320,685.35,685.69,685.35,685.69,99941,369433.95
1772482320.001,685.71,685.97,685.63,685.63,202049,364194.3
1772482380,685.45,685.7900000000001,685.45,685.7900000000001,310123,370330.7
1772482440,685.84,685.84,685.5,685.5,121386,365950.95
1772482440.001,685.12,685.38,685.04,685.04,422517,366242.05
1772482500,684.89,685.23,684.89,685.23,100376,341428.25
1772482500.001,685.24,685.58,685.24,685.58,562851,350281.3
1772482560,686.4300000000001,686.4300000000001,686.09,686.09,187617,343960.6
1772482560.001,686,686.2700000000001,685.9300000000001,686.2700000000001,209148,337588.35
1772482620,686.54,686.54,686.1999999999999,686.1999999999999,165718,322151.65
1772482680,686.1,686.44,686.1,686.44,48001,314571.7
1772482680.001,686.58,686.58,686.24,686.24,226541,273865.9
1772482740,685.9300000000001,686.07,685.73,685.73,266103,277047.9
1772482800,685.44,685.7800000000001,685.44,685.7800000000001,103295,267523.05
1772482800.001,686.3000000000001,686.3000000000001,685.96,685.96,223784,257890.4
1772482860,685.6800000000001,686.0200000000001,685.6800000000001,686.0200000000001,204844,241820.15
1772482920,686.14,686.14,685.8,685.8,129956,222375.65
1772482980,685.63,685.97,685.63,685.97,37531,207009.4
1772482980.001,686.04,686.11,685.77,685.77,112749,207182.3
1772483040,685.61,685.8000000000001,685.46,685.8000000000001,211870,197320
1772483100,685.85,685.85,685.51,685.51,180669,201356.4
1772483160,685.3000000000001,685.58,685.24,685.58,427941,212651
1772483280,686.0500000000001,686.0500000000001,685.71,685.71,102579,202273.8
1772483340,685.69,685.8100000000001,685.47,685.47,63272,199368.1
1772483340.001,685.3100000000001,685.6400000000001,685.3000000000001,685.6400000000001,192528,187868.65
1772483400,685.8100000000001,685.8100000000001,685.47,685.47,153644,190532.05
1772483460,685.2,685.5400000000001,685.2,685.5400000000001,130399,168909.45
1772483520,685.95,685.95,685.61,685.61,103725,164714.85
1772483580,685.58,685.9200000000001,685.58,685.9200000000001,112374,159876.15
1772483640,686.09,686.09,685.75,685.75,98332,156506.85
1772483700,685.67,685.96,685.62,685.96,306204,169417
1772483820,686.3100000000001,686.3100000000001,685.97,686.3100000000001,172001,166690
1772483880,686.41,686.41,686.0699999999999,686.0699999999999,190564,162913.05
1772483940,685.92,686.26,685.92,686.26,121043,163800.45
1772484000,686.3000000000001,686.3000000000001,685.96,685.96,35495,154386
1772484000.001,685.91,686,685.66,685.66,118995,150093.55
1772484060,685.63,685.9000000000001,685.5600000000001,685.9000000000001,145319,150861.7
1772484120,686.03,686.11,685.77,686.11,271978,162584.05
1772484240,686.27,686.3100000000001,685.97,686.3100000000001,572855,185589.35
1772484360,686.6800000000001,686.6800000000001,686.34,686.34,184370,184214.35
1772484420,686.29,686.62,686.28,686.28,398253,195093.55
1772484540,686.23,686.49,686.15,686.15,366256,192009.3
1772484600,686.12,686.46,686.12,686.46,128138,193287.25
1772484600.001,686.71,686.71,686.37,686.37,200096,200128.45
1772484660,686.36,686.36,686.02,686.02,71958,194099.95
1772484660.001,685.98,686.32,685.98,686.32,71957,190015.6
1772484660.002,686.5600000000001,686.5600000000001,686.22,686.22,522549,209623.1
1772484780,686.1800000000001,686.5200000000001,686.1800000000001,686.5200000000001,320880,220480.85
1772484840,686.76,686.9200000000001,686.58,686.9200000000001,526674,241195.85
1772484900,687.11,687.12,686.78,686.78,407064,256632.45
1772484960,686.65,686.99,686.65,686.99,386674,260655.95
1772485020,687.3100000000001,687.3100000000001,686.97,686.97,647385,284425.15
1772485080,686.9300000000001,686.98,686.64,686.64,2573827,403588.3
1772485140,686.33,686.37,686.03,686.03,1115866,453329.45
1772548200,675.0500000000001,675.19,674.85,675.19,637462,483427.8
1772548200.001,676.26,676.26,675.92,675.92,757079,515332
1772548260,675.72,676.0600000000001,675.72,676.0600000000001,219174,519024.75
1772548260.001,676.41,676.44,676.1,676.1,602101,535530.9
1772548320,675.66,676,675.66,676,363872,525081.75
1772548380,676.04,676.04,675.6999999999999,675.6999999999999,118115,521769
1772548380.001,675.46,675.8000000000001,675.46,675.8000000000001,427012,523206.95
1772548440,675.95,675.95,675.61,675.61,154449,512616.6
1772548440.001,674.44,674.5500000000001,674.21,674.21,471153,529767.35
1772548500,674.13,674.47,674.13,674.47,158352,527680.15
1772548500.001,675.3100000000001,675.3100000000001,674.97,674.97,158352,531999.85
1772548500.002,674.91,675.2,674.86,675.2,459939,551398.95
1772548560,676.63,676.63,676.29,676.29,153313,532937.15
1772548560.001,676.08,676.2,675.86,676.2,330722,533429.25
1772548620,676.64,676.71,676.37,676.71,381263,526158.7
1772548680,676.89,677.1,676.76,676.76,429197,527265.35
1772548740,675.75,676,675.66,675.66,358694,525866.35
1772548800,675.16,675.5,675.16,675.5,81914,497592.8
1772548800.001,675.64,675.7,675.36,675.36,253947,381598.8
1772548860,674.6,674.8000000000001,674.46,674.46,325085,342059.75
1772548920,674.23,674.49,674.15,674.15,315871,325980.2
1772548980,673.71,674.0500000000001,673.71,674.0500000000001,279721,302112.3
1772549040,674.11,674.11,673.77,673.77,100573,296182.25
1772549040.001,673.22,673.44,673.1,673.1,398305,285992.45
1772549100,672.98,673.32,672.98,673.32,148865,275242.1
1772549100.001,674.1800000000001,674.35,674.01,674.35,492711,293971.9
1772549160,674.8000000000001,674.8000000000001,674.46,674.46,393468,292294.7
1772549220,673.38,673.7,673.36,673.36,373987,303271.6
1772549280,673.0500000000001,673.34,673,673,424214,300924.65
1772549340,672.46,672.59,672.25,672.59,662847,326149.4
1772549400,673.12,673.1800000000001,672.84,673.1800000000001,507315,343597.55
1772549460,673.9300000000001,673.9300000000001,673.59,673.59,107697,325985.45
1772549460.001,673.2,673.5400000000001,673.2,673.5400000000001,132890,324964.3
1772549520,673.7,673.7,673.36,673.36,66445,311750.45
1772549520.001,672.87,673.21,672.87,673.21,240774,304726
1772549580,673.62,673.62,673.28,673.28,320374,299284.85
1772549640,672.64,672.98,672.64,672.98,87421,285721.2
1772549640.001,673.28,673.48,673.14,673.14,199706,291610.8
1772549700,672.6800000000001,673.0200000000001,672.6800000000001,673.0200000000001,66568,282241.85
1772549700.001,673.2,673.27,672.93,672.93,164066,274190.9
1772549760,672.64,672.98,672.64,672.98,171038,266949.25
1772549820,672.99,672.99,672.65,672.65,58175,255871.95
1772549820.001,672.41,672.75,672.41,672.75,58174,253752
1772549820.002,672.76,672.76,672.42,672.42,262839,246978.7
1772549880,671.95,672.2900000000001,671.95,672.2900000000001,317519,255411.4
1772549940,672.63,672.63,672.29,672.29,375227,249537.2
1772550000,672.22,672.5600000000001,672.22,672.5600000000001,149296,237328.6
1772550000.001,673.9300000000001,673.9300000000001,673.59,673.59,149296,226094.05
1772550000.002,672.9,673.24,672.9,673.24,163070,213036.85
1772550060,673.4,673.4,673.06,673.06,81535,183971.25
1772550060.001,672.33,672.6700000000001,672.33,672.6700000000001,180691,167640.05
1772550120,672.91,672.91,672.5699999999999,672.5699999999999,49577,164734.05
1772550120.001,672.21,672.3900000000001,672.0500000000001,672.3900000000001,295967,172887.9
1772550180,672.73,672.73,672.39,672.39,82130,173672.15
1772550180.001,672.34,672.57,672.23,672.23,375659,180416.4
1772550240,671.78,672.12,671.78,672.12,125219,170658.65
1772550240.001,672.1800000000001,672.1800000000001,671.84,671.84,222424,177408.8
1772550300,671.63,671.97,671.63,671.97,111212,172984.1
1772550300.001,672.44,672.44,672.1,672.1,318858,185598.6
1772550360,672.03,672.37,672.03,672.37,103823,182586.45
1772550360.001,673.24,673.24,672.9,672.9,103823,179225.7
1772550360.002,672.77,673.01,672.67,672.67,123711,182502.5
1772550420,672.08,672.21,671.87,671.87,224870,190837.3
1772550480,671.72,672.0600000000001,671.72,672.0600000000001,259441,190667.4
1772550540,672.76,672.76,672.42,672.42,66077,178095.3
1772550540.001,672.35,672.54,672.1999999999999,672.1999999999999,295671,174117.5
1772550600,671.69,672.0300000000001,671.69,672.0300000000001,347772,184041.3
1772550660,673.0500000000001,673.0500000000001,672.71,672.71,83071,180730.05
1772550660.001,672.5,672.71,672.37,672.71,387043,191928.7
1772550720,673.5600000000001,673.5600000000001,673.22,673.22,129014,194302.65
1772550720.001,672.83,672.95,672.61,672.61,187585,194647.35
1772550780,672.36,672.7,672.36,672.7,250660,204701.5
1772550840,673.03,673.03,672.6899999999999,672.6899999999999,62710,193038.65
1772550840.001,672.64,672.95,672.61,672.61,393502,208607.25
1772550900,672.38,672.52,672.18,672.18,417656,210707.1
1772550960,671.6,671.86,671.52,671.52,365883,222740.3
1772551020,671.35,671.58,671.24,671.24,351077,229172.95
1772551080,670.88,671.22,670.88,671.22,344283,240826.5
1772551140,671.26,671.26,670.92,670.92,372517,243509.45
1772551200,670.61,670.76,670.42,670.42,376290,257132.8
1772551260,670.32,670.41,670.0699999999999,670.0699999999999,415239,272703.6
1772551320,669.91,670.21,669.87,670.21,435447,288290.4
1772551380,670.8100000000001,670.8100000000001,670.47,670.47,321168,293105.3
1772551440,670.27,670.61,670.27,670.61,203387,290302.6
1772551500,670.62,670.62,670.28,670.28,66400,290318.75
1772551500.001,669.84,670.1800000000001,669.84,670.1800000000001,248360,287953.2
1772551560,670.34,670.34,670,670,90979,275113.55
1772551560.001,669.74,670,669.66,670,389125,290416.25
1772551620,670.14,670.19,669.85,669.85,382629,290195.55
1772551680,669.76,670.01,669.67,670.01,275065,297498.1
1772551740,670.1,670.12,669.78,670.12,354648,305851.25
1772551800,670.52,670.52,670.18,670.18,376247,312130.6
1772551860,670.11,670.45,670.11,670.45,139051,315947.65
1772551860.001,671.8000000000001,671.87,671.53,671.53,464671,319506.1
1772551920,671.09,671.21,670.87,670.87,260115,311629.05
1772551980,670.79,671.0600000000001,670.72,671.0600000000001,256934,306181.6
1772552040,671.26,671.34,671,671.34,263051,301780.3
1772552100,671.5500000000001,671.5500000000001,671.21,671.21,64749,287803.6
1772552100.001,671.13,671.1600000000001,670.82,671.1600000000001,149253,276640.4
1772552160,672.23,672.23,671.89,671.89,49751,260313.45
1772552160.001,671.82,672.1600000000001,671.82,672.1600000000001,114988,245300.9
1772552220,672.21,672.21,671.87,671.87,57494,226403.25
1772552220.001,671.58,671.87,671.53,671.53,208063,220748
1772552280,671.47,671.8000000000001,671.46,671.8000000000001,226256,221891.45
1772552340,672.09,672.09,671.75,671.75,58689,221505.9
1772552340.001,671.7,671.7,671.36,671.36,155544,216865.1
1772552400,671.3000000000001,671.6400000000001,671.3000000000001,671.6400000000001,77772,216204.75
1772552400.001,672.49,672.49,672.15,672.15,77772,200637.1
1772552400.002,672.09,672.4300000000001,672.09,672.4300000000001,207584,191884.85
1772552460,672.5,672.5,672.16,672.16,103791,183321.15
1772552460.001,671.94,672.1,671.76,672.1,259544,178565.95
1772552520,672.42,672.42,672.0799999999999,672.0799999999999,51917,162349.45
1772552520.001,672.04,672.0600000000001,671.72,671.72,179115,164352.65
1772552580,671.0600000000001,671.3000000000001,670.96,671.3000000000001,243635,153300.85
1772552640,671.4,671.5400000000001,671.2,671.5400000000001,296771,155133.65
1772552700,671.91,671.91,671.5699999999999,671.5699999999999,78487,146211.3
1772552700.001,671.42,671.57,671.23,671.57,114684,138792.95
1772552760,672.17,672.17,671.8299999999999,671.8299999999999,38227,137466.85
1772552760.001,671.49,671.62,671.28,671.62,149764,137492.4
1772552820,671.9,671.9,671.56,671.56,195622,144785.95
1772552880,671.09,671.25,670.91,670.91,157715,146922.3
1772552940,670.73,671.07,670.73,671.07,54574,146776.3
1772552940.001,671.37,671.37,671.03,671.03,246027,148674.5
1772553000,670.34,670.6800000000001,670.34,670.6800000000001,63818,140552.6
1772553000.001,670.79,670.87,670.53,670.87,139514,144593.85
1772553060,671.16,671.16,670.8199999999999,670.8199999999999,173962,145514.75
1772553120,670.77,671.11,670.77,671.11,63729,144812.6
1772553120.001,671.6,671.6,671.26,671.26,63728,144110.4
1772553120.002,671.02,671.15,670.81,670.81,142806,140871.5
1772553180,670.58,670.78,670.4399999999999,670.4399999999999,118300,141596.95
1772553240,670.42,670.76,670.42,670.76,136796,135459.55
1772553300,670.94,670.98,670.64,670.98,336027,149665.05
1772553360,671.6,671.6,671.26,671.26,99427,145680.65
1772553360.001,671.07,671.1800000000001,670.84,671.1800000000001,198653,143431.55
1772553420,671.53,671.7900000000001,671.45,671.7900000000001,226165,139901.25
1772553480,671.99,672.0600000000001,671.72,672.0600000000001,241566,148055.2
1772553540,672.11,672.3000000000001,671.96,672.3000000000001,208262,152734.1
1772553600,672.3100000000001,672.3100000000001,671.97,671.97,72756,154460.55
1772553600.001,671.77,672.09,671.75,672.09,196390,156791.85
1772553660,672.27,672.27,671.93,671.93,70220,150521.75
1772553720,671.91,672.21,671.87,671.87,58016,145536.8
1772553720.001,671.79,672.13,671.79,672.13,222975,153956.85
1772553780,672.72,672.74,672.4,672.74,502498,166780.4
1772553840,673.5500000000001,673.76,673.42,673.76,416897,184434.35
1772553900,674.24,674.25,673.91,674.25,334819,194199.6
1772553960,674.62,674.62,674.28,674.28,81501,189576.55
1772553960.001,674.26,674.46,674.12,674.12,192328,196006.5
1772554020,674.03,674.37,674.03,674.37,313828,208511.5
1772554080,674.92,674.92,674.5799999999999,674.5799999999999,286051,215673.75
1772554140,674.3000000000001,674.6400000000001,674.3000000000001,674.6400000000001,168486,218183.05
1772554200,674.77,674.77,674.43,674.43,155711,219128.8
1772554260,674.24,674.58,674.24,674.58,136318,209143.35
1772554320,674.76,674.76,674.42,674.42,47812,206562.6
1772554320.001,674.38,674.72,674.38,674.72,272589,210259.4
1772554380,675.22,675.28,674.9399999999999,674.9399999999999,211223,209512.3
1772554440,674.75,675.09,674.75,675.09,253545,210111.25
1772554500,675.71,675.71,675.37,675.37,222078,210802.05
1772554560,675.3000000000001,675.6400000000001,675.3000000000001,675.6400000000001,183321,216330.3
1772554620,675.9,676.11,675.77,676.11,158329,214427.25
1772554680,676.17,676.17,675.8299999999999,675.8299999999999,57094,213770.95
1772554680.001,675.6,675.75,675.41,675.41,245883,223164.3
1772554740,675.14,675.32,674.98,675.32,266537,225342.4
1772554800,675.64,675.64,675.3,675.3,228576,211646.3
1772554860,675.01,675.35,675.01,675.35,53568,193479.85
1772554860.001,675.41,675.44,675.1,675.44,280500,190763.9
1772554920,676.04,676.04,675.6999999999999,675.6999999999999,93499,191363.8
1772554920.001,675.64,675.9000000000001,675.5600000000001,675.9000000000001,103334,186914.1
1772554980,676.19,676.19,675.85,675.85,157140,179079.7
1772555040,675.76,676.1,675.76,676.1,61348,167844.55
1772555040.001,676.4,676.48,676.14,676.48,264655,172653
1772555100,676.58,676.58,676.24,676.24,235009,176617.9
1772555160,675.91,676.25,675.91,676.25,154104,177507.2
1772555220,676.48,676.48,676.14,676.14,49179,177575.55
1772555220.001,675.97,676.1400000000001,675.8000000000001,676.1400000000001,202673,174079.75
1772555280,676.27,676.29,675.9499999999999,675.9499999999999,150902,171063.7
1772555340,675.9300000000001,676.08,675.74,675.74,240309,170401.9
1772555400,675.44,675.72,675.38,675.38,189381,168767.05
1772555460,675.09,675.2,674.86,674.86,217166,170459.3
1772555520,674.66,675,674.66,675,158917,170488.7
1772555580,675.32,675.32,674.98,674.98,114050,173336.5
1772555640,674.97,675.3100000000001,674.97,675.3100000000001,40374,163061.05
1772555640.001,675.97,676.1,675.76,676.1,178971,158682.75
1772555700,676.22,676.22,675.88,676.22,143703,154439.1
1772555760,676.57,676.57,676.23,676.23,99398,156730.6
1772555820,676.01,676.11,675.77,675.77,143160,149863.6
1772555880,675.5500000000001,675.8900000000001,675.5500000000001,675.8900000000001,92050,149791.15
1772555940,676.11,676.11,675.77,675.77,58104,147529.65
1772556000,675.73,676.07,675.73,676.07,20425,140693.9
1772556000.001,676.2,676.3100000000001,675.97,675.97,202277,147740.35
1772556120,675.42,675.76,675.42,675.76,29123,135963.75
1772556120.001,675.77,675.78,675.4399999999999,675.4399999999999,219767,135201.65
1772556180,675.26,675.6,675.26,675.6,109883,132990.6
1772556180.001,676.85,676.85,676.51,676.51,239885,142525.9
1772556240,676.14,676.48,676.14,676.48,65001,135642.3
1772556240.001,676.8000000000001,676.97,676.63,676.97,352717,145733.05
1772556300,677.46,677.6600000000001,677.32,677.6600000000001,340185,150726.85
1772556360,678.45,678.45,678.11,678.11,388828,160699.2
1772556420,677.8000000000001,677.98,677.64,677.64,300959,164888.85
1772556480,677.33,677.6700000000001,677.33,677.6700000000001,66164,160251.2
1772556480.001,677.76,677.79,677.4499999999999,677.4499999999999,225679,165832.65
1772556540,676.99,677.33,676.99,677.33,75226,167575.25
1772556540.001,677.6,677.8100000000001,677.47,677.47,147585,166005.95
1772556600,677.25,677.59,677.25,677.59,162924,166967
1772556660,677.74,677.74,677.4,677.4,56865,164840.35
1772556660.001,677.23,677.57,677.23,677.57,156285,165496.6
1772556720,677.8000000000001,677.9100000000001,677.57,677.9100000000001,115293,166658.75
1772556780,677.97,677.97,677.63,677.63,80688,167787.95
1772556840,677.5500000000001,677.8900000000001,677.5500000000001,677.8900000000001,26651,168099.25
1772556840.001,677.94,678.0300000000001,677.69,678.0300000000001,142079,165089.35
1772556900,678.1800000000001,678.1800000000001,677.84,677.84,107123,168989.35
1772556960,677.75,678.09,677.75,678.09,34324,159717.2
1772556960.001,678.29,678.29,677.9499999999999,677.9499999999999,197643,164105.2
1772557020,677.78,678.12,677.78,678.12,105615,157391.7
1772557080,678.13,678.13,677.79,677.79,25588,155421.05
1772557080.001,677.67,677.86,677.52,677.52,119746,143772.5
1772557140,677.36,677.7,677.36,677.7,104023,131964.4
1772557200,677.92,677.92,677.5799999999999,677.5799999999999,36319,114338.95
1772557200.001,677.35,677.5500000000001,677.21,677.21,183333,108457.65
1772557260,676.9,677.2,676.86,677.2,178076,114053.25
1772557320,677.44,677.49,677.15,677.15,122625,108900.55
1772557380,677.0600000000001,677.13,676.79,677.13,114718,110875.15
1772557440,677.48,677.74,677.4,677.4,113402,109166
1772557500,677.21,677.5500000000001,677.21,677.5500000000001,71457,104592.65
1772557560,677.82,677.83,677.49,677.49,115145,107506.65
1772557620,677.12,677.44,677.1,677.1,148155,107100.15
1772557680,676.95,677.1,676.76,676.76,158434,109257.2
1772557740,676.65,676.99,676.65,676.99,115788,111012.2
1772557800,677.08,677.09,676.75,676.75,89949,114177.1
1772557860,676.57,676.9100000000001,676.57,676.9100000000001,95774,111861.85
1772557920,677.04,677.04,676.6999999999999,676.6999999999999,37102,108360.8
1772557920.001,676.37,676.71,676.37,676.71,76409,110465.05
1772557980,676.94,676.94,676.6,676.6,19654,101565.6
1772557980.001,676.59,676.9000000000001,676.5600000000001,676.9000000000001,79913,100280.5
1772558040,677.17,677.17,676.8299999999999,676.8299999999999,58698,101936
1772558100,676.8000000000001,677.1400000000001,676.8000000000001,677.1400000000001,19305,96913.95
1772558100.001,677.2,677.38,677.04,677.04,79904,95708
1772558160,676.65,676.99,676.65,676.99,75744,97679.25
1772558220,677.1800000000001,677.35,677.01,677.35,95589,93292.05
1772558280,677.69,677.75,677.41,677.75,132209,90998.7
1772558400,677.79,677.79,677.4499999999999,677.4499999999999,23554,86045.15
1772558400.001,676.91,677.25,676.91,677.25,74596,84039.05
1772558460,677.59,677.73,677.39,677.73,98224,83280.15
1772558520,677.98,678.24,677.9,678.24,146399,87027.25
1772558580,678.25,678.25,677.91,677.91,107410,86640.5
1772558640,677.9,678.24,677.9,678.24,33816,80923.55
1772558640.001,678.28,678.49,678.15,678.15,143544,80179.05
1772558700,678.0500000000001,678.26,677.92,677.92,148796,81829.45
1772558760,677.77,678.08,677.74,678.08,103008,82482.4
1772558820,678.16,678.2700000000001,677.9300000000001,678.2700000000001,88946,82141
1772558880,678.33,678.49,678.15,678.15,194164,89994.1
1772559000,677.82,677.91,677.5699999999999,677.5699999999999,164017,94374.5
1772559060,677.28,677.41,677.0699999999999,677.0699999999999,136268,100205.2
1772559120,676.98,677.12,676.78,676.78,131192,102769.15
1772559180,676.67,676.79,676.4499999999999,676.4499999999999,177808,108724.65
1772559240,676.32,676.54,676.1999999999999,676.1999999999999,168840,116201.4
1772559300,676.13,676.47,676.13,676.47,40259,114219.15
1772559300.001,676.48,676.48,676.14,676.14,99084,115386.15
1772559360,676.08,676.4200000000001,676.08,676.4200000000001,49542,113083.8
1772559360.001,677.03,677.12,676.78,676.78,98213,111384
1772559420,676.64,676.98,676.64,676.98,54939,112953.25
1772559480,677.01,677.01,676.67,676.67,19358,110191.35
1772559480.001,676.53,676.87,676.53,676.87,144038,112482.05
1772559600,677.38,677.49,677.15,677.15,57268,108025.5
1772559660,676.94,677.2800000000001,676.94,677.2800000000001,91100,107210
1772559720,677.53,677.84,677.5,677.84,147628,112900.6
1772559780,678.25,678.3900000000001,678.0500000000001,678.3900000000001,151806,113313.7
1772559840,678.41,678.41,678.0699999999999,678.0699999999999,161681,113957.95
1772559900,678.0600000000001,678.25,677.91,677.91,144381,116026.6
1772559960,677.71,678.0200000000001,677.6800000000001,678.0200000000001,182097,120684.15
1772560080,678.09,678.36,678.02,678.36,89233,115437.6
1772560140,678.47,678.47,678.13,678.13,119375,113205.5
1772560200,677.99,678.3100000000001,677.97,677.97,212900,117037.1
1772560320,677.8100000000001,678.1500000000001,677.8100000000001,678.1500000000001,33372,112146.1
1772560320.001,678.16,678.22,677.88,677.88,105584,108534.9
1772560380,677.23,677.57,677.23,677.23,126294,106407.6
1772560440,676.91,677.22,676.88,677.22,125718,110680.55
1772560500,677.4,677.5500000000001,677.21,677.21,126302,112041.45
1772560620,677.1800000000001,677.5200000000001,677.1800000000001,677.5200000000001,19137,110521.2
1772560620.001,677.6800000000001,677.75,677.41,677.41,50198,108120.45
1772560680,677.39,677.6700000000001,677.33,677.6700000000001,130793,111913.15
1772560800,678.27,678.45,678.11,678.45,116590,116774.75
1772560860,678.7,678.78,678.4399999999999,678.4399999999999,254880,122316.85
1772560980,678.09,678.4300000000001,678.09,678.4300000000001,98348,124370.85
1772561040,678.46,678.54,678.1999999999999,678.1999999999999,80703,123851
1772561100,678.17,678.51,678.17,678.51,82600,120599.6
1772561160,678.71,678.71,678.37,678.37,64630,116240.8
1772561220,678.3100000000001,678.6500000000001,678.3100000000001,678.6500000000001,21795,109246.5
1772561220.001,678.76,678.91,678.5699999999999,678.5699999999999,114365,107745.7
1772561340,678.5,678.84,678.5,678.84,55584,101420.05
1772561400,678.89,678.89,678.55,678.55,21042,98010.5
1772561400.001,678.42,678.76,678.42,678.76,63920,95237.75
1772561460,678.85,678.85,678.51,678.51,21438,85664.65
1772561460.001,678.22,678.5600000000001,678.22,678.5600000000001,89413,88466.7
1772561520,678.6,678.6,678.26,678.26,80780,87226.5
1772561580,677.83,677.96,677.62,677.96,113776,86600.6
1772561640,678.12,678.38,678.04,678.38,90960,84862.7
1772561700,678.41,678.6400000000001,678.3000000000001,678.6400000000001,136292,85362.2
1772561820,678.82,678.82,678.48,678.48,50940,86952.35
1772561880,678.4300000000001,678.7700000000001,678.4300000000001,678.7700000000001,67646,87824.75
1772561940,678.82,678.96,678.62,678.96,201416,91355.9
1772562000,679.45,679.45,679.11,679.11,117148,91383.8
1772562060,679.1,679.44,679.1,679.44,214062,89342.9
1772562120,679.96,679.96,679.62,679.62,156015,92226.25
1772562180,679.6,679.94,679.6,679.94,51679,90775.05
1772562180.001,680.04,680.08,679.74,679.74,384869,105888.5
1772562300,679.67,680.01,679.67,680.01,164862,110900.1
1772562360,680.2,680.4000000000001,680.0600000000001,680.4000000000001,229353,121278
1772562480,680.4300000000001,680.4300000000001,680.09,680.09,42896,117704.55
1772562480.001,680.0600000000001,680.17,679.8299999999999,679.8299999999999,172748,123562.75
1772562540,679.76,680.01,679.67,680.01,248100,134915.65
1772562660,680.1800000000001,680.23,679.89,680.23,149249,139182.1
1772562720,680.37,680.58,680.24,680.58,155968,145908.6
1772562780,680.78,680.78,680.4399999999999,680.4399999999999,241223,153499.1
1772562900,680.25,680.59,680.25,680.59,58871,152403.65
1772562900.001,680.87,680.87,680.53,680.53,124778,152953.75
1772562960,680.3100000000001,680.6500000000001,680.3100000000001,680.6500000000001,32953,150053.4
1772562960.001,680.86,681.0400000000001,680.7,681.0400000000001,333345,159906.05
1772563080,681.33,681.44,681.1,681.44,374480,176083.05
1772563200,681.54,681.73,681.39,681.73,255086,185455.05
1772563260,681.87,681.87,681.53,681.53,212950,186031.75
1772563320,681.38,681.66,681.3199999999999,681.3199999999999,227284,191538.55
1772563380,681.17,681.49,681.15,681.15,245521,193111.5
1772563440,680.86,681.15,680.81,680.81,218706,196246.05
1772563500,680.65,680.94,680.6,680.6,240065,205665.35
1772563620,680.45,680.7900000000001,680.45,680.7900000000001,100668,191455.3
1772563680,680.9,681.19,680.85,681.19,176212,192022.8
1772563740,681.48,681.5500000000001,681.21,681.5500000000001,148137,187962
1772563800,681.71,681.91,681.5699999999999,681.5699999999999,291703,200402.35
1772563920,681.48,681.73,681.39,681.39,167288,200129.35
1772563980,681.37,681.6,681.26,681.6,155096,195479.15
1772564040,681.69,681.69,681.35,681.35,122164,194124.9
1772564100,680.96,681.2700000000001,680.9300000000001,681.2700000000001,110541,191853.55
1772564160,681.48,681.58,681.24,681.24,231648,191374.8
1772564340,681.1,681.44,681.1,681.44,74250,192143.75
1772564400,681.47,681.47,681.13,681.13,25201,187164.9
1772564400.001,681.08,681.4200000000001,681.08,681.4200000000001,101791,190606.8
1772564460,681.4300000000001,681.4300000000001,681.09,681.09,124176,180148.35
1772564520,680.77,681.11,680.77,681.11,168346,169841.65
1772564580,681.39,681.4000000000001,681.0600000000001,681.4000000000001,169291,165551.9
1772564640,681.47,681.47,681.13,681.13,82226,159015.7
1772564700,681.03,681.14,680.8,680.8,150277,155165.35
1772564760,680.7,680.83,680.49,680.49,138628,149820.7
1772564820,680.34,680.64,680.3,680.3,360352,156903
1772564940,679.98,680.24,679.9,679.9,188743,154336.9
1772565000,679.71,680.01,679.67,680.01,204975,159552.25
1772565060,680.39,680.39,680.05,680.05,272804,164381.85
1772565180,679.9300000000001,680.2700000000001,679.9300000000001,680.2700000000001,38164,158883.2
1772565180.001,680.47,680.6700000000001,680.33,680.6700000000001,304176,159506.85
1772565300,681.16,681.16,680.8199999999999,680.8199999999999,116021,156943.5
1772565360,680.61,680.95,680.61,680.95,133882,155882.8
1772565480,681.04,681.08,680.74,681.08,193523,159450.75
1772565600,681.51,681.51,681.17,681.17,162844,162065.9
1772565720,681,681.34,681,681.34,28432,151905.1
1772565720.001,681.49,681.52,681.18,681.18,134659,154925.55
1772565840,680.95,681.0600000000001,680.72,681.0600000000001,119850,159658
1772565960,681.09,681.09,680.75,680.75,76153,158376.1
1772566020,680.5600000000001,680.9000000000001,680.5600000000001,680.9000000000001,67349,155534.75
1772566080,680.91,680.91,680.5699999999999,680.5699999999999,24430,148338.95
1772566080.001,680.42,680.76,680.42,680.76,65086,143128.7
1772566140,680.78,680.78,680.4399999999999,680.4399999999999,20328,140033.8
1772566140.001,680.4,680.63,680.29,680.63,99697,137504.8
1772566200,680.72,680.72,680.38,680.38,77640,134455.4
1772566260,680.34,680.5600000000001,680.22,680.22,99183,121396.95
1772566320,680.1800000000001,680.35,680.01,680.01,124455,118182.55
1772566380,679.76,679.87,679.53,679.53,200298,117948.7
1772566440,679.45,679.69,679.35,679.35,174525,113034.75
1772566500,679.28,679.62,679.28,679.62,180702,120161.65
1772566560,679.82,679.99,679.65,679.99,589018,134403.75
1772566620,681.73,681.82,681.48,681.48,439888,150597.1
1772566680,681.1,681.23,680.89,680.89,279803,157893.15
1772566740,680.75,681.09,680.75,681.09,202016,158317.8
1772566800,681.45,681.45,681.11,681.11,90482,154699.7
1772566860,681.1,681.37,681.03,681.37,89260,157741.1
1772566860.001,681.74,681.7700000000001,681.4300000000001,681.7700000000001,178578,159937.05
1772566920,681.98,681.98,681.64,681.64,197678,163828.45
1772566980,681.24,681.58,681.24,681.58,186540,169347.8
1772567040,682,682.1800000000001,681.84,682.1800000000001,283689,180164.8
1772567100,682.45,682.5400000000001,682.2,682.5400000000001,261873,192036.95
1772567160,682.61,682.61,682.27,682.27,150032,196284.25
1772567220,682.03,682.37,682.03,682.37,44621,197498.9
1772567220.001,682.59,682.59,682.25,682.25,162669,200647.5
1772567280,682.0600000000001,682.15,681.81,681.81,373204,215425.7
1772567400,681.72,682.0600000000001,681.72,682.0600000000001,48435,212888.3
1772567400.001,682.39,682.4,682.06,682.06,120315,212681.3
1772567460,681.86,682.02,681.68,681.68,189064,212119.6
1772567520,681.37,681.71,681.37,681.37,182773,212532
1772567580,680.95,681.19,680.85,681.19,248388,215916.3
1772567640,681.5600000000001,681.5600000000001,681.22,681.22,166920,194811.4
1772567700,680.94,681.09,680.75,680.75,133947,179514.35
1772567760,680.67,681.01,680.67,681.01,161882,173618.3
1772567820,681.4,681.4,681.06,681.06,42718,165653.4
1772567820.001,681.02,681.35,681.01,681.35,102416,166250.1
1772567940,681.4300000000001,681.4300000000001,681.09,681.09,181457,170859.95
1772568000,680.89,681.21,680.87,681.21,145358,169198.95
1772568060,681.95,681.95,681.61,681.61,153513,166990.7
1772568120,681.09,681.4300000000001,681.09,681.4300000000001,94712,162399.3
1772568180,681.45,681.45,681.11,681.11,130821,154755.9
1772568240,681.01,681.22,680.88,680.88,143824,148853.45
1772568300,680.75,681.09,680.75,681.09,153646,149034.15
1772568360,681.13,681.4200000000001,681.08,681.4200000000001,100374,151821.8
1772568420,681.59,681.59,681.25,681.25,54805,146428.6
1772568480,681.1800000000001,681.5200000000001,681.1800000000001,681.5200000000001,107206,133128.7
1772568540,681.57,681.7,681.36,681.7,144922,137953.05
1772568660,681.79,681.79,681.4499999999999,681.4499999999999,114477,137661.15
1772568720,681.2,681.46,681.12,681.12,86334,132524.65
1772568780,681.0600000000001,681.19,680.85,680.85,245961,135684.05
1772568840,680.73,681.0200000000001,680.6800000000001,681.0200000000001,249428,135736.05
1772568900,681.08,681.08,680.74,680.74,272100,140995.05
1772568960,680.36,680.58,680.24,680.24,239275,146261.45
1772569020,680.2,680.5200000000001,680.1800000000001,680.5200000000001,162169,146275.8
1772569080,680.62,680.6700000000001,680.33,680.6700000000001,309586,159619.2
1772569200,680.97,681.01,680.67,680.67,118560,160426.4
1772569260,680.59,680.76,680.42,680.42,155120,159109.55
1772569320,680.3100000000001,680.6500000000001,680.3100000000001,680.6500000000001,115134,157598.35
1772569380,680.71,680.8000000000001,680.46,680.46,307236,165284.5
1772569500,680.16,680.5,680.16,680.5,121667,166632.25
1772569560,680.74,680.95,680.61,680.95,279547,174068.55
1772569680,681.3100000000001,681.3100000000001,680.97,680.97,48380,169296.35
1772569680.001,680.86,681.2,680.86,681.2,149265,169077.3
1772569740,681.3000000000001,681.3000000000001,680.96,680.96,138461,170981.65
1772569800,680.9300000000001,681.2700000000001,680.9300000000001,681.2700000000001,103590,173420.9
1772569860,681.32,681.32,680.98,680.98,144151,175268.15
1772569920,680.86,681.11,680.77,681.11,497517,192897.9
1772570100,681.49,681.51,681.17,681.17,259680,200158.05
1772570160,681.13,681.1800000000001,680.84,680.84,184164,205049.55
1772570220,680.71,680.78,680.4399999999999,680.4399999999999,282369,206869.95
1772570340,680.29,680.63,680.29,680.63,152235,202010.3
1772570400,680.84,680.84,680.5,680.5,136101,195210.35
1772570460,680.23,680.5400000000001,680.2,680.5400000000001,305722,198532.7
1772570580,680.57,680.69,680.35,680.69,536633,217255.9
1772570700,680.77,680.77,680.43,680.43,199196,211736.4
1772570760,680.35,680.49,680.15,680.15,226161,217116.45
1772570820,680,680.34,680,680.34,61881,212454.5
1772570820.001,680.39,680.5,680.16,680.5,374442,225419.9
1772570940,680.6,680.64,680.3,680.3,300062,225061.2
1772571000,679.92,680.13,679.79,679.79,292277,233591.7
1772571060,679.35,679.69,679.35,679.35,295487,234388.7
1772571120,679.21,679.5500000000001,679.21,679.5500000000001,286530,246296.2
1772571180,679.77,679.96,679.62,679.96,411835,259424.7
1772571240,680.27,680.32,679.98,679.98,425682,273785.75
1772571300,679.82,680.1,679.76,680.1,721145,304663.5
1772571420,680.12,680.22,679.88,680.22,1315283,363220.1
1772571540,680.41,680.61,680.27,680.61,453058,360997.15
1772634600,681.63,681.74,681.4,681.74,340680,365047.15
1772634600.001,683.52,683.52,683.18,683.18,170340,364355.95
1772634600.002,682.78,683.07,682.73,682.73,266862,363580.6
1772634660,682.15,682.49,682.15,682.49,286566,370297.15
1772634720,682.91,682.91,682.5699999999999,682.5699999999999,65870,366785.6
1772634720.001,682.42,682.6,682.26,682.6,172662,360132.6
1772634780,682.8000000000001,682.8000000000001,682.46,682.46,233732,344987.55
1772634840,682.4300000000001,682.7700000000001,682.4300000000001,682.7700000000001,88089,339432.2
1772634840.001,682.94,682.94,682.6,682.6,537525,355000.4
1772634900,681.13,681.47,681.13,681.47,225897,363201.2
1772634960,681.51,681.72,681.38,681.38,152169,352087.55
1772634960.001,680.75,681.08,680.74,681.08,214178,347793.35
1772635020,681.49,681.61,681.27,681.61,122465,339302.75
1772635080,681.66,681.66,681.3199999999999,681.3199999999999,38217,326439.25
1772635080.001,680.94,681.2800000000001,680.94,681.2800000000001,132069,318716.2
1772635140,681.5,681.5,681.16,681.16,46926,300470.75
1772635140.001,680.85,681.04,680.6999999999999,680.6999999999999,325428,295458.05
1772635200,680.34,680.6800000000001,680.34,680.6800000000001,185339,268667.75
1772635260,680.77,680.77,680.43,680.43,46252,205216.2
1772635260.001,680.0600000000001,680.4000000000001,680.0600000000001,680.4000000000001,117120,188419.3
1772635320,680.5600000000001,680.5600000000001,680.22,680.22,35433,173156.95
1772635320.001,680.11,680.45,680.11,680.45,176203,173450.1
1772635380,680.62,680.62,680.28,680.28,89573,164585.65
1772635440,680.25,680.42,680.0799999999999,680.0799999999999,85300,154522.35
1772635440.001,680.02,680.22,679.88,679.88,214406,161949.15
1772635500,679.62,679.96,679.62,679.96,225298,164580.95
1772635560,680.74,681.01,680.67,681.01,160170,160902.85
1772635620,681.38,681.38,681.04,681.04,52077,159102.25
1772635620.001,680.45,680.69,680.35,680.69,155243,139988.15
1772635680,681.16,681.3900000000001,681.0500000000001,681.3900000000001,116734,134530
1772635740,681.73,681.73,681.39,681.39,41172,128980.15
1772635740.001,680.78,680.89,680.55,680.55,124717,124507.1
1772635800,680.25,680.59,680.25,680.59,149081,125837.9
1772635860,680.98,681.0200000000001,680.6800000000001,681.0200000000001,131780,130516.05
1772635920,681.4,681.61,681.27,681.61,122456,130035.4
1772635980,681.75,681.75,681.41,681.41,119756,133676.9
1772636040,681.19,681.5300000000001,681.19,681.5300000000001,84861,121648.55
1772636100,681.58,681.58,681.24,681.24,27582,113760.7
1772636100.001,680.8000000000001,681.1400000000001,680.8000000000001,681.1400000000001,90026,115949.4
1772636160,681.28,681.28,680.9399999999999,680.9399999999999,53002,112743.5
1772636220,680.86,681.2,680.86,681.2,16094,111776.55
1772636220.001,681.23,681.23,680.89,680.89,62873,106110.05
1772636280,680.88,681.08,680.74,681.08,164353,109849.05
1772636340,681.38,681.6400000000001,681.3000000000001,681.6400000000001,366125,123890.3
1772636400,682.67,682.67,682.3299999999999,682.3299999999999,105513,118445.65
1772636400.001,682.24,682.4000000000001,682.0600000000001,682.4000000000001,154626,114912.05
1772636460,682.5,682.5,682.16,682.16,187416,116274.35
1772636520,681.9,682.15,681.81,681.81,219858,124663.4
1772636580,680.95,681.21,680.87,681.21,173371,125569.8
1772636640,681.7,681.8100000000001,681.47,681.8100000000001,116015,125533.85
1772636700,682.0600000000001,682.0600000000001,681.72,681.72,130676,130009.05
1772636760,681.37,681.71,681.37,681.71,52400,126393.2
1772636760.001,682.36,682.37,682.03,682.37,135258,125702.05
1772636820,682.58,682.7900000000001,682.45,682.7900000000001,168128,127519.45
1772636880,683.13,683.24,682.9,683.24,170118,129902.55
1772636940,683.3000000000001,683.33,682.99,682.99,326630,140246.25
1772637060,682.5,682.84,682.5,682.84,42096,138108
1772637060.001,683.09,683.33,682.99,683.33,78901,140673.95
1772637120,683.38,683.6500000000001,683.3100000000001,683.6500000000001,157294,144037.35
1772637180,683.72,683.76,683.42,683.42,186108,150692.65
1772637240,682.84,683.1800000000001,682.84,683.1800000000001,47481,152262
1772637240.001,683.21,683.49,683.15,683.49,137502,155993.45
1772637300,683.61,683.7700000000001,683.4300000000001,683.7700000000001,221497,158850.65
1772637360,683.8000000000001,683.87,683.53,683.87,252906,153189.7
1772637420,683.99,684.1700000000001,683.83,684.1700000000001,382095,167018.8
1772637540,684.52,684.61,684.27,684.61,297843,174179.65
1772637600,684.82,685.1500000000001,684.8100000000001,685.1500000000001,326997,181158.7
1772637660,685.24,685.45,685.11,685.45,456829,193007.25
1772637780,685.46,685.46,685.12,685.12,215500,195113.7
1772637840,685.0500000000001,685.3900000000001,685.0500000000001,685.3900000000001,84429,193534.4
1772637840.001,685.57,685.57,685.23,685.23,283830,201192.1
1772637900,685.12,685.46,685.12,685.46,263616,211752.9
1772637960,685.92,686.1800000000001,685.84,686.1800000000001,334519,221715.95
1772638020,686.27,686.27,685.93,685.93,202274,223423.25
1772638080,685.87,686.21,685.87,686.21,615811,245707.9
1772638200,686.3100000000001,686.3100000000001,685.97,685.97,90826,233917.7
1772638200.001,685.76,686.09,685.75,686.09,255565,244591.15
1772638260,686.19,686.19,685.85,685.85,232989,252295.55
1772638320,685.83,685.92,685.5799999999999,685.5799999999999,229245,255893.1
1772638380,685.5600000000001,685.67,685.3299999999999,685.3299999999999,468100,269992.7
1772638500,685.02,685.34,685,685.34,381272,286682.25
1772638620,685.39,685.52,685.18,685.18,153346,287474.45
1772638680,684.96,685.03,684.6899999999999,684.6899999999999,210947,286946.95
1772638740,684.52,684.86,684.52,684.86,171770,282890.15
1772638800,684.91,684.91,684.5699999999999,684.5699999999999,57204,266645.6
1772638800.001,684.45,684.7900000000001,684.45,684.7900000000001,155986,259552.75
1772638860,684.8100000000001,684.8100000000001,684.47,684.47,49391,245672.45
1772638860.001,684.35,684.69,684.35,684.69,408896,243275.8
1772638980,684.79,684.79,684.4499999999999,684.4499999999999,196175,242309.55
1772639040,684.36,684.5600000000001,684.22,684.22,254072,250791.7
1772639100,683.88,684.22,683.88,684.22,185204,245860.4
1772639160,684.38,684.38,684.04,684.04,136447,239501.95
1772639220,683.95,684.2900000000001,683.95,684.2900000000001,48761,225214.05
1772639220.001,684.49,684.49,684.15,684.15,157504,222975.55
1772639280,684.12,684.46,684.12,684.46,149387,199654.35
1772639340,684.69,684.73,684.39,684.73,175550,203890.55
1772639400,684.95,685.08,684.74,685.08,172492,199736.9
1772639460,685.09,685.09,684.75,684.75,235282,199851.55
1772639520,684.08,684.4200000000001,684.08,684.4200000000001,180589,197418.75
1772639580,684.6,684.9100000000001,684.57,684.9100000000001,128675,180447.5
1772639640,685.04,685.25,684.91,685.25,116376,167202.7
1772639700,685.46,685.5,685.16,685.5,272582,173164.5
1772639820,685.61,685.87,685.53,685.87,139081,169571.2
1772639880,685.88,686.0300000000001,685.69,686.0300000000001,354315,178698.45
1772640000,686.2,686.3900000000001,686.0500000000001,686.3900000000001,510737,201375.1
1772640120,686.61,686.61,686.27,686.27,215896,204370.6
1772640180,686.25,686.59,686.25,686.59,64111,205106.6
1772640180.001,686.64,686.64,686.3,686.3,242692,196796.4
1772640240,686.2,686.32,685.98,685.98,283341,201154.7
1772640300,685.64,685.98,685.64,685.98,192558,198079
1772640360,686.1800000000001,686.1800000000001,685.84,685.84,254144,201526
1772640420,685.78,685.86,685.52,685.52,291213,209264.3
1772640540,685.51,685.72,685.38,685.38,211466,217399.55
1772640600,685.23,685.33,684.99,684.99,210267,220037.7
1772640660,684.97,685.03,684.6899999999999,684.6899999999999,202777,222707.2
1772640720,684.52,684.6700000000001,684.33,684.6700000000001,382332,233046.3
1772640840,684.72,684.72,684.38,684.38,48217,226832.55
1772640840.001,684.34,684.6800000000001,684.34,684.6800000000001,180362,224086.55
1772640900,684.78,684.97,684.63,684.97,183779,224246.05
1772640960,685.03,685.15,684.81,684.81,388245,237224.55
1772641080,684.51,684.63,684.29,684.63,161896,239500.55
1772641140,684.67,684.67,684.3299999999999,684.3299999999999,129405,232341.7
1772641200,684.25,684.59,684.25,684.59,46596,227717.45
1772641200.001,684.84,684.94,684.6,684.94,126121,216307.75
1772641260,684.96,684.96,684.62,684.62,94490,195495.4
1772641320,684.37,684.5500000000001,684.21,684.21,117394,190570.3
1772641380,684.19,684.5200000000001,684.1800000000001,684.5200000000001,296499,202189.7
1772641500,685,685.23,684.89,685.23,430538,211582
1772641620,685.45,685.45,685.11,685.11,100790,202454.45
1772641680,684.91,685.25,684.91,685.25,67086,196180.85
1772641740,685.3100000000001,685.33,684.99,685.33,102086,188577.95
1772641800,685.41,685.5,685.16,685.5,66785,177356.55
1772641860,685.53,685.61,685.27,685.61,179823,175774.4
1772641980,685.74,685.84,685.5,685.5,119979,171260
1772642040,685.48,685.6800000000001,685.34,685.6800000000001,244399,173341.1
1772642100,685.8100000000001,685.8100000000001,685.47,685.47,135885,161018.75
1772642160,685.4300000000001,685.7700000000001,685.4300000000001,685.7700000000001,32203,160218.05
1772642160.001,685.84,685.84,685.5,685.5,147694,158584.65
1772642220,685.3000000000001,685.38,685.04,685.04,139010,156346.2
1772642280,684.85,685.19,684.85,685.19,50257,139446.8
1772642280.001,685.46,685.57,685.23,685.23,128379,137770.95
1772642340,685.0600000000001,685.38,685.04,685.38,101492,136375.3
1772642400,685.7,685.9000000000001,685.5600000000001,685.9000000000001,119199,140005.45
1772642460,685.97,686.22,685.88,686.22,316442,149521.5
1772642580,686.24,686.35,686.01,686.35,565248,173059.4
1772642760,686.38,686.4,686.06,686.06,297539,182066.65
1772642880,685.86,686.2,685.86,686.2,136930,174088.2
1772642940,686.22,686.22,685.88,685.88,267800,165951.3
1772643000,685.61,685.9200000000001,685.58,685.9200000000001,241371,172980.35
1772643120,686.1,686.29,685.9499999999999,685.9499999999999,350613,187156.7
1772643360,685.87,685.98,685.64,685.64,374676,200786.2
1772643600,685.53,685.87,685.53,685.87,117123,203303.1
1772643660,686.08,686.22,685.88,686.22,168398,202731.85
1772643780,686.3100000000001,686.36,686.02,686.02,418597,217662.75
1772644020,685.9300000000001,686.2,685.86,686.2,193345,215110.05
1772644140,686.23,686.32,685.98,685.98,422579,229444.75
1772644500,685.8100000000001,686.14,685.8,685.8,435628,249616
1772644800,685.79,685.9,685.56,685.56,242356,254349.1
1772644920,685.38,685.72,685.38,685.72,99830,252390.1
1772644980,685.73,685.83,685.49,685.83,199428,259848.65
1772645100,686.1,686.1,685.76,685.76,148451,260852.25
1772645220,685.57,685.72,685.38,685.38,173565,264455.9
1772645340,685.3100000000001,685.46,685.12,685.12,136764,265334.15
1772645400,685.0500000000001,685.11,684.77,684.77,349652,266994.65
1772645520,684.6,684.9200000000001,684.58,684.9200000000001,204987,248981.6
1772645580,685.3000000000001,685.5300000000001,685.19,685.5300000000001,228991,245554.2
1772645700,685.8000000000001,685.86,685.52,685.52,125169,244966.15
1772645820,685.45,685.6500000000001,685.3100000000001,685.6500000000001,69455,235048.9
1772645880,685.69,686.01,685.67,686.01,175810,231770.85
1772645940,686.1,686.22,685.88,685.88,317885,230134.45
1772646120,685.69,685.9000000000001,685.5600000000001,685.9000000000001,200877,221444.5
1772646300,685.99,686.16,685.8199999999999,685.8199999999999,359990,233587.85
1772646720,685.79,686.13,685.79,686.13,109778,230656.85
1772646780,686.38,686.42,686.0799999999999,686.0799999999999,343341,226894.05
1772646960,685.9,686.24,685.9,686.24,154146,224934.1
1772647080,686.42,686.48,686.14,686.48,197994,213704.85
1772647200,686.49,686.49,686.15,686.15,193273,201587.1
1772647320,686.11,686.27,685.93,685.93,332884,206113.5
1772647500,685.78,686.12,685.78,686.12,31636,202703.8
1772647500.001,686.1800000000001,686.1800000000001,685.84,685.84,173178,201391.3
1772647620,685.83,686.1700000000001,685.83,686.1700000000001,24439,195190.7
1772647620.001,686.39,686.42,686.0799999999999,686.0799999999999,309699,201997.4
1772647860,686.0600000000001,686.35,686.01,686.01,258271,208072.75
1772648040,685.84,685.98,685.64,685.64,442953,212737.8
1772648340,685.61,685.73,685.39,685.39,138480,209412.45
1772648400,685.38,685.72,685.38,685.72,119007,203913.25
1772648460,685.76,685.9300000000001,685.59,685.59,259601,210634.85
1772648640,685.5600000000001,685.85,685.51,685.85,148526,214588.4
1772648760,685.91,686.1800000000001,685.84,686.1800000000001,308914,221243.6
1772649000,686.49,686.57,686.23,686.57,267208,218709.75
1772649120,686.71,686.71,686.37,686.37,207853,219058.55
1772649240,686.3000000000001,686.6400000000001,686.3000000000001,686.6400000000001,199802,211049.15
1772649420,686.6800000000001,686.71,686.37,686.71,354330,223276.75
1772649720,686.73,686.79,686.4499999999999,686.4499999999999,382469,225233.15
1772649960,686.34,686.61,686.27,686.27,133037,224177.7
1772650080,686.26,686.6,686.26,686.6,61567,217356.35
1772650140,686.77,686.87,686.53,686.53,422501,228817.75
1772650500,686.46,686.5400000000001,686.2,686.5400000000001,474426,235894.85
1772650740,686.58,686.73,686.39,686.73,168160,242721.05
1772650860,686.76,686.95,686.61,686.95,1094139,288769.1
1772651820,686.96,686.96,686.62,686.62,316818,303388.05
1772652120,686.61,686.91,686.5699999999999,686.5699999999999,257035,300754.85
1772652360,686.47,686.8100000000001,686.47,686.47,558695,315776.05
1772652840,686.45,686.7900000000001,686.45,686.7900000000001,438154,315536.1
1772653140,686.88,686.94,686.6,686.6,332007,325212.45
1772653380,686.51,686.85,686.51,686.51,341180,336321.1
1772653620,686.5,686.84,686.5,686.84,152743,330978.2
1772653740,686.85,687.09,686.75,686.75,610333,354068.55
1772654160,686.74,687,686.66,687,505482,363896.95
1772654520,687.01,687.01,686.67,686.67,386265,369849.8
1772654820,686.37,686.5600000000001,686.22,686.22,361114,377512.85
1772655000,686.1,686.36,686.02,686.02,626236,398834.55
1772655300,685.94,686.2800000000001,685.94,686.2800000000001,145084,388372.25
1772655360,686.3000000000001,686.3000000000001,685.96,685.96,268116,382654.6
1772655540,685.9300000000001,686.07,685.73,685.73,349585,393482
1772655660,685.48,685.82,685.48,685.82,192206,400013.95
1772655720,685.84,686.01,685.67,686.01,374267,397602.25
1772655900,686.0600000000001,686.1600000000001,685.82,686.1600000000001,498336,398797.75
1772656080,686.2,686.38,686.04,686.04,405470,410663.25
1772656260,685.98,686.2700000000001,685.9300000000001,686.2700000000001,660535,388983.05
1772656620,686.29,686.4000000000001,686.0600000000001,686.4000000000001,557905,401037.4
1772656860,686.42,686.63,686.29,686.29,1366404,456505.85
1772657340,686.25,686.33,685.99,685.99,716732,464407.7
1772657400,685.36,685.7,685.36,685.7,499722,467486.1
1772657460,685.72,685.88,685.54,685.88,1082851,505028.3
1772657640,686.11,686.11,685.77,685.77,395615,507750.05
1772657700,685.74,686.08,685.74,686.08,286514,514438.6
1772657760,686.19,686.19,685.85,685.85,96823,488763.1
1772657760.001,685.8000000000001,685.84,685.5,685.5,2425530,584765.5
1772657940,685.13,685.16,684.8199999999999,684.8199999999999,589781,594941.3
1772721000,682.07,682.19,681.85,682.19,333148,593543
1772721000.001,682.73,682.7900000000001,682.45,682.7900000000001,413618,582912.1
1772721060,683.03,683.1400000000001,682.8000000000001,683.1400000000001,262712,588793.5
1772721120,683.48,683.48,683.14,683.14,182743,584524.85
1772721180,683.12,683.46,683.12,683.46,61311,570111.15
1772721180.001,683.8000000000001,684.0500000000001,683.71,684.0500000000001,228892,571945.45
1772721240,684.15,684.21,683.87,684.21,313709,568917.55
1772721300,684.44,684.44,684.1,684.1,273858,557693.65
1772721360,683.83,684.11,683.77,684.11,219615,548400.9
1772721420,684.27,684.4100000000001,684.07,684.4100000000001,144186,522583.45
1772721480,684.45,684.45,684.11,684.11,45930,496984.7
1772721480.001,683.91,683.99,683.65,683.65,325710,444950
1772721540,683.09,683.4300000000001,683.09,683.4300000000001,93260,413776.4
1772721540.001,683.6800000000001,683.73,683.39,683.39,176841,397632.35
1772721600,682.83,683.1700000000001,682.83,683.1700000000001,212785,354129.05
1772721660,683.69,683.69,683.35,683.35,51279,336912.25
1772721660.001,683.22,683.5600000000001,683.22,683.5600000000001,142316,329702.35
1772721720,683.73,683.73,683.39,683.39,71157,328419.05
1772721720.001,682.98,683.24,682.9,682.9,259440,220114.55
1772721780,682.4300000000001,682.7700000000001,682.4300000000001,682.7700000000001,181962,199723.6
1772721840,682.83,682.83,682.49,682.49,218600,193996.2
1772721900,682.16,682.5,682.16,682.5,206445,183637.55
1772721960,682.7,682.75,682.41,682.75,225498,181776.85
1772722020,683.35,683.44,683.1,683.44,296719,187475.65
1772722080,683.73,683.77,683.43,683.43,249907,196905.45
1772722140,682.69,682.9300000000001,682.59,682.9300000000001,177808,194351.25
1772722200,683.46,683.6600000000001,683.32,683.6600000000001,231067,190219.15
1772722260,683.88,683.89,683.55,683.55,202098,186631.15
1772722320,683.41,683.45,683.11,683.11,109088,181104.8
1772722380,683.0500000000001,683.3900000000001,683.0500000000001,683.3900000000001,31458,175468.4
1772722380.001,683.73,683.85,683.51,683.85,118389,179091.35
1772722440,683.9300000000001,684.02,683.68,683.68,165860,171098.85
1772722500,683.59,683.9300000000001,683.59,683.9300000000001,118846,172378.15
1772722560,683.94,684.2,683.86,684.2,177682,172420.2
1772722620,684.6,684.86,684.52,684.86,289092,176235.55
1772722680,685.03,685.1,684.76,685.1,638438,205593.5
1772722800,685.53,685.53,685.1899999999999,685.1899999999999,428503,219902.85
1772722860,684.8100000000001,685.09,684.75,685.09,254156,229052.8
1772722920,685.1,685.1,684.76,684.76,202181,226189.85
1772722980,684.41,684.65,684.31,684.31,171763,225679.9
1772723040,684.19,684.34,684,684,273835,228441.65
1772723100,683.91,684.25,683.91,684.25,152005,225719.65
1772723160,684.26,684.26,683.92,683.92,37107,216300.1
1772723160.001,683.86,684.2,683.86,684.2,159283,209428.3
1772723220,684.23,684.23,683.89,683.89,61087,199987.3
1772723220.001,683.23,683.44,683.1,683.1,213739,201783.85
1772723280,682.92,683.24,682.9,683.24,223824,201421.7
1772723340,683.57,683.82,683.48,683.82,237003,203166.95
1772723400,684.14,684.14,683.8,683.8,59785,200701.8
1772723400.001,683.69,683.91,683.5699999999999,683.5699999999999,146145,206436.15
1772723460,683.09,683.3900000000001,683.0500000000001,683.3900000000001,139889,207511.15
1772723520,683.66,683.74,683.4,683.74,147789,206607.6
1772723580,684.2,684.2800000000001,683.94,684.2800000000001,167991,209064.85
1772723640,684.4,684.4,684.06,684.06,130552,206708.35
1772723700,683.89,684.2,683.86,683.86,175758,201041.65
1772723760,683.22,683.5,683.16,683.16,198885,179064
1772723820,683.13,683.36,683.02,683.02,200359,167656.8
1772723880,682.85,683.19,682.85,683.19,50116,157454.8
1772723880.001,683.28,683.28,682.9399999999999,682.9399999999999,105636,152627.55
1772723940,682.74,682.85,682.51,682.51,134865,150782.65
1772724000,682.42,682.76,682.42,682.76,109391,142560.45
1772724060,682.77,682.77,682.43,682.43,38087,136864.55
1772724060.001,682.3100000000001,682.42,682.0799999999999,682.0799999999999,271496,148584
1772724120,681.66,682,681.66,682,77803,144510
1772724120.001,682.02,682.13,681.79,681.79,136128,148262.05
1772724180,681.75,681.8000000000001,681.46,681.46,246755,149912.85
1772724240,681.04,681.24,680.9,681.24,342265,155834.9
1772724300,681.34,681.47,681.13,681.13,236844,155826.95
1772724360,680.99,681.29,680.9499999999999,680.9499999999999,324882,169081.8
1772724420,680.67,680.9,680.56,680.56,347757,179162.4
1772724480,680.35,680.6700000000001,680.33,680.6700000000001,342491,189292.5
1772724540,680.83,680.87,680.53,680.53,466724,205239.25
1772724600,679.57,679.84,679.5,679.5,400600,216869.7
1772724660,679.44,679.6600000000001,679.32,679.6600000000001,383943,229539.25
1772724720,679.86,679.97,679.63,679.97,400313,240767
1772724780,680.34,680.34,680,680,274593,244552.4
1772724840,679.88,680.22,679.88,680.22,180876,243578.25
1772724900,680.25,680.25,679.91,679.91,61491,244147
1772724900.001,679.83,680.1700000000001,679.83,680.1700000000001,318419,254786.15
1772724960,680.65,680.65,680.31,680.31,85642,252325
1772724960.001,680.07,680.4100000000001,680.07,680.4100000000001,152437,254477.3
1772725020,680.73,680.73,680.39,680.39,148630,260004.45
1772725080,680.3000000000001,680.6400000000001,680.3000000000001,680.6400000000001,48909,248875.1
1772725080.001,680.92,681.0400000000001,680.7,681.0400000000001,179264,253948.15
1772725140,681.16,681.4100000000001,681.07,681.4100000000001,265466,260415.05
1772725200,681.8100000000001,681.8100000000001,681.47,681.47,74004,251777.5
1772725200.001,681.3100000000001,681.5300000000001,681.19,681.5300000000001,134037,241366.1
1772725260,681.59,681.72,681.38,681.38,153904,237219.1
1772725320,681.23,681.53,681.1899999999999,681.1899999999999,196516,230800.8
1772725380,680.89,681.23,680.89,681.23,121023,219464.1
1772725440,681.29,681.48,681.14,681.48,128538,208766.45
1772725500,681.67,681.67,681.3299999999999,681.3299999999999,104313,190645.9
1772725560,681.12,681.46,681.12,681.46,22995,171765.65
1772725560.001,681.47,681.76,681.42,681.76,84279,156782.45
1772725620,681.8000000000001,682.0500000000001,681.71,681.71,162019,144867.75
1772725680,681.53,681.69,681.35,681.35,142133,138244.75
1772725740,681.16,681.5,681.16,681.5,128214,135611.65
1772725800,682.2,682.33,681.99,682.33,241804,144627.3
1772725920,682.35,682.35,682.01,682.01,33325,130372.6
1772725920.001,681.95,682.2900000000001,681.95,682.2900000000001,149414,133561.2
1772725980,682.53,682.58,682.24,682.24,191106,135494.65
1772726040,682.11,682.26,681.92,681.92,186208,137373.55
1772726100,681.74,682.04,681.6999999999999,681.6999999999999,195160,144686.1
1772726160,681.29,681.63,681.29,681.63,161152,143780.5
1772726220,681.82,681.82,681.48,681.48,78937,134454.05
1772726280,681.44,681.7800000000001,681.44,681.7800000000001,20945,131801.1
1772726280.001,681.79,682,681.66,682,148478,132523.15
1772726340,682.13,682.33,681.99,682.33,135594,131607.65
1772726400,682.36,682.36,682.02,682.02,153392,129451.45
1772726460,681.62,681.9300000000001,681.59,681.59,154274,131114
1772726520,681.4,681.74,681.4,681.74,114402,130407.2
1772726580,681.75,681.75,681.41,681.41,38286,127105.85
1772726580.001,681.19,681.36,681.02,681.02,196947,135803.45
1772726640,680.8100000000001,681.15,680.81,680.81,333741,148276.55
1772726760,680.59,680.82,680.48,680.48,169659,148658.55
1772726820,680.4300000000001,680.5,680.16,680.16,204477,151775.75
1772726880,680.13,680.38,680.04,680.04,504527,170591.4
1772727000,679.62,679.63,679.29,679.29,298347,173418.55
1772727060,679.15,679.49,679.15,679.49,190798,181292.2
1772727120,679.57,679.6,679.26,679.6,353469,191494.95
1772727180,680.36,680.36,680.02,680.02,246976,194288.45
1772727240,679.6800000000001,680.0200000000001,679.6800000000001,680.0200000000001,146297,192292.9
1772727300,680.1800000000001,680.1800000000001,679.84,679.84,49390,185004.4
1772727300.001,679.4300000000001,679.7700000000001,679.4300000000001,679.7700000000001,114466,182670.1
1772727360,679.91,679.91,679.5699999999999,679.5699999999999,32538,180350.15
1772727360.001,679.35,679.48,679.14,679.14,346790,196642.4
1772727480,679.01,679.35,679.01,679.35,64502,192443.6
1772727480.001,679.8000000000001,679.8000000000001,679.46,679.46,262681,198797.95
1772727540,679.09,679.4300000000001,679.09,679.4300000000001,202991,201277.9
1772727600,679.61,679.61,679.27,679.27,142286,200678.5
1772727660,679.21,679.5500000000001,679.21,679.5500000000001,48321,197374.45
1772727660.001,679.64,679.7900000000001,679.45,679.7900000000001,273291,209124.7
1772727720,680.3000000000001,680.3100000000001,679.97,679.97,264988,212526.75
1772727780,679.37,679.7,679.36,679.7,230649,207372.15
1772727840,679.9,679.9,679.56,679.56,148518,206315.1
1772727900,679.41,679.75,679.41,679.75,46373,198409.9
1772727900.001,680.0500000000001,680.15,679.81,679.81,128885,179627.8
1772727960,679.6800000000001,680.0200000000001,679.6800000000001,680.0200000000001,100048,169712.85
1772728020,680.12,680.17,679.8299999999999,679.8299999999999,185285,169437.2
1772728080,679.47,679.8000000000001,679.46,679.8000000000001,430863,173306.9
1772728200,679.92,680.1600000000001,679.82,680.1600000000001,270757,174495.95
1772728260,680.53,680.63,680.29,680.63,214716,177916.9
1772728320,680.64,680.79,680.4499999999999,680.4499999999999,432496,197072.2
1772728440,679.8000000000001,680.1400000000001,679.8000000000001,680.1400000000001,203146,201506.2
1772728500,680.36,680.46,680.12,680.46,199545,209856.55
1772728560,680.51,680.51,680.17,680.17,142153,199624.7
1772728620,680.16,680.5,680.16,680.5,44960,198647.6
1772728620.001,680.69,680.77,680.43,680.43,341459,202586.5
1772728740,680.37,680.71,680.37,680.71,51379,195005.9
1772728740.001,680.96,680.96,680.62,680.62,51379,190460.55
1772728740.002,680.57,680.9100000000001,680.57,680.9100000000001,154515,195770.25
1772728800,681.04,681.04,680.6999999999999,680.6999999999999,195972,191904.3
1772728860,680.12,680.36,680.02,680.02,188419,188075.85
1772728920,679.86,680.2,679.86,680.2,186011,185843.95
1772728980,680.26,680.49,680.15,680.49,277294,192282.75
1772729100,681,681.19,680.85,680.85,157147,197821.45
1772729160,680.59,680.9300000000001,680.59,680.9300000000001,129259,197840.15
1772729220,681.15,681.15,680.81,680.81,122427,198959.1
1772729280,680.79,680.88,680.54,680.54,120000,195694.85
1772729340,680.44,680.7800000000001,680.44,680.7800000000001,118312,180067.3
1772729400,680.98,680.98,680.64,680.64,149612,174010.05
1772729460,680.25,680.59,680.25,680.59,124704,169509.45
1772729520,680.69,680.83,680.49,680.49,124214,154095.35
1772729580,680.47,680.8100000000001,680.47,680.8100000000001,132188,150547.45
1772729640,681.02,681.1600000000001,680.82,681.1600000000001,320028,156571.6
1772729760,681.3000000000001,681.35,681.01,681.01,321235,165525.7
1772729880,680.9,681.24,680.9,681.24,123616,169458.5
1772729940,681.25,681.25,680.91,680.91,75340,156152.55
1772730000,680.83,681.1700000000001,680.83,681.1700000000001,23028,154735
1772730000.001,681.23,681.3900000000001,681.0500000000001,681.3900000000001,232260,163779.05
1772730120,681.48,681.62,681.28,681.62,197409,165923.75
1772730180,681.83,682.11,681.77,682.11,270820,169666.15
1772730240,682.4,682.4,682.06,682.06,248764,172683.4
1772730300,682.04,682.38,682.04,682.38,145293,170647.5
1772730360,682.42,682.42,682.0799999999999,682.0799999999999,43234,158944.5
1772730360.001,681.8100000000001,681.87,681.53,681.53,253106,163742.45
1772730420,681.04,681.38,681.04,681.38,144748,164516.9
1772730480,681.52,681.54,681.1999999999999,681.1999999999999,94923,163141.7
1772730540,680.97,681.01,680.67,680.67,199773,167130.35
1772730600,680.17,680.51,680.17,680.51,172981,169863.8
1772730660,680.61,680.8000000000001,680.46,680.8000000000001,124631,168614.75
1772730720,681.08,681.14,680.8,680.8,152077,169983.4
1772730780,680.25,680.59,680.25,680.59,76822,167613.8
1772730840,680.75,680.75,680.41,680.41,119593,166984.05
1772730900,679.94,680.2800000000001,679.94,680.2800000000001,103412,156153.25
1772730960,680.3000000000001,680.3000000000001,679.96,679.96,37732,141978.1
1772730960.001,679.65,679.86,679.52,679.52,236768,147635.7
1772731080,679.5,679.58,679.24,679.24,154547,151596.05
1772731140,679.17,679.51,679.17,679.51,123756,156632.45
1772731200,679.65,679.65,679.31,679.31,40592,147049.05
1772731200.001,679.25,679.32,678.98,678.98,177469,146052.05
1772731260,678.94,679.2800000000001,678.94,679.2800000000001,168403,140931.2
1772731320,679.4,679.5200000000001,679.1800000000001,679.5200000000001,241151,140550.55
1772731440,679.67,679.67,679.3299999999999,679.3299999999999,151193,140845.55
1772731500,679.16,679.34,679,679,232559,150311.8
1772731560,678.71,679.0500000000001,678.71,679.0500000000001,64388,140875.9
1772731560.001,679.23,679.45,679.11,679.45,150933,141185.15
1772731680,679.66,679.66,679.3199999999999,679.3199999999999,39683,138423.15
1772731680.001,679.0600000000001,679.26,678.92,678.92,294719,143170.45
1772731740,678.49,678.8100000000001,678.47,678.47,228009,145921.85
1772731800,678.39,678.49,678.15,678.15,388873,159133.95
1772731860,677.61,677.73,677.39,677.39,284255,165742.85
1772731920,677.29,677.63,677.29,677.63,158394,169821.45
1772731980,677.73,677.73,677.39,677.39,50777,166380.65
1772731980.001,677.29,677.58,677.24,677.58,316126,177016.35
1772732100,677.65,677.65,677.31,677.31,55100,177884.75
1772732100.001,677.25,677.54,677.1999999999999,677.1999999999999,174133,174753
1772732160,677.19,677.4200000000001,677.08,677.4200000000001,490428,191547.05
1772732220,678.5500000000001,678.62,678.28,678.28,473036,209011.05
1772732280,677.96,678.28,677.9399999999999,677.9399999999999,274304,220696.65
1772732340,677.8100000000001,678.1500000000001,677.8100000000001,678.1500000000001,183327,220989.55
1772732400,678.42,678.42,678.0799999999999,678.0799999999999,184771,221807.95
1772732460,677.3100000000001,677.44,677.1,677.44,360234,227762.1
1772732580,677.84,677.84,677.5,677.5,45717,222488.3
1772732580.001,677.28,677.5,677.16,677.16,180708,219895.75
1772732640,676.95,677.2900000000001,676.95,677.2900000000001,140764,223714.55
1772732700,677.3000000000001,677.3000000000001,676.96,676.96,40264,218181.1
1772732700.001,676.86,677.1800000000001,676.84,677.1800000000001,345867,233490.3
1772732820,677.23,677.24,676.9,676.9,183098,227909.25
1772732880,676.6,676.94,676.6,676.94,163687,224693.15
1772732940,677,677,676.66,676.66,57857,208142.35
1772732940.001,676.3000000000001,676.57,676.23,676.23,174656,202662.4
1772733000,676.11,676.45,676.11,676.45,232274,206356.4
1772733060,676.88,676.9200000000001,676.58,676.9200000000001,316739,219654.5
1772733120,677.37,677.37,677.03,677.03,307293,219212.85
1772733180,676.86,676.92,676.5799999999999,676.5799999999999,216039,227259.8
1772733240,676.35,676.47,676.13,676.13,236665,230386.4
1772733300,676.03,676.37,676.03,676.37,185433,215136.65
1772733360,676.5,676.74,676.4,676.74,190033,200986.5
1772733420,676.78,676.78,676.4399999999999,676.4399999999999,168509,195696.75
1772733480,676.35,676.69,676.35,676.69,116991,192379.95
1772733540,676.75,676.75,676.41,676.41,206134,193448.1
1772733600,676.3100000000001,676.6500000000001,676.3100000000001,676.6500000000001,64364,178654.6
1772733600.001,676.8000000000001,676.8000000000001,676.46,676.46,163270,184532.25
1772733660,676.41,676.75,676.41,676.75,49453,177969.5
1772733660.001,676.96,676.97,676.63,676.63,198138,180838.2
1772733720,676.48,676.82,676.48,676.82,148232,186236.6
1772733780,676.86,677.1,676.76,677.1,157913,176838.9
1772733840,677.1800000000001,677.1800000000001,676.84,676.84,140210,174694.5
1772733900,676.8000000000001,677.1400000000001,676.8000000000001,677.1400000000001,49268,168973.55
1772733900.001,677.39,677.5600000000001,677.22,677.22,212270,176694.2
1772733960,676.96,677.3000000000001,676.96,677.3000000000001,163055,176114.15
1772734020,677.78,677.91,677.5699999999999,677.5699999999999,273326,178166.75
1772734140,677.42,677.76,677.42,677.76,29904,163825
1772734140.001,677.83,677.8900000000001,677.5500000000001,677.8900000000001,99510,153435.85
1772734200,677.97,677.97,677.63,677.63,124292,148848.5
1772734260,677.4,677.63,677.29,677.63,138496,143940.05
1772734320,677.89,678.0600000000001,677.72,678.0600000000001,136716,141504.2
1772734380,678.19,678.26,677.92,677.92,260732,145039.15
1772734500,677.67,677.89,677.55,677.55,206421,146934.75
1772734620,677.44,677.69,677.35,677.35,121725,147171.45
1772734680,677.0600000000001,677.12,676.78,676.78,175377,145633.6
1772734740,676.29,676.63,676.29,676.63,142392,149535
1772734800,676.77,676.77,676.43,676.43,106898,146716.4
1772734860,676.36,676.7,676.36,676.7,37606,146124.05
1772734860.001,676.82,676.98,676.64,676.98,141214,143277.85
1772734920,677.37,677.37,677.03,677.03,90864,140409.45
1772734980,676.98,677.0500000000001,676.71,676.71,215236,143275.6
1772735100,676.44,676.47,676.13,676.13,146219,143576.05
1772735160,676.07,676.24,675.9,676.24,184691,150347.2
1772735220,676.4,676.52,676.18,676.18,165279,147997.65
1772735280,676.11,676.36,676.02,676.36,107499,145219.85
1772735340,676.46,676.59,676.25,676.59,153095,139208.3
1772735400,677.03,677.03,676.6899999999999,676.6899999999999,43413,139883.75
1772735400.001,676.47,676.48,676.14,676.48,80449,138930.7
1772735460,676.61,676.65,676.31,676.31,74694,136450.8
1772735520,676.02,676.1600000000001,675.82,676.1600000000001,114578,135254.9
1772735580,676.4,676.57,676.23,676.23,109447,133891.45
1772735640,676.21,676.5500000000001,676.21,676.5500000000001,116508,126680.25
1772735700,676.87,676.87,676.53,676.53,132763,122997.35
1772735760,676.29,676.57,676.23,676.57,111464,122484.3
1772735820,676.62,676.9100000000001,676.57,676.9100000000001,141267,120778.8
1772735880,676.99,677.0300000000001,676.69,677.0300000000001,209649,124141.65
1772736000,677.32,677.51,677.17,677.51,249700,131281.75
1772736120,677.74,677.96,677.62,677.62,193380,139070.45
1772736180,677.32,677.6600000000001,677.32,677.6600000000001,112134,137616.45
1772736240,677.84,677.85,677.51,677.51,165188,141332.65
1772736300,676.98,677.0600000000001,676.72,677.0600000000001,182429,139692.3
1772736360,677.47,677.51,677.17,677.17,179733,141368
1772736480,676.91,677.01,676.67,676.67,165626,140414.75
1772736600,676.46,676.65,676.31,676.31,96889,136995.25
1772736660,676.09,676.3100000000001,675.97,676.3100000000001,194038,141322.2
1772736780,676.4,676.48,676.14,676.14,114977,139416.3
1772736840,675.94,676.2800000000001,675.94,676.2800000000001,101004,142295.85
1772736900,676.33,676.58,676.24,676.58,205120,148529.4
1772737020,676.79,676.98,676.64,676.98,116321,150610.75
1772737080,677.02,677.02,676.68,676.68,44908,147127.25
1772737080.001,676.5,676.72,676.38,676.72,212962,152303
1772737200,676.87,677.12,676.78,676.78,153474,154151.3
1772737260,676.6800000000001,677.01,676.67,677.01,115343,153280.3
1772737320,677.09,677.09,676.75,676.75,141479,154781.05
1772737380,676.63,676.84,676.5,676.84,282759,161855.65
1772737440,677.02,677.07,676.73,677.07,246627,163704.55
1772737500,677.2,677.33,676.99,676.99,131799,157809.5
1772737560,676.87,677.19,676.85,677.19,77761,152028.55
1772737620,677.2,677.2,676.86,676.86,79507,150397.2
1772737680,676.72,677.0600000000001,676.72,677.0600000000001,170643,150669.95
1772737860,677.07,677.07,676.73,676.73,21535,142625.25
1772737860.001,676.72,676.9200000000001,676.58,676.9200000000001,78343,137555.75
1772737920,677.02,677.2700000000001,676.9300000000001,677.2700000000001,83497,133449.3
1772737980,677.4,677.45,677.11,677.11,187719,137990.8
1772738100,676.92,677.08,676.74,676.74,168840,136730.9
1772738220,676.66,677,676.66,677,31005,132532.3
1772738220.001,677.07,677.23,676.89,677.23,123805,133672.35
1772738280,677.3100000000001,677.3100000000001,676.97,677.3100000000001,101163,128474.5
1772738340,677.39,677.6600000000001,677.32,677.6600000000001,125935,128955.2
1772738400,677.79,677.79,677.4499999999999,677.4499999999999,51262,129272.9
1772738400.001,677.26,677.46,677.12,677.46,124605,124855.05
1772738460,677.53,677.53,677.1899999999999,677.1899999999999,85264,121444.55
1772738520,677.01,677.1700000000001,676.83,677.1700000000001,51424,118248.6
1772738580,677.35,677.42,677.0799999999999,677.0799999999999,212234,121786.35
1772738700,676.44,676.63,676.29,676.63,185561,116926.45
1772738760,676.71,676.71,676.37,676.37,134660,111328.1
1772738820,676.32,676.6600000000001,676.32,676.6600000000001,80987,108787.5
1772738880,676.75,676.8100000000001,676.47,676.47,277734,118786.15
1772739000,675.9300000000001,676.1800000000001,675.84,676.1800000000001,250800,127350.8
1772739060,676.2,676.2,675.86,675.86,213735,129505.4
1772739120,675.61,675.95,675.61,675.95,177779,137317.6
1772739180,676.14,676.21,675.87,675.87,340649,150432.9
1772739360,675.72,676.01,675.67,676.01,257445,159130.3
1772739480,676.37,676.3900000000001,676.0500000000001,676.3900000000001,271853,163337
1772739600,676.63,676.8000000000001,676.46,676.8000000000001,178598,163824.9
1772739660,676.92,676.92,676.5799999999999,676.5799999999999,117396,168144.45
1772739720,676.57,676.9100000000001,676.57,676.9100000000001,34591,163683.75
1772739720.001,677.01,677.0300000000001,676.69,677.0300000000001,153509,166301.05
1772739840,677.0500000000001,677.07,676.73,676.73,140168,167012.7
1772739900,676.5600000000001,676.9000000000001,676.5600000000001,676.9000000000001,42079,166553.55
1772739900.001,676.97,677.2700000000001,676.9300000000001,677.2700000000001,188669,169756.75
1772740080,677.36,677.5600000000001,677.22,677.5600000000001,209866,175986.85
1772740200,677.73,677.73,677.39,677.39,102326,178531.95
1772740260,677.19,677.24,676.9,677.24,94260,172633.25
1772740320,677.35,677.41,677.0699999999999,677.0699999999999,214458,174078.1
1772740440,676.72,676.8100000000001,676.47,676.47,168155,175752.85
1772740500,676.45,676.7900000000001,676.45,676.7900000000001,179812,180694.1
1772740560,677,677.19,676.85,677.19,126703,173142.55
1772740620,677.27,677.27,676.93,676.93,281806,174692.85
1772740800,676.87,677.21,676.87,677.21,93897,168700.95
1772740860,677.25,677.27,676.93,676.93,201515,169887.75
1772740980,676.49,676.73,676.39,676.73,594280,182569.3
1772741040,678.15,678.15,677.81,677.81,439784,191686.25
1772741100,677.21,677.47,677.13,677.13,222484,189217.8
1772741160,676.78,677.12,676.78,677.12,45904,182583.1
1772741160.001,677.27,677.61,677.27,677.61,81531,180789.85
1772741220,677.7,677.7,677.36,677.36,40765,181098.55
1772741220.001,677.14,677.46,677.12,677.46,242118,185529
1772741280,678.4,678.47,678.13,678.13,318010,194421.1
1772741340,677.99,678.33,677.99,678.33,342609,209447.6
1772741400,678.92,679.09,678.75,678.75,321936,216110.95
1772741460,678.5600000000001,678.9000000000001,678.5600000000001,678.9000000000001,225124,216873.85
1772741520,679.08,679.08,678.74,678.74,73294,215422.25
1772741520.001,678.54,678.74,678.4,678.74,195538,220486.15
1772741580,678.85,678.87,678.53,678.87,145670,217046.75
1772741640,678.9300000000001,679.14,678.8,678.8,193084,218293.2
1772741700,678.47,678.73,678.39,678.73,241006,221352.9
1772741760,678.79,678.9200000000001,678.58,678.9200000000001,497327,239884.1
1772741880,679.38,679.46,679.12,679.12,236311,237609.35
1772741940,679.08,679.34,679,679,204430,243136
1772742000,678.87,679.21,678.87,679.21,178214,241970.95
1772742060,679.47,679.6,679.26,679.6,595894,242051.65
1772742180,679.84,679.9000000000001,679.5600000000001,679.9000000000001,563322,248228.55
1772742300,680.46,680.46,680.12,680.12,547542,264481.45
1772742420,679.89,680.0600000000001,679.72,679.72,286562,276514.35
1772742480,679.71,679.76,679.42,679.42,240931,284484.35
1772742540,679.39,679.51,679.17,679.51,249577,294924.95
1772742600,679.65,679.9000000000001,679.5600000000001,679.9000000000001,290507,297344.4
1772742720,680.1800000000001,680.1800000000001,679.84,679.84,164743,289681.05
1772742780,679.62,679.96,679.62,679.96,44123,274756.75
1772742780.001,680,680.25,679.91,680.25,299654,273642.65
1772742960,680.28,680.34,680,680.34,339428,279357.85
1772743080,680.48,680.48,680.14,680.14,193654,285375.85
1772743140,679.88,680.16,679.8199999999999,679.8199999999999,398274,295512.65
1772743260,679.77,680.11,679.77,680.11,165552,296506.75
1772743320,680.15,680.15,679.81,679.81,207077,297206.4
1772743380,679.67,679.9300000000001,679.59,679.9300000000001,218580,296085.1
1772743440,680.02,680.23,679.89,679.89,223072,282372.35
1772743500,679.66,679.84,679.5,679.5,242210,282667.3
1772743560,679.41,679.75,679.41,679.75,204301,282660.85
1772743620,679.77,679.9300000000001,679.59,679.9300000000001,235464,285523.35
1772743680,680.3100000000001,680.5300000000001,680.19,680.5300000000001,1004363,305946.8
1772743800,681.1800000000001,681.1800000000001,680.84,680.84,215248,288543.1
1772743800.001,680.73,680.92,680.5799999999999,680.5799999999999,437077,283019.85
1772743860,680.33,680.6700000000001,680.33,680.6700000000001,575147,297449.1
1772743920,681,681.1500000000001,680.8100000000001,681.1500000000001,1414455,356125.3
1772744040,681.44,681.46,681.12,681.12,856331,386463
1772744100,680.97,681.3000000000001,680.96,681.3000000000001,702319,407053.6
1772744160,681.44,681.5,681.16,681.5,911281,444380.5
1772744220,681.73,681.75,681.41,681.41,3781893,631269
1772744340,681.14,681.44,681.1,681.1,1000987,666335.65
1772807400,673.39,673.73,673.39,673.73,233513,661039.9
1772807400.001,674.0600000000001,674.0600000000001,673.72,673.72,233512,663032.8
1772807400.002,672.71,673.0500000000001,672.71,673.0500000000001,507238,668481
1772807460,673.25,673.25,672.91,672.91,136863,667046.55
1772807460.001,672.38,672.42,672.0799999999999,672.0799999999999,372054,675295.4
1772807520,672.02,672.36,672.02,672.36,117595,670246.15
1772807520.001,672.94,673.0500000000001,672.71,673.0500000000001,305415,674363.3
1772807580,673.09,673.09,672.75,672.75,93910,666948.3
1772807580.001,672.07,672.36,672.02,672.36,341835,673825
1772807640,672.52,672.58,672.24,672.24,603428,692223.2
1772807700,670.71,671.0500000000001,670.71,671.0500000000001,382411,661125.6
1772807760,671.16,671.16,670.8199999999999,670.8199999999999,104408,655583.6
1772807760.001,670.4,670.74,670.4,670.74,176469,642553.2
1772807820,670.77,670.9000000000001,670.5600000000001,670.9000000000001,144122,621001.95
1772807820.001,671.21,671.21,670.87,670.87,72060,553882.2
1772807820.002,670.77,670.95,670.61,670.95,284001,525265.7
1772807880,671.8100000000001,671.8100000000001,671.47,671.47,378722,509085.85
1772807940,671.1,671.44,671.1,671.44,344057,480724.65
1772808000,671.83,671.83,671.49,671.49,124686,297864.3
1772808000.001,670.89,671.1800000000001,670.84,671.1800000000001,414405,268535.2
1772808060,671.62,671.71,671.37,671.37,297323,271725.7
1772808120,670.76,671.1,670.76,671.1,66916,263395.9
1772808120.001,671.17,671.34,671,671.34,383967,257232.35
1772808180,672.19,672.19,671.85,671.85,127989,256788.65
1772808180.001,671.17,671.47,671.13,671.47,166518,246511.85
1772808240,671.96,671.96,671.62,671.62,83258,244795
1772808240.001,670.91,671.0500000000001,670.71,671.0500000000001,355980,247323.25
1772808300,671.83,671.83,671.49,671.49,90907,247173.1
1772808300.001,671.0500000000001,671.27,670.93,670.93,231908,241676.75
1772808360,670.33,670.4,670.06,670.06,364278,229719.25
1772808420,670,670.34,670,670.34,143487,217773.05
1772808420.001,670.76,670.76,670.42,670.42,288800,226992.65
1772808480,670.34,670.6800000000001,670.34,670.6800000000001,72656,221802
1772808480.001,671,671.15,670.81,670.81,344990,231845.4
1772808540,670.48,670.7900000000001,670.45,670.7900000000001,293962,242940.5
1772808600,671.22,671.3900000000001,671.0500000000001,671.3900000000001,398272,248654.05
1772808660,672.13,672.13,671.79,671.79,110181,235227
1772808660.001,671.77,671.77,671.43,671.43,294963,232772.3
1772808720,670.8000000000001,671.1400000000001,670.8000000000001,671.1400000000001,152414,234158.7
1772808780,671.15,671.41,671.0699999999999,671.0699999999999,108188,218847.85
1772808780.001,670.73,671.07,670.73,671.07,166533,212308.35
1772808840,671.21,671.21,670.87,670.87,56220,211773.55
1772808840.001,670.71,670.88,670.54,670.54,213297,203240.05
1772808900,670.48,670.5600000000001,670.22,670.22,216184,207649.8
1772808960,670.19,670.5300000000001,670.19,670.5300000000001,165529,207600.35
1772809020,670.79,670.79,670.4499999999999,670.4499999999999,55460,206210.45
1772809020.001,670.32,670.6,670.26,670.26,214271,199125
1772809080,670.03,670.1,669.76,670.1,444156,216787.45
1772809140,671.1800000000001,671.1800000000001,670.84,671.1800000000001,711884,240786.25
1772809200,673.03,673.03,672.6899999999999,672.6899999999999,193825,232263.6
1772809200.001,672.23,672.46,672.12,672.46,200373,235107.9
1772809260,672.84,672.84,672.5,672.5,66790,224007.4
1772809260.001,672.39,672.6800000000001,672.34,672.6800000000001,215964,231172.8
1772809320,673.13,673.13,672.79,672.79,278091,227827.85
1772809380,672.2,672.38,672.04,672.04,174231,221841.3
1772809440,672.03,672.37,672.03,672.37,52764,204565.9
1772809440.001,672.87,673.0500000000001,672.71,672.71,307209,214417.3
1772809500,671.61,671.95,671.61,671.95,84814,203909.85
1772809500.001,672.16,672.34,672,672.34,132153,202896.8
1772809560,672.84,672.84,672.5,672.5,180941,206534.45
1772809620,672.07,672.22,671.88,671.88,240094,210212.5
1772809680,671.62,671.9,671.56,671.56,262475,220525.25
1772809740,670.84,671.1800000000001,670.84,671.1800000000001,167821,218251.45
1772809800,671.3100000000001,671.3100000000001,670.97,670.97,50968,209990.65
1772809800.001,670.79,671.13,670.79,671.13,201800,211804.2
1772809860,672,672.2,671.86,672.2,229130,220487.7
1772809920,672.6,672.7,672.36,672.7,222830,220915.65
1772809980,673.3000000000001,673.3000000000001,672.96,672.96,161018,206758.75
1772810040,672.53,672.87,672.53,672.87,53306,173829.85
1772810040.001,673.28,673.28,672.9399999999999,672.9399999999999,166920,172484.6
1772810100,672.86,673.2,672.86,673.2,56807,165306.3
1772810100.001,673.4300000000001,673.52,673.18,673.18,212141,172573.85
1772810160,672.75,672.96,672.62,672.96,168206,170185.95
1772810220,673.35,673.51,673.17,673.51,725017,192532.25
1772810400,673.77,673.77,673.43,673.43,70789,187360.15
1772810400.001,673.28,673.48,673.14,673.48,177689,193606.4
1772810460,673.75,673.8100000000001,673.47,673.8100000000001,379205,197206.2
1772810580,674.36,674.36,674.02,674.02,75596,196745.3
1772810580.001,673.92,674.25,673.91,674.25,146775,197476.4
1772810640,674.3000000000001,674.3000000000001,673.96,673.96,130155,194937.1
1772810700,673.6800000000001,674.0200000000001,673.6800000000001,674.0200000000001,40615,184963.15
1772810700.001,674.23,674.25,673.91,673.91,133017,178490.25
1772810760,673.82,674.1600000000001,673.82,674.1600000000001,121170,176157.7
1772810820,674.26,674.26,673.92,673.92,45185,175868.55
1772810820.001,673.57,673.9100000000001,673.57,673.9100000000001,169557,174256.4
1772810880,674.1,674.1,673.76,673.76,125967,169098.25
1772810940,673.53,673.87,673.53,673.87,42255,160069.5
1772810940.001,674.23,674.46,674.12,674.46,256434,164840.3
1772811000,674.62,674.62,674.28,674.28,204347,172392.35
1772811060,674.23,674.57,674.23,674.57,66477,167370.2
1772811060.001,675,675,674.66,674.66,150796,172069.65
1772811120,674.48,674.82,674.48,674.82,42160,163570.6
1772811120.001,674.98,674.98,674.64,674.64,169434,163632
1772811180,674.4,674.74,674.4,674.74,123063,133534.3
1772811240,674.9300000000001,675.1700000000001,674.83,675.1700000000001,205446,140267.15
1772811300,675.32,675.47,675.13,675.47,226984,142731.9
1772811360,675.64,675.7800000000001,675.44,675.7800000000001,448743,146208.8
1772811480,675.92,675.92,675.5799999999999,675.5799999999999,247740,154816
1772811540,675.39,675.6,675.26,675.26,300650,162509.75
1772811600,675,675.11,674.77,674.77,300385,171021.25
1772811660,674.63,674.9,674.56,674.56,244009,181190.95
1772811720,674.5500000000001,674.75,674.41,674.41,190886,184084.4
1772811780,674.17,674.51,674.17,674.51,165611,186306.45
1772811840,674.87,674.9,674.56,674.56,143967,191245.55
1772811900,674.28,674.41,674.0699999999999,674.0699999999999,177130,191624.2
1772811960,673.91,674.24,673.9,673.9,223063,196479
1772812080,673.73,674,673.66,673.66,162063,202469.4
1772812140,673.51,673.84,673.5,673.5,207355,200015.45
1772812200,672.92,673.01,672.67,672.67,196802,199638.2
1772812260,672.6,672.8000000000001,672.46,672.8000000000001,174920,205060.35
1772812320,672.88,673.1600000000001,672.82,673.1600000000001,325384,213789.75
1772812440,673.4300000000001,673.75,673.41,673.75,337944,228578.95
1772812500,674.72,674.98,674.64,674.98,289165,234565.5
1772812560,675.28,675.39,675.05,675.05,173961,237110.4
1772812620,674.97,675.3100000000001,674.97,675.3100000000001,135198,233598
1772812680,675.4,675.4,675.06,675.06,49443,224720.95
1772812680.001,674.77,675.11,674.77,675.11,49443,204755.95
1772812680.002,675.12,675.39,675.05,675.05,106082,197673.05
1772812740,674.74,675.0300000000001,674.69,675.0300000000001,176423,191461.7
1772812800,675.46,675.5300000000001,675.19,675.5300000000001,216613,187273.1
1772812860,675.5600000000001,675.5600000000001,675.22,675.22,124230,181284.15
1772812920,675.03,675.37,675.03,675.37,107005,177090.1
1772812980,675.67,675.9100000000001,675.57,675.9100000000001,173669,177493
1772813040,676.01,676.01,675.67,675.67,185390,179564.15
1772813100,675.66,675.88,675.54,675.54,179057,179660.5
1772813160,675.04,675.27,674.93,674.93,270745,182044.6
1772813280,674.86,675.2,674.86,675.2,111168,179499.85
1772813340,675.3000000000001,675.3000000000001,674.96,674.96,38741,171069.15
1772813340.001,674.78,675.01,674.67,674.67,283317,175394.9
1772813460,674.29,674.58,674.24,674.24,141566,173727.2
1772813520,674.23,674.53,674.1899999999999,674.1899999999999,280111,171463.55
1772813640,674.07,674.3100000000001,673.97,674.3100000000001,141047,161618.7
1772813700,674.44,674.75,674.41,674.75,146232,154472.05
1772813760,675.08,675.08,674.74,674.74,57555,148651.75
1772813760.001,674.35,674.61,674.27,674.27,169248,150354.25
1772813820,674.03,674.37,674.03,674.37,98496,152806.9
1772813880,674.69,674.71,674.37,674.71,91769,154923.2
1772813940,675,675.04,674.6999999999999,674.6999999999999,133945,156316.35
1772814000,674.19,674.52,674.18,674.18,125093,153749.85
1772814060,673.74,674.01,673.67,673.67,138444,149841.4
1772814120,673.63,673.79,673.4499999999999,673.4499999999999,139406,150600.2
1772814180,673.44,673.7800000000001,673.44,673.7800000000001,176559,154077.9
1772814240,674.48,674.66,674.3199999999999,674.3199999999999,185559,154672.4
1772814300,674.13,674.28,673.9399999999999,673.9399999999999,120669,151436.35
1772814360,673.86,674.2,673.86,674.2,86549,146810.95
1772814420,674.36,674.36,674.02,674.02,30839,134815.65
1772814420.001,673.8000000000001,674.1400000000001,673.8000000000001,674.1400000000001,96409,134077.7
1772814480,674.2,674.36,674.02,674.36,109670,137624.15
1772814540,674.46,674.6,674.26,674.26,146592,130787.9
1772814600,673.8000000000001,674.08,673.74,674.08,141955,130807.35
1772814660,674.28,674.44,674.1,674.44,71037,120353.65
1772814720,674.58,674.58,674.24,674.24,96455,118124.05
1772814780,673.92,674.09,673.75,673.75,168690,119246.95
1772814840,673.4,673.74,673.4,673.74,143270,123532.7
1772814900,674.27,674.2900000000001,673.95,674.2900000000001,99974,120069
1772814960,674.67,674.9100000000001,674.57,674.9100000000001,156077,122948.05
1772815020,675.04,675.13,674.79,674.79,135112,125115.2
1772815080,674.75,675.09,674.75,675.09,86539,122744.9
1772815140,675.1800000000001,675.1800000000001,674.84,674.84,82456,120613.05
1772815200,674.58,674.9200000000001,674.58,674.9200000000001,31840,115282.85
1772815200.001,675.11,675.22,674.88,674.88,124245,114524.8
1772815260,674.52,674.86,674.52,674.86,81931,109793.4
1772815320,674.89,675.09,674.75,675.09,48075,102919.2
1772815380,675.23,675.23,674.89,674.89,87615,101266.5
1772815440,674.38,674.72,674.38,674.72,108839,102381
1772815500,675.48,675.62,675.28,675.62,123715,107024.8
1772815560,675.65,675.6800000000001,675.34,675.34,111821,107795.4
1772815620,674.95,675.25,674.91,675.25,138342,109229
1772815680,675.67,675.67,675.3299999999999,675.3299999999999,110064,107402.6
1772815740,675.3100000000001,675.6500000000001,675.3100000000001,675.6500000000001,103709,105490.3
1772815800,675.73,675.9000000000001,675.5600000000001,675.9000000000001,123064,108091.65
1772815860,676,676,675.66,675.66,65521,106544.95
1772815920,675.6,675.91,675.5699999999999,675.5699999999999,118450,104032.95
1772815980,675.3100000000001,675.52,675.18,675.18,170184,105378.65
1772816040,674.51,674.6700000000001,674.33,674.6700000000001,150026,107881.25
1772816100,674.82,674.82,674.48,674.48,174899,108822.35
1772816160,674.15,674.49,674.15,674.49,142615,109197.5
1772816220,675.51,675.51,675.17,675.17,94297,109585.4
1772816280,674.76,675.1,674.76,675.1,31193,107022.25
1772816280.001,675.4,675.4,675.06,675.06,109927,110926.6
1772816340,674.92,675.08,674.74,674.74,118822,110655.45
1772816400,674.6,674.9100000000001,674.57,674.9100000000001,92714,111194.6
1772816460,674.99,675.09,674.75,674.75,76307,112606.2
1772816520,674.65,674.9100000000001,674.57,674.9100000000001,95899,113020.4
1772816580,675.48,675.7800000000001,675.44,675.7800000000001,86276,111892.25
1772816640,675.84,675.84,675.5,675.5,30249,107218.95
1772816640.001,675.22,675.33,674.99,674.99,136381,108446.95
1772816700,674.75,675.0600000000001,674.72,674.72,186433,110851.5
1772816760,674.12,674.27,673.93,673.93,274746,119085.6
1772816880,673.73,673.98,673.64,673.98,125073,120153.8
1772816940,674.09,674.3000000000001,673.96,674.3000000000001,108017,119401.45
1772817000,674.36,674.36,674.02,674.02,85004,120375.6
1772817060,673.96,674.22,673.88,674.22,145639,121735.05
1772817180,674.33,674.33,673.99,673.99,97063,118079
1772817240,673.66,674,673.66,674,69901,114072.75
1772817300,674.14,674.14,673.8,673.8,166251,113640.35
1772817360,673.44,673.7800000000001,673.44,673.7800000000001,64995,109759.35
1772817420,673.79,674.0500000000001,673.71,674.0500000000001,48130,107451
1772817420.001,674.08,674.11,673.77,674.11,96697,110726.2
1772817480,674.23,674.32,673.98,674.32,91425,109801.1
1772817540,674.47,674.62,674.28,674.28,109199,109319.95
1772817600,674.19,674.4000000000001,674.0600000000001,674.4000000000001,59448,107656.65
1772817660,674.45,674.6600000000001,674.32,674.6600000000001,85109,108096.75
1772817720,675.17,675.17,674.8299999999999,674.8299999999999,93199,107961.75
1772817780,674.72,674.8000000000001,674.46,674.46,85235,107909.7
1772817840,674.4,674.5600000000001,674.22,674.22,183247,115559.6
1772817900,673.59,673.85,673.51,673.51,180545,117767.8
1772817960,673.35,673.69,673.35,673.69,108109,113851.6
1772818020,673.83,674.0400000000001,673.7,674.0400000000001,90792,104653.9
1772818080,674.08,674.3000000000001,673.96,673.96,88381,102819.3
1772818140,673.8000000000001,674.02,673.68,673.68,125259,103681.4
1772818260,673.61,673.95,673.61,673.95,19212,100391.8
1772818260.001,673.99,674,673.66,673.66,84578,97338.75
1772818320,673.6,673.94,673.6,673.94,76256,96298.4
1772818380,674.0500000000001,674.1500000000001,673.8100000000001,674.1500000000001,60695,95838.1
1772818440,674.16,674.16,673.8199999999999,673.8199999999999,97489,92400
1772818500,673.47,673.66,673.3199999999999,673.3199999999999,205468,99423.65
1772818560,672.87,673.07,672.73,672.73,611325,127583.4
1772818740,672.59,672.9300000000001,672.59,672.9300000000001,98719,127684.5
1772818800,673.12,673.12,672.78,672.78,35782,124902.35
1772818800.001,672.53,672.77,672.43,672.43,341129,136498.85
1772818920,672.17,672.41,672.0699999999999,672.0699999999999,162261,141639.5
1772818980,672.03,672.37,672.03,672.37,166456,145706.85
1772819040,672.73,672.94,672.6,672.94,173452,149719.5
1772819100,673,673.0500000000001,672.71,673.0500000000001,205271,155721.3
1772819220,673.07,673.07,672.73,672.73,26903,147904.1
1772819220.001,672.72,673.0600000000001,672.72,673.0600000000001,121511,144952.4
1772819280,673.26,673.48,673.14,673.48,106832,144888.55
1772819340,673.52,673.6500000000001,673.3100000000001,673.6500000000001,164082,148553.05
1772819400,673.97,673.97,673.63,673.63,129153,150591.65
1772819460,673.4300000000001,673.52,673.18,673.18,121103,150383.85
1772819520,673.03,673.37,673.03,673.37,73786,153112.55
1772819580,673.57,673.57,673.23,673.23,77875,152777.4
1772819640,673.17,673.48,673.14,673.14,74628,152696
1772819700,673.04,673.2900000000001,672.95,673.2900000000001,73657,153344.1
1772819760,673.78,673.83,673.49,673.49,82119,152575.6
1772819820,673.39,673.51,673.17,673.17,157042,150154.3
1772819940,673.0600000000001,673.3100000000001,672.97,673.3100000000001,97015,124438.8
1772820000,673.49,673.71,673.37,673.71,179468,128476.25
1772820060,674.1800000000001,674.29,673.9499999999999,673.9499999999999,250541,139214.2
1772820180,673.69,673.99,673.65,673.65,113424,127828.95
1772820240,673.3000000000001,673.6400000000001,673.3000000000001,673.6400000000001,129483,126190.05
1772820300,674.03,674.3000000000001,673.96,673.96,99502,122842.35
1772820360,673.82,674.1,673.76,674.1,48875,116613.5
1772820420,674.13,674.24,673.9,674.24,178833,115291.6
1772820540,674.49,674.49,674.15,674.15,97563,118824.6
1772820600,673.92,674.26,673.92,674.26,29743,114236.2
1772820600.001,674.4,674.5400000000001,674.2,674.5400000000001,162845,117036.85
1772820660,674.83,674.9300000000001,674.59,674.9300000000001,179405,117803
1772820720,675.11,675.32,674.98,675.32,303852,126537.95
1772820780,676.11,676.11,675.77,675.77,367064,138836
1772820840,675.62,675.9000000000001,675.5600000000001,675.9000000000001,290380,149665.7
1772820900,676.1,676.1,675.76,675.76,172821,154413
1772820960,675.6800000000001,675.84,675.5,675.5,206671,161015.15
1772821020,675.21,675.5500000000001,675.21,675.5500000000001,56976,160181.1
1772821020.001,675.69,675.97,675.63,675.97,142851,163217.7
1772821080,676.1,676.1,675.76,675.76,124683,161599.75
1772821140,675.69,676.03,675.6899999999999,675.6899999999999,103893,161943.65
1772821200,675.63,675.86,675.52,675.86,104973,158218.9
1772821260,675.89,675.89,675.55,675.55,151788,153281.25
1772821320,675.01,675.32,674.98,675.32,119427,153581.4
1772821380,675.64,675.64,675.3,675.3,99252,152069.85
1772821440,675.01,675.35,675.01,675.35,102933,152241.4
1772821500,675.39,675.39,675.05,675.05,39236,151759.45
1772821500.001,674.88,675.12,674.78,674.78,200968,152866.2
1772821620,674.44,674.7800000000001,674.44,674.7800000000001,81291,152052.6
1772821680,674.85,674.85,674.51,674.51,24420,151786.45
1772821680.001,674.45,674.59,674.25,674.59,112227,149255.55
1772821740,674.77,674.84,674.5,674.84,112073,145888.95
1772821800,674.99,675.0200000000001,674.6800000000001,675.0200000000001,139584,137675.55
1772821860,675.27,675.3000000000001,674.96,674.96,135498,126097.25
1772821920,674.33,674.6700000000001,674.33,674.6700000000001,32723,113214.4
1772821920.001,674.85,674.9,674.56,674.56,96598,109403.25
1772821980,674.5500000000001,674.8900000000001,674.5500000000001,674.8900000000001,88467,103493.05
1772822040,675.07,675.07,674.73,674.73,121531,106720.8
1772822100,674.5,674.84,674.5,674.84,85668,103861.65
1772822160,674.89,674.89,674.55,674.55,25704,98912.7
1772822160.001,674.35,674.48,674.14,674.14,152885,101362.3
1772822220,673.97,674.3100000000001,673.97,674.3100000000001,91741,100700.7
1772822280,674.53,674.7,674.36,674.36,84906,97356.6
1772822340,674.33,674.5500000000001,674.21,674.5500000000001,132285,97999.5
1772822460,674.63,674.85,674.51,674.51,82874,97180.6
1772822520,674.47,674.74,674.4,674.74,59864,95027.15
1772822580,674.8100000000001,674.87,674.53,674.53,70512,96590.95
1772822640,674.46,674.72,674.38,674.38,73347,90209.9
1772822700,674.32,674.6600000000001,674.32,674.6600000000001,44088,88349.75
1772822760,674.73,674.73,674.39,674.39,13046,87781.05
1772822760.001,674.37,674.65,674.31,674.31,74574,85898.4
1772822820,674.25,674.5400000000001,674.2,674.5400000000001,81439,84366.7
1772822880,674.61,674.72,674.38,674.72,75882,81181.6
1772822940,674.77,674.79,674.4499999999999,674.4499999999999,104112,79612.3
1772823000,673.98,674.24,673.9,673.9,155115,85731.9
1772823060,673.69,674.0300000000001,673.69,674.0300000000001,71712,84487.6
1772823120,674.04,674.2700000000001,673.9300000000001,674.2700000000001,59034,83015.95
1772823120.001,674.5,674.5,674.16,674.16,187921,86335.45
1772823240,673.69,674.0300000000001,673.69,674.0300000000001,116529,87878.5
1772823300,674.17,674.32,673.98,674.32,146033,93894.95
1772823420,674.38,674.42,674.0799999999999,674.0799999999999,101697,91335.55
1772823540,673.99,674.33,673.99,674.33,62746,89885.8
1772823600,674.37,674.4,674.06,674.06,133224,92301.7
1772823720,673.99,674.33,673.99,674.33,110590,91216.95
1772823780,674.38,674.38,674.04,674.04,111495,92648
1772823840,673.87,674.12,673.78,674.12,82101,93759.85
1772823900,674.29,674.3900000000001,674.0500000000001,674.3900000000001,107613,95614.9
1772823960,674.47,674.6700000000001,674.33,674.6700000000001,77705,95832.8
1772824020,674.73,674.73,674.39,674.39,72305,97243.65
1772824080,674.16,674.5,674.16,674.5,67153,99949
1772824140,674.64,674.8100000000001,674.47,674.8100000000001,113954,101918
1772824200,675,675.23,674.89,675.23,216661,108679.1
1772824320,675.24,675.24,674.9,674.9,28252,106297.6
1772824320.001,674.83,675.1700000000001,674.83,675.1700000000001,81136,105148.8
1772824380,675.3100000000001,675.4300000000001,675.09,675.09,107130,102749.55
1772824440,675.01,675.2800000000001,674.94,675.2800000000001,203972,109362.55
1772824560,675.29,675.29,674.9499999999999,674.9499999999999,137191,113270.4
1772824620,674.9,675.11,674.77,674.77,183782,113063.45
1772824680,674.42,674.76,674.42,674.76,99982,112236.1
1772824740,675.2,675.2,674.86,674.86,171254,113497.15
1772824860,674.6,674.88,674.54,674.54,91574,112991
1772824920,674.38,674.49,674.15,674.49,195796,119643.5
1772824980,675.0500000000001,675.0500000000001,674.71,674.71,108166,118390.6
1772825040,674.26,674.36,674.02,674.02,102429,117982.55
1772825100,673.95,674.2900000000001,673.95,674.2900000000001,82473,116531.45
1772825160,674.69,674.88,674.54,674.88,105066,117679.7
1772825220,675.08,675.08,674.74,674.74,100572,117327.65
1772825280,674.69,675.0300000000001,674.69,675.0300000000001,88788,117881.8
1772825340,675.0500000000001,675.12,674.78,675.12,137690,121151.05
1772825400,675.39,675.39,675.05,675.05,92118,122399.3
1772825460,674.94,675.2800000000001,674.94,675.2800000000001,26719,118037.55
1772825460.001,675.33,675.33,674.99,674.99,101472,112278.1
1772825520,674.75,675.09,674.75,675.09,86060,115168.5
1772825580,675.38,675.38,675.04,675.04,75879,114905.65
1772825640,674.97,675.26,674.92,674.92,198171,119457.7
1772825760,674.84,675.14,674.8,674.8,188821,118700.15
1772825880,674.24,674.58,674.24,674.58,110865,117383.85
1772825940,674.82,675.07,674.73,675.07,84636,112426.55
1772826000,675.23,675.35,675.01,675.35,163844,115619.65
1772826060,675.62,675.64,675.3,675.3,279765,121045.2
1772826180,675.23,675.26,674.92,674.92,90454,120989.2
1772826240,674.63,674.77,674.43,674.43,207319,121565.35
1772826360,674.32,674.6600000000001,674.32,674.6600000000001,50094,118661.75
1772826360.001,674.8100000000001,674.8100000000001,674.47,674.47,106633,118871.95
1772826420,674.26,674.5200000000001,674.1800000000001,674.5200000000001,104268,119961.7
1772826480,674.62,674.7,674.36,674.36,318935,130655.15
1772826660,674.27,674.5600000000001,674.22,674.5600000000001,179263,134589.7
1772826720,674.84,674.96,674.62,674.96,277661,144033.35
1772826840,675.04,675.13,674.79,674.79,316635,152980.6
1772827020,674.73,675.07,674.73,675.07,194244,158086.9
1772827080,675.14,675.2800000000001,674.94,675.2800000000001,389761,176239
1772827200,675.36,675.5,675.16,675.5,187868,180558.8
1772827260,675.76,675.97,675.63,675.63,243797,188445.65
1772827320,675.46,675.8000000000001,675.46,675.8000000000001,178356,193569.5
1772827380,675.82,675.86,675.52,675.52,225542,194938.05
1772827500,675.36,675.7,675.36,675.7,110255,191009.75
1772827560,675.78,675.78,675.4399999999999,675.4399999999999,115775,191255.25
1772827620,675.29,675.41,675.0699999999999,675.0699999999999,124194,193233.15
1772827680,674.91,675.14,674.8,674.8,346591,202370.5
1772827800,673.97,674.08,673.74,673.74,291375,202951
1772827860,673.6,673.94,673.6,673.94,224888,209672.7
1772827920,674.03,674.03,673.6899999999999,673.6899999999999,76251,203119.3
1772827920.001,673.5600000000001,673.8000000000001,673.46,673.8000000000001,242845,212756.85
1772827980,673.91,674.08,673.74,673.74,446787,229764.55
1772828100,673.49,673.83,673.49,673.83,218302,235466.25
1772828160,674.36,674.4000000000001,674.0600000000001,674.4000000000001,227278,230883.4
1772828220,674.44,674.44,674.1,674.1,163477,230094.1
1772828280,673.9,674.24,673.9,674.24,89565,220689.3
1772828340,674.27,674.27,673.93,673.93,27157,206215.4
1772828340.001,673.88,673.95,673.61,673.61,388003,215903.35
1772828460,673.09,673.42,673.0799999999999,673.0799999999999,247683,208799.45
1772828520,673.0600000000001,673.35,673.01,673.01,269443,212878.2
1772828580,672.98,673.29,672.9499999999999,672.9499999999999,216195,211498.1
1772828640,672.86,672.99,672.65,672.65,241484,214654.5
1772828700,672.48,672.54,672.1999999999999,672.1999999999999,342395,220497.15
1772828760,672.1800000000001,672.49,672.15,672.15,346356,232302.2
1772828820,671.99,672.32,671.98,672.32,347323,243879.6
1772828880,672.52,672.52,672.18,672.18,316393,253489.55
1772828940,672.12,672.2900000000001,671.95,672.2900000000001,436730,257996.5
1772829000,672.58,672.58,672.24,672.24,283868,257621.15
1772829060,671.99,672.1800000000001,671.84,671.84,453608,269057.15
1772829180,671.69,672.0300000000001,671.69,672.0300000000001,55283,268008.75
1772829180.001,672.09,672.2,671.86,671.86,478657,279799.35
1772829300,671.52,671.86,671.52,671.86,203119,267615.95
1772829360,671.99,671.99,671.65,671.65,69979,260199.8
1772829360.001,671.35,671.48,671.14,671.48,338143,265743.05
1772829420,672,672,671.66,671.66,255445,270341.45
1772829480,671.28,671.62,671.28,671.62,341608,282943.6
1772829540,672.34,672.34,672,672,479626,305567.05
1772829600,671.8100000000001,672.1500000000001,671.8100000000001,672.1500000000001,192104,295772.1
1772829600.001,673.4,673.4,673.06,673.06,340009,300388.4
1772829660,672.62,672.96,672.62,672.96,73952,290613.85
1772829660.001,673.19,673.28,672.9399999999999,672.9399999999999,272511,293429.65
1772829720,672.73,672.98,672.64,672.64,407062,301708.55
1772829840,672.38,672.72,672.38,672.72,186698,293923.7
1772829900,672.77,672.9100000000001,672.57,672.9100000000001,219833,287597.55
1772829960,672.97,673.04,672.6999999999999,672.6999999999999,516923,296077.55
1772830080,672.63,672.97,672.63,672.97,454552,302985.5
1772830140,673,673.0500000000001,672.71,672.71,887250,325511.5
1772830200,671.76,672.1,671.76,672.1,618597,342247.95
1772830260,672.24,672.2800000000001,671.94,672.2800000000001,395049,339320
1772830320,672.39,672.53,672.1899999999999,672.1899999999999,422956,357703.65
1772830380,672.03,672.37,672.03,672.37,516447,359593.15
1772830440,672.71,672.71,672.37,672.37,658064,382340.4
1772830500,672.09,672.4300000000001,672.09,672.4300000000001,617283,409705.6
1772830560,672.6,672.83,672.49,672.83,627209,424158.9
1772830620,673.07,673.11,672.77,673.11,948486,458810.95
1772830680,673.23,673.23,672.89,672.89,2271633,555312.2
1772830740,672.38,672.46,672.12,672.12,893166,575989.2
1773063000,666.39,666.6400000000001,666.3000000000001,666.6400000000001,447162,588742.1
1773063000.001,667.54,667.63,667.29,667.29,561919,599837.6
1773063060,666.6,666.87,666.53,666.87,331921,612736.05
1773063120,667.12,667.12,666.78,666.78,361509,617185.95
1773063180,665.74,666.08,665.74,666.08,257533,609709.5
1773063240,666.52,666.52,666.18,666.18,227211,611735.15
1773063300,665.94,666.2800000000001,665.94,666.2800000000001,86708,605078.9
1773063300.001,666.57,666.57,666.23,666.23,357225,597094
1773063360,665.62,665.94,665.6,665.6,392395,593986.15
1773063420,665.13,665.38,665.04,665.04,403908,569819.05
1773063480,664.91,665.25,664.91,665.25,237100,550744.2
1773063540,665.42,665.42,665.0799999999999,665.0799999999999,68022,534392.85
1773063540.001,664.64,664.9,664.56,664.56,328176,529653.85
1773063600,664.19,664.5300000000001,664.19,664.5300000000001,232611,515462.05
1773063660,664.65,664.65,664.31,664.31,72946,486206.15
1773063660.001,663.78,664.12,663.78,664.12,72946,458989.3
1773063660.002,664.14,664.19,663.85,663.85,223284,438793.05
1773063720,663.64,663.98,663.64,663.98,251465,403942
1773063780,664.5,664.5,664.16,664.16,217488,301234.75
1773063840,663.8100000000001,664.1500000000001,663.8100000000001,664.1500000000001,79238,260538.35
1773063840.001,664.48,664.57,664.23,664.23,315611,253960.8
1773063900,663.36,663.7,663.36,663.7,326627,242196.2
1773063960,664.91,664.91,664.5699999999999,664.5699999999999,82611,229730.7
1773063960.001,664.13,664.1400000000001,663.8000000000001,664.1400000000001,266932,225001.85
1773064020,664.66,664.8100000000001,664.47,664.8100000000001,297872,227018.8
1773064080,664.89,664.89,664.55,664.55,235600,227438.25
1773064140,663.53,663.87,663.53,663.87,164714,231338.55
1773064200,664.07,664.07,663.73,663.73,54695,216212.05
1773064200.001,663.35,663.5400000000001,663.2,663.5400000000001,238727,208528.65
1773064260,663.88,663.88,663.54,663.54,61343,191400.4
1773064260.001,663.53,663.59,663.25,663.59,236837,191387.25
1773064320,664.2,664.2,663.86,663.86,78945,191933.4
1773064320.001,663.57,663.63,663.29,663.29,235058,187277.5
1773064380,662.73,663.07,662.73,663.07,256976,188495.75
1773064440,663.41,663.41,663.0699999999999,663.0699999999999,194081,194552.5
1773064500,662.7,663.0400000000001,662.7,663.0400000000001,67270,194268.7
1773064500.001,664.11,664.45,664.11,664.45,219247,194066.85
1773064560,664.5600000000001,664.5600000000001,664.22,664.22,75988,185293
1773064560.001,663.6,663.94,663.6,663.94,75988,178218
1773064560.002,664.0500000000001,664.0500000000001,663.71,663.71,134462,180979.2
1773064620,663.69,664.0300000000001,663.69,664.0300000000001,67231,168560.2
1773064620.001,664.59,664.8000000000001,664.46,664.8000000000001,171918,160824.75
1773064680,664.91,664.91,664.5699999999999,664.5699999999999,52343,159311.35
1773064680.001,664.07,664.4100000000001,664.07,664.4100000000001,179901,154959.8
1773064740,664.62,664.62,664.28,664.28,63778,143255.1
1773064740.001,663.86,664.1,663.76,664.1,243438,143647
1773064800,664.33,664.44,664.1,664.1,193357,145079.15
1773064860,663.75,664.09,663.75,664.09,44490,144568.9
1773064860.001,664.24,664.51,664.17,664.51,138427,139553.9
1773064920,664.78,664.9200000000001,664.58,664.9200000000001,291782,151075.85
1773064980,665.5600000000001,665.61,665.27,665.61,261516,152309.8
1773065040,665.87,665.96,665.62,665.62,454579,171091.5
1773065100,663.5500000000001,663.8900000000001,663.5500000000001,663.8900000000001,331883,175932.75
1773065160,664.03,664.03,663.6899999999999,663.6899999999999,100158,168091.85
1773065160.001,662.96,663.3000000000001,662.96,663.3000000000001,100158,163395.7
1773065160.002,663.59,663.61,663.27,663.27,126259,166345.15
1773065220,663.16,663.5,663.16,663.5,63129,158539.25
1773065220.001,663.75,663.8000000000001,663.46,663.46,299119,169695.8
1773065280,662.87,663.21,662.87,663.21,347723,183282.55
1773065340,663.59,663.59,663.25,663.25,252568,189187.85
1773065400,662.87,663.16,662.8199999999999,662.8199999999999,294864,200569.5
1773065460,662.39,662.73,662.39,662.73,243893,204168.25
1773065520,663.02,663.02,662.68,662.68,81851,205643.65
1773065520.001,662.4,662.74,662.4,662.74,218747,207585.95
1773065580,662.88,662.8900000000001,662.5500000000001,662.8900000000001,186694,213731.75
1773065640,663.28,663.47,663.13,663.47,166133,209866.5
1773065700,663.61,663.61,663.27,663.27,59555,203176.4
1773065700.001,662.88,663.1800000000001,662.84,663.1800000000001,222500,212076.9
1773065760,663.97,663.97,663.63,663.63,150489,212680
1773065820,663.24,663.58,663.24,663.58,48087,200495.25
1773065820.001,663.91,663.91,663.5699999999999,663.5699999999999,145231,194681
1773065880,663.37,663.71,663.37,663.71,48572,174380.65
1773065880.001,664.15,664.1800000000001,663.84,663.84,153572,165465.1
1773065940,663.71,663.9300000000001,663.59,663.59,107592,165836.8
1773066000,663.58,663.9200000000001,663.58,663.9200000000001,36296,162643.7
1773066000.001,664.13,664.13,663.79,663.79,171629,164912.2
1773066060,663.02,663.36,663.02,663.36,265315,175021.5
1773066120,665.26,665.35,665.01,665.35,294417,174786.4
1773066180,665.66,665.66,665.3199999999999,665.3199999999999,73671,161083.8
1773066180.001,665.25,665.25,664.91,664.91,94400,153175.4
1773066240,664.83,665.1700000000001,664.83,665.1700000000001,47200,140792.2
1773066240.001,665.39,665.47,665.13,665.47,204786,138836.85
1773066300,665.5600000000001,665.5600000000001,665.22,665.22,192542,144371.4
1773066360,664.45,664.76,664.42,664.42,183357,142601.9
1773066420,663.73,664.07,663.73,664.07,141559,140345.15
1773066480,664.24,664.24,663.9,663.9,118698,137973.4
1773066540,663.63,663.97,663.63,663.97,43350,137163.15
1773066540.001,664.15,664.32,663.98,664.32,176027,134839.5
1773066600,664.73,664.73,664.39,664.39,214253,138027.7
1773066660,664.32,664.6600000000001,664.32,664.6600000000001,85013,139874
1773066660.001,665.03,665.03,664.6899999999999,664.6899999999999,143095,139767.2
1773066720,664.45,664.7900000000001,664.45,664.7900000000001,29040,138790.6
1773066720.001,664.96,664.96,664.62,664.62,138404,138032.2
1773066780,664.49,664.83,664.49,664.83,54682,135386.7
1773066780.001,664.98,664.98,664.64,664.64,123949,139769.35
1773066840,664.61,664.95,664.61,664.95,34634,132919.6
1773066840.001,665.2,665.2,664.86,664.86,106405,124974.1
1773066900,664.76,665.1,664.76,665.1,35885,112047.5
1773066900.001,665.11,665.2900000000001,664.95,665.2900000000001,192065,117967.2
1773066960,666.1,666.1,665.76,665.76,175360,122015.2
1773067020,665.39,665.73,665.39,665.73,41099,121710.15
1773067020.001,665.83,666.1400000000001,665.8000000000001,666.1400000000001,92673,116104.5
1773067080,666.49,666.52,666.18,666.18,171578,115056.3
1773067140,666,666.04,665.6999999999999,665.6999999999999,138935,112835.2
1773067200,665.62,665.96,665.62,665.96,46020,108058.25
1773067200.001,666.37,666.37,666.03,666.03,117437,107995.2
1773067260,665.99,666.33,665.99,666.33,35709,107613.15
1773067260.001,666.5600000000001,666.5600000000001,666.22,666.22,129613,105292.45
1773067320,665.73,666.07,665.73,666.07,46952,96927.4
1773067320.001,666.6,666.6,666.26,666.26,154345,100394
1773067380,666.22,666.4300000000001,666.09,666.4300000000001,165688,101523.65
1773067440,666.92,667.0400000000001,666.7,667.0400000000001,202977,110220.5
1773067500,667.23,667.23,666.89,666.89,154607,111030.65
1773067560,666.88,667.22,666.88,667.22,50690,110831.05
1773067560.001,667.51,667.62,667.28,667.62,214461,115356.65
1773067620,667.75,667.75,667.41,667.41,342778,130763.85
1773067740,667.26,667.6,667.26,667.6,37864,127336.8
1773067740.001,667.65,667.72,667.38,667.38,198567,135470.9
1773067800,667.0600000000001,667.4000000000001,667.0600000000001,667.4000000000001,53567,128546
1773067800.001,667.44,667.6600000000001,667.32,667.6600000000001,95673,124561.65
1773067860,667.86,667.88,667.54,667.88,211350,133074.2
1773067920,668.1,668.1,667.76,667.76,189813,137931.2
1773067980,667.6800000000001,668.0200000000001,667.6800000000001,668.0200000000001,142766,136490.6
1773068040,668.17,668.2,667.86,667.86,405336,149810.65
1773068160,667.12,667.46,667.12,667.46,73528,151186.05
1773068160.001,667.61,667.84,667.5,667.84,132692,151948.8
1773068220,668.1800000000001,668.3100000000001,667.97,667.97,161630,158244.85
1773068280,667.76,668.04,667.6999999999999,667.6999999999999,174692,160498.8
1773068340,667.4300000000001,667.7700000000001,667.4300000000001,667.7700000000001,110933,163697.85
1773068400,668.03,668.03,667.6899999999999,667.6899999999999,79255,159943.35
1773068460,667.65,667.99,667.65,667.99,28670,153092.45
1773068460.001,668.21,668.21,667.87,668.21,124541,149170.65
1773068520,668.27,668.2900000000001,667.95,668.2900000000001,198501,151365.35
1773068580,668.6800000000001,668.6800000000001,668.34,668.34,215111,159586.4
1773068640,668.21,668.5500000000001,668.21,668.5500000000001,145738,156150.25
1773068700,668.58,668.71,668.37,668.37,372284,157625.55
1773068880,668.08,668.17,667.8299999999999,667.8299999999999,194164,165440.55
1773068940,667.82,668.1600000000001,667.82,668.1600000000001,147379,162881.15
1773069000,668.5500000000001,668.5500000000001,668.21,668.21,157970,168101.3
1773069060,668.01,668.35,668.01,668.35,164574,171546.35
1773069120,668.83,668.83,668.49,668.49,93717,165664.7
1773069180,668.4300000000001,668.7700000000001,668.4300000000001,668.7700000000001,26376,157492.85
1773069180.001,668.84,668.84,668.5,668.5,78016,154255.35
1773069240,668.45,668.7900000000001,668.45,668.7900000000001,188963,143436.7
1773069300,669.27,669.27,668.93,668.93,144598,146990.2
1773069360,668.82,669.1600000000001,668.82,669.1600000000001,119538,146332.5
1773069420,669.33,669.33,668.99,668.99,213857,148943.85
1773069480,668.59,668.71,668.37,668.37,147876,147603.05
1773069540,668.35,668.69,668.35,668.69,52728,144692.8
1773069540.001,668.87,668.9200000000001,668.58,668.9200000000001,184774,149968.75
1773069600,669.15,669.1600000000001,668.82,669.1600000000001,165391,156804.8
1773069660,669.19,669.4300000000001,669.09,669.4300000000001,486281,174891.8
1773069780,669.47,669.48,669.14,669.14,405098,185221.65
1773069900,669,669.34,669,669.34,89656,178948.9
1773069900.001,669.58,669.83,669.49,669.83,242567,183790.35
1773069960,669.84,669.92,669.5799999999999,669.5799999999999,345321,182442.2
1773070080,669.54,669.85,669.51,669.51,209071,183187.55
1773070200,669.37,669.71,669.37,669.71,101118,180874.5
1773070260,669.76,669.76,669.42,669.42,203634,183157.7
1773070320,669.19,669.3000000000001,668.96,668.96,377691,193813.55
1773070440,668.67,668.9,668.56,668.56,219032,200079.3
1773070500,668.52,668.82,668.48,668.82,124887,205004.85
1773070560,668.87,668.87,668.53,668.87,84175,205312.8
1773070620,668.9300000000001,669,668.66,668.66,200171,205873.2
1773070740,668.6,668.75,668.41,668.41,150973,206191.95
1773070800,668.4,668.71,668.37,668.71,372619,218846
1773070980,668.86,668.86,668.52,668.52,120131,214159.7
1773071040,668.47,668.72,668.38,668.72,159915,214761.65
1773071100,669.28,669.46,669.12,669.12,172825,220766.5
1773071160,669.0500000000001,669.29,668.9499999999999,668.9499999999999,290826,226069.1
1773071280,668.79,669.13,668.79,669.13,106207,223109.9
1773071340,669.24,669.2700000000001,668.9300000000001,669.2700000000001,276904,212641.05
1773071460,669.42,669.51,669.17,669.51,288799,206826.1
1773071580,669.71,669.8100000000001,669.47,669.8100000000001,413155,223001.05
1773071880,669.89,669.89,669.55,669.55,27088,212227.1
1773071880.001,669.54,669.62,669.28,669.28,288115,209366.8
1773072000,669.19,669.51,669.17,669.51,112478,204537.15
1773072060,669.58,669.61,669.27,669.61,239121,211437.3
1773072180,670.26,670.26,669.92,669.92,150229,208767.05
1773072240,669.5600000000001,669.9000000000001,669.5600000000001,669.9000000000001,222060,200985.5
1773072360,669.92,669.92,669.5799999999999,669.5799999999999,36519,191859.85
1773072360.001,669.5600000000001,669.9000000000001,669.5600000000001,669.9000000000001,115413,191386.15
1773072420,670.08,670.1,669.76,669.76,91132,191734
1773072480,669.72,669.94,669.6,669.6,251260,194288.45
1773072660,669.53,669.86,669.52,669.86,98678,191673.7
1773072720,670.15,670.19,669.85,669.85,304781,188281.8
1773072900,669.67,669.99,669.65,669.65,96453,187097.9
1773072960,669.59,669.86,669.52,669.86,175378,187871.05
1773073080,670.02,670.02,669.68,669.68,168532,187656.4
1773073200,669.41,669.62,669.28,669.62,155981,180914.15
1773073260,669.64,669.64,669.3,669.3,130460,182126.8
1773073320,669.25,669.59,669.25,669.59,295145,183038.85
1773073380,670.48,670.63,670.29,670.29,286319,182914.85
1773073500,670.28,670.62,670.28,670.62,381373,181325.75
1773073560,671.6,671.6,671.26,671.26,615114,210727.05
1773073740,670.75,671.01,670.67,670.67,223298,207486.2
1773073800,670.35,670.61,670.27,670.27,267702,215247.4
1773073860,670.23,670.41,670.0699999999999,670.0699999999999,240712,215326.95
1773073920,669.89,670.23,669.89,670.23,202960,217963.5
1773073980,670.69,670.82,670.48,670.82,166653,215193.15
1773074040,670.86,671.09,670.75,671.09,148350,220784.7
1773074100,671.3100000000001,671.37,671.03,671.03,166354,223331.75
1773074160,670.97,671.24,670.9,670.9,99656,223757.95
1773074220,670.89,671.1600000000001,670.82,671.1600000000001,201650,221277.45
1773074340,671.1800000000001,671.4200000000001,671.08,671.4200000000001,88832,220785.15
1773074400,671.4300000000001,671.6600000000001,671.32,671.6600000000001,369909,224041.55
1773074580,671.9,672.07,671.73,671.73,348218,236629.8
1773074760,671.69,672.0300000000001,671.69,672.0300000000001,38247,229773.25
1773074760.001,672.16,672.25,671.91,671.91,560059,249349.6
1773075000,671.74,672.0500000000001,671.71,671.71,377777,260439.4
1773075180,671.6,671.72,671.38,671.72,343572,271095
1773075360,671.95,671.95,671.61,671.61,104235,261549.5
1773075420,671.49,671.54,671.1999999999999,671.1999999999999,132656,253866.35
1773075480,671.19,671.42,671.0799999999999,671.0799999999999,322613,250928.35
1773075600,670.83,671.11,670.77,670.77,341559,237250.6
1773075720,670.49,670.72,670.38,670.72,333163,242743.85
1773075840,670.89,670.92,670.5799999999999,670.5799999999999,212374,239977.45
1773075960,670.53,670.67,670.3299999999999,670.3299999999999,106573,233270.5
1773076020,670.32,670.6600000000001,670.32,670.6600000000001,105832,228414.1
1773076080,670.7,670.86,670.52,670.86,157490,227955.95
1773076200,671.02,671.02,670.68,670.68,89649,225020.9
1773076260,670.64,670.95,670.61,670.61,115326,222469.5
1773076320,670.5,670.75,670.41,670.75,198324,227402.9
1773076500,670.79,670.79,670.4499999999999,670.4499999999999,29380,218789.4
1773076500.001,670.35,670.47,670.13,670.13,216136,225154.6
1773076620,670.08,670.29,669.9499999999999,669.9499999999999,228727,218095.5
1773076740,669.69,669.88,669.54,669.54,152607,208314.95
1773076800,669.51,669.6800000000001,669.34,669.34,154066,214105.9
1773076860,669.13,669.3900000000001,669.0500000000001,669.3900000000001,200384,196122.15
1773076920,669.4,669.42,669.0799999999999,669.0799999999999,345460,194506.3
1773077040,668.99,669.11,668.77,668.77,286348,191645.1
1773077160,668.71,669.0500000000001,668.71,669.0500000000001,41888,188527.75
1773077160.001,669.0600000000001,669.07,668.73,669.07,522320,208010.95
1773077400,669.09,669.12,668.78,668.78,167912,200275.9
1773077460,668.76,669.0600000000001,668.72,668.72,141683,190282.1
1773077520,668.63,668.97,668.63,668.97,181313,182689.6
1773077640,669.03,669.03,668.6899999999999,668.6899999999999,31546,173648.2
1773077640.001,668.64,668.9000000000001,668.5600000000001,668.9000000000001,135387,175088.9
1773077700,669,669,668.66,668.66,93253,174459.95
1773077760,668.63,668.83,668.49,668.83,89893,171080.1
1773077820,668.9,668.9,668.56,668.56,127737,172984.5
1773077880,668.4300000000001,668.7,668.36,668.36,259867,180211.55
1773078000,668.29,668.5200000000001,668.1800000000001,668.5200000000001,286917,184641.2
1773078120,668.76,668.76,668.42,668.42,55492,185946.8
1773078120.001,668.21,668.4300000000001,668.09,668.4300000000001,212704,185775.2
1773078240,668.44,668.5300000000001,668.19,668.5300000000001,117963,180237
1773078300,668.65,668.6800000000001,668.34,668.6800000000001,144762,179844.75
1773078360,668.69,668.86,668.52,668.86,232187,183750.8
1773078480,669.08,669.08,668.74,668.74,42457,175854.45
1773078480.001,668.7,668.9,668.56,668.56,229415,170052.2
1773078600,668.48,668.82,668.48,668.82,84759,159972.75
1773078660,668.88,669.1600000000001,668.82,669.1600000000001,285883,172172.5
1773078840,669.25,669.34,669,669,116237,151868.35
1773078900,668.92,669.11,668.77,669.11,107987,148872.1
1773078960,669.14,669.14,668.8,668.8,159762,149776.05
1773079080,668.77,669.01,668.67,669.01,177163,149568.55
1773079200,669.32,669.33,668.99,668.99,499289,172955.7
1773079440,668.96,669.3000000000001,668.96,669.3000000000001,200585,176215.6
1773079500,669.6800000000001,669.76,669.42,669.76,207258,181915.85
1773079560,669.79,669.79,669.4499999999999,669.4499999999999,137011,184271.75
1773079620,669.44,669.49,669.15,669.15,123178,184043.8
1773079680,668.96,669.3000000000001,668.96,669.3000000000001,31752,172638.05
1773079680.001,669.3100000000001,669.37,669.03,669.03,87781,162681.25
1773079740,668.96,669.3000000000001,668.96,669.3000000000001,78700,163841.65
1773079800,669.42,669.44,669.1,669.1,173435,161878.2
1773079920,669,669.34,669,669.34,29744,157467.25
1773079920.001,669.45,669.6400000000001,669.3000000000001,669.6400000000001,106910,155574.65
1773079980,669.6800000000001,669.79,669.4499999999999,669.4499999999999,231844,155557.5
1773080100,669.4,669.69,669.35,669.69,71015,156985.4
1773080160,669.83,670.07,669.73,670.07,356442,163336.75
1773080340,670.27,670.49,670.15,670.49,344360,176316.8
1773080460,670.87,670.87,670.53,670.53,87644,166404.85
1773080460.001,669.95,670.04,669.6999999999999,669.6999999999999,278218,174503.9
1773080520,669.59,669.9300000000001,669.59,669.9300000000001,63524,172280.75
1773080520.001,669.95,670.25,669.91,669.91,509365,189760.9
1773080880,669.89,670.23,669.89,670.23,366225,199214
1773081000,670.39,670.47,670.13,670.47,291104,188804.75
1773081120,670.6,670.69,670.35,670.69,258228,191686.9
1773081240,671.19,671.19,670.85,671.19,205063,191577.15
1773081300,671.3000000000001,671.3000000000001,670.96,670.96,306126,200032.9
1773081420,670.76,671.09,670.75,670.75,570896,222418.8
1773081720,670.63,670.97,670.63,670.97,121427,226902.55
1773081780,671,671.12,670.78,671.12,360457,240536.35
1773081960,671.22,671.24,670.9,670.9,215148,247358.75
1773082200,670.7,671.0400000000001,670.7,671.0400000000001,104370,243905.5
1773082260,671.23,671.23,670.89,670.89,353133,260074.95
1773082500,670.38,670.59,670.25,670.25,350951,272277
1773082620,670.2,670.3100000000001,669.97,669.97,263948,273882.2
1773082740,669.94,670.25,669.91,670.25,148515,277757.2
1773082800,670.3000000000001,670.5500000000001,670.21,670.5500000000001,203511,270110.65
1773082920,670.58,670.58,670.24,670.24,155992,260692.25
1773083040,670.1800000000001,670.4,670.06,670.06,112203,261920.2
1773083100,669.97,670.24,669.9,670.24,306593,263338.95
1773083280,670.38,670.58,670.24,670.58,174298,268877.65
1773083400,670.65,670.75,670.41,670.41,316027,259210.75
1773083580,670.4,670.6600000000001,670.32,670.6600000000001,746348,278216.9
1773083820,671.37,671.37,671.03,671.03,287293,278026.35
1773083880,670.6,670.94,670.6,670.94,1018138,316021.85
1773083940,673.54,673.54,673.1999999999999,673.1999999999999,989326,355235
1773084000,672.98,673.32,672.98,673.32,332613,356559.35
1773084000.001,674.65,674.65,674.31,674.31,332612,344645.15
1773084000.002,674.25,674.59,674.25,674.59,601674,368657.5
1773084060,675.35,675.35,675.01,675.01,200557,360662.5
1773084060.001,674.94,674.94,674.6,674.6,414829,370646.55
1773084120,674.1800000000001,674.5200000000001,674.1800000000001,674.5200000000001,207414,375798.75
1773084120.001,675.23,675.23,674.89,674.89,549777,385630.95
1773084180,674.86,675.2,674.86,675.2,171181,376642.45
1773084180.001,675.7,675.7,675.36,675.36,171181,372004.1
1773084180.002,675.32,675.58,675.24,675.24,460242,387590.45
1773084240,674.6,674.94,674.6,674.94,153414,385085.6
1773084240.001,675.13,675.15,674.81,674.81,247694,389670.7
1773084300,674.72,675.0600000000001,674.72,675.0600000000001,123846,390252.85
1773084300.001,675.38,675.38,675.04,675.04,388611,394353.75
1773084360,674.98,675.32,674.98,675.32,132382,392257.95
1773084360.001,676.1800000000001,676.3100000000001,675.97,676.3100000000001,613657,407139.45
1773084420,676.76,676.76,676.42,676.42,160424,377843.25
1773084420.001,676.38,676.38,676.04,676.04,326269,379792.05
1773084480,675.62,675.96,675.62,675.96,163134,337041.85
1773084480.001,677.19,677.19,676.85,676.85,163134,295732.25
1773084480.002,676.64,676.98,676.64,676.98,386940,298448.6
1773084540,677.52,677.63,677.29,677.29,467403,305188.15
1773084600,675.96,676.22,675.88,676.22,407577,295483.3
1773084660,677.27,677.27,676.93,676.93,260682,298489.55
1773084720,676.87,677.21,676.87,677.21,81213,281808.75
1773084720.001,677.86,677.96,677.62,677.96,498833,296379.7
1773084780,678.38,678.38,678.04,678.04,380168,287899.25
1773084840,677.78,678.12,677.78,678.12,120481,285364.25
1773084840.001,678.52,678.65,678.31,678.31,422486,297929.5
1773084900,677.44,677.6,677.26,677.6,395223,294678.55
1773084960,678.34,678.4300000000001,678.09,678.4300000000001,414141,307714.9
1773085020,679.16,679.4200000000001,679.08,679.4200000000001,587469,324703.65
1773085080,679.92,679.92,679.5799999999999,679.5799999999999,160716,326547.15
1773085080.001,679.19,679.3000000000001,678.96,679.3000000000001,247238,319478.5
1773085140,679.72,679.72,679.38,679.38,473086,336513.7
1773085200,678.1800000000001,678.35,678.01,678.01,510289,331345.3
1773085260,677.28,677.62,677.28,677.62,378238,342236
1773085320,677.97,677.97,677.63,677.63,125775,332211.3
1773085320.001,677.0600000000001,677.3100000000001,676.97,677.3100000000001,426648,345387
1773085380,678.02,678.02,677.68,677.68,100290,342244.8
1773085380.001,677.64,677.6400000000001,677.3000000000001,677.6400000000001,168557,331325.65
1773085440,678.26,678.26,677.92,677.92,56185,310764.75
1773085440.001,677.88,678.0500000000001,677.71,677.71,185933,299682.55
1773085500,677.41,677.75,677.41,677.75,61977,289747.3
1773085500.001,677.77,677.77,677.43,677.43,121882,291780.75
1773085560,677.36,677.7,677.36,677.7,60940,269886.1
1773085560.001,678.13,678.13,677.79,677.79,152398,258497.6
1773085620,677.48,677.82,677.48,677.82,45729,254760
1773085620.001,678.51,678.51,678.17,678.17,228416,245056.5
1773085680,678,678.16,677.8199999999999,677.8199999999999,224469,236518.8
1773085740,677.59,677.9300000000001,677.59,677.9300000000001,54524,218537.95
1773085740.001,678.02,678.03,677.6899999999999,677.6899999999999,313822,204855.6
1773085800,677.0600000000001,677.15,676.81,676.81,346896,214164.6
1773085860,676.77,677.11,676.77,677.11,121144,207859.9
1773085860.001,677.42,677.5400000000001,677.2,677.5400000000001,410789,204745.05
1773085920,677.65,677.65,677.31,677.31,96548,184058
1773085920.001,677.27,677.39,677.05,677.05,252536,177772.9
1773085980,676.83,677.1700000000001,676.83,677.1700000000001,84178,175693.05
1773085980.001,677.22,677.5600000000001,677.22,677.5600000000001,269062,167813.75
1773086040,677.57,677.57,677.23,677.23,134531,169525.8
1773086040.001,676.95,677.25,676.91,677.25,577010,189948.45
1773086100,677.7,677.97,677.63,677.97,497627,212020.55
1773086160,677.99,678.01,677.67,678.01,736254,239536.6
1773086220,678.5600000000001,678.76,678.42,678.42,939278,283401.65
1773086280,678.33,678.5,678.16,678.16,1318439,343229.5
1773086340,677.92,678.26,677.92,678.26,358061,358085.55
1773086340.001,678.3100000000001,678.3100000000001,677.97,677.97,144201,357675.7
1773149400,677.71,678.0200000000001,677.6800000000001,678.0200000000001,288400,369809.25
1773149400.001,678.61,678.61,678.27,678.27,274821,372129.5
1773149460,677.86,678.2,677.86,678.2,65310,364171.55
1773149460.001,678.67,678.79,678.4499999999999,678.4499999999999,224691,372679.9
1773149520,678.24,678.45,678.11,678.11,317658,372871.7
1773149580,677.14,677.48,677.14,677.48,271344,369094.1
1773149640,677.99,677.99,677.65,677.65,61056,366089.7
1773149640.001,677.59,677.79,677.4499999999999,677.4499999999999,303068,360703.65
1773149700,676.77,677.11,676.77,677.11,262905,369021.5
1773149760,677.67,677.67,677.3299999999999,677.3299999999999,53961,359092.75
1773149760.001,677.17,677.44,677.1,677.1,173178,363542.75
1773149820,676.86,677.2,676.86,677.2,238884,362033.85
1773149880,677.79,677.79,677.4499999999999,677.4499999999999,60386,358326.6
1773149880.001,677.34,677.64,677.3,677.3,127827,335867.45
1773149940,677.2,677.34,677,677.34,198794,320925.8
1773150000,677.77,677.77,677.43,677.43,222954,295260.8
1773150060,676.48,676.82,676.48,676.82,56964,251145.1
1773150060.001,677.01,677.0500000000001,676.71,676.71,223801,196413.2
1773150120,676.08,676.4200000000001,676.08,676.4200000000001,184044,187712.35
1773150180,676.7,676.7,676.36,676.36,54722,183238.4
1773150180.001,675.84,676.1700000000001,675.83,676.1700000000001,240562,180846.5
1773150240,677.35,677.35,677.01,677.01,249518,179581.35
1773150300,676.69,676.7900000000001,676.45,676.7900000000001,164296,184530.65
1773150360,677.41,677.53,677.1899999999999,677.1899999999999,151828,180887.5
1773150420,676.3000000000001,676.6400000000001,676.3000000000001,676.6400000000001,106830,170346.1
1773150480,677.02,677.02,676.68,676.68,93499,161453.85
1773150540,676.38,676.72,676.38,676.72,35495,160175.8
1773150540.001,677.3100000000001,677.37,677.03,677.03,150846,152564.7
1773150600,676.8000000000001,677.1400000000001,676.8000000000001,677.1400000000001,38450,141341.95
1773150600.001,677.26,677.26,676.92,676.92,81868,142737.3
1773150660,676.8000000000001,677.08,676.74,676.74,179698,143063.3
1773150720,676.45,676.7900000000001,676.45,676.7900000000001,110468,136642.5
1773150780,677.19,677.19,676.85,676.85,137408,140493.6
1773150840,676.3000000000001,676.58,676.24,676.24,186200,143412.25
1773150900,676.04,676.38,676.04,676.38,96776,138311.35
1773150960,676.41,676.41,676.0699999999999,676.0699999999999,23883,128357.8
1773150960.001,675.87,675.94,675.6,675.6,124465,131732.85
1773151020,675.54,675.88,675.54,675.88,50290,123057.3
1773151020.001,676.11,676.11,675.77,675.77,148413,121275.75
1773151080,675.52,675.83,675.49,675.83,136099,125344.6
1773151140,676,676,675.66,675.66,215214,124077.2
1773151200,675.11,675.2800000000001,674.94,675.2800000000001,223323,122767.45
1773151260,675.75,676.0600000000001,675.72,676.0600000000001,123656,120735.45
1773151320,676.1800000000001,676.1800000000001,675.84,675.84,34649,114876.5
1773151320.001,675.63,675.75,675.41,675.41,104410,114755.5
1773151380,675.19,675.5300000000001,675.19,675.5300000000001,122240,116192.55
1773151440,676.25,676.44,676.1,676.44,160679,122451.75
1773151500,676.88,677.03,676.6899999999999,676.6899999999999,131821,121500.5
1773151560,676.24,676.37,676.03,676.03,110260,125091
1773151620,675.46,675.59,675.25,675.25,264972,134246.2
1773151740,674.76,675.1,674.76,675.1,163691,133445.85
1773151800,675.37,675.37,675.03,675.03,117835,133814.2
1773151860,674.83,675.1700000000001,674.83,675.1700000000001,155641,134725.85
1773151920,675.69,675.69,675.35,675.35,76327,129232.2
1773151980,675.12,675.46,675.12,675.46,16577,125222.25
1773151980.001,675.54,675.6600000000001,675.32,675.6600000000001,96302,128843.2
1773152040,675.69,675.69,675.35,675.35,152748,130257.35
1773152100,674.97,675.1600000000001,674.82,675.1600000000001,153573,135421.5
1773152160,675.57,675.58,675.24,675.58,120708,134036.25
1773152220,675.7,675.7,675.36,675.36,73814,130922
1773152280,675.24,675.58,675.24,675.58,22984,121310.5
1773152280.001,675.76,675.9200000000001,675.58,675.9200000000001,132881,116788.4
1773152340,676.45,676.51,676.17,676.51,144950,117853.1
1773152400,676.86,676.99,676.65,676.99,144819,123361.6
1773152460,677.1800000000001,677.26,676.92,677.26,136051,124943.65
1773152520,677.45,677.45,677.11,677.11,73593,122511.3
1773152580,677.02,677.36,677.02,677.36,20160,115485.35
1773152580.001,677.49,677.49,677.15,677.15,180545,117921.55
1773152640,676.95,677.2900000000001,676.95,677.2900000000001,185205,121668.8
1773152700,677.77,677.9200000000001,677.58,677.9200000000001,149335,115886.95
1773152760,678.02,678.02,677.68,677.68,109127,113158.75
1773152820,677.45,677.7900000000001,677.45,677.7900000000001,107045,112619.25
1773152880,678.0500000000001,678.0500000000001,677.71,677.71,81323,108903.35
1773152940,677.34,677.6800000000001,677.34,677.6800000000001,132826,111728.3
1773153000,678.44,678.47,678.13,678.13,96173,115708.1
1773153060,677.96,678.3000000000001,677.96,678.3000000000001,88624,115324.2
1773153120,678.53,678.7,678.36,678.7,256575,120515.55
1773153240,679.14,679.14,678.8,678.8,163549,121014.35
1773153300,678.61,678.95,678.61,678.95,57066,117832.25
1773153300.001,679.15,679.3100000000001,678.97,679.3100000000001,219510,125117.05
1773153420,679.4,679.4,679.06,679.06,28081,125371.9
1773153420.001,678.98,679.32,678.98,679.32,85924,123024.05
1773153480,679.35,679.51,679.17,679.51,106158,121084.45
1773153540,679.57,679.6500000000001,679.3100000000001,679.6500000000001,284667,128076.85
1773153660,679.83,679.97,679.63,679.97,163774,129463
1773153720,679.98,680.11,679.77,680.11,201043,135835.5
1773153780,680.25,680.25,679.91,679.91,267099,148182.45
1773153840,679.84,680.1800000000001,679.84,680.1800000000001,212855,149797.95
1773153900,680.35,680.35,680.01,680.01,70720,144073.7
1773153900.001,679.73,680.0300000000001,679.69,680.0300000000001,298605,151537.2
1773154020,680.0600000000001,680.0600000000001,679.72,679.72,52284,148695.05
1773154020.001,679.62,679.9000000000001,679.5600000000001,679.9000000000001,162615,151473.55
1773154080,680.08,680.3000000000001,679.96,680.3000000000001,134978,154156.3
1773154140,680.38,680.6,680.26,680.6,279699,161499.95
1773154260,680.64,680.6600000000001,680.32,680.6600000000001,229888,168185.7
1773154380,680.72,680.98,680.64,680.98,432418,185375.4
1773154560,681.0500000000001,681.19,680.85,681.19,693130,207203.15
1773154800,681.37,681.5300000000001,681.19,681.5300000000001,209175,209484.45
1773154860,681.57,681.69,681.35,681.35,553758,234319.05
1773154980,681.27,681.47,681.13,681.13,364212,241554.15
1773155100,681.02,681.19,680.85,680.85,253399,252820.05
1773155160,680.71,680.89,680.55,680.55,399789,268513.3
1773155340,680.47,680.7,680.36,680.36,125400,269475.4
1773155400,680.34,680.6800000000001,680.34,680.6800000000001,140025,262243.3
1773155460,680.77,680.8000000000001,680.46,680.46,189227,263515.95
1773155580,680.23,680.57,680.23,680.57,77162,257321.9
1773155640,680.6,680.71,680.37,680.71,73447,247639.3
1773155700,680.84,680.9200000000001,680.58,680.9200000000001,98892,241941.15
1773155760,680.96,681.26,680.92,681.26,174895,247149.9
1773155820,681.44,681.58,681.24,681.24,389976,251718.45
1773156060,681.11,681.4,681.06,681.06,102964,254252.45
1773156120,681.02,681.28,680.9399999999999,680.9399999999999,396201,265931.75
1773156360,680.9,681.24,680.9,681.24,78092,263087.45
1773156420,681.27,681.27,680.93,680.93,123018,255253.4
1773156540,680.92,681.17,680.8299999999999,680.8299999999999,134045,250461.25
1773156660,680.75,680.85,680.51,680.85,209597,239320.2
1773156780,680.88,680.88,680.54,680.54,172109,213269.15
1773156840,680.44,680.7800000000001,680.44,680.7800000000001,69390,206279.9
1773156900,680.87,680.87,680.53,680.87,151060,186145
1773157020,681.03,681.1700000000001,680.83,681.1700000000001,220996,178984.2
1773157200,681.3100000000001,681.3100000000001,680.97,680.97,25726,167600.55
1773157200.001,680.89,681.12,680.78,681.12,80521,151637.15
1773157260,681.27,681.5400000000001,681.2,681.5400000000001,137621,152248.2
1773157320,681.78,681.95,681.61,681.61,144855,152489.7
1773157380,681.5600000000001,681.66,681.3199999999999,681.3199999999999,252306,155643.65
1773157500,681.29,681.61,681.27,681.27,268154,165193.25
1773157620,680.83,681.1700000000001,680.83,681.1700000000001,80994,165570.6
1773157680,681.32,681.46,681.12,681.46,130205,167136.25
1773157800,681.72,681.72,681.38,681.38,81473,162465.15
1773157860,681.17,681.34,681,681,355891,160760.9
1773158040,680.87,681.19,680.85,681.19,181522,164688.8
1773158160,681.24,681.46,681.12,681.12,350713,162414.4
1773158400,680.87,681.1,680.76,680.76,297310,173375.3
1773158580,680.5,680.77,680.43,680.43,91219,171785.35
1773158640,680.37,680.57,680.23,680.23,97135,169939.85
1773158700,679.96,680.08,679.74,679.74,430368,180978.4
1773158880,679.73,680.03,679.6899999999999,679.6899999999999,92857,177015.8
1773158940,679.6800000000001,680.0200000000001,679.6800000000001,680.0200000000001,20041,174548.35
1773158940.001,680.11,680.2800000000001,679.94,680.2800000000001,145382,174264.45
1773159000,680.69,680.85,680.51,680.51,201611,173295.2
1773159120,680.08,680.4000000000001,680.0600000000001,680.4000000000001,186165,181317.15
1773159240,680.59,680.6,680.26,680.6,151759,184879.05
1773159360,680.61,680.69,680.35,680.69,221499,189072.95
1773159480,681.1800000000001,681.25,680.91,680.91,142659,188963.15
1773159540,680.87,681.01,680.67,680.67,205993,186647.5
1773159660,680.3100000000001,680.6400000000001,680.3000000000001,680.6400000000001,149912,180735.4
1773159720,680.7,680.8000000000001,680.46,680.8000000000001,97229,181547.15
1773159780,680.83,680.83,680.49,680.49,73845,178729.15
1773159840,680.46,680.8000000000001,680.46,680.8000000000001,236859,186498.45
1773159900,681.34,681.34,681,681,135592,175483.5
1773159960,680.96,681.24,680.9,680.9,185946,175704.7
1773160080,680.67,680.76,680.42,680.76,409343,178636.2
1773160200,681.01,681.1600000000001,680.82,681.1600000000001,173822,172461.8
1773160260,681.22,681.34,681,681,343557,185078.7
1773160380,680.9,681.24,680.9,681.24,129423,186693.1
1773160440,681.4,681.6500000000001,681.3100000000001,681.6500000000001,452215,187785.45
1773160680,681.66,681.66,681.3199999999999,681.3199999999999,34143,184849.75
1773160680.001,681.24,681.58,681.24,681.58,91065,188400.95
1773160740,681.63,681.65,681.31,681.31,349601,198611.9
1773160980,681.25,681.59,681.25,681.59,105841,193823.4
1773161040,681.62,681.62,681.28,681.28,117025,190366.4
1773161100,680.91,680.98,680.64,680.64,200595,192808.2
1773161220,680.62,680.96,680.62,680.96,141936,188830.05
1773161340,681.17,681.17,680.8299999999999,680.8299999999999,142669,188830.55
1773161400,680.77,681.07,680.73,681.07,94155,183238.65
1773161460,681.21,681.47,681.13,681.47,144516,182968.85
1773161520,681.82,681.82,681.48,681.48,143904,185302.6
1773161580,681.41,681.74,681.4,681.4,436410,203430.85
1773161880,681.35,681.61,681.27,681.61,261204,204648.1
1773162060,681.79,681.97,681.63,681.97,203937,208065.35
1773162120,681.99,682.11,681.77,682.11,569768,227256.45
1773162300,682.3000000000001,682.35,682.01,682.01,516499,232614.25
1773162540,681.8100000000001,682.1500000000001,681.8100000000001,682.1500000000001,83393,228092.8
1773162600,682.29,682.34,682,682,245622,223196.05
1773162720,681.71,681.9200000000001,681.58,681.9200000000001,384948,235972.3
1773162900,682.1800000000001,682.38,682.04,682.38,133919,220057.5
1773162960,682.39,682.57,682.23,682.57,348833,235792
1773163080,682.61,682.73,682.39,682.39,363135,249395.5
1773163200,682.34,682.6600000000001,682.32,682.6600000000001,418424,252836.65
1773163380,682.67,682.88,682.54,682.88,513517,273220.45
1773163620,683.22,683.36,683.02,683.02,655693,300153.85
1773163800,682.76,682.87,682.53,682.87,288519,304550.05
1773163920,682.88,682.92,682.5799999999999,682.5799999999999,185345,306720.5
1773163980,682.15,682.4300000000001,682.09,682.09,202343,309704.2
1773164040,681.98,682.2,681.86,681.86,241313,317062.1
1773164100,681.53,681.87,681.53,681.87,164096,318041.1
1773164160,682,682,681.66,681.66,50194,313355.6
1773164160.001,681.5,681.5,681.16,681.16,262679,304669.05
1773164220,680.89,681.15,680.81,680.81,343078,308762.75
1773164280,680.6800000000001,680.97,680.63,680.97,262746,311703.2
1773164340,681.36,681.44,681.1,681.1,183473,292388.45
1773164400,681.04,681.38,681.04,681.38,165116,274819.3
1773164460,681.79,681.79,681.4499999999999,681.4499999999999,133157,277307.5
1773164520,681.14,681.48,681.14,681.48,126243,271338.55
1773164580,681.61,681.61,681.27,681.27,167031,260442.7
1773164640,681,681.34,681,681.34,77582,257625.85
1773164700,681.5,681.5400000000001,681.2,681.5400000000001,220254,251196.9
1773164820,681.9300000000001,682.1700000000001,681.83,682.1700000000001,137085,239894.4
1773164880,682.4300000000001,682.48,682.14,682.14,143862,226166.3
1773164940,682.0500000000001,682.34,682,682.34,167531,208867
1773165060,682.38,682.59,682.25,682.25,336630,192913.85
1773165240,682.21,682.4,682.06,682.06,171291,187052.45
1773165360,681.83,682.1700000000001,681.83,682.1700000000001,74829,181526.65
1773165420,682.24,682.38,682.04,682.04,194423,181130.65
1773165540,682.02,682.12,681.78,682.12,300430,184086.5
1773165660,682.16,682.16,681.8199999999999,681.8199999999999,343852,193074.3
1773165780,681.73,682.07,681.73,682.07,37974,192463.3
1773165780.001,682.13,682.19,681.85,681.85,207685,189713.6
1773165900,681.76,681.94,681.6,681.6,95936,177356.5
1773165960,681.53,681.8100000000001,681.47,681.47,354555,181946.95
1773166140,681.3100000000001,681.62,681.28,681.28,105985,178072.55
1773166200,681.19,681.51,681.17,681.51,115116,175572.55
1773166260,681.53,681.7800000000001,681.44,681.7800000000001,154216,176625.5
1773166320,681.96,682.02,681.68,681.68,329816,186804.15
1773166380,680.69,680.83,680.49,680.49,883554,222630.3
1773166440,678.6,678.72,678.38,678.72,805224,259012.4
1773166500,679.53,679.53,679.1899999999999,679.1899999999999,180909,257045.15
1773166500.001,679.14,679.48,679.14,679.48,233894,261885.6
1773166560,679.8100000000001,679.8100000000001,679.47,679.47,116947,260539.85
1773166560.001,678.67,679.01,678.67,679.01,480233,276174.95
1773166620,679.12,679.12,678.78,678.78,181643,268425.6
1773166620.001,678.02,678.36,678.02,678.36,435159,281619
1773166680,679.03,679.03,678.6899999999999,678.6899999999999,126757,284215.4
1773166680.001,678.0600000000001,678.4000000000001,678.0600000000001,678.4000000000001,344493,291718.9
1773166740,678.45,678.45,678.11,678.11,108868,282140.8
1773166740.001,677.6800000000001,678.0200000000001,677.6800000000001,678.0200000000001,108867,270391.55
1773166740.002,678.0500000000001,678.38,678.04,678.38,334128,285199.25
1773166800,678.77,678.77,678.43,678.43,167064,283168.2
1773166800.001,677.54,677.88,677.54,677.88,167063,286724.55
1773166800.002,677.98,678.32,677.98,677.98,349106,286452.1
1773166860,677.38,677.72,677.38,677.72,314042,296854.95
1773166920,678.28,678.28,677.9399999999999,677.9399999999999,187671,300482.7
1773166980,677.89,678.23,677.89,678.23,60890,295816.4
1773166980.001,678.7,678.82,678.48,678.82,239296,291290.4
1773167040,679.0600000000001,679.0600000000001,678.72,678.72,89203,251572.85
1773167040.001,678.33,678.6700000000001,678.33,678.6700000000001,264994,224561.35
1773167100,679.0600000000001,679.1800000000001,678.84,679.1800000000001,290583,230045.05
1773167160,679.7,679.7,679.36,679.36,242566,230478.65
1773167220,679.27,679.61,679.27,679.61,82619,228762.25
1773167220.001,680.15,680.15,679.81,679.81,142345,211867.85
1773167280,679.79,679.94,679.6,679.6,119453,208758.35
1773167280.001,679.3000000000001,679.6400000000001,679.3000000000001,679.6400000000001,173700,195685.4
1773167340,679.82,679.82,679.48,679.48,56987,192196.9
1773167340.001,679.2,679.35,679.01,679.01,208876,185416.05
1773167400,678.92,679.26,678.92,679.26,75945,183769.9
1773167400.001,679.82,679.87,679.53,679.87,239678,190310.45
1773167460,680.37,680.37,680.03,680.03,54577,176332.9
1773167460.001,679.92,680.07,679.73,680.07,92193,172589.35
1773167520,680.21,680.21,679.87,679.87,141254,171298.9
1773167580,679.4,679.72,679.38,679.72,100564,158871.8
1773167640,679.87,679.89,679.55,679.55,216556,153997.5
1773167700,678.64,678.75,678.41,678.41,179820,153604.95
1773167760,678.38,678.72,678.38,678.72,57357,153428.3
1773167760.001,679.74,679.74,679.4,679.4,121391,147533.05
1773167820,679.16,679.5,679.16,679.5,32017,144673.75
1773167820.001,680.11,680.11,679.77,679.77,110501,136949.1
1773167880,679.38,679.64,679.3,679.3,164365,130638.2
1773167940,678.9,679.17,678.8299999999999,678.8299999999999,154480,126233.9
1773168000,678.66,678.7800000000001,678.44,678.7800000000001,150188,129612.35
1773168060,678.95,679.1,678.76,679.1,141466,129568.4
1773168120,679.45,679.45,679.11,679.11,133078,130249.65
1773168180,679.08,679.24,678.9,678.9,110957,127112.5
1773168240,678.73,679.0600000000001,678.72,679.0600000000001,72187,127872.5
1773168300,679.14,679.14,678.8,678.8,23078,118582.6
1773168300.001,678.53,678.87,678.53,678.87,94505,119510.6
1773168360,679.13,679.1600000000001,678.82,679.1600000000001,86788,111866.1
1773168420,679.42,679.42,679.0799999999999,679.0799999999999,20993,110186.9
1773168420.001,678.96,679.25,678.91,679.25,118784,111516.45
1773168540,679.3000000000001,679.3000000000001,678.96,678.96,18064,105356.95
1773168540.001,678.88,679.21,678.87,679.21,110818,105869.65
1773168600,679.65,679.8000000000001,679.46,679.46,95477,99815.7
1773168660,679.15,679.32,678.98,678.98,181966,99923
1773168780,678.58,678.7700000000001,678.4300000000001,678.7700000000001,93442,101727.25
1773168840,679.03,679.16,678.8199999999999,678.8199999999999,99442,100629.8
1773168900,678.4,678.74,678.4,678.74,81254,103091.65
1773168960,678.88,678.88,678.54,678.54,60454,100589.3
1773169020,678.4300000000001,678.7700000000001,678.4300000000001,678.7700000000001,20948,93418.45
1773169020.001,678.8000000000001,678.8000000000001,678.46,678.46,73470,89367.95
1773169080,678.44,678.7800000000001,678.44,678.7800000000001,152518,89484.45
1773169200,678.79,678.79,678.4499999999999,678.4499999999999,33438,84083.05
1773169200.001,678.29,678.63,678.29,678.63,116155,83236.9
1773169260,678.7,678.71,678.37,678.71,181837,86780.9
1773169380,678.79,679,678.66,678.66,110000,88671.55
1773169440,678.49,678.76,678.42,678.76,115184,93276.85
1773169500,678.8000000000001,678.8000000000001,678.46,678.46,124429,94773.05
1773169560,678.1800000000001,678.4000000000001,678.0600000000001,678.4000000000001,237352,102301.25
1773169620,678.6,678.82,678.48,678.82,169070,109705.1
1773169680,678.94,678.94,678.6,678.6,193852,113458.5
1773169800,678.37,678.6800000000001,678.34,678.34,98308,117470.7
1773169860,678.14,678.48,678.14,678.48,63061,115082.85
1773169920,678.53,678.6,678.26,678.6,280460,124332
1773170040,679.0500000000001,679.19,678.85,678.85,148340,122650.7
1773170100,678.8100000000001,679.07,678.73,679.07,87847,122370.95
1773170160,679.09,679.21,678.87,679.21,73424,121070.05
1773170220,679.26,679.44,679.1,679.44,109920,122503.35
1773170280,679.47,679.53,679.1899999999999,679.1899999999999,118755,125418.4
1773170340,679.1800000000001,679.41,679.0699999999999,679.0699999999999,150090,131875.5
1773170400,678.5600000000001,678.8100000000001,678.47,678.47,357515,146077.75
1773170460,677.86,678.2,677.86,678.2,260139,151458.8
1773170520,678.63,678.71,678.37,678.71,142541,156913.95
1773170580,679.02,679.02,678.68,678.68,125872,157399.8
1773170640,678.36,678.64,678.3,678.3,103670,153491.45
1773170700,678.0600000000001,678.15,677.81,677.81,139160,154949.45
1773170760,677.47,677.7800000000001,677.44,677.7800000000001,191600,158770.25
1773170820,678.04,678.04,677.6999999999999,677.6999999999999,103067,157702.15
1773170880,677.61,677.95,677.61,677.95,104615,151065.3
1773170940,677.98,677.98,677.64,677.64,43640,144793.8
1773170940.001,677.41,677.45,677.11,677.11,233693,146785.85
1773171000,676.95,677.2900000000001,676.95,677.2900000000001,147031,149222
1773171060,677.62,677.62,677.28,677.28,41839,148160.9
1773171060.001,677.02,677.23,676.89,677.23,162793,142277.55
1773171120,677.4300000000001,677.5500000000001,677.21,677.21,150043,142362.7
1773171180,677.19,677.23,676.89,676.89,212882,148614.45
1773171240,676.75,677.09,676.75,677.09,163875,153137
1773171300,677.2,677.2,676.86,676.86,52553,150268.65
1773171300.001,676.74,676.95,676.61,676.95,427354,165698.6
1773171420,677.3000000000001,677.3000000000001,676.96,676.96,163419,166365.05
1773171480,676.88,677.22,676.88,677.22,50395,151009.05
1773171480.001,677.32,677.46,677.12,677.46,312002,153602.2
1773171540,677.65,677.65,677.31,677.31,473120,170131.15
1773171600,676.8100000000001,677.1500000000001,676.8100000000001,677.1500000000001,192958,173485.45
1773171600.001,678.32,678.32,677.98,677.98,488111,192707.5
1773171660,677.19,677.48,677.14,677.48,299559,200727.45
1773171720,677.94,677.96,677.62,677.62,237851,203040
1773171780,677.5600000000001,677.88,677.54,677.54,151332,205453.25
1773171840,677.36,677.7,677.36,677.7,144681,207456.55
1773171900,677.77,677.77,677.43,677.43,177161,214132.6
1773171960,677.1800000000001,677.47,677.13,677.13,216141,213255
1773172020,677.01,677.1,676.76,676.76,228917,217349.3
1773172080,676.5600000000001,676.8100000000001,676.47,676.8100000000001,238436,227179.15
1773172140,676.88,677.01,676.67,676.67,337506,235914.8
1773172200,676.25,676.59,676.25,676.59,92393,233032.3
1773172200.001,676.72,676.9,676.56,676.56,246489,234712.65
1773172260,676.32,676.6600000000001,676.32,676.6600000000001,253794,239208.6
1773172320,677.02,677.02,676.68,676.68,57210,239441.45
1773172320.001,676.61,676.88,676.54,676.88,174018,226774.65
1773172380,676.94,676.94,676.6,676.6,163775,226792.45
1773172440,676.48,676.82,676.48,676.82,52885,226916.95
1773172440.001,676.86,677.09,676.75,677.09,277891,225211.4
1773172500,677.19,677.19,676.85,676.85,112503,207180.55
1773172500.001,676.36,676.57,676.23,676.57,698785,232471.9
1773172620,676.66,676.83,676.49,676.83,487082,232420.45
1773172680,676.85,676.8900000000001,676.5500000000001,676.8900000000001,965286,265706.8
1773172740,677.13,677.4100000000001,677.07,677.4100000000001,434073,275517.9
1773235800,677.54,677.88,677.54,677.88,313896,283646.1
1773235800.001,678.2,678.2,677.86,677.86,317807,292302.4
1773235860,677.52,677.86,677.52,677.86,185859,292737.3
1773235920,678.38,678.38,678.04,678.04,192036,291532.05
1773235980,677.75,678.09,677.75,678.09,118644,286018.4
1773236040,678.12,678.12,677.78,677.78,34662,275829.7
1773236040.001,677.64,677.98,677.64,677.98,121020,265005.4
1773236100,678.21,678.21,677.87,677.87,43178,262544.65
1773236100.001,677.67,677.95,677.61,677.95,165895,258514.95
1773236160,678.1,678.1,677.76,677.76,121912,251920.85
1773236220,677.72,678.0600000000001,677.72,678.0600000000001,40503,251085.5
1773236220.001,678.33,678.37,678.03,678.03,137721,249270.65
1773236280,677.97,678.3100000000001,677.97,678.3100000000001,129956,247579.7
1773236340,678.44,678.5,678.16,678.16,184222,254146.55
1773236400,678.09,678.35,678.01,678.01,140136,247258.8
1773236460,677.99,678.25,677.91,677.91,178495,250558.4
1773236520,677.67,677.83,677.49,677.49,143909,222814.6
1773236580,677.44,677.6,677.26,677.26,112652,204093.1
1773236640,677.17,677.49,677.15,677.49,196562,165656.9
1773236700,677.92,677.92,677.5799999999999,677.5799999999999,161314,152018.95
1773236760,677.15,677.37,677.03,677.03,228620,147755.15
1773236820,676.9300000000001,676.94,676.6,676.6,206904,142210
1773236880,676.5,676.76,676.42,676.76,179001,141867.1
1773236940,676.91,676.91,676.5699999999999,676.5699999999999,157690,140149.8
1773237000,676.32,676.47,676.13,676.47,232599,145847.55
1773237120,676.89,677.1800000000001,676.84,677.1800000000001,244832,156356.05
1773237180,677.65,677.65,677.31,677.31,70333,153821.7
1773237180.001,677.0600000000001,677.1800000000001,676.84,676.84,105731,156949.35
1773237240,676.72,677.0600000000001,676.72,677.0600000000001,104497,153879.45
1773237300,677.3000000000001,677.3000000000001,676.96,676.96,34627,149515.2
1773237300.001,676.65,676.87,676.53,676.87,131345,154057.3
1773237360,677,677.0400000000001,676.7,677.0400000000001,129052,153623.85
1773237420,677.14,677.37,677.03,677.37,186643,156458.2
1773237480,678.17,678.17,677.8299999999999,677.8299999999999,168229,155658.55
1773237540,677.61,677.95,677.61,677.95,58386,151571.05
1773237540.001,677.98,678.0300000000001,677.69,678.0300000000001,386492,161970.9
1773237600,679.88,680.0600000000001,679.72,680.0600000000001,454988,177524.85
1773237660,680.08,680.08,679.74,679.74,172810,180532.75
1773237660.001,679.09,679.4,679.06,679.06,560030,198706.15
1773237720,678.75,678.91,678.5699999999999,678.5699999999999,426979,211989.4
1773237780,677.83,678.1700000000001,677.83,678.1700000000001,99301,205523.45
1773237780.001,678.38,678.72,678.38,678.72,119346,201145.55
1773237840,678.89,678.89,678.55,678.55,59673,195179.15
1773237840.001,678.24,678.58,678.24,678.58,213394,197964.35
1773237900,679.0500000000001,679.0500000000001,678.71,678.71,187150,195691.9
1773237960,678.07,678.4100000000001,678.07,678.4100000000001,116579,189279.25
1773238020,678.5500000000001,678.5500000000001,678.21,678.21,35638,187544.5
1773238020.001,678,678.12,677.78,677.78,227145,193615.2
1773238080,677.4300000000001,677.7700000000001,677.4300000000001,677.7700000000001,63835,191582.1
1773238080.001,678.02,678.3100000000001,677.97,677.97,113207,195511.1
1773238140,677.84,678.1800000000001,677.84,678.1800000000001,96389,193763.3
1773238200,678.28,678.28,677.9399999999999,677.9399999999999,29327,188777.05
1773238200.001,677.69,677.9300000000001,677.59,677.59,165000,187694.9
1773238260,677.19,677.5300000000001,677.19,677.5300000000001,45224,181544.65
1773238260.001,677.63,677.71,677.37,677.37,120159,184633.3
1773238320,677.02,677.36,677.02,677.36,40053,167311.35
1773238320.001,677.52,677.6600000000001,677.32,677.6600000000001,112206,150172.25
1773238380,678.03,678.1600000000001,677.82,678.1600000000001,123249,147694.2
1773238440,678.27,678.27,677.93,677.93,101806,124783
1773238500,677.49,677.72,677.38,677.38,103403,108604.2
1773238560,676.94,677.2800000000001,676.94,677.2800000000001,26335,104955.9
1773238560.001,677.35,677.59,677.25,677.59,74664,102721.8
1773238620,677.8000000000001,677.8000000000001,677.46,677.46,68997,103188
1773238680,677.4,677.74,677.4,677.74,22055,93621.05
1773238680.001,678.0600000000001,678.24,677.9,677.9,108931,89710.1
1773238740,677.61,677.83,677.49,677.49,74592,87610.75
1773238800,677.36,677.7,677.36,677.7,15211,86589.4
1773238800.001,677.71,677.87,677.53,677.53,57504,78107.35
1773238860,677.39,677.6,677.26,677.26,105889,80210.05
1773238920,677.1800000000001,677.32,676.98,676.98,165158,82807.6
1773238980,676.32,676.64,676.3,676.3,176858,86831.05
1773239040,676.12,676.28,675.9399999999999,675.9399999999999,220012,96365.3
1773239100,675.74,676.08,675.74,676.08,117884,94009.5
1773239160,676.3100000000001,676.3100000000001,675.97,675.97,29576,93227.1
1773239160.001,675.71,675.89,675.55,675.55,203826,97410.45
1773239220,675.32,675.5400000000001,675.2,675.5400000000001,171687,103992.15
1773239280,675.5600000000001,675.84,675.5,675.84,209457,108854.7
1773239340,676.26,676.34,676,676.34,196125,112498.5
1773239400,676.47,676.7800000000001,676.44,676.7800000000001,124064,113611.4
1773239460,676.8100000000001,676.8100000000001,676.47,676.47,38877,110385.1
1773239460.001,676,676.1,675.76,675.76,120570,115096.85
1773239520,675.71,675.88,675.54,675.54,146022,118664.75
1773239580,675.48,675.5500000000001,675.21,675.21,176374,124033.6
1773239640,675.2,675.5400000000001,675.2,675.5400000000001,145907,130226.2
1773239700,676.17,676.21,675.87,676.21,126560,131107.65
1773239760,676.57,676.6600000000001,676.32,676.6600000000001,126977,133726.9
1773239820,676.79,677.11,676.77,677.11,119603,138946.5
1773239880,677.15,677.15,676.81,676.81,99024,141022.5
1773239940,676.4300000000001,676.7700000000001,676.4300000000001,676.7700000000001,83128,139884.45
1773240000,677.02,677.02,676.68,676.68,72157,135234.4
1773240060,676.52,676.86,676.52,676.86,87416,130762.3
1773240120,677.26,677.34,677,677.34,105585,125040.95
1773240180,677.37,677.5200000000001,677.1800000000001,677.5200000000001,126287,125461.1
1773240240,677.65,677.65,677.31,677.31,69883,127476.45
1773240300,677.14,677.48,677.14,677.48,18463,118208.3
1773240300.001,677.59,677.72,677.38,677.38,80589,113653.4
1773240360,676.99,677.33,676.99,677.33,90816,107721.35
1773240420,677.54,677.79,677.4499999999999,677.4499999999999,94151,102622.65
1773240480,677.22,677.5600000000001,677.22,677.5600000000001,85987,100718.8
1773240540,677.77,677.9200000000001,677.58,677.9200000000001,123094,104929.65
1773240660,677.9300000000001,677.9300000000001,677.59,677.59,109517,104377
1773240780,677.44,677.7800000000001,677.44,677.7800000000001,24295,98290.65
1773240780.001,677.8100000000001,677.89,677.55,677.55,136248,96284.35
1773240900,677.52,677.86,677.52,677.86,112458,94611.9
1773241020,678.02,678.19,677.85,678.19,110519,93809.85
1773241080,678.38,678.38,678.04,678.04,93382,92130.1
1773241140,677.91,678.25,677.91,678.25,80600,90179.95
1773241200,678.54,678.64,678.3,678.3,88062,89631.85
1773241260,677.75,677.85,677.51,677.51,207291,95840
1773241320,677.0500000000001,677.2700000000001,676.9300000000001,677.2700000000001,150897,99777
1773241380,677.38,677.38,677.04,677.04,90264,99919.4
1773241440,676.92,677.26,676.92,677.26,30235,96151.9
1773241440.001,677.87,677.91,677.5699999999999,677.5699999999999,101455,94910.3
1773241500,677.39,677.51,677.17,677.17,78232,95327.75
1773241560,677.12,677.46,677.12,677.46,70794,97944.3
1773241620,677.51,677.51,677.17,677.17,86770,98253.35
1773241680,677.02,677.2800000000001,676.94,677.2800000000001,135288,100476.95
1773241800,677.52,677.52,677.18,677.18,24495,96994.15
1773241800.001,676.97,676.99,676.65,676.65,140051,99697.35
1773241860,676.46,676.71,676.37,676.37,235728,105329.05
1773241920,675.4,675.62,675.28,675.62,230997,111403.05
1773241980,676,676.07,675.73,675.73,164639,118420.25
1773242040,675.66,675.84,675.5,675.5,170133,120114.5
1773242100,675.17,675.51,675.17,675.51,183459,123664.55
1773242160,675.64,675.64,675.3,675.3,46307,120453.95
1773242160.001,675.29,675.39,675.05,675.05,122337,121901.7
1773242220,675.04,675.22,674.88,675.22,227549,129249.15
1773242280,675.48,675.5600000000001,675.22,675.22,166968,133194.45
1773242340,675.19,675.5300000000001,675.19,675.5300000000001,190844,132372.1
1773242400,675.91,675.91,675.5699999999999,675.5699999999999,156847,132669.6
1773242460,675.36,675.66,675.3199999999999,675.3199999999999,106081,133460.45
1773242520,675.19,675.5200000000001,675.1800000000001,675.5200000000001,178424,140869.9
1773242580,676.02,676.22,675.88,676.22,133119,142453.1
1773242640,676.34,676.53,676.1899999999999,676.1899999999999,110288,144055.9
1773242700,676.14,676.23,675.89,675.89,129620,146997.2
1773242760,675.8000000000001,675.95,675.61,675.61,134922,149404.8
1773242820,675.34,675.6800000000001,675.34,675.6800000000001,33649,144322.85
1773242820.001,675.83,676.04,675.6999999999999,675.6999999999999,80532,147124.7
1773242880,675.5500000000001,675.63,675.29,675.29,158461,148045.2
1773242940,674.59,674.92,674.5799999999999,674.5799999999999,224402,147478.9
1773243000,674.27,674.46,674.12,674.12,251999,148529
1773243060,674.1,674.44,674.1,674.44,192514,149922.75
1773243120,674.64,674.9100000000001,674.57,674.9100000000001,283749,155603.55
1773243240,675.17,675.17,674.8299999999999,674.8299999999999,100343,151447.75
1773243300,674.6800000000001,675.0200000000001,674.6800000000001,675.0200000000001,73108,152787.8
1773243360,675.14,675.19,674.85,675.19,75638,150452.85
1773243420,675.2,675.23,674.89,675.23,76092,142880
1773243480,675.29,675.29,674.9499999999999,674.9499999999999,94870,139275.1
1773243540,674.6800000000001,675.0200000000001,674.6800000000001,675.0200000000001,85509,134008.35
1773243600,675.14,675.14,674.8,674.8,30077,127669.85
1773243600.001,674.74,675.08,674.74,675.08,70303,125880.95
1773243660,675.12,675.12,674.78,674.78,20113,117965.4
1773243660.001,674.7,674.94,674.6,674.94,117680,117193.45
1773243780,674.96,674.96,674.62,674.62,90550,116206.55
1773243840,674.21,674.35,674.01,674.01,203397,119895.4
1773243960,674,674.14,673.8,673.8,222623,124280.45
1773244080,673.66,673.98,673.64,673.98,198871,132541.55
1773244140,674.14,674.33,673.99,674.33,194238,138226.85
1773244200,674.49,674.69,674.35,674.69,193897,139998.65
1773244260,674.87,674.97,674.63,674.97,163366,136946.85
1773244380,674.99,674.99,674.65,674.65,60602,127377
1773244440,674.59,674.9300000000001,674.59,674.9300000000001,23241,118913.35
1773244440.001,674.99,674.99,674.65,674.65,104627,109957.25
1773244500,674.6,674.94,674.6,674.94,40693,106974.75
1773244500.001,675.04,675.04,674.6999999999999,674.6999999999999,90607,107849.7
1773244560,674.66,674.89,674.55,674.55,68546,107495.1
1773244620,674.47,674.7,674.36,674.36,66480,107014.5
1773244680,674.2,674.41,674.0699999999999,674.0699999999999,125260,108534
1773244800,673.76,674.09,673.75,673.75,200979,114307.5
1773244920,673.59,673.9300000000001,673.59,673.9300000000001,36640,114635.65
1773244920.001,674.1800000000001,674.1800000000001,673.84,673.84,164423,119341.65
1773245040,673.5600000000001,673.9000000000001,673.5600000000001,673.9000000000001,110646,123868.3
1773245100,673.94,673.99,673.65,673.99,178876,126928.1
1773245220,674.0500000000001,674.0500000000001,673.71,673.71,19927,123396.95
1773245220.001,673.66,673.86,673.52,673.52,63513,116402.75
1773245280,673.51,673.85,673.51,673.85,207348,115639
1773245400,674.15,674.19,673.85,673.85,139806,112685.75
1773245460,673.8000000000001,673.99,673.65,673.99,171412,111544.45
1773245580,674.2,674.4200000000001,674.08,674.4200000000001,170015,110350.35
1773245700,674.51,674.51,674.17,674.17,18303,103097.2
1773245700.001,674,674.1500000000001,673.8100000000001,674.1500000000001,66501,103392.15
1773245760,674.24,674.34,674,674.34,128500,108655.1
1773245880,674.51,674.51,674.17,674.17,76499,107248.7
1773245940,673.83,674.07,673.73,674.07,176787,114053.4
1773246060,674.1800000000001,674.32,673.98,674.32,77710,113408.55
1773246120,674.51,674.73,674.39,674.39,110983,115530.4
1773246180,674.3100000000001,674.45,674.11,674.45,137873,119100.05
1773246300,674.59,674.59,674.25,674.25,75024,116588.25
1773246360,674.08,674.4200000000001,674.08,674.4200000000001,21143,107596.45
1773246360.001,674.4300000000001,674.75,674.41,674.75,385589,125043.9
1773246600,675.15,675.46,675.12,675.46,160603,124852.9
1773246660,675.51,675.67,675.3299999999999,675.3299999999999,206531,129647.15
1773246720,675.2,675.5400000000001,675.2,675.5400000000001,106972,126051.95
1773246780,675.59,675.88,675.54,675.88,84037,129257.45
1773246840,675.91,675.9300000000001,675.59,675.59,328270,142495.3
1773247080,675.33,675.4300000000001,675.09,675.4300000000001,144676,139361.7
1773247200,675.65,675.9200000000001,675.58,675.9200000000001,78612,136302
1773247260,676.02,676.02,675.68,675.68,154381,135450.45
1773247380,675.4300000000001,675.63,675.29,675.29,175363,135717.85
1773247500,675.22,675.5400000000001,675.2,675.5400000000001,74561,138530.75
1773247560,675.67,675.78,675.4399999999999,675.4399999999999,118217,141116.55
1773247680,675.32,675.49,675.15,675.49,172170,143300.05
1773247800,675.62,675.8900000000001,675.5500000000001,675.8900000000001,128418,145896
1773247980,675.94,676.07,675.73,676.07,129535,143533.4
1773248100,676.09,676.09,675.75,675.75,46264,141961.1
1773248160,675.73,676.07,675.73,676.07,77439,140283.9
1773248220,676.1,676.3000000000001,675.96,676.3000000000001,72132,136996.85
1773248280,676.32,676.46,676.12,676.46,163734,141432.35
1773248400,676.5500000000001,676.5500000000001,676.21,676.21,61735,143461.95
1773248460,676.19,676.4200000000001,676.08,676.4200000000001,177846,133074.8
1773248640,676.48,676.48,676.14,676.14,13174,125703.35
1773248640.001,676.1,676.4100000000001,676.07,676.4100000000001,46645,117709.05
1773248700,676.42,676.5600000000001,676.22,676.22,158051,120263
1773248880,676.2,676.32,675.98,675.98,192829,125702.6
1773249000,675.92,676.0600000000001,675.72,675.72,173736,117975.9
1773249120,675.69,676.0300000000001,675.69,676.0300000000001,68125,114148.35
1773249180,676.13,676.13,675.79,675.79,95725,115004
1773249240,675.54,675.88,675.54,675.88,102570,112413.45
1773249300,675.94,676.0600000000001,675.72,675.72,192234,113257
1773249480,675.44,675.6700000000001,675.33,675.6700000000001,163297,117693.8
1773249600,675.87,675.88,675.54,675.88,55453,114555.6
1773249660,676.09,676.21,675.87,676.21,110692,111481.7
1773249840,676.24,676.45,676.11,676.45,203981,115259.85
1773250020,676.77,676.77,676.43,676.43,73443,112455.25
1773250080,676.29,676.5400000000001,676.2,676.5400000000001,164090,118346.55
1773250200,676.64,676.64,676.3,676.3,93164,119132.8
1773250260,675.98,676.32,675.98,676.32,57543,118403.35
1773250320,676.44,676.46,676.12,676.12,110398,115736.55
1773250440,676.07,676.3000000000001,675.96,675.96,56228,115461.2
1773250500,675.9300000000001,675.99,675.65,675.65,151946,114166.2
1773250560,674.99,675.22,674.88,674.88,399221,133468.55
1773250620,673.78,674.08,673.74,673.74,519933,157132.95
1773250680,673.34,673.6800000000001,673.34,673.6800000000001,454795,171970.15
1773250740,674.53,674.6700000000001,674.33,674.6700000000001,267032,175680.3
1773250800,674.99,674.99,674.65,674.65,80052,170996.1
1773250800.001,674.2,674.41,674.0699999999999,674.0699999999999,190008,177090.25
1773250860,673.95,674.2900000000001,673.95,674.2900000000001,137936,179200.8
1773250920,674.32,674.32,673.98,673.98,50642,176604.4
1773250920.001,673.75,674.09,673.75,674.09,50641,169524.75
1773250920.002,674.1800000000001,674.52,674.18,674.18,137554,168237.6
1773250980,673.89,674.23,673.89,674.23,213761,176153
1773251040,674.73,674.73,674.39,674.39,117513,176494.05
1773251100,674.25,674.59,674.25,674.59,30772,167833.6
1773251100.001,674.65,674.65,674.31,674.31,75270,167924.95
1773251160,674.23,674.57,674.23,674.57,22249,160832.9
1773251160.001,674.67,674.84,674.5,674.84,138605,163104.95
1773251220,675,675,674.66,674.66,94663,164960.95
1773251280,674.42,674.72,674.38,674.72,74068,163144.45
1773251340,674.92,675.1700000000001,674.83,675.1700000000001,147100,167688.05
1773251400,675.4,675.5,675.16,675.5,129483,166564.9
1773251460,675.78,675.78,675.4399999999999,675.4399999999999,98666,151537.15
1773251520,675.37,675.44,675.1,675.1,132078,132144.4
1773251640,675.01,675.03,674.6899999999999,674.6899999999999,106744,114741.85
1773251700,674.49,674.83,674.49,674.83,102804,106530.45
1773251760,675.07,675.07,674.73,674.73,36075,104331.6
1773251760.001,674.48,674.82,674.48,674.82,88512,99256.8
1773251820,674.87,674.95,674.61,674.95,60523,95386.15
1773251880,675.13,675.25,674.91,674.91,142411,99974.6
1773252000,674.85,675.08,674.74,675.08,246369,109761
1773252120,675.14,675.22,674.88,674.88,309556,118361.1
1773252300,674.76,674.9300000000001,674.59,674.9300000000001,139731,114659.6
1773252420,674.94,674.94,674.6,674.6,100270,113797.45
1773252480,674.52,674.63,674.29,674.29,217488,123133.25
1773252600,674.08,674.19,673.85,673.85,158897,127314.6
1773252660,673.74,674.0400000000001,673.7,674.0400000000001,258625,139133.4
1773252780,674.19,674.35,674.01,674.35,192785,141842.4
1773252840,674.4,674.5400000000001,674.2,674.5400000000001,168771,145547.8
1773252900,674.63,674.63,674.29,674.29,71003,145394.55
1773252960,674.28,674.62,674.28,674.62,190729,147576
1773253080,674.98,675.07,674.73,675.07,159946,149099.15
1773253200,675.15,675.22,674.88,674.88,139953,151163.5
1773253320,674.65,674.88,674.54,674.54,202387,154678.95
1773253440,674.33,674.6700000000001,674.33,674.6700000000001,33157,150999.6
1773253440.001,674.8000000000001,674.9300000000001,674.59,674.9300000000001,224116,157065.2
1773253620,675.19,675.4100000000001,675.07,675.4100000000001,116078,161065.35
1773253680,675.51,675.51,675.17,675.17,86615,160970.5
1773253740,675.03,675.37,675.03,675.37,241604,170024.55
1773253800,675.49,675.5,675.16,675.16,653467,195577.35
1773254040,675.14,675.48,675.14,675.48,25611,184539.45
1773254040.001,675.5600000000001,675.57,675.23,675.23,174014,177762.35
1773254160,675.22,675.44,675.1,675.1,300729,185812.25
1773254220,675.02,675.35,675.01,675.01,347637,198180.6
1773254340,674.99,675.2,674.86,674.86,219712,198291.8
1773254460,674.84,675.13,674.79,675.13,342631,207478.5
1773254700,675.22,675.29,674.9499999999999,674.9499999999999,96507,199372.6
1773254820,674.94,675.19,674.85,674.85,83322,193899.45
1773254880,674.77,675.1,674.76,675.1,183603,194641.05
1773255060,675.39,675.49,675.15,675.15,147774,198479.6
1773255180,674.97,675.3100000000001,674.97,675.3100000000001,107862,194336.25
1773255240,675.71,675.72,675.38,675.72,130224,192850.15
1773255300,675.79,675.79,675.4499999999999,675.4499999999999,101116,190908.3
1773255360,675.3000000000001,675.36,675.02,675.36,299008,195739.35
1773255600,675.44,675.47,675.13,675.13,84358,198299.4
1773255660,674.87,674.88,674.54,674.54,215787,197882.95
1773255780,674.47,674.8100000000001,674.47,674.8100000000001,26469,193402.5
1773255780.001,674.9,675.09,674.75,674.75,166369,197390.2
1773255900,674.64,674.9100000000001,674.57,674.9100000000001,198989,195259.45
1773256020,674.9300000000001,675,674.66,674.66,302802,177726.2
1773256260,674.64,674.7,674.36,674.36,146122,183751.75
1773256380,674.34,674.6600000000001,674.32,674.6600000000001,391832,194642.65
1773256560,674.72,674.9100000000001,674.57,674.9100000000001,106044,184908.4
1773256620,674.95,675.07,674.73,674.73,407124,187882.75
1773256920,674.5600000000001,674.84,674.5,674.84,326048,193199.55
1773257040,674.9,675.2,674.86,675.2,229577,187546.85
1773257100,675.26,675.26,674.92,674.92,284222,196932.6
1773257280,674.8000000000001,675.13,674.79,675.13,145002,200016.6
1773257400,675.1800000000001,675.1800000000001,674.84,674.84,89691,195321
1773257460,674.77,675.09,674.75,675.09,113794,193622
1773257520,675.25,675.5300000000001,675.19,675.5300000000001,368558,206656.8
1773257640,675.89,675.89,675.55,675.55,147321,207511.65
1773257700,675.54,675.8100000000001,675.47,675.8100000000001,489950,226953.35
1773257880,676,676.0300000000001,675.69,676.0300000000001,281896,226097.75
1773258000,676.25,676.25,675.91,675.91,147087,229234.2
1773258060,675.69,676.0300000000001,675.69,676.0300000000001,222708,229580.25
1773258240,676.09,676.23,675.89,675.89,243175,240415.55
1773258360,675.82,676.03,675.6899999999999,675.6899999999999,261234,245158.8
1773258480,675.58,675.75,675.41,675.75,487770,259597.85
1773258600,675.89,676.12,675.78,676.12,338125,261364
1773258660,676.22,676.34,676,676.34,678825,287999.15
1773258840,676.39,676.6,676.26,676.26,364160,286615.55
1773258900,676.25,676.42,676.0799999999999,676.0799999999999,1858905,374258.6
1773322200,671.13,671.36,671.02,671.02,346168,371210.8
1773322200.001,670.41,670.75,670.41,670.75,466093,378213.05
1773322260,670.91,670.91,670.5699999999999,670.5699999999999,146505,374059.45
1773322260.001,669.88,670.22,669.88,670.22,411231,380409.9
1773322320,670.75,670.75,670.41,670.41,284820,387400.8
1773322380,670.25,670.59,670.25,670.59,98289,387830.7
1773322380.001,670.89,670.98,670.64,670.98,363334,400307.7
1773322440,671.37,671.37,671.03,671.03,88348,386297.2
1773322440.001,670.85,671.01,670.67,670.67,296682,393765.25
1773322500,670.5500000000001,670.8900000000001,670.5500000000001,670.8900000000001,253657,381950.6
1773322560,670.91,670.91,670.5699999999999,670.5699999999999,77382,371724.9
1773322560.001,670.41,670.75,670.41,670.75,235951,376168.1
1773322620,671.19,671.19,670.85,671.19,313303,380697.85
1773322680,671.5500000000001,671.5500000000001,671.21,671.21,86815,372879.85
1773322680.001,671.1800000000001,671.4300000000001,671.09,671.4300000000001,203145,369975.4
1773322740,671.65,671.65,671.31,671.31,301138,360643.8
1773322800,670.87,671.21,670.87,671.21,77807,347627.9
1773322800.001,671.3100000000001,671.35,671.01,671.01,150255,321199.4
1773322860,670.6,670.82,670.48,670.48,261385,316060.65
1773322920,670.4,670.74,670.4,670.74,159739,231102.35
1773322980,670.82,670.82,670.48,670.48,256436,226615.75
1773323040,670.23,670.29,669.9499999999999,669.9499999999999,282547,217438.45
1773323100,669.57,669.69,669.35,669.35,562947,238260.55
1773323160,669.28,669.34,669,669,519244,243661.2
1773323220,668.75,669.09,668.75,669.09,118933,235366.85
1773323220.001,669.15,669.2900000000001,668.95,669.2900000000001,262814,243593.1
1773323280,669.58,669.84,669.5,669.84,367874,243820.1
1773323340,670.22,670.5,670.16,670.5,437205,261262.95
1773323400,670.91,670.91,670.5699999999999,670.5699999999999,114594,252158.55
1773323400.001,670.4,670.73,670.39,670.73,138422,246396.8
1773323460,670.83,670.83,670.49,670.49,69211,245988.25
1773323460.001,670.1800000000001,670.2,669.86,669.86,258451,247113.25
1773323520,669.61,669.7,669.36,669.36,196880,241292.1
1773323580,669.14,669.36,669.02,669.02,480365,260969.6
1773323700,668.45,668.5200000000001,668.1800000000001,668.5200000000001,321296,266877.15
1773323760,668.7,668.75,668.41,668.75,280918,265866.15
1773323820,668.85,668.85,668.51,668.51,245528,274252.2
1773323880,668.39,668.73,668.39,668.73,299574,281718.15
1773323940,668.9300000000001,669.1500000000001,668.8100000000001,669.1500000000001,440679,290682.85
1773324000,669.92,670.1700000000001,669.83,670.1700000000001,315795,298485.65
1773324060,670.32,670.5400000000001,670.2,670.5400000000001,459003,308614
1773324180,670.74,670.92,670.5799999999999,670.5799999999999,319084,310440.85
1773324240,670.21,670.36,670.02,670.02,269309,295758.95
1773324300,669.92,670.26,669.92,670.26,163884,277990.95
1773324360,670.47,670.47,670.13,670.13,50461,274567.35
1773324360.001,669.9,670.07,669.73,669.73,197904,271321.85
1773324420,669.7,670.0400000000001,669.7,670.0400000000001,73721,256614.2
1773324420.001,670.54,670.54,670.1999999999999,670.1999999999999,184947,244001.3
1773324480,670.16,670.5,670.16,670.5,55612,241052.2
1773324480.001,670.64,670.64,670.3,670.3,195133,243887.75
1773324540,670.0500000000001,670.3900000000001,670.0500000000001,670.3900000000001,141030,247478.7
1773324600,670.53,670.53,670.1899999999999,670.1899999999999,47262,236919.25
1773324600.001,670.17,670.47,670.13,670.47,166070,235378.75
1773324660,670.75,670.9200000000001,670.58,670.9200000000001,227875,222754.25
1773324720,671.08,671.14,670.8,670.8,183062,215842.55
1773324780,670.62,670.96,670.62,670.96,120781,207835.7
1773324840,671.08,671.2,670.86,670.86,139317,202525.15
1773324900,670.75,671,670.66,670.66,288949,201993.9
1773324960,670.34,670.53,670.1899999999999,670.1899999999999,199955,189957.7
1773325020,670.1800000000001,670.33,669.99,669.99,202515,184293.7
1773325080,669.6800000000001,669.77,669.43,669.43,324641,177575.6
1773325200,669.28,669.38,669.04,669.38,477174,185480.1
1773325320,669.62,669.62,669.28,669.28,147101,179369.7
1773325380,669.14,669.45,669.11,669.45,338542,188102.6
1773325500,669.94,669.94,669.6,669.6,49239,188041.5
1773325500.001,669.54,669.5500000000001,669.21,669.21,260956,191194.1
1773325620,668.89,668.96,668.62,668.62,436630,209339.55
1773325740,668.0500000000001,668.25,667.91,667.91,703930,235288.7
1773325920,667.75,668.09,667.75,668.09,67994,235907.8
1773325920.001,668.16,668.16,667.8199999999999,667.8199999999999,278438,240073.05
1773325980,667.6800000000001,667.98,667.64,667.98,257117,245877.4
1773326040,668.03,668.3100000000001,667.97,668.3100000000001,323125,259670.55
1773326100,668.54,668.7,668.36,668.36,243742,263554.15
1773326160,668.2,668.37,668.03,668.03,249131,264616.95
1773326220,667.71,667.74,667.4,667.4,187131,264820.4
1773326280,667.3000000000001,667.6400000000001,667.3000000000001,667.6400000000001,60755,261819.1
1773326280.001,667.97,668.23,667.89,668.23,344560,272081.25
1773326400,668.36,668.36,668.02,668.02,41543,259710.95
1773326400.001,667.84,668.1800000000001,667.84,668.1800000000001,142928,256859.6
1773326460,668.25,668.25,667.91,667.91,50692,249268.45
1773326460.001,667.74,667.94,667.6,667.94,296850,247878.9
1773326580,668.49,668.7,668.36,668.7,216366,234838.5
1773326640,669.12,669.12,668.78,668.78,151627,235064.8
1773326700,668.69,669.0300000000001,668.69,669.0300000000001,655086,250892
1773326760,670.5500000000001,670.5500000000001,670.21,670.21,506163,273738.2
1773326820,669.22,669.34,669,669,261902,273785.5
1773326880,668.9300000000001,668.9300000000001,668.59,668.59,263135,265110.75
1773326940,668.14,668.48,668.14,668.48,198530,239840.75
1773327000,668.6800000000001,668.6800000000001,668.34,668.34,64435,239662.8
1773327000.001,668.08,668.4200000000001,668.08,668.4200000000001,209651,236223.45
1773327060,668.44,668.5,668.16,668.5,206757,233705.45
1773327120,668.5600000000001,668.5600000000001,668.22,668.22,150786,225088.5
1773327180,668.1,668.44,668.1,668.44,49000,215351.4
1773327180.001,668.53,668.66,668.3199999999999,668.3199999999999,197594,212774.55
1773327240,668.1,668.44,668.1,668.44,49531,205894.55
1773327240.001,668.48,668.7700000000001,668.4300000000001,668.7700000000001,164068,211060.2
1773327300,668.9300000000001,668.9300000000001,668.59,668.59,87567,198210.55
1773327360,668.57,668.85,668.51,668.85,65756,199421.2
1773327360.001,668.87,668.87,668.53,668.53,121552,198352.4
1773327420,668.45,668.6800000000001,668.34,668.34,281165,209876.05
1773327540,668.32,668.6600000000001,668.32,668.6600000000001,211633,205615.2
1773327600,668.8000000000001,668.8000000000001,668.46,668.46,49399,197266.85
1773327600.001,668.0500000000001,668.3900000000001,668.0500000000001,668.3900000000001,147165,197043.75
1773327660,668.59,668.59,668.25,668.25,48882,166733.55
1773327660.001,667.94,668.2,667.86,667.86,189728,150911.8
1773327720,667.69,668.01,667.67,668.01,214674,148550.4
1773327780,668.29,668.38,668.04,668.04,177021,144244.7
1773327840,668,668.3100000000001,667.97,668.3100000000001,149674,141801.9
1773327900,668.34,668.4300000000001,668.09,668.09,126647,144912.5
1773327960,668.0600000000001,668.27,667.93,667.93,324476,150653.75
1773328140,667.85,667.92,667.5799999999999,667.5799999999999,138432,147237.5
1773328200,667.51,667.67,667.3299999999999,667.3299999999999,409018,160149.1
1773328320,667.17,667.32,666.98,666.98,273037,171350.95
1773328380,666.92,667.26,666.92,667.26,260592,174500.85
1773328440,667.57,667.64,667.3,667.3,193249,181686.75
1773328500,667.2,667.46,667.12,667.46,316667,189316.7
1773328620,667.69,667.74,667.4,667.4,157478,192812.25
1773328680,667.26,667.6,667.26,667.6,69460,192997.45
1773328740,667.61,667.67,667.3299999999999,667.3299999999999,338047,203822.2
1773328860,667.13,667.4000000000001,667.0600000000001,667.4000000000001,292626,204395.25
1773328980,667.76,667.76,667.42,667.42,42388,195933
1773328980.001,667.41,667.75,667.41,667.75,191916,203058.85
1773329040,667.91,668.12,667.78,668.12,420902,216745.7
1773329160,668.51,668.61,668.27,668.61,207592,224681.2
1773329220,668.71,668.75,668.41,668.41,352202,232804.9
1773329340,668.01,668.27,667.93,667.93,158613,230001.85
1773329400,667.8100000000001,668.1500000000001,667.8100000000001,668.1500000000001,37493,223025.45
1773329400.001,668.1800000000001,668.5200000000001,668.1800000000001,668.5200000000001,123648,221724.15
1773329460,668.58,668.58,668.24,668.24,118862,221334.9
1773329520,668.09,668.13,667.79,667.79,135237,211872.95
1773329580,667.6800000000001,668.02,667.68,667.68,129164,211409.55
1773329640,667.67,668.01,667.67,668.01,131989,197558.1
1773329700,668.08,668.08,667.74,667.74,50542,186433.35
1773329700.001,667.71,667.76,667.42,667.42,257410,186274.25
1773329760,667.32,667.58,667.24,667.58,290278,191125.7
1773329820,668.14,668.14,667.8,667.8,134798,182032.25
1773329880,667.67,668.01,667.67,668.01,30512,175683.95
1773329880.001,668.16,668.33,667.99,668.33,551006,199761.25
1773329940,670.03,670.03,669.6899999999999,669.6899999999999,575746,211646.2
1773330000,668.75,668.99,668.65,668.99,472660,220647.9
1773330060,669.6,669.6,669.26,669.26,317611,234409.05
1773330120,669.2,669.5400000000001,669.2,669.5400000000001,102375,229932
1773330120.001,669.92,669.96,669.62,669.96,436996,230736.7
1773330180,670.3100000000001,670.3100000000001,669.97,669.97,111540,225934.1
1773330180.001,669.84,670.1800000000001,669.84,670.1800000000001,162650,216456.5
1773330240,670.26,670.26,669.92,669.92,81324,212592.05
1773330240.001,669.7,669.82,669.48,669.48,300934,225764.1
1773330300,669.42,669.76,669.42,669.76,109805,225071.95
1773330300.001,670.02,670.02,669.68,669.68,396901,238973.9
1773330360,668.98,669.07,668.73,668.73,365034,250463.75
1773330420,668.47,668.8100000000001,668.47,668.8100000000001,254305,256720.8
1773330480,669.78,669.78,669.4399999999999,669.4399999999999,130837,256663.2
1773330540,669.0600000000001,669.3900000000001,669.0500000000001,669.3900000000001,101993,259235.75
1773330600,669.4,669.46,669.12,669.12,116885,252209.5
1773330660,668.69,669.0300000000001,668.69,669.0300000000001,121611,243776.15
1773330720,669.46,669.6800000000001,669.34,669.34,108138,242443.15
1773330780,669.13,669.4200000000001,669.08,669.4200000000001,132261,247530.6
1773330840,669.6800000000001,669.6800000000001,669.34,669.34,139055,226933.05
1773330900,668.97,669.3100000000001,668.97,669.3100000000001,123463,204318.9
1773330960,669.52,669.52,669.18,669.18,135892,187480.5
1773331020,669.04,669.19,668.85,669.19,331935,188196.7
1773331140,669.51,669.58,669.24,669.24,145177,190336.8
1773331200,669.21,669.3900000000001,669.0500000000001,669.3900000000001,150037,175988.85
1773331260,669.83,669.83,669.49,669.49,115502,176186.95
1773331320,669.08,669.4200000000001,669.08,669.4200000000001,25799,169344.4
1773331320.001,669.48,669.82,669.48,669.82,110049,170780.65
1773331380,669.97,670.1,669.76,670.1,347730,173120.45
1773331500,670.3100000000001,670.3100000000001,669.97,669.97,228021,179031.25
1773331560,669.58,669.75,669.41,669.41,139720,166172.2
1773331620,668.9,669,668.66,668.66,275627,161701.85
1773331680,668.01,668.12,667.78,667.78,283557,163164.45
1773331740,667.67,668.01,667.67,668.01,240685,168656.85
1773331800,668.39,668.4,668.06,668.06,147982,170956.3
1773331860,667.9300000000001,668.19,667.85,668.19,268824,178553.25
1773331980,668.6800000000001,668.83,668.49,668.83,154429,180194.15
1773332040,668.96,669.1800000000001,668.84,669.1800000000001,156294,182601.95
1773332100,669.51,669.69,669.35,669.69,207819,186379.85
1773332160,669.87,670.03,669.6899999999999,669.6899999999999,184101,188632.15
1773332220,669.4,669.5500000000001,669.21,669.5500000000001,152346,190076.3
1773332280,669.64,669.7800000000001,669.44,669.7800000000001,343241,200443.75
1773332400,670.28,670.6,670.26,670.6,455629,206628.45
1773332460,671,671.3000000000001,670.96,671.3000000000001,346426,216690.9
1773332520,671.3100000000001,671.3100000000001,670.97,670.97,107890,214583.55
1773332520.001,670.82,670.94,670.6,670.6,336061,225611.5
1773332580,670.37,670.6,670.26,670.26,312207,239931.9
1773332640,669.71,669.84,669.5,669.5,277043,248281.6
1773332700,669.4300000000001,669.61,669.27,669.27,219685,241879.35
1773332760,668.79,669.13,668.79,669.13,170848,239020.7
1773332820,669.14,669.14,668.8,668.8,59828,235026.1
1773332820.001,668.72,668.98,668.64,668.64,540625,248276
1773333000,668.49,668.75,668.41,668.41,312744,249735.35
1773333120,668.34,668.6800000000001,668.34,668.6800000000001,37129,239557.55
1773333120.001,669.07,669.34,669,669.34,166245,240470.7
1773333180,669.52,669.71,669.37,669.37,132875,233673.25
1773333240,669.24,669.46,669.12,669.46,195237,235713.65
1773333360,669.61,669.61,669.27,669.27,35772,229687.55
1773333360.001,669.22,669.47,669.13,669.47,119335,225263.35
1773333420,669.64,669.8100000000001,669.47,669.8100000000001,248582,228487.4
1773333480,670.19,670.2,669.86,670.2,250953,233417.75
1773333540,670.29,670.29,669.9499999999999,669.9499999999999,161953,224353.35
1773333600,669.73,670.07,669.73,670.07,171174,210130.6
1773333660,670.09,670.09,669.75,669.75,68449,196231.75
1773333660.001,669.57,669.9100000000001,669.57,669.9100000000001,120679,196871.2
1773333720,670.07,670.14,669.8,669.8,102639,185200.1
1773333780,669.6800000000001,669.74,669.4,669.74,130004,176089.95
1773333840,669.94,669.94,669.6,669.6,109317,167703.65
1773333900,669.16,669.24,668.9,668.9,133388,163388.8
1773333960,668.12,668.38,668.04,668.38,134563,161574.55
1773334020,668.5,668.5500000000001,668.21,668.5500000000001,116531,164409.7
1773334080,668.63,668.8100000000001,668.47,668.8100000000001,110918,142924.35
1773334140,668.99,669.0400000000001,668.7,669.0400000000001,112338,132904.05
1773334200,669.23,669.26,668.92,668.92,120448,137070
1773334260,668.46,668.74,668.4,668.4,215527,139534.1
1773334380,668.1,668.4200000000001,668.08,668.4200000000001,151947,140487.7
1773334440,668.5,668.73,668.39,668.73,127207,137086.2
1773334500,668.84,668.84,668.5,668.5,28393,136717.25
1773334500.001,668.49,668.5300000000001,668.19,668.5300000000001,182602,139880.6
1773334620,668.78,668.88,668.54,668.88,159035,135403.25
1773334740,668.99,669.1,668.76,668.76,85764,127143.8
1773334800,668.69,669.0300000000001,668.69,669.0300000000001,79603,123026.3
1773334860,669.1800000000001,669.1800000000001,668.84,668.84,93496,119142.4
1773334920,668.79,669.1,668.76,669.1,238340,127636.95
1773335040,669.75,669.8900000000001,669.5500000000001,669.8900000000001,144919,128848.95
1773335100,669.99,669.99,669.65,669.65,118176,129625.8
1773335160,669.5500000000001,669.8900000000001,669.5500000000001,669.8900000000001,41871,125219.15
1773335160.001,670.3000000000001,670.3100000000001,669.97,669.97,150559,127281.25
1773335220,669.87,670.04,669.6999999999999,669.6999999999999,110681,126145.9
1773335280,669.36,669.49,669.15,669.15,117445,125290
1773335340,668.77,669.11,668.77,669.11,109262,124926.55
1773335400,669.49,669.49,669.15,669.15,130314,125896.35
1773335520,669.04,669.38,669.04,669.38,47994,122679.15
1773335580,669.46,669.46,669.12,669.12,16688,117491.15
1773335580.001,669.09,669.13,668.79,668.79,108687,112149.15
1773335640,668.62,668.9300000000001,668.59,668.59,129798,111041.7
1773335700,668.53,668.71,668.37,668.37,397106,124536.65
1773335940,668.11,668.33,667.99,668.33,324405,139337.25
1773336060,668.57,668.76,668.42,668.76,151121,137763.2
1773336120,669.25,669.38,669.04,669.04,140730,136847.95
1773336180,668.8000000000001,669.1400000000001,668.8000000000001,669.1400000000001,75302,136324.85
1773336240,669.24,669.24,668.9,668.9,20682,133378.8
1773336240.001,668.82,669.12,668.78,669.12,98613,133634.65
1773336300,669.24,669.24,668.9,668.9,91679,126301.6
1773336360,668.75,669.09,668.75,669.09,70800,122595.65
1773336420,669.3100000000001,669.3100000000001,668.97,668.97,24449,117909.3
1773336420.001,668.89,668.92,668.5799999999999,668.5799999999999,104433,121037.4
1773336480,668.52,668.72,668.38,668.72,165448,121781.85
1773336600,668.97,669.2,668.86,668.86,84599,120477.75
1773336660,668.8000000000001,668.97,668.63,668.97,66110,117911
1773336720,669.09,669.09,668.75,668.75,84502,116673
1773336780,668.67,668.9300000000001,668.59,668.9300000000001,319086,126111.6
1773336900,669.42,669.45,669.11,669.45,140832,130753.5
1773336960,669.53,669.53,669.1899999999999,669.1899999999999,177452,138791.7
1773337080,669.14,669.48,669.14,669.48,88360,137775.35
1773337140,669.49,669.72,669.38,669.72,164416,139506.25
1773337200,669.75,669.75,669.41,669.41,241192,131710.55
1773337260,668.96,668.98,668.64,668.64,214582,126219.4
1773337380,668.6,668.79,668.4499999999999,668.4499999999999,337644,135545.55
1773337500,668.07,668.2900000000001,667.95,668.2900000000001,213330,139175.55
1773337560,668.4,668.51,668.17,668.51,126965,141758.7
1773337620,668.66,668.79,668.4499999999999,668.4499999999999,99805,145714.85
1773337680,668.28,668.48,668.14,668.48,194688,150518.6
1773337800,668.74,668.8100000000001,668.47,668.47,180492,154959.25
1773337920,668.23,668.45,668.11,668.11,184390,160638.75
1773338040,668.07,668.1,667.76,667.76,387765,178804.55
1773338100,667.27,667.61,667.27,667.61,335154,190340.6
1773338160,667.7,667.8900000000001,667.5500000000001,667.8900000000001,370903,200613.35
1773338280,668.1,668.38,668.04,668.38,523533,222560.05
1773338400,668.64,668.69,668.35,668.69,364522,237480.65
1773338520,668.99,668.99,668.65,668.65,47295,235620.3
1773338520.001,668.61,668.73,668.39,668.73,267103,233021.15
1773338580,668.86,668.91,668.5699999999999,668.5699999999999,188916,235425.35
1773338640,668.53,668.6800000000001,668.34,668.34,182381,235671.8
1773338760,668.22,668.5600000000001,668.22,668.5600000000001,87952,235651.4
1773338820,668.91,669.16,668.8199999999999,668.8199999999999,157571,235309.15
1773338880,668.74,668.9100000000001,668.57,668.9100000000001,270063,236752.7
1773339060,668.98,668.98,668.64,668.64,70630,229555.1
1773339120,668.6,668.86,668.52,668.86,61275,215736.65
1773339180,668.9300000000001,669,668.66,669,226732,216406.75
1773339300,669.15,669.22,668.88,668.88,223361,221226.55
1773339420,668.75,668.94,668.6,668.6,107922,221632.4
1773339480,668.49,668.54,668.1999999999999,668.1999999999999,100811,216938.55
1773339540,668.19,668.29,667.9499999999999,667.9499999999999,183649,217096.4
1773339600,667.9300000000001,668.12,667.78,668.12,486824,232218.1
1773339720,668.2,668.2,667.86,667.86,141866,219923.15
1773339780,667.84,668.1800000000001,667.84,668.1800000000001,42697,205300.3
1773339780.001,668.19,668.38,668.04,668.04,203009,196905.6
1773339900,667.96,668.29,667.9499999999999,667.9499999999999,264488,183953.35
1773340020,667.91,668.08,667.74,667.74,154303,173442.4
1773340080,667.69,668.0300000000001,667.69,668.0300000000001,125538,177354.55
1773340140,668.26,668.34,668,668.34,349923,181495.55
1773340320,668.48,668.48,668.14,668.14,191401,181619.8
1773340440,667.78,667.96,667.62,667.62,256762,185338.85
1773340560,667.5,667.82,667.48,667.82,360985,198990.5
1773340680,667.96,668.0500000000001,667.71,667.71,312682,206746.05
1773340800,667.57,667.85,667.51,667.85,251033,205794.55
1773340920,667.96,667.96,667.62,667.62,634051,233965.6
1773341220,667.5,667.74,667.4,667.74,302200,246011.85
1773341400,667.91,668.1,667.76,668.1,156935,242522
1773341460,668.1800000000001,668.1800000000001,667.84,667.84,113892,237048.55
1773341520,667.65,667.85,667.51,667.51,449043,254104.6
1773341760,667.3000000000001,667.6400000000001,667.3000000000001,667.6400000000001,164543,257291.2
1773341820,667.6800000000001,667.6800000000001,667.34,667.34,200280,258122.75
1773341880,667.2,667.5,667.16,667.5,520355,259799.3
1773342000,667.7,668.0200000000001,667.6800000000001,668.0200000000001,227290,264070.5
1773342060,668.0500000000001,668.0500000000001,667.71,667.71,77361,265803.7
1773342060.001,667.25,667.35,667.01,667.01,241703,267738.4
1773342120,666.94,667.21,666.87,667.21,335095,271268.75
1773342240,667.37,667.5200000000001,667.1800000000001,667.5200000000001,289171,278012.15
1773342300,667.79,667.85,667.51,667.85,230546,283262.55
1773342360,667.9300000000001,667.94,667.6,667.6,132182,272375.5
1773342420,667.37,667.71,667.37,667.71,88734,267242.15
1773342480,667.73,667.86,667.52,667.86,414695,275138.8
1773342600,667.89,667.89,667.55,667.55,155205,264849.8
1773342660,667.17,667.33,666.99,667.33,241762,261303.8
1773342720,667.45,667.6,667.26,667.6,422608,269882.55
1773342900,667.74,667.74,667.4,667.4,251506,250755.3
1773342960,667.37,667.6400000000001,667.3000000000001,667.6400000000001,409830,256136.8
1773343080,667.91,667.94,667.6,667.6,381888,267384.45
1773343200,667.5600000000001,667.9000000000001,667.5600000000001,667.9000000000001,202617,271820.7
1773343260,668.0500000000001,668.35,668.01,668.35,331722,265954.65
1773343380,668.39,668.39,668.05,668.05,57429,260598.95
1773343380.001,668,668.08,667.74,668.08,513844,276277.15
1773343560,668.16,668.16,667.8199999999999,667.8199999999999,205609,260539.85
1773343620,667.79,668.08,667.74,667.74,266974,262524.05
1773343740,667.66,668,667.66,668,301118,273711.9
1773343800,668.35,668.4200000000001,668.08,668.4200000000001,286696,275961.55
1773343920,668.5600000000001,668.65,668.31,668.31,383647,278389.15
1773344040,668.23,668.4,668.06,668.06,176351,272748.15
1773344100,667.79,668,667.66,668,384519,280446.8
1773344220,668.32,668.32,667.98,667.98,325760,290125.7
1773344340,667.89,667.94,667.6,667.6,210658,296221.9
1773344400,667.34,667.54,667.1999999999999,667.1999999999999,467759,298875.1
1773344520,667.0500000000001,667.27,666.93,666.93,959822,339105.95
1773344700,666.89,667.03,666.6899999999999,666.6899999999999,425767,348306.2
1773344760,666.49,666.83,666.49,666.83,276190,340985.3
1773344820,666.91,666.91,666.5699999999999,666.5699999999999,351261,345973.05
1773344880,666.54,666.88,666.54,666.88,337448,342353.95
1773344940,666.9300000000001,666.9300000000001,666.59,666.59,391034,342811.25
1773345000,666.28,666.62,666.28,666.62,119157,338638.25
1773345000.001,666.94,666.94,666.6,666.6,313516,337727.95
1773345060,666.59,666.82,666.48,666.82,569510,363332
1773345180,666.84,666.84,666.5,666.5,101458,342712.7
1773345180.001,666.44,666.47,666.13,666.47,500978,357481.15
1773345240,666.82,667.07,666.73,666.73,554414,371853.15
1773345300,666.26,666.3100000000001,665.97,666.3100000000001,2767546,495174.55
1773345540,666.35,666.35,666.01,666.01,471376,504408.55
1773345540.001,665.9,666.24,665.9,666.24,642960,517374.2
1773408600,669.28,669.49,669.15,669.49,343168,525715.05
1773408600.001,670.3100000000001,670.3100000000001,669.97,669.97,488782,530928.2
1773408660,669.5,669.84,669.5,669.84,105733,519926.85
1773408660.001,669.9300000000001,670.02,669.68,669.68,242197,521503.8
1773408720,669.48,669.82,669.48,669.82,249494,510590.55
1773408780,670.3000000000001,670.3000000000001,669.96,669.96,84381,466818.5
1773408780.001,669.5500000000001,669.76,669.42,669.76,317127,461386.5
1773408840,669.92,669.92,669.5799999999999,669.5799999999999,277294,461441.7
1773408900,669.04,669.38,669.04,669.38,66570,447207.15
1773408900.001,669.49,669.52,669.18,669.18,176458,439157.65
1773408960,668.96,669.3000000000001,668.96,669.3000000000001,58819,422546.9
1773408960.001,669.38,669.59,669.25,669.59,231138,428145.95
1773409020,670.24,670.24,669.9,669.9,203766,422658.45
1773409080,669.77,670.11,669.77,670.11,63360,397350.95
1773409080.001,670.49,670.69,670.35,670.35,256681,405112.1
1773409140,670.2,670.46,670.12,670.46,225356,391331
1773409200,670.58,670.75,670.41,670.75,474356,387328.1
1773409320,671.15,671.25,670.91,671.25,321812,265041.4
1773409380,671.71,671.9200000000001,671.58,671.9200000000001,315969,257271.05
1773409440,671.97,671.97,671.63,671.63,251559,237701
1773409500,671.62,671.96,671.62,671.96,86959,224890.55
1773409500.001,672.13,672.34,672,672,325837,216743.3
1773409560,671.83,671.99,671.65,671.65,267406,224826.95
1773409620,671.54,671.88,671.54,671.88,93890,217411.6
1773409620.001,672.04,672.0500000000001,671.71,671.71,325609,221217.35
1773409680,671.39,671.51,671.17,671.17,407721,237384.35
1773409740,671.08,671.14,670.8,670.8,270016,235028.8
1773409800,670.65,670.98,670.64,670.98,355547,238941.45
1773409920,671.34,671.34,671,671,51356,238180.75
1773409920.001,670.94,671.1800000000001,670.84,671.1800000000001,136109,236163.3
1773409980,671.7,671.8100000000001,671.47,671.8100000000001,234599,244952.3
1773410040,671.86,671.86,671.52,671.52,176395,242215.15
1773410100,671.38,671.5,671.16,671.16,284518,246252.75
1773410160,670.72,671.0600000000001,670.72,671.0600000000001,230872,254628.35
1773410220,671.08,671.08,670.74,670.74,74312,245509.9
1773410220.001,670.5500000000001,670.8100000000001,670.47,670.8100000000001,194888,243986.5
1773410280,670.91,670.99,670.65,670.65,278455,234191.45
1773410340,670.37,670.71,670.37,670.71,300046,233103.15
1773410400,671.25,671.25,670.91,670.91,158733,225241.35
1773410460,670.61,670.88,670.54,670.54,252827,225304.75
1773410520,669.78,670.07,669.73,670.07,372725,239593.05
1773410640,670.28,670.4200000000001,670.08,670.4200000000001,120802,229341.3
1773410700,670.53,670.53,670.1899999999999,670.1899999999999,43909,218166.45
1773410700.001,669.73,670,669.66,670,115552,219249.55
1773410760,670.23,670.33,669.99,669.99,118806,208909.4
1773410820,669.6800000000001,669.8000000000001,669.46,669.46,182600,197653.35
1773410880,669.23,669.46,669.12,669.46,156022,191953.65
1773410940,669.71,669.71,669.37,669.37,35234,175938
1773410940.001,669.33,669.5,669.16,669.16,171995,181969.95
1773411000,668.92,669.26,668.92,669.26,143153,182322.15
1773411060,669.36,669.36,669.02,669.02,42910,172737.7
1773411060.001,668.78,669.12,668.78,669.12,153723,171604.1
1773411120,669.21,669.29,668.9499999999999,668.9499999999999,160618,165409.1
1773411180,668.89,669.22,668.88,668.88,140041,160867.55
1773411240,668.86,668.97,668.63,668.63,178012,166052.55
1773411300,668.46,668.8000000000001,668.46,668.8000000000001,136602,163138.25
1773411360,669.09,669.09,668.75,668.75,44121,151421.55
1773411360.001,668.41,668.65,668.31,668.31,320189,152428.7
1773411420,667.86,668.11,667.77,667.77,278106,158397.35
1773411480,667.73,668.07,667.73,668.07,188535,155182.75
1773411540,668.27,668.45,668.11,668.45,236037,148348.35
1773411600,668.91,668.91,668.5699999999999,668.5699999999999,64622,145539.35
1773411600.001,668.44,668.73,668.39,668.73,99861,148336.95
1773411660,668.83,668.83,668.49,668.49,158631,150490.9
1773411720,668.48,668.6700000000001,668.33,668.6700000000001,172183,153159.75
1773411780,669.03,669.08,668.74,668.74,124582,150258.85
1773411840,668.52,668.7700000000001,668.4300000000001,668.7700000000001,209529,152934.2
1773411960,668.83,668.83,668.49,668.49,39627,153153.85
1773411960.001,668.23,668.57,668.23,668.57,105108,149809.5
1773412020,668.58,668.86,668.52,668.86,130964,149200.05
1773412020.001,669.27,669.27,668.93,668.93,65482,150328.65
1773412020.002,668.8100000000001,668.8100000000001,668.47,668.47,75894,146437.2
1773412080,668.36,668.7,668.36,668.7,37947,140303.65
1773412080.001,669.0500000000001,669.08,668.74,668.74,253638,145983.5
1773412200,668.69,669.0300000000001,668.69,669.0300000000001,43238,139244.8
1773412200.001,669.48,669.71,669.37,669.71,214781,143153.75
1773412260,670.11,670.19,669.85,670.19,143919,148143.65
1773412320,670.23,670.23,669.89,669.89,136175,138942.95
1773412380,669.76,669.85,669.51,669.51,145589,132317.1
1773412440,669.17,669.51,669.17,669.51,101649,127972.8
1773412500,669.54,669.54,669.1999999999999,669.1999999999999,32518,117796.85
1773412500.001,668.5600000000001,668.86,668.52,668.52,140168,121574.15
1773412560,668.4300000000001,668.7700000000001,668.4300000000001,668.7700000000001,143884,123775.3
1773412620,669.46,669.46,669.12,669.12,36000,117643.75
1773412620.001,669.03,669.2700000000001,668.9300000000001,669.2700000000001,125943,115331.75
1773412740,669.39,669.39,669.05,669.05,27268,110466.05
1773412740.001,668.84,668.88,668.54,668.54,175482,108763.7
1773412800,668.07,668.22,667.88,667.88,158228,114693.75
1773412860,667.6800000000001,667.75,667.41,667.41,150192,116947.95
1773412920,667.34,667.6800000000001,667.34,667.6800000000001,56959,113247.7
1773412920.001,667.99,667.99,667.65,667.65,137146,116830.9
1773412980,667.44,667.65,667.31,667.31,134042,119738.3
1773413040,667.22,667.38,667.04,667.04,180273,126854.6
1773413100,667.02,667.23,666.89,666.89,321182,130231.8
1773413160,666.4,666.63,666.29,666.63,291155,142627.65
1773413220,666.74,666.8100000000001,666.47,666.8100000000001,349323,149354.75
1773413280,667.09,667.09,666.75,666.75,186745,151496.05
1773413340,666.74,667.08,666.74,667.08,46272,147000.9
1773413340.001,667.22,667.22,666.88,666.88,167568,148099.85
1773413400,666.79,667.13,666.79,667.13,60647,146049.75
1773413400.001,667.6,667.6,667.26,667.26,60647,147456.2
1773413400.002,667.12,667.22,666.88,666.88,172296,149062.6
1773413460,666.84,666.91,666.5699999999999,666.5699999999999,217105,152723.65
1773413520,666.45,666.7900000000001,666.45,666.7900000000001,215551,161701.2
1773413580,667.09,667.09,666.75,666.75,150375,162922.8
1773413640,666.5,666.84,666.5,666.84,112490,167183.9
1773413700,666.85,666.85,666.51,666.51,40200,160419.8
1773413700.001,666.0500000000001,666.07,665.73,665.73,275993,166308.05
1773413760,665.2,665.54,665.1999999999999,665.1999999999999,353090,176452.95
1773413820,664.99,665.33,664.99,665.33,256773,186443.65
1773413880,665.5,665.69,665.35,665.69,170430,188107.85
1773413940,665.72,665.72,665.38,665.38,57668,184289.15
1773413940.001,665.16,665.5,665.16,665.5,241277,187339.35
1773414000,665.71,665.71,665.37,665.37,91804,175870.45
1773414000.001,664.8100000000001,665.1500000000001,664.8100000000001,665.1500000000001,244465,173535.95
1773414060,665.21,665.21,664.87,664.87,272071,169673.35
1773414120,664.66,664.87,664.53,664.87,301943,175433.25
1773414180,665.1800000000001,665.1800000000001,664.84,664.84,147752,180507.25
1773414240,664.83,665.1700000000001,664.83,665.1700000000001,247129,184485.3
1773414300,665.52,665.52,665.18,665.18,58483,184377.1
1773414300.001,665.12,665.45,665.11,665.45,111284,186908.95
1773414360,665.47,665.47,665.13,665.13,55642,181076.25
1773414360.001,664.96,665.24,664.9,665.24,179234,179182.7
1773414420,665.54,665.74,665.4,665.74,240214,180415.85
1773414480,665.89,666.1800000000001,665.84,666.1800000000001,337296,189761.9
1773414600,666.36,666.36,666.02,666.02,212072,194741
1773414660,665.74,666.08,665.74,666.08,65947,196028.35
1773414660.001,666.28,666.5400000000001,666.2,666.5400000000001,199413,192199.35
1773414720,666.8100000000001,666.8100000000001,666.47,666.47,127262,180907.95
1773414780,666.38,666.72,666.38,666.72,41386,170138.6
1773414780.001,666.86,666.94,666.6,666.6,409948,182114.5
1773414900,666.49,666.77,666.43,666.43,114376,184949.9
1773414960,666.34,666.37,666.03,666.03,124141,179093.1
1773415020,666.02,666.36,666.02,666.36,158825,182444.15
1773415080,666.47,666.47,666.13,666.13,121189,176280.35
1773415140,665.8000000000001,665.94,665.6,665.94,119474,168650.5
1773415200,666.07,666.1600000000001,665.82,666.1600000000001,150066,161056.65
1773415260,666.32,666.37,666.03,666.03,302832,168810.65
1773415380,665.36,665.41,665.0699999999999,665.0699999999999,215484,167228.4
1773415440,664.78,664.89,664.55,664.55,499412,189274.85
1773415560,664.51,664.85,664.51,664.85,102443,188832.8
1773415560.001,664.91,664.91,664.5699999999999,664.5699999999999,235151,197808.25
1773415620,664.4300000000001,664.7700000000001,664.4300000000001,664.7700000000001,162485,196970.8
1773415680,664.82,664.82,664.48,664.48,100379,189979.05
1773415740,664.47,664.8000000000001,664.46,664.46,165538,181391.15
1773415800,664.32,664.6600000000001,664.32,664.6600000000001,52287,173401.9
1773415800.001,664.85,664.96,664.62,664.96,220487,181128.9
1773415860,665.1,665.1,664.76,664.76,56066,173961.55
1773415860.001,664.7,665.01,664.67,664.67,211796,178188.25
1773415980,664.47,664.8100000000001,664.47,664.8100000000001,208053,186521.6
1773416040,665.33,665.33,664.99,664.99,167627,174405.55
1773416100,664.49,664.58,664.24,664.24,262923,181832.9
1773416160,663.97,664.3100000000001,663.97,664.3100000000001,201507,185701.2
1773416220,664.6800000000001,664.7900000000001,664.45,664.7900000000001,147958,185157.85
1773416280,664.95,665,664.66,664.66,174513,187824.05
1773416340,664.48,664.82,664.48,664.82,109574,187329.05
1773416400,664.86,664.86,664.52,664.52,31583,181404.9
1773416400.001,664.38,664.47,664.13,664.13,178736,175200.1
1773416460,663.77,664.0500000000001,663.71,663.71,383087,183580.25
1773416580,663.39,663.69,663.35,663.69,192737,168246.5
1773416640,663.87,663.97,663.63,663.63,317958,179022.25
1773416760,663.27,663.61,663.27,663.61,65590,170544.2
1773416760.001,663.8100000000001,664.0500000000001,663.71,664.0500000000001,633805,194110.2
1773416820,665.16,665.16,664.8199999999999,664.8199999999999,392943,208738.4
1773416880,664.1,664.3900000000001,664.0500000000001,664.3900000000001,317104,216316.7
1773417000,664.4300000000001,664.4300000000001,664.09,664.09,64160,216910.35
1773417000.001,663.8000000000001,664.1400000000001,663.8000000000001,664.1400000000001,64160,209094
1773417000.002,664.25,664.45,664.11,664.11,94686,211025
1773417060,663.8000000000001,663.91,663.5699999999999,663.5699999999999,149912,207930.8
1773417120,663.3100000000001,663.6500000000001,663.3100000000001,663.6500000000001,161402,205598.25
1773417180,663.76,663.83,663.49,663.83,122054,203319.6
1773417240,663.95,663.96,663.62,663.62,113143,195830.6
1773417300,663.32,663.6600000000001,663.32,663.6600000000001,124105,191960.5
1773417360,663.88,663.88,663.54,663.54,141347,191629.95
1773417420,663.1,663.44,663.1,663.44,169159,191362.25
1773417480,663.45,663.6800000000001,663.34,663.6800000000001,169259,194346.5
1773417540,663.69,663.69,663.35,663.35,168841,201209.4
1773417600,663.34,663.6800000000001,663.34,663.6800000000001,63580,195451.6
1773417600.001,663.92,663.92,663.5799999999999,663.5799999999999,163638,184479.15
1773417660,663.5600000000001,663.9000000000001,663.5600000000001,663.9000000000001,50029,177343.75
1773417660.001,664.26,664.29,663.9499999999999,663.9499999999999,138410,168366.35
1773417720,663.48,663.82,663.48,663.82,114893,170831.5
1773417780,664.16,664.24,663.9,663.9,81813,143231.9
1773417840,663.88,664.12,663.78,663.78,173974,132283.45
1773417960,663.63,663.97,663.63,663.97,28762,117866.35
1773417960.001,664.15,664.3100000000001,663.97,664.3100000000001,150905,122203.6
1773418020,664.69,664.69,664.35,664.35,245471,131269.15
1773418140,664.25,664.59,664.25,664.59,80328,130551.25
1773418200,664.66,664.66,664.3199999999999,664.3199999999999,19208,124016.05
1773418200.001,664.29,664.63,664.29,664.63,77073,119799.6
1773418260,664.85,664.97,664.63,664.63,127735,120083.65
1773418320,664.54,664.64,664.3,664.3,237743,126313.65
1773418380,663.42,663.76,663.42,663.76,181053,129161.05
1773418440,664.1,664.27,663.93,663.93,99556,127071.5
1773418500,663.9,663.99,663.65,663.65,135435,125385.3
1773418560,663.54,663.8000000000001,663.46,663.8000000000001,150161,124430.4
1773418620,663.84,663.97,663.63,663.97,115545,121765.6
1773418680,663.98,663.98,663.64,663.64,205142,128843.7
1773418800,663.62,663.96,663.62,663.96,45505,122937.05
1773418800.001,664.0500000000001,664.1400000000001,663.8000000000001,664.1400000000001,124550,126663.1
1773418860,664.29,664.5600000000001,664.22,664.5600000000001,177048,128595
1773418980,664.6,664.6,664.26,664.26,125882,129144.45
1773419040,663.96,664.24,663.9,663.9,221551,136131.35
1773419160,663.5600000000001,663.9000000000001,663.5600000000001,663.9000000000001,120884,133476.85
1773419220,664.21,664.32,663.98,664.32,119748,138026.15
1773419280,664.52,664.5300000000001,664.19,664.5300000000001,266477,143804.75
1773419400,664.7,664.7,664.36,664.36,107996,136931
1773419460,664.29,664.63,664.29,664.63,24830,134156.1
1773419460.001,664.64,664.7700000000001,664.4300000000001,664.7700000000001,282053,147298.35
1773419580,664.87,664.87,664.53,664.53,167277,151808.55
1773419640,664,664.34,664,664.34,134834,152163.5
1773419700,664.69,664.7,664.36,664.7,184204,149486.55
1773419760,665.1800000000001,665.21,664.87,665.21,229237,151895.75
1773419880,665.23,665.23,664.89,664.89,34093,148622.6
1773419880.001,664.78,664.86,664.52,664.52,161730,149937.35
1773419940,664.24,664.58,664.24,664.58,125363,148697.45
1773420000,664.65,664.65,664.31,664.31,110348,148437.6
1773420060,664.15,664.49,664.15,664.49,92231,142792.05
1773420120,664.8000000000001,664.8000000000001,664.46,664.46,101538,145593.7
1773420180,664.22,664.29,663.9499999999999,663.9499999999999,164386,147585.5
1773420240,663.72,663.85,663.51,663.51,149837,146224.95
1773420300,663.49,663.71,663.37,663.37,169096,148385.65
1773420360,663.34,663.58,663.24,663.58,137040,144160.1
1773420420,663.6800000000001,663.95,663.61,663.95,201820,148206.9
1773420540,664.07,664.25,663.91,664.25,145101,149474.55
1773420600,664.7,664.74,664.4,664.4,109605,141630.95
1773420660,664.36,664.7,664.36,664.7,116858,142074.05
1773420720,664.76,664.9200000000001,664.58,664.9200000000001,229706,152317.85
1773420840,664.97,664.97,664.63,664.63,133074,144868.9
1773420900,664.2,664.3100000000001,663.97,663.97,179871,145498.6
1773420960,663.74,664.0300000000001,663.69,664.0300000000001,158687,146691.25
1773421020,664.21,664.39,664.05,664.05,266297,150795.9
1773421080,663.5,663.6,663.26,663.26,220707,150369.4
1773421140,663.14,663.48,663.14,663.48,186284,157978.95
1773421200,663.69,663.69,663.35,663.35,221747,160979.8
1773421320,663.29,663.62,663.28,663.28,265466,167984.95
1773421500,663.13,663.47,663.13,663.47,112555,168095.3
1773421560,663.73,663.73,663.39,663.39,86352,167801.35
1773421620,663.37,663.71,663.37,663.71,116992,168574.05
1773421680,663.92,664.09,663.75,664.09,110153,165862.4
1773421740,664.11,664.11,663.77,663.77,86835,162712.3
1773421800,663.58,663.6700000000001,663.33,663.6700000000001,299776,169246.3
1773421920,664.48,664.5,664.16,664.5,249142,174851.4
1773422040,664.72,664.9300000000001,664.59,664.9300000000001,107693,170145.05
1773422100,664.94,665.08,664.74,664.74,257948,175787.4
1773422220,664.46,664.72,664.38,664.38,88133,174713.8
1773422280,664.19,664.5200000000001,664.1800000000001,664.5200000000001,63217,172031.75
1773422340,664.8100000000001,664.8100000000001,664.47,664.47,116250,166358.95
1773422460,664.41,664.44,664.1,664.1,98508,164630.65
1773422520,663.79,664.13,663.79,664.13,104493,160861.75
1773422580,664.39,664.58,664.24,664.24,150081,160431.45
1773422700,664.19,664.39,664.05,664.05,203806,157306.9
1773422820,663.85,664.19,663.85,664.19,93536,150948.35
1773422880,664.5,664.65,664.31,664.31,79319,145600.1
1773422940,664.28,664.52,664.18,664.18,126682,140846.85
1773423000,663.79,664.13,663.79,664.13,216085,138377.8
1773423120,664.36,664.36,664.02,664.02,95672,137533.65
1773423180,663.74,664.08,663.74,664.08,155340,140983.05
1773423300,664.1,664.1,663.76,663.76,20451,136156
1773423300.001,663.72,664.0600000000001,663.72,664.0600000000001,87451,135020.9
1773423360,664.21,664.21,663.87,663.87,84339,134896.1
1773423420,663.77,664.11,663.77,664.11,89185,124366.55
1773423480,664.1800000000001,664.29,663.9499999999999,663.9499999999999,186299,121224.4
1773423600,663.85,664.19,663.85,664.19,76513,119665.4
1773423660,664.22,664.22,663.88,663.88,27835,108159.75
1773423660.001,663.5500000000001,663.8100000000001,663.47,663.47,99475,108726.85
1773423720,663.46,663.7800000000001,663.44,663.7800000000001,85125,109822.25
1773423780,663.83,663.96,663.62,663.96,112187,109619.1
1773423840,664.17,664.17,663.8299999999999,663.8299999999999,97173,109552.35
1773423900,663.79,663.82,663.48,663.48,154602,112057.8
1773423960,663.1,663.1800000000001,662.84,663.1800000000001,394242,124265.85
1773424080,663.23,663.23,662.89,662.89,211942,124672.65
1773424140,662.4,662.6,662.26,662.26,255323,132762
1773424200,662.08,662.4200000000001,662.08,662.4200000000001,121811,134886.6
1773424260,662.46,662.74,662.4,662.74,285890,142847
1773424320,662.87,662.87,662.53,662.53,277724,145928.95
1773424440,662.48,662.82,662.48,662.82,189837,150637.2
1773424500,663.04,663.04,662.6999999999999,662.6999999999999,178934,151816.9
1773424560,662.62,662.79,662.4499999999999,662.4499999999999,193818,160485.25
1773424680,662.34,662.6800000000001,662.34,662.6800000000001,146579,163441.65
1773424740,662.8100000000001,662.9100000000001,662.57,662.9100000000001,108009,164625.15
1773424800,662.96,663.01,662.67,663.01,251310,172731.4
1773424920,663.03,663.21,662.87,663.21,354579,181145.4
1773425040,663.3000000000001,663.3100000000001,662.97,662.97,349050,194772.25
1773425220,662.75,663.09,662.75,663.09,194238,203092.4
1773425340,663.16,663.45,663.11,663.45,332946,214765.95
1773425460,663.52,663.52,663.18,663.18,133769,217198.15
1773425520,663.04,663.38,663.04,663.38,202747,221726.15
1773425640,663.39,663.44,663.1,663.44,217339,227734.45
1773425760,663.73,663.73,663.39,663.39,178427,228925.7
1773425820,663.26,663.4300000000001,663.09,663.09,119694,215198.3
1773425880,662.94,663.07,662.73,662.73,223286,215765.5
1773426000,662.6800000000001,663.0200000000001,662.6800000000001,663.0200000000001,85368,207267.75
1773426060,663.1,663.1,662.76,662.76,69771,204665.75
1773426120,662.67,662.7900000000001,662.45,662.7900000000001,257837,203263.1
1773426300,663.0500000000001,663.0500000000001,662.71,662.71,75028,193128.3
1773426360,662.7,663.0400000000001,662.7,663.0400000000001,290134,198143.15
1773426540,663.41,663.44,663.1,663.44,148487,196620.8
1773426600,663.7,663.82,663.48,663.82,192534,196556.6
1773426720,664.07,664.07,663.73,663.73,120782,195266.75
1773426780,663.7,664.0400000000001,663.7,664.0400000000001,115092,195620.9
1773426840,664.23,664.23,663.89,664.23,203649,193237.85
1773426960,664.46,664.46,664.12,664.12,102035,180610.65
1773427020,663.91,664.25,663.91,664.25,289663,177641.3
1773427200,664.33,664.33,663.99,663.99,82821,172070.45
1773427260,663.98,664.32,663.98,664.32,187487,164797.5
1773427380,664.5600000000001,664.57,664.23,664.57,297808,172999.45
1773427620,664.67,664.67,664.3299999999999,664.3299999999999,343207,180022.45
1773427800,664.1800000000001,664.5200000000001,664.1800000000001,664.5200000000001,23390,170325
1773427800.001,664.54,664.8100000000001,664.47,664.47,261723,174489.8
1773427980,664.24,664.5400000000001,664.2,664.5400000000001,90529,173031.55
1773428040,664.64,664.64,664.3,664.3,139572,168845.85
1773428100,664.19,664.42,664.0799999999999,664.0799999999999,257433,177449.1
1773428280,663.94,664.2800000000001,663.94,664.2800000000001,30436,175482.35
1773428280.001,664.32,664.32,663.98,663.98,220429,173611.95
1773428400,663.9300000000001,664.0500000000001,663.71,663.71,251223,182421.7
1773428520,663.69,663.88,663.54,663.54,351782,185504.1
1773428700,663.39,663.6,663.26,663.6,504158,203287.65
1773428880,663.85,663.9300000000001,663.59,663.9300000000001,350235,211172.7
1773429060,663.99,663.99,663.65,663.65,190015,214634.35
1773429120,663.46,663.74,663.4,663.74,493960,233577.75
1773429300,663.91,663.91,663.5699999999999,663.5699999999999,234211,235105.85
1773429360,663.4,663.74,663.4,663.74,277202,243864.2
1773429420,663.86,663.86,663.52,663.52,126378,235699.95
1773429480,663.42,663.76,663.42,663.76,133405,238229.15
1773429540,663.84,663.84,663.5,663.5,221720,239940.8
1773429600,662.99,663.0500000000001,662.71,662.71,212900,235695.4
1773429660,662.59,662.85,662.51,662.85,430719,240071
1773429840,662.87,662.87,662.53,662.53,145380,246170.5
1773429900,662.38,662.59,662.25,662.25,276221,246895.4
1773430020,662.16,662.5,662.16,662.5,200316,252384.75
1773430080,662.53,662.53,662.1899999999999,662.1899999999999,152272,253019.75
1773430140,662.1800000000001,662.5200000000001,662.1800000000001,662.5200000000001,232454,251770.8
1773430200,662.92,663,662.66,662.66,291997,264848.85
1773430320,662.54,662.72,662.38,662.38,142305,260942.65
1773430380,662.34,662.6,662.26,662.26,719781,284370.55
1773430680,661.96,662.03,661.6899999999999,661.6899999999999,408415,287202.2
1773430800,661.46,661.71,661.37,661.37,567739,290381.25
1773430980,661.36,661.7,661.36,661.7,208904,283314.7
1773431040,661.71,661.99,661.65,661.65,288942,288261.05
1773431100,661.5,661.74,661.4,661.74,416087,284367.4
1773431220,661.88,662.0400000000001,661.7,662.0400000000001,810537,313183.7
1773431400,662.1,662.1,661.76,661.76,143354,306491.3
1773431400.001,661.54,661.88,661.54,661.88,382085,319276.65
1773431460,661.9,662.0400000000001,661.7,662.0400000000001,736143,349413.55
1773431580,662.2,662.27,661.93,661.93,641476,370401.35
1773431700,661.88,662.22,661.88,662.22,114450,365478.85
1773431700.001,662.26,662.4000000000001,662.0600000000001,662.4000000000001,900791,388982.45
1773431820,662.5,662.5,662.16,662.16,597254,411576.15
1773431880,662.08,662.4000000000001,662.0600000000001,662.4000000000001,1209151,458222.65
1773431940,662.41,662.6400000000001,662.3000000000001,662.6400000000001,483401,472376.9
1773667800,668.34,668.54,668.1999999999999,668.1999999999999,381480,483837.3
1773667800.001,667.69,668.0300000000001,667.69,668.0300000000001,190740,481751.6
1773667800.002,668.24,668.5500000000001,668.21,668.5500000000001,284759,481389.7
1773667860,668.74,668.74,668.4,668.4,204542,484501.55
1773667920,668.36,668.7,668.36,668.7,54811,451253.05
1773667920.001,668.73,668.76,668.42,668.76,272788,444471.7
1773667980,668.88,668.88,668.54,668.54,241410,428155.25
1773668040,668.52,668.84,668.5,668.84,239278,429673.95
1773668100,669.07,669.08,668.74,668.74,464066,438430.15
1773668220,668.5600000000001,668.9000000000001,668.5600000000001,668.9000000000001,498339,442542.75
1773668340,669.01,669.0400000000001,668.7,669.0400000000001,278021,415916.95
1773668400,669.41,669.57,669.23,669.57,520276,434763.05
1773668520,669.76,669.76,669.42,669.42,181706,424744.1
1773668580,669.38,669.72,669.38,669.72,546069,415240.4
1773668700,670.46,670.5200000000001,670.1800000000001,670.5200000000001,659800,416156.6
1773668820,670.61,670.61,670.27,670.27,315314,426199.8
1773668880,669.73,669.8100000000001,669.47,669.8100000000001,292619,395791.2
1773668940,670.02,670.03,669.6899999999999,669.6899999999999,252024,378529.7
1773669000,669.57,669.9100000000001,669.57,669.9100000000001,162091,326176.7
1773669060,669.95,669.95,669.61,669.61,275221,315767.7
1773669120,669.5600000000001,669.8900000000001,669.5500000000001,669.8900000000001,205324,306959.9
1773669180,669.91,669.99,669.65,669.65,242395,309542.65
1773669300,669.49,669.83,669.49,669.83,227347,306672.05
1773669360,670.22,670.49,670.15,670.49,519066,322398.25
1773669480,670.89,670.9,670.56,670.56,237970,331556.2
1773669540,670.54,670.84,670.5,670.5,223601,329096.85
1773669600,669.99,670.33,669.99,670.33,55537,319803.2
1773669600.001,670.36,670.4300000000001,670.09,670.4300000000001,131348,314406.7
1773669660,670.6800000000001,670.6800000000001,670.34,670.6800000000001,125985,297502.65
1773669720,670.89,670.89,670.55,670.55,143795,279775.45
1773669780,670.37,670.54,670.1999999999999,670.1999999999999,151306,273439.7
1773669840,670.16,670.3900000000001,670.0500000000001,670.3900000000001,281224,261487.1
1773669960,670.66,670.8100000000001,670.47,670.8100000000001,321286,268466.1
1773670080,671.04,671.07,670.73,671.07,392719,260798.6
1773670200,671.4,671.4,671.06,671.06,217618,238689.5
1773670260,671,671.13,670.79,670.79,232854,234566.5
1773670320,670.4300000000001,670.7700000000001,670.4300000000001,670.7700000000001,293526,234611.85
1773670440,670.83,670.84,670.5,670.84,337216,238871.45
1773670560,670.97,670.97,670.63,670.63,135901,237561.95
1773670620,670.4,670.74,670.4,670.74,46892,226145.5
1773670620.001,670.9300000000001,671.1700000000001,670.83,671.1700000000001,171650,224461.8
1773670680,671.21,671.21,670.87,670.87,207861,222735.1
1773670740,670.5,670.84,670.5,670.84,130219,217878.7
1773670800,671.03,671.2,670.86,671.2,116059,197728.35
1773670860,671.35,671.35,671.01,671.01,102115,190935.6
1773670920,670.9300000000001,671.19,670.85,670.85,227343,191122.7
1773671040,670.74,671.07,670.73,670.73,138708,195281.25
1773671100,670.7,671.0400000000001,670.7,671.0400000000001,103463,193887
1773671160,671.14,671.14,670.8,670.8,125520,193863.75
1773671220,670.72,670.91,670.5699999999999,670.5699999999999,318598,202603.9
1773671340,670.25,670.35,670.01,670.01,267664,208421.8
1773671400,669.64,669.98,669.64,669.98,183956,203558.4
1773671460,670.02,670.08,669.74,670.08,124717,193729.95
1773671520,670.1,670.1,669.76,669.76,43467,176267.35
1773671520.001,669.49,669.72,669.38,669.38,146517,172712.3
1773671580,669.26,669.35,669.01,669.01,231338,172636.5
1773671640,668.97,669.3100000000001,668.97,669.3100000000001,250320,170476.2
1773671700,669.52,669.65,669.31,669.31,200206,163625.7
1773671760,669.13,669.4,669.06,669.06,212564,167458.85
1773671820,669.04,669.24,668.9,668.9,289553,179591.9
1773671880,668.35,668.6700000000001,668.33,668.6700000000001,239021,182960.45
1773671940,668.78,668.78,668.4399999999999,668.4399999999999,53662,175250.5
1773671940.001,668.4,668.74,668.4,668.74,114284,174453.75
1773672000,668.76,668.76,668.42,668.42,57142,171507.9
1773672000.001,668.24,668.57,668.23,668.57,274384,180121.35
1773672060,668.76,668.76,668.42,668.42,186409,178074.65
1773672120,668.16,668.4300000000001,668.09,668.09,226134,182445.95
1773672180,668.08,668.3900000000001,668.0500000000001,668.3900000000001,287163,191630.95
1773672300,668.5600000000001,668.63,668.29,668.63,180924,194401.15
1773672360,668.66,668.66,668.3199999999999,668.3199999999999,192846,188113.55
1773672420,667.8000000000001,668.1400000000001,667.8000000000001,668.1400000000001,180111,183735.9
1773672480,668.42,668.42,668.0799999999999,668.0799999999999,149023,181989.25
1773672540,667.97,668.03,667.6899999999999,667.6899999999999,227985,187152.65
1773672600,667.61,667.9200000000001,667.58,667.9200000000001,229944,196476.5
1773672660,668.59,668.75,668.41,668.75,247590,201530.15
1773672720,668.76,669.09,668.75,669.09,303857,205156.1
1773672840,669.27,669.27,668.93,668.93,84184,196849.3
1773672900,668.88,669.22,668.88,669.22,27098,188193.9
1773672900.001,669.24,669.4300000000001,669.09,669.4300000000001,267489,190940.15
1773673020,669.45,669.51,669.17,669.17,120131,182469.05
1773673080,669.0500000000001,669.3900000000001,669.0500000000001,669.3900000000001,128155,176925.75
1773673140,669.83,669.87,669.53,669.53,245481,186516.7
1773673260,669.38,669.6,669.26,669.6,256311,193618.05
1773673380,669.61,669.61,669.27,669.27,29662,192244.05
1773673380.001,669.14,669.3100000000001,668.97,668.97,84635,182756.6
1773673440,668.92,669.0600000000001,668.72,668.72,106698,178771.05
1773673500,668.65,668.96,668.62,668.96,81169,171522.8
1773673560,669.02,669.0200000000001,668.6800000000001,669.0200000000001,120744,163201.85
1773673680,669.1,669.23,668.89,669.23,124838,160397.55
1773673740,669.3000000000001,669.3000000000001,668.96,668.96,118036,156657.05
1773673800,668.76,669,668.66,669,312530,163278
1773673980,669.36,669.5600000000001,669.22,669.22,173907,164522.2
1773674100,669.03,669.19,668.85,668.85,104621,158354
1773674160,668.82,669.1600000000001,668.82,669.1600000000001,94743,151593.95
1773674220,669.37,669.58,669.24,669.58,74797,142954.3
1773674280,669.65,669.7800000000001,669.44,669.7800000000001,279010,141711.95
1773674460,669.84,670.0500000000001,669.71,670.0500000000001,129625,143984
1773674520,670.12,670.23,669.89,670.23,200322,152645.2
1773674640,670.3000000000001,670.3000000000001,669.96,669.96,101979,144369.7
1773674700,669.88,670.22,669.88,670.22,79631,142344.7
1773674760,670.32,670.32,669.98,669.98,167264,144300.15
1773674880,669.91,670.11,669.77,669.77,100874,137069.8
1773674940,669.69,670.0300000000001,669.69,670.0300000000001,22457,125377.1
1773674940.001,670.0600000000001,670.37,670.03,670.37,95039,128645.95
1773675000,670.45,670.5200000000001,670.1800000000001,670.5200000000001,483120,148570.2
1773675240,670.58,670.64,670.3,670.3,379384,162204.5
1773675480,670.17,670.37,670.03,670.03,158626,166077.35
1773675600,670.01,670.11,669.77,669.77,139670,167023.65
1773675660,669.74,670.08,669.74,670.08,90747,165319.1
1773675720,670.15,670.24,669.9,669.9,111629,164998.75
1773675840,669.85,670.1400000000001,669.8000000000001,670.1400000000001,132910,156017.75
1773676020,670.29,670.29,669.9499999999999,669.9499999999999,288986,161771.7
1773676200,669.39,669.73,669.39,669.73,124574,162769.35
1773676260,669.76,669.76,669.42,669.42,37225,159893.45
1773676260.001,669.41,669.5500000000001,669.21,669.21,240463,168176.75
1773676380,669.08,669.4200000000001,669.08,669.4200000000001,72510,157851.75
1773676440,669.53,669.53,669.1899999999999,669.1899999999999,81107,155425.85
1773676500,669.02,669.36,669.02,669.36,77608,149290.15
1773676560,669.61,669.61,669.27,669.27,159766,152179.5
1773676620,668.71,669.04,668.6999999999999,668.6999999999999,222073,159301.6
1773676680,668.44,668.6700000000001,668.33,668.6700000000001,335602,167718.5
1773676800,668.89,668.89,668.55,668.55,150906,170220.1
1773676860,668.48,668.74,668.4,668.74,294418,183818.15
1773677040,668.8000000000001,668.8000000000001,668.46,668.46,32870,180709.7
1773677040.001,668.21,668.5200000000001,668.1800000000001,668.5200000000001,200974,166602.4
1773677160,668.72,668.74,668.4,668.74,116971,153481.75
1773677220,668.99,669.15,668.81,668.81,166234,153862.15
1773677340,668.5600000000001,668.9000000000001,668.5600000000001,668.9000000000001,79955,150876.4
1773677400,669.19,669.19,668.85,668.85,105297,151603.9
1773677460,668.84,668.95,668.61,668.61,122026,152123.75
1773677520,668.53,668.87,668.53,668.87,74516,149204.05
1773677580,669.11,669.11,668.77,668.77,21505,135830
1773677580.001,668.64,668.9000000000001,668.5600000000001,668.9000000000001,80353,133618.95
1773677640,668.94,669.1,668.76,668.76,69033,135209.35
1773677700,668.75,668.89,668.55,668.55,80287,127200.55
1773677760,668.42,668.74,668.4,668.74,104403,128795.2
1773677820,669.0600000000001,669.0600000000001,668.72,668.72,86684,129074.05
1773677880,668.61,668.95,668.61,668.95,63197,128353.5
1773677940,668.96,668.96,668.62,668.62,179272,129328.8
1773678000,668.48,668.61,668.27,668.27,182411,127345.7
1773678060,667.83,668.14,667.8,667.8,229242,122027.7
1773678120,667.59,667.9300000000001,667.59,667.9300000000001,161237,122544.25
1773678180,668.13,668.13,667.79,667.79,198098,117728.25
1773678240,667.36,667.5,667.16,667.16,283058,130237.65
1773678300,667.15,667.49,667.15,667.49,411441,140761
1773678420,667.82,667.82,667.48,667.48,64361,138130.5
1773678420.001,667.25,667.52,667.18,667.18,182711,138954.35
1773678480,667.17,667.51,667.17,667.51,105302,140221.7
1773678540,667.53,667.64,667.3,667.3,128444,141379.05
1773678600,667.23,667.46,667.12,667.46,131996,141877.55
1773678660,667.73,667.9300000000001,667.59,667.59,152049,145754.2
1773678720,667.53,667.73,667.39,667.39,196404,154499.15
1773678840,667.35,667.69,667.35,667.69,96853,155324.15
1773678900,667.9,667.98,667.64,667.64,230874,163416.2
1773679020,667.63,667.97,667.63,667.97,123669,165585.3
1773679080,668.0500000000001,668.24,667.9,668.24,129661,166848.2
1773679200,668.25,668.5400000000001,668.2,668.5400000000001,130712,169049.6
1773679320,668.66,668.89,668.55,668.55,130197,172399.6
1773679440,668.52,668.73,668.39,668.39,154977,171184.85
1773679500,668.25,668.59,668.25,668.59,80803,166104.45
1773679560,668.76,668.8100000000001,668.47,668.47,54244,157354.55
1773679620,668.25,668.59,668.25,668.59,97893,154187.35
1773679740,668.69,668.73,668.39,668.73,91344,148849.65
1773679860,668.8000000000001,669.0600000000001,668.72,669.0600000000001,217111,145552.3
1773679980,669.07,669.07,668.73,668.73,58594,127909.95
1773680040,668.49,668.8100000000001,668.47,668.47,124668,130925.3
1773680160,668.33,668.63,668.29,668.63,100344,126806.95
1773680220,668.78,668.78,668.4399999999999,668.4399999999999,44989,123791.3
1773680280,668.37,668.61,668.27,668.61,296815,132209.85
1773680400,669.5,669.53,669.1899999999999,669.1899999999999,230044,137112.25
1773680460,668.75,669.09,668.75,669.09,136280,136323.8
1773680520,669.47,669.47,669.13,669.13,61125,129559.85
1773680580,668.82,668.9300000000001,668.59,668.9300000000001,165035,132968.95
1773680700,669.14,669.19,668.85,668.85,130597,127955.1
1773680820,668.8100000000001,669.0600000000001,668.72,669.0600000000001,83638,125953.55
1773680880,669.17,669.24,668.9,669.24,119394,125440.2
1773681000,669.37,669.37,669.03,669.03,68158,122312.5
1773681060,668.98,669.32,668.98,669.32,23226,116963.95
1773681060.001,669.4300000000001,669.5400000000001,669.2,669.5400000000001,88647,113647.45
1773681120,669.57,669.64,669.3,669.3,272593,123236.95
1773681300,669.03,669.23,668.89,668.89,95337,125291.6
1773681420,668.88,669.22,668.88,669.22,53278,123060.85
1773681480,669.34,669.4100000000001,669.07,669.4100000000001,128861,124936.7
1773681600,669.5600000000001,669.6500000000001,669.3100000000001,669.6500000000001,295088,128835.55
1773681780,669.75,669.75,669.41,669.41,155974,133704.55
1773681900,669.37,669.71,669.37,669.71,89572,131949.75
1773681960,669.74,669.74,669.4,669.4,217391,137802.1
1773682080,669.37,669.48,669.14,669.48,239358,147520.55
1773682200,669.49,669.5600000000001,669.22,669.22,186040,141981.8
1773682380,668.87,669.21,668.87,669.21,133557,137157.45
1773682560,669.32,669.32,668.98,668.98,37057,132196.3
1773682620,668.97,669.29,668.9499999999999,668.9499999999999,122829,135281.5
1773682740,668.85,669.1,668.76,668.76,269243,140491.9
1773682980,668.75,668.95,668.61,668.95,130696,140496.85
1773683100,669.1,669.2,668.86,668.86,151902,143910.05
1773683220,668.8000000000001,668.85,668.51,668.51,95477,142714.2
1773683280,668.2,668.5,668.16,668.16,289337,153773.15
1773683400,667.98,668.32,667.98,668.32,126052,158914.45
1773683460,668.72,668.7800000000001,668.44,668.7800000000001,190111,163987.65
1773683580,668.87,668.87,668.53,668.53,73991,154057.55
1773683640,668.48,668.8100000000001,668.47,668.8100000000001,92791,153930.25
1773683760,668.83,669,668.66,669,377814,170157.05
1773684120,669.02,669.13,668.79,669.13,242731,175850.55
1773684240,669.17,669.34,669,669.34,206430,171417.65
1773684360,669.49,669.49,669.15,669.49,268512,177044.55
1773684420,669.77,669.77,669.43,669.43,419642,193548.05
1773684540,669.33,669.6700000000001,669.33,669.6700000000001,176408,191498.9
1773684600,669.72,669.72,669.38,669.38,86113,183836.65
1773684660,669.28,669.59,669.25,669.59,270558,188062.55
1773684900,669.67,669.8100000000001,669.47,669.8100000000001,200569,191413.15
1773684960,669.97,670.0600000000001,669.72,669.72,449819,212051.25
1773685200,669.69,669.98,669.64,669.98,212704,216545
1773685380,670.01,670.08,669.74,669.74,425397,224352.7
1773685680,669.5500000000001,669.8900000000001,669.5500000000001,669.8900000000001,253069,230471.35
1773685800,669.98,669.98,669.64,669.64,129413,229346.9
1773685920,669.59,669.9300000000001,669.59,669.9300000000001,85299,228838
1773685980,669.99,670.0300000000001,669.69,670.0300000000001,520577,240400
1773686280,670.16,670.23,669.89,670.23,450131,256603.95
1773686520,670.24,670.25,669.91,670.25,275610,260878.9
1773686700,670.3100000000001,670.3100000000001,669.97,669.97,702035,292281.1
1773687000,669.84,670.08,669.74,669.74,425395,308911.3
1773687240,669.71,669.83,669.49,669.83,720519,326046.55
1773687600,670,670,669.66,669.66,300271,328923.55
1773687780,669.39,669.61,669.27,669.27,258257,331514.9
1773687900,669.24,669.58,669.24,669.58,356078,335893.2
1773688080,669.6,669.86,669.52,669.86,403451,335083.65
1773688140,671.37,671.6800000000001,671.34,671.6800000000001,457676,349147.05
1773688200,672.07,672.07,671.73,671.73,167467,353214.75
1773688200.001,670.9300000000001,670.98,670.64,670.64,425677,360970.7
1773688260,670.34,670.66,670.3199999999999,670.3199999999999,255727,363728.6
1773688320,670.0600000000001,670.09,669.75,669.75,255061,353990.7
1773688380,669.66,669.99,669.65,669.99,266156,356663.3
1773688440,670.12,670.12,669.78,669.78,155691,343178
1773688500,669.73,670.07,669.73,670.07,251364,343092.75
1773688560,670.2,670.3000000000001,669.96,669.96,431012,358172.7
1773688680,669.75,669.8100000000001,669.47,669.47,166215,362218.5
1773688740,669.39,669.54,669.1999999999999,669.1999999999999,250399,348709.6
1773688800,668.96,669.3000000000001,668.96,669.3000000000001,68176,329611.85
1773688800.001,669.4,669.71,669.37,669.71,284295,330046.1
1773688920,669.74,669.74,669.4,669.4,191798,304534.25
1773688980,669.16,669.4,669.06,669.06,367249,301626.95
1773689100,668.79,669.0500000000001,668.71,668.71,1144330,322817.5
1773689340,668.69,669.0300000000001,668.69,669.0300000000001,162197,315913.8
1773689340.001,669.51,669.51,669.17,669.17,456883,325845.1
1773689400,668.95,669.2900000000001,668.95,669.2900000000001,250118,320547.1
1773689460,669.4,669.4,669.06,669.06,149299,307839.5
1773689520,669.01,669.35,669.01,669.35,49335,287422.45
1773689520.001,669.38,669.38,669.04,669.04,171339,287616.05
1773689580,669.03,669.21,668.87,668.87,337750,283219.7
1773689700,668.8100000000001,669.1400000000001,668.8000000000001,669.1400000000001,318752,286370.95
1773689760,669.25,669.4300000000001,669.09,669.09,200776,283656.7
1773689820,669,669.14,668.8,668.8,484720,294584.9
1773690060,668.69,668.8000000000001,668.46,668.46,391318,306366.25
1773690180,668.42,668.76,668.42,668.76,414173,314506.7
1773690300,668.8000000000001,668.8100000000001,668.47,668.47,625891,324250.65
1773690420,668.42,668.76,668.42,668.76,554437,343661.75
1773690540,668.86,668.86,668.52,668.52,248945,343589.05
1773690600,668.47,668.8100000000001,668.47,668.8100000000001,101334,345246.95
1773690600.001,668.89,668.89,668.55,668.55,252973,343680.85
1773690660,668.51,668.85,668.51,668.85,75819,337881.9
1773690660.001,669.04,669.0500000000001,668.71,668.71,330771,336058
1773690720,668.69,668.88,668.54,668.54,668353,312259.15
1773690840,668.5,668.84,668.5,668.84,434205,325859.55
1773690900,669.04,669.23,668.89,669.23,2745194,440275.1
1773754200,672.35,672.46,672.12,672.12,153317,435435.05
1773754203,672.09,672.25,671.91,672.25,112539,433597.05
1773754214,672.26,672.4200000000001,672.08,672.4200000000001,188331,440546.85
1773754234,672.48,672.6,672.26,672.6,60924,435026.1
1773754246,672.66,672.78,672.4399999999999,672.4399999999999,122888,424283
1773754265,672.42,672.6800000000001,672.34,672.6800000000001,121978,414444.3
1773754291,672.69,672.82,672.48,672.82,106624,409736.7
1773754320,672.84,673.0300000000001,672.69,673.0300000000001,75702,389285.8
1773754334,673.04,673.34,673,673.34,130438,376241.8
1773754348,673.36,673.5600000000001,673.22,673.5600000000001,252536,368159.95
1773754391,673.57,673.6800000000001,673.34,673.6800000000001,214823,347606.55
1773754437,673.73,673.83,673.49,673.49,178623,328815.85
1773754468,673.42,673.6500000000001,673.3100000000001,673.6500000000001,311644,331950.8
1773754541,673.66,673.7,673.36,673.36,169304,335349.3
1773754572,673.34,673.63,673.29,673.29,434715,344436.4
1773754647,673.27,673.5300000000001,673.19,673.5300000000001,260452,353668.05
1773754713,673.54,673.62,673.28,673.62,47416,339500.3
1773754738,673.66,673.7800000000001,673.44,673.7800000000001,109093,311537.3
1773754767,673.8000000000001,673.9300000000001,673.59,673.59,166487,298151.4
1773754803,673.5600000000001,673.88,673.54,673.54,122508,167017.1
1773754844,673.52,673.7900000000001,673.45,673.7900000000001,178333,168267.9
1773754897,673.84,673.97,673.63,673.63,239726,174627.25
1773754980,673.61,673.89,673.55,673.55,260257,178223.55
1773755085,673.53,673.71,673.37,673.71,157736,183064.15
1773755122,673.72,673.97,673.63,673.97,195574,186698.45
1773755160,673.99,674.26,673.92,674.26,112287,186213.9
1773755173,674.27,674.44,674.1,674.1,452217,203493.55
1773755276,674.09,674.38,674.04,674.04,479529,223684.9
1773755426,673.96,674.15,673.81,673.81,425344,238430.2
1773755539,673.8000000000001,674.01,673.67,674.01,429972,247302
1773755682,674.02,674.17,673.8299999999999,673.8299999999999,352885,254205.1
1773755871,673.8100000000001,673.94,673.6,673.6,401222,265335.05
1773756009,673.57,673.75,673.41,673.41,279398,263722.75
1773756082,673.39,673.64,673.3,673.3,375308,274022.95
1773756166,673.27,673.34,673,673,288187,266696.55
1773756224,672.98,673.32,672.98,673.32,146787,261013.3
1773756265,673.34,673.45,673.11,673.45,224400,269862.5
1773756338,673.48,673.5,673.16,673.16,256505,277233.1
1773756482,673.13,673.47,673.13,673.47,40403,270928.9
1773756507,673.48,673.5600000000001,673.22,673.22,234589,276532.95
1773756606,673.2,673.27,672.93,672.93,97626,272497.6
1773756658,672.91,673,672.66,672.66,142958,267659.2
1773756697,672.62,672.75,672.41,672.75,420995,275696.1
1773756816,672.78,672.78,672.4399999999999,672.4399999999999,201391,277878.85
1773756898,672.37,672.37,672.03,672.03,79768,272088.55
1773756908,672.02,672.36,672.02,672.36,165569,274752.65
1773756943,672.4,672.4,672.06,672.06,303660,267324.8
1773757065,672,672.01,671.67,671.67,120336,249365.15
1773757076,671.58,671.9000000000001,671.5600000000001,671.9000000000001,78578,232026.85
1773757093,671.91,672.25,671.91,672.25,216976,221377.05
1773757136,672.29,672.58,672.24,672.58,328887,220177.15
1773757199,672.6,672.6500000000001,672.3100000000001,672.6500000000001,53804,202806.25
1773757215,672.6800000000001,672.92,672.5799999999999,672.5799999999999,148552,196263.95
1773757269,672.54,672.83,672.49,672.49,190235,187010.3
1773757367,672.48,672.71,672.37,672.71,135465,179374.2
1773757460,672.73,672.73,672.39,672.39,48049,174437.3
1773757506,672.35,672.41,672.0699999999999,672.0699999999999,47240,165579.3
1773757522,672.0500000000001,672.3900000000001,672.0500000000001,672.3900000000001,115960,158552.05
1773757580,672.45,672.5600000000001,672.22,672.22,133084,163186.1
1773757674,672.21,672.5500000000001,672.21,672.5500000000001,42506,153581.95
1773757700,672.6,672.77,672.43,672.43,141750,155788.15
1773757748,672.42,672.6400000000001,672.3000000000001,672.6400000000001,107962,154038.35
1773757792,672.66,672.8100000000001,672.47,672.47,154727,140724.95
1773757863,672.46,672.48,672.14,672.48,95735,135442.15
1773757910,672.5,672.6800000000001,672.34,672.6800000000001,57555,134331.5
1773757958,672.72,672.94,672.6,672.94,109098,131507.95
1773758027,672.98,673.24,672.9,673.24,190239,125836.9
1773758147,673.27,673.27,672.93,672.93,111232,125381.7
1773758216,672.9,673.1,672.76,672.76,314729,137189.25
1773758289,672.69,672.8100000000001,672.47,672.47,53375,129009.2
1773758301,672.42,672.6700000000001,672.33,672.6700000000001,89784,117054.05
1773758352,672.7,672.72,672.38,672.38,105917,119659.7
1773758433,672.36,672.59,672.25,672.59,99016,117182.9
1773758495,672.6,672.7900000000001,672.45,672.7900000000001,102439,112793.1
1773758566,672.86,673.1400000000001,672.8000000000001,673.1400000000001,106873,111363.5
1773758617,673.15,673.4000000000001,673.0600000000001,673.4000000000001,530647,135493.4
1773758958,673.42,673.47,673.13,673.13,114078,138835.3
1773759022,673.12,673.34,673,673,90092,137541.9
1773759057,672.99,673.3100000000001,672.97,673.3100000000001,96298,135702.6
1773759104,673.37,673.37,673.03,673.03,30950,135124.8
1773759122,673.02,673.33,672.99,672.99,439809,150027.75
1773759519,672.98,673.24,672.9,673.24,155623,152410.8
1773759630,673.25,673.27,672.93,672.93,114207,150384.8
1773759737,672.9,673.07,672.73,672.73,124092,151802.65
1773759829,672.72,672.82,672.48,672.48,111170,154483.4
1773759892,672.46,672.62,672.28,672.28,397095,168883.25
1773760074,672.27,672.3100000000001,671.97,671.97,58011,162271.85
1773760084,671.94,672.1,671.76,671.76,637843,188602.4
1773760217,671.75,672,671.66,672,167448,181238.35
1773760258,672.08,672.24,671.9,671.9,203464,188742.8
1773760297,671.88,672.07,671.73,672.07,93932,188950.2
1773760344,672.12,672.19,671.85,671.85,164703,191889.5
1773760404,671.84,672.1,671.76,672.1,92245,191550.95
1773760461,672.11,672.23,671.89,672.23,193757,196116.85
1773760541,672.24,672.5400000000001,672.2,672.5400000000001,104837,196015.05
1773760618,672.59,672.69,672.35,672.35,208026,179884
1773760727,672.19,672.3100000000001,671.97,671.97,53173,176838.75
1773760730,671.94,672.2800000000001,671.94,672.2800000000001,60194,175343.85
1773760741,672.36,672.61,672.27,672.61,53494,173203.65
1773760805,672.62,672.63,672.29,672.29,60117,174662
1773760848,672.25,672.38,672.04,672.04,41500,154746.55
1773760889,672.03,672.11,671.77,671.77,42164,149073.6
1773760910,671.76,671.94,671.6,671.94,78856,147306.05
1773760929,671.95,672.0300000000001,671.69,672.0300000000001,136857,147944.3
1773760977,672.0500000000001,672.3100000000001,671.97,671.97,240277,154399.65
1773761061,671.89,672.23,671.89,672.23,77083,138399.05
1773761105,672.25,672.54,672.1999999999999,672.1999999999999,209252,145961.1
1773761253,672.19,672.23,671.89,671.89,104187,119278.3
1773761311,671.84,672.02,671.68,671.68,131816,117496.7
1773761391,671.64,671.97,671.63,671.97,110676,112857.3
1773761443,671.98,672.19,671.85,671.85,97088,113015.1
1773761523,671.83,671.88,671.54,671.54,108450,110202.45
1773761584,671.51,671.63,671.29,671.29,258217,118501.05
1773761695,671.24,671.5,671.16,671.5,68373,112231.85
1773761716,671.52,671.52,671.18,671.18,48552,109417.6
1773761746,671.16,671.24,670.9,670.9,133091,105670.85
1773761779,670.89,671,670.66,670.66,177476,111886
1773761802,670.65,670.73,670.39,670.39,148553,116303.95
1773761817,670.38,670.6400000000001,670.3000000000001,670.6400000000001,315632,129410.85
1773761865,670.6800000000001,670.76,670.42,670.76,333383,143074.15
1773761975,670.8000000000001,670.99,670.65,670.99,183576,150177.95
1773762057,671.03,671.03,670.6899999999999,670.6899999999999,77622,151950.85
1773762105,670.66,670.9300000000001,670.59,670.9300000000001,332014,164608.75
1773762239,670.96,671.25,670.91,671.25,85575,162044.65
1773762256,671.26,671.48,671.14,671.48,214529,160757.25
1773762410,671.5,671.65,671.31,671.31,81499,160978.05
1773762485,671.27,671.37,671.03,671.03,122435,156637.2
1773762576,671.02,671.2800000000001,670.94,671.2800000000001,100951,156475.4
1773762628,671.38,671.44,671.1,671.44,225031,161136.15
1773762707,671.6,671.63,671.29,671.29,46042,157904.45
1773762740,671.25,671.4300000000001,671.09,671.4300000000001,101886,158144.35
1773762815,671.47,671.54,671.1999999999999,671.1999999999999,110945,158269.1
1773762904,671.17,671.2900000000001,670.95,671.2900000000001,53754,148045.95
1773762908,671.32,671.51,671.17,671.17,130570,151155.8
1773763012,671.13,671.28,670.9399999999999,670.9399999999999,147366,156096.5
1773763093,670.85,671.1700000000001,670.83,671.1700000000001,138206,156352.25
1773763187,671.1800000000001,671.1800000000001,670.84,670.84,72911,151124
1773763241,670.8100000000001,670.99,670.65,670.65,207762,154084.45
1773763354,670.62,670.67,670.3299999999999,670.3299999999999,135743,145090
1773763387,670.3100000000001,670.6500000000001,670.3100000000001,670.6500000000001,50927,130967.2
1773763400,670.66,670.76,670.42,670.76,101529,126864.85
1773763457,670.78,670.9200000000001,670.58,670.9200000000001,128845,129426
1773763510,671,671,670.66,670.66,67098,116180.2
1773763542,670.65,670.87,670.53,670.53,148521,119327.5
1773763624,670.52,670.54,670.1999999999999,670.1999999999999,72513,112226.7
1773763651,670.1800000000001,670.29,669.9499999999999,669.9499999999999,80100,112156.75
1773763658,669.7,670.0400000000001,669.7,670.0400000000001,20090,107039.5
1773763658.001,670.13,670.44,670.1,670.44,77158,105849.85
1773763681,670.47,670.73,670.39,670.73,131987,101197.65
1773763715,670.74,670.83,670.49,670.49,49123,101351.7
1773763725,670.47,670.69,670.35,670.35,59084,99211.6
1773763751,670.33,670.6700000000001,670.33,670.6700000000001,35063,95417.5
1773763771,670.6800000000001,670.8900000000001,670.5500000000001,670.8900000000001,89340,97196.8
1773763805,670.94,671.0300000000001,670.69,671.0300000000001,151457,98241.15
1773763875,671.08,671.27,670.93,670.93,149650,98355.35
1773763936,670.91,671.23,670.89,671.23,98304,96360.25
1773763952,671.4,671.4,671.06,671.06,18865,93657.95
1773763952.001,670.95,671.11,670.77,670.77,214414,93990.55
1773764044,670.76,670.9000000000001,670.5600000000001,670.9000000000001,192306,96818.7
1773764205,670.9300000000001,671.12,670.78,671.12,55298,97037.25
1773764256,671.13,671.38,671.04,671.38,61153,95018.45
1773764300,671.39,671.48,671.14,671.48,162863,96719.35
1773764399,671.57,671.57,671.23,671.23,111255,98927.2
1773764498,671.12,671.36,671.02,671.36,125010,97751.65
1773764597,671.37,671.5400000000001,671.2,671.5400000000001,102344,99243.2
1773764682,671.5500000000001,671.59,671.25,671.25,74807,98978.55
1773764723,671.24,671.46,671.12,671.12,124454,104196.75
1773764855,671.1,671.3000000000001,670.96,671.3000000000001,165501,108613.9
1773764975,671.3100000000001,671.4300000000001,671.09,671.09,135925,108810.8
1773765081,671.08,671.32,670.98,670.98,210930,116901.15
1773765232,670.9,671.09,670.75,671.09,153663,121630.1
1773765295,671.13,671.46,671.12,671.46,56677,122710.8
1773765332,671.52,671.52,671.18,671.18,80497,122268.65
1773765403,671.16,671.1800000000001,670.84,670.84,54901,117440.85
1773765450,670.83,671.0600000000001,670.72,671.0600000000001,69400,113428.35
1773765525,671.08,671.13,670.79,671.13,71045,112065.4
1773765610,671.19,671.22,670.88,670.88,66912,114467.75
1773765659,670.87,671.13,670.79,671.13,110556,109274.85
1773765784,671.14,671.47,671.13,671.47,147588,107038.95
1773765890,671.48,671.64,671.3,671.3,207114,114629.75
1773766037,671.29,671.48,671.14,671.48,307870,126965.6
1773766280,671.49,671.49,671.15,671.15,184233,128034.1
1773766366,671.14,671.4300000000001,671.09,671.09,298252,137383.95
1773766676,671.0500000000001,671.25,670.91,671.25,342780,148272.45
1773766872,671.27,671.5500000000001,671.21,671.5500000000001,89818,147646.15
1773766958,671.5600000000001,671.84,671.5,671.84,125997,150205.65
1773767037,671.9,671.94,671.6,671.6,625659,175265.9
1773767441,671.59,671.59,671.25,671.25,71599,170570.8
1773767457,671.24,671.57,671.23,671.57,48490,166199.05
1773767482,671.58,671.63,671.29,671.29,272286,169266.85
1773767754,671.27,671.5500000000001,671.21,671.21,316821,177424.75
1773768051,671.2,671.46,671.12,671.46,148029,181992.35
1773768137,671.47,671.62,671.28,671.28,307402,193337.6
1773768359,671.27,671.61,671.27,671.61,55632,193374.15
1773768428,671.63,671.71,671.37,671.37,139852,196896.75
1773768606,671.36,671.6700000000001,671.33,671.6700000000001,60842,196386.6
1773768696,671.6800000000001,671.76,671.42,671.76,293459,207713.95
1773769031,671.77,671.98,671.64,671.64,409229,222647.6
1773769389,671.63,671.71,671.37,671.37,69529,218744.65
1773769438,671.36,671.5,671.16,671.16,145576,215667.75
1773769560,671.14,671.38,671.04,671.04,312805,215914.5
1773769679,671.03,671.37,671.03,671.37,170204,215213.05
1773769818,671.39,671.5200000000001,671.1800000000001,671.5200000000001,233061,211953.5
1773769939,671.5600000000001,671.9000000000001,671.5600000000001,671.9000000000001,159588,202793.9
1773770009,671.95,671.95,671.61,671.61,573534,226979.7
1773770451,671.59,671.75,671.41,671.75,205629,230961.3
1773770571,671.78,672.0200000000001,671.6800000000001,672.0200000000001,499865,224671.6
1773770800,672.04,672.3000000000001,671.96,671.96,674281,254805.7
1773771171,671.92,671.99,671.65,671.65,611527,282957.55
1773771676,671.64,671.71,671.37,671.37,219533,280319.9
1773771826,671.36,671.45,671.11,671.11,167953,272876.5
1773771885,671.09,671.24,670.9,670.9,223646,276657.35
1773771959,670.88,671.19,670.85,670.85,419123,282243.4
1773772203,670.82,671.08,670.74,671.08,272511,293087.35
1773772361,671.09,671.2,670.86,670.86,1206787,346434.1
1773773082,670.85,671.13,670.79,671.13,283406,357562.3
1773773243,671.14,671.25,670.91,671.25,332806,359529.65
1773773500,671.28,671.44,671.1,671.1,425938,360365.1
1773773750,671.0600000000001,671.19,670.85,671.19,552863,384531.8
1773774132,671.22,671.34,671,671,116254,383065.7
1773774191,670.99,671.1,670.76,670.76,447750,389812.95
1773774401,670.75,670.9300000000001,670.59,670.9300000000001,340968,398351.15
1773774520,670.95,671.22,670.88,671.22,282961,400846.15
1773774640,671.23,671.3100000000001,670.97,671.3100000000001,391015,412417.5
1773774921,671.33,671.61,671.27,671.27,759327,421707.15
1773775240,671.26,671.38,671.04,671.04,894761,456163.75
1773775744,671,671.28,670.9399999999999,670.9399999999999,1653157,513828.35
1773776526,670.9,671.09,670.75,671.09,557037,507966.15
1773776755,671.1,671.28,670.9399999999999,670.9399999999999,868255,520802.55
1773777006,670.91,670.98,670.64,670.64,1356338,577642.8
1773777245,670.58,670.9200000000001,670.58,670.9200000000001,178427,578166.5
1773777280,670.98,671.24,670.9,670.9,183216,576145
1773777305,670.89,670.99,670.65,670.65,587357,584556.7
1773777411,670.64,670.8100000000001,670.47,670.8100000000001,1457222,643792.25