time,open,high,low,close,Volume,Volume MA
1749420000,3317.785,3321.27,3316.27,3316.27,3842,
1749420000.001,3309.2200000000003,3314.2200000000003,3309.2200000000003,3314.2200000000003,1921,
1749420000.002,3314.9700000000003,3318.475,3313.475,3318.475,5178,
1749423600,3318.645,3318.735,3313.735,3313.735,20945,
1749427200,3298.255,3303.255,3298.255,3303.255,6406,
1749427200.001,3305.475,3309.5750000000003,3304.5750000000003,3304.5750000000003,21318,
1749430800,3294.9900000000002,3298.5,3293.5,3298.5,24105,
1749434400,3307.655,3309.26,3304.26,3309.26,18119,
1749438000,3312.025,3314.29,3309.29,3314.29,25434,
1749445200,3316.655,3317.57,3312.57,3317.57,19009,
1749448800,3325.01,3328.515,3323.515,3323.515,19473,
1749452400,3321.58,3325.7200000000003,3320.7200000000003,3320.7200000000003,16706,
1749456000,3319.88,3323.585,3318.585,3318.585,14623,
1749459600,3316.89,3319.8250000000003,3314.8250000000003,3314.8250000000003,11838,
1749463200,3312.19,3317.19,3312.19,3317.19,15454,
1749466800,3321.4,3321.4,3316.4,3316.4,15612,
1749470400,3313.0950000000003,3318.0950000000003,3313.0950000000003,3318.0950000000003,5690,
1749470400.001,3322.525,3322.525,3317.525,3317.525,35544,
1749474000,3310.795,3315.795,3310.795,3315.795,9951,
1749474000.001,3319.425,3321.135,3316.135,3321.135,23372,15727
1749477600,3326.9,3326.9,3321.9,3321.9,7790,15924.4
1749477600.001,3320.895,3325.41,3320.41,3325.41,14422,16549.45
1749481200,3332.185,3332.55,3327.55,3332.55,16457,17113.4
1749484800,3337.96,3338.295,3333.295,3333.295,14073,16769.8
1749488400,3332.885,3337.145,3332.145,3332.145,23282,17613.6
1749495600,3325.9300000000003,3329.6,3324.6,3324.6,8963,16995.85
1749506400,3324.31,3326.9900000000002,3321.9900000000002,3321.9900000000002,3453,15963.25
1749506400.001,3321.655,3326.655,3321.655,3326.655,5796,15347.1
1749510000,3327.98,3327.98,3322.98,3322.98,19152,15033
1749513600,3314.685,3319.685,3314.685,3319.685,23567,15260.9
1749517200,3320.03,3320.03,3315.03,3315.03,8817,14728.1
1749517200.001,3302.995,3307.015,3302.015,3307.015,26393,15212.45
1749520800,3310.3650000000002,3310.5550000000003,3305.5550000000003,3305.5550000000003,15833,15272.95
1749524400,3305.23,3308.8250000000003,3303.8250000000003,3303.8250000000003,11293,15245.7
1749528000,3302.915,3307.915,3302.915,3307.915,22642,15605.1
1749531600,3319.26,3320.6150000000002,3315.6150000000002,3320.6150000000002,26017,16125.35
1749535200,3331.3650000000002,3331.3650000000002,3326.3650000000002,3326.3650000000002,6452,16163.45
1749535200.001,3325.52,3329.12,3324.12,3329.12,16745,15223.5
1749538800,3332.255,3334.96,3329.96,3329.96,20022,15727.05
1749542400,3326.26,3331.26,3326.26,3331.26,14810,15298.95
1749546000,3331.92,3333.4500000000003,3328.4500000000003,3333.4500000000003,13133,15566.1
1749549600,3336.33,3340.41,3335.41,3340.41,13227,15506.35
1749553200,3342.54,3342.54,3337.54,3337.54,4980,14932.5
1749553200.001,3332.3,3333.8450000000003,3328.8450000000003,3328.8450000000003,17420,15099.85
1749556800,3328.3,3333.3,3328.3,3333.3,6220,14246.75
1749556800.001,3340.405,3340.5550000000003,3335.5550000000003,3340.5550000000003,32103,15403.75
1749560400,3349.28,3349.28,3344.28,3344.28,8627,15662.45
1749560400.001,3343.665,3343.76,3338.76,3338.76,28922,16818.75
1749564000,3325.56,3329.31,3324.31,3324.31,29521,17337.2
1749567600,3323.295,3327.76,3322.76,3322.76,20447,17181.2
1749571200,3320.0750000000003,3325.0750000000003,3320.0750000000003,3325.0750000000003,14455,17463.1
1749574800,3325.955,3325.955,3320.955,3320.955,14268,16856.85
1749578400,3319.535,3324.535,3319.535,3324.535,15455,16837.95
1749582000,3334.665,3334.665,3329.665,3329.665,3931,16469.85
1749582000.001,3328.81,3329.065,3324.065,3324.065,5213,15598.4
1749585600,3322.5,3325.8250000000003,3320.8250000000003,3325.8250000000003,6217,14608.4
1749592800,3327.505,3327.505,3322.505,3322.505,7647,14668.15
1749596400,3315.59,3320.59,3315.59,3320.59,3077,13984.75
1749596400.001,3328.23,3330.09,3325.09,3330.09,16875,13827.4
1749600000,3335.255,3337.455,3332.455,3337.455,14307,13802.25
1749603600,3337.5750000000003,3337.5750000000003,3332.5750000000003,3332.5750000000003,4854,13388.3
1749603600.001,3327.6800000000003,3332.2000000000003,3327.2000000000003,3332.2000000000003,15545,13504.2
1749607200,3339.73,3341.485,3336.485,3341.485,11125,13811.45
1749610800,3341.8650000000002,3341.965,3336.965,3341.965,9306,13405.75
1749614400,3343,3343.21,3338.21,3338.21,12499,13719.7
1749618000,3335.605,3340.31,3335.31,3335.31,16714,12950.25
1749621600,3332.5550000000003,3337.5550000000003,3332.5550000000003,3337.5550000000003,16067,13322.25
1749625200,3348.57,3348.57,3343.57,3343.57,13190,12535.65
1749628800,3342.63,3344.7000000000003,3339.7000000000003,3339.7000000000003,17869,11953.05
1749632400,3331.425,3336.425,3331.425,3336.425,12091,11535.25
1749636000,3336.875,3336.875,3331.875,3331.875,3585,10991.75
1749636000.001,3328.265,3331.175,3326.175,3331.175,16369,11096.8
1749639600,3335.285,3335.285,3330.285,3330.285,28967,11772.4
1749643200,3327.29,3332.29,3327.29,3332.29,12353,12193.5
1749643200.001,3360.79,3360.79,3355.79,3355.79,12353,12550.5
1749643200.002,3336.835,3341.835,3336.835,3341.835,27162,13597.75
1749646800,3344.77,3344.77,3339.77,3339.77,13581,13894.45
1749646800.001,3327.9500000000003,3332.9500000000003,3327.9500000000003,3332.9500000000003,41573,15819.25
1749650400,3341.31,3342.635,3337.635,3342.635,20694,16010.2
1749654000,3342.9300000000003,3342.9300000000003,3337.9300000000003,3337.9300000000003,5681,15578.9
1749654000.001,3329.655,3334.57,3329.57,3329.57,18053,16238.85
1749657600,3328.185,3331.435,3326.435,3326.435,20230,16473.1
1749661200,3319.38,3324.38,3319.38,3324.38,26922,17262.95
1749664800,3347.38,3347.385,3342.385,3347.385,19053,17750.3
1749668400,3349.39,3351.685,3346.685,3351.685,8451,17547.9
1749672000,3355.61,3360.25,3355.25,3360.25,8644,17144.4
1749679200,3369.875,3373.645,3368.645,3368.645,15320,17107.05
1749682800,3357.625,3362.625,3357.625,3362.625,4313,16663.2
1749682800.001,3365.535,3367.26,3362.26,3367.26,20158,16777.65
1749686400,3371.26,3371.26,3366.26,3366.26,6719,16509.05
1749686400.001,3366.035,3367.57,3362.57,3367.57,23802,17519.9
1749690000,3376.935,3376.935,3371.935,3371.935,7933,17098.1
1749690000.001,3371.08,3373.9700000000003,3368.9700000000003,3373.9700000000003,16902,16494.85
1749693600,3377.895,3377.895,3372.895,3372.895,17874,16770.9
1749697200,3371.655,3373.885,3368.885,3368.885,19578,17132.15
1749704400,3367.8,3372.8,3367.8,3372.8,3282,15938.15
1749704400.001,3375.86,3375.86,3370.86,3370.86,13604,15939.3
1749708000,3365.29,3370.29,3365.29,3370.29,5160,14118.65
1749708000.001,3375.685,3375.685,3370.685,3370.685,28770,14522.45
1749711600,3338.59,3343.59,3338.59,3343.59,7870,14631.9
1749711600.001,3346.3050000000003,3351.3050000000003,3346.3050000000003,3351.3050000000003,21498,14804.15
1749715200,3361.205,3361.205,3356.205,3356.205,16368,14611.05
1749718800,3355.545,3360.545,3355.545,3360.545,4601,13495
1749718800.001,3368.105,3368.105,3363.105,3363.105,17207,13402.7
1749722400,3362.6,3367.6,3362.6,3367.6,6303,13295.3
1749722400.001,3385.96,3387.66,3382.66,3387.66,19365,13831.35
1749726000,3388.6800000000003,3388.6800000000003,3383.6800000000003,3383.6800000000003,6530,13391.85
1749726000.001,3373.255,3378.255,3373.255,3378.255,6530,13502.7
1749726000.002,3379.3050000000003,3381.455,3376.455,3381.455,26034,13796.5
1749729600,3390.54,3390.54,3385.54,3385.54,34070,15164.05
1749733200,3379.255,3384.255,3379.255,3384.255,12696,14608.75
1749733200.001,3399.05,3399.05,3394.05,3394.05,12695,14846.85
1749733200.002,3392.065,3393.29,3388.29,3388.29,32377,15620.6
1749736800,3382.985,3383.875,3378.875,3378.875,27780,16115.9
1749740400,3377.885,3382.885,3377.885,3382.885,8493,15561.65
1749740400.001,3390.38,3390.87,3385.87,3390.87,19371,16366.1
1749744000,3391.4300000000003,3391.4300000000003,3386.4300000000003,3386.4300000000003,5439,15957.85
1749744000.001,3381.025,3385.05,3380.05,3380.05,19354,16667.55
1749747600,3378.165,3383.165,3378.165,3383.165,17527,16105.4
1749751200,3386.42,3389.505,3384.505,3384.505,21540,16788.9
1749765600,3383.8650000000002,3385.03,3380.03,3380.03,2364,15832.2
1749765600.001,3379.535,3384.535,3379.535,3384.535,7693,15398.45
1749769200,3396.3450000000003,3396.835,3391.835,3396.835,49103,17623.55
1749772800,3420.0950000000003,3420.0950000000003,3415.0950000000003,3415.0950000000003,36938,18610.1
1749776400,3414.04,3419.04,3414.04,3419.04,10647,18827.3
1749776400.001,3433.4700000000003,3433.4700000000003,3428.4700000000003,3428.4700000000003,10647,18391.4
1749776400.002,3427.625,3429.92,3424.92,3429.92,23210,19225.4
1749780000,3444.3250000000003,3444.495,3439.495,3439.495,29065,20352.15
1749783600,3423.855,3428.855,3423.855,3428.855,14605,19780.7
1749787200,3430.385,3430.385,3425.385,3425.385,3747,18264.55
1749787200.001,3422.915,3425.3650000000002,3420.3650000000002,3420.3650000000002,13329,18296.2
1749790800,3418.05,3423.05,3418.05,3423.05,4791,17901
1749790800.001,3428.92,3428.92,3423.92,3423.92,25626,17563.45
1749794400,3408.5,3413.5,3408.5,3413.5,6945,16521.7
1749794400.001,3416.455,3419.105,3414.105,3414.105,17093,16951.7
1749798000,3407.925,3412.925,3407.925,3412.925,5697,16268
1749798000.001,3415,3419.3650000000002,3414.3650000000002,3419.3650000000002,12153,16603.7
1749801600,3426.2200000000003,3427.375,3422.375,3422.375,18349,16553.45
1749805200,3420.16,3425.16,3420.16,3425.16,15922,16473.2
1749808800,3427.855,3427.855,3422.855,3422.855,5577,15675.05
1749808800.001,3411.6,3416.6,3411.6,3416.6,21286,16621.15
1749812400,3423.165,3426.765,3421.765,3426.765,23149,17393.95
1749816000,3438.26,3438.945,3433.945,3438.945,41368,17007.2
1749819600,3446.88,3446.88,3441.88,3441.88,11799,15750.25
1749819600.001,3437.1,3439.9700000000003,3434.9700000000003,3434.9700000000003,35689,17002.35
1749823200,3423.775,3428.775,3423.775,3428.775,27080,17824
1749826800,3430.61,3430.61,3425.61,3425.61,7592,17043.1
1749826800.001,3420.9300000000003,3425.9300000000003,3420.9300000000003,3425.9300000000003,7592,15969.45
1749826800.002,3426.3050000000003,3426.3050000000003,3421.3050000000003,3421.3050000000003,8751,15676.75
1749830400,3419.215,3424.215,3419.215,3424.215,4375,15708.15
1749830400.001,3431.1,3432.415,3427.415,3432.415,17302,15906.8
1749834000,3433.56,3433.71,3428.71,3433.71,19822,16658.35
1749837600,3439.6,3439.6,3434.6,3434.6,18038,16278.95
1749841200,3431.75,3434.025,3429.025,3434.025,10580,16460.7
1749844800,3434.925,3437.835,3432.835,3437.835,5947,15903.4
1750024800,3440.48,3443.6,3438.6,3443.6,7700,16003.55
1750024800.001,3451.525,3451.525,3446.525,3446.525,14345,16113.15
1750028400,3439.6,3444.6,3439.6,3444.6,14789,15935.15
1750032000,3451.375,3451.375,3446.375,3446.375,5645,15421.3
1750032000.001,3434.245,3438.255,3433.255,3438.255,23985,16341.7
1750035600,3443.2400000000002,3446.51,3441.51,3441.51,20951,16324.95
1750039200,3438.005,3439.765,3434.765,3434.765,17110,16023
1750042800,3429.35,3433.3250000000003,3428.3250000000003,3428.3250000000003,12422,14575.7
1750046400,3426.915,3430.58,3425.58,3425.58,20616,15016.55
1750050000,3417.77,3421.7200000000003,3416.7200000000003,3416.7200000000003,26228,14543.5
1750053600,3413.08,3418.08,3413.08,3418.08,6762,13527.6
1750053600.001,3418.38,3419.91,3414.91,3414.91,14928,13894.4
1750057200,3409.58,3414.58,3409.58,3414.58,16901,14359.85
1750060800,3418.66,3419.045,3414.045,3419.045,10992,14471.9
1750064400,3419.58,3419.58,3414.58,3414.58,3508,14428.55
1750064400.001,3411.9300000000003,3415.795,3410.795,3415.795,13717,14249.3
1750068000,3421.425,3422.785,3417.785,3417.785,15685,14042.45
1750071600,3410.815,3415.815,3410.815,3415.815,19842,14132.65
1750075200,3417.895,3418.11,3413.11,3413.11,41339,15670.6
1750078800,3382.54,3387.54,3382.54,3387.54,12030,15974.75
1750078800.001,3388.34,3392.57,3387.57,3392.57,33549,17267.2
1750082400,3399.635,3401.985,3396.985,3401.985,29482,18024.05
1750086000,3405.925,3405.925,3400.925,3400.925,17157,18142.45
1750089600,3397.28,3400.37,3395.37,3395.37,14370,18578.7
1750093200,3391.175,3394.185,3389.185,3389.185,12419,18000.4
1750096800,3384.12,3388.57,3383.57,3383.57,15530,17729.35
1750100400,3382.91,3387.91,3382.91,3387.91,10135,17380.6
1750111200,3388.445,3391.735,3386.735,3391.735,4258,16972.4
1750111200.001,3398.625,3398.625,3393.625,3393.625,9120,16397.6
1750114800,3392.94,3397.94,3392.94,3397.94,3496,15261
1750114800.001,3402.955,3403.4300000000003,3398.4300000000003,3398.4300000000003,17751,15810.45
1750118400,3391.515,3396.515,3391.515,3396.515,13750,15751.55
1750122000,3402.57,3402.57,3397.57,3397.57,4498,15131.4
1750122000.001,3393.315,3398.315,3393.315,3398.315,12604,15212
1750125600,3400.4700000000003,3400.4700000000003,3395.4700000000003,3395.4700000000003,4052,15239.2
1750125600.001,3388.55,3392.7000000000003,3387.7000000000003,3387.7000000000003,21329,15619.8
1750129200,3373.67,3378.67,3373.67,3378.67,5758,15123.45
1750129200.001,3387.73,3392.155,3387.155,3392.155,7884,14525.55
1750132800,3396.3650000000002,3396.3650000000002,3391.3650000000002,3391.3650000000002,13442,13130.7
1750136400,3390.735,3392.64,3387.64,3387.64,18082,13433.3
1750140000,3381.0550000000003,3386.0550000000003,3381.0550000000003,3386.0550000000003,15856,12548.65
1750143600,3391.975,3391.975,3386.975,3386.975,14833,11816.2
1750147200,3377.85,3380.785,3375.785,3380.785,18192,11867.95
1750150800,3385.9700000000003,3390.425,3385.425,3390.425,19159,12107.4
1750154400,3398.8,3400.2000000000003,3395.2000000000003,3395.2000000000003,19304,12451.65
1750158000,3388.3050000000003,3391.665,3386.665,3386.665,25901,12970.2
1750161600,3383.565,3388.565,3383.565,3388.565,36116,14269.25
1750165200,3397.57,3397.57,3392.57,3392.57,9699,14541.3
1750165200.001,3390.6800000000003,3392.21,3387.21,3387.21,35949,15882.75
1750168800,3366.1150000000002,3371.1150000000002,3366.1150000000002,3371.1150000000002,11982,16307.05
1750168800.001,3385.165,3388.4900000000002,3383.4900000000002,3383.4900000000002,19159,16377.45
1750172400,3372.5550000000003,3377.5550000000003,3372.5550000000003,3377.5550000000003,6386,16009.25
1750172400.001,3379.315,3381.725,3376.725,3381.725,14370,16502.85
1750176000,3385.975,3386.3650000000002,3381.3650000000002,3386.3650000000002,19504,16847.85
1750179600,3391.3050000000003,3392.6,3387.6,3387.6,19031,17596.8
1750183200,3382.42,3387.42,3382.42,3387.42,22536,17657.15
1750190400,3390.455,3393.455,3388.455,3393.455,2605,17499.5
1750197600,3395.8650000000002,3395.975,3390.975,3390.975,2813,17245.95
1750197600.001,3388.885,3390.545,3385.545,3385.545,5793,16863.5
1750201200,3385.145,3388.965,3383.965,3383.965,11715,16545.15
1750204800,3383.065,3388.065,3383.065,3388.065,11287,16316.7
1750208400,3388.785,3388.785,3383.785,3383.785,3935,15771.8
1750208400.001,3378.815,3379.06,3374.06,3374.06,11616,15443
1750212000,3370.645,3375.645,3370.645,3375.645,3840,14677.05
1750212000.001,3379.795,3384.335,3379.335,3384.335,13911,14407.4
1750215600,3391.5950000000003,3394.475,3389.475,3394.475,12713,13748
1750219200,3400.11,3400.11,3395.11,3395.11,15927,12738.55
1750222800,3384.32,3386.9700000000003,3381.9700000000003,3381.9700000000003,18046,13155.9
1750226400,3379.505,3382.525,3377.525,3377.525,12388,11977.85
1750230000,3377.1800000000003,3382.1800000000003,3377.1800000000003,3382.1800000000003,3898,11573.65
1750230000.001,3386.215,3388.515,3383.515,3383.515,12660,11248.7
1750233600,3382.6,3385.655,3380.655,3380.655,11257,11492.25
1750237200,3375.5750000000003,3380.5750000000003,3375.5750000000003,3380.5750000000003,13215,11434.5
1750240800,3382.61,3384.005,3379.005,3384.005,15809,11249.75
1750244400,3387.065,3387.065,3382.065,3382.065,14973,11046.85
1750248000,3381.745,3386.745,3381.745,3386.745,5432,10191.65
1750248000.001,3389.9500000000003,3390.71,3385.71,3390.71,25145,11318.65
1750251600,3396.945,3396.945,3391.945,3391.945,41432,13249.6
1750255200,3373.8250000000003,3378.8250000000003,3373.8250000000003,3378.8250000000003,11620,13540.95
1750255200.001,3386.79,3386.79,3381.79,3381.79,9472,13428.8
1750258800,3381.2400000000002,3386.2400000000002,3381.2400000000002,3386.2400000000002,4736,13101.25
1750258800.001,3392.945,3394.85,3389.85,3389.85,27342,14271.6
1750266000,3384.41,3389.41,3384.41,3389.41,23001,14840.85
1750269600,3395.925,3395.925,3390.925,3390.925,10087,15153.2
1750269600.001,3378.475,3379.38,3374.38,3374.38,38731,16394.2
1750273200,3363.005,3367.605,3362.605,3367.605,16629,16590
1750276800,3369.69,3374.3,3369.3,3374.3,7472,16167.25
1750284000,3379.935,3379.935,3374.935,3374.935,7608,15645.35
1750287600,3370.815,3375.815,3370.815,3375.815,11963,15624.1
1750291200,3383.4300000000003,3384.535,3379.535,3384.535,16146,16236.5
1750294800,3388.175,3388.175,3383.175,3383.175,6407,15923.85
1750294800.001,3374.61,3379.1800000000003,3374.1800000000003,3379.1800000000003,14680,16095
1750298400,3379.59,3379.59,3374.59,3374.59,11139,15991.2
1750302000,3369.7400000000002,3374.7400000000002,3369.7400000000002,3374.7400000000002,7629,15582.2
1750305600,3375.26,3375.455,3370.455,3370.455,14075,15537.3
1750309200,3360.295,3364.8250000000003,3359.8250000000003,3359.8250000000003,33719,16951.65
1750312800,3347.53,3352.53,3347.53,3352.53,9855,16187.15
1750312800.001,3357.455,3357.46,3352.46,3352.46,12879,14759.5
1750316400,3350.79,3355.79,3350.79,3355.79,6439,14500.45
1750316400.001,3369.225,3369.225,3364.225,3364.225,15183,14786
1750320000,3362.34,3367.34,3362.34,3367.34,4372,14767.8
1750320000.001,3371.775,3371.775,3366.775,3366.775,12080,14004.7
1750323600,3363.66,3368.66,3363.66,3368.66,3854,13047.35
1750323600.001,3373.84,3374.145,3369.145,3374.145,14142,13250.1
1750327200,3379.1800000000003,3379.1800000000003,3374.1800000000003,3374.1800000000003,14051,12016.1
1750330800,3370.455,3372.66,3367.66,3367.66,15888,11979.05
1750334400,3363.84,3368.0550000000003,3363.0550000000003,3363.0550000000003,15121,12361.5
1750338000,3361.525,3366.525,3361.525,3366.525,5503,12256.25
1750338000.001,3373.005,3373.005,3368.005,3368.005,20508,12683.5
1750341600,3361.695,3366.695,3361.695,3366.695,18072,12779.8
1750345200,3372.245,3372.245,3367.245,3367.245,9445,12931.7
1750348800,3366.11,3371.11,3366.11,3371.11,2543,12324.85
1750348800.001,3371.78,3375.625,3370.625,3370.625,10229,12279.35
1750352400,3365.9300000000003,3370.9300000000003,3365.9300000000003,3370.9300000000003,4610,12128.4
1750356000,3371.535,3371.535,3366.535,3366.535,6266,11737.95
1750370400,3362.1,3367.1,3362.1,3367.1,8932,10498.6
1750374000,3370.565,3370.565,3365.565,3365.565,11820,10596.85
1750377600,3364.69,3368.38,3363.38,3363.38,18194,10862.6
1750381200,3356.15,3360.69,3355.69,3355.69,20664,11573.85
1750384800,3351.64,3352.5750000000003,3347.5750000000003,3347.5750000000003,15500,11589.7
1750388400,3344.675,3349.675,3344.675,3349.675,5142,11628.2
1750388400.001,3356.465,3357.82,3352.82,3352.82,10596,11554
1750392000,3352.5550000000003,3355.27,3350.27,3350.27,14398,12081.2
1750395600,3342.725,3345.415,3340.415,3345.415,19768,12362.5
1750399200,3348.835,3348.835,3343.835,3343.835,13667,12343.3
1750402800,3343.44,3348.44,3343.44,3348.44,4237,11760.75
1750402800.001,3355.4300000000003,3355.4300000000003,3350.4300000000003,3350.4300000000003,4237,11216.55
1750402800.002,3347.725,3351.8050000000003,3346.8050000000003,3351.8050000000003,9601,11421.45
1750406400,3352.5950000000003,3354.31,3349.31,3354.31,12898,11040.95
1750410000,3359.27,3359.27,3354.27,3354.27,24281,11351.4
1750417200,3346.39,3350.8250000000003,3345.8250000000003,3345.8250000000003,21602,11959.25
1750420800,3341.9,3346.9,3341.9,3346.9,33416,13502.9
1750424400,3373.875,3374.63,3369.63,3369.63,32724,14627.65
1750428000,3365.285,3370.285,3365.285,3370.285,19652,15379.75
1750431600,3371.895,3372.885,3367.885,3372.885,12801,15706.5
1750435200,3373.4700000000003,3373.4700000000003,3368.4700000000003,3368.4700000000003,11169,15818.35
1750438800,3366.635,3369.685,3364.685,3369.685,15033,15979
1750446000,3370.8050000000003,3370.8050000000003,3365.8050000000003,3365.8050000000003,2125,15175.55
1750446000.001,3364.92,3369.73,3364.73,3369.73,11325,14708.6
1750629600,3383.8250000000003,3388.8250000000003,3383.8250000000003,3388.8250000000003,4261,14146.65
1750629600.001,3389.2200000000003,3389.2200000000003,3384.2200000000003,3384.2200000000003,4260,14102.55
1750629600.002,3372.19,3377.19,3372.19,3377.19,4260,13785.75
1750629600.003,3379.265,3380.7000000000003,3375.7000000000003,3375.7000000000003,10792,13605.45
1750633200,3371.315,3373.6150000000002,3368.6150000000002,3368.6150000000002,22645,13749.3
1750636800,3358.32,3363.32,3358.32,3363.32,6349,13383.4
1750636800.001,3365.77,3368.1800000000003,3363.1800000000003,3363.1800000000003,24738,14408.45
1750640400,3351.935,3356.935,3351.935,3356.935,20833,15238.25
1750644000,3364.965,3365.4500000000003,3360.4500000000003,3365.4500000000003,15530,15534.7
1750647600,3366.445,3366.445,3361.445,3361.445,10477,15413.65
1750651200,3356.905,3360.685,3355.685,3355.685,17587,15078.95
1750654800,3347.035,3352.035,3347.035,3352.035,5117,14254.7
1750654800.001,3356.85,3357.75,3352.75,3357.75,13770,13272.4
1750658400,3359.98,3359.98,3354.98,3354.98,17699,12521.15
1750662000,3351.695,3356.695,3351.695,3356.695,4369,11757
1750662000.001,3357.66,3362.66,3357.66,3362.66,31295,12681.7
1750669200,3369.145,3369.145,3364.145,3364.145,11180,12682.25
1750672800,3364.0550000000003,3369.0550000000003,3364.0550000000003,3369.0550000000003,25055,13183.35
1750676400,3382.15,3382.15,3377.15,3377.15,27321,14443.15
1750680000,3355.935,3360.935,3355.935,3360.935,36505,15702.15
1750683600,3387.895,3387.895,3382.895,3382.895,9821,15980.15
1750683600.001,3380.775,3380.775,3375.775,3375.775,20573,16795.8
1750687200,3369.88,3374.88,3369.88,3374.88,10286,17097.1
1750687200.001,3386.8250000000003,3389.625,3384.625,3389.625,27397,17927.35
1750690800,3389.905,3389.905,3384.905,3384.905,20125,17801.35
1750694400,3380.405,3385.405,3380.405,3385.405,7210,17844.4
1750694400.001,3393.64,3393.64,3388.64,3388.64,28488,18031.9
1750698000,3375.6150000000002,3380.6150000000002,3375.6150000000002,3380.6150000000002,7092,17344.85
1750698000.001,3382.545,3387.545,3382.545,3387.545,9502,17043.45
1750701600,3388.145,3388.145,3383.145,3383.145,4751,16757.15
1750701600.001,3376.8650000000002,3381.8650000000002,3376.8650000000002,3381.8650000000002,13057,16530.65
1750705200,3382.205,3382.205,3377.205,3377.205,4152,16482.4
1750705200.001,3375.665,3377.41,3372.41,3372.41,9234,16255.6
1750708800,3367.3250000000003,3369.2000000000003,3364.2000000000003,3364.2000000000003,4761,15608.7
1750716000,3358.435,3363.435,3358.435,3363.435,3068,15543.65
1750716000.001,3363.9,3363.9,3358.9,3358.9,3068,14132.3
1750716000.002,3350.4500000000003,3355.4500000000003,3350.4500000000003,3355.4500000000003,3068,13726.7
1750716000.003,3355.54,3357.5,3352.5,3352.5,16127,13280.3
1750719600,3341.52,3344.4900000000002,3339.4900000000002,3339.4900000000002,20863,12957.4
1750723200,3333.28,3338.28,3333.28,3338.28,7743,11519.3
1750723200.001,3355.335,3355.335,3350.335,3350.335,32479,12652.2
1750726800,3342.245,3347.245,3342.245,3347.245,8245,12035.8
1750726800.001,3347.77,3351.06,3346.06,3351.06,12177,12130.35
1750730400,3352.96,3356.66,3351.66,3356.66,13420,11431.5
1750734000,3357.955,3357.955,3352.955,3352.955,3120,10581.25
1750734000.001,3352.4900000000002,3353.52,3348.52,3348.52,7958,10618.65
1750737600,3347.105,3348.8650000000002,3343.8650000000002,3343.8650000000002,22587,10323.6
1750741200,3326.7200000000003,3331.7200000000003,3326.7200000000003,3331.7200000000003,6645,10301.25
1750741200.001,3332.12,3333.255,3328.255,3328.255,27646,11208.45
1750744800,3316.0750000000003,3321.0750000000003,3316.0750000000003,3321.0750000000003,9215,11431.65
1750744800.001,3322.9500000000003,3322.9500000000003,3317.9500000000003,3317.9500000000003,15524,11555
1750748400,3316.63,3321.63,3316.63,3321.63,7762,11735.5
1750748400.001,3331.86,3332.375,3327.375,3327.375,24111,12479.35
1750752000,3324.695,3328.875,3323.875,3323.875,20134,13248
1750755600,3317.98,3322.98,3317.98,3322.98,14695,13829.35
1750759200,3327.735,3329.035,3324.035,3324.035,16165,14484.2
1750762800,3317.965,3321.25,3316.25,3316.25,29567,15809.15
1750766400,3304.48,3309.48,3304.48,3309.48,8422,15423.9
1750766400.001,3314.8250000000003,3317.96,3312.96,3312.96,35394,16150.45
1750770000,3295.315,3300.315,3295.315,3300.315,11797,16353.15
1750770000.001,3302.12,3303.645,3298.645,3303.645,31306,16294.5
1750773600,3310.41,3310.41,3305.41,3305.41,10435,16404
1750773600.001,3304.515,3304.8450000000003,3299.8450000000003,3304.8450000000003,22180,16904.15
1750777200,3317.1150000000002,3317.1150000000002,3312.1150000000002,3312.1150000000002,15740,17020.15
1750780800,3311.385,3316.385,3311.385,3316.385,4173,17072.8
1750780800.001,3320.495,3321.295,3316.295,3316.295,29011,18125.45
1750788000,3315.73,3320.73,3315.73,3320.73,14669,17729.55
1750791600,3325.38,3325.9700000000003,3320.9700000000003,3325.9700000000003,23478,18571.2
1750809600,3330.0950000000003,3331.4900000000002,3326.4900000000002,3331.4900000000002,15447,17961.25
1750813200,3334.905,3335.335,3330.335,3330.335,13936,18197.3
1750816800,3327.87,3332.16,3327.16,3327.16,17619,18302.05
1750824000,3325.87,3330.87,3325.87,3330.87,8493,18338.6
1750827600,3333.785,3334,3329,3334,22959,18281
1750834800,3337.205,3337.205,3332.205,3332.205,4242,17486.4
1750834800.001,3326.775,3331.775,3326.775,3331.775,11084,17305.85
1750838400,3332.455,3332.455,3327.455,3327.455,3421,16668.65
1750838400.001,3326.515,3327.355,3322.355,3322.355,13828,15881.7
1750842000,3321.5,3326.5,3321.5,3326.5,9300,15925.6
1750845600,3329.625,3329.625,3324.625,3324.625,2915,14301.65
1750845600.001,3324.145,3329.145,3324.145,3329.145,9827,14203.15
1750849200,3329.55,3329.55,3324.55,3324.55,3455,12810.6
1750849200.001,3322.21,3327.21,3322.21,3327.21,11627,12870.2
1750852800,3329.475,3329.475,3324.475,3324.475,4085,11965.45
1750852800.001,3318.2200000000003,3321.675,3316.675,3316.675,24959,12426.4
1750856400,3312.0550000000003,3317.0550000000003,3312.0550000000003,3317.0550000000003,26950,13565.25
1750860000,3326.405,3326.725,3321.725,3326.725,18198,13024.6
1750863600,3327.225,3329.195,3324.195,3329.195,17701,13176.2
1750867200,3335.2200000000003,3335.425,3330.425,3330.425,20621,13033.35
1750870800,3324.81,3329.81,3324.81,3329.81,15491,13035.55
1750874400,3331.87,3335.4900000000002,3330.4900000000002,3335.4900000000002,14875,13082.5
1750878000,3336.15,3336.395,3331.395,3336.395,18016,13102.35
1750892400,3340.3250000000003,3340.3250000000003,3335.3250000000003,3335.3250000000003,11558,13255.6
1750896000,3332.175,3336.84,3331.84,3331.84,17591,12987.2
1750899600,3329.3,3334.3,3329.3,3334.3,15995,13574.85
1750903200,3341.9500000000003,3343.255,3338.255,3338.255,12326,13636.95
1750906800,3336.435,3338.245,3333.245,3333.245,17407,14336.25
1750914000,3332.5,3337.5,3332.5,3337.5,3152,13802.45
1750914000.001,3338.42,3338.42,3333.42,3333.42,12128,13943.85
1750917600,3331.025,3336.025,3331.025,3336.025,4487,14022.45
1750917600.001,3340.5,3344.67,3339.67,3344.67,17757,14418.95
1750921200,3347.1800000000003,3349.465,3344.465,3349.465,18610,15176.7
1750924800,3350.415,3350.415,3345.415,3345.415,21300,15660.35
1750928400,3338.8450000000003,3343.025,3338.025,3343.025,16315,16271.85
1750932000,3343.51,3344.175,3339.175,3339.175,16688,15858.3
1750935600,3331.58,3336.58,3331.58,3336.58,19753,15498.45
1750939200,3344.15,3344.15,3339.15,3339.15,7695,14973.3
1750939200.001,3321.6800000000003,3326.6800000000003,3321.6800000000003,3326.6800000000003,33175,15747
1750942800,3328.75,3328.75,3323.75,3323.75,12740,15352.95
1750942800.001,3309.9900000000002,3314.9900000000002,3309.9900000000002,3314.9900000000002,12740,15215.4
1750942800.002,3319.985,3323.94,3318.94,3318.94,28965,15919.9
1750946400,3311.985,3316.985,3311.985,3316.985,9654,15501.8
1750946400.001,3318.44,3323.395,3318.395,3323.395,14754,15661.6
1750950000,3325.03,3328.8450000000003,3323.8450000000003,3328.8450000000003,18735,15718.8
1750953600,3333.415,3336.25,3331.25,3336.25,16345,15736.3
1750957200,3336.55,3336.55,3331.55,3331.55,9848,15612.4
1750960800,3331.28,3334.94,3329.94,3329.94,18563,15670.2
1750964400,3328.42,3332.4300000000003,3327.4300000000003,3327.4300000000003,9422,15983.7
1750975200,3325.33,3325.37,3320.37,3320.37,2403,15497.45
1750975200.001,3318.835,3323.765,3318.765,3318.765,6519,15599.05
1750978800,3316.295,3318.79,3313.79,3313.79,8903,15156.35
1750982400,3313.3,3318.3,3313.3,3318.3,3565,14404.1
1750982400.001,3320.04,3322.1800000000003,3317.1800000000003,3317.1800000000003,18538,14266
1750986000,3314.9900000000002,3319.9900000000002,3314.9900000000002,3319.9900000000002,14030,14151.75
1750989600,3320.445,3320.445,3315.445,3315.445,4520,13543.35
1750989600.001,3308.61,3311.025,3306.025,3306.025,22874,13699.4
1750993200,3292.665,3297.63,3292.63,3292.63,16609,14145.1
1750996800,3291.16,3294.3250000000003,3289.3250000000003,3294.3250000000003,21470,13559.85
1751000400,3301.015,3301.015,3296.015,3296.015,26664,14256.05
1751004000,3286.9300000000003,3291.9300000000003,3286.9300000000003,3291.9300000000003,6891,13963.6
1751004000.001,3295.12,3295.465,3290.465,3290.465,20688,13549.75
1751007600,3283.52,3286.9,3281.9,3286.9,23528,14243.45
1751011200,3291.165,3291.165,3286.165,3286.165,20455,14528.5
1751014800,3282.23,3284.8050000000003,3279.8050000000003,3284.8050000000003,18182,14500.85
1751018400,3291.07,3291.07,3286.07,3286.07,4403,13903.75
1751018400.001,3285.7400000000002,3288.035,3283.035,3283.035,13956,14109.15
1751022000,3276.19,3281.19,3276.19,3281.19,4652,13413.6
1751022000.001,3281.4700000000003,3282.415,3277.415,3277.415,26750,14280
1751025600,3269.55,3270.295,3265.295,3265.295,35593,15939.5
1751029200,3255.85,3260.85,3255.85,3260.85,13338,16280.45
1751029200.001,3274.53,3278.235,3273.235,3273.235,44559,18063.25
1751032800,3263.665,3268.665,3263.665,3268.665,10407,18405.35
1751032800.001,3272.51,3276.035,3271.035,3276.035,17975,18377.2
1751036400,3277.61,3278.42,3273.42,3278.42,19532,18652.3
1751040000,3278.685,3282.705,3277.705,3282.705,14769,19164.75
1751043600,3282.94,3282.94,3277.94,3277.94,5128,18277.45
1751043600.001,3272.77,3277.77,3272.77,3277.77,14883,18191.15
1751047200,3278.495,3278.495,3273.495,3273.495,4877,17361.5
1751047200.001,3270.6,3275.6,3270.6,3275.6,4877,16272.15
1751047200.002,3275.86,3276.685,3271.685,3271.685,14530,16654.1
1751050800,3268.4300000000003,3273.4300000000003,3268.4300000000003,3273.4300000000003,9440,16091.7
1751054400,3275.585,3275.585,3270.585,3270.585,13301,15580.35
1751234400,3244.415,3249.415,3244.415,3249.415,3922,14753.7
1751234400.001,3263.855,3268.855,3263.855,3268.855,4483,14068.75
1751238000,3270.98,3270.98,3265.98,3265.98,2241,13960.65
1751238000.001,3262.875,3267.695,3262.695,3267.695,10495,13787.6
1751241600,3269.91,3269.91,3264.91,3264.91,2751,13692.55
1751241600.001,3264.57,3264.57,3259.57,3259.57,12330,12971.55
1751245200,3259.39,3264.39,3259.39,3264.39,6165,11500.15
1751245200.001,3276.1,3278.725,3273.725,3278.725,17690,11717.75
1751248800,3283.385,3283.385,3278.385,3278.385,11519,10065.75
1751252400,3277.965,3282,3277,3282,8091,9949.95
1751256000,3286.48,3289.69,3284.69,3289.69,10987,9600.55
1751259600,3291.545,3292.94,3287.94,3292.94,13710,9309.45
1751263200,3295.66,3295.835,3290.835,3295.835,13958,9268.9
1751266800,3296.83,3296.83,3291.83,3291.83,12633,9644.15
1751270400,3288.165,3289.21,3284.21,3284.21,17236,9761.8
1751274000,3277.48,3282.48,3277.48,3282.48,4726,9754.25
1751274000.001,3287.935,3288.92,3283.92,3283.92,8408,9930.8
1751277600,3282.52,3283.8650000000002,3278.8650000000002,3278.8650000000002,14303,9919.45
1751281200,3274.625,3279.625,3274.625,3279.625,19916,10443.25
1751284800,3289.0750000000003,3289.0750000000003,3284.0750000000003,3284.0750000000003,5361,10046.25
1751284800.001,3282.155,3282.975,3277.975,3282.975,22141,10957.2
1751288400,3287.205,3287.205,3282.205,3282.205,20060,11736.05
1751292000,3279.255,3284.255,3279.255,3284.255,6340,11941
1751292000.001,3289.67,3289.67,3284.67,3284.67,15596,12196.05
1751295600,3283.81,3288.81,3283.81,3288.81,4628,12289.9
1751295600.001,3290.8050000000003,3294.12,3289.12,3294.12,15784,12462.6
1751299200,3297.5750000000003,3298.64,3293.64,3293.64,14923,12900.5
1751302800,3292.14,3297.14,3292.14,3297.14,12329,12632.45
1751306400,3299.675,3303.125,3298.125,3303.125,15115,12812.25
1751310000,3309.645,3309.645,3304.645,3304.645,8481,12831.75
1751313600,3302.3650000000002,3307.3650000000002,3302.3650000000002,3307.3650000000002,6480,12606.4
1751320800,3314.59,3314.59,3309.59,3309.59,5166,12179.2
1751324400,3308.65,3313.65,3308.65,3313.65,10381,12000.35
1751328000,3314.96,3318.9900000000002,3313.9900000000002,3318.9900000000002,16007,12169.05
1751331600,3321.06,3321.06,3316.06,3316.06,14401,12027.3
1751335200,3314.52,3319.52,3314.52,3319.52,10998,12340.9
1751338800,3322.76,3323.995,3318.995,3323.995,23439,13092.45
1751346000,3332.395,3332.395,3327.395,3327.395,12694,13012
1751349600,3325.1150000000002,3330.1150000000002,3325.1150000000002,3330.1150000000002,4497,12241.05
1751349600.001,3334.63,3335.9,3330.9,3335.9,19914,12968.7
1751353200,3339.9900000000002,3341.885,3336.885,3341.885,15694,12646.35
1751356800,3342.5,3343.31,3338.31,3343.31,20210,12653.85
1751360400,3348.155,3349.4700000000003,3344.4700000000003,3349.4700000000003,18449,13259.3
1751364000,3349.755,3352.07,3347.07,3352.07,19129,13435.95
1751367600,3353.025,3353.395,3348.395,3353.395,25447,14476.9
1751371200,3358.085,3358.085,3353.085,3353.085,32655,15320.45
1751374800,3344.5,3349.5,3344.5,3349.5,8607,15004.65
1751374800.001,3351.8050000000003,3354.535,3349.535,3349.535,29946,15885.5
1751378400,3343.755,3346.78,3341.78,3341.78,37074,16983.45
1751382000,3337.045,3342.045,3337.045,3342.045,25792,17849
1751385600,3343.6150000000002,3343.6150000000002,3338.6150000000002,3338.6150000000002,21131,18581.55
1751389200,3337.05,3341.92,3336.92,3341.92,45846,20615.55
1751407200,3343.84,3343.84,3338.84,3338.84,7006,20446.8
1751410800,3336.815,3339.6150000000002,3334.6150000000002,3339.6150000000002,18025,20547.7
1751414400,3345.045,3345.045,3340.045,3340.045,5415,20098.4
1751414400.001,3339.025,3342.955,3337.955,3337.955,18137,20455.35
1751418000,3331.0550000000003,3333.6150000000002,3328.6150000000002,3333.6150000000002,20066,20286.7
1751421600,3338.255,3339.965,3334.965,3339.965,16109,20457.45
1751425200,3342.23,3344.015,3339.015,3339.015,22006,21332.9
1751432400,3336.655,3339.42,3334.42,3334.42,18669,21270.65
1751436000,3329.885,3333.495,3328.495,3328.495,15558,21263.85
1751439600,3327.655,3332.655,3327.655,3332.655,5246,20515.65
1751439600.001,3336.915,3338.065,3333.065,3333.065,16102,20398.3
1751443200,3333.005,3338.005,3333.005,3338.005,17231,20303.4
1751446800,3342.3050000000003,3345.67,3340.67,3345.67,13541,19708.1
1751450400,3345.83,3347.8250000000003,3342.8250000000003,3342.8250000000003,15837,18867.2
1751454000,3339.82,3342.9500000000003,3337.9500000000003,3342.9500000000003,32711,20072.4
1751457600,3351.245,3351.245,3346.245,3346.245,43048,20727.5
1751461200,3335.025,3338.965,3333.965,3338.965,32246,20486.1
1751464800,3343.62,3343.84,3338.84,3338.84,20173,20205.15
1751468400,3338.745,3343.745,3338.745,3343.745,15099,19903.55
1751472000,3349.355,3352.44,3347.44,3352.44,20999,18661.2
1751479200,3355.265,3359.635,3354.635,3359.635,18771,19249.45
1751486400,3360.13,3360.625,3355.625,3360.625,6360,18666.2
1751493600,3365.92,3365.92,3360.92,3360.92,9663,18878.6
1751497200,3348.905,3349.955,3344.955,3344.955,12629,18603.2
1751500800,3343.52,3347.015,3342.015,3347.015,15717,18385.75
1751504400,3348.295,3350.8050000000003,3345.8050000000003,3350.8050000000003,13915,18276.05
1751508000,3351.535,3351.5950000000003,3346.5950000000003,3346.5950000000003,11271,17739.3
1751511600,3345.5,3350.5,3345.5,3350.5,9216,17266.65
1751515200,3351.895,3355.185,3350.185,3355.185,14444,17210.95
1751518800,3360.54,3361.535,3356.535,3361.535,17416,17819.45
1751522400,3363.755,3363.755,3358.755,3358.755,17209,17874.8
1751526000,3352.5750000000003,3356.775,3351.775,3356.775,13528,17689.65
1751529600,3358.41,3358.41,3353.41,3353.41,15000,17762.6
1751533200,3343.94,3348.94,3343.94,3348.94,13526,17647.05
1751536800,3355.545,3355.545,3350.545,3350.545,13008,16661.9
1751540400,3343.135,3348.135,3343.135,3348.135,30576,16038.3
1751544000,3352.3650000000002,3352.3650000000002,3347.3650000000002,3347.3650000000002,13650,15108.5
1751544000.001,3311.625,3316.625,3311.625,3316.625,13650,14782.35
1751544000.002,3324.525,3327.165,3322.165,3327.165,38865,15970.65
1751547600,3338.59,3338.59,3333.59,3333.59,12955,15568.45
1751547600.001,3332.3,3334.725,3329.725,3329.725,27909,16025.35
1751551200,3323.58,3328.06,3323.06,3328.06,22401,16827.4
1751554800,3331.565,3331.565,3326.565,3326.565,11098,16899.15
1751558400,3325.82,3330.82,3325.82,3330.82,3366,16436
1751558400.001,3334.755,3334.89,3329.89,3329.89,8860,16093.15
1751562000,3328.895,3330.31,3325.31,3325.31,9947,15894.75
1751572800,3325.255,3328.66,3323.66,3328.66,2617,15462.05
1751580000,3329.76,3332.11,3327.11,3327.11,16962,15849.35
1751587200,3325.9300000000003,3330.9300000000003,3325.9300000000003,3330.9300000000003,14898,15872.05
1751590800,3334.435,3334.435,3329.435,3329.435,12254,15613.95
1751594400,3327.175,3331.235,3326.235,3331.235,10364,15271.7
1751598000,3339.065,3343.105,3338.105,3343.105,34620,16326.3
1751608800,3345.175,3345.175,3340.175,3340.175,12274,16190
1751612400,3336.4500000000003,3341.4500000000003,3336.4500000000003,3341.4500000000003,4183,15722.85
1751612400.001,3343.8050000000003,3344.295,3339.295,3339.295,23509,16247.9
1751619600,3332.96,3336.52,3331.52,3336.52,13901,15414.15
1751623200,3338.185,3338.185,3333.185,3333.185,26062,16034.75
1751630400,3331.455,3336.455,3331.455,3336.455,13592,16031.85
1751634000,3338.0950000000003,3338.0950000000003,3333.0950000000003,3333.0950000000003,4664,14321.8
1751634000.001,3332.335,3335.87,3330.87,3335.87,30112,15179.65
1751644800,3337.59,3341.6150000000002,3336.6150000000002,3341.6150000000002,4019,13985.15
1751839200,3342.0750000000003,3342.0750000000003,3337.0750000000003,3337.0750000000003,1343,12932.25
1751839200.001,3332.485,3334.63,3329.63,3329.63,8435,12799.1
1751842800,3326.25,3329.77,3324.77,3324.77,13774,13319.5
1751846400,3321.8450000000003,3326.8450000000003,3321.8450000000003,3326.8450000000003,19203,13836.65
1751850000,3327.86,3327.86,3322.86,3322.86,7700,13724.3
1751850000.001,3306.785,3311.785,3306.785,3311.785,7699,13978.4
1751850000.002,3316.655,3317.82,3312.82,3312.82,14172,13838.9
1751853600,3305.965,3310.965,3305.965,3310.965,16828,13935.4
1751857200,3315.37,3315.37,3310.37,3310.37,15653,14105.35
1751860800,3305.245,3310.245,3305.245,3310.245,19061,14540.2
1751864400,3315.21,3315.29,3310.29,3310.29,20869,13852.65
1751868000,3308.4500000000003,3313.335,3308.335,3308.335,18430,14160.45
1751871600,3300.765,3305.765,3300.765,3305.765,17952,14848.9
1751875200,3312.86,3312.86,3307.86,3307.86,17205,14533.7
1751878800,3306.1800000000003,3310.76,3305.76,3305.76,22321,14954.7
1751882400,3296.28,3301.28,3296.28,3301.28,6031,13953.15
1751882400.001,3302.175,3307.175,3302.175,3307.175,12528,13899.95
1751886000,3307.635,3307.635,3302.635,3302.635,6263,13979.9
1751886000.001,3299.815,3304.815,3299.815,3304.815,30251,13986.85
1751889600,3312.795,3312.795,3307.795,3307.795,24302,15001
1751893200,3306.225,3311.225,3306.225,3311.225,8153,15341.5
1751893200.001,3317.21,3318.29,3313.29,3318.29,28261,16332.8
1751896800,3321.455,3321.455,3316.455,3316.455,13297,16308.95
1751900400,3316.195,3321.195,3316.195,3321.195,3297,15513.65
1751900400.001,3322.135,3325.23,3320.23,3325.23,22533,16255.3
1751904000,3328.16,3332.4500000000003,3327.4500000000003,3332.4500000000003,24162,17078.45
1751907600,3335.92,3335.92,3330.92,3330.92,17658,17252.75
1751911200,3328.62,3333.62,3328.62,3333.62,5871,16704.9
1751911200.001,3335.8450000000003,3339.4300000000003,3334.4300000000003,3339.4300000000003,20237,16934.1
1751914800,3340.4700000000003,3340.53,3335.53,3340.53,12116,16586.85
1751925600,3345.955,3345.955,3340.955,3340.955,1273,15607.05
1751925600.001,3339.01,3340.165,3335.165,3335.165,7703,15070.7
1751929200,3333.88,3337.3650000000002,3332.3650000000002,3332.3650000000002,21022,15224.2
1751932800,3331.3,3334.7400000000002,3329.7400000000002,3334.7400000000002,25496,15638.75
1751936400,3337.0950000000003,3338.15,3333.15,3333.15,18450,15445.2
1751940000,3332.875,3335.565,3330.565,3330.565,11432,15715.25
1751943600,3329.7000000000003,3332.8450000000003,3327.8450000000003,3327.8450000000003,10583,15618
1751947200,3327.405,3332.405,3327.405,3332.405,14547,16032.2
1751950800,3336.625,3336.625,3331.625,3331.625,12268,15133.05
1751954400,3330.785,3335.785,3330.785,3335.785,4160,14125.95
1751954400.001,3336.125,3339.59,3334.59,3334.59,17344,14585.5
1751958000,3330.5950000000003,3333.9300000000003,3328.9300000000003,3328.9300000000003,20900,14217.45
1751961600,3323.405,3326.8450000000003,3321.8450000000003,3321.8450000000003,18228,14464
1751965200,3321.185,3325.58,3320.58,3325.58,14015,14999.9
1751968800,3327.125,3327.125,3322.125,3322.125,10101,14378.3
1751972400,3320.035,3325.035,3320.035,3325.035,3421,13341.25
1751972400.001,3327.565,3329.745,3324.745,3329.745,15853,13251
1751976000,3329.935,3329.935,3324.935,3324.935,31907,14552.8
1751979600,3314.86,3315.955,3310.955,3310.955,48360,15958.95
1751983200,3294.435,3296.67,3291.67,3291.67,31303,16918.3
1751986800,3287.11,3292.11,3287.11,3292.11,9134,17311.35
1751986800.001,3300.375,3300.9300000000003,3295.9300000000003,3300.9300000000003,31049,18478.65
1751990400,3301.655,3304.37,3299.37,3304.37,28614,18858.25
1751994000,3310.525,3310.525,3305.525,3305.525,19103,18538.6
1751997600,3300.6800000000003,3305.6800000000003,3300.6800000000003,3305.6800000000003,9557,18093.95
1752001200,3306.235,3306.235,3301.235,3301.235,7397,17892.2
1752004800,3299.4300000000003,3304.12,3299.12,3299.12,5910,17658.55
1752015600,3297.29,3302.29,3297.29,3302.29,1511,17006.75
1752015600.001,3303.965,3306.925,3301.925,3306.925,11949,16990.8
1752019200,3308.145,3308.145,3303.145,3303.145,15590,17562.3
1752022800,3299.385,3303.035,3298.035,3298.035,19378,17664
1752026400,3286.3250000000003,3289.98,3284.98,3289.98,17492,17493.6
1752030000,3294.775,3296.27,3291.27,3296.27,11864,17175.4
1752033600,3296.4900000000002,3297.885,3292.885,3292.885,14840,17216.65
1752037200,3289.08,3290.65,3285.65,3290.65,16591,17541.15
1752040800,3292.88,3296.1,3291.1,3291.1,18294,18284.8
1752044400,3288.34,3292.73,3287.73,3287.73,17696,18376.95
1752048000,3282.665,3287.665,3282.665,3287.665,11924,17377.8
1752051600,3290.515,3293.31,3288.31,3293.31,9916,15455.6
1752055200,3296.04,3296.04,3291.04,3291.04,12077,14494.3
1752058800,3283.295,3288.295,3283.295,3288.295,18874,14981.3
1752062400,3297.5950000000003,3297.5950000000003,3292.5950000000003,3292.5950000000003,22979,14577.8
1752066000,3291.94,3296.94,3291.94,3296.94,8877,13590.95
1752066000.001,3305.3450000000003,3305.3450000000003,3300.3450000000003,3300.3450000000003,8877,13079.65
1752066000.002,3300.3050000000003,3304.5750000000003,3299.5750000000003,3304.5750000000003,26514,13927.5
1752069600,3313.035,3313.035,3308.035,3308.035,25338,14824.55
1752073200,3306.405,3311.405,3306.405,3311.405,18193,15438.7
1752076800,3313.385,3314.69,3309.69,3309.69,18896,16307.95
1752080400,3308.25,3313.105,3308.105,3313.105,18837,16652.35
1752084000,3313.77,3316.025,3311.025,3316.025,16726,16709.15
1752087600,3316.9900000000002,3316.9900000000002,3311.9900000000002,3311.9900000000002,5821,16031.3
1752091200,3311.67,3316.67,3311.67,3316.67,3221,15317.75
1752098400,3321.295,3321.295,3316.295,3316.295,4987,14973.9
1752102000,3315.84,3320.84,3315.84,3320.84,12105,14837.15
1752105600,3322.09,3322.09,3317.09,3317.09,13017,14658.45
1752109200,3316.54,3321.54,3316.54,3321.54,4719,13979.7
1752109200.001,3326.39,3326.39,3321.39,3321.39,13262,13758
1752112800,3318.165,3320.2400000000002,3315.2400000000002,3315.2400000000002,17035,14013.55
1752120000,3314.84,3319.84,3314.84,3319.84,2188,13627.15
1752120000.001,3322.605,3325.745,3320.745,3325.745,23370,14191.8
1752127200,3328.565,3329.545,3324.545,3324.545,12696,13882.9
1752130800,3319.895,3324.895,3319.895,3324.895,10312,13249.55
1752134400,3330.275,3330.36,3325.36,3325.36,8686,13240
1752138000,3323.34,3328.34,3323.34,3328.34,7310,13161.65
1752141600,3328.8250000000003,3328.8250000000003,3323.8250000000003,3323.8250000000003,2606,11966.25
1752141600.001,3322.3050000000003,3327.3050000000003,3322.3050000000003,3327.3050000000003,9903,11194.5
1752145200,3330.3250000000003,3330.3250000000003,3325.3250000000003,3325.3250000000003,3648,10467.25
1752145200.001,3318.3650000000002,3322.94,3317.94,3322.94,17817,10413.3
1752148800,3326.1800000000003,3328.815,3323.815,3328.815,24262,10684.55
1752152400,3329.6150000000002,3329.6150000000002,3324.6150000000002,3324.6150000000002,9770,10336.75
1752152400.001,3312.01,3315.175,3310.175,3315.175,33762,11733.8
1752156000,3321.78,3321.78,3316.78,3316.78,7997,11972.6
1752156000.001,3315.065,3319.745,3314.745,3319.745,12892,12367.85
1752159600,3321.685,3321.685,3316.685,3316.685,14894,12507.3
1752163200,3312.25,3317.25,3312.25,3317.25,9284,12320.65
1752166800,3318.63,3321.505,3316.505,3321.505,10640,12616.7
1752170400,3321.985,3326.56,3321.56,3326.56,21675,13037.35
1752184800,3326.83,3326.915,3321.915,3326.915,21460,13258.6
1752192000,3336.192,3336.192,3331.192,3331.192,4864,13392.4
1752192000.001,3330.61,3331.695,3326.695,3326.695,14538,12950.8
1752195600,3325.17,3330.17,3325.17,3330.17,15527,13092.35
1752199200,3335.1150000000002,3336.12,3331.12,3331.12,23801,13766.8
1752206400,3329.79,3334.79,3329.79,3334.79,20333,14349.15
1752210000,3341.8050000000003,3341.8050000000003,3336.8050000000003,3336.8050000000003,5681,14267.7
1752210000.001,3334.17,3339.17,3334.17,3339.17,14628,14868.8
1752213600,3344.13,3344.13,3339.13,3339.13,7314,14739.35
1752213600.001,3332.21,3336.245,3331.245,3336.245,27860,15949.95
1752217200,3342.385,3343.855,3338.855,3338.855,29705,16544.35
1752220800,3332.815,3337.815,3332.815,3337.815,24569,16559.7
1752224400,3340.03,3344.495,3339.495,3344.495,26023,17372.35
1752228000,3348.41,3348.41,3343.41,3343.41,20713,16719.9
1752231600,3342.045,3347.045,3342.045,3347.045,6961,16668.1
1752231600.001,3350.33,3350.33,3345.33,3345.33,25017,17274.35
1752235200,3344.185,3349.185,3344.185,3349.185,9028,16981.05
1752235200.001,3357.205,3359.4300000000003,3354.4300000000003,3354.4300000000003,52805,19157.1
1752238800,3350.14,3355.14,3350.14,3355.14,56614,21455.8
1752242400,3363.87,3366.255,3361.255,3366.255,34486,22096.35
1752246000,3368.86,3368.86,3363.86,3363.86,10239,21535.3
1752246000.001,3356.915,3359.605,3354.605,3354.605,34815,23032.85
1752249600,3352.82,3354.255,3349.255,3354.255,50704,24841.15
1752256800,3358.53,3359.82,3354.82,3354.82,33711,25750.35
1752264000,3353.61,3358.61,3353.61,3358.61,3998,24760.2
1752444000,3362.375,3364.905,3359.905,3364.905,5742,24030.65
1752444000.001,3371.385,3374.255,3369.255,3369.255,10627,24277.95
1752447600,3366.6,3371.6,3366.6,3371.6,12968,24194.95
1752451200,3373.355,3373.355,3368.355,3368.355,5191,24088.8
1752451200.001,3364.895,3369.895,3364.895,3369.895,19355,23663.55
1752454800,3370.245,3370.245,3365.245,3365.245,7082,22532.4
1752454800.001,3356.945,3359.665,3354.665,3354.665,22722,22440.05
1752458400,3353.87,3358.87,3353.87,3358.87,12277,21752.75
1752462000,3359.73,3359.73,3354.73,3354.73,17235,21578.85
1752465600,3353.9,3358.9,3353.9,3358.9,5086,21485.1
1752465600.001,3361.84,3361.84,3356.84,3356.84,16676,21068.05
1752469200,3353.675,3358.675,3353.675,3358.675,17611,21497.2
1752472800,3369.915,3371.75,3366.75,3371.75,20848,19899.35
1752476400,3375.085,3375.085,3370.085,3370.085,17093,17923.3
1752480000,3365.44,3369.04,3364.04,3369.04,11879,16792.95
1752483600,3370.48,3374.69,3369.69,3369.69,23186,17440.3
1752490800,3363.915,3366.705,3361.705,3361.705,24614,16930.25
1752494400,3349.385,3352.3250000000003,3347.3250000000003,3352.3250000000003,35858,16187.95
1752498000,3359.06,3359.06,3354.06,3354.06,38238,16414.3
1752501600,3341.09,3346.09,3341.09,3346.09,27092,17569
1752505200,3349.735,3349.735,3344.735,3344.735,13226,17943.2
1752508800,3343.145,3348.145,3343.145,3348.145,3691,17596.4
1752508800.001,3349.44,3351.77,3346.77,3346.77,30034,18449.7
1752519600,3343.26,3346.395,3341.395,3346.395,10277,18704
1752534000,3346.535,3348.92,3343.92,3348.92,6860,18079.25
1752537600,3349.515,3350.795,3345.795,3350.795,20701,18760.2
1752544800,3352.16,3355.9,3350.9,3355.9,10735,18160.85
1752548400,3358.425,3362.735,3357.735,3362.735,16215,18357.75
1752555600,3365.295,3365.295,3360.295,3360.295,12190,18105.5
1752559200,3357.675,3362.5750000000003,3357.5750000000003,3362.5750000000003,11036,18403
1752562800,3365.185,3365.725,3360.725,3360.725,13306,18234.5
1752566400,3356.6,3361.6,3356.6,3361.6,12169,17962.4
1752570000,3364.725,3366.425,3361.425,3361.425,9490,17394.5
1752573600,3361.285,3362.105,3357.105,3357.105,11150,17097.35
1752577200,3354.1800000000003,3359.1800000000003,3354.1800000000003,3359.1800000000003,18566,17431.7
1752580800,3360.675,3360.675,3355.675,3355.675,7793,16662.05
1752580800.001,3346.61,3351.61,3346.61,3351.61,30244,16943.55
1752584400,3352.58,3352.58,3347.58,3347.58,11226,15711.95
1752584400.001,3334.38,3339.38,3334.38,3339.38,11226,14361.35
1752584400.002,3346.89,3347.62,3342.62,3347.62,29010,14457.25
1752588000,3352.245,3352.245,3347.245,3347.245,39644,15778.15
1752591600,3325.335,3329.02,3324.02,3324.02,21125,16649.85
1752595200,3320.3050000000003,3325.3050000000003,3320.3050000000003,3325.3050000000003,5567,15426.5
1752595200.001,3330.42,3331.4,3326.4,3326.4,15241,15674.7
1752598800,3325.915,3330.875,3325.875,3330.875,12317,15947.55
1752602400,3331.9900000000002,3331.9900000000002,3326.9900000000002,3326.9900000000002,8783,15351.65
1752606000,3326.59,3331.3650000000002,3326.3650000000002,3326.3650000000002,7706,15200.2
1752609600,3324.935,3329.935,3324.935,3329.935,3909,14584.9
1752620400,3331.8050000000003,3333.915,3328.915,3333.915,21753,15063.05
1752627600,3335.135,3335.135,3330.135,3330.135,10768,15049.65
1752631200,3325.21,3330.21,3325.21,3330.21,9049,14836.8
1752634800,3335.17,3337.87,3332.87,3337.87,9438,14700.25
1752638400,3338.7000000000003,3340.57,3335.57,3340.57,20110,15231.25
1752645600,3342.19,3342.19,3337.19,3337.19,7683,15057.9
1752649200,3336.06,3341.06,3336.06,3341.06,6577,14458.45
1752652800,3342.775,3343.08,3338.08,3338.08,15650,14851.3
1752660000,3333.945,3338.84,3333.84,3338.84,11321,13905.15
1752663600,3340.34,3341.07,3336.07,3336.07,23791,14533.4
1752667200,3331.01,3336.01,3331.01,3336.01,28439,15394.05
1752670800,3339.6,3339.6,3334.6,3334.6,10760,14481.55
1752670800.001,3322.065,3326.91,3321.91,3321.91,39630,14480.85
1752674400,3319.695,3324.695,3319.695,3324.695,14435,14146.35
1752674400.001,3342.685,3342.685,3337.685,3337.685,75154,17625.7
1752678000,3335.9900000000002,3340.9900000000002,3335.9900000000002,3340.9900000000002,30360,18381.65
1752678000.001,3377.655,3377.655,3372.655,3372.655,30359,19283.75
1752678000.002,3343.525,3344.09,3339.09,3344.09,37962,20742.7
1752681600,3355.215,3355.215,3350.215,3350.215,12653,20990.05
1752681600.001,3349.17,3353.88,3348.88,3353.88,21591,21874.15
1752685200,3357.35,3357.525,3352.525,3352.525,24453,22009.15
1752688800,3349.17,3351.07,3346.07,3351.07,37531,23347.3
1752703200,3352.28,3352.28,3347.28,3347.28,3845,23087.1
1752706800,3345.37,3347.4700000000003,3342.4700000000003,3342.4700000000003,10536,23142
1752710400,3339.775,3342.285,3337.285,3342.285,15252,22899.1
1752714000,3344.63,3344.8650000000002,3339.8650000000002,3339.8650000000002,14299,23229.9
1752717600,3337.8450000000003,3341.46,3336.46,3336.46,9349,23368.5
1752721200,3336.375,3341.375,3336.375,3341.375,2957,22733.85
1752721200.001,3342.455,3343.44,3338.44,3343.44,9485,22642.05
1752724800,3344.8450000000003,3344.8450000000003,3339.8450000000003,3339.8450000000003,11466,22025.8
1752728400,3336.04,3339.965,3334.965,3334.965,20117,21609.7
1752732000,3328.29,3333.29,3328.29,3333.29,5673,21355.35
1752732000.001,3335.53,3336.275,3331.275,3331.275,14566,20102.15
1752735600,3325.16,3330.16,3325.16,3330.16,15638,20162.3
1752739200,3332.1800000000003,3332.48,3327.48,3327.48,12492,17029.2
1752742800,3324.755,3329.755,3324.755,3329.755,12906,16156.5
1752746400,3331.205,3331.205,3326.205,3326.205,3313,14804.2
1752746400.001,3325.905,3328.58,3323.58,3323.58,10851,13448.65
1752750000,3322.34,3327.34,3322.34,3327.34,24175,14024.75
1752753600,3328.675,3328.675,3323.675,3323.675,10279,13459.15
1752753600.001,3309.79,3314.79,3309.79,3314.79,44356,14454.3
1752757200,3321.855,3323.3650000000002,3318.3650000000002,3323.3650000000002,38911,14523.3
1752760800,3335.3250000000003,3336.295,3331.295,3336.295,27009,15681.5
1752764400,3338.495,3340.56,3335.56,3340.56,29462,16627.8
1752771600,3341.17,3341.17,3336.17,3336.17,14372,16583.8
1752775200,3335.785,3340.785,3335.785,3340.785,16001,16668.9
1752778800,3340.86,3342.445,3337.445,3342.445,10650,16733.95
1752789600,3344.11,3344.11,3339.11,3339.11,11564,17164.3
1752796800,3337.965,3342.965,3337.965,3342.965,10386,17209.35
1752800400,3343.15,3343.15,3338.15,3338.15,4160,16844.05
1752800400.001,3335.335,3340.335,3335.335,3340.335,15111,16593.75
1752804000,3344.3250000000003,3344.3250000000003,3339.3250000000003,3339.3250000000003,3650,16492.6
1752804000.001,3337.82,3338.87,3333.87,3338.87,20129,16770.75
1752814800,3340.37,3340.37,3335.37,3335.37,2582,16117.95
1752814800.001,3333.445,3336.885,3331.885,3336.885,14506,16218.65
1752818400,3342.81,3345.7200000000003,3340.7200000000003,3345.7200000000003,13028,16224.75
1752822000,3350.235,3351.3050000000003,3346.3050000000003,3351.3050000000003,21185,17118.35
1752829200,3354.975,3354.975,3349.975,3349.975,11702,17160.9
1752832800,3347.895,3352.895,3347.895,3352.895,13364,16620.35
1752836400,3357.765,3359.205,3354.205,3359.205,18392,17026
1752840000,3361.33,3361.33,3356.33,3356.33,31167,16366.55
1752843600,3352.26,3357.26,3352.26,3357.26,23803,15611.15
1752847200,3359.105,3359.105,3354.105,3354.105,7535,14637.45
1752847200.001,3351.235,3356.235,3351.235,3356.235,18581,14093.4
1752850800,3356.405,3357.445,3352.445,3357.445,20593,14404.45
1752854400,3357.525,3357.525,3352.525,3352.525,4773,13843.05
1752854400.001,3351.31,3353.8650000000002,3348.8650000000002,3348.8650000000002,38818,15251.45
1752865200,3347.69,3351.965,3346.965,3346.965,9206,15133.55
1753048800,3344.905,3349.905,3344.905,3349.905,12338,15231.15
1753056000,3354.59,3356.945,3351.945,3356.945,13346,15690.45
1753059600,3358.665,3358.665,3353.665,3353.665,10714,15470.6
1753063200,3352.395,3356.9500000000003,3351.9500000000003,3351.9500000000003,8554,15715.8
1753066800,3351.11,3355.7000000000003,3350.7000000000003,3355.7000000000003,6722,15045.45
1753070400,3358.8,3362.735,3357.735,3362.735,17177,15775.2
1753074000,3369.71,3370.41,3365.41,3370.41,17023,15901.05
1753077600,3370.82,3370.82,3365.82,3365.82,17075,16103.4
1753081200,3363.935,3367.8450000000003,3362.8450000000003,3367.8450000000003,31154,16601.85
1753092000,3368.28,3368.28,3363.28,3363.28,1997,16116.6
1753092000.001,3362.915,3367.915,3362.915,3367.915,15358,16216.3
1753095600,3375.765,3379.635,3374.635,3379.635,26097,16601.55
1753099200,3388.715,3388.715,3383.715,3383.715,28450,16465.7
1753102800,3383.655,3388.655,3383.655,3388.655,10617,15806.4
1753102800.001,3395.375,3395.375,3390.375,3390.375,10617,15960.5
1753102800.002,3388.565,3391.235,3386.235,3391.235,49282,17495.55
1753106400,3401.645,3401.645,3396.645,3396.645,44983,18715.05
1753110000,3395.56,3399.1800000000003,3394.1800000000003,3394.1800000000003,31566,20054.7
1753113600,3393.88,3396.375,3391.375,3396.375,69211,21574.35
1753124400,3399.885,3401.8050000000003,3396.8050000000003,3401.8050000000003,19025,22065.3
1753138800,3402.86,3402.86,3397.86,3397.86,1650,21530.9
1753138800.001,3393.175,3397.795,3392.795,3392.795,13349,21531.05
1753142400,3390.585,3395.585,3390.585,3395.585,13104,21650.55
1753146000,3396.02,3396.02,3391.02,3391.02,4602,21452.95
1753146000.001,3385.1800000000003,3390.1800000000003,3385.1800000000003,3390.1800000000003,14760,21854.85
1753149600,3392.005,3393.87,3388.87,3393.87,10135,21502.75
1753153200,3393.91,3393.91,3388.91,3388.91,7092,21006.2
1753156800,3388.0550000000003,3391.96,3386.96,3386.96,10757,20690.3
1753160400,3384.855,3388.42,3383.42,3388.42,38948,21080
1753171200,3390.23,3390.6800000000003,3385.6800000000003,3385.6800000000003,12584,21609.35
1753174800,3384.715,3389.715,3384.715,3389.715,20888,21885.85
1753182000,3391.715,3395.935,3390.935,3395.935,25629,21862.45
1753185600,3407.935,3411.42,3406.42,3411.42,44477,22663.8
1753189200,3420.295,3420.295,3415.295,3415.295,12364,22751.15
1753189200.001,3412.485,3412.485,3407.485,3407.485,29057,23673.15
1753192800,3405.0950000000003,3410.0950000000003,3405.0950000000003,3410.0950000000003,14528,21935.45
1753192800.001,3427.8050000000003,3428.61,3423.61,3428.61,43822,21877.4
1753196400,3430.675,3431.31,3426.31,3431.31,28133,21705.75
1753200000,3433.0950000000003,3433.51,3428.51,3428.51,25339,19512.15
1753203600,3426.4900000000002,3431.4900000000002,3426.4900000000002,3431.4900000000002,46006,20861.2
1753210800,3432.63,3432.815,3427.815,3427.815,18055,21681.45
1753221600,3427.495,3432.495,3427.495,3432.495,4508,21239.4
1753225200,3433.35,3433.35,3428.35,3428.35,1842,20676.3
1753225200.001,3426.255,3431.255,3426.255,3431.255,17305,21311.45
1753228800,3439.035,3439.035,3434.035,3434.035,5154,20831.15
1753228800.001,3428.9,3430.7200000000003,3425.7200000000003,3425.7200000000003,19069,21277.85
1753232400,3420.975,3424.21,3419.21,3424.21,17655,21806
1753236000,3425.08,3428.165,3423.165,3428.165,12768,21906.55
1753239600,3428.775,3428.775,3423.775,3423.775,4501,20184.2
1753239600.001,3422.885,3425.38,3420.38,3420.38,25930,20851.5
1753246800,3416.445,3421.445,3416.445,3421.445,21046,20859.4
1753250400,3425.265,3429.77,3424.77,3424.77,23060,20730.95
1753254000,3419.94,3424.94,3419.94,3424.94,16701,19342.15
1753257600,3428.85,3433.37,3428.37,3433.37,12159,19331.9
1753261200,3433.88,3433.88,3428.88,3428.88,15318,18644.95
1753264800,3421.2000000000003,3425.44,3420.44,3425.44,17348,18785.95
1753268400,3429.9300000000003,3430.0750000000003,3425.0750000000003,3425.0750000000003,27794,17984.55
1753272000,3419.925,3420.65,3415.65,3415.65,42897,18722.75
1753275600,3405.56,3410.56,3405.56,3410.56,11699,18040.75
1753275600.001,3413.465,3415.75,3410.75,3415.75,28608,17170.85
1753279200,3419.98,3419.98,3414.98,3414.98,9535,16744.85
1753279200.001,3413.625,3415.855,3410.855,3410.855,24802,17759.55
1753282800,3398.105,3398.215,3393.215,3393.215,50357,20185.3
1753286400,3381.42,3386.42,3381.42,3386.42,14030,20021.55
1753286400.001,3387.4700000000003,3390.755,3385.755,3390.755,28400,21183.85
1753290000,3394.8250000000003,3396.16,3391.16,3391.16,53171,22888.95
1753297200,3388.5950000000003,3391.04,3386.04,3391.04,14362,22724.3
1753308000,3392.6150000000002,3392.6150000000002,3387.6150000000002,3387.6150000000002,784,22125.1
1753308000.001,3386.955,3391.66,3386.66,3391.66,4324,22116.25
1753311600,3391.7200000000003,3393.48,3388.48,3388.48,32989,22469.2
1753318800,3384.07,3388.885,3383.885,3383.885,23902,22612
1753322400,3380.665,3383.88,3378.88,3378.88,17264,22322.2
1753326000,3374.755,3379.755,3374.755,3379.755,5816,21777.95
1753326000.001,3385.985,3385.985,3380.985,3380.985,34469,22893.45
1753333200,3374.515,3379.515,3374.515,3379.515,17028,22978.95
1753336800,3379.87,3379.87,3374.87,3374.87,5958,22409.45
1753336800.001,3370.13,3375.13,3370.13,3375.13,5957,21317.6
1753336800.002,3375.885,3377.695,3372.695,3372.695,15054,19925.45
1753340400,3366.145,3370.935,3365.935,3370.935,18452,20263.1
1753344000,3374.71,3374.71,3369.71,3369.71,16978,19681.6
1753347600,3361.995,3366.995,3361.995,3366.995,12512,19830.45
1753351200,3367.385,3367.385,3362.385,3362.385,13329,19256.8
1753354800,3361.375,3365.5550000000003,3360.5550000000003,3360.5550000000003,27267,18102.3
1753358400,3352.7200000000003,3356.465,3351.465,3356.465,42212,19511.4
1753362000,3372.28,3372.28,3367.28,3367.28,11431,18662.95
1753362000.001,3366.795,3370.88,3365.88,3370.88,29625,17485.65
1753365600,3377.475,3377.475,3372.475,3372.475,30986,18316.85
1753369200,3370.355,3373.91,3368.91,3368.91,22331,19394.2
1753372800,3366.965,3371.36,3366.36,3371.36,18618,20108.9
1753376400,3371.915,3372.59,3367.59,3372.59,13889,19153.9
1753380000,3373.475,3373.475,3368.475,3368.475,22299,19073.75
1753387200,3367.38,3370.205,3365.205,3370.205,9013,18661.2
1753398000,3371.44,3373.455,3368.455,3373.455,5941,18667.45
1753401600,3373.495,3373.495,3368.495,3368.495,9684,17428.2
1753405200,3366.4700000000003,3370.5950000000003,3365.5950000000003,3365.5950000000003,10134,17083.5
1753408800,3362.465,3363.5750000000003,3358.5750000000003,3358.5750000000003,14139,17492.55
1753416000,3357.925,3362.925,3357.925,3362.925,1719,17280.65
1753416000.001,3363.51,3363.51,3358.51,3358.51,8460,16950.95
1753419600,3355.3250000000003,3359.715,3354.715,3359.715,11038,16580.25
1753423200,3359.7200000000003,3360.165,3355.165,3355.165,10766,16269.65
1753426800,3352.78,3355.38,3350.38,3350.38,11308,16209.45
1753430400,3344.54,3348.145,3343.145,3348.145,8825,15984.25
1753434000,3348.985,3348.985,3343.985,3343.985,9774,15109.6
1753437600,3341.07,3345.2400000000002,3340.2400000000002,3340.2400000000002,10761,13537.05
1753441200,3338.8,3343.8,3338.8,3343.8,11544,13542.7
1753444800,3344.295,3344.295,3339.295,3339.295,4411,12282
1753444800.001,3336.3450000000003,3341.3450000000003,3336.3450000000003,3341.3450000000003,30468,12256.1
1753448400,3347.635,3347.635,3342.635,3342.635,41255,13202.3
1753452000,3330.625,3335.625,3330.625,3335.625,28674,13705.1
1753455600,3335.935,3335.935,3330.935,3330.935,8908,13456.05
1753455600.001,3325.1150000000002,3330.1150000000002,3325.1150000000002,3330.1150000000002,23497,13515.95
1753459200,3331.39,3334.67,3329.67,3334.67,18480,13989.3
1753462800,3336.92,3340.335,3335.335,3335.335,42086,15796.55
1753653600,3329.475,3329.475,3324.475,3324.475,2606,15442.65
1753653600.001,3324.02,3329.02,3324.02,3329.02,2606,15066.25
1753653600.002,3335.53,3335.53,3330.53,3330.53,2605,14489.55
1753653600.003,3329.635,3334.395,3329.395,3334.395,6480,14727.6
1753657200,3337.4700000000003,3337.4700000000003,3332.4700000000003,3332.4700000000003,10604,14834.8
1753660800,3327.755,3332.755,3327.755,3332.755,2814,14423.6
1753660800.001,3333.42,3338.42,3333.42,3338.42,8889,14329.75
1753664400,3338.815,3338.815,3333.815,3333.815,4444,13986.55
1753664400.001,3329.98,3334.98,3329.98,3334.98,11698,14130.2
1753668000,3336.5550000000003,3339.56,3334.56,3339.56,8036,14043.3
1753671600,3343.42,3344.175,3339.175,3339.175,11154,14062.95
1753678800,3338.085,3343.085,3338.085,3343.085,1894,13580.45
1753678800.001,3344.2000000000003,3345.52,3340.52,3340.52,11866,13953.2
1753682400,3335.85,3340.85,3335.85,3340.85,9942,12926.9
1753686000,3342.11,3342.11,3337.11,3337.11,3309,11029.6
1753686000.001,3333.96,3337.405,3332.405,3337.405,13023,10247.05
1753689600,3338.905,3340.85,3335.85,3335.85,23196,10961.45
1753696800,3334.295,3338.475,3333.475,3333.475,28444,11208.8
1753704000,3325.67,3330.67,3325.67,3330.67,23906,11480.1
1753707600,3330.715,3330.715,3325.715,3325.715,9304,9841
1753707600.001,3301.765,3306.765,3301.765,3306.765,39825,11701.95
1753711200,3314.91,3314.91,3309.91,3309.91,10174,12080.35
1753711200.001,3308.065,3311.725,3306.725,3311.725,22446,13072.4
1753714800,3317.29,3317.29,3312.29,3312.29,22403,13868.55
1753718400,3311.495,3313.84,3308.84,3313.84,33859,15031.3
1753725600,3315.715,3318.08,3313.08,3318.08,18287,15804.95
1753729200,3318.96,3318.96,3313.96,3313.96,11811,15951.05
1753740000,3313.84,3315.485,3310.485,3310.485,8414,16149.55
1753743600,3310.465,3315.465,3310.465,3315.465,5646,15846.95
1753747200,3315.9300000000003,3315.9300000000003,3310.9300000000003,3310.9300000000003,2342,15562.25
1753747200.001,3308.16,3313.16,3308.16,3313.16,12913,15650.2
1753750800,3320.965,3320.965,3315.965,3315.965,19792,16545.1
1753758000,3311.29,3314.11,3309.11,3314.11,8262,16364.9
1753761600,3317.54,3319.3650000000002,3314.3650000000002,3319.3650000000002,8796,16307.6
1753765200,3320.19,3322.4,3317.4,3317.4,16284,16956.35
1753768800,3316.31,3317.12,3312.12,3312.12,13306,16970.5
1753772400,3311.34,3316.34,3311.34,3316.34,4317,16026.55
1753772400.001,3318.815,3321.81,3316.81,3321.81,15798,15394.25
1753776000,3330.1,3330.1,3325.1,3325.1,16341,15016
1753779600,3320.9300000000003,3325.9300000000003,3320.9300000000003,3325.9300000000003,8673,14984.45
1753783200,3326.5,3326.5,3321.5,3321.5,15655,13775.95
1753786800,3315,3320,3315,3320,19073,14220.9
1753790400,3324.675,3324.675,3319.675,3319.675,30869,14642.05
1753794000,3312.895,3317.655,3312.655,3312.655,26821,14862.95
1753797600,3311.995,3316.995,3311.995,3316.995,9118,13625.9
1753797600.001,3329.745,3333.935,3328.935,3333.935,22780,13850.55
1753801200,3334.27,3334.27,3329.27,3329.27,6831,13601.55
1753801200.001,3319.705,3324.09,3319.09,3324.09,18693,14115.5
1753804800,3324.81,3328.105,3323.105,3328.105,13779,14522.15
1753808400,3329.35,3330.89,3325.89,3325.89,11015,14955.8
1753812000,3325.355,3328.8050000000003,3323.8050000000003,3323.8050000000003,12341,14927.2
1753815600,3322.67,3327.67,3322.67,3327.67,8658,14370.5
1753826400,3327.6800000000003,3330.965,3325.965,3330.965,10199,14467.35
1753833600,3333.765,3333.765,3328.765,3328.765,14823,14768.7
1753837200,3321.795,3326.795,3321.795,3326.795,13643,14636.65
1753840800,3332.46,3332.46,3327.46,3327.46,7202,14331.45
1753844400,3326.285,3330.77,3325.77,3325.77,14208,14826
1753851600,3324.56,3328.15,3323.15,3328.15,25773,15324.75
1753858800,3332.31,3332.585,3327.585,3332.585,11068,15061.1
1753862400,3333.485,3334.09,3329.09,3329.09,23979,15826.4
1753869600,3326.725,3329.045,3324.045,3329.045,17099,15898.6
1753873200,3331.6800000000003,3331.965,3326.965,3326.965,25803,16235.1
1753876800,3310.815,3315.815,3310.815,3315.815,31650,16274.15
1753880400,3316.28,3316.28,3311.28,3311.28,12262,15546.2
1753880400.001,3298.425,3303.425,3298.425,3303.425,28532,16516.9
1753884000,3308.455,3308.455,3303.455,3303.455,8135,15784.65
1753884000.001,3301.355,3303.425,3298.425,3298.425,30047,16945.45
1753887600,3288.605,3293.605,3288.605,3293.605,19502,16985.9
1753891200,3298.69,3302.81,3297.81,3302.81,44750,18534.45
1753898400,3305.19,3305.19,3300.19,3300.19,12001,18583.75
1753898400.001,3279.78,3282.77,3277.77,3277.77,47809,20357.15
1753902000,3268.12,3273.12,3268.12,3273.12,20013,20924.9
1753905600,3276.435,3280.29,3275.29,3280.29,10458,20937.85
1753916400,3285.91,3287.875,3282.875,3287.875,9796,20686.5
1753920000,3288.485,3290.04,3285.04,3290.04,15244,20766.55
1753923600,3293.9900000000002,3295.5750000000003,3290.5750000000003,3295.5750000000003,11459,20979.4
1753927200,3297.655,3298.76,3293.76,3293.76,9296,20733.8
1753930800,3293.56,3298.56,3293.56,3298.56,16228,20256.55
1753938000,3301.96,3304.8650000000002,3299.8650000000002,3304.8650000000002,9956,20200.95
1753941600,3305.135,3305.135,3300.135,3300.135,3832,19193.6
1753941600.001,3298.14,3303.125,3298.125,3303.125,12642,18970.75
1753945200,3309.88,3309.88,3304.88,3304.88,2936,17827.4
1753945200.001,3304.765,3308.785,3303.785,3308.785,9129,16701.35
1753948800,3314.985,3314.985,3309.985,3309.985,3043,16240.4
1753948800.001,3309.915,3313.13,3308.13,3308.13,9768,15302.2
1753952400,3304.9700000000003,3308.2400000000002,3303.2400000000002,3303.2400000000002,16505,15720.7
1753956000,3293.785,3298.785,3293.785,3298.785,19914,15214.05
1753959600,3307.875,3309.08,3304.08,3309.08,21652,15321.55
1753963200,3311.285,3311.285,3306.285,3306.285,31202,14644.15
1753966800,3300.7200000000003,3303.31,3298.31,3298.31,41311,16109.65
1753970400,3291.425,3296.425,3291.425,3296.425,26931,15065.75
1753974000,3299.145,3299.145,3294.145,3294.145,8008,14465.5
1753974000.001,3291.385,3296.385,3291.385,3296.385,21632,15024.2
1753977600,3297.475,3297.475,3292.475,3292.475,6811,14874.95
1753977600.001,3289.7000000000003,3294.7000000000003,3289.7000000000003,3294.7000000000003,6811,14453.3
1753977600.002,3295.14,3298.495,3293.495,3293.495,32151,15487.9
1753984800,3292.895,3297.2200000000003,3292.2200000000003,3292.2200000000003,23607,16203.45
1753988400,3290.5750000000003,3294.91,3289.91,3294.91,10532,15918.65
1753999200,3295.33,3295.33,3290.33,3290.33,3450,15593.35
1754002800,3288.125,3291.61,3286.61,3291.61,6085,15706
1754006400,3293.945,3293.945,3288.945,3288.945,10139,15580.85
1754010000,3281.745,3286.745,3281.745,3286.745,10420,15955.05
1754013600,3292.425,3296.77,3291.77,3296.77,5560,15776.6
1754017200,3297.19,3297.19,3292.19,3292.19,1513,15700.1
1754017200.001,3290.655,3295.1150000000002,3290.1150000000002,3295.1150000000002,5525,15487.95
1754020800,3295.535,3296.835,3291.835,3296.835,7012,15013.3
1754024400,3300.54,3300.54,3295.54,3295.54,10694,14552.3
1754028000,3290.605,3293.535,3288.535,3288.535,9729,13956.15
1754031600,3285.265,3290.265,3285.265,3290.265,9161,12854.1
1754035200,3294.495,3297.8250000000003,3292.8250000000003,3297.8250000000003,18899,11733.5
1754042400,3303.1800000000003,3303.1800000000003,3298.1800000000003,3298.1800000000003,8509,10812.4
1754046000,3297.03,3302.03,3297.03,3302.03,41431,12483.55
1754049600,3345.275,3345.275,3340.275,3340.275,40478,13425.85
1754053200,3338.89,3343.89,3338.89,3343.89,14355,13803.05
1754053200.001,3354.875,3354.875,3349.875,3349.875,14355,14180.25
1754053200.002,3342.3250000000003,3346.33,3341.33,3346.33,36087,14377.05
1754056800,3355.1820000000002,3355.1820000000002,3350.1820000000002,3350.1820000000002,12029,13798.15
1754056800.001,3345.88,3346.6150000000002,3341.6150000000002,3346.6150000000002,24357,14489.4
1754060400,3351.295,3351.295,3346.295,3346.295,25333,15583.55
1754064000,3340.63,3345.63,3340.63,3345.63,5737,15566.15
1754064000.001,3347.4,3350.715,3345.715,3350.715,30242,16571.3
1754071200,3351.3250000000003,3351.3250000000003,3346.3250000000003,3346.3250000000003,4566,16278.6
1754071200.001,3345.905,3350.905,3345.905,3350.905,21980,17099.6
1754074800,3361.335,3362.06,3357.06,3362.06,10366,17542.25
1754078400,3363.6,3364.815,3359.815,3359.815,6460,17589
1754258400,3357.815,3359.6800000000003,3354.6800000000003,3359.6800000000003,4966,17486.7
1754262000,3362.2400000000002,3362.5,3357.5,3357.5,7242,17314.1
1754265600,3350.2000000000003,3352.265,3347.265,3347.265,7185,17186.9
1754269200,3345.005,3350.005,3345.005,3350.005,2570,16857.35
1754269200.001,3353.75,3355.335,3350.335,3355.335,7781,16301.45
1754272800,3355.4,3359.4,3354.4,3359.4,6460,16199
1754276400,3360.925,3362.25,3357.25,3357.25,9719,14613.4
1754283600,3355.54,3358.57,3353.57,3358.57,10169,13097.95
1754287200,3362.705,3362.705,3357.705,3357.705,12922,13026.3
1754290800,3351.775,3356.775,3351.775,3356.775,11001,12858.6
1754294400,3359.9300000000003,3361.86,3356.86,3356.86,22554,12181.95
1754301600,3352.89,3357.89,3352.89,3357.89,2635,11712.25
1754301600.001,3357.965,3362.84,3357.84,3362.84,10592,11024
1754305200,3370.785,3371.5950000000003,3366.5950000000003,3366.5950000000003,18485,10681.6
1754308800,3361.175,3366.175,3361.175,3366.175,4984,10643.95
1754308800.001,3367.815,3372.0750000000003,3367.0750000000003,3372.0750000000003,25692,10416.45
1754312400,3385.535,3385.535,3380.535,3380.535,29827,11679.5
1754316000,3371.91,3375.82,3370.82,3375.82,22393,11700.15
1754319600,3376.17,3378.2400000000002,3373.2400000000002,3373.2400000000002,18539,12108.8
1754323200,3370.625,3375.625,3370.625,3375.625,26288,13100.2
1754330400,3376.915,3378.405,3373.405,3378.405,19683,13836.05
1754348400,3379.785,3380.925,3375.925,3380.925,5040,13725.95
1754352000,3381.46,3382.37,3377.37,3377.37,14995,14116.45
1754359200,3373.71,3375.515,3370.515,3370.515,13129,14644.4
1754370000,3367.765,3372.765,3367.765,3372.765,2084,14359.55
1754370000.001,3374.1800000000003,3374.195,3369.195,3369.195,9206,14496.85
1754373600,3365.79,3370.79,3365.79,3370.79,13555,14688.65
1754377200,3375.51,3375.51,3370.51,3370.51,12698,14815.1
1754380800,3366.09,3366.32,3361.32,3361.32,12314,14784.7
1754384400,3358.955,3361.79,3356.79,3356.79,12532,14861.25
1754388000,3353.035,3354.89,3349.89,3354.89,30247,15245.9
1754395200,3367.005,3370.955,3365.955,3370.955,24123,16320.3
1754398800,3379.8250000000003,3379.8250000000003,3374.8250000000003,3374.8250000000003,6433,16112.35
1754398800.001,3373.66,3375.625,3370.625,3375.625,30204,16698.3
1754402400,3386.66,3387.32,3382.32,3387.32,24563,17677.25
1754406000,3390.245,3390.6,3385.6,3385.6,16195,17202.4
1754409600,3377.005,3382.005,3377.005,3382.005,3788,15900.45
1754409600.001,3382.11,3383.245,3378.245,3383.245,39996,16780.6
1754434800,3384.09,3385.3650000000002,3380.3650000000002,3380.3650000000002,16386,16672.95
1754442000,3373.2200000000003,3378.2200000000003,3373.2200000000003,3378.2200000000003,11593,15938.2
1754449200,3378.4300000000003,3378.4300000000003,3373.4300000000003,3373.4300000000003,4314,15169.75
1754452800,3372.315,3375.795,3370.795,3375.795,13881,15611.8
1754460000,3378.8450000000003,3378.8450000000003,3373.8450000000003,3373.8450000000003,10205,15372.3
1754463600,3369.1,3374.1,3369.1,3374.1,8300,15130.85
1754467200,3374.86,3374.86,3369.86,3369.86,2830,15168.15
1754467200.001,3364.7000000000003,3367.965,3362.965,3362.965,11245,15270.1
1754470800,3358.255,3363.255,3358.255,3363.255,11963,15190.5
1754474400,3365.585,3365.885,3360.885,3365.885,9625,15036.85
1754478000,3367.05,3367.05,3362.05,3362.05,10518,14947.05
1754481600,3360.265,3365.265,3360.265,3365.265,4164,14528.65
1754481600.001,3369.35,3370.2200000000003,3365.2200000000003,3370.2200000000003,26999,14366.25
1754485200,3373.625,3374.48,3369.48,3374.48,25092,14414.7
1754488800,3379.4,3380.09,3375.09,3375.09,23806,15283.35
1754492400,3370.33,3375.33,3370.33,3375.33,5993,14072.8
1754492400.001,3377.5550000000003,3379.465,3374.465,3374.465,13507,13520
1754496000,3372.9500000000003,3377.7400000000002,3372.7400000000002,3372.7400000000002,22169,13818.7
1754499600,3370.925,3374.64,3369.64,3369.64,19509,14604.75
1754503200,3369.07,3373.275,3368.275,3368.275,25696,13889.75
1754510400,3367.26,3372.26,3367.26,3372.26,2573,13199.1
1754517600,3372.44,3374.71,3369.71,3369.71,8165,13027.7
1754521200,3367.77,3370.3050000000003,3365.3050000000003,3370.3050000000003,24224,14023.2
1754524800,3374.84,3375.215,3370.215,3375.215,29382,14798.25
1754528400,3382.485,3384.3,3379.3,3379.3,16112,15093.6
1754532000,3378.255,3381.17,3376.17,3376.17,54395,17398.35
1754542800,3371.645,3376.645,3371.645,3376.645,37031,19108.4
1754546400,3388.005,3391.265,3386.265,3391.265,33868,20239.55
1754550000,3397.58,3397.58,3392.58,3392.58,45952,21939
1754553600,3372.395,3377.395,3372.395,3377.395,12628,22089.15
1754553600.001,3378.51,3381.315,3376.315,3376.315,29069,23016.7
1754557200,3373.535,3378.535,3373.535,3378.535,21007,23858.85
1754560800,3378.91,3378.91,3373.91,3373.91,5658,22791.8
1754560800.001,3371.92,3376.87,3371.87,3376.87,32855,23179.95
1754564400,3383.415,3383.415,3378.415,3378.415,9065,22442.9
1754564400.001,3378.29,3380.14,3375.14,3380.14,22134,23249.95
1754568000,3389.98,3389.98,3384.98,3384.98,7378,22943.5
1754568000.001,3380.735,3384.9700000000003,3379.9700000000003,3384.9700000000003,36053,23637.7
1754571600,3393.965,3393.965,3388.965,3388.965,12017,23263.1
1754571600.001,3384.995,3385.015,3380.015,3380.015,34362,23696.4
1754575200,3374.77,3379.77,3374.77,3379.77,17180,24426.75
1754575200.001,3390.5,3390.5,3385.5,3385.5,30800,25558.5
1754578800,3384.33,3389.33,3384.33,3389.33,6810,24687.8
1754578800.001,3391.065,3392.685,3387.685,3387.685,21302,24283.8
1754582400,3387.2000000000003,3389.375,3384.375,3389.375,24027,24679.55
1754586000,3393.12,3394.1800000000003,3389.1800000000003,3389.1800000000003,21843,23051.95
1754589600,3387.625,3392.33,3387.33,3392.33,29039,22652.35
1754593200,3400.895,3401.885,3396.885,3396.885,26625,22290.2
1754596800,3392.765,3397.765,3392.765,3397.765,11482,20566.7
1754604000,3400.3650000000002,3400.3650000000002,3395.3650000000002,3395.3650000000002,5261,20198.35
1754604000.001,3387.965,3392.965,3387.965,3392.965,5261,19007.95
1754604000.002,3409.4300000000003,3409.4300000000003,3404.4300000000003,3404.4300000000003,10420,18478.6
1754607600,3396.485,3401.485,3396.485,3401.485,41452,20268.3
1754611200,3402.34,3402.34,3397.34,3397.34,19866,19618.85
1754611200.001,3387.155,3390.6800000000003,3385.6800000000003,3385.6800000000003,68254,22578.3
1754614800,3381.215,3386.215,3381.215,3386.215,51175,24030.35
1754618400,3389.925,3389.925,3384.925,3384.925,43852,25854.05
1754622000,3383.58,3388.58,3383.58,3388.58,16085,24855.65
1754622000.001,3398.21,3399.5950000000003,3394.5950000000003,3394.5950000000003,52288,26869.2
1754625600,3393.36,3395.88,3390.88,3390.88,47613,27531.75
1754629200,3390.04,3393.8,3388.8,3393.8,56627,29504.1
1754632800,3398.1800000000003,3398.1800000000003,3393.1800000000003,3393.1800000000003,55303,30729.25
1754636400,3391.775,3396.775,3391.775,3396.775,20188,31398.15
1754636400.001,3404.28,3404.28,3399.28,3399.28,62626,33464.35
1754640000,3394.16,3398.9,3393.9,3398.9,68077,35666.85
1754643600,3401.755,3401.755,3396.755,3396.755,74133,38281.35
1754647200,3384.535,3385.455,3380.455,3385.455,82748,40966.8
1754650800,3388.705,3390.15,3385.15,3390.15,99064,44588.75
1754654400,3402.57,3402.57,3397.57,3397.57,25907,45310
1754654400.001,3391.6150000000002,3392.585,3387.585,3392.585,62958,48194.85
1754658000,3401.82,3401.82,3396.82,3396.82,69763,51419.95
1754661600,3381.32,3386.32,3381.32,3386.32,16259,51711.9
1754661600.001,3390.715,3393.905,3388.905,3393.905,36745,51476.55
1754665200,3395.505,3398.495,3393.495,3398.495,39143,52440.4
1754668800,3400.75,3400.75,3395.75,3395.75,35292,50792.3
1754672400,3378.335,3382.88,3377.88,3377.88,46547,50560.9
1754676000,3376.5750000000003,3381.5750000000003,3376.5750000000003,3381.5750000000003,18886,49312.6
1754676000.001,3403.96,3403.96,3398.96,3398.96,18886,49452.65
1754676000.002,3395.5550000000003,3397.4,3392.4,3397.4,32845,48480.5
1754679600,3400.885,3400.885,3395.885,3395.885,22011,47200.4
1754683200,3391.965,3396.965,3391.965,3396.965,3687,44553.4
1754683200.001,3397.765,3401.395,3396.395,3396.395,5643,42070.4
1754863200,3378.895,3383.895,3378.895,3383.895,1880,41155
1754863200.001,3395.295,3397.035,3392.035,3392.035,4855,38266.45
1754866800,3390.1150000000002,3391.8250000000003,3386.8250000000003,3386.8250000000003,25007,36112.95
1754870400,3381.425,3383.975,3378.975,3378.975,41195,34466.05
1754874000,3367.55,3372.55,3367.55,3372.55,11132,30885.25
1754874000.001,3377.645,3379.895,3374.895,3374.895,16104,26737.25
1754877600,3369.895,3374.895,3369.895,3374.895,5368,25710.3
1754877600.001,3377.27,3379.025,3374.025,3379.025,10458,23085.3
1754881200,3380.3050000000003,3380.3050000000003,3375.3050000000003,3375.3050000000003,22319,20713.1
1754888400,3373.8650000000002,3378.8650000000002,3373.8650000000002,3378.8650000000002,3233,20061.8
1754888400.001,3380.2000000000003,3380.2000000000003,3375.2000000000003,3375.2000000000003,24416,19445.35
1754892000,3363.815,3366.67,3361.67,3361.67,35501,19263.25
1754895600,3357.02,3362.02,3357.02,3362.02,31360,19066.65
1754899200,3366.15,3366.15,3361.15,3361.15,29958,18237.2
1754902800,3352.965,3357.965,3352.965,3357.965,25839,18584.85
1754906400,3364.11,3364.11,3359.11,3359.11,6094,17945.25
1754906400.001,3358.505,3358.91,3353.91,3353.91,24152,17510.6
1754910000,3349.915,3354.915,3349.915,3354.915,8050,16812.55
1754910000.001,3355.435,3355.46,3350.46,3350.46,19981,17627.25
1754913600,3344.42,3349.42,3344.42,3349.42,9990,17844.6
1754913600.001,3357.705,3357.705,3352.705,3352.705,31302,19315.7
1754917200,3348.04,3353.04,3348.04,3353.04,10656,19605.75
1754917200.001,3363.005,3363.005,3358.005,3358.005,37445,20227.65
1754920800,3341.46,3346.46,3341.46,3346.46,27654,19550.6
1754924400,3352.3250000000003,3352.3250000000003,3347.3250000000003,3347.3250000000003,25673,20277.65
1754928000,3342.64,3346.155,3341.155,3346.155,35325,21238.7
1754931600,3358.88,3358.88,3353.88,3353.88,25679,22254.25
1754935200,3352.435,3356.92,3351.92,3351.92,19049,22683.8
1754938800,3350.41,3351.785,3346.785,3346.785,10945,22115.1
1754942400,3342.335,3347.335,3342.335,3347.335,5644,22235.65
1754949600,3347.51,3351.155,3346.155,3351.155,14421,21735.9
1754956800,3355.77,3357.51,3352.51,3352.51,14586,20690.15
1754960400,3346.225,3351.225,3346.225,3351.225,11252,19684.75
1754964000,3354.475,3355.42,3350.42,3350.42,10432,18708.45
1754967600,3348.16,3353.16,3348.16,3353.16,8796,17856.3
1754971200,3355.77,3355.77,3350.77,3350.77,7911,17947.15
1754974800,3350.445,3355.445,3350.445,3355.445,2934,16886.25
1754974800.001,3355.87,3355.87,3350.87,3350.87,19912,17479.35
1754978400,3342.31,3347.31,3342.31,3347.31,16341,17297.35
1754982000,3358.25,3358.25,3353.25,3353.25,13259,17460.8
1754985600,3345.585,3350.585,3345.585,3350.585,8606,16326
1754989200,3351.915,3351.915,3346.915,3346.915,2686,15927.5
1754989200.001,3344.385,3349.385,3344.385,3349.385,7758,14443.15
1754992800,3350.59,3350.59,3345.59,3345.59,2536,13187.25
1754992800.001,3343.965,3344.8,3339.8,3339.8,11735,12490.35
1754996400,3336.215,3341.215,3336.215,3341.215,4600,10954.1
1754996400.001,3348.475,3348.475,3343.475,3343.475,24085,10874.4
1755000000,3338.54,3343.54,3338.54,3343.54,9743,10409.1
1755000000.001,3358.2000000000003,3358.2000000000003,3353.2000000000003,3353.2000000000003,9742,10348.95
1755000000.002,3349.9500000000003,3354.88,3349.88,3354.88,25704,11351.95
1755003600,3357.25,3357.25,3352.25,3352.25,12851,11273.45
1755003600.001,3340.03,3345.03,3340.03,3345.03,12851,11186.7
1755003600.002,3345.5750000000003,3346.715,3341.715,3341.715,31743,12211.25
1755007200,3331.17,3336.17,3331.17,3336.17,10581,12218.7
1755007200.001,3337.5950000000003,3342.05,3337.05,3342.05,31108,13334.3
1755010800,3359.34,3359.34,3354.34,3354.34,10369,13457.2
1755010800.001,3349.81,3351.275,3346.275,3346.275,16178,14119.4
1755014400,3345.985,3350.9300000000003,3345.9300000000003,3345.9300000000003,47711,15509.35
1755025200,3345.5950000000003,3350.5950000000003,3345.5950000000003,3350.5950000000003,9345,15159.55
1755036000,3353.875,3353.875,3348.875,3348.875,12900,15141.6
1755043200,3342.635,3347.635,3342.635,3347.635,15017,15462.15
1755046800,3352.085,3352.085,3347.085,3347.085,10541,15854.9
1755050400,3346.675,3351.675,3346.675,3351.675,3310,15632.5
1755050400.001,3354.505,3354.505,3349.505,3349.505,9356,15973.5
1755054000,3348.63,3352.415,3347.415,3347.415,15028,16138.15
1755061200,3345.57,3350.57,3345.57,3350.57,16433,16729.8
1755064800,3357.78,3360.985,3355.985,3355.985,16401,16345.6
1755068400,3354.06,3357.915,3352.915,3357.915,15694,16643.15
1755072000,3363.6150000000002,3363.69,3358.69,3363.69,15397,16925.9
1755075600,3366.8050000000003,3367.0950000000003,3362.0950000000003,3362.0950000000003,28861,17083.75
1755082800,3358.925,3363.9,3358.9,3358.9,23782,17630.3
1755086400,3355.545,3359.16,3354.16,3359.16,28572,18416.35
1755090000,3365.9500000000003,3370.175,3365.175,3370.175,21400,17899.2
1755093600,3370.8250000000003,3370.8250000000003,3365.8250000000003,3365.8250000000003,6988,17719.55
1755093600.001,3361.12,3363.8650000000002,3358.8650000000002,3358.8650000000002,23787,17353.5
1755097200,3354.495,3359.495,3354.495,3359.495,16563,17663.2
1755100800,3360.94,3360.94,3355.94,3355.94,14104,17559.5
1755104400,3352.765,3355.015,3350.015,3355.015,19628,16155.35
1755111600,3358.89,3360.6,3355.6,3360.6,8687,16122.45
1755126000,3363.5950000000003,3367.87,3362.87,3367.87,11329,16043.9
1755129600,3374.8050000000003,3374.8050000000003,3369.8050000000003,3369.8050000000003,3373,15461.7
1755129600.001,3369.61,3370.935,3365.935,3365.935,10419,15455.6
1755133200,3365.235,3369.33,3364.33,3364.33,12942,15937.2
1755136800,3362.835,3364.14,3359.14,3359.14,15386,16238.7
1755140400,3355.5950000000003,3360.5950000000003,3355.5950000000003,3360.5950000000003,4076,15691.1
1755140400.001,3360.64,3362.08,3357.08,3357.08,14209,15579.9
1755147600,3356.38,3360.94,3355.94,3360.94,14405,15480.1
1755151200,3362.48,3366.65,3361.65,3361.65,21668,15778.8
1755154800,3343.605,3346.455,3341.455,3346.455,21033,16060.6
1755158400,3350.435,3350.435,3345.435,3345.435,12639,15249.5
1755162000,3345.155,3350.155,3345.155,3350.155,3792,14250
1755162000.001,3359.215,3359.215,3354.215,3354.215,12887,13465.75
1755165600,3352.15,3357.15,3352.15,3357.15,10801,12935.8
1755169200,3357.1800000000003,3358.53,3353.53,3353.53,26613,13917.05
1755172800,3342.125,3347.125,3342.125,3347.125,8007,13128.05
1755172800.001,3350.64,3355.5550000000003,3350.5550000000003,3355.5550000000003,20316,13315.7
1755176400,3356.175,3356.175,3351.175,3351.175,10158,13118.4
1755176400.001,3343.77,3346.75,3341.75,3341.75,37872,14030.6
1755180000,3334.245,3339.245,3334.245,3339.245,9238,14058.15
1755180000.001,3340.685,3340.77,3335.77,3335.77,10747,14029.05
1755183600,3335.53,3340.53,3335.53,3340.53,5373,14129.05
1755183600.001,3343.03,3343.03,3338.03,3338.03,20068,14611.5
1755187200,3329.85,3334.85,3329.85,3334.85,15994,14764.1
1755190800,3338.665,3341.0550000000003,3336.0550000000003,3341.0550000000003,19132,14951.4
1755198000,3341.08,3341.08,3336.08,3336.08,6672,15081.2
1755201600,3334.565,3337.34,3332.34,3337.34,12791,15010.3
1755216000,3338.715,3338.715,3333.715,3333.715,6988,14639.45
1755219600,3333.415,3338.415,3333.415,3338.415,2473,13679.7
1755219600.001,3340.41,3341.71,3336.71,3341.71,13809,13318.5
1755226800,3345.015,3348.375,3343.375,3348.375,11532,13263.15
1755234000,3348.915,3348.915,3343.915,3343.915,1686,13157.85
1755234000.001,3342.035,3345.175,3340.175,3345.175,17133,13370.15
1755241200,3346.775,3348.265,3343.265,3343.265,11292,13394.7
1755244800,3338.4300000000003,3343.4300000000003,3338.4300000000003,3343.4300000000003,10031,12565.6
1755248400,3345.13,3345.13,3340.13,3340.13,9127,12621.6
1755252000,3336.3450000000003,3341.3450000000003,3336.3450000000003,3341.3450000000003,10881,12149.85
1755255600,3344.145,3344.145,3339.145,3339.145,14222,12353.05
1755259200,3333.6,3338.6,3333.6,3338.6,5671,10743
1755259200.001,3344.05,3346.1,3341.1,3341.1,25297,11545.95
1755262800,3333.06,3338.06,3333.06,3338.06,20685,12042.85
1755266400,3343.715,3345.245,3340.245,3340.245,26154,13081.9
1755273600,3335.86,3339.485,3334.485,3339.485,23022,13229.6
1755284400,3339.685,3339.685,3334.685,3334.685,7729,12816.35
1755468000,3333.1,3334.63,3329.63,3329.63,4869,12103.2
1755471600,3323.685,3328.685,3323.685,3328.685,12852,12412.2
1755475200,3342.92,3344.685,3339.685,3344.685,16637,12604.5
1755478800,3347.56,3347.695,3342.695,3342.695,11179,12814.05
1755482400,3342.395,3347.395,3342.395,3347.395,8213,13101.05
1755486000,3351.88,3351.955,3346.955,3351.955,8880,12854.6
1755489600,3358.275,3358.4900000000002,3353.4900000000002,3353.4900000000002,12829,12919.45
1755493200,3346.6150000000002,3351.1800000000003,3346.1800000000003,3351.1800000000003,12613,13465.8
1755496800,3351.3,3354.645,3349.645,3354.645,10664,13142.35
1755500400,3355.8050000000003,3355.8050000000003,3350.8050000000003,3350.8050000000003,3815,12768.5
1755500400.001,3347.3,3349.9500000000003,3344.9500000000003,3344.9500000000003,12857,12909.8
1755504000,3344.645,3349.645,3344.645,3349.645,9162,12911.55
1755507600,3351.775,3351.775,3346.775,3346.775,13236,13029.3
1755511200,3346.56,3348.8,3343.8,3343.8,24232,13529.8
1755518400,3343.125,3345.03,3340.03,3340.03,24586,14475.55
1755522000,3335.69,3338.76,3333.76,3333.76,26991,14560.25
1755525600,3332.585,3336.9,3331.9,3331.9,32095,15130.75
1755532800,3331.775,3335,3330,3330,38479,15747
1755561600,3326.285,3331.285,3326.285,3331.285,2967,14744.25
1755561600.001,3339.355,3339.355,3334.355,3334.355,12433,14979.45
1755565200,3330.3050000000003,3334.52,3329.52,3334.52,9572,15214.6
1755568800,3338.245,3341.695,3336.695,3336.695,16247,15384.35
1755576000,3334.525,3339.525,3334.525,3339.525,5237,14814.35
1755579600,3340.8050000000003,3340.8050000000003,3335.8050000000003,3335.8050000000003,2018,14356.3
1755579600.001,3335.775,3339.585,3334.585,3339.585,16286,14759.95
1755586800,3341.885,3341.885,3336.885,3336.885,7042,14668.05
1755590400,3336.455,3341.455,3336.455,3341.455,11054,14579.3
1755597600,3345.465,3345.465,3340.465,3340.465,6759,14286.6
1755601200,3339.3050000000003,3340.605,3335.605,3335.605,9971,14251.95
1755604800,3334.3450000000003,3339.3450000000003,3334.3450000000003,3339.3450000000003,13855,14753.95
1755608400,3339.5550000000003,3339.5550000000003,3334.5550000000003,3334.5550000000003,5562,14389.2
1755608400.001,3325.785,3330.785,3325.785,3330.785,5562,14209.2
1755608400.002,3334.05,3337,3332,3332,16509,14372.85
1755612000,3320.965,3325.965,3320.965,3325.965,11402,13731.35
1755615600,3326.755,3326.755,3321.755,3321.755,2949,12649.5
1755615600.001,3321.69,3324.475,3319.475,3319.475,11105,11855.2
1755619200,3317.1,3320.005,3315.005,3320.005,10667,10783.8
1755622800,3320.335,3320.335,3315.335,3315.335,19591,9839.4
1755633600,3315.13,3317.815,3312.815,3317.815,22352,10808.65
1755651600,3317.88,3317.88,3312.88,3312.88,3679,10370.95
1755651600.001,3311.56,3316.56,3311.56,3316.56,8441,10314.4
1755655200,3317.23,3317.425,3312.425,3317.425,10672,10035.65
1755658800,3318.71,3322.25,3317.25,3322.25,12439,10395.75
1755666000,3324.02,3326.69,3321.69,3326.69,21807,11385.2
1755673200,3327.61,3327.61,3322.61,3322.61,7236,10932.7
1755676800,3321.07,3326.07,3321.07,3326.07,12111,11186.15
1755680400,3327.54,3328.87,3323.87,3328.87,21565,11711.7
1755687600,3332.975,3337.21,3332.21,3337.21,19656,12356.55
1755691200,3344.885,3344.885,3339.885,3339.885,17008,12708.4
1755694800,3338.905,3343.905,3338.905,3343.905,5795,12305.4
1755694800.001,3348.3650000000002,3348.3650000000002,3343.3650000000002,3343.3650000000002,15633,12808.95
1755698400,3340.09,3345.09,3340.09,3345.09,4919,12776.8
1755698400.001,3350.275,3350.275,3345.275,3345.275,14848,12693.75
1755702000,3338.9500000000003,3343.9500000000003,3338.9500000000003,3343.9500000000003,11528,12700.05
1755705600,3346.16,3349.0950000000003,3344.0950000000003,3349.0950000000003,32116,14158.4
1755716400,3349.3250000000003,3352.3,3347.3,3347.3,10238,14115.05
1755730800,3346.495,3347.08,3342.08,3342.08,4842,13823.8
1755734400,3341.585,3345.8050000000003,3340.8050000000003,3345.8050000000003,8730,13280.75
1755738000,3346.6,3346.6,3341.6,3341.6,5858,12456.05
1755741600,3340.465,3345.105,3340.105,3340.105,7052,12624.7
1755745200,3339.735,3341.235,3336.235,3336.235,18714,13138.35
1755756000,3334.285,3339.285,3334.285,3339.285,8643,13036.9
1755759600,3341.6150000000002,3342.285,3337.285,3337.285,27067,13768.3
1755770400,3327.6,3330.28,3325.28,3330.28,12729,13314.4
1755774000,3334.505,3338.7000000000003,3333.7000000000003,3338.7000000000003,20214,13963.3
1755777600,3345.135,3346.92,3341.92,3346.92,19334,14324.45
1755781200,3347.645,3347.645,3342.645,3342.645,6834,13587.9
1755781200.001,3336.0950000000003,3341.0950000000003,3336.0950000000003,3341.0950000000003,29606,14085.4
1755784800,3348.2400000000002,3348.2400000000002,3343.2400000000002,3343.2400000000002,25098,14489.9
1755788400,3337.56,3342.56,3337.56,3342.56,5836,14491.95
1755788400.001,3343.77,3344.045,3339.045,3339.045,10457,14233.15
1755792000,3338.3450000000003,3342.175,3337.175,3337.175,12085,14591.45
1755795600,3337.04,3341.655,3336.655,3341.655,14419,14570
1755802800,3341.995,3341.995,3336.995,3336.995,11268,14557
1755820800,3335.185,3340.185,3335.185,3340.185,7011,13301.75
1755824400,3340.34,3340.34,3335.34,3335.34,2112,12895.45
1755824400.001,3333.7200000000003,3336.27,3331.27,3331.27,19409,13623.8
1755835200,3328.0750000000003,3331.5550000000003,3326.5550000000003,3326.5550000000003,15429,13958.75
1755842400,3325.675,3330.675,3325.675,3330.675,9685,14150.1
1755846000,3335.15,3335.15,3330.15,3330.15,3593,13977.15
1755846000.001,3325.785,3330.38,3325.38,3330.38,13162,13699.55
1755849600,3330.835,3331.88,3326.88,3326.88,45044,15519.6
1755864000,3321.455,3326.455,3321.455,3326.455,21660,15249.25
1755867600,3336.31,3338.9700000000003,3333.9700000000003,3338.9700000000003,60904,17658
1755871200,3376.765,3378.835,3373.835,3373.835,42533,18773.95
1755874800,3367.3450000000003,3372.3450000000003,3367.3450000000003,3372.3450000000003,18149,18714.7
1755878400,3374.3250000000003,3375.385,3370.385,3375.385,10654,18905.7
1755882000,3375.5550000000003,3375.5550000000003,3370.5550000000003,3370.5550000000003,17756,18313.2
1755889200,3368.835,3373.675,3368.675,3368.675,12376,17677.1
1756072800,3365.995,3370.995,3365.995,3370.995,3007,17535.65
1756076400,3371.145,3371.145,3366.145,3366.145,6218,17323.7
1756080000,3363.435,3367.975,3362.975,3362.975,8219,17130.4
1756083600,3360.69,3364.78,3359.78,3364.78,7400,16779.45
1756087200,3365.285,3368.2400000000002,3363.2400000000002,3363.2400000000002,12859,16859
1756098000,3363.16,3368.16,3363.16,3368.16,5263,16771.6
1756101600,3369.64,3369.965,3364.965,3364.965,10202,17176.1
1756108800,3363.395,3366.985,3361.985,3366.985,5236,16467.45
1756112400,3368.165,3370.0950000000003,3365.0950000000003,3370.0950000000003,9841,16188.05
1756119600,3371.675,3371.675,3366.675,3366.675,6985,16053.05
1756123200,3364.25,3367.14,3362.14,3367.14,13602,16553.5
1756126800,3371.4500000000003,3374.2400000000002,3369.2400000000002,3374.2400000000002,17701,16780.45
1756130400,3375.425,3376.375,3371.375,3371.375,25615,15809
1756141200,3370.92,3373.315,3368.315,3368.315,13534,15402.7
1756148400,3365.205,3367.23,3362.23,3362.23,15006,13107.8
1756162800,3351.6800000000003,3356.33,3351.33,3356.33,30549,12508.6
1756166400,3386.685,3386.685,3381.685,3381.685,27273,12964.8
1756170000,3371.665,3376.665,3371.665,3376.665,5994,12731.8
1756170000.001,3376.94,3379.17,3374.17,3374.17,7929,12240.45
1756173600,3372.88,3375.5550000000003,3370.5550000000003,3370.5550000000003,10277,12135.5
1756177200,3369.735,3374.735,3369.735,3374.735,8474,12408.85
1756180800,3379.0950000000003,3379.17,3374.17,3374.17,9903,12593.1
1756184400,3372.58,3377.58,3372.58,3377.58,9736,12668.95
1756188000,3377.8250000000003,3377.8250000000003,3372.8250000000003,3372.8250000000003,3547,12476.3
1756188000.001,3372.525,3376.315,3371.315,3371.315,12256,12446.15
1756191600,3367.19,3372.19,3367.19,3372.19,4355,12400.75
1756191600.001,3379.185,3379.98,3374.98,3374.98,28631,13322.2
1756198800,3369.51,3372.11,3367.11,3367.11,9261,13523.45
1756202400,3367.09,3372.09,3367.09,3372.09,2877,13175.25
1756202400.001,3375.33,3375.875,3370.875,3375.875,17016,13676.8
1756206000,3380.515,3380.515,3375.515,3375.515,20313,14012.35
1756209600,3371.015,3375.535,3370.535,3375.535,29311,14592.85
1756213200,3378.27,3378.27,3373.27,3373.27,21172,14370.7
1756216800,3370.31,3375.31,3370.31,3375.31,6568,14022.4
1756216800.001,3379.715,3383.695,3378.695,3383.695,20765,14310.35
1756220400,3389.415,3389.415,3384.415,3384.415,16717,13618.75
1756224000,3382.545,3385.87,3380.87,3380.87,21563,13333.25
1756231200,3380.355,3385.355,3380.355,3385.355,2701,13168.6
1756231200.001,3385.78,3390.195,3385.195,3390.195,13121,13428.2
1756234800,3390.965,3393.745,3388.745,3388.745,33321,14580.4
1756256400,3383.335,3387.15,3382.15,3382.15,19121,15112.75
1756263600,3380.535,3381.245,3376.245,3376.245,9334,15084.3
1756267200,3373.92,3378.92,3373.92,3378.92,9496,15072.3
1756270800,3379.005,3381.37,3376.37,3381.37,11430,15466.45
1756274400,3382.0750000000003,3382.0750000000003,3377.0750000000003,3377.0750000000003,9532,15330.25
1756278000,3373.785,3378.785,3373.785,3378.785,3250,15275
1756278000.001,3381.69,3385.58,3380.58,3380.58,23984,15042.65
1756285200,3377.5550000000003,3379.29,3374.29,3374.29,24897,15824.45
1756292400,3373.75,3378.75,3373.75,3378.75,21420,16751.6
1756296000,3382.98,3384.98,3379.98,3379.98,27011,17251.35
1756299600,3375.63,3380.63,3375.63,3380.63,25121,17491.75
1756303200,3386.975,3390.225,3385.225,3390.225,17959,16924.15
1756306800,3390.44,3392.62,3387.62,3392.62,19594,16845.25
1756310400,3398.79,3398.79,3393.79,3393.79,30559,18044.8
1756317600,3392.38,3397.38,3392.38,3397.38,17807,17896.9
1756324800,3398.315,3399.3650000000002,3394.3650000000002,3394.3650000000002,15106,17816.35
1756339200,3391.19,3392.87,3387.87,3387.87,19331,17704.75
1756342800,3385.53,3389.62,3384.62,3389.62,16333,18386.35
1756346400,3391.565,3392.685,3387.685,3392.685,35457,19503.15
1756360800,3395.835,3398.765,3393.765,3398.765,28681,19271.15
1756368000,3401.12,3401.73,3396.73,3396.73,26051,19617.65
1756375200,3393.955,3398.955,3393.955,3398.955,18221,20062
1756378800,3407.645,3408.78,3403.78,3403.78,31657,21170.05
1756382400,3396.855,3399.28,3394.28,3399.28,41890,22693.05
1756386000,3410.53,3411.465,3406.465,3411.465,35538,23993.35
1756389600,3413.645,3413.645,3408.645,3408.645,24401,25050.9
1756393200,3404.565,3409.565,3404.565,3409.565,5402,24121.8
1756393200.001,3411.045,3415.05,3410.05,3415.05,15287,23641.3
1756396800,3417.82,3419.5950000000003,3414.5950000000003,3419.5950000000003,35609,24350.75
1756404000,3420.455,3423.035,3418.035,3423.035,22844,24142.4
1756407600,3423.1800000000003,3423.1800000000003,3418.1800000000003,3418.1800000000003,11616,23467.15
1756411200,3416.38,3417.945,3412.945,3412.945,32476,24193
1756429200,3407.905,3412.905,3407.905,3412.905,15551,23990.85
1756432800,3414.125,3414.125,3409.125,3409.125,17345,23330.15
1756440000,3407.505,3412.125,3407.125,3412.125,15219,23200.75
1756447200,3412.79,3412.79,3407.79,3407.79,14154,23153.15
1756450800,3406.565,3411.565,3406.565,3411.565,4627,22417.95
1756450800.001,3412.76,3414.92,3409.92,3409.92,19315,22567.05
1756454400,3409.69,3411.23,3406.23,3406.23,35323,22560.35
1756461600,3404.8,3409.315,3404.315,3409.315,17247,21988.65
1756465200,3411.395,3411.87,3406.87,3411.87,28746,22123.4
1756468800,3416.905,3418.58,3413.58,3418.58,38952,23159.95
1756472400,3429.19,3433.6,3428.6,3433.6,59283,24541.25
1756476000,3441.19,3444.02,3439.02,3444.02,47378,24815.65
1756479600,3447.79,3447.79,3442.79,3442.79,24945,24286
1756483200,3442.36,3447.36,3442.36,3447.36,7298,23430.85
1756483200.001,3449.515,3450.265,3445.265,3445.265,28179,24569.7
1756486800,3441.045,3446.045,3441.045,3446.045,60226,26816.65
1756494000,3453.9700000000003,3453.9700000000003,3448.9700000000003,3448.9700000000003,18799,25976.15
1756497600,3445.8250000000003,3447.435,3442.435,3442.435,6811,25174.5
1756677600,3442.39,3447.39,3442.39,3447.39,1898,24688.6
1756677600.001,3453.13,3453.13,3448.13,3448.13,6187,23374.15
1756681200,3444.78,3447.88,3442.88,3442.88,12080,23200.6
1756684800,3442.6,3444.1,3439.1,3439.1,17205,23193.6
1756688400,3437.025,3442.025,3437.025,3442.025,6827,22774
1756688400.001,3459.4700000000003,3460.195,3455.195,3460.195,48650,24498.8
1756692000,3484.94,3486.262,3481.262,3481.262,38432,26189.05
1756695600,3469.59,3474.59,3469.59,3474.59,8163,25631.45
1756695600.001,3474.77,3477.165,3472.165,3477.165,10973,24413.95
1756699200,3479.395,3479.395,3474.395,3474.395,17670,24435.1
1756702800,3474.25,3479.25,3474.25,3479.25,7006,23348.1
1756702800.001,3482.9500000000003,3482.9500000000003,3477.9500000000003,3477.9500000000003,7006,21750.8
1756702800.002,3477.175,3481.775,3476.775,3481.775,21893,19881.3
1756706400,3489.8450000000003,3489.8450000000003,3484.8450000000003,3484.8450000000003,7297,17877.25
1756706400.001,3479.035,3480.71,3475.71,3475.71,21482,17704.1
1756710000,3467.59,3472.59,3467.59,3472.59,7160,17697.2
1756710000.001,3477.945,3480.04,3475.04,3475.04,14833,17029.9
1756713600,3474.565,3477.135,3472.135,3472.135,18883,14962.75
1756717200,3467.3250000000003,3471.385,3466.385,3471.385,17642,14904.9
1756720800,3474.12,3474.12,3469.12,3469.12,13686,15248.65
1756724400,3467.725,3472.295,3467.295,3472.295,31270,16717.25
1756731600,3479.275,3479.275,3474.275,3474.275,13216,17068.7
1756735200,3473.635,3478.635,3473.635,3478.635,4521,16690.75
1756735200.001,3481.535,3481.535,3476.535,3476.535,4521,16056.55
1756735200.002,3475.89,3479.2200000000003,3474.2200000000003,3474.2200000000003,8583,16144.35
1756738800,3473.465,3477.39,3472.39,3477.39,7914,14107.55
1756742400,3477.83,3480.475,3475.475,3475.475,16601,13016
1756764000,3475.225,3479.565,3474.565,3479.565,6166,12916.15
1756767600,3481.425,3483.2000000000003,3478.2000000000003,3483.2000000000003,18011,13268.05
1756771200,3485.0750000000003,3485.0750000000003,3480.0750000000003,3480.0750000000003,5486,12658.85
1756771200.001,3479.23,3482.06,3477.06,3482.06,38961,14256.6
1756774800,3508.79,3508.79,3503.79,3503.79,12987,14555.65
1756774800.001,3497.895,3500.975,3495.975,3495.975,26627,14792.35
1756778400,3491.41,3496.41,3491.41,3496.41,8875,14871.25
1756778400.001,3496.455,3496.495,3491.495,3491.495,13590,14476.65
1756782000,3489.995,3494.995,3489.995,3494.995,4529,14345.1
1756782000.001,3495.0550000000003,3498.41,3493.41,3498.41,9171,14062
1756785600,3498.4700000000003,3498.4700000000003,3493.4700000000003,3493.4700000000003,18282,14031.95
1756789200,3492.015,3495.885,3490.885,3490.885,26364,14468.05
1756792800,3483.1150000000002,3488.1150000000002,3483.1150000000002,3488.1150000000002,25094,15038.45
1756796400,3488.35,3488.35,3483.35,3483.35,8998,13924.85
1756796400.001,3472.275,3477.035,3472.035,3472.035,25158,14521.95
1756800000,3470.05,3475.05,3470.05,3475.05,8079,14699.85
1756800000.001,3481.36,3481.36,3476.36,3476.36,27048,15826.2
1756803600,3476.01,3480.84,3475.84,3480.84,24147,16604.4
1756807200,3485.86,3485.86,3480.86,3480.86,24007,17409.05
1756810800,3478.4700000000003,3483.4700000000003,3478.4700000000003,3483.4700000000003,9033,17030.65
1756810800.001,3490.0750000000003,3494.295,3489.295,3489.295,46443,19044.5
1756814400,3474.42,3479.42,3474.42,3479.42,12470,18767.45
1756814400.001,3482.105,3483.35,3478.35,3483.35,44784,20732.35
1756818000,3493.7000000000003,3493.7000000000003,3488.7000000000003,3488.7000000000003,52108,21389.7
1756821600,3488.465,3493.465,3488.465,3493.465,18590,21669.85
1756821600.001,3514.135,3514.525,3509.525,3514.525,53180,22997.5
1756825200,3520.58,3523.155,3518.155,3523.155,37110,24409.25
1756828800,3528.8650000000002,3528.8650000000002,3523.8650000000002,3523.8650000000002,22884,24873.95
1756832400,3522.015,3527.015,3522.015,3527.015,7179,25006.45
1756832400.001,3530.195,3532.12,3527.12,3527.12,25458,25820.8
1756836000,3525.295,3530.295,3525.295,3530.295,27335,26273.45
1756839600,3540.06,3540.06,3535.06,3535.06,12560,25583.25
1756843200,3533.4,3534.9,3529.9,3529.9,6076,24632.35
1756850400,3529.195,3531.54,3526.54,3531.54,7242,24544.55
1756854000,3533.1,3533.1,3528.1,3533.1,24148,24494.05
1756857600,3547.33,3547.33,3542.33,3542.33,7402,24460.2
1756857600.001,3536.1150000000002,3536.81,3531.81,3536.81,24195,24317.55
1756861200,3541.835,3543.895,3538.895,3543.895,21796,24200
1756864800,3546.145,3546.145,3541.145,3541.145,6865,23342.9
1756864800.001,3531.165,3534.38,3529.38,3534.38,38716,24827.05
1756872000,3538.41,3538.41,3533.41,3533.41,21010,23555.4
1756875600,3526.77,3531.77,3526.77,3531.77,20530,23958.4
1756879200,3537.725,3537.725,3532.725,3532.725,20765,22757.45
1756882800,3529.13,3534.13,3529.13,3534.13,22100,21257.05
1756886400,3541.505,3541.995,3536.995,3536.995,21898,21422.45
1756890000,3533.75,3537.37,3532.37,3537.37,23765,19951.7
1756893600,3541.77,3544.975,3539.975,3544.975,24511,19321.75
1756897200,3549.66,3549.66,3544.66,3544.66,23447,19349.9
1756900800,3541.395,3546.395,3541.395,3546.395,8657,19423.8
1756900800.001,3551.635,3554.3450000000003,3549.3450000000003,3554.3450000000003,48475,20574.65
1756904400,3561.39,3561.39,3556.39,3556.39,13272,19871.5
1756904400.001,3554.0950000000003,3556.635,3551.635,3556.635,45648,21525.9
1756908000,3565.8050000000003,3565.8050000000003,3560.8050000000003,3560.8050000000003,15216,21982.9
1756908000.001,3558.4900000000002,3562.63,3557.63,3562.63,27749,23008.25
1756911600,3567.525,3567.525,3562.525,3562.525,22403,22921
1756915200,3562.375,3567.375,3562.375,3567.375,6577,22879.75
1756915200.001,3572.67,3575.25,3570.25,3575.25,24899,22914.95
1756918800,3576.03,3578.66,3573.66,3573.66,33011,23475.7
1756922400,3565.53,3570.53,3565.53,3570.53,25133,24389.1
1756926000,3571.77,3571.77,3566.77,3566.77,8082,22857.4
1756926000.001,3561.2200000000003,3566.0950000000003,3561.0950000000003,3561.0950000000003,14550,22534.4
1756929600,3558.94,3563.94,3558.94,3563.94,10078,22011.8
1756936800,3564.155,3564.155,3559.155,3559.155,10821,21514.6
1756940400,3554.48,3559.48,3554.48,3559.48,2727,20545.95
1756940400.001,3560.495,3560.5550000000003,3555.5550000000003,3555.5550000000003,9376,19919.85
1756944000,3551.895,3556.895,3551.895,3556.895,4688,18966
1756944000.001,3562.52,3563.475,3558.475,3558.475,27169,19098.9
1756947600,3543.715,3548.715,3543.715,3548.715,24537,19153.4
1756951200,3550.61,3550.61,3545.61,3545.61,8521,19146.6
1756951200.001,3526.4,3531.4,3526.4,3531.4,24149,17930.3
1756954800,3531.78,3531.78,3526.78,3526.78,7813,17657.35
1756954800.001,3511.755,3516.755,3511.755,3516.755,7813,15765.6
1756954800.002,3529.1800000000003,3533.815,3528.815,3533.815,8242,15416.9
1756958400,3534.4,3534.4,3529.4,3529.4,16821,14870.5
1756962000,3525.475,3529.5,3524.5,3529.5,23667,14933.7
1756965600,3541.92,3541.92,3536.92,3536.92,6325,14921.1
1756965600.001,3536.175,3537.87,3532.87,3537.87,15673,14459.8
1756969200,3541.3,3542.42,3537.42,3542.42,20989,13858.7
1756972800,3545.63,3545.63,3540.63,3540.63,17299,13467
1756976400,3536.815,3541.815,3536.815,3541.815,17602,13943
1756980000,3547.185,3547.185,3542.185,3542.185,4529,13441.95
1756980000.001,3541.025,3541.5750000000003,3536.5750000000003,3541.5750000000003,16419,13759
1756983600,3550.04,3550.04,3545.04,3545.04,21912,14313.55
1756987200,3541.275,3546.275,3541.275,3546.275,8219,14588.15
1756987200.001,3553.32,3553.342,3548.342,3553.342,36521,15945.4
1756990800,3558.9300000000003,3558.9300000000003,3553.9300000000003,3553.9300000000003,14151,16418.55
1756990800.001,3539.9,3544.9,3539.9,3544.9,14151,15767.65
1756990800.002,3546.4900000000002,3546.4900000000002,3541.4900000000002,3541.4900000000002,44936,16787.6
1756994400,3535.145,3540.145,3535.145,3540.145,14978,17110.45
1756994400.001,3545.89,3547.4700000000003,3542.4700000000003,3547.4700000000003,20094,16907.7
1756998000,3553.3050000000003,3556.275,3551.275,3551.275,25595,17796.8
1757001600,3549.42,3554.42,3549.42,3554.42,16172,18214.75
1757005200,3555.54,3555.54,3550.54,3550.54,4937,18049.5
1757005200.001,3542.6,3547.6,3542.6,3547.6,16145,18015.7
1757008800,3548.405,3550.62,3545.62,3550.62,18471,17755.9
1757012400,3551.2000000000003,3551.2000000000003,3546.2000000000003,3546.2000000000003,8407,17860
1757016000,3544.4,3545.87,3540.87,3540.87,4213,17287
1757023200,3540.015,3545.015,3540.015,3545.015,7459,16610.5
1757026800,3554.565,3556.755,3551.755,3551.755,20554,16773.25
1757030400,3549.145,3554.145,3549.145,3554.145,27041,17245.2
1757034000,3556.6,3556.6,3551.6,3551.6,25441,18290.8
1757037600,3545.945,3550.945,3545.945,3550.945,6157,17777.7
1757037600.001,3551.015,3553.775,3548.775,3553.775,12660,17315.1
1757041200,3559.195,3561.28,3556.28,3556.28,29783,18393.3
1757048400,3555.705,3558.09,3553.09,3553.09,24915,17813
1757052000,3548.21,3553.21,3548.21,3553.21,19135,18062.2
1757055600,3554.375,3554.375,3549.375,3549.375,6194,17664.35
1757055600.001,3546.635,3550.035,3545.035,3545.035,21416,16488.35
1757059200,3544.855,3549.855,3544.855,3549.855,19733,16726.1
1757062800,3553.92,3553.92,3548.92,3548.92,32727,17357.75
1757070000,3547.9,3552.9,3547.9,3552.9,6185,16387.25
1757070000.001,3555.32,3555.32,3550.32,3550.32,43343,17745.8
1757073600,3548.84,3553.84,3548.84,3553.84,18579,18427.9
1757073600.001,3587.04,3587.04,3582.04,3582.04,18579,18549.6
1757073600.002,3580.5550000000003,3580.565,3575.565,3575.565,38756,19563.85
1757077200,3573.25,3578.25,3573.25,3578.25,19378,20112.4
1757077200.001,3595.425,3598.07,3593.07,3593.07,80230,23913.25
1757080800,3573.2400000000002,3578.2400000000002,3573.2400000000002,3578.2400000000002,20284,24554.5
1757080800.001,3590.31,3590.31,3585.31,3585.31,28320,24942.8
1757084400,3581.895,3586.895,3581.895,3586.895,14160,24298.75
1757084400.001,3595.515,3596.0950000000003,3591.0950000000003,3596.0950000000003,44209,25237.15
1757088000,3600.205,3600.205,3595.205,3595.205,10016,25430.1
1757088000.001,3595.175,3595.445,3590.445,3595.445,26727,26133.45
1757091600,3597.585,3597.585,3592.585,3592.585,31784,26233.5
1757095200,3592.57,3596.155,3591.155,3591.155,57318,27853.65
1757102400,3586.19,3591.19,3586.19,3591.19,8965,27345.15
1757282400,3591.61,3591.9500000000003,3586.9500000000003,3591.9500000000003,10637,27567.3
1757282400.001,3597.0950000000003,3597.0950000000003,3592.0950000000003,3592.0950000000003,15212,27257.1
1757286000,3587.84,3592.005,3587.005,3592.005,25130,27526.95
1757289600,3594.5,3597.2000000000003,3592.2000000000003,3592.2000000000003,43454,28063.3
1757293200,3584.905,3589.905,3584.905,3589.905,33936,29450.85
1757296800,3594.585,3594.585,3589.585,3589.585,23141,28440.75
1757300400,3582.98,3584.875,3579.875,3579.875,16849,28354.25
1757304000,3579.7200000000003,3584.7200000000003,3579.7200000000003,3584.7200000000003,19383,28394.45
1757307600,3591.8450000000003,3594.4900000000002,3589.4900000000002,3594.4900000000002,24850,27699.15
1757311200,3599.035,3601.48,3596.48,3601.48,28656,28163.05
1757314800,3613.75,3613.75,3608.75,3608.75,18272,25065.15
1757318400,3607.3,3612.3,3607.3,3612.3,5452,24323.55
1757318400.001,3617.295,3617.295,3612.295,3612.295,5452,23180.15
1757318400.002,3611.285,3613.7000000000003,3608.7000000000003,3613.7000000000003,12516,23097.95
1757322000,3615.165,3618.535,3613.535,3618.535,17896,21782.3
1757325600,3622.475,3622.475,3617.475,3617.475,4574,21510.2
1757325600.001,3617.0750000000003,3617.725,3612.725,3617.725,10578,20702.75
1757329200,3620.0750000000003,3620.0750000000003,3615.0750000000003,3615.0750000000003,18293,20028.2
1757332800,3614.775,3619.775,3614.775,3619.775,7384,17531.5
1757332800.001,3626.09,3626.09,3621.09,3621.09,37826,18974.55
1757336400,3620.215,3625.215,3620.215,3625.215,15221,19203.75
1757336400.001,3637.0750000000003,3637.0750000000003,3632.0750000000003,3632.0750000000003,41699,20528.1
1757340000,3628.895,3633.895,3628.895,3633.895,13239,19933.55
1757340000.001,3641.08,3645.8450000000003,3640.8450000000003,3645.8450000000003,34372,19479.45
1757343600,3646.545,3646.545,3641.545,3641.545,10567,18311
1757343600.001,3633.265,3638.265,3633.265,3638.265,10567,17682.3
1757343600.002,3639.355,3640.9,3635.9,3640.9,17854,17732.55
1757347200,3641.735,3641.735,3636.735,3636.735,25037,18015.25
1757350800,3632.675,3636.935,3631.935,3636.935,40672,18806.35
1757358000,3637.69,3638.02,3633.02,3633.02,15331,18140.1
1757368800,3628.83,3633.48,3628.48,3633.48,6286,17540.8
1757372400,3636.33,3638.63,3633.63,3638.63,14436,17990
1757376000,3641.015,3641.16,3636.16,3641.16,23576,18896.2
1757379600,3647.7200000000003,3649.925,3644.925,3649.925,29096,19725.2
1757383200,3654.605,3654.605,3649.605,3649.605,7552,19208
1757383200.001,3647.54,3652.08,3647.08,3647.08,17762,19867.4
1757386800,3642.655,3647.655,3642.655,3647.655,16186,20147.8
1757390400,3657.295,3657.755,3652.755,3657.755,19397,20203
1757394000,3659.435,3659.435,3654.435,3654.435,34648,21566.2
1757397600,3636.62,3641.62,3636.62,3641.62,9774,20163.6
1757397600.001,3647.69,3651.0950000000003,3646.0950000000003,3646.0950000000003,17973,20301.2
1757401200,3641.6150000000002,3646.6150000000002,3641.6150000000002,3646.6150000000002,26546,19543.55
1757404800,3651.215,3652.81,3647.81,3652.81,18062,19784.7
1757408400,3656.8,3656.8,3651.8,3651.8,13951,18763.65
1757412000,3648.835,3653.835,3648.835,3653.835,13019,18886.25
1757415600,3654.295,3654.295,3649.295,3649.295,4806,18598.2
1757415600.001,3646.875,3651.875,3646.875,3651.875,26348,19022.9
1757419200,3655.59,3655.59,3650.59,3650.59,10771,18309.6
1757419200.001,3643.775,3648.775,3643.775,3648.775,53828,18967.4
1757422800,3668.32,3670.905,3665.905,3670.905,63837,21392.7
1757426400,3674.695,3674.695,3669.695,3669.695,24742,22315.5
1757426400.001,3636.005,3641.005,3636.005,3641.005,24742,22830.8
1757426400.002,3645.0750000000003,3645.09,3640.09,3640.09,29100,23107
1757430000,3626.915,3631.915,3626.915,3631.915,14549,22379.65
1757430000.001,3646.645,3649.58,3644.58,3644.58,39453,23974.7
1757433600,3644.2000000000003,3646.5,3641.5,3641.5,27894,24481.3
1757437200,3641.415,3645.1,3640.1,3640.1,22771,24810.55
1757440800,3639.715,3641.28,3636.28,3636.28,24775,25079.45
1757444400,3628.65,3632.9500000000003,3627.9500000000003,3627.9500000000003,12231,23958.6
1757448000,3626.03,3628.12,3623.12,3628.12,8083,23874.05
1757455200,3635.8650000000002,3640.225,3635.225,3640.225,6990,23324.9
1757458800,3640.675,3640.675,3635.675,3635.675,2469,22121.05
1757458800.001,3633.535,3634.635,3629.635,3629.635,16872,22061.55
1757462400,3621.5,3625.135,3620.135,3625.135,28890,22808.5
1757466000,3632.79,3635.0950000000003,3630.0950000000003,3635.0950000000003,23048,23309.95
1757469600,3638.225,3638.225,3633.225,3633.225,11413,23640.3
1757473200,3633.125,3638.125,3633.125,3638.125,15184,23082.1
1757476800,3643.39,3644.96,3639.96,3644.96,11403,23113.7
1757480400,3645.46,3645.755,3640.755,3645.755,16146,21229.6
1757484000,3647.705,3647.705,3642.705,3642.705,13386,18707.05
1757487600,3641.26,3646.26,3641.26,3646.26,4472,17693.55
1757487600.001,3648.605,3648.605,3643.605,3643.605,12787,17095.8
1757491200,3641.885,3646.885,3641.885,3646.885,4157,15848.65
1757491200.001,3647.875,3649.9300000000003,3644.9300000000003,3649.9300000000003,13220,15782.2
1757494800,3656.195,3657.535,3652.535,3652.535,16293,14624.2
1757498400,3651.56,3656.495,3651.495,3651.495,19548,14206.9
1757502000,3648.385,3653.385,3648.385,3653.385,27395,14438.1
1757505600,3657.61,3657.61,3652.61,3652.61,11176,13758.15
1757505600.001,3640.34,3645.34,3640.34,3645.34,47350,15514.1
1757509200,3654.23,3655.5750000000003,3650.5750000000003,3650.5750000000003,45902,17405.05
1757512800,3643.885,3648.715,3643.715,3643.715,38393,18975.2
1757516400,3638.65,3643.65,3638.65,3643.65,9037,19303.6
1757516400.001,3644.51,3647.02,3642.02,3642.02,17284,19324.2
1757520000,3640,3645,3640,3645,22749,19017.15
1757523600,3647.695,3649.69,3644.69,3644.69,42067,19968.1
1757530800,3635.335,3640.335,3635.335,3640.335,5445,19669.7
1757530800.001,3642.14,3643.16,3638.16,3643.16,5061,19163.55
1757541600,3644.465,3644.4900000000002,3639.4900000000002,3639.4900000000002,1762,18681.5
1757541600.001,3637.96,3642.96,3637.96,3642.96,4273,18087.85
1757545200,3645.695,3647.535,3642.535,3647.535,21138,18475.45
1757552400,3649.3450000000003,3649.3450000000003,3644.3450000000003,3644.3450000000003,3452,18424.45
1757552400.001,3639.8650000000002,3643.61,3638.61,3638.61,13033,18436.75
1757556000,3634.255,3637.37,3632.37,3632.37,14507,18954.25
1757559600,3629.77,3634.44,3629.44,3629.44,28592,19722.85
1757566800,3623.495,3627.75,3622.75,3627.75,22300,20023.2
1757570400,3637.92,3637.92,3632.92,3632.92,23110,20201.3
1757574000,3623.815,3628.815,3623.815,3628.815,5849,19124
1757574000.001,3630.09,3631.985,3626.985,3626.985,10290,19079.7
1757577600,3625.4700000000003,3626.2400000000002,3621.2400000000002,3621.2400000000002,20908,17757.6
1757581200,3614.36,3619.36,3614.36,3619.36,5825,15753.75
1757581200.001,3622.05,3624.7400000000002,3619.7400000000002,3624.7400000000002,11130,14390.6
1757584800,3625.0750000000003,3625.0750000000003,3620.0750000000003,3620.0750000000003,18604,14868.95
1757588400,3615.56,3617.835,3612.835,3617.835,48942,16451.85
1757592000,3644.085,3644.085,3639.085,3639.085,14659,16047.35
1757592000.001,3628.85,3629.09,3624.09,3624.09,33271,15607.55
1757595600,3618.48,3623.48,3618.48,3623.48,16635,16167.05
1757595600.001,3637.17,3637.17,3632.17,3632.17,16635,16745.75
1757595600.002,3630.2400000000002,3635.195,3630.195,3635.195,22406,17777.95
1757599200,3637.96,3637.96,3632.96,3632.96,11203,18124.45
1757599200.001,3626.155,3631.155,3626.155,3631.155,33428,18738.95
1757602800,3639.19,3639.19,3634.19,3634.19,7408,18936.75
1757602800.001,3633.06,3638.04,3633.04,3638.04,17811,19175.65
1757606400,3642.1150000000002,3642.1150000000002,3637.1150000000002,3637.1150000000002,5936,18747.1
1757606400.001,3636.215,3636.835,3631.835,3636.835,29274,18781.2
1757613600,3637.09,3637.09,3632.09,3632.09,4892,17910.8
1757613600.001,3630.525,3635.525,3630.525,3635.525,11681,17339.35
1757617200,3637.605,3638.255,3633.255,3638.255,6164,17355.1
1757628000,3638.525,3638.525,3633.525,3633.525,427,16861.95
1757628000.001,3633.335,3636.31,3631.31,3631.31,11744,16403.75
1757635200,3630.625,3635.625,3630.625,3635.625,3327,16278.85
1757635200.001,3638.195,3641.485,3636.485,3641.485,23477,16896.2
1757638800,3647.765,3650.085,3645.085,3650.085,18814,16906.7
1757642400,3651.17,3651.715,3646.715,3651.715,14503,15184.75
1757646000,3653.405,3656.645,3651.645,3656.645,15720,15237.8
1757653200,3656.7000000000003,3656.7000000000003,3651.7000000000003,3651.7000000000003,16913,14419.9
1757656800,3648.39,3653.39,3648.39,3653.39,11537,14165
1757660400,3653.87,3653.87,3648.87,3648.87,3794,13522.95
1757660400.001,3647.86,3651.415,3646.415,3646.415,21070,13456.15
1757664000,3639.7400000000002,3642.63,3637.63,3642.63,19165,13854.25
1757667600,3647.2000000000003,3651.265,3646.265,3651.265,16776,13021.65
1757671200,3652.26,3652.26,3647.26,3647.26,17606,13531.55
1757674800,3646.885,3649.04,3644.04,3644.04,36820,14482
1757678400,3638.235,3643.235,3638.235,3643.235,10773,14723.85
1757678400.001,3645.55,3648.455,3643.455,3648.455,32390,14879.65
1757682000,3652.7000000000003,3654.495,3649.495,3649.495,39317,16600.9
1757685600,3647.425,3648.32,3643.32,3643.32,31851,17609.4
1757689200,3641.79,3646.79,3641.79,3646.79,19280,18265.2
1757692800,3649.8,3650.8650000000002,3645.8650000000002,3645.8650000000002,37682,20127.95
1757703600,3643.53,3645.83,3640.83,3640.83,10368,20059.15
1757887200,3640.035,3642.31,3637.31,3637.31,4429,20114.25
1757890800,3636.955,3641.955,3636.955,3641.955,8142,19347.5
1757894400,3642.8,3642.8,3637.8,3637.8,3507,18582.15
1757894400.001,3632.025,3633.475,3628.475,3628.475,17970,18755.5
1757898000,3626.46,3631.46,3626.46,3631.46,7231,18331.05
1757898000.001,3634.9900000000002,3639.32,3634.32,3639.32,26725,18821.65
1757901600,3645.67,3645.67,3640.67,3640.67,13859,18937.75
1757905200,3640.255,3645.255,3640.255,3645.255,3681,18932.1
1757905200.001,3646.515,3646.9500000000003,3641.9500000000003,3641.9500000000003,37671,19762.15
1757916000,3636.5,3638.675,3633.675,3638.675,28394,20223.6
1757919600,3645.17,3645.925,3640.925,3645.925,30165,20893.05
1757926800,3646.195,3646.195,3641.195,3641.195,4034,20214.45
1757926800.001,3635.66,3640.66,3635.66,3640.66,4034,18575.15
1757926800.002,3641.32,3646.32,3641.32,3646.32,9624,18517.7
1757930400,3646.545,3646.545,3641.545,3641.545,4811,17138.75
1757930400.001,3639.015,3644.015,3639.015,3644.015,20751,16210.45
1757934000,3646.855,3646.855,3641.855,3641.855,22973,15766.55
1757937600,3636.9300000000003,3641.9300000000003,3636.9300000000003,3641.9300000000003,8829,15244
1757937600.001,3650.98,3652.005,3647.005,3652.005,45637,15641.75
1757941200,3664.315,3664.315,3659.315,3659.315,12269,15736.8
1757941200.001,3657.2200000000003,3659.01,3654.01,3659.01,24561,16743.4
1757944800,3663.985,3668.035,3663.035,3668.035,32299,17951.25
1757948400,3681.94,3685.51,3680.51,3685.51,25507,19051.25
1757952000,3685.695,3685.695,3680.695,3680.695,8735,18589.5
1757952000.001,3674.7400000000002,3679.7400000000002,3674.7400000000002,3679.7400000000002,29693,19712.6
1757955600,3682.705,3682.705,3677.705,3677.705,20584,19405.55
1757959200,3675.965,3680.965,3675.965,3680.965,20511,19738.15
1757962800,3682.79,3682.79,3677.79,3677.79,14006,20254.4
1757973600,3676.505,3681.165,3676.165,3681.165,17470,19244.35
1757980800,3687.035,3689.51,3684.51,3684.51,20470,18848.15
1757984400,3677.13,3682.13,3677.13,3682.13,13135,17996.65
1757988000,3682.88,3682.88,3677.88,3677.88,3788,17984.35
1757988000.001,3674.705,3679.705,3674.705,3679.705,10884,18326.85
1757991600,3683.235,3685.26,3680.26,3685.26,7826,18236.95
1757995200,3685.435,3685.435,3680.435,3680.435,8967,18444.75
1757998800,3680.285,3685.285,3680.285,3685.285,14957,18155.05
1758002400,3694.25,3694.25,3689.25,3689.25,18460,17929.4
1758006000,3686.375,3691.2400000000002,3686.2400000000002,3691.2400000000002,16782,18327.05
1758009600,3697.405,3698.14,3693.14,3698.14,13995,16744.95
1758013200,3699.13,3699.13,3694.13,3694.13,14104,16836.7
1758016800,3692.725,3695.55,3690.55,3695.55,20994,16658.35
1758020400,3699.62,3699.62,3694.62,3694.62,31873,16637.05
1758024000,3686.465,3690.25,3685.25,3690.25,47799,17751.65
1758027600,3698.76,3700.685,3695.685,3700.685,44219,19525.85
1758031200,3703.2400000000002,3703.2400000000002,3698.2400000000002,3698.2400000000002,15591,18820.75
1758031200.001,3685.69,3689.015,3684.015,3684.015,51627,20372.9
1758034800,3678.885,3683.885,3678.885,3683.885,12012,19947.95
1758034800.001,3686.4300000000003,3689.81,3684.81,3689.81,22743,20384.8
1758038400,3691.375,3691.375,3686.375,3686.375,25700,20796.3
1758042000,3686.36,3691.36,3686.36,3691.36,39752,21760.4
1758052800,3693.94,3694.855,3689.855,3694.855,5303,21368.8
1758063600,3695.4,3695.52,3690.52,3690.52,35980,22978.4
1758070800,3676.025,3679.505,3674.505,3674.505,20686,23468.5
1758074400,3674.15,3679.15,3674.15,3679.15,6148,23384.6
1758074400.001,3684.01,3684.875,3679.875,3684.875,26748,24273.65
1758085200,3686.07,3686.07,3681.07,3681.07,3951,23723.35
1758085200.001,3675.905,3680.185,3675.185,3675.185,18459,23723.3
1758088800,3670.7000000000003,3675.7000000000003,3670.7000000000003,3675.7000000000003,13781,23573.25
1758092400,3677.4900000000002,3677.4900000000002,3672.4900000000002,3672.4900000000002,4473,23097.15
1758092400.001,3666.725,3668.03,3663.03,3663.03,16866,23235.25
1758096000,3662.635,3667.635,3662.635,3667.635,14995,22935.3
1758099600,3671.135,3671.135,3666.135,3666.135,19735,22328.4
1758103200,3660.455,3665.02,3660.02,3665.02,28874,21382.15
1758106800,3670.03,3670.7000000000003,3665.7000000000003,3670.7000000000003,24267,20384.55
1758110400,3679.52,3679.52,3674.52,3674.52,27583,20984.15
1758114000,3672.85,3677.85,3672.85,3677.85,11053,18955.45
1758114000.001,3682.685,3682.685,3677.685,3677.685,27139,19711.8
1758117600,3676.98,3681.98,3676.98,3681.98,8042,18976.75
1758117600.001,3686.15,3687.88,3682.88,3687.88,39775,19680.5
1758124800,3688.5950000000003,3688.5950000000003,3683.5950000000003,3683.5950000000003,16068,18496.3
1758128400,3678.795,3683.795,3678.795,3683.795,5593,18510.8
1758128400.001,3687.73,3691.06,3686.06,3691.06,80019,20712.75
1758132000,3707.5550000000003,3707.5550000000003,3702.5550000000003,3702.5550000000003,37212,21539.05
1758132000.001,3646.125,3651.125,3646.125,3651.125,99405,26201.9
1758135600,3667.12,3667.12,3662.12,3662.12,20731,25901.05
1758135600.001,3661.915,3661.915,3656.915,3656.915,5732,25990.1
1758139200,3656.28,3659.975,3654.975,3654.975,4717,25303
1758146400,3654.815,3659.815,3654.815,3659.815,1403,24684.1
1758146400.001,3665.48,3667.06,3662.06,3667.06,7046,24812.75
1758150000,3672.125,3672.125,3667.125,3667.125,15384,24738.65
1758153600,3658.08,3663.08,3658.08,3663.08,4500,24213.9
1758153600.001,3665.34,3668.905,3663.905,3663.905,30294,24741.85
1758157200,3651.695,3656.695,3651.695,3656.695,10098,23803.05
1758157200.001,3657.15,3660.455,3655.455,3660.455,13673,23273.35
1758160800,3666.01,3666.035,3661.035,3661.035,14306,22609.5
1758164400,3657.98,3659.395,3654.395,3654.395,12258,22669.75
1758168000,3653.445,3658.445,3653.445,3658.445,13178,21971.7
1758171600,3659.34,3659.34,3654.34,3654.34,5088,21824
1758171600.001,3649.4900000000002,3651.91,3646.91,3646.91,32129,21441.7
1758175200,3634.0550000000003,3639.0550000000003,3634.0550000000003,3639.0550000000003,30117,22144.15
1758178800,3660.09,3660.09,3655.09,3655.09,16867,22707.85
1758182400,3653.82,3658.82,3653.82,3658.82,4916,18952.7
1758182400.001,3665.975,3669.75,3664.75,3669.75,20905,18137.35
1758186000,3673.205,3673.205,3668.205,3668.205,16845,14009.35
1758189600,3665.54,3669.455,3664.455,3669.455,17660,13855.8
1758193200,3671.015,3672.26,3667.26,3672.26,19513,14544.85
1758196800,3672.535,3672.535,3667.535,3667.535,7453,14681.65
1758196800.001,3663.02,3664.42,3659.42,3659.42,60172,17620.1
1758200400,3627.96,3632.96,3627.96,3632.96,17573,18146.45
1758200400.001,3642.195,3646.6150000000002,3641.6150000000002,3641.6150000000002,50086,19881.55
1758204000,3634.35,3639.35,3634.35,3639.35,41744,21743.75
1758207600,3642.335,3645.8650000000002,3640.8650000000002,3645.8650000000002,29260,21692.05
1758211200,3647.33,3647.33,3642.33,3642.33,44815,23427.9
1758218400,3640.495,3645.495,3640.495,3645.495,20963,23792.4
1758222000,3647.14,3647.235,3642.235,3642.235,10453,23599.75
1758232800,3639.495,3642.79,3637.79,3637.79,13318,23652.75
1758240000,3636.145,3641.145,3636.145,3641.145,15988,23793.25
1758243600,3651.4,3651.4,3646.4,3646.4,6655,23871.6
1758243600.001,3632.38,3637.38,3632.38,3637.38,6654,22597.85
1758243600.002,3639.985,3643.9900000000002,3638.9900000000002,3643.9900000000002,15429,21863.45
1758247200,3650.4,3650.445,3645.445,3650.445,21360,22088.1
1758250800,3656.61,3658.81,3653.81,3658.81,14542,22569.4
1758254400,3660.0750000000003,3661.355,3656.355,3656.355,14262,22237.25
1758258000,3651.465,3654.2000000000003,3649.2000000000003,3649.2000000000003,20016,22395.8
1758261600,3643.4,3648.4,3643.4,3648.4,15656,22295.6
1758265200,3657.475,3657.475,3652.475,3652.475,9000,21769.95
1758268800,3649.715,3654.715,3649.715,3654.715,2795,21537.05
1758268800.001,3656.69,3659.29,3654.29,3654.29,38456,20451.25
1758279600,3645.765,3649.495,3644.495,3649.495,26245,20884.85
1758283200,3651.965,3651.965,3646.965,3646.965,31456,19953.35
1758286800,3643.785,3648.785,3643.785,3648.785,12116,18471.95
1758286800.001,3664.59,3664.59,3659.59,3659.59,39816,18999.75
1758290400,3656.425,3661.425,3656.425,3661.425,13850,17451.5
1758290400.001,3669.355,3670.42,3665.42,3670.42,44540,18630.35
1758294000,3676.015,3676.015,3671.015,3671.015,10230,18619.2
1758294000.001,3670.9500000000003,3673.39,3668.39,3668.39,23058,19106.2
1758297600,3666.5550000000003,3671.5550000000003,3666.5550000000003,3671.5550000000003,31200,19866.8
1758301200,3679.57,3683.0750000000003,3678.0750000000003,3683.0750000000003,25755,20821.8
1758304800,3684.23,3685.8,3680.8,3685.8,38303,22404.25
1758492000,3687.77,3688.545,3683.545,3688.545,4307,21848.15
1758492000.001,3692.29,3692.29,3687.29,3687.29,8165,21188.4
1758495600,3685.685,3690.655,3685.655,3690.655,10956,21009.1
1758499200,3691.2200000000003,3695.9900000000002,3690.9900000000002,3695.9900000000002,17319,21161.95
1758502800,3696.945,3696.945,3691.945,3691.945,7168,20519.55
1758502800.001,3686.775,3691.775,3686.775,3691.775,17975,20635.5
1758506400,3693.4700000000003,3693.4700000000003,3688.4700000000003,3688.4700000000003,5404,20455.7
1758506400.001,3685.46,3690.46,3685.46,3690.46,18090,21220.45
1758510000,3697.59,3697.59,3692.59,3692.59,10325,19813.9
1758513600,3690.04,3695.04,3690.04,3695.04,11681,19085.7
1758517200,3700.44,3700.655,3695.655,3700.655,23696,18697.7
1758520800,3720.07,3720.07,3715.07,3715.07,6826,18433.2
1758520800.001,3714.39,3716.535,3711.535,3711.535,16081,17246.45
1758524400,3708.64,3713.64,3708.64,3713.64,20084,17558.15
1758528000,3722.58,3724.38,3719.38,3724.38,17005,16181.4
1758531600,3726.965,3726.965,3721.965,3721.965,12663,16303.05
1758535200,3721.045,3726.045,3721.045,3726.045,4315,15365.9
1758535200.001,3728.4900000000002,3728.4900000000002,3723.4900000000002,3723.4900000000002,19557,14783.75
1758538800,3721.1800000000003,3725.505,3720.505,3720.505,29821,14987.05
1758542400,3712.25,3717.25,3712.25,3717.25,8246,13484.2
1758542400.001,3721.635,3721.67,3716.67,3716.67,29614,14749.55
1758546000,3713.75,3718.75,3713.75,3718.75,14807,15081.65
1758546000.001,3725.5750000000003,3725.5750000000003,3720.5750000000003,3720.5750000000003,42379,16652.8
1758549600,3716.9,3721.9,3716.9,3721.9,13786,16476.15
1758549600.001,3726.4700000000003,3728.6150000000002,3723.6150000000002,3728.6150000000002,39792,18107.35
1758553200,3736.485,3740.27,3735.27,3740.27,52036,19810.4
1758560400,3747.32,3748.86,3743.86,3743.86,32842,21182.3
1758567600,3742.455,3747.455,3742.455,3747.455,4139,20484.75
1758567600.001,3747.685,3748.62,3743.62,3743.62,6132,20275.1
1758578400,3738.125,3743.125,3738.125,3743.125,6489,20015.5
1758582000,3749.255,3750.675,3745.675,3745.675,12529,19457.15
1758585600,3745.03,3750.03,3745.03,3750.03,24458,20338.75
1758589200,3759.42,3759.42,3754.42,3754.42,27524,20910.9
1758592800,3736.66,3741.66,3736.66,3741.66,6851,20249.25
1758592800.001,3742,3744.2000000000003,3739.2000000000003,3744.2000000000003,10508,19924.4
1758596400,3747.28,3748.285,3743.285,3748.285,22092,20395.85
1758603600,3758.8050000000003,3758.8050000000003,3753.8050000000003,3753.8050000000003,3891,20374.65
1758603600.001,3753.235,3756.33,3751.33,3756.33,15252,20159.4
1758607200,3757.53,3757.53,3752.53,3752.53,21425,19739.6
1758610800,3748.985,3753.985,3748.985,3753.985,23024,20478.5
1758614400,3775.285,3779.205,3774.205,3779.205,25330,20264.3
1758618000,3791.255,3791.255,3786.255,3786.255,6490,19848.45
1758618000.001,3784.89,3787.92,3782.92,3782.92,12725,18365.75
1758621600,3780.785,3784.745,3779.745,3784.745,25333,18943.1
1758625200,3788.925,3788.925,3783.925,3783.925,7030,17305
1758625200.001,3783.6800000000003,3783.75,3778.75,3778.75,18361,15621.25
1758628800,3777.56,3782.56,3777.56,3782.56,9180,14438.15
1758628800.001,3785.4700000000003,3788.81,3783.81,3783.81,51450,16803.7
1758632400,3774.085,3779.085,3774.085,3779.085,14089,17201.55
1758632400.001,3783.9500000000003,3784.945,3779.945,3779.945,41700,18962.1
1758636000,3767.6150000000002,3772.6150000000002,3767.6150000000002,3772.6150000000002,13900,19030.65
1758636000.001,3774.175,3777.965,3772.965,3777.965,21345,18875
1758639600,3782.12,3782.12,3777.12,3777.12,36598,19328.7
1758643200,3765.03,3770.03,3765.03,3770.03,9827,19477.5
1758643200.001,3779.35,3784.35,3779.35,3784.35,12726,19588.4
1758646800,3785.84,3785.84,3780.84,3780.84,6362,18801.9
1758646800.001,3775.9300000000003,3780.9300000000003,3775.9300000000003,3780.9300000000003,23466,19780.65
1758650400,3781.445,3781.445,3776.445,3776.445,8552,19445.65
1758650400.001,3756.275,3757.0750000000003,3752.0750000000003,3757.0750000000003,34775,20113.15
1758654000,3768.315,3768.315,3763.315,3763.315,13015,19612.7
1758657600,3762.65,3766.67,3761.67,3766.67,6768,18684.6
1758668400,3770.07,3770.07,3765.07,3765.07,1515,18435.85
1758668400.001,3762.07,3764.09,3759.09,3764.09,10264,18312.8
1758672000,3765.545,3770.2200000000003,3765.2200000000003,3770.2200000000003,15186,17805.45
1758675600,3771.945,3771.945,3766.945,3766.945,6135,17760.7
1758675600.001,3755.08,3756.4900000000002,3751.4900000000002,3751.4900000000002,15424,17613.85
1758679200,3750.51,3755.51,3750.51,3755.51,4645,17387.1
1758679200.001,3759.36,3759.36,3754.36,3754.36,11371,15383.15
1758682800,3752.275,3757.275,3752.275,3757.275,3363,14846.85
1758682800.001,3766.67,3768.335,3763.335,3768.335,8110,13167.35
1758686400,3768.44,3772.98,3767.98,3772.98,9669,12955.8
1758690000,3777.0750000000003,3777.0750000000003,3772.0750000000003,3772.0750000000003,10886,12432.85
1758693600,3769.155,3774.155,3769.155,3774.155,11304,11168.15
1758697200,3779.34,3779.34,3774.34,3774.34,10708,11212.2
1758700800,3767.145,3771.775,3766.775,3766.775,10785,11115.15
1758704400,3763.175,3768.175,3763.175,3768.175,2723,10933.2
1758704400.001,3768.465,3768.71,3763.71,3763.71,7250,10122.4
1758708000,3759.89,3764.6800000000003,3759.6800000000003,3764.6800000000003,10679,10228.75
1758711600,3769.605,3771.645,3766.645,3766.645,27165,9848.25
1758715200,3764.045,3769.045,3764.045,3769.045,25014,10448.2
1758718800,3772.9700000000003,3772.9700000000003,3767.9700000000003,3767.9700000000003,8438,10531.7
1758718800.001,3759.05,3764.05,3759.05,3764.05,28840,11897.95
1758722400,3765.335,3765.335,3760.335,3760.335,10201,11894.8
1758722400.001,3749.725,3754.725,3749.725,3754.725,25120,12391.5
1758726000,3756.71,3756.71,3751.71,3751.71,7460,12457.75
1758726000.001,3739.71,3744.71,3739.71,3744.71,22332,12803.15
1758729600,3745.32,3745.32,3740.32,3740.32,7436,12942.7
1758729600.001,3732.37,3737.37,3732.37,3737.37,15512,13149.75
1758733200,3738.965,3738.965,3733.965,3733.965,4037,13183.45
1758733200.001,3732.44,3734.08,3729.08,3729.08,20860,13820.95
1758736800,3722.8250000000003,3724.3450000000003,3719.3450000000003,3719.3450000000003,15596,14117.3
1758740400,3717.52,3722.52,3717.52,3722.52,4994,13822.7
1758740400.001,3731.835,3735.025,3730.025,3735.025,8730,13694
1758744000,3737.48,3741.165,3736.165,3741.165,3735,13345.35
1758751200,3745.1800000000003,3745.1800000000003,3740.1800000000003,3740.1800000000003,3703,12991.25
1758754800,3739.17,3744.17,3739.17,3744.17,1436,12926.9
1758754800.001,3745.52,3746.645,3741.645,3746.645,13158,13222.3
1758758400,3751.535,3751.535,3746.535,3746.535,19703,13673.5
1758762000,3732.955,3736.17,3731.17,3731.17,15809,13105.7
1758765600,3729.635,3734.635,3729.635,3734.635,5272,12118.6
1758765600.001,3742.38,3742.38,3737.38,3737.38,13030,12348.2
1758769200,3734.375,3736.795,3731.795,3736.795,8043,11308.35
1758772800,3740.7400000000002,3740.7400000000002,3735.7400000000002,3735.7400000000002,6506,11123.6
1758776400,3734.17,3739.17,3734.17,3739.17,2344,9984.8
1758776400.001,3741.51,3742.685,3737.685,3742.685,13185,10271.05
1758780000,3748.295,3748.295,3743.295,3743.295,3613,9335.1
1758780000.001,3740.9900000000002,3745.13,3740.13,3745.13,12273,9576.95
1758783600,3755.08,3756.3,3751.3,3756.3,19858,9794.25
1758787200,3761.69,3761.69,3756.69,3756.69,5255,9855.15
1758787200.001,3756.58,3756.65,3751.65,3751.65,8603,9242.3
1758790800,3750.465,3755.465,3750.465,3755.465,4301,8677.55
1758790800.001,3761.28,3761.28,3756.28,3756.28,11551,9005.4
1758794400,3755.635,3760.635,3755.635,3760.635,3625,8750.15
1758794400.001,3760.975,3760.975,3755.975,3755.975,24854,9806.1
1758798000,3741.23,3746.23,3741.23,3746.23,7076,9974.75
1758798000.001,3753.16,3755.9,3750.9,3750.9,28305,11318.2
1758801600,3730.66,3735.66,3730.66,3735.66,9434,11132
1758801600.001,3738.855,3743.855,3738.855,3743.855,25714,11432.55
1758805200,3745.815,3745.815,3740.815,3740.815,12857,11284.95
1758805200.001,3722.2200000000003,3727.2200000000003,3722.2200000000003,3727.2200000000003,12857,11664.2
1758805200.002,3733.8450000000003,3736.645,3731.645,3731.645,32748,12650.1
1758808800,3723.76,3728.76,3723.76,3728.76,10916,12793.75
1758808800.001,3731.655,3733.085,3728.085,3733.085,22524,13594.65
1758812400,3738.855,3741.05,3736.05,3741.05,18606,14407.75
1758816000,3742.8450000000003,3742.8450000000003,3737.8450000000003,3737.8450000000003,5548,14025.9
1758816000.001,3732.5950000000003,3737.405,3732.405,3737.405,22438,14967.15
1758819600,3744.27,3744.27,3739.27,3739.27,19057,15306.35
1758823200,3736.76,3741.76,3736.76,3741.76,6713,14649.1
1758823200.001,3758.4300000000003,3758.4300000000003,3753.4300000000003,3753.4300000000003,20963,15434.5
1758826800,3744.785,3749.785,3744.785,3749.785,10232,15515.95
1758830400,3752.495,3752.495,3747.495,3747.495,2471,15424.45
1758837600,3747.235,3751.4,3746.4,3751.4,1288,14911.3
1758837600.001,3751.6150000000002,3751.6150000000002,3746.6150000000002,3746.6150000000002,7300,15095.05
1758841200,3738.175,3743.175,3738.175,3743.175,2219,13963.3
1758841200.001,3744.855,3745.08,3740.08,3745.08,8863,14052.65
1758844800,3749.7200000000003,3753.31,3748.31,3748.31,20951,13684.95
1758848400,3737.85,3742.85,3737.85,3742.85,11152,13770.85
1758852000,3742.94,3742.94,3737.94,3737.94,2576,12613.95
1758852000.001,3737.695,3739.44,3734.44,3739.44,10314,12486.8
1758855600,3746.11,3749.65,3744.65,3744.65,12362,12462.05
1758862800,3741.735,3746.415,3741.415,3746.415,17450,11697.15
1758866400,3754.13,3754.13,3749.13,3749.13,5270,11414.85
1758866400.001,3743.525,3744.3450000000003,3739.3450000000003,3744.3450000000003,9152,10746.25
1758870000,3749.65,3752.245,3747.245,3752.245,12180,10424.95
1758873600,3755.2400000000002,3755.2400000000002,3750.2400000000002,3750.2400000000002,10007,10647.9
1758877200,3747.215,3752.215,3747.215,3752.215,7837,9917.85
1758880800,3755.16,3755.16,3750.16,3750.16,2757,9102.85
1758880800.001,3742.955,3747.955,3742.955,3747.955,11484,9341.4
1758884400,3753.06,3753.06,3748.06,3748.06,15631,9074.8
1758888000,3746.53,3751.53,3746.53,3751.53,6361,8881.25
1758888000.001,3757.505,3757.505,3752.505,3752.505,6361,9075.75
1758888000.002,3752.045,3756.225,3751.225,3756.225,40050,11013.85
1758891600,3766.425,3766.605,3761.605,3766.605,52442,13270.95
1758895200,3783.885,3783.885,3778.885,3778.885,31806,14750.3
1758898800,3772.995,3777.995,3772.995,3777.995,9387,14776.5
1758898800.001,3781.19,3781.3650000000002,3776.3650000000002,3776.3650000000002,25146,14986.25
1758902400,3771.41,3776.41,3771.41,3776.41,18620,15359.65
1758906000,3783.19,3783.355,3778.355,3778.355,17157,16088.7
1758909600,3774.73,3778.6150000000002,3773.6150000000002,3773.6150000000002,17602,16453.1
1758913200,3764.605,3769.605,3764.605,3769.605,8950,16282.5
1758916800,3769.705,3769.705,3764.705,3764.705,2246,15522.3
1758916800.001,3759.66,3764.66,3759.66,3764.66,3700,15443.8
1759096800,3764.745,3768.4500000000003,3763.4500000000003,3768.4500000000003,2906,15131.5
1759096800.001,3771.295,3772.605,3767.605,3767.605,6816,14863.3
1759100400,3766.525,3768.935,3763.935,3768.935,13521,15039
1759104000,3787.61,3788.725,3783.725,3783.725,34430,16368.65
1759107600,3767.91,3772.91,3767.91,3772.91,10172,16739.4
1759107600.001,3778.715,3782.765,3777.765,3782.765,17748,17052.6
1759111200,3798.79,3798.79,3793.79,3793.79,5916,16566.85
1759111200.001,3792.905,3797.2000000000003,3792.2000000000003,3797.2000000000003,12216,16859.6
1759114800,3799.4900000000002,3799.4900000000002,3794.4900000000002,3794.4900000000002,12474,17165.25
1759118400,3792.58,3797.58,3792.58,3797.58,4201,15372.8
1759118400.001,3809.195,3809.195,3804.195,3804.195,15757,13538.55
1759122000,3801.29,3806.29,3801.29,3806.29,5777,12237.1
1759122000.001,3814.655,3815.91,3810.91,3815.91,27708,13153.15
1759125600,3819.915,3819.915,3814.915,3814.915,24746,13133.15
1759129200,3804.985,3809.985,3804.985,3809.985,21086,13256.45
1759132800,3819.6,3819.8250000000003,3814.8250000000003,3814.8250000000003,19778,13387.5
1759136400,3806.9500000000003,3811.4700000000003,3806.4700000000003,3811.4700000000003,20187,13516.75
1759140000,3818.715,3821.51,3816.51,3821.51,22716,14205.05
1759143600,3831.4500000000003,3831.4500000000003,3826.4500000000003,3826.4500000000003,37860,15985.75
1759147200,3811.75,3814.425,3809.425,3814.425,45283,18064.9
1759150800,3828.19,3828.19,3823.19,3823.19,11540,18496.6
1759150800.001,3821.46,3821.63,3816.63,3821.63,39182,20114.9
1759154400,3830.695,3830.695,3825.695,3825.695,30734,20975.55
1759158000,3820.96,3825.96,3820.96,3825.96,8837,19695.9
1759158000.001,3833.315,3833.655,3828.655,3828.655,26099,20492.25
1759161600,3828.19,3832.98,3827.98,3827.98,24156,20812.65
1759165200,3824.19,3829.19,3824.19,3829.19,14732,21253.45
1759168800,3830.765,3830.765,3825.765,3825.765,4299,20857.6
1759168800.001,3823.31,3827.6,3822.6,3827.6,21730,21320.4
1759172400,3829.78,3832.795,3827.795,3832.795,10051,21612.9
1759176000,3834.3,3834.3,3829.3,3829.3,3372,20993.65
1759183200,3825.78,3830.78,3825.78,3830.78,652,20737.4
1759183200.001,3830.8050000000003,3833.13,3828.13,3833.13,2946,19499.3
1759186800,3833.4900000000002,3836.08,3831.08,3836.08,11290,18826.5
1759190400,3840.905,3843.11,3838.11,3843.11,22576,18901
1759194000,3851.06,3852.105,3847.105,3847.105,22498,19037
1759197600,3842.7200000000003,3847.7200000000003,3842.7200000000003,3847.7200000000003,5372,18296.25
1759197600.001,3848.2000000000003,3851.02,3846.02,3851.02,11823,17751.6
1759201200,3867.405,3867.405,3862.405,3862.405,9471,16332.15
1759204800,3862.105,3867.105,3862.105,3867.105,2765,14206.25
1759204800.001,3867.21,3867.52,3862.52,3867.52,15220,14390.25
1759208400,3870.54,3871.89,3866.89,3866.89,20970,13479.65
1759212000,3854.81,3859.415,3854.415,3854.415,26912,13288.55
1759215600,3839.545,3844.545,3839.545,3844.545,27874,14240.4
1759219200,3847.32,3847.32,3842.32,3842.32,10386,13454.75
1759219200.001,3807.61,3812.61,3807.61,3812.61,10385,12766.2
1759219200.002,3816.37,3821.29,3816.29,3821.29,16382,12848.7
1759222800,3821.635,3821.635,3816.635,3816.635,8190,13043.25
1759222800.001,3793.175,3798.175,3793.175,3798.175,8190,12366.25
1759222800.002,3798.815,3803.3050000000003,3798.3050000000003,3803.3050000000003,18318,12779.6
1759226400,3814.735,3814.735,3809.735,3809.735,18093,13515.65
1759230000,3804.625,3809.625,3804.625,3809.625,5993,13782.7
1759230000.001,3817.87,3817.87,3812.87,3812.87,21931,14731.95
1759233600,3808.945,3813.945,3808.945,3813.945,7969,14565.9
1759233600.001,3821.8050000000003,3821.8050000000003,3816.8050000000003,3816.8050000000003,28415,14857.85
1759237200,3811.735,3816.735,3811.735,3816.735,10223,14244.1
1759237200.001,3829.975,3829.975,3824.975,3824.975,10222,14486.6
1759237200.002,3823.725,3825.385,3820.385,3825.385,37990,15794.95
1759240800,3854.7000000000003,3854.7000000000003,3849.7000000000003,3849.7000000000003,46554,17649.1
1759244400,3831.3650000000002,3836.3650000000002,3831.3650000000002,3836.3650000000002,11296,18075.65
1759244400.001,3838.91,3842.88,3837.88,3842.88,17676,18198.45
1759248000,3848.025,3849.38,3844.38,3844.38,17385,18019.2
1759251600,3842.8450000000003,3844.655,3839.655,3844.655,17813,17564.25
1759255200,3849.045,3852.145,3847.145,3852.145,19537,17147.4
1759258800,3860.79,3860.79,3855.79,3855.79,10979,17177.05
1759262400,3850.66,3855.66,3850.66,3855.66,2006,16758.1
1759262400.001,3858.4500000000003,3861.53,3856.53,3856.53,4545,16166.25
1759269600,3854.775,3859.775,3854.775,3859.775,1515,15832.5
1759269600.001,3860.015,3865.015,3860.015,3865.015,8652,15855.6
1759276800,3865.375,3865.375,3860.375,3860.375,2603,15069.85
1759276800.001,3858.76,3863.76,3858.76,3863.76,12561,14793.25
1759280400,3869.09,3874.065,3869.065,3874.065,14335,15210.35
1759284000,3875.56,3875.56,3870.56,3870.56,5508,14389.2
1759284000.001,3858.37,3863.37,3858.37,3863.37,5508,14266.15
1759284000.002,3863.5950000000003,3866.65,3861.65,3861.65,16805,13685.65
1759287600,3855.705,3860.705,3855.705,3860.705,5601,13454.55
1759287600.001,3862.16,3862.66,3857.66,3862.66,8759,13381.4
1759291200,3865.13,3869.8650000000002,3864.8650000000002,3864.8650000000002,11888,12076.3
1759294800,3862.28,3864.88,3859.88,3859.88,16264,10561.8
1759298400,3853.38,3858.38,3853.38,3858.38,4424,10218.2
1759298400.001,3859.31,3864.105,3859.105,3864.105,21193,10394.05
1759302000,3879.86,3884.23,3879.23,3884.23,26350,10842.3
1759305600,3895.5,3895.5,3890.5,3890.5,19389,10921.1
1759309200,3883.715,3888.715,3883.715,3888.715,4320,10160.25
1759309200.001,3888.94,3889.645,3884.645,3884.645,25950,10908.8
1759316400,3878.06,3883.06,3878.06,3883.06,3988,11007.9
1759316400.001,3883.78,3888.78,3883.78,3888.78,19802,11770.75
1759320000,3891.13,3891.13,3886.13,3886.13,9900,12190
1759320000.001,3864.65,3869.65,3864.65,3869.65,9900,12252.4
1759320000.002,3870.5750000000003,3870.585,3865.585,3865.585,21132,13178.85
1759323600,3863.7200000000003,3868.7200000000003,3863.7200000000003,3868.7200000000003,10565,13079.05
1759323600.001,3877.145,3877.145,3872.145,3872.145,41263,14425.45
1759327200,3856.335,3861.335,3856.335,3861.335,15349,14917.5
1759327200.001,3878.88,3878.88,3873.88,3873.88,15349,15409.55
1759327200.002,3873.1,3876.8650000000002,3871.8650000000002,3871.8650000000002,38601,16499.35
1759330800,3858.045,3863.045,3858.045,3863.045,12866,16862.6
1759330800.001,3868.625,3868.645,3863.645,3863.645,14513,17150.3
1759334400,3860.645,3865.645,3860.645,3865.645,7256,16918.7
1759334400.001,3871.5950000000003,3871.91,3866.91,3866.91,20468,17128.9
1759338000,3860.645,3860.875,3855.875,3855.875,15083,17661.85
1759341600,3855.155,3860.155,3855.155,3860.155,5340,16869.2
1759341600.001,3866.34,3866.455,3861.455,3866.455,19580,16530.7
1759345200,3871.1,3871.1,3866.1,3866.1,9935,16058
1759348800,3860.4300000000003,3865.4300000000003,3860.4300000000003,3865.4300000000003,1729,15928.45
1759348800.001,3865.53,3865.78,3860.78,3860.78,6036,14932.75
1759356000,3858.855,3862.755,3857.755,3862.755,6749,15070.8
1759359600,3866.7000000000003,3866.7000000000003,3861.7000000000003,3861.7000000000003,10210,14591.2
1759363200,3856.0750000000003,3857.835,3852.835,3857.835,15234,14857.9
1759366800,3865.29,3866.54,3861.54,3866.54,15519,15138.85
1759370400,3870.06,3870.06,3865.06,3865.06,9799,14572.2
1759374000,3864.065,3869.065,3864.065,3869.065,3000,14193.95
1759374000.001,3869.565,3869.565,3864.565,3864.565,8378,12549.7
1759377600,3861.75,3866.75,3861.75,3866.75,11147,12339.6
1759381200,3871.255,3873.05,3868.05,3873.05,12648,12204.55
1759384800,3874.37,3874.37,3869.37,3869.37,4765,10512.75
1759384800.001,3861.98,3866.7000000000003,3861.7000000000003,3866.7000000000003,19750,10856.95
1759388400,3874.985,3874.985,3869.985,3869.985,4995,10381.05
1759388400.001,3868.5550000000003,3869.765,3864.765,3869.765,12814,10658.95
1759392000,3878.86,3878.86,3873.86,3873.86,11990,10235.05
1759395600,3873.465,3878.465,3873.465,3878.465,3859,9673.85
1759395600.001,3880.03,3880.8650000000002,3875.8650000000002,3880.8650000000002,14934,10153.55
1759399200,3883.9500000000003,3884.73,3879.73,3884.73,15512,9950.15
1759402800,3886.76,3891.39,3886.39,3891.39,20873,10497.05
1759406400,3892.185,3892.185,3887.185,3887.185,8466,10833.9
1759406400.001,3880.105,3885.105,3880.105,3885.105,32164,12140.3
1759410000,3897.13,3897.13,3892.13,3892.13,11849,12395.3
1759410000.001,3873.725,3877.05,3872.05,3872.05,69259,15347.75
1759413600,3825.4,3830.4,3825.4,3830.4,19136,15542.85
1759413600.001,3839.98,3844.96,3839.96,3839.96,46350,17084.4
1759417200,3819.425,3824.425,3819.425,3824.425,15449,17366.9
1759417200.001,3828.31,3832.1800000000003,3827.1800000000003,3832.1800000000003,28293,18631.55
1759420800,3845.5,3847.735,3842.735,3842.735,31999,19812.6
1759424400,3840.61,3845.61,3840.61,3845.61,24495,20480
1759428000,3851.625,3855.625,3850.625,3855.625,28287,21261.95
1759431600,3859.27,3859.27,3854.27,3854.27,10661,21556.75
1759435200,3853.5950000000003,3858.5950000000003,3853.5950000000003,3858.5950000000003,1559,20647.2
1759435200.001,3859.395,3859.395,3854.395,3854.395,3134,20554.15
1759442400,3852.07,3857.07,3852.07,3857.07,525,19939.7
1759442400.001,3857.13,3861.7400000000002,3856.7400000000002,3861.7400000000002,2514,19465.9
1759446000,3863.715,3863.715,3858.715,3858.715,8227,19684.3
1759449600,3856.395,3856.88,3851.88,3851.88,11257,19500.45
1759453200,3847.5,3852.5,3847.5,3852.5,4397,18944.7
1759453200.001,3862.8250000000003,3862.8250000000003,3857.8250000000003,3857.8250000000003,10966,18449.35
1759456800,3847.65,3851.12,3846.12,3846.12,11353,18593.7
1759460400,3838.07,3843.07,3838.07,3843.07,9225,17446.75
1759464000,3848.4300000000003,3849.035,3844.035,3849.035,11397,17424.15
1759467600,3859.285,3859.285,3854.285,3854.285,9856,14454
1759471200,3851.05,3856.05,3851.05,3856.05,3371,13665.75
1759471200.001,3861.11,3861.9500000000003,3856.9500000000003,3861.9500000000003,12035,11950
1759474800,3865.38,3865.38,3860.38,3860.38,8326,11593.85
1759478400,3860.0950000000003,3865.0950000000003,3860.0950000000003,3865.0950000000003,2719,10315.15
1759478400.001,3865.8050000000003,3865.8050000000003,3860.8050000000003,3860.8050000000003,10048,9217.6
1759482000,3857.04,3862.04,3857.04,3862.04,2443,8115
1759482000.001,3864.405,3867.08,3862.08,3867.08,9911,7196.2
1759485600,3867.78,3867.78,3862.78,3862.78,19925,7659.4
1759489200,3854.66,3859.66,3854.66,3859.66,5540,7858.45
1759489200.001,3862.145,3865.605,3860.605,3865.605,19115,8657.5
1759492800,3875.135,3875.245,3870.245,3875.245,43335,10798
1759496400,3890.8050000000003,3890.8050000000003,3885.8050000000003,3885.8050000000003,12321,11288.35
1759496400.001,3882.885,3886.3,3881.3,3881.3,52745,13514.25
1759500000,3866.425,3871.425,3866.425,3871.425,17581,13830.45
1759500000.001,3879.835,3879.86,3874.86,3874.86,24501,14835.65
1759503600,3873.85,3878.85,3873.85,3878.85,12250,14899.85
1759503600.001,3891.76,3891.76,3886.76,3886.76,41071,16385.75
1759507200,3880.62,3885.62,3880.62,3885.62,28930,17371
1759510800,3886.085,3886.085,3881.085,3881.085,9661,17284.2
1759510800.001,3876.985,3881.985,3876.985,3881.985,30529,18317.85
1759514400,3889.265,3889.295,3884.295,3884.295,26116,19455.1
1759518000,3883.495,3887.94,3882.94,3887.94,15658,19636.25
1759701600,3891.335,3891.335,3886.335,3886.335,2844,19362.15
1759701600.001,3884.1150000000002,3889.1150000000002,3884.1150000000002,3889.1150000000002,2844,19368.4
1759701600.002,3904.44,3904.44,3899.44,3899.44,2844,19008.2
1759701600.003,3899.42,3902.9500000000003,3897.9500000000003,3902.9500000000003,22830,20027.55
1759705200,3920.975,3920.975,3915.975,3915.975,7610,19912.5
1759705200.001,3909.73,3910.215,3905.215,3905.215,19852,19908.85
1759708800,3899.03,3904.03,3899.03,3904.03,20969,20680.3
1759712400,3918.4700000000003,3922.715,3917.715,3922.715,18259,20637.5
1759716000,3924.905,3925.05,3920.05,3925.05,16837,19312.6
1759719600,3932.15,3933.875,3928.875,3933.875,16541,19523.6
1759723200,3940.55,3943.83,3938.83,3943.83,15236,17648.15
1759726800,3945.33,3945.33,3940.33,3940.33,5547,17046.45
1759726800.001,3927.44,3932.44,3927.44,3932.44,5546,16098.7
1759726800.002,3932.565,3932.5750000000003,3927.5750000000003,3927.5750000000003,14222,16197.3
1759730400,3922.5,3927.5,3922.5,3927.5,7111,14499.3
1759730400.001,3934.98,3934.98,3929.98,3929.98,22311,14168.35
1759734000,3929.3050000000003,3934.3050000000003,3929.3050000000003,3934.3050000000003,7600,14065.3
1759734000.001,3944.065,3944.065,3939.065,3939.065,20903,13584
1759737600,3935.39,3940.39,3935.39,3940.39,6651,12610.75
1759737600.001,3949.67,3949.67,3944.67,3944.67,6651,12160.4
1759737600.002,3942.61,3945.065,3940.065,3940.065,14248,12730.6
1759741200,3936.67,3941.67,3936.67,3941.67,4749,12825.85
1759741200.001,3942.495,3946.76,3941.76,3941.76,16641,13515.7
1759744800,3932.52,3937.52,3932.52,3937.52,5546,12651.5
1759744800.001,3942.235,3942.81,3937.81,3937.81,24458,13493.9
1759748400,3931.03,3936.03,3931.03,3936.03,8152,12908.9
1759748400.001,3938.265,3941.4300000000003,3936.4300000000003,3936.4300000000003,36024,13661.65
1759752000,3926.465,3931.465,3926.465,3931.465,12008,13349.1
1759752000.001,3934.385,3934.385,3929.385,3929.385,26740,13844.25
1759755600,3927.21,3932.21,3927.21,3932.21,13369,13685.65
1759755600.001,3947.26,3947.26,3942.26,3942.26,39314,14889.55
1759759200,3940.39,3945.39,3940.39,3945.39,12972,15260.8
1759759200.001,3958.895,3958.895,3953.895,3953.895,32819,16624.45
1759762800,3948.195,3953.195,3948.195,3953.195,9923,16409.5
1759762800.001,3964.17,3967.655,3962.655,3967.655,29625,17535.2
1759766400,3970.2000000000003,3970.2000000000003,3965.2000000000003,3965.2000000000003,9850,16912.15
1759766400.001,3945.88,3950.88,3945.88,3950.88,9850,17024.65
1759766400.002,3954.175,3956.145,3951.145,3956.145,21785,17068.75
1759770000,3959.05,3960.895,3955.895,3960.895,46131,19042.75
1759777200,3965.155,3965.155,3960.155,3960.155,4901,18955.25
1759777200.001,3959.585,3962.34,3957.34,3962.34,4668,18476.25
1759780800,3962.4,3963.86,3958.86,3963.86,16553,19066.45
1759788000,3976.155,3976.155,3971.155,3971.155,4999,18484.35
1759788000.001,3963.625,3966.88,3961.88,3966.88,9312,18672.65
1759791600,3972.79,3974.61,3969.61,3974.61,16203,18259.9
1759795200,3977.4,3977.4,3972.4,3972.4,6550,18179.8
1759795200.001,3961.435,3963.8450000000003,3958.8450000000003,3958.8450000000003,26782,17717.7
1759798800,3955.87,3960.87,3955.87,3960.87,16090,17921.8
1759802400,3967.105,3967.105,3962.105,3962.105,10998,17134.7
1759806000,3960.955,3965.955,3960.955,3965.955,3941,16663.3
1759806000.001,3974.755,3976.515,3971.515,3976.515,11598,15277.5
1759809600,3977.045,3977.045,3972.045,3972.045,16825,15470.15
1759813200,3960.1150000000002,3965.1150000000002,3960.1150000000002,3965.1150000000002,14559,14557.15
1759816800,3966.455,3966.455,3961.455,3961.455,4900,14306
1759816800.001,3953.795,3956.355,3951.355,3951.355,33943,14521.9
1759820400,3943.315,3946.0550000000003,3941.0550000000003,3946.0550000000003,28658,15462.3
1759824000,3954.07,3956.135,3951.135,3956.135,22912,16115.4
1759827600,3963.675,3963.675,3958.675,3958.675,5528,15302.55
1759827600.001,3955.32,3959.2000000000003,3954.2000000000003,3959.2000000000003,11486,13570.3
1759831200,3962.82,3962.82,3957.82,3957.82,11534,13901.95
1759834800,3956.455,3961.455,3956.455,3961.455,3853,13861.2
1759834800.001,3969.3250000000003,3969.48,3964.48,3969.48,30590,14563.05
1759838400,3980.0950000000003,3984.38,3979.38,3984.38,35093,16067.75
1759842000,3985.65,3985.65,3980.65,3980.65,13090,16256.65
1759842000.001,3970.415,3975.415,3970.415,3975.415,13090,16101
1759842000.002,3979.33,3979.33,3974.33,3974.33,31000,17323.5
1759845600,3968.775,3973.775,3968.775,3973.775,15500,16759.4
1759845600.001,3986.8,3990.7400000000002,3985.7400000000002,3990.7400000000002,46085,18259.15
1759849200,3991.135,3991.135,3986.135,3986.135,15293,18473.9
1759849200.001,3961.75,3966.75,3961.75,3966.75,48642,20708.95
1759852800,3979.59,3981.485,3976.485,3981.485,35890,21923.55
1759856400,3987.855,3987.855,3982.855,3982.855,8258,21495.2
1759856400.001,3980.815,3980.83,3975.83,3975.83,18100,21672.25
1759860000,3974.155,3979.155,3974.155,3979.155,9050,21879.75
1759860000.001,3984.01,3984.01,3979.01,3979.01,33401,21852.65
1759863600,3978.515,3983.515,3978.515,3983.515,13216,21080.55
1759867200,3986.725,3989.33,3984.33,3989.33,5810,20225.45
1759874400,3990.76,3993.42,3988.42,3993.42,7547,20326.4
1759878000,3996.2000000000003,3999.425,3994.425,3999.425,10995,20301.85
1759881600,3999.445,3999.445,3994.445,3994.445,4468,19948.55
1759881600.001,3989.395,3992.3250000000003,3987.3250000000003,3987.3250000000003,17072,20609.5
1759885200,3984.32,3989.32,3984.32,3989.32,6302,19395.1
1759885200.001,4001.045,4001.045,3996.045,3996.045,18317,18556.3
1759888800,3995.67,4000.67,3995.67,4000.67,6007,18202.15
1759888800.001,4011.88,4013.87,4008.87,4013.87,18682,18481.75
1759892400,4016.725,4019.5950000000003,4014.5950000000003,4019.5950000000003,18430,17853.25
1759896000,4027.355,4029.755,4024.755,4029.755,21223,18139.4
1759899600,4037.1600000000003,4037.1600000000003,4032.1600000000003,4032.1600000000003,5496,16109.95
1759899600.001,4029.125,4029.145,4024.145,4024.145,12866,15988.6
1759903200,4021.33,4026.33,4021.33,4026.33,6433,13878.15
1759903200.001,4033.245,4035.27,4030.27,4035.27,22085,13187.9
1759906800,4039.2850000000003,4039.2850000000003,4034.2850000000003,4034.2850000000003,5217,13035.85
1759906800.001,4034.27,4038.1800000000003,4033.1800000000003,4038.1800000000003,13629,12812.3
1759910400,4040.5950000000003,4040.5950000000003,4035.5950000000003,4035.5950000000003,13496,13034.6
1759914000,4030.77,4035.77,4030.77,4035.77,4476,11588.35
1759914000.001,4049.7000000000003,4049.7000000000003,4044.7000000000003,4044.7000000000003,19371,11896.1
1759917600,4033.4700000000003,4037.295,4032.295,4032.295,16135,12412.35
1759921200,4032.145,4037.145,4032.145,4037.145,5585,12314.25
1759921200.001,4038.29,4038.29,4033.29,4033.29,21720,12850.5
1759924800,4030.9900000000002,4035.9900000000002,4030.9900000000002,4035.9900000000002,8067,13030.45
1759924800.001,4046.51,4046.51,4041.51,4041.51,8067,12580.2
1759924800.002,4040.25,4045.2000000000003,4040.2000000000003,4045.2000000000003,25149,13522.55
1759928400,4049.695,4049.695,4044.695,4044.695,12574,13235.4
1759928400.001,4026.175,4031.175,4026.175,4031.175,12574,13563.75
1759928400.002,4038.025,4040.705,4035.705,4040.705,34699,14364.6
1759932000,4049.2850000000003,4050.69,4045.69,4045.69,43495,15617.85
1759935600,4037.2000000000003,4042.2000000000003,4037.2000000000003,4042.2000000000003,10642,15088.8
1759935600.001,4045.75,4049.425,4044.425,4049.425,30835,16355.75
1759939200,4059.35,4059.35,4054.35,4054.35,37490,17586.95
1759942800,4042.96,4047.96,4042.96,4047.96,9070,17718.8
1759942800.001,4051.3250000000003,4053.23,4048.23,4048.23,27757,18002.4
1759946400,4038.6,4043.6,4038.6,4043.6,9252,18204.15
1759946400.001,4050.08,4054.6,4049.6,4049.6,38894,19467.4
1759950000,4032.13,4037.13,4032.13,4037.13,12964,19440.8
1759950000.001,4044.8050000000003,4046.625,4041.625,4041.625,9318,19682.9
1759953600,4038.55,4041.9,4036.9,4036.9,6666,19047.65
1759960800,4036.775,4037.1,4032.1,4032.1,7120,18596.9
1759960800.001,4015.465,4020.465,4015.465,4020.465,3560,18495.65
1759960800.002,4021.51,4022.1600000000003,4017.1600000000003,4017.1600000000003,16742,18246.75
1759964400,4001.33,4006.33,4001.33,4006.33,5580,18122.4
1759964400.001,4011.78,4013.57,4008.57,4013.57,21251,18781.6
1759968000,4028.205,4028.205,4023.205,4023.205,7083,17878.3
1759968000.001,4023.0950000000003,4028.0950000000003,4023.0950000000003,4028.0950000000003,24261,18462.65
1759971600,4036.54,4036.54,4031.54,4031.54,12130,18440.45
1759971600.001,4008.235,4013.235,4008.235,4013.235,12130,17312
1759971600.002,4019.675,4021.545,4016.545,4016.545,25551,16414.8
1759975200,4002.725,4007.725,4002.725,4007.725,8517,16308.55
1759975200.001,4018.765,4022.13,4017.13,4022.13,15254,15529.5
1759978800,4029.77,4031.9300000000003,4026.9300000000003,4031.9300000000003,14484,14379.2
1759982400,4041.265,4041.265,4036.265,4036.265,14249,14638.15
1759986000,4034.375,4039.375,4034.375,4039.375,5558,13528.2
1759986000.001,4043.7000000000003,4043.7000000000003,4038.7000000000003,4038.7000000000003,27985,14464.85
1759989600,4022.67,4027.67,4022.67,4027.67,23132,13676.75
1759993200,4032.83,4035.31,4030.31,4035.31,18392,13948.15
1759996800,4040.4900000000002,4042.255,4037.255,4037.255,17486,14356.55
1760000400,4034.14,4039.14,4034.14,4039.14,10937,14570.1
1760004000,4044.26,4044.26,4039.26,4039.26,13082,14868.2
1760007600,4033.63,4038.63,4033.63,4038.63,5445,14962.45
1760007600.001,4046.71,4046.71,4041.71,4041.71,21517,15201.2
1760011200,4037.5350000000003,4042.5350000000003,4037.5350000000003,4042.5350000000003,8036,15324
1760011200.001,4053.7200000000003,4058.11,4053.11,4053.11,77794,18151.15
1760014800,4016.9100000000003,4017.315,4012.315,4012.315,85609,22077.45
1760018400,4004.13,4009.13,4004.13,4009.13,31178,22423.3
1760018400.001,4029.29,4029.29,4024.29,4024.29,31178,23375.7
1760018400.002,4024.1,4028.8650000000002,4023.8650000000002,4023.8650000000002,59896,25764
1760022000,4006.545,4011.545,4006.545,4011.545,19965,25484.7
1760022000.001,4014.475,4019.42,4014.42,4019.42,38652,26991.45
1760025600,4021.695,4021.695,4016.695,4016.695,19326,27195.05
1760025600.001,3963.905,3968.905,3963.905,3968.905,19326,27437.15
1760025600.002,3969.025,3974.025,3969.025,3974.025,51720,29310.7
1760029200,3974.635,3974.635,3969.635,3969.635,25860,30325.8
1760029200.001,3944.435,3949.435,3944.435,3949.435,25859,30219.5
1760029200.002,3950.375,3954.57,3949.57,3954.57,38577,30991.75
1760032800,3968.94,3968.94,3963.94,3963.94,12858,30715.05
1760032800.001,3957.475,3960.375,3955.375,3960.375,30992,31390.35
1760036400,3982.175,3982.175,3977.175,3977.175,10330,31360
1760036400.001,3973.46,3978.045,3973.045,3978.045,7358,31073.8
1760040000,3979.23,3980.7000000000003,3975.7000000000003,3975.7000000000003,11182,31360.65
1760047200,3958.855,3963.855,3958.855,3963.855,2910,30430.3
1760047200.001,3975.31,3979.565,3974.565,3979.565,8349,30445.95
1760050800,3991.28,3991.28,3986.28,3986.28,14603,27286.4
1760054400,3985.53,3990.53,3985.53,3990.53,5909,23301.4
1760054400.001,3994.52,3994.52,3989.52,3989.52,32771,23381.05
1760058000,3969.885,3974.885,3969.885,3974.885,25291,23086.7
1760061600,3986.9100000000003,3986.9100000000003,3981.9100000000003,3981.9100000000003,5445,20364.15
1760061600.001,3978.63,3979.385,3974.385,3974.385,24259,20578.85
1760065200,3960.695,3961.895,3956.895,3956.895,24888,19890.65
1760068800,3947.02,3952.02,3947.02,3952.02,8401,19344.4
1760068800.001,3966.905,3970.835,3965.835,3970.835,43503,20553.25
1760072400,3977.775,3977.775,3972.775,3972.775,37658,19850.15
1760076000,3962.64,3967.64,3962.64,3967.64,8652,18989.75
1760076000.001,3968.495,3968.54,3963.54,3963.54,17156,18554.6
1760079600,3952.855,3957.855,3952.855,3957.855,8577,17054.6
1760079600.001,3976.4100000000003,3976.4100000000003,3971.4100000000003,3971.4100000000003,26866,17755
1760083200,3970.28,3975.28,3970.28,3975.28,9144,16662.6
1760083200.001,3995.005,3995.4100000000003,3990.4100000000003,3995.4100000000003,36704,17981.3
1760086800,4006.735,4006.735,4001.735,4001.735,9186,18072.7
1760086800.001,3995.87,4000.32,3995.32,3995.32,14460,18236.6
1760090400,3990.85,3995.85,3990.85,3995.85,19937,19087.95
1760094000,3999.9100000000003,3999.9100000000003,3994.9100000000003,3994.9100000000003,7559,19048.45
1760094000.001,3983.44,3988.44,3983.44,3988.44,25598,19598.2
1760097600,3993.635,3993.635,3988.635,3988.635,9020,19753.75
1760097600.001,3980.12,3985.12,3980.12,3985.12,9020,18566.2
1760097600.002,3985.8050000000003,3990.765,3985.765,3990.765,33062,18954.75
1760101200,3998.145,3998.145,3993.145,3993.145,16530,19509
1760101200.001,3975.63,3980.63,3975.63,3980.63,16530,19122.55
1760101200.002,3981.02,3981.03,3976.03,3976.03,34876,19621.95
1760104800,3970.855,3975.855,3970.855,3975.855,17438,20073.8
1760104800.001,3994.315,3994.315,3989.315,3989.315,75675,21682.4
1760108400,3988.135,3993.135,3988.135,3993.135,29118,21255.4
1760108400.001,4023,4023,4018,4018,29118,22278.7
1760108400.002,3997.8050000000003,3998.725,3993.725,3993.725,58317,24336.75
1760112000,3977.35,3982.35,3977.35,3982.35,19438,24879.8
1760112000.001,3983.545,3983.5950000000003,3978.5950000000003,3978.5950000000003,27618,24917.4
1760115600,3975.235,3980.235,3975.235,3980.235,13808,25150.6
1760115600.001,3992.3250000000003,3992.3250000000003,3987.3250000000003,3987.3250000000003,39160,25273.4
1760119200,3984.4100000000003,3989.4100000000003,3984.4100000000003,3989.4100000000003,12676,25447.9
1760119200.001,4009.215,4009.215,4004.215,4004.215,12676,25358.7
1760119200.002,3999.195,4000.835,3995.835,4000.835,42894,26506.55
1760122800,4021.51,4021.51,4016.51,4016.51,14297,26843.45
1760122800.001,4011.3650000000002,4011.435,4006.435,4006.435,9660,26046.55
1760126400,4006.015,4011.015,4006.015,4011.015,4829,25837
1760126400.001,4020.335,4020.335,4015.335,4015.335,15724,26172.2
1760306400,3998.15,4003.15,3998.15,4003.15,5447,24791.45
1760306400.001,4045.6800000000003,4047.4700000000003,4042.4700000000003,4047.4700000000003,24383,25184.1
1760310000,4060.545,4060.545,4055.545,4055.545,9467,24830.95
1760310000.001,4032.235,4035.205,4030.205,4030.205,33535,24763.9
1760313600,4024.39,4029.39,4024.39,4029.39,12034,24493.7
1760313600.001,4060.02,4060.02,4055.02,4055.02,12034,21311.65
1760313600.002,4043.9700000000003,4044.145,4039.145,4039.145,20528,20882.15
1760317200,4035.9900000000002,4040.9900000000002,4035.9900000000002,4040.9900000000002,10264,19939.45
1760317200.001,4055.17,4056.065,4051.065,4051.065,36033,18825.25
1760320800,4041.58,4046.58,4041.58,4046.58,8589,18282.8
1760320800.001,4048.34,4051.565,4046.565,4051.565,19692,17886.5
1760324400,4056.62,4056.62,4051.62,4051.62,15003,17946.25
1760328000,4051.09,4056.09,4051.09,4056.09,4219,16199.2
1760328000.001,4059.485,4059.81,4054.81,4059.81,34286,17279.7
1760331600,4078.235,4078.235,4073.235,4073.235,10022,17147
1760331600.001,4063.765,4064.4700000000003,4059.4700000000003,4064.4700000000003,32442,16624.4
1760335200,4073.8650000000002,4073.8650000000002,4068.8650000000002,4068.8650000000002,28338,17326.45
1760338800,4066.685,4071.685,4066.685,4071.685,8761,17281.5
1760338800.001,4077.63,4077.63,4072.63,4072.63,8761,17478.1
1760338800.002,4071.225,4073.925,4068.925,4073.925,20696,17726.7
1760342400,4079.25,4079.92,4074.92,4074.92,21888,18548.75
1760346000,4070.215,4075.215,4070.215,4075.215,4996,17579.4
1760346000.001,4077.42,4077.42,4072.42,4072.42,10314,17621.75
1760349600,4071.185,4076.185,4071.185,4076.185,5156,16202.8
1760349600.001,4085.445,4085.445,4080.445,4080.445,24683,16835.25
1760353200,4073.715,4078.315,4073.315,4078.315,25616,17514.35
1760356800,4086.215,4086.215,4081.215,4081.215,6368,16806.35
1760356800.001,4079.76,4083.485,4078.485,4083.485,33783,17982.3
1760360400,4095.675,4095.795,4090.795,4095.795,47543,18557.8
1760364000,4104.02,4104.02,4099.02,4099.02,12093,18733
1760364000.001,4097.4,4097.4,4092.3999999999996,4092.3999999999996,18471,18671.95
1760367600,4091.695,4096.695,4091.695,4096.695,9235,18383.55
1760367600.001,4107.585,4108.78,4103.78,4108.78,37389,20042.05
1760371200,4117.42,4117.42,4112.42,4112.42,9384,18796.95
1760371200.001,4105.715,4110.715,4105.715,4110.715,17604,19176.05
1760374800,4115.61,4115.61,4110.61,4110.61,8802,17994.05
1760374800.001,4100.0650000000005,4105.0650000000005,4100.0650000000005,4105.0650000000005,23126,17733.45
1760378400,4107.53,4107.53,4102.53,4102.53,7161,17653.45
1760378400.001,4099.285,4101.945,4096.945,4096.945,20294,18230.1
1760382000,4090.935,4095.935,4090.935,4095.935,6566,17523.6
1760382000.001,4111.05,4111.0650000000005,4106.0650000000005,4111.0650000000005,10177,16938.05
1760385600,4112.615,4112.615,4107.615,4107.615,4098,16893.15
1760392800,4106.68,4111.68,4106.68,4111.68,1447,16449.8
1760392800.001,4115.875,4117.99,4112.99,4117.99,16150,16999.5
1760396400,4132.025,4132.025,4127.025,4127.025,25824,17056.55
1760400000,4119.42,4124.42,4119.42,4124.42,6974,16124.45
1760400000.001,4124.62,4128.335,4123.335,4128.335,35766,17594.35
1760403600,4150.0650000000005,4150.0650000000005,4145.0650000000005,4145.0650000000005,11922,16501.3
1760403600.001,4137.05,4141.8,4136.8,4141.8,22234,15235.85
1760407200,4149.985,4150.21,4145.21,4150.21,35396,16401
1760410800,4166.53,4166.53,4161.53,4161.53,20072,16481.05
1760414400,4155.99,4160.99,4155.99,4160.99,5371,16287.85
1760414400.001,4170.03,4173.08,4168.08,4173.08,45935,16715.15
1760418000,4179.935,4179.935,4174.935,4174.935,20282,17260.05
1760418000.001,4110.63,4115.63,4110.63,4115.63,20282,17393.95
1760418000.002,4121.36,4126.345,4121.345,4126.345,46664,19287.05
1760421600,4134.27,4134.27,4129.27,4129.27,23331,19297.3
1760421600.001,4090.145,4095.145,4090.145,4095.145,23331,20105.8
1760421600.002,4112.375,4112.38,4107.38,4107.38,23397,20260.95
1760425200,4102.7300000000005,4107.7300000000005,4102.7300000000005,4107.7300000000005,11698,20517.55
1760425200.001,4128.135,4129.72,4124.72,4129.72,40040,22010.7
1760428800,4145.07,4145.07,4140.07,4140.07,34659,23538.75
1760432400,4121.67,4126.67,4121.67,4126.67,8404,23886.6
1760432400.001,4127.4,4129.72,4124.72,4129.72,24847,24321.45
1760436000,4144.615,4144.615,4139.615,4139.615,8282,23444.35
1760436000.001,4131.5,4136.5,4131.5,4136.5,11824,23686.85
1760439600,4138.0650000000005,4138.0650000000005,4133.0650000000005,4133.0650000000005,5912,22194.15
1760439600.001,4125.925,4130.925,4125.925,4130.925,29055,23050.8
1760443200,4134.6050000000005,4134.6050000000005,4129.6050000000005,4129.6050000000005,11572,22517.7
1760443200.001,4103.28,4106.47,4101.47,4101.47,43782,22937
1760446800,4097.74,4102.74,4097.74,4102.74,16104,22738.6
1760446800.001,4129.46,4129.46,4124.46,4124.46,16104,23275.25
1760446800.002,4124.1050000000005,4126.26,4121.26,4126.26,43042,23130.6
1760450400,4137.845,4137.845,4132.845,4132.845,14347,22833.85
1760450400.001,4129.46,4131.42,4126.42,4131.42,45968,24118.15
1760454000,4142.71,4142.71,4137.71,4137.71,35824,23576.15
1760457600,4127.765,4132.765,4127.765,4132.765,10250,22922.1
1760457600.001,4155.495,4155.495,4150.495,4150.495,10250,22268.05
1760457600.002,4140.39,4142.33,4137.33,4142.33,27348,22465.6
1760461200,4152.955,4152.955,4147.955,4147.955,23982,23079.8
1760464800,4143.275,4148.275,4143.275,4148.275,7433,21449.45
1760464800.001,4152.7300000000005,4152.7300000000005,4147.7300000000005,4147.7300000000005,36001,21516.55
1760468400,4134.695,4139.695,4134.695,4139.695,9522,21572.45
1760468400.001,4141.92,4144.465,4139.465,4144.465,5603,20610.25
1760472000,4146.15,4146.15,4141.15,4141.15,4832,20437.75
1760479200,4140.755,4145.735,4140.735,4145.735,5928,20142.95
1760479200.001,4163.595,4163.595,4158.595,4158.595,2964,19995.55
1760479200.002,4158.33,4162.15,4157.15,4162.15,9147,19000.15
1760482800,4167.375,4167.375,4162.375,4162.375,3048,18573.95
1760482800.001,4161.56,4161.56,4156.56,4156.56,10334,16901.55
1760486400,4153.8,4158.8,4153.8,4158.8,5167,16354.7
1760486400.001,4169.82,4169.82,4164.82,4164.82,5166,15807.8
1760486400.002,4162.53,4167.075,4162.075,4167.075,25059,14908.65
1760490000,4186.9,4186.9,4181.9,4181.9,8352,14608.9
1760490000.001,4181.8550000000005,4184.865,4179.865,4179.865,17922,13206.6
1760493600,4167.02,4172.02,4167.02,4172.02,5973,11714.05
1760493600.001,4176.705,4181.36,4176.36,4181.36,16870,12045.05
1760497200,4190.95,4190.95,4185.95,4185.95,17035,12384.3
1760500800,4173.1900000000005,4178.1900000000005,4173.1900000000005,4178.1900000000005,3803,11207.05
1760500800.001,4179.805,4181.795,4176.795,4181.795,18534,10934.65
1760504400,4193.645,4193.645,4188.645,4188.645,6177,10871.85
1760504400.001,4185.805,4189.26,4184.26,4189.26,15636,9853.6
1760508000,4200.46,4200.46,4195.46,4195.46,15280,10141.5
1760511600,4194.45,4199.45,4194.45,4199.45,5034,10113.05
1760511600.001,4209.905,4212.35,4207.35,4212.35,22884,11015.65
1760515200,4218.405,4218.405,4213.405,4213.405,5949,11016.7
1760515200.001,4208.075,4212.3550000000005,4207.3550000000005,4207.3550000000005,26658,12201.4
1760518800,4164.24,4169.24,4164.24,4169.24,8886,12188.35
1760518800.001,4192.4800000000005,4195.31,4190.31,4195.31,15571,12814.5
1760522400,4206.2300000000005,4206.2300000000005,4201.2300000000005,4201.2300000000005,24417,13518.65
1760526000,4193.485,4198.485,4193.485,4198.485,6409,13580.75
1760526000.001,4198.74,4202.87,4197.87,4197.87,34167,15030.8
1760529600,4176.295,4181.295,4176.295,4181.295,11388,14347.25
1760529600.001,4190.835,4190.865,4185.865,4185.865,29711,15415.2
1760533200,4183.05,4188.05,4183.05,4188.05,14855,15261.85
1760533200.001,4198.99,4198.99,4193.99,4193.99,14855,15705.95
1760533200.002,4192.145,4196.7300000000005,4191.7300000000005,4196.7300000000005,43059,17015.4
1760536800,4212.615,4212.615,4207.615,4207.615,14353,16881.3
1760536800.001,4200.245,4203.1900000000005,4198.1900000000005,4198.1900000000005,43765,18879.4
1760540400,4179.47,4184.47,4179.47,4184.47,14588,18682.1
1760540400.001,4190.635,4191.4,4186.4,4191.4,26049,19675.7
1760544000,4200.075,4200.075,4195.075,4195.075,38577,20822.75
1760547600,4182.71,4187.71,4182.71,4187.71,9964,20556.95
1760547600.001,4197.88,4200.1050000000005,4195.1050000000005,4200.1050000000005,30456,21828.05
1760551200,4204.625,4205.56,4200.56,4205.56,35990,22483.35
1760554800,4213.54,4213.54,4208.54,4208.54,14379,22904.85
1760558400,4206.075,4211.075,4206.075,4211.075,4418,21792.85
1760565600,4212.5650000000005,4212.5650000000005,4207.5650000000005,4207.5650000000005,2497,21473.4
1760565600.001,4199.965,4204.965,4199.965,4204.965,2497,20819.7
1760565600.002,4216.06,4216.06,4211.06,4211.06,11015,20149.6
1760569200,4206.35,4209.84,4204.84,4209.84,24991,21078.7
1760572800,4227.4,4227.4,4222.4,4222.4,7383,19739.5
1760572800.001,4210.55,4215.5,4210.5,4215.5,24322,20386.2
1760576400,4233.21,4233.21,4228.21,4228.21,21401,19970.7
1760580000,4226.17,4231.17,4226.17,4231.17,6646,19560.25
1760580000.001,4239.735,4242.38,4237.38,4237.38,27104,20172.7
1760583600,4229.07,4234.07,4229.07,4234.07,14567,18748.1
1760587200,4239.64,4239.64,4234.64,4234.64,3874,18224.15
1760587200.001,4228.2,4233.2,4228.2,4233.2,3873,16229.55
1760587200.002,4233.53,4234.925,4229.925,4229.925,33339,17167.1
1760590800,4203.55,4208.55,4203.55,4208.55,32301,17479.7
1760594400,4227.4800000000005,4227.4800000000005,4222.4800000000005,4222.4800000000005,16246,16363.15
1760598000,4222.31,4227.31,4222.31,4227.31,4592,16094.55
1760598000.001,4234.3150000000005,4234.3150000000005,4229.3150000000005,4229.3150000000005,13582,15250.85
1760601600,4228.535,4233.535,4228.535,4233.535,4495,13676.1
1760601600.001,4236.21,4236.21,4231.21,4231.21,12723,13593.3
1760605200,4221.9800000000005,4226.9800000000005,4221.9800000000005,4226.9800000000005,4113,13578.05
1760605200.001,4242.055,4242.055,4237.055,4237.055,10039,13955.15
1760608800,4234.155,4239.155,4234.155,4239.155,2962,13978.4
1760608800.001,4246.2300000000005,4247.7,4242.7,4242.7,21271,14491.2
1760612400,4239.555,4244.555,4239.555,4244.555,27671,14625.2
1760616000,4251.345,4251.345,4246.345,4246.345,10784,14795.25
1760616000.001,4227.675,4232.675,4227.675,4232.675,10783,14118.3
1760616000.002,4236.235,4240.04,4235.04,4240.04,43757,15236.1
1760619600,4258.775,4258.775,4253.775,4253.775,14585,15633.05
1760619600.001,4245.975,4250.6,4245.6,4250.6,49232,16739.45
1760623200,4267.575,4267.575,4262.575,4262.575,45700,18296.1
1760626800,4260.76,4265.76,4260.76,4265.76,14645,18834.65
1760626800.001,4276.09,4276.09,4271.09,4271.09,50881,21185.05
1760630400,4261.5,4266.5,4261.5,4266.5,18118,20424
1760630400.001,4292.195,4292.195,4287.195,4287.195,18118,19714.85
1760630400.002,4282.81,4284.845,4279.845,4284.845,33499,20577.5
1760634000,4298.72,4298.72,4293.72,4293.72,48880,22791.9
1760637600,4273.3,4278.3,4273.3,4278.3,12571,22741.35
1760637600.001,4290.845,4292.635,4287.635,4292.635,42561,24644.65
1760641200,4312.875,4312.875,4307.875,4307.875,14186,24717.8
1760641200.001,4307.495,4312.495,4307.495,4312.495,12306,25127.45
1760644800,4330.9,4331.0650000000005,4326.0650000000005,4331.0650000000005,13594,25305.2
1760652000,4338.03,4338.165,4333.165,4338.165,18982,26106.2
1760652000.001,4380.99,4380.99,4375.99,4375.99,9491,25517.2
1760652000.002,4346.955,4346.965,4341.965,4341.965,18468,25057.05
1760655600,4341.4800000000005,4346.4800000000005,4341.4800000000005,4346.4800000000005,9233,24979.5
1760655600.001,4379.51,4379.51,4374.51,4374.51,9233,24902
1760655600.002,4365.8150000000005,4370.805,4365.805,4370.805,20315,23729.9
1760659200,4371.76,4371.76,4366.76,4366.76,10157,23508.5
1760659200.001,4353.685,4358.685,4353.685,4358.685,58373,23965.55
1760662800,4362.345,4362.345,4357.345,4357.345,24108,22885.95
1760662800.001,4278.68,4283.68,4278.68,4283.68,24107,23359.05
1760662800.002,4314.345,4317.295,4312.295,4317.295,44075,23018.75
1760666400,4348.515,4348.515,4343.515,4343.515,14691,22847.4
1760666400.001,4342.81,4344.055,4339.055,4344.055,28413,23362.15
1760670000,4367.01,4367.01,4362.01,4362.01,23857,22880.05
1760673600,4354.8150000000005,4359.8150000000005,4354.8150000000005,4359.8150000000005,7193,20795.7
1760673600.001,4377.535,4378.765,4373.765,4373.765,35615,21947.9
1760677200,4342.18,4347.18,4342.18,4347.18,9473,20293.5
1760677200.001,4366.17,4369.81,4364.81,4364.81,25393,20853.85
1760680800,4346.81,4351.81,4346.81,4351.81,8464,20661.75
1760680800.001,4360.365,4362.0650000000005,4357.0650000000005,4357.0650000000005,49225,22443.3
1760684400,4306.255,4311.255,4306.255,4311.255,16408,22314.6
1760684400.001,4342.685,4342.685,4337.685,4337.685,25754,23127.75
1760688000,4321.16,4326.16,4321.16,4326.16,12876,22848.15
1760688000.001,4349.975,4349.975,4344.975,4344.975,36377,24205.35
1760691600,4332.46,4337.46,4332.46,4337.46,7833,24135.35
1760691600.001,4340.42,4342.285,4337.285,4337.285,25665,24402.85
1760695200,4319.505,4324.505,4319.505,4324.505,8554,24322.7
1760695200.001,4327.905,4332.885,4327.885,4332.885,35508,23179.45
1760698800,4335.96,4335.96,4330.96,4330.96,17754,22861.75
1760698800.001,4286.745,4288.665,4283.665,4288.665,72660,25289.4
1760702400,4320.25,4320.25,4315.25,4315.25,18301,24000.7
1760702400.001,4314.7300000000005,4317.79,4312.79,4312.79,83418,27437.05
1760706000,4258.335,4263.335,4258.335,4263.335,27806,27406.7
1760706000.001,4274.08,4274.74,4269.74,4269.74,113935,31910.6
1760709600,4215.775,4220.775,4215.775,4220.775,37978,33449.85
1760709600.001,4248.9800000000005,4253.95,4248.95,4253.95,42286,33783.4
1760713200,4259.455,4259.455,4254.455,4254.455,21142,34366.85
1760713200.001,4231.0650000000005,4236.0650000000005,4231.0650000000005,4236.0650000000005,21142,34154.3
1760713200.002,4237.63,4242.63,4237.63,4242.63,50790,36270.6
1760716800,4245.1900000000005,4245.1900000000005,4240.1900000000005,4240.1900000000005,25395,35079.1
1760716800.001,4200.53,4205.24,4200.24,4200.24,70924,37804.9
1760720400,4185.91,4190.91,4185.91,4190.91,22764,37655.4
1760720400.001,4228.6900000000005,4228.6900000000005,4223.6900000000005,4223.6900000000005,22764,38149.8
1760720400.002,4221.01,4223.05,4218.05,4223.05,43069,38484.4
1760724000,4244.955,4244.955,4239.955,4239.955,14356,38810.55
1760724000.001,4235.77,4238.225,4233.225,4233.225,44988,39776.7
1760727600,4212.54,4217.54,4212.54,4217.54,14995,40098.75
1760727600.001,4226.2300000000005,4226.2300000000005,4221.2300000000005,4221.2300000000005,20566,39351.65
1760731200,4220.37,4225.37,4220.37,4225.37,10283,38978.1
1760731200.001,4255.31,4258.975,4253.975,4258.975,16066,36148.4
1760911200,4267.075,4268.27,4263.27,4263.27,11567,35811.7
1760911200.001,4245.345,4250.345,4245.345,4250.345,5783,31929.95
1760911200.002,4256.06,4256.455,4251.455,4251.455,16772,31378.25
1760914800,4233.465,4238.115,4233.115,4233.115,34014,27382.2
1760918400,4219.115,4224.115,4219.115,4224.115,14212,26193.9
1760918400.001,4250.95,4250.95,4245.95,4245.95,43365,26247.85
1760922000,4229.325,4234.325,4229.325,4234.325,14576,25919.55
1760922000.001,4269.12,4269.12,4264.12,4264.12,14576,25591.25
1760922000.002,4262.445,4267.445,4262.445,4267.445,16382,23870.85
1760925600,4271.285,4271.285,4266.285,4266.285,8191,23010.65
1760925600.001,4253.33,4255.615,4250.615,4250.615,24319,20680.4
1760929200,4248.775,4253.775,4248.775,4253.775,8063,19945.35
1760929200.001,4265.295,4265.375,4260.375,4265.375,26024,20108.35
1760932800,4268.285,4268.285,4263.285,4263.285,37906,19850.2
1760936400,4239.675,4244.675,4239.675,4244.675,37502,21007.5
1760940000,4245.795,4245.795,4240.795,4240.795,13431,19429.65
1760940000.001,4221.205,4226.205,4221.205,4226.205,13431,19351.45
1760940000.002,4236.295,4239.65,4234.65,4239.65,23164,19481.35
1760943600,4260.81,4260.81,4255.81,4255.81,7721,19353.25
1760943600.001,4255.145,4257.4,4252.4,4257.4,23498,19724.85
1760947200,4266.12,4266.12,4261.12,4261.12,7832,19538.1
1760947200.001,4258.7,4258.71,4253.71,4253.71,12036,19850.75
1760950800,4250.445,4255.445,4250.445,4255.445,6018,19313.05
1760950800.001,4263.675,4263.675,4258.675,4258.675,29692,19096.95
1760954400,4245.77,4250.77,4245.77,4250.77,7891,18780.9
1760954400.001,4254.68,4256.04,4251.04,4256.04,21972,17711.25
1760958000,4279.645,4279.645,4274.645,4274.645,36430,18803.95
1760961600,4272.8,4277.8,4272.8,4277.8,14553,18802.8
1760961600.001,4327.445,4327.445,4322.445,4322.445,76325,21799.95
1760965200,4299.595,4300.965,4295.965,4295.965,58946,24337.7
1760968800,4292.85,4297.85,4292.85,4297.85,19178,24080.65
1760968800.001,4334.71,4337.28,4332.28,4337.28,65277,26941.35
1760972400,4355.65,4355.65,4350.65,4350.65,15366,26408.45
1760972400.001,4349.12,4350.85,4345.85,4345.85,34155,26220.9
1760976000,4342.735,4347.735,4342.735,4347.735,11385,24915.05
1760976000.001,4347.75,4347.75,4342.75,4342.75,20771,25282.05
1760979600,4337.195,4342.195,4337.195,4342.195,10385,25129.75
1760979600.001,4351.255,4351.255,4346.255,4346.255,30223,25482.7
1760983200,4344.53,4349.53,4344.53,4349.53,9918,25592.55
1760983200.001,4364.8,4364.8,4359.8,4359.8,9918,24913.55
1760983200.002,4359.375,4364.2,4359.2,4364.2,41853,26614.6
1760986800,4381.4400000000005,4381.4400000000005,4376.4400000000005,4376.4400000000005,38056,27915.6
1760990400,4346.2300000000005,4351.2300000000005,4346.2300000000005,4351.2300000000005,8035,28016.45
1760990400.001,4355.795,4360.795,4355.795,4360.795,4548,26759.25
1760997600,4366.33,4366.33,4361.33,4361.33,4548,26592.1
1760997600.001,4357.51,4362.51,4357.51,4362.51,4548,25720.9
1760997600.002,4375.625,4375.625,4370.625,4370.625,4548,24126.8
1760997600.003,4367.6900000000005,4371.875,4366.875,4366.875,11667,23982.5
1761001200,4356.83,4361.25,4356.25,4361.25,25400,21436.25
1761004800,4371.1900000000005,4372.445,4367.445,4367.445,40925,20535.2
1761008400,4333.095,4338.095,4333.095,4338.095,11251,20138.85
1761008400.001,4350.965,4355.465,4350.465,4350.465,25518,18150.9
1761012000,4335.54,4340.54,4335.54,4340.54,22954,18530.3
1761015600,4350.865,4350.865,4345.865,4345.865,15454,17595.25
1761019200,4336.985,4341.985,4336.985,4341.985,3546,17203.3
1761019200.001,4342.005,4344.31,4339.31,4339.31,24168,17373.15
1761022800,4317.455,4322.455,4317.455,4322.455,8055,17256.65
1761022800.001,4323.175,4323.175,4318.175,4318.175,15673,16529.15
1761026400,4317.395,4322.395,4317.395,4322.395,7836,16425.05
1761026400.001,4344.185,4344.185,4339.185,4339.185,46420,18250.15
1761030000,4293.46,4298.46,4293.46,4298.46,12861,16800.55
1761030000.001,4298.52,4302.02,4297.02,4297.02,58311,17813.3
1761033600,4245.245,4250.245,4245.245,4250.245,19437,18383.4
1761033600.001,4274.15,4278.095,4273.095,4273.095,24532,19382.6
1761037200,4254.84,4259.84,4254.84,4259.84,8177,19564.05
1761037200.001,4265.17,4266.77,4261.77,4261.77,21705,20421.9
1761040800,4249.6,4254.6,4249.6,4254.6,22271,21308.05
1761044400,4272.67,4272.67,4267.67,4267.67,7518,21100.6
1761044400.001,4245.56,4250.56,4245.56,4250.56,7517,20206.45
1761044400.002,4253.435,4257.85,4252.85,4252.85,58089,21064.65
1761048000,4205.87,4210.87,4205.87,4210.87,19363,21470.25
1761048000.001,4211.095,4216.095,4211.095,4216.095,59976,23193.15
1761051600,4225.485,4225.485,4220.485,4220.485,29988,23544.85
1761051600.001,4167.66,4172.66,4167.66,4172.66,29987,24271.5
1761051600.002,4173.76,4178.76,4173.76,4178.76,79606,28074.5
1761055200,4188.665,4188.665,4183.665,4183.665,39803,28856.25
1761055200.001,4080.58,4085.58,4080.58,4085.58,39803,30443.65
1761055200.002,4138.935,4143.935,4138.935,4143.935,50366,32178.3
1761058800,4150.68,4150.68,4145.68,4145.68,25183,33045.65
1761058800.001,4119.89,4124.89,4119.89,4124.89,25182,31983.75
1761058800.002,4138.77,4143.77,4138.77,4143.77,38734,33277.4
1761062400,4143.975,4143.975,4138.975,4138.975,19367,31330.2
1761062400.001,4101.79,4106.79,4101.79,4106.79,19366,31326.65
1761062400.002,4113.455,4118.415,4113.415,4118.415,35848,31892.45
1761066000,4120.575,4120.575,4115.575,4115.575,17924,32379.8
1761066000.001,4093.83,4098.83,4093.83,4098.83,17924,32190.75
1761066000.002,4111.25,4111.58,4106.58,4111.58,25019,32328.15
1761069600,4126.06,4126.06,4121.06,4121.06,8339,32369.2
1761069600.001,4114.89,4119.89,4114.89,4119.89,19410,32963.85
1761073200,4122.32,4122.32,4117.32,4117.32,9704,30544.6
1761073200.001,4100.795,4105.795,4100.795,4105.795,9704,30061.65
1761073200.002,4109.42,4111.37,4106.37,4111.37,15012,27813.45
1761076800,4131.1,4131.1,4126.1,4126.1,5003,26564.2
1761076800.001,4125.27,4129.215,4124.215,4124.215,13614,25745.55
1761084000,4114.03,4119.03,4114.03,4119.03,4538,21992.15
1761084000.001,4123.54,4128.015,4123.015,4123.015,17229,20863.45
1761087600,4090.005,4093.895,4088.895,4088.895,97131,23729.85
1761091200,4004.28,4009.28,4004.28,4009.28,30463,22734.7
1761091200.001,4075.135,4075.145,4070.145,4070.145,44117,23681.4
1761094800,4064.545,4069.545,4064.545,4069.545,22058,23525.2
1761094800.001,4121.14,4121.14,4116.14,4116.14,22058,22691.4
1761094800.002,4087.445,4092.445,4087.445,4092.445,26309,23038.5
1761098400,4117.95,4117.95,4112.95,4112.95,25676,23354
1761102000,4107.34,4112.34,4107.34,4112.34,8453,21984.25
1761102000.001,4143.425,4143.425,4138.425,4138.425,8453,21510.7
1761102000.002,4128.6050000000005,4133.585,4128.585,4128.585,24763,21852.65
1761105600,4107.3550000000005,4112.3550000000005,4107.3550000000005,4112.3550000000005,8254,21014.4
1761105600.001,4128.375,4131.7300000000005,4126.7300000000005,4131.7300000000005,22314,21713.15
1761109200,4147.005,4147.005,4142.005,4142.005,7438,21114.55
1761109200.001,4134.915,4134.915,4129.915,4129.915,16933,21476
1761112800,4127.715,4132.715,4127.715,4132.715,8466,21414.1
1761112800.001,4161.535,4161.535,4156.535,4156.535,8466,21086.8
1761112800.002,4155.785,4156.59,4151.59,4151.59,37113,22692.3
1761116400,4129.505,4134.505,4129.505,4134.505,56507,24836.95
1761120000,4135.9400000000005,4135.9400000000005,4130.9400000000005,4130.9400000000005,22068,25713.45
1761120000.001,4053.35,4058.35,4053.35,4058.35,22068,25955.4
1761120000.002,4070.6800000000003,4075.5950000000003,4070.5950000000003,4075.5950000000003,31734,22685.55
1761123600,4101.695,4101.695,4096.695,4096.695,15867,21955.75
1761123600.001,4061.605,4066.605,4061.605,4066.605,15867,20543.25
1761123600.002,4069.8,4074.705,4069.705,4074.705,27278,20804.25
1761127200,4090.755,4090.755,4085.755,4085.755,13639,20383.3
1761127200.001,4023.51,4028.51,4023.51,4028.51,13639,19749.8
1761127200.002,4035.405,4040.4,4035.4,4040.4,36750,20303.5
1761130800,4045.205,4045.205,4040.205,4040.205,18375,20799.6
1761130800.001,4015.125,4020.125,4015.125,4020.125,18375,21295.7
1761130800.002,4028.23,4028.32,4023.32,4028.32,49626,22538.85
1761134400,4053.42,4053.42,4048.42,4048.42,16541,22953.2
1761134400.001,4033.87,4038.37,4033.37,4038.37,63723,25023.65
1761138000,4085.48,4085.48,4080.48,4080.48,21241,25713.8
1761138000.001,4075.975,4078.745,4073.745,4073.745,67483,28241.3
1761141600,4011.0950000000003,4016.0950000000003,4011.0950000000003,4016.0950000000003,72642,31450.1
1761145200,4047.34,4047.34,4042.34,4042.34,16716,31862.6
1761145200.001,4037.12,4037.13,4032.13,4032.13,28896,31451.75
1761148800,4023.09,4028.09,4023.09,4028.09,14448,29348.8
1761148800.001,4064.12,4064.12,4059.12,4059.12,26458,29568.3
1761152400,4059.08,4059.08,4054.08,4054.08,12010,29065.4
1761152400.001,4044.02,4049.02,4044.02,4049.02,12010,28079.2
1761152400.002,4071.025,4071.59,4066.59,4071.59,35045,29038.1
1761156000,4081.73,4081.73,4076.73,4076.73,27512,29620.35
1761159600,4076.64,4081.64,4076.64,4081.64,9917,28752.3
1761159600.001,4113.8,4113.8,4108.8,4108.8,9916,28566.15
1761159600.002,4102.1050000000005,4107.1050000000005,4102.1050000000005,4107.1050000000005,9819,28375.15
1761163200,4107.21,4107.21,4102.21,4102.21,4909,26783.1
1761163200.001,4088.52,4093.52,4088.52,4093.52,4909,26109.8
1761163200.002,4099.4,4104.4,4099.4,4104.4,5186,25450.35
1761170400,4110.085,4111.195,4106.195,4106.195,10372,23487.65
1761170400.001,4092.59,4097.59,4092.59,4097.59,5186,22919.9
1761170400.002,4102.325,4104.89,4099.89,4099.89,23718,20919.65
1761174000,4080.6,4085.6,4080.6,4085.6,7906,20252.9
1761174000.001,4087.64,4092.64,4087.64,4092.64,27256,18241.55
1761177600,4096.7300000000005,4096.7300000000005,4091.7300000000005,4091.7300000000005,13627,15290.8
1761177600.001,4065.9,4070.9,4065.9,4070.9,13627,15136.35
1761177600.002,4082.15,4087.15,4082.15,4087.15,25946,14988.85
1761181200,4093.0950000000003,4093.0950000000003,4088.0950000000003,4088.0950000000003,12973,14915.1
1761181200.001,4071.8450000000003,4076.8450000000003,4071.8450000000003,4076.8450000000003,41950,15689.7
1761184800,4085.495,4085.495,4080.495,4080.495,26697,16424.05
1761188400,4077.89,4082.89,4077.89,4082.89,8518,16249.45
1761188400.001,4101.035,4101.035,4096.035,4096.035,8518,14923.1
1761188400.002,4091.4,4093.2000000000003,4088.2000000000003,4088.2000000000003,16409,14367.95
1761192000,4079.895,4084.895,4079.895,4084.895,5469,14145.55
1761192000.001,4089.605,4089.6800000000003,4084.6800000000003,4084.6800000000003,14478,14373.65
1761195600,4084.0750000000003,4089.0750000000003,4084.0750000000003,4089.0750000000003,7239,14244.65
1761195600.001,4110.63,4115.4800000000005,4110.4800000000005,4115.4800000000005,49872,16492.8
1761199200,4137.745,4137.745,4132.745,4132.745,14210,16957.85
1761199200.001,4113.775,4118.755,4113.755,4118.755,23678,17882.45
1761202800,4121.24,4121.24,4116.24,4116.24,11839,17955.8
1761202800.001,4092.06,4097.0599999999995,4092.06,4097.0599999999995,35725,19482.75
1761206400,4118.975,4118.975,4113.975,4113.975,17621,19177.9
1761210000,4111.07,4116.07,4111.07,4116.07,4830,19024.1
1761210000.001,4125.43,4125.55,4120.55,4120.55,21570,18739.8
1761213600,4101.84,4106.84,4101.84,4106.84,5580,18337.45
1761213600.001,4109.16,4112.575,4107.575,4112.575,21564,18734.3
1761217200,4121.115,4121.115,4116.115,4116.115,7188,17796.4
1761217200.001,4109.66,4109.66,4104.66,4104.66,19688,18132.15
1761220800,4100.14,4105.14,4100.14,4105.14,9844,16526.85
1761220800.001,4129.25,4130.785,4125.785,4130.785,56092,17996.6
1761224400,4150.99,4150.99,4145.99,4145.99,15416,18341.5
1761224400.001,4145.12,4145.12,4140.12,4140.12,34466,19638.9
1761228000,4136.14,4141.14,4136.14,4141.14,17232,19680.05
1761228000.001,4154.79,4154.79,4149.79,4149.79,17232,20268.2
1761228000.002,4148.365,4151.965,4146.965,4146.965,41859,21637.25
1761231600,4137.145,4142.145,4137.145,4142.145,30834,22817
1761235200,4148.74,4148.74,4143.74,4143.74,8441,20745.45
1761235200.001,4125.75,4130.75,4125.75,4130.75,8440,20456.95
1761235200.002,4132.995,4132.995,4127.995,4127.995,17652,20155.65
1761238800,4125.1050000000005,4130.1050000000005,4125.1050000000005,4130.1050000000005,8826,20005
1761238800.001,4139.28,4142.805,4137.805,4142.805,24735,19455.5
1761242400,4143.6,4143.6,4138.6,4138.6,7955,18972.2
1761242400.001,4133.155,4138.155,4133.155,4138.155,25211,19991.25
1761246000,4138.31,4138.31,4133.31,4133.31,8628,19344.15
1761246000.001,4116.61,4118.55,4113.55,4113.55,15561,19843.2
1761249600,4107.535,4112.535,4107.535,4112.535,3466,18938.3
1761249600.001,4126.075,4128.8,4123.8,4123.8,10183,19088.05
1761256800,4111.465,4116.345,4111.345,4111.345,8612,18534.25
1761260400,4106.035,4111.035,4106.035,4111.035,3187,18201.4
1761260400.001,4122.885,4122.885,4117.885,4117.885,11009,15947.25
1761264000,4117.805,4122.805,4117.805,4122.805,3910,15371.95
1761264000.001,4133.895,4137.87,4132.87,4137.87,18464,14571.85
1761267600,4144.535,4144.535,4139.535,4139.535,7277,14074.1
1761267600.001,4112.035,4117.035,4112.035,4117.035,7276,13576.3
1761267600.002,4118.79,4119.24,4114.24,4114.24,15629,12264.8
1761271200,4109.425,4112.58,4107.58,4112.58,21208,11783.5
1761274800,4123.665,4123.665,4118.665,4118.665,24805,12601.7
1761278400,4102.8,4107.8,4102.8,4107.8,6490,12504.2
1761278400.001,4111.555,4116.555,4111.555,4116.555,12912,12267.2
1761282000,4118.025,4118.025,4113.025,4113.025,6455,12148.65
1761282000.001,4102.825,4104.81,4099.81,4099.81,40436,12933.7
1761285600,4081.425,4086.425,4081.425,4086.425,11326,13102.25
1761285600.001,4092.3,4096.095,4091.0950000000003,4091.0950000000003,28423,13262.85
1761289200,4069.78,4074.78,4069.78,4074.78,31050,14383.95
1761292800,4077.895,4077.895,4072.895,4072.895,10788,14145.3
1761292800.001,4047.5550000000003,4052.5550000000003,4047.5550000000003,4052.5550000000003,10787,14511.35
1761292800.002,4065.515,4070.5,4065.5,4070.5,14118,14708.1
1761296400,4073.735,4073.735,4068.735,4068.735,7059,14630.45
1761296400.001,4054.2850000000003,4059.2850000000003,4054.2850000000003,4059.2850000000003,7058,14824
1761296400.002,4060.875,4065.875,4060.875,4065.875,10614,14804.25
1761300000,4070.855,4070.855,4065.855,4065.855,5306,14874.05
1761300000.001,4053.545,4054.875,4049.875,4049.875,24346,15168.15
1761303600,4043.515,4048.515,4043.515,4048.515,9520,15280.3
1761303600.001,4065.71,4065.71,4060.71,4060.71,37479,16790.45
1761307200,4059.9,4064.9,4059.9,4064.9,13979,16707.95
1761307200.001,4094.1800000000003,4094.1800000000003,4089.1800000000003,4089.1800000000003,13979,16346.5
1761307200.002,4082.265,4083.975,4078.975,4083.975,56682,17940.35
1761310800,4122.3150000000005,4122.3150000000005,4117.3150000000005,4117.3150000000005,18893,18560.5
1761310800.001,4106.9,4107.145,4102.145,4107.145,47175,20273.65
1761314400,4135.32,4135.32,4130.32,4130.32,15725,20737.15
1761314400.001,4117.63,4118.27,4113.27,4118.27,37396,20585.15
1761318000,4131.91,4135.545,4130.545,4135.545,33195,21678.6
1761321600,4138.67,4138.67,4133.67,4133.67,10364,20775.65
1761321600.001,4121.9,4126.9,4121.9,4126.9,10364,19741.35
1761321600.002,4129.495,4134.39,4129.39,4129.39,23962,20400.05
1761325200,4105.805,4107.775,4102.775,4102.775,20157,20868.55
1761328800,4102.035,4107.035,4102.035,4107.035,6085,20466.9
1761328800.001,4113.7300000000005,4115.43,4110.43,4115.43,17244,20976.15
1761332400,4117.68,4117.68,4112.68,4112.68,5580,20902.25
1761332400.001,4102.37,4104.205,4099.205,4099.205,12758,21009.45
1761336000,4096.625,4101.625,4096.625,4101.625,3589,20923.6
1761336000.001,4114.6050000000005,4114.6050000000005,4109.6050000000005,4109.6050000000005,11210,20266.8
1761516000,4085.7000000000003,4090.7000000000003,4085.7000000000003,4090.7000000000003,7620,20171.8
1761516000.001,4109,4109,4104,4104,7620,18678.85
1761516000.002,4071.925,4076.925,4071.925,4076.925,7620,18360.9
1761516000.003,4081.875,4086.875,4081.875,4086.875,12324,18278.15
1761519600,4088.7850000000003,4088.7850000000003,4083.7850000000003,4083.7850000000003,6162,15752.15
1761519600.001,4061.675,4064.665,4059.665,4059.665,17999,15707.45
1761523200,4058.205,4063.205,4058.205,4063.205,5918,13644.6
1761523200.001,4084.435,4084.435,4079.435,4079.435,26078,14162.25
1761526800,4074.94,4079.94,4074.94,4079.94,10080,12796.45
1761526800.001,4097.87,4097.87,4092.87,4092.87,10079,11640.65
1761526800.002,4082.065,4082.375,4077.375,4077.375,22003,12222.6
1761530400,4070.3450000000003,4075.3450000000003,4070.3450000000003,4075.3450000000003,19649,12686.85
1761534000,4081.875,4081.875,4076.875,4076.875,6157,11796.6
1761534000.001,4065.34,4070.34,4065.34,4070.34,19493,11763.4
1761537600,4071.94,4071.94,4066.94,4066.94,6668,11792.55
1761537600.001,4053.71,4058.71,4053.71,4058.71,6667,11263.7
1761537600.002,4068.835,4073.55,4068.55,4073.55,19605,11964.95
1761541200,4084.6800000000003,4084.8650000000002,4079.8650000000002,4084.8650000000002,22621,12458.1
1761544800,4085.17,4085.17,4080.17,4080.17,8043,12680.8
1761544800.001,4074.0550000000003,4079.0550000000003,4074.0550000000003,4079.0550000000003,25735,13407.05
1761548400,4079.87,4079.87,4074.87,4074.87,8846,13468.35
1761548400.001,4064.02,4069.02,4064.02,4069.02,31484,14661.55
1761552000,4070.455,4070.455,4065.455,4065.455,11319,14846.5
1761552000.001,4024.34,4029.34,4024.34,4029.34,11319,14796.25
1761552000.002,4043.58,4048.545,4043.545,4048.545,20161,15496.2
1761555600,4050.4100000000003,4050.4100000000003,4045.4100000000003,4045.4100000000003,10080,15100.25
1761555600.001,4029.9100000000003,4034.9100000000003,4029.9100000000003,4034.9100000000003,10080,15308.35
1761555600.002,4039.96,4044.77,4039.77,4044.77,14029,14705.9
1761559200,4047.8050000000003,4047.8050000000003,4042.8050000000003,4042.8050000000003,7014,14552.6
1761559200.001,4028.895,4033.895,4028.895,4033.895,7014,14399.35
1761559200.002,4037.565,4041.545,4036.545,4036.545,34172,15007.8
1761562800,4015.29,4020.29,4015.29,4020.29,11390,14594.85
1761562800.001,4024.1600000000003,4027.5550000000003,4022.5550000000003,4027.5550000000003,40583,16316.15
1761566400,4046.655,4050.61,4045.61,4045.61,71332,18908.1
1761570000,4013.525,4018.525,4013.525,4018.525,19268,19538.1
1761570000.001,4022.23,4023.665,4018.665,4018.665,73113,22860.4
1761573600,3983.09,3988.09,3983.09,3988.09,24371,23098.7
1761573600.001,3988.225,3988.235,3983.235,3983.235,36874,23811.35
1761577200,3971.445,3976.445,3971.445,3976.445,18437,24331.05
1761577200.001,3993.7200000000003,3993.7200000000003,3988.7200000000003,3988.7200000000003,47523,25420.45
1761580800,3984.25,3989.25,3984.25,3989.25,14543,25705.3
1761580800.001,4000.585,4000.585,3995.585,3995.585,42120,26237.1
1761584400,3990.81,3995.81,3990.81,3995.81,13788,26360.55
1761584400.001,4009.0750000000003,4010.3050000000003,4005.3050000000003,4005.3050000000003,54123,28500.75
1761588000,3997.905,4002.905,3997.905,4002.905,40922,29538.8
1761591600,4005.67,4005.67,4000.67,4000.67,13738,29721.7
1761591600.001,3985.735,3990.735,3985.735,3990.735,25924,30513.9
1761595200,4000.385,4000.385,3995.385,3995.385,6093,30117.1
1761595200.001,3979.335,3984.335,3979.335,3984.335,8631,30197.95
1761602400,3990.015,3990.015,3985.015,3985.015,2537,29974.1
1761602400.001,3983.685,3988.685,3983.685,3988.685,2537,28392.35
1761602400.002,3997.02,3997.02,3992.02,3992.02,2537,27949.7
1761602400.003,3990.0750000000003,3990.0950000000003,3985.0950000000003,3985.0950000000003,9638,26402.45
1761606000,3983.25,3988.25,3983.25,3988.25,4818,23076.75
1761606000.001,4004.62,4004.62,3999.62,3999.62,4818,22354.25
1761606000.002,3998.6600000000003,3998.6600000000003,3993.6600000000003,3993.6600000000003,14854,19441.3
1761609600,3972.9300000000003,3977.9300000000003,3972.9300000000003,3977.9300000000003,7426,18594.05
1761609600.001,4009.7000000000003,4009.7000000000003,4004.7000000000003,4004.7000000000003,27933,18147
1761613200,4004.355,4009.355,4004.355,4009.355,10253,17737.8
1761613200.001,4019.8050000000003,4019.8050000000003,4014.8050000000003,4014.8050000000003,10253,15874.3
1761613200.002,4011.08,4013.935,4008.935,4008.935,24369,16365.6
1761616800,3980.5,3985.5,3980.5,3985.5,22785,15398.85
1761620400,3994.58,3994.58,3989.58,3989.58,25532,15986.05
1761624000,3963.62,3968.62,3963.62,3968.62,6881,13623.95
1761624000.001,3973.695,3978.695,3973.695,3978.695,13864,12271.05
1761627600,3980.1,3980.1,3975.1,3975.1,6931,11930.7
1761627600.001,3959.02,3964.02,3959.02,3964.02,6931,10981.05
1761627600.002,3966.5350000000003,3968.585,3963.585,3963.585,27576,12055.2
1761631200,3938.335,3943.335,3938.335,3943.335,28331,13040.2
1761634800,3948.905,3948.905,3943.905,3943.905,9569,13391.8
1761634800.001,3921.7200000000003,3926.7200000000003,3921.7200000000003,3926.7200000000003,9569,13743.4
1761634800.002,3932.495,3935.9,3930.9,3930.9,34065,15319.8
1761638400,3896.46,3897.285,3892.285,3892.285,30670,16371.4
1761642000,3886.465,3891.465,3886.465,3891.465,9658,16613.4
1761642000.001,3911.26,3911.26,3906.26,3906.26,9658,16855.4
1761642000.002,3904.635,3905.065,3900.065,3905.065,28695,17547.45
1761645600,3931.53,3931.53,3926.53,3926.53,45916,19471.95
1761649200,3910.94,3915.94,3910.94,3915.94,12116,18681.1
1761649200.001,3923.455,3928.4500000000003,3923.4500000000003,3928.4500000000003,25996,19468.25
1761652800,3929.89,3929.89,3924.89,3924.89,12998,19605.5
1761652800.001,3905.42,3910.42,3905.42,3910.42,12998,19036.95
1761652800.002,3912.815,3917.26,3912.26,3917.26,56556,20725.5
1761656400,3940.445,3940.445,3935.445,3935.445,52151,22056.45
1761660000,3934.935,3939.935,3934.935,3939.935,16650,22544.9
1761660000.001,3954.065,3954.065,3949.065,3949.065,38538,23778.6
1761663600,3947.0350000000003,3952.0350000000003,3947.0350000000003,3952.0350000000003,10944,23979.25
1761663600.001,3969.6150000000002,3969.6150000000002,3964.6150000000002,3964.6150000000002,43998,25832.6
1761667200,3951.155,3956.155,3951.155,3956.155,11017,25004.65
1761667200.001,3958.73,3960.38,3955.38,3960.38,21852,24680.7
1761670800,3970.465,3970.465,3965.465,3965.465,7283,24566.4
1761670800.001,3962.35,3964.155,3959.155,3959.155,22275,25201.7
1761674400,3945.15,3950.15,3945.15,3950.15,7425,23869.7
1761674400.001,3956.4700000000003,3956.4700000000003,3951.4700000000003,3951.4700000000003,17172,23194.8
1761678000,3950.8050000000003,3955.8050000000003,3950.8050000000003,3955.8050000000003,8586,23141.2
1761678000.001,3962.775,3962.775,3957.775,3957.775,17877,23552.15
1761681600,3949.78,3954.78,3949.78,3954.78,7872,22511
1761688800,3955.945,3956.025,3951.025,3951.025,9552,20692.8
1761688800.001,3907.925,3912.925,3907.925,3912.925,4776,20325.8
1761688800.002,3934.17,3939.11,3934.11,3939.11,11861,19619.05
1761692400,3967.85,3967.85,3962.85,3962.85,16717,19805
1761696000,3959.195,3964.195,3959.195,3964.195,6382,19474.2
1761696000.001,3982.495,3982.495,3977.495,3977.495,6381,16965.45
1761696000.002,3975.3250000000003,3979.9,3974.9,3974.9,28645,15790.15
1761699600,3966.225,3971.225,3966.225,3971.225,9548,15435.05
1761699600.001,3973.75,3974.38,3969.38,3969.38,25367,14776.5
1761703200,3943.8250000000003,3948.8250000000003,3943.8250000000003,3948.8250000000003,8455,14652.05
1761703200.001,3961.2850000000003,3963.62,3958.62,3963.62,23617,13633
1761706800,3972.4500000000003,3972.4500000000003,3967.4500000000003,3967.4500000000003,7872,13475.75
1761706800.001,3963.525,3965.0750000000003,3960.0750000000003,3960.0750000000003,16518,13209.05
1761710400,3951.01,3955.79,3950.79,3955.79,22997,13994.75
1761714000,3966.39,3966.39,3961.39,3961.39,21934,13977.7
1761717600,3960.0750000000003,3965.0750000000003,3960.0750000000003,3965.0750000000003,8052,14009.05
1761717600.001,3984.81,3984.81,3979.81,3979.81,8052,13553.05
1761717600.002,3978.38,3979.89,3974.89,3979.89,29438,14595.65
1761721200,4001.765,4005.485,4000.485,4005.485,30851,15244.35
1761724800,4018.5950000000003,4018.5950000000003,4013.5950000000003,4013.5950000000003,26797,16190.6
1761728400,4013.5,4018.5,4013.5,4018.5,9891,16207.55
1761728400.001,4029.6800000000003,4029.6800000000003,4024.6800000000003,4024.6800000000003,9891,16463.3
1761728400.002,4023.935,4028.935,4023.935,4028.935,18054,16772.95
1761732000,4029.835,4029.835,4024.835,4024.835,9027,16388.45
1761732000.001,4017.08,4022.08,4017.08,4022.08,9026,16520.65
1761732000.002,4023.59,4028.565,4023.565,4023.565,32598,17831.5
1761735600,4013.54,4018.53,4013.53,4018.53,49888,18893.65
1761739200,4030.34,4030.34,4025.34,4025.34,61055,21469
1761742800,4002.39,4007.39,4002.39,4007.39,16015,21001.4
1761742800.001,4012.4700000000003,4017.4700000000003,4012.4700000000003,4017.4700000000003,32412,22199.25
1761746400,4022.51,4022.51,4017.51,4017.51,16206,21828.7
1761746400.001,4007.19,4012.025,4007.025,4007.025,63799,24625.05
1761750000,3989.52,3994.52,3989.52,3994.52,34678,25533.05
1761753600,4001.2400000000002,4001.2400000000002,3996.2400000000002,3996.2400000000002,9406,24853.5
1761753600.001,3991.435,3992.8650000000002,3987.8650000000002,3987.8650000000002,25567,25035.15
1761757200,3985.98,3990.98,3985.98,3990.98,8080,25036.55
1761757200.001,3997.94,3999.84,3994.84,3999.84,63829,27825.4
1761760800,4007.875,4007.875,4002.875,4002.875,27874,27747.2
1761760800.001,3942.71,3947.71,3942.71,3947.71,27874,27598.35
1761760800.002,3969.4,3974.315,3969.315,3974.315,43710,28444
1761764400,3979.9,3979.9,3974.9,3974.9,21854,29042.15
1761764400.001,3927.86,3932.86,3927.86,3932.86,21854,29640.3
1761764400.002,3945.8250000000003,3950.8250000000003,3945.8250000000003,3950.8250000000003,13792,29427.2
1761768000,3954.375,3954.375,3949.375,3949.375,6895,29320.6
1761768000.001,3927.955,3930.6150000000002,3925.6150000000002,3925.6150000000002,11586,29448.6
1761775200,3921.61,3921.61,3916.61,3916.61,4691,28053.25
1761775200.001,3916.59,3921.59,3916.59,3921.59,4691,25793.4
1761775200.002,3948.515,3948.515,3943.515,3943.515,4690,22975.15
1761775200.003,3941.4500000000003,3944.695,3939.695,3944.695,11271,22737.95
1761778800,3954.335,3957.9300000000003,3952.9300000000003,3957.9300000000003,15382,21886.45
1761782400,3964.36,3964.36,3959.36,3959.36,5812,21366.75
1761782400.001,3938.09,3943.09,3938.09,3943.09,5812,18467.4
1761782400.002,3950.48,3955.48,3950.48,3955.48,19385,17702.75
1761786000,3966.8,3966.8,3961.8,3961.8,9692,17717.05
1761786000.001,3945.2400000000002,3948.445,3943.445,3943.445,36277,18252.55
1761789600,3921.8250000000003,3922.0550000000003,3917.0550000000003,3917.0550000000003,24407,19068.9
1761793200,3915.52,3920.52,3915.52,3920.52,7772,16266.05
1761793200.001,3938.3050000000003,3939.735,3934.735,3939.735,32552,16499.95
1761796800,3982.665,3982.665,3977.665,3977.665,8260,15519.25
1761796800.001,3972.4700000000003,3977.4700000000003,3972.4700000000003,3977.4700000000003,18676,14267.55
1761800400,3978.2400000000002,3978.2400000000002,3973.2400000000002,3973.2400000000002,9337,13641.7
1761800400.001,3947.0350000000003,3952.0350000000003,3947.0350000000003,3952.0350000000003,9337,13015.85
1761800400.002,3963.975,3963.985,3958.985,3958.985,16920,13172.25
1761804000,3956.2200000000003,3961.2200000000003,3956.2200000000003,3961.2200000000003,8460,13250.5
1761804000.001,3977.415,3977.54,3972.54,3972.54,34337,14388.05
1761807600,3955.94,3960.94,3955.94,3960.94,8625,14584.75
1761807600.001,3961.28,3965.36,3960.36,3965.36,22809,15490.65
1761811200,3977.02,3981.155,3976.155,3981.155,33160,16914.15
1761814800,4011.705,4011.705,4006.705,4006.705,8519,16776.55
1761814800.001,3998.69,4000.925,3995.925,3995.925,27708,17392.85
1761818400,3973.655,3978.655,3973.655,3978.655,9236,17564.05
1761818400.001,3984.19,3985.045,3980.045,3980.045,27772,18662.05
1761822000,3964.02,3969.02,3964.02,3969.02,9257,18155.65
1761822000.001,3974.515,3979.515,3974.515,3979.515,28668,19104.45
1761825600,3985.685,3985.685,3980.685,3980.685,14334,18007.3
1761825600.001,3961.215,3965.32,3960.32,3965.32,73016,20437.75
1761829200,3995.3650000000002,3995.385,3990.385,3990.385,63296,23213.95
1761832800,3986.925,3991.925,3986.925,3991.925,21868,22679.75
1761832800.001,4015.1,4015.1,4010.1,4010.1,21867,23360.1
1761832800.002,3996.425,3996.425,3991.425,3991.425,24875,23670.05
1761836400,3988.17,3993.17,3988.17,3993.17,12437,23825.05
1761836400.001,4008.775,4008.775,4003.775,4003.775,12437,23980.05
1761836400.002,4001.76,4004.135,3999.135,3999.135,24566,24362.35
1761840000,3991.165,3996.165,3991.165,3996.165,8188,24348.75
1761840000.001,4001.55,4001.55,3996.55,3996.55,10106,23137.2
1761843600,3994.485,3999.485,3994.485,3999.485,5052,22958.55
1761843600.001,4018.05,4018.05,4013.05,4013.05,5052,22070.7
1761843600.002,4004.505,4005.06,4000.06,4005.06,27668,21796.1
1761847200,4017.715,4020.39,4015.39,4020.39,53202,24030.25
1761850800,4025.9300000000003,4025.9300000000003,4020.9300000000003,4020.9300000000003,19644,23627.05
1761854400,4016.36,4021.36,4016.36,4021.36,2492,23289.85
1761854400.001,4027.235,4027.235,4022.235,4022.235,6038,22203.15
1761861600,4021.4700000000003,4021.4700000000003,4016.4700000000003,4016.4700000000003,3546,21917.6
1761861600.001,4016.46,4021.46,4016.46,4021.46,3546,20661.5
1761861600.002,4046.5950000000003,4046.5950000000003,4041.5950000000003,4041.5950000000003,3546,20122.1
1761861600.003,4037.725,4042.725,4037.725,4042.725,8936,16918.1
1761865200,4043.25,4043.25,4038.25,4038.25,4468,13976.7
1761865200.001,4018.925,4023.925,4018.925,4023.925,4467,13106.65
1761865200.002,4036.635,4037.06,4032.06,4032.06,14688,12747.7
1761868800,4023.9300000000003,4028.9300000000003,4023.9300000000003,4028.9300000000003,24964,12752.15
1761872400,4039.58,4039.58,4034.58,4034.58,10034,12632
1761872400.001,4012.755,4017.755,4012.755,4017.755,10034,12511.85
1761872400.002,4019,4019.405,4014.405,4014.405,30765,12821.8
1761876000,4001.415,4006.415,4001.415,4006.415,10254,12925.1
1761876000.001,4011.145,4013.895,4008.895,4008.895,22548,13547.2
1761879600,3991.235,3996.235,3991.235,3996.235,7515,13670.35
1761879600.001,3996.315,3996.33,3991.33,3991.33,12184,14026.95
1761883200,3989.065,3994.065,3989.065,3994.065,6092,12948.15
1761883200.001,4010.79,4010.79,4005.79,4005.79,15834,11079.75
1761886800,4005.455,4010.455,4005.455,4010.455,9743,10584.7
1761886800.001,4011.38,4011.38,4006.38,4006.38,9743,10947.25
1761886800.002,3994.1150000000002,3999.1150000000002,3994.1150000000002,3999.1150000000002,9742,11132.45
1761886800.003,4005.11,4007.17,4002.17,4007.17,31116,12510.95
1761890400,4014.94,4014.94,4009.94,4009.94,29910,13829.15
1761894000,4007.6800000000003,4012.6800000000003,4007.6800000000003,4012.6800000000003,9768,14140.25
1761894000.001,4025.7200000000003,4026.205,4021.205,4026.205,26401,15013.5
1761897600,4026.82,4026.82,4021.82,4021.82,8316,15205.9
1761897600.001,4006.94,4011.94,4006.94,4011.94,25554,16260.25
1761901200,4014.32,4014.32,4009.32,4009.32,8618,15956.75
1761901200.001,3998.875,4003.875,3998.875,4003.875,8618,15139.45
1761901200.002,4008.59,4013.59,4008.59,4013.59,15968,15436.15
1761904800,4016.84,4016.84,4011.84,4011.84,7983,15333.6
1761904800.001,4003.685,4007.5350000000003,4002.5350000000003,4002.5350000000003,20873,14839
1761908400,4001.745,4006.745,4001.745,4006.745,6444,14648.5
1761908400.001,4011.295,4014.19,4009.19,4014.19,41789,15610.55
1761912000,4036.435,4036.435,4031.435,4031.435,11781,15823.85
1761912000.001,4023.06,4028.05,4023.05,4028.05,36337,17031.5
1761915600,4035.725,4035.725,4030.725,4030.725,18168,17635.3
1761915600.001,4010.28,4015.28,4010.28,4015.28,18168,17752
1761915600.002,4016.73,4016.735,4011.735,4011.735,34869,19008.3
1761919200,4011.06,4016.06,4011.06,4016.06,17434,19392.85
1761919200.001,4027.32,4027.32,4022.32,4022.32,17434,19777.45
1761919200.002,4020.7000000000003,4023.04,4018.04,4018.04,47618,20602.55
1761922800,4009.635,4014.635,4009.635,4014.635,50310,21622.55
1761926400,4015.3,4015.3,4010.3,4010.3,17219,21995.1
1761926400.001,3972.2850000000003,3977.2850000000003,3972.2850000000003,3977.2850000000003,17219,21536
1761926400.002,3980.7200000000003,3985.5750000000003,3980.5750000000003,3985.5750000000003,34725,22856.45
1761930000,4003.835,4003.835,3998.835,3998.835,11575,22157.5
1761930000.001,3997.635,4000.505,3995.505,4000.505,16875,22570.35
1761933600,4010.08,4010.08,4005.08,4005.08,5625,22420.7
1761933600.001,3999.92,3999.9300000000003,3994.9300000000003,3994.9300000000003,13788,22311.7
1761937200,3991.205,3996.205,3991.205,3996.205,6893,22257.2
1761937200.001,4005.475,4005.475,4000.475,4000.475,10081,21717.6
1761940800,3996.28,4001.28,3996.28,4001.28,1593,21475.05
1761940800.001,4006.7400000000002,4006.7400000000002,4001.7400000000002,4001.7400000000002,4635,19617.35
1762124400,3995.4700000000003,3999.335,3994.335,3994.335,6082,19332.4
1762124400.001,3977.9100000000003,3982.9100000000003,3977.9100000000003,3982.9100000000003,14667,18248.9
1762128000,3988.505,3988.505,3983.505,3983.505,5813,17631.15
1762128000.001,3962.275,3967.275,3962.275,3967.275,5812,17013.35
1762128000.002,3970.755,3970.76,3965.76,3965.76,17353,16137.55
1762131600,3965.28,3970.28,3965.28,3970.28,8676,15699.65
1762131600.001,4002.0750000000003,4002.0750000000003,3997.0750000000003,3997.0750000000003,8676,15261.75
1762131600.002,3996.09,3996.09,3991.09,3991.09,10462,13403.95
1762135200,3990.445,3995.445,3990.445,3995.445,5231,11150
1762135200.001,4006.7000000000003,4007.2000000000003,4002.2000000000003,4007.2000000000003,20177,11297.9
1762138800,4015.4500000000003,4015.4500000000003,4010.4500000000003,4010.4500000000003,14116,11142.75
1762142400,4001.85,4003.71,3998.71,3998.71,13429,10077.95
1762146000,3997.705,4002.705,3997.705,4002.705,5192,9758.8
1762146000.001,4018.33,4018.33,4013.33,4013.33,16436,9736.85
1762149600,4010.03,4015.03,4010.03,4015.03,5622,9736.7
1762149600.001,4018.795,4018.795,4013.795,4013.795,20539,10074.25
1762153200,4013.62,4018.62,4013.62,4018.62,7458,10102.5
1762153200.001,4026.045,4028.13,4023.13,4023.13,35222,11359.55
1762156800,4011.215,4016.215,4011.215,4016.215,9254,11742.6
1762156800.001,4019.715,4024.71,4019.71,4024.71,20656,12543.65
1762160400,4026.11,4026.11,4021.11,4021.11,10328,12755.95
1762160400.001,3993.1,3998.1,3993.1,3998.1,10328,12539
1762160400.002,4000.63,4005.085,4000.085,4000.085,23649,13430.8
1762164000,3994.44,3999.34,3994.34,3999.34,29365,14608.45
1762167600,4008.76,4008.76,4003.76,4003.76,20706,14776.1
1762171200,4001.905,4006.905,4001.905,4006.905,6773,14680.95
1762171200.001,4013.8,4015.8650000000002,4010.8650000000002,4015.8650000000002,46353,16564.8
1762174800,4020.765,4020.765,4015.765,4015.765,43288,18206.1
1762178400,4001.755,4006.755,4001.755,4006.755,15047,18696.9
1762178400.001,4026.155,4027.84,4022.84,4027.84,54747,20425.4
1762182000,4030.8250000000003,4030.8250000000003,4025.8250000000003,4025.8250000000003,19849,20712.05
1762182000.001,4003.39,4008.39,4003.39,4008.39,19849,21033.05
1762182000.002,4008.59,4013.545,4008.545,4008.545,38805,22713.7
1762185600,3995.2200000000003,4000.2200000000003,3995.2200000000003,4000.2200000000003,12934,22538.6
1762185600.001,4008.48,4012.245,4007.245,4007.245,21060,23310.5
1762189200,4003.59,4006.3050000000003,4001.3050000000003,4001.3050000000003,18736,23220.35
1762192800,3999.57,4004.57,3999.57,4004.57,5858,23140.35
1762192800.001,4009.78,4009.78,4004.78,4004.78,25611,22659.8
1762196400,3995.445,4000.445,3995.445,4000.445,6584,22526.3
1762196400.001,4004.6600000000003,4009.59,4004.59,4009.59,18828,22434.9
1762200000,4015.06,4015.06,4010.06,4010.06,10893,22463.15
1762203600,4000.12,4005.12,4000.12,4005.12,8323,22362.9
1762210800,4005.27,4005.27,4000.27,4000.27,3392,21350.05
1762210800.001,3981.565,3986.565,3981.565,3986.565,3392,20051.4
1762210800.002,3997.27,3999.295,3994.295,3994.295,18948,19963.5
1762214400,3978.675,3983.675,3978.675,3983.675,6315,19940.6
1762214400.001,3986.51,3986.58,3981.58,3981.58,19222,18584.05
1762218000,3979.64,3984.64,3979.64,3984.64,9610,16900.15
1762218000.001,3994.81,3994.81,3989.81,3989.81,9610,16628.3
1762218000.002,3987.545,3987.545,3982.545,3982.545,19178,14849.85
1762221600,3975.57,3980.57,3975.57,3980.57,6392,14177
1762221600.001,3986.685,3986.855,3981.855,3981.855,7113,13540.2
1762225200,3981.7000000000003,3986.7000000000003,3981.7000000000003,3986.7000000000003,3556,11777.75
1762225200.001,3999.465,3999.465,3994.465,3994.465,13715,11816.8
1762228800,3984.225,3987.3450000000003,3982.3450000000003,3982.3450000000003,23093,11918.45
1762232400,3972.8050000000003,3973.3650000000002,3968.3650000000002,3968.3650000000002,19379,11950.6
1762236000,3966.605,3971.605,3966.605,3971.605,6405,11977.95
1762236000.001,3988.145,3988.145,3983.145,3983.145,17037,11549.25
1762239600,3982.31,3987.31,3982.31,3987.31,5316,11485.85
1762239600.001,3996.585,3996.585,3991.585,3991.585,16647,11376.8
1762243200,3990.665,3995.665,3990.665,3995.665,5666,11115.45
1762243200.001,4000.855,4000.855,3995.855,3995.855,19936,11696.1
1762246800,3990.5350000000003,3991.27,3986.27,3986.27,19934,12523.2
1762250400,3986.065,3991.065,3986.065,3991.065,7588,12733
1762250400.001,3997.655,3997.655,3992.655,3992.655,20092,12790.2
1762254000,3991.8450000000003,3996.8450000000003,3991.8450000000003,3996.8450000000003,6251,12787
1762254000.001,4000.085,4000.085,3995.085,3995.085,6251,12138.45
1762254000.002,3994.9700000000003,3997.61,3992.61,3992.61,24792,12897.55
1762257600,3983.7000000000003,3988.7000000000003,3983.7000000000003,3988.7000000000003,34926,14163.35
1762261200,3996.09,3996.09,3991.09,3991.09,13331,13871
1762261200.001,3971.855,3976.855,3971.855,3976.855,43970,15749.9
1762264800,3977.875,3977.875,3972.875,3972.875,15320,16160.25
1762264800.001,3928.685,3933.685,3928.685,3933.685,15320,16748.45
1762264800.002,3957.12,3962.08,3957.08,3962.08,26342,17379.8
1762268400,3968.35,3968.35,3963.35,3963.35,13171,16883.7
1762268400.001,3941.4100000000003,3946.4100000000003,3941.4100000000003,3946.4100000000003,13170,16573.25
1762268400.002,3956.9100000000003,3961.815,3956.815,3961.815,29671,17736.55
1762272000,3975.685,3975.685,3970.685,3970.685,9890,17379.2
1762272000.001,3969.14,3971.165,3966.165,3966.165,18730,18049.9
1762275600,3952.375,3956.9300000000003,3951.9300000000003,3951.9300000000003,26355,18535.3
1762279200,3932.04,3937.04,3932.04,3937.04,6703,18587.15
1762279200.001,3937.81,3942.81,3937.81,3942.81,11026,18141.65
1762282800,3944.245,3944.245,3939.245,3939.245,5512,17420.55
1762282800.001,3934.63,3937.55,3932.55,3932.55,19625,18022.4
1762286400,3931.275,3936.275,3931.275,3936.275,7056,17370.6
1762286400.001,3942.2000000000003,3942.2000000000003,3937.2000000000003,3937.2000000000003,11924,17654.25
1762290000,3930.56,3935.56,3930.56,3935.56,3609,17522.15
1762297200,3937.9300000000003,3940.88,3935.88,3935.88,3974,16481.25
1762297200.001,3930.92,3934.625,3929.625,3929.625,10563,15263.1
1762300800,3929.35,3934.35,3929.35,3934.35,4287,14810.9
1762300800.001,3942.96,3944.735,3939.735,3944.735,21186,13671.7
1762304400,3949.56,3949.56,3944.56,3944.56,8449,13328.15
1762304400.001,3934.6,3939.6,3934.6,3939.6,27588,13941.55
1762308000,3951.1150000000002,3952.645,3947.645,3952.645,16725,13460.7
1762311600,3965.3450000000003,3965.3450000000003,3960.3450000000003,3960.3450000000003,11103,13357.3
1762315200,3959.835,3964.835,3959.835,3964.835,3827,12890.15
1762315200.001,3973.905,3975.495,3970.495,3975.495,11199,11966.55
1762318800,3978.78,3978.78,3973.78,3973.78,3686,11656.35
1762318800.001,3961.875,3966.875,3961.875,3966.875,14073,11423.5
1762322400,3973.645,3973.645,3968.645,3968.645,3462,10278.85
1762322400.001,3966.275,3968.7400000000002,3963.7400000000002,3968.7400000000002,11478,10517.6
1762326000,3974.88,3977.52,3972.52,3977.52,19051,10918.85
1762329600,3987.34,3987.34,3982.34,3982.34,5075,10897
1762329600.001,3980.025,3981.4900000000002,3976.4900000000002,3976.4900000000002,11505,10491
1762333200,3963.57,3968.57,3963.57,3968.57,3835,10329.95
1762333200.001,3971.955,3971.955,3966.955,3966.955,14086,10438.05
1762336800,3956.1,3961.1,3956.1,3961.1,4695,10492.35
1762336800.001,3964.7000000000003,3964.7000000000003,3959.7000000000003,3959.7000000000003,7488,10668.05
1762340400,3957.48,3962.48,3957.48,3962.48,3744,10327.1
1762340400.001,3969.14,3969.14,3964.14,3964.14,8451,10535.3
1762344000,3962.245,3967.245,3962.245,3967.245,2354,9593.7
1762344000.001,3969.905,3969.905,3964.905,3964.905,13580,9850.25
1762347600,3964.885,3969.885,3964.885,3969.885,5613,8751.5
1762347600.001,3979.48,3980.9100000000003,3975.9100000000003,3980.9100000000003,24565,9143.5
1762351200,3985.725,3985.725,3980.725,3980.725,9475,9062.1
1762351200.001,3969.665,3973.62,3968.62,3968.62,37930,10767.25
1762354800,3964.27,3969.27,3964.27,3969.27,14227,10918.65
1762354800.001,3984.4900000000002,3984.4900000000002,3979.4900000000002,3979.4900000000002,14227,11445.7
1762354800.002,3978.295,3979.985,3974.985,3979.985,24347,11959.4
1762358400,3990.565,3990.565,3985.565,3985.565,17659,12669.25
1762362000,3978.58,3983.58,3978.58,3983.58,15892,12889.95
1762365600,3986.105,3986.105,3981.105,3981.105,12447,12559.75
1762369200,3979.165,3984.165,3979.165,3984.165,4104,12511.2
1762369200.001,3988.7850000000003,3990.175,3985.175,3985.175,13977,12634.8
1762372800,3981.585,3985.185,3980.185,3980.185,6036,12744.85
1762376400,3977.995,3980.1150000000002,3975.1150000000002,3975.1150000000002,3378,12209.45
1762383600,3968.78,3971.54,3966.54,3971.54,4925,12220.95
1762383600.001,3977.795,3977.795,3972.795,3972.795,8349,12264
1762387200,3969.79,3974.79,3969.79,3974.79,2943,12223.95
1762387200.001,3976.34,3976.34,3971.34,3971.34,10435,12323.15
1762390800,3964.455,3969.455,3964.455,3969.455,3745,12392.7
1762390800.001,3977.465,3979.38,3974.38,3979.38,11772,12302.3
1762394400,3985.13,3985.13,3980.13,3980.13,6712,12357.25
1762398000,3979.5750000000003,3984.5750000000003,3979.5750000000003,3984.5750000000003,2018,11229.9
1762398000.001,3990.525,3990.525,3985.525,3985.525,4116,10961.95
1762401600,3984.58,3989.58,3984.58,3989.58,1049,9117.9
1762401600.001,3989.98,3990.87,3985.87,3985.87,9070,8860.05
1762405200,3985.67,3987.655,3982.655,3982.655,8689,8583.15
1762408800,3982.3650000000002,3987.3650000000002,3982.3650000000002,3987.3650000000002,3008,7516.2
1762408800.001,3993.08,3996.185,3991.185,3996.185,19915,7629
1762412400,4009.545,4009.765,4004.765,4009.765,28839,8276.35
1762416000,4017.06,4017.06,4012.06,4012.06,24518,8879.9
1762419600,4009.3450000000003,4011.2000000000003,4006.2000000000003,4006.2000000000003,22951,9822.25
1762423200,4004.5,4009.5,4004.5,4009.5,23251,10285.95
1762426800,4019.55,4019.645,4014.645,4014.645,24896,11228.95
1762430400,4002.9500000000003,4007.9500000000003,4002.9500000000003,4007.9500000000003,36112,12865.65
1762434000,4016.31,4016.31,4011.31,4011.31,60415,15640.15
1762437600,3989.0950000000003,3993.9,3988.9,3988.9,71455,18795.45
1762441200,3975.08,3980.08,3975.08,3980.08,18207,19558.65
1762441200.001,3980.405,3981.5950000000003,3976.5950000000003,3981.5950000000003,43801,21226.95
1762444800,3986.4500000000003,3986.4500000000003,3981.4500000000003,3981.4500000000003,14600,21769.7
1762444800.001,3981.03,3981.03,3976.03,3976.03,20689,22215.55
1762448400,3965.71,3970.71,3965.71,3970.71,10344,22397.15
1762448400.001,3988.26,3988.26,3983.26,3983.26,28928,23742.65
1762452000,3980.27,3985.27,3980.27,3985.27,9291,24001.4
1762452000.001,3991,3992.915,3987.915,3992.915,24714,25184.65
1762455600,3995.3650000000002,3995.3650000000002,3990.3650000000002,3990.3650000000002,7711,25116.7
1762455600.001,3983.1800000000003,3987.2850000000003,3982.2850000000003,3982.2850000000003,44018,26883.15
1762459200,3979.455,3982.6150000000002,3977.6150000000002,3977.6150000000002,17885,27627
1762462800,3976.88,3981.88,3976.88,3981.88,7793,27020.9
1762470000,3989.975,3994.3450000000003,3989.3450000000003,3994.3450000000003,8524,26005.15
1762473600,3994.565,3994.565,3989.565,3989.565,3284,24943.45
1762473600.001,3984.655,3989.655,3984.655,3989.655,20330,24812.4
1762477200,4002.85,4003.4100000000003,3998.4100000000003,3998.4100000000003,19453,24622.5
1762480800,3991.61,3996.61,3991.61,3996.61,8896,23822.5
1762484400,3996.73,3996.73,3991.73,3991.73,2152,22124.5
1762484400.001,3988.1600000000003,3990.605,3985.605,3990.605,8275,19517.5
1762488000,3998.565,3999.05,3994.05,3994.05,8622,16375.85
1762491600,3992.1150000000002,3997.1150000000002,3992.1150000000002,3997.1150000000002,13647,16147.85
1762495200,4008.65,4008.65,4003.65,4003.65,10634,14489.5
1762498800,4002.815,4007.815,4002.815,4007.815,3407,13929.85
1762498800.001,4010.02,4010.02,4005.02,4005.02,13102,13550.5
1762502400,4003.735,4008.735,4003.735,4008.735,4847,13275.65
1762502400.001,4010.46,4014.29,4009.29,4009.29,17097,12684.1
1762506000,4004.31,4008.26,4003.26,4008.26,14540,12946.55
1762509600,4009.71,4011.925,4006.925,4006.925,18455,12633.6
1762513200,3993.65,3998.65,3993.65,3998.65,4989,12497.5
1762513200.001,4002.965,4007.815,4002.815,4007.815,10440,10818.6
1762516800,4008.715,4008.715,4003.715,4003.715,5220,10185.35
1762516800.001,3991.69,3996.69,3991.69,3996.69,33456,11468.5
1762520400,4002.13,4002.855,3997.855,4002.855,34197,12752.15
1762524000,4007.36,4007.36,4002.36,4002.36,12392,13207.55
1762524000.001,3984.385,3989.385,3984.385,3989.385,12392,12810.65
1762524000.002,3993.605,3998.56,3993.56,3998.56,26015,13138.75
1762527600,3999.2850000000003,3999.2850000000003,3994.2850000000003,3994.2850000000003,13007,13344.3
1762527600.001,3984.01,3989.01,3984.01,3989.01,13007,13887.05
1762527600.002,3991.05,3995.165,3990.165,3995.165,34026,15174.6
1762531200,4027.5950000000003,4027.5950000000003,4022.5950000000003,4022.5950000000003,11342,15310.6
1762531200.001,4007.765,4009.8,4004.8,4004.8,26017,15929.1
1762534800,3992.37,3997.37,3992.37,3997.37,8672,15831
1762534800.001,4005.6,4005.6,4000.6,4000.6,15856,16453.45
1762538400,3999.5550000000003,4004.5550000000003,3999.5550000000003,4004.5550000000003,7928,16194.75
1762538400.001,4009.3250000000003,4009.3250000000003,4004.3250000000003,4004.3250000000003,21715,17038.15
1762542000,4001.935,4006.935,4001.935,4006.935,6894,16528
1762542000.001,4009.05,4009.05,4004.05,4004.05,35733,17587.65
1762545600,3994.64,3999.64,3994.64,3999.64,9613,17145.55
1762545600.001,4004.1800000000003,4005.34,4000.34,4000.34,2790,17035.6
1762549200,3998.69,4003.69,3998.69,4003.69,3247,16675.95
1762729200,4005.675,4009.355,4004.355,4009.355,4636,16646.75
1762729200.001,4012.23,4016.13,4011.13,4016.13,11444,15546.15
1762732800,4024.12,4024.15,4019.15,4024.15,39241,15798.35
1762736400,4053.4700000000003,4053.4700000000003,4048.4700000000003,4048.4700000000003,12066,15782.05
1762736400.001,4044.07,4044.07,4039.07,4039.07,12012,15763.05
1762740000,4037.7400000000002,4042.7400000000002,4037.7400000000002,4042.7400000000002,6005,14762.55
1762740000.001,4049.175,4049.945,4044.945,4049.945,14517,14838.05
1762743600,4052.98,4054.835,4049.835,4054.835,12155,14795.45
1762747200,4056.875,4056.875,4051.875,4051.875,12239,13706.1
1762750800,4050.2400000000002,4055.2400000000002,4050.2400000000002,4055.2400000000002,4566,13367.3
1762750800.001,4070.07,4071.9,4066.9,4071.9,22359,13184.4
1762754400,4078.6150000000002,4078.6150000000002,4073.6150000000002,4073.6150000000002,15051,13503.35
1762758000,4072.315,4077.315,4072.315,4077.315,4559,12938.5
1762758000.001,4079.15,4080.135,4075.135,4080.135,25077,13795.95
1762761600,4085.295,4086.375,4081.375,4081.375,21776,13799
1762765200,4071.4900000000002,4076.4900000000002,4071.4900000000002,4076.4900000000002,4978,13703.2
1762765200.001,4076.705,4080.9500000000003,4075.9500000000003,4080.9500000000003,10665,12449.8
1762768800,4083.42,4083.42,4078.42,4078.42,12105,12574.4
1762772400,4075.86,4080.86,4075.86,4080.86,4275,12648.65
1762772400.001,4085.495,4089.42,4084.42,4089.42,23487,13660.65
1762776000,4100.085,4102.65,4097.65,4102.65,30315,14944.6
1762779600,4106,4106,4101,4101,11956,14970.2
1762779600.001,4090.4,4094.13,4089.13,4089.13,52828,15649.55
1762783200,4074.4900000000002,4079.4900000000002,4074.4900000000002,4079.4900000000002,13623,15727.4
1762783200.001,4083.53,4083.53,4078.53,4078.53,21972,16225.4
1762786800,4077.935,4082.935,4077.935,4082.935,10986,16474.45
1762786800.001,4094.355,4094.355,4089.355,4089.355,10985,16297.85
1762786800.002,4084.435,4087.0950000000003,4082.0950000000003,4087.0950000000003,28365,17108.35
1762790400,4095.77,4098.46,4093.46,4098.46,24445,17718.65
1762794000,4102.85,4106.77,4101.77,4106.77,28254,18903.05
1762797600,4115.915,4115.915,4110.915,4110.915,7752,18172.7
1762797600.001,4110.145,4112.92,4107.92,4112.92,17751,18307.7
1762801200,4115.465,4115.465,4110.465,4110.465,37122,19935.85
1762804800,4106.6,4111.6,4106.6,4111.6,10401,19202.05
1762804800.001,4111.685,4115.4,4110.4,4115.4,2170,18221.75
1762808400,4116.6900000000005,4120.41,4115.41,4120.41,6903,18318
1762815600,4122.925,4122.925,4117.925,4117.925,8535,18211.5
1762819200,4116.29,4121.29,4116.29,4121.29,3237,17768.1
1762819200.001,4133.755,4133.755,4128.755,4128.755,16589,18383.8
1762822800,4128,4133,4128,4133,6676,17543.25
1762822800.001,4141.365,4141.365,4136.365,4136.365,6675,16361.25
1762822800.002,4136.3550000000005,4136.3550000000005,4131.3550000000005,4131.3550000000005,8801,16203.5
1762826400,4129.75,4134.75,4129.75,4134.75,4400,13782.1
1762826400.001,4139.81,4142.255,4137.255,4142.255,15845,13893.2
1762830000,4148.18,4149.1,4144.1,4144.1,12836,13436.4
1762833600,4142.03,4144.47,4139.47,4139.47,18912,13832.7
1762837200,4124.895,4129.895,4124.895,4129.895,5302,13548.55
1762837200.001,4131.13,4136.08,4131.08,4136.08,9856,12623.1
1762840800,4137.915,4137.915,4132.915,4132.915,4927,11647.2
1762840800.001,4126.8,4131.8,4126.8,4131.8,12308,10849.9
1762844400,4133.04,4133.04,4128.04,4128.04,3690,10646.8
1762844400.001,4124.985,4129.985,4124.985,4129.985,19469,10732.7
1762848000,4137.81,4139.435,4134.435,4139.435,17422,9747.7
1762851600,4146.035,4146.035,4141.035,4141.035,11887,9822
1762855200,4136.84,4141.84,4136.84,4141.84,2610,9844
1762855200.001,4141.935,4144.12,4139.12,4144.12,9672,9982.45
1762858800,4144.805,4144.805,4139.805,4139.805,14987,10305.05
1762862400,4133.34,4138.34,4133.34,4138.34,20046,11145.5
1762866000,4146.885,4146.885,4141.885,4141.885,39092,12270.65
1762869600,4119.9400000000005,4124.9400000000005,4119.9400000000005,4124.9400000000005,11238,12498.75
1762869600.001,4125.015,4126.32,4121.32,4121.32,43625,14346.25
1762873200,4097.245,4102.245,4097.245,4102.245,14541,14633.25
1762873200.001,4106.835,4110.1,4105.1,4110.1,16647,15245.6
1762876800,4115.8150000000005,4115.8150000000005,4110.8150000000005,4110.8150000000005,10759,14991.3
1762880400,4110.645,4115.645,4110.645,4115.645,2604,14479.7
1762880400.001,4117.955,4117.955,4112.955,4112.955,12117,14139.95
1762884000,4106.64,4111.64,4106.64,4111.64,3170,14033.35
1762884000.001,4113.86,4117.07,4112.07,4117.07,6231,13852.1
1762887600,4126.26,4127.395,4122.395,4127.395,11826,14197.05
1762891200,4131.97,4131.97,4126.97,4126.97,6660,13914.65
1762894800,4125.615,4130.615,4125.615,4130.615,3673,13913.8
1762902000,4130.9,4134.025,4129.025,4134.025,5071,13193.9
1762902000.001,4144.74,4145.61,4140.61,4140.61,13317,12988.65
1762905600,4132.16,4137.16,4132.16,4137.16,24681,13628.35
1762909200,4137.3,4137.3,4132.3,4132.3,10543,14025
1762909200.001,4126.3150000000005,4131.3150000000005,4126.3150000000005,4131.3150000000005,10543,14068.55
1762909200.002,4131.5,4135.495,4130.495,4130.495,18354,14236.9
1762912800,4118.765,4123.765,4118.765,4123.765,6117,13540.45
1762912800.001,4124.13,4125.425,4120.425,4120.425,16464,12409.05
1762916400,4111.895,4113.39,4108.39,4108.39,22461,12970.2
1762920000,4103.635,4108.635,4103.635,4108.635,5657,11071.8
1762920000.001,4110.735,4111.265,4106.265,4106.265,14355,11062.5
1762923600,4098.915,4103.915,4098.915,4103.915,4785,10469.4
1762923600.001,4104.725,4108.275,4103.275,4108.275,22014,11032.15
1762927200,4119.3,4123.675,4118.675,4123.675,16830,11743.45
1762930800,4125.3,4125.3,4120.3,4120.3,4746,11374.9
1762930800.001,4113.465,4117.305,4112.305,4112.305,15816,12007.2
1762934400,4112.27,4117.27,4112.27,4117.27,5534,11972.35
1762934400.001,4132.965,4133.8550000000005,4128.8550000000005,4128.8550000000005,19973,12379.7
1762938000,4120.58,4124.785,4119.785,4119.785,16719,12882.65
1762941600,4117.945,4122.945,4117.945,4122.945,5953,12996.65
1762941600.001,4129.57,4131.34,4126.34,4126.34,19527,13719.45
1762945200,4123.09,4128.09,4123.09,4128.09,17655,13936.35
1762948800,4139.51,4139.51,4134.51,4134.51,4376,12921.1
1762948800.001,4130.25,4132.63,4127.63,4127.63,20855,13436.7
1762952400,4122.74,4127.74,4122.74,4127.74,35250,14672.05
1762956000,4140.215,4140.215,4135.215,4135.215,48761,16192.4
1762959600,4134.685,4139.685,4134.685,4139.685,19664,16869.75
1762959600.001,4185.785,4185.785,4180.785,4180.785,53766,18734.85
1762963200,4180.2,4185.2,4180.2,4185.2,17051,18464.35
1762963200.001,4197.83,4197.83,4192.83,4192.83,49730,20668
1762966800,4192.25,4197.25,4192.25,4197.25,16339,20767.2
1762966800.001,4206.515,4206.515,4201.515,4201.515,16339,21344.9
1762966800.002,4199.535,4199.57,4194.57,4194.57,33772,21932.8
1762970400,4190.4800000000005,4195.4800000000005,4190.4800000000005,4195.4800000000005,16886,21935.6
1762970400.001,4211.795,4211.795,4206.795,4206.795,52744,24335.5
1762974000,4192.25,4197.25,4192.25,4197.25,11952,24142.3
1762974000.001,4197.445,4199.65,4194.65,4194.65,32270,25479.1
1762977600,4190.685,4195.685,4190.685,4195.685,10756,25018.25
1762977600.001,4196.05,4201.025,4196.025,4201.025,4121,24388.35
1762981200,4202.165,4202.165,4197.165,4197.165,2060,24193.7
1762981200.001,4191,4196,4191,4196,5234,23479.05
1762988400,4202.635,4207.635,4202.635,4207.635,3174,22755
1762988400.001,4208.07,4208.07,4203.07,4203.07,3174,22694.9
1762988400.002,4187.27,4191.425,4186.425,4186.425,12538,22279.05
1762992000,4185.9,4190.9,4185.9,4190.9,4682,20750.65
1762992000.001,4209.005,4209.3150000000005,4204.3150000000005,4204.3150000000005,40994,20362.3
1762995600,4179.735,4184.735,4179.735,4184.735,12104,19984.3
1762995600.001,4192.43,4196.025,4191.025,4191.025,29457,18768.85
1762999200,4183.51,4188.51,4183.51,4188.51,9818,18407.2
1762999200.001,4190.28,4195.175,4190.175,4195.175,26577,17249.55
1763002800,4213.3,4217.95,4212.95,4217.95,24173,17641.25
1763006400,4219.52,4219.52,4214.52,4214.52,7657,17207.15
1763006400.001,4203.4,4208.4,4203.4,4208.4,7656,15901.35
1763006400.002,4209.495,4212.56,4207.56,4212.56,20322,16073.15
1763010000,4217.89,4217.89,4212.89,4212.89,6773,13774.6
1763010000.001,4212.02,4212.25,4207.25,4207.25,13571,13855.55
1763013600,4203.27,4208.27,4203.27,4208.27,4523,12468.2
1763013600.001,4210.525,4213.4,4208.4,4213.4,14120,12636.4
1763017200,4220.255,4224.26,4219.26,4224.26,32437,14052.2
1763020800,4239.66,4239.66,4234.66,4234.66,9243,14411.35
1763020800.001,4232.71,4232.71,4227.71,4227.71,15782,14938.75
1763024400,4225.08,4230.08,4225.08,4230.08,7890,15174.55
1763024400.001,4239.62,4239.62,4234.62,4234.62,7890,15410.35
1763024400.002,4233.215,4238.205,4233.205,4238.205,17206,15643.75
1763028000,4240.24,4240.24,4235.24,4235.24,8603,15839.8
1763028000.001,4221.825,4225.82,4220.82,4220.82,26253,15102.75
1763031600,4219.35,4224.35,4219.35,4224.35,8825,14938.8
1763031600.001,4232.405,4235.005,4230.005,4235.005,28972,14914.55
1763035200,4245.195,4245.195,4240.195,4240.195,50537,16950.5
1763038800,4220.41,4225.41,4220.41,4225.41,14607,16352
1763038800.001,4231.745,4232.425,4227.425,4227.425,59161,18101.4
1763042400,4184.51,4189.51,4184.51,4189.51,19720,18704.55
1763042400.001,4195.525,4195.525,4190.525,4190.525,40208,20332.15
1763046000,4186.535,4191.535,4186.535,4191.535,20104,20321.25
1763046000.001,4205.295,4205.295,4200.295,4200.295,54598,22712.5
1763049600,4195.705,4200.705,4195.705,4200.705,17247,22896.3
1763049600.001,4211.125,4211.125,4206.125,4206.125,57766,25558.45
1763053200,4193.35,4198.35,4193.35,4198.35,13506,25527.75
1763053200.001,4202.05,4203.46,4198.46,4198.46,49799,26395.85
1763056800,4145.1900000000005,4150.1900000000005,4145.1900000000005,4150.1900000000005,16599,26763.65
1763056800.001,4158.07,4158.07,4153.07,4153.07,27203,27334.7
1763060400,4146,4151,4146,4151,13601,27620.25
1763060400.001,4170.705,4170.705,4165.705,4165.705,13601,27905.8
1763060400.002,4164.09,4165.385,4160.385,4165.385,41675,29129.25
1763064000,4170.91,4170.91,4165.91,4165.91,13891,29393.65
1763064000.001,4164.17,4166.2300000000005,4161.2300000000005,4166.2300000000005,8754,28518.7
1763067600,4181.265,4181.265,4176.265,4176.265,2917,28223.3
1763067600.001,4171.745,4176.745,4171.745,4176.745,2733,26911.35
1763074800,4177.285,4180.93,4175.93,4180.93,5466,24657.8
1763074800.001,4186.84,4190.025,4185.025,4185.025,18033,24829.1
1763078400,4178.2,4183.2,4178.2,4183.2,5100,22126.05
1763078400.001,4183.81,4183.8150000000005,4178.8150000000005,4178.8150000000005,22410,22260.55
1763082000,4173.72,4178.72,4173.72,4178.72,11204,20810.35
1763082000.001,4193.825,4193.825,4188.825,4188.825,27599,21185.1
1763085600,4188.74,4193.74,4188.74,4193.74,8197,18865.05
1763085600.001,4210.405,4211.435,4206.435,4206.435,28950,19450.2
1763089200,4201.57,4205.83,4200.83,4200.83,23500,17736.9
1763092800,4197.02,4202.02,4197.02,4202.02,5527,17337.95
1763092800.001,4203.335,4203.67,4198.67,4198.67,26388,16167.4
1763096400,4183.985,4188.985,4183.985,4188.985,8796,15777.25
1763096400.001,4189.9,4193.53,4188.53,4188.53,23535,15593.85
1763100000,4169.625,4174.625,4169.625,4174.625,7844,15306
1763100000.001,4175.425,4175.425,4170.425,4170.425,16348,15443.35
1763103600,4158.995,4163.995,4158.995,4163.995,8173,13768.25
1763103600.001,4182.545,4186.26,4181.26,4186.26,28825,14514.95
1763107200,4187.21,4187.21,4182.21,4182.21,10326,14593.55
1763107200.001,4170.145,4175.145,4170.145,4175.145,10326,14964
1763107200.002,4176.135,4180.615,4175.615,4175.615,19188,15786.75
1763110800,4166.525,4171.14,4166.14,4166.14,27861,16906.5
1763114400,4159.145,4164.145,4159.145,4164.145,7154,16362.55
1763114400.001,4168.08,4170.075,4165.075,4165.075,28608,17537.95
1763118000,4130.92,4135.92,4130.92,4135.92,33425,18088.7
1763121600,4140.75,4140.75,4135.75,4135.75,11945,18125.75
1763121600.001,4107.71,4112.71,4107.71,4112.71,11944,17343
1763121600.002,4116.26,4119.245,4114.245,4114.245,52737,19570
1763125200,4041.37,4046.37,4041.37,4046.37,17579,19001.45
1763125200.001,4055.975,4055.975,4050.975,4050.975,34892,19571.05
1763128800,4032.23,4037.23,4032.23,4037.23,17445,20166.95
1763128800.001,4084.145,4084.145,4079.145,4079.145,44034,21049.25
1763132400,4068.31,4073.31,4068.31,4073.31,13294,21274.15
1763132400.001,4096.76,4096.76,4091.76,4091.76,32410,21717.9
1763136000,4081.1,4086.1,4081.1,4086.1,9558,21803.6
1763136000.001,4111.185,4111.185,4106.185,4106.185,9557,21464.05
1763136000.002,4105.24,4110.24,4105.24,4110.24,15370,21823.9
1763139600,4110.71,4110.71,4105.71,4105.71,7684,20766.85
1763139600.001,4094.2200000000003,4099.22,4094.2200000000003,4099.22,7684,20634.75
1763139600.002,4099.92,4103.75,4098.75,4098.75,21232,21180.05
1763143200,4080.87,4085.87,4080.87,4085.87,7077,20574.5
1763143200.001,4098.1050000000005,4100.2300000000005,4095.2300000000005,4095.2300000000005,13656,19864.25
1763146800,4087.725,4092.48,4087.48,4087.48,20823,20547.7
1763150400,4075.6150000000002,4080.6150000000002,4075.6150000000002,4080.6150000000002,5423,19388.45
1763150400.001,4087.1600000000003,4087.1600000000003,4082.1600000000003,4082.1600000000003,6407,18037.55
1763154000,4078.02,4083.02,4078.02,4083.02,2135,17547.05
1763154000.001,4085.8250000000003,4085.8250000000003,4080.8250000000003,4080.8250000000003,4655,17182.6
1763334000,4078.275,4082.96,4077.96,4082.96,9309,15011.2
1763334000.001,4106.705,4106.705,4101.705,4101.705,4654,14364.95
1763334000.002,4096.51,4098.39,4093.3900000000003,4093.3900000000003,18415,13541.1
1763337600,4080.835,4085.835,4080.835,4085.835,41822,14759.95
1763341200,4101.915,4101.915,4096.915,4096.915,11894,13152.95
1763341200.001,4091.3250000000003,4093.905,4088.905,4088.905,18049,13390.7
1763344800,4080.84,4081.725,4076.725,4076.725,18662,12703.3
1763348400,4069.86,4074.86,4069.86,4074.86,6322,12541.5
1763348400.001,4085.85,4087.985,4082.985,4087.985,13356,12731.45
1763352000,4088.085,4088.085,4083.085,4083.085,3517,12138.8
1763352000.001,4076.84,4078.815,4073.815,4073.815,21345,12821.85
1763355600,4049.76,4054.76,4049.76,4054.76,5943,12734.8
1763355600.001,4058.48,4059.9,4054.9,4059.9,14981,12422.25
1763359200,4072.07,4072.07,4067.07,4067.07,4993,12318.05
1763359200.001,4066.175,4070.38,4065.38,4070.38,13042,12287.35
1763362800,4089.26,4093.13,4088.13,4093.13,15273,12009.85
1763366400,4095.935,4095.935,4090.935,4090.935,5463,12011.85
1763366400.001,4072.11,4077.11,4072.11,4077.11,5462,11964.6
1763366400.002,4077.395,4077.395,4072.395,4072.395,8398,12277.75
1763370000,4072.35,4077.35,4072.35,4077.35,4199,12254.95
1763370000.001,4088.755,4088.755,4083.755,4083.755,4198,11999.4
1763370000.002,4082.28,4087.275,4082.275,4087.275,9974,12265.4
1763373600,4089.5550000000003,4089.5550000000003,4084.5550000000003,4084.5550000000003,4986,11593.95
1763373600.001,4068.435,4070.1800000000003,4065.1800000000003,4065.1800000000003,14003,10203
1763377200,4061.215,4066.215,4061.215,4066.215,4508,9833.7
1763377200.001,4085.98,4085.98,4080.98,4080.98,4508,9156.65
1763377200.002,4078.4700000000003,4083.4700000000003,4078.4700000000003,4083.4700000000003,6126,8529.85
1763380800,4085.4500000000003,4085.4500000000003,4080.4500000000003,4080.4500000000003,3063,8366.9
1763380800.001,4074.705,4079.705,4074.705,4079.705,18037,8600.95
1763384400,4092.29,4092.29,4087.29,4087.29,7487,8799.45
1763384400.001,4060.65,4065.57,4060.57,4065.57,40082,9736.3
1763388000,4082.01,4082.01,4077.01,4077.01,10864,9982.35
1763388000.001,4076.34,4077.79,4072.79,4072.79,36222,11044.4
1763391600,4060.8250000000003,4064.33,4059.33,4059.33,35000,12544.75
1763395200,4052.38,4057.38,4052.38,4057.38,11463,12465.8
1763395200.001,4073.86,4074.65,4069.65,4074.65,36123,13508.3
1763398800,4081.13,4081.13,4076.13,4076.13,8219,13646.1
1763398800.001,4073.3450000000003,4076.33,4071.33,4071.33,26562,14701.1
1763402400,4062.475,4065.32,4060.32,4060.32,48814,16721.9
1763406000,4010.9500000000003,4012.0550000000003,4007.0550000000003,4012.0550000000003,46343,18829.1
1763409600,4044.435,4044.435,4039.435,4039.435,14823,19360.35
1763413200,4038.9900000000002,4043.9900000000002,4038.9900000000002,4043.9900000000002,1908,18957.05
1763413200.001,4046.105,4050.86,4045.86,4050.86,10544,19234.95
1763420400,4054.755,4054.755,4049.755,4049.755,4318,18750.7
1763420400.001,4028.895,4033.895,4028.895,4033.895,4318,18741.2
1763420400.002,4036.7850000000003,4036.835,4031.835,4031.835,9873,19009.45
1763424000,4027.3,4032.3,4027.3,4032.3,4936,18949.95
1763424000.001,4041.205,4045.09,4040.09,4045.09,20898,19841.7
1763427600,4045.355,4045.355,4040.355,4040.355,7981,19338.9
1763427600.001,4022.425,4027.425,4022.425,4027.425,21009,20015
1763431200,4035.89,4035.89,4030.89,4030.89,6514,18336.6
1763431200.001,4015.38,4020.38,4015.38,4020.38,17082,18647.5
1763434800,4026.685,4026.685,4021.685,4021.685,5283,17100.55
1763434800.001,4008.2400000000002,4013.2400000000002,4008.2400000000002,4013.2400000000002,5283,15614.7
1763434800.002,4013.39,4018.1600000000003,4013.1600000000003,4013.1600000000003,19551,16019.1
1763438400,4004.725,4009.725,4004.725,4009.725,6517,14538.8
1763438400.001,4010.39,4013.09,4008.09,4013.09,15696,14912.65
1763442000,4025.395,4025.395,4020.395,4020.395,5232,13846.15
1763442000.001,4019.005,4020.58,4015.58,4015.58,19833,12397.1
1763445600,4007.71,4008.9500000000003,4003.9500000000003,4003.9500000000003,19456,11052.75
1763449200,3997.985,4002.985,3997.985,4002.985,6423,10632.75
1763449200.001,4017.69,4017.69,4012.69,4012.69,22666,11670.65
1763452800,4010.4500000000003,4015.4500000000003,4010.4500000000003,4015.4500000000003,8122,11549.55
1763452800.001,4042.795,4042.795,4037.795,4037.795,8122,11739.75
1763452800.002,4036.695,4036.695,4031.695,4031.695,11868,12117.25
1763456400,4030.42,4035.42,4030.42,4035.42,5933,11920.25
1763456400.001,4047.335,4047.335,4042.335,4042.335,5933,11970.1
1763456400.002,4040.3650000000002,4042.4300000000003,4037.4300000000003,4042.4300000000003,19864,11918.4
1763460000,4050.435,4050.435,4045.435,4045.435,6621,11850.4
1763460000.001,4044.21,4049.21,4044.21,4049.21,7012,11150.55
1763463600,4050.525,4050.525,4045.525,4045.525,3505,11000.1
1763463600.001,4036.9100000000003,4041.9100000000003,4036.9100000000003,4041.9100000000003,18945,11093.25
1763467200,4045.3050000000003,4045.3050000000003,4040.3050000000003,4040.3050000000003,7720,11215.1
1763467200.001,4029.33,4034.33,4029.33,4034.33,43621,13132
1763470800,4070.415,4070.415,4065.415,4065.415,11967,12752.8
1763470800.001,4065.3050000000003,4065.3050000000003,4060.3050000000003,4060.3050000000003,26370,13745.45
1763474400,4058.2200000000003,4063.2200000000003,4058.2200000000003,4063.2200000000003,13185,13619.9
1763474400.001,4081.915,4081.915,4076.915,4076.915,13185,14017.55
1763474400.002,4065.9100000000003,4070.83,4065.83,4070.83,32260,14638.9
1763478000,4072.415,4072.415,4067.415,4067.415,16130,14472.6
1763478000.001,4049.2400000000002,4053.245,4048.245,4048.245,34480,15875.45
1763481600,4040.55,4045.55,4040.55,4045.55,9175,15200.9
1763481600.001,4069.35,4069.35,4064.35,4064.35,23216,15955.6
1763485200,4059.54,4064.54,4059.54,4064.54,7021,15900.55
1763485200.001,4075.75,4075.75,4070.75,4070.75,14882,16051.25
1763488800,4063.2200000000003,4068.2200000000003,4063.2200000000003,4068.2200000000003,3930,15951.1
1763488800.001,4074.875,4077.58,4072.58,4077.58,24651,16887
1763492400,4082.12,4082.58,4077.58,4077.58,24601,17123.85
1763496000,4067.435,4072.4100000000003,4067.4100000000003,4067.4100000000003,8685,17227.05
1763499600,4064.915,4069.915,4064.915,4069.915,7208,17236.85
1763506800,4078.1,4078.655,4073.655,4073.655,10841,17603.65
1763510400,4067.515,4070.44,4065.44,4065.44,25238,17918.3
1763514000,4056.39,4060.525,4055.525,4060.525,25468,18805.7
1763517600,4080.775,4080.775,4075.775,4075.775,18128,17531.05
1763521200,4066.21,4069.6800000000003,4064.6800000000003,4069.6800000000003,13486,17607
1763524800,4077.105,4079.3,4074.3,4079.3,19607,17268.85
1763528400,4097.5650000000005,4098.72,4093.7200000000003,4093.7200000000003,17762,17497.7
1763532000,4089.105,4094.105,4089.105,4094.105,10937,17385.3
1763535600,4097,4097,4092,4092,3423,15943.45
1763535600.001,4084.9500000000003,4088.855,4083.855,4083.855,15513,15912.6
1763539200,4078.35,4083.35,4078.35,4083.35,4030,14390.1
1763539200.001,4083.355,4086.265,4081.265,4086.265,16888,14775.75
1763542800,4116.4,4118.325,4113.325,4118.325,15695,14399.7
1763546400,4119.2300000000005,4119.2300000000005,4114.2300000000005,4114.2300000000005,5032,14300.25
1763546400.001,4107.075,4111.455,4106.455,4111.455,18958,14504.05
1763550000,4117.75,4117.75,4112.75,4112.75,13300,14972.55
1763553600,4112.155,4117.155,4112.155,4117.155,4328,13956.4
1763553600.001,4120.015,4120.015,4115.015,4115.015,4328,12942.75
1763553600.002,4114.685,4117.9400000000005,4112.9400000000005,4112.9400000000005,26145,13815.75
1763557200,4100.85,4105.85,4100.85,4105.85,8715,13891.1
1763557200.001,4110.765,4110.84,4105.84,4105.84,22206,14459.35
1763560800,4101.7,4106.7,4101.7,4106.7,11103,13752.6
1763560800.001,4128.975,4132.865,4127.865,4132.865,44908,14724.6
1763564400,4132.985,4132.985,4127.985,4127.985,16903,14663.35
1763564400.001,4090.05,4095.05,4090.05,4095.05,16903,14834.2
1763564400.002,4096.745,4098.71,4093.71,4093.71,52207,16464.2
1763568000,4068.005,4073.005,4068.005,4073.005,17402,16446.2
1763568000.001,4074.7400000000002,4074.83,4069.83,4069.83,22966,17047.65
1763571600,4055.475,4060.475,4055.475,4060.475,11482,17450.6
1763571600.001,4081.25,4081.25,4076.25,4076.25,32560,18302.95
1763575200,4075.795,4080.795,4075.795,4080.795,10539,18628.4
1763575200.001,4091.4,4091.4,4086.4,4086.4,37026,19635.3
1763578800,4069.2850000000003,4074.2850000000003,4069.2850000000003,4074.2850000000003,33226,20511.85
1763582400,4082.2400000000002,4082.2400000000002,4077.2400000000002,4077.2400000000002,8132,20666.85
1763582400.001,4076.385,4076.385,4071.385,4071.385,4812,19959.55
1763586000,4065.76,4070.76,4065.76,4070.76,2406,19414.85
1763586000.001,4084.9,4084.9,4079.9,4079.9,2406,19318.75
1763586000.002,4077.85,4082.85,4077.85,4082.85,3956,19300.15
1763593200,4088.255,4088.645,4083.645,4088.645,7912,18388.5
1763593200.001,4108.21,4109.66,4104.66,4109.66,12939,18599.7
1763596800,4110.37,4110.37,4105.37,4105.37,4492,17714
1763596800.001,4100.42,4105.42,4100.42,4105.42,19038,18110.75
1763600400,4109.185,4109.185,4104.185,4104.185,7272,16228.95
1763600400.001,4081.195,4081.88,4076.88,4076.88,37495,17258.55
1763604000,4038.9,4043.9,4038.9,4043.9,10074,16917.1
1763604000.001,4066.875,4069.88,4064.88,4069.88,17757,15194.6
1763607600,4085.695,4085.695,4080.695,4080.695,5918,14620.4
1763607600.001,4072.3650000000002,4073.3,4068.3,4073.3,13509,14147.55
1763611200,4080.53,4080.53,4075.53,4075.53,4503,13798.6
1763611200.001,4075.5,4075.9700000000003,4070.9700000000003,4070.9700000000003,15111,12926.15
1763614800,4064.38,4066.79,4061.79,4061.79,13018,13050.1
1763618400,4058.52,4063.52,4058.52,4063.52,3991,11398.35
1763618400.001,4077.945,4077.945,4072.945,4072.945,3990,9936.55
1763618400.002,4068.495,4073.48,4068.48,4073.48,9122,9986.05
1763622000,4076.675,4076.675,4071.675,4071.675,4560,9973.45
1763622000.001,4054.35,4059.35,4054.35,4059.35,4560,10081.15
1763622000.002,4059.935,4059.9700000000003,4054.9700000000003,4054.9700000000003,14580,10689.85
1763625600,4038.9300000000003,4043.9300000000003,4038.9300000000003,4043.9300000000003,7290,10856.55
1763625600.001,4069.48,4069.48,4064.48,4064.48,7289,10825.4
1763625600.002,4063.46,4063.46,4058.46,4058.46,16296,10993.25
1763629200,4055.735,4060.735,4055.735,4060.735,8148,11176.05
1763629200.001,4072.81,4072.81,4067.81,4067.81,8147,10631.5
1763629200.002,4064.225,4068.275,4063.275,4063.275,22368,11386.3
1763632800,4058.3050000000003,4059.9100000000003,4054.9100000000003,4054.9100000000003,22951,10659.1
1763636400,4051.1600000000003,4056.1600000000003,4051.1600000000003,4056.1600000000003,7747,10542.75
1763636400.001,4068.525,4068.525,4063.525,4063.525,7747,10042.25
1763636400.002,4060.895,4065.185,4060.185,4065.185,25620,11027.35
1763640000,4082.1,4086.79,4081.79,4086.79,43749,12539.35
1763643600,4096.545,4096.545,4091.545,4091.545,17605,13194.45
1763643600.001,4066.925,4071.925,4066.925,4071.925,17605,13319.15
1763643600.002,4080.245,4080.245,4075.245,4075.245,41200,14728.25
1763647200,4072.28,4077.28,4072.28,4077.28,20600,15558.7
1763647200.001,4107.35,4107.35,4102.35,4102.35,20599,16389.15
1763647200.002,4093.25,4098.235000000001,4093.235,4098.235000000001,38955,17880.8
1763650800,4098.87,4098.87,4093.87,4093.87,19477,18626.65
1763650800.001,4070.23,4075.23,4070.23,4075.23,65287,21663
1763654400,4082.795,4082.795,4077.795,4077.795,22905,22079.25
1763654400.001,4044.815,4049.12,4044.12,4044.12,62006,24815.05
1763658000,4043.58,4048.58,4043.58,4048.58,19551,25428.15
1763658000.001,4068.67,4071.215,4066.215,4071.215,53101,27268.4
1763661600,4072.7200000000003,4072.7200000000003,4067.7200000000003,4067.7200000000003,16775,27699.75
1763661600.001,4056.215,4061.215,4056.215,4061.215,59140,30249.4
1763665200,4087.445,4087.445,4082.445,4082.445,55476,31904.8
1763668800,4073.425,4078.425,4073.425,4078.425,18483,31681.4
1763672400,4081.145,4081.145,4076.145,4076.145,2349,31411.5
1763672400.001,4074.455,4078.0750000000003,4073.0750000000003,4078.0750000000003,15091,31778.7
1763679600,4088.725,4088.725,4083.725,4083.725,4247,30710.05
1763679600.001,4079.0350000000003,4081.56,4076.56,4076.56,8200,28932.6
1763683200,4071.36,4074.705,4069.705,4069.705,29540,29529.35
1763686800,4060.5,4065.5,4060.5,4065.5,8935,29095.85
1763686800.001,4068.6800000000003,4073.6800000000003,4068.6800000000003,4073.6800000000003,13704,27721.05
1763690400,4080.105,4080.105,4075.105,4075.105,6851,27033.6
1763690400.001,4056.525,4059.625,4054.625,4054.625,29226,27464.95
1763694000,4049.46,4054.46,4049.46,4054.46,7458,25890.1
1763694000.001,4056.3650000000002,4061.3650000000002,4056.3650000000002,4061.3650000000002,9788,25405.65
1763697600,4062.6150000000002,4062.6150000000002,4057.6150000000002,4057.6150000000002,4893,22385.95
1763697600.001,4047.705,4052.4500000000003,4047.4500000000003,4047.4500000000003,22278,22354.6
1763701200,4039.75,4044.75,4039.75,4044.75,8692,19688.9
1763701200.001,4060.105,4063.69,4058.69,4063.69,26494,20036.05
1763704800,4065.0950000000003,4065.0950000000003,4060.0950000000003,4060.0950000000003,8901,17826.05
1763704800.001,4029.36,4034.36,4029.36,4034.36,27667,18370.65
1763708400,4039.87,4039.87,4034.87,4034.87,9383,15882.8
1763708400.001,4024.835,4029.835,4024.835,4029.835,9383,13578.15
1763708400.002,4031.82,4031.82,4026.82,4026.82,22780,13793
1763712000,4022.26,4027.26,4022.26,4027.26,11390,14245.05
1763712000.001,4048.195,4048.195,4043.195,4043.195,11389,14059.95
1763712000.002,4041.185,4045.36,4040.36,4045.36,36305,15662.85
1763715600,4063.605,4063.605,4058.605,4058.605,12101,15857.9
1763715600.001,4050.6150000000002,4052.8,4047.8,4047.8,36604,16211.1
1763719200,4032.4100000000003,4037.4100000000003,4032.4100000000003,4037.4100000000003,35433,17536
1763722800,4047.05,4047.05,4042.05,4042.05,11616,17431.6
1763722800.001,4031.1,4036.1,4031.1,4036.1,11615,17669.8
1763722800.002,4036.715,4039.7850000000003,4034.7850000000003,4039.7850000000003,52776,18847.3
1763726400,4071.7850000000003,4071.7850000000003,4066.7850000000003,4066.7850000000003,17591,19353.95
1763726400.001,4066.015,4066.015,4061.015,4061.015,31416,20435.35
1763730000,4059.185,4064.185,4059.185,4064.185,15708,20976.1
1763730000.001,4081.39,4084.0750000000003,4079.0750000000003,4079.0750000000003,73619,23543.15
1763733600,4061.7000000000003,4066.7000000000003,4061.7000000000003,4066.7000000000003,19303,24073.7
1763733600.001,4071.425,4076.245,4071.245,4076.245,44862,24992.1
1763737200,4076.885,4076.885,4071.885,4071.885,22431,25668.6
1763737200.001,4055.1600000000003,4060.1600000000003,4055.1600000000003,4060.1600000000003,22431,25406.8
1763737200.002,4069.67,4069.67,4064.67,4064.67,29870,26431.15
1763740800,4063.08,4068.08,4063.08,4068.08,14935,26708.75
1763740800.001,4100.685,4101.07,4096.07,4096.07,49221,28030.8
1763744400,4079.01,4084.01,4079.01,4084.01,11428,28032.7
1763744400.001,4085.645,4088.265,4083.265,4083.265,39344,29430.45
1763748000,4076.5750000000003,4081.5750000000003,4076.5750000000003,4081.5750000000003,13114,28270.9
1763748000.001,4082.875,4087.58,4082.58,4087.58,25945,28963.1
1763751600,4092.185,4092.185,4087.185,4087.185,44815,29373.65
1763755200,4055.3,4060.3,4055.3,4060.3,12055,28204.75
1763755200.001,4067.29,4069.195,4064.195,4064.195,7548,28001.35
1763758800,4054.7400000000002,4059.7400000000002,4054.7400000000002,4059.7400000000002,2515,27546.35
1763758800.001,4065.01,4070.01,4065.01,4070.01,9890,25402.05
1763938800,4077.795,4077.795,4072.795,4072.795,12763,25160.65
1763942400,4058.33,4063.33,4058.33,4063.33,3155,23747.6
1763942400.001,4067.53,4072.53,4067.53,4072.53,19305,23927.45
1763946000,4073.33,4073.33,4068.33,4068.33,9652,20729.1
1763946000.001,4042.755,4047.755,4042.755,4047.755,17804,20654.15
1763949600,4051.7200000000003,4051.7200000000003,4046.7200000000003,4046.7200000000003,4076,18614.85
1763949600.001,4040.77,4045.77,4040.77,4045.77,16950,18340.8
1763953200,4058.2850000000003,4058.2850000000003,4053.2850000000003,4053.2850000000003,4291,17433.8
1763953200.001,4050.4500000000003,4055.23,4050.23,4055.23,9174,16399
1763956800,4061.425,4061.425,4056.425,4056.425,4587,15881.6
1763956800.001,4042.225,4045.02,4040.02,4045.02,19218,14381.45
1763960400,4049.705,4050.67,4045.67,4050.67,24191,15019.6
1763964000,4058.21,4058.21,4053.21,4053.21,17426,13923.7
1763967600,4051.56,4056.56,4051.56,4056.56,5493,13542.65
1763967600.001,4067.75,4067.75,4062.75,4062.75,5493,12520.05
1763967600.002,4060.245,4064.65,4059.65,4064.65,11544,10856.5
1763971200,4067.005,4067.885,4062.885,4067.885,17987,11153.1
1763974800,4074.415,4077.02,4072.02,4077.02,16187,11585.05
1763978400,4077.4,4077.4,4072.4,4072.4,5736,11746.1
1763978400.001,4063.335,4068.2850000000003,4063.2850000000003,4068.2850000000003,20931,12298.15
1763982000,4071.705,4071.705,4066.705,4066.705,20043,12662.15
1763985600,4065.635,4070.635,4065.635,4070.635,7489,12878.85
1763985600.001,4084.145,4085.565,4080.565,4085.565,30523,13439.75
1763989200,4086.02,4086.02,4081.02,4081.02,11517,13533
1763989200.001,4073.705,4077.945,4072.945,4072.945,45188,14902.2
1763992800,4068.445,4073.445,4068.445,4073.445,16835,15540.15
1763992800.001,4086.275,4086.295,4081.295,4086.295,64837,17934.5
1763996400,4093.94,4094.64,4089.64,4094.64,41212,19780.55
1764000000,4099,4100.47,4095.4700000000003,4095.4700000000003,34286,21036.15
1764003600,4088.925,4093.085,4088.085,4093.085,40243,22818.95
1764007200,4126.03,4126.03,4121.03,4121.03,10538,22384.95
1764007200.001,4120.585,4124.27,4119.27,4119.27,23955,22373.15
1764010800,4113.775,4118.775,4113.775,4118.775,35626,23283.15
1764014400,4133.75,4135.075,4130.075,4135.075,15750,23796
1764018000,4139.89,4139.89,4134.89,4134.89,2178,23630.25
1764018000.001,4133.975,4135.485,4130.485,4130.485,7874,23446.75
1764025200,4125.385,4130.385,4125.385,4130.385,3937,22744.25
1764025200.001,4144.34,4144.585,4139.585,4139.585,19858,22927.8
1764028800,4127.53,4129.72,4124.72,4124.72,23864,23834.2
1764032400,4122.55,4127.55,4122.55,4127.55,9278,23251.55
1764032400.001,4139.365,4139.365,4134.365,4134.365,25608,23529.8
1764036000,4132.93,4137.93,4132.93,4137.93,8164,23563.55
1764036000.001,4155.9,4155.9,4150.9,4150.9,8164,22445.6
1764036000.002,4150.665,4150.75,4145.75,4145.75,18942,22816.85
1764039600,4139.59,4144.59,4139.59,4144.59,15405,21327.7
1764043200,4148.43,4148.43,4143.43,4143.43,4546,20713.25
1764043200.001,4139.51,4144.51,4139.51,4144.51,21236,18533.2
1764046800,4152.04,4152.21,4147.21,4147.21,26707,17807.95
1764050400,4138.65,4143.65,4138.65,4143.65,22778,17232.55
1764054000,4146.02,4146.02,4141.02,4141.02,7865,15613.65
1764054000.001,4130.115,4135.115,4130.115,4135.115,24070,16290.25
1764057600,4139.495,4139.495,4134.495,4134.495,8103,15497.65
1764057600.001,4109.71,4114.71,4109.71,4114.71,8102,14121.45
1764057600.002,4115.965,4118.93,4113.93,4118.93,21900,14428.95
1764061200,4131.43,4132.42,4127.42,4132.42,24817,15560.9
1764064800,4138.91,4138.91,4133.91,4133.91,5839,15459.15
1764064800.001,4131.47,4132.865,4127.865,4132.865,12524,15888.5
1764068400,4137.47,4138.68,4133.68,4138.68,23340,16062.6
1764072000,4138.92,4138.92,4133.92,4133.92,9583,15348.55
1764072000.001,4115.51,4120.51,4115.51,4120.51,9583,15363.8
1764072000.002,4130.0650000000005,4134.66,4129.66,4134.66,34914,15829.1
1764075600,4150.915,4150.915,4145.915,4145.915,61986,18520.2
1764079200,4110.805,4115.805,4110.805,4115.805,16783,18951.15
1764079200.001,4125.26,4130.26,4125.26,4130.26,32825,19645.3
1764082800,4134.13,4134.13,4129.13,4129.13,16412,19695.65
1764082800.001,4117.92,4122.92,4117.92,4122.92,16412,20288.95
1764082800.002,4123.125,4127.215,4122.215,4127.215,37372,21095.75
1764086400,4141.4,4141.4,4136.4,4136.4,12457,20383.25
1764086400.001,4136.195,4141,4136,4141,48103,21649.5
1764090000,4159.38,4159.38,4154.38,4154.38,16034,22057.95
1764090000.001,4146.215,4151.085,4146.085,4146.085,36114,22660.15
1764093600,4132.445,4137.445,4132.445,4137.445,36891,24099.55
1764097200,4140.335,4140.335,4135.335,4135.335,12426,24315.75
1764097200.001,4128.49,4133.49,4128.49,4133.49,12426,23842.05
1764097200.002,4133.86,4138.525,4133.525,4133.525,29215,24061.95
1764100800,4130.65,4132.67,4127.67,4127.67,16915,24615.75
1764104400,4127.62,4132.62,4127.62,4132.62,3664,24172.75
1764111600,4134.495,4137.305,4132.305,4132.305,2544,23132.95
1764111600.001,4129.99,4134.99,4129.99,4134.99,10234,23165.5
1764115200,4144.435,4144.435,4139.435,4139.435,16867,23529.7
1764118800,4138.735,4143.735,4138.735,4143.735,6940,22131
1764118800.001,4152.985,4152.985,4147.985,4147.985,23971,20230.25
1764122400,4147.465,4152.465,4147.465,4152.465,8516,19816.9
1764122400.001,4166.715,4166.715,4161.715,4161.715,18982,19124.75
1764126000,4160.335,4165.335,4160.335,4165.335,5232,18565.75
1764126000.001,4169.58,4169.58,4164.58,4164.58,19040,18697.15
1764129600,4156.525,4161.525,4156.525,4161.525,4602,17058.65
1764129600.001,4162.04,4165.41,4160.41,4165.41,18867,17379.15
1764133200,4168.845,4168.845,4163.845,4163.845,6288,15288.4
1764133200.001,4162.46,4162.96,4157.96,4157.96,19892,15481.3
1764136800,4146.68,4151.68,4146.68,4151.68,23461,14848.65
1764140400,4161.74,4161.74,4156.74,4156.74,20251,14016.65
1764144000,4154.76,4159.76,4154.76,4159.76,7320,13761.35
1764144000.001,4168.63,4168.63,4163.63,4163.63,7320,13506.05
1764144000.002,4161.09,4161.52,4156.52,4161.52,18417,12966.15
1764147600,4164.66,4165.28,4160.28,4160.28,29955,13618.15
1764151200,4155.9800000000005,4160.9800000000005,4155.9800000000005,4160.9800000000005,29762,14923.05
1764154800,4173.175,4173.5,4168.5,4168.5,40595,16825.6
1764158400,4148.57,4153.57,4148.57,4153.57,11106,16869.2
1764158400.001,4155.25,4160.25,4155.25,4160.25,22182,17134.95
1764162000,4166.665,4166.665,4161.665,4161.665,11091,17342.5
1764162000.001,4149.02,4154.02,4149.02,4154.02,40126,18150.25
1764165600,4156.97,4156.97,4151.97,4151.97,14517,18450.3
1764165600.001,4139.595,4142.365,4137.365,4137.365,43831,19692.75
1764169200,4136.665,4141.665,4136.665,4141.665,14657,20164
1764169200.001,4165.83,4165.83,4160.83,4160.83,35289,20976.45
1764172800,4160.7300000000005,4165.7300000000005,4160.7300000000005,4165.7300000000005,10316,21262.15
1764172800.001,4168.595,4170.16,4165.16,4170.16,47842,22710.9
1764180000,4171.905,4171.905,4166.905,4166.905,7937,22793.35
1764180000.001,4158.1,4163.1,4158.1,4163.1,7936,22195.55
1764180000.002,4164.795,4169.775,4164.775,4169.775,8788,21461.9
1764183600,4169.84,4169.84,4164.84,4164.84,4394,20669.05
1764183600.001,4162.58,4166.4,4161.4,4166.4,22271,21416.6
1764187200,4167.515,4167.635,4162.635,4162.635,11668,21634
1764190800,4162.21,4167.21,4162.21,4167.21,4392,20932.75
1764198000,4168.75,4168.75,4163.75,4163.75,1244,19497.2
1764198000.001,4162.52,4167.15,4162.15,4162.15,9866,18502.4
1764201600,4161.75,4165.3550000000005,4160.3550000000005,4160.3550000000005,22457,17595.5
1764205200,4148.76,4153.76,4148.76,4153.76,6528,17366.6
1764205200.001,4154.45,4156.425,4151.425,4151.425,16699,17092.45
1764208800,4144.67,4149.525,4144.525,4149.525,14733,17274.55
1764212400,4150.76,4150.76,4145.76,4145.76,10967,15816.6
1764216000,4142.7300000000005,4147.7300000000005,4142.7300000000005,4147.7300000000005,3955,15288.5
1764216000.001,4154.725,4154.95,4149.95,4149.95,14427,13818.3
1764219600,4144.61,4149.61,4144.61,4149.61,17803,13975.6
1764223200,4159.295,4160.455,4155.455,4160.455,18111,13116.7
1764226800,4162.515,4164.5650000000005,4159.5650000000005,4164.5650000000005,22832,13742.5
1764230400,4167.26,4167.26,4162.26,4162.26,23560,12528.4
1764234000,4148.4,4153.4,4148.4,4153.4,5810,12422.05
1764234000.001,4158.595,4160.71,4155.71,4155.71,16557,12853.1
1764237600,4152.415,4157.415,4152.415,4157.415,17572,13292.3
1764241200,4162.6050000000005,4162.6050000000005,4157.6050000000005,4157.6050000000005,4017,13273.45
1764241200.001,4157.42,4159.225,4154.225,4154.225,8768,12598.3
1764244800,4153.615,4154.175,4149.175,4149.175,17474,12888.6
1764248400,4149.085,4154.085,4149.085,4154.085,7276,13032.8
1764248400.001,4158.13,4160.075,4155.075,4160.075,17850,13863.1
1764252000,4160.88,4160.88,4155.88,4155.88,5287,13634.15
1764252000.001,4152.95,4157.95,4152.95,4157.95,15915,13307.05
1764255600,4161.925,4161.925,4156.925,4156.925,11660,13563.65
1764259200,4151.505,4156.505,4151.505,4156.505,2706,12864
1764259200.001,4156.51,4159.695,4154.695,4159.695,6066,12430.65
1764266400,4159.935,4160.46,4155.46,4155.46,3511,12057.85
1764273600,4155.3550000000005,4160.335,4155.335,4160.335,1752,11947.7
1764284400,4163.845,4167.97,4162.97,4167.97,14266,11939.65
1764288000,4184.055,4185.77,4180.77,4185.77,25359,12317.45
1764291600,4193.26,4193.26,4188.26,4188.26,18725,12348.15
1764295200,4186.04,4191.04,4186.04,4191.04,5791,11496.1
1764298800,4192.705,4192.705,4187.705,4187.705,930,10364.6
1764298800.001,4180.63,4183.405,4178.405,4178.405,3836,10265.9
1764302400,4176.575,4181.575,4176.575,4181.575,1452,9510.65
1764302400.001,4189.4,4189.4,4184.4,4184.4,7018,8982.95
1764306000,4170.68,4175.68,4170.68,4175.68,1855,8874.85
1764306000.001,4181.97,4185.89,4180.89,4185.89,3464,8609.65
1764309600,4192.46,4192.46,4187.46,4187.46,1154,7793.65
1764309600.001,4187.12,4187.81,4182.81,4182.81,3161,7587.9
1764313200,4172.85,4175.76,4170.76,4170.76,1306,6760.7
1764316800,4153.74,4158.74,4153.74,4158.74,84,6500.55
1764316800.001,4164.01,4166.166,4161.166,4161.166,2840,5846.8
1764320400,4161.03,4166.03,4161.03,4166.03,1420,5334.8
1764320400.001,4169.1050000000005,4172.545,4167.545,4172.545,4367,5417.85
1764324000,4178.235,4178.235,4173.235,4173.235,1473,5188.2
1764324000.001,4159.32,4164.32,4159.32,4164.32,7463,5385.8
1764327600,4180.15,4180.15,4175.15,4175.15,1996,5398
1764327600.001,4171.275,4173.11,4168.11,4173.11,2364,4802.9
1764331200,4179.72,4179.72,4174.72,4174.72,5078,3788.85
1764334800,4168.22,4173.22,4168.22,4173.22,2144,2959.8
1764334800.001,4182.975,4187.66,4182.66,4187.66,45413,4940.9
1764338400,4209.04,4209.04,4204.04,4204.04,14422,5615.5
1764338400.001,4198.075,4198.075,4193.075,4193.075,26216,6734.5
1764342000,4185.765,4190.765,4185.765,4190.765,13108,7317.3
1764342000.001,4204.295,4204.295,4199.295,4199.295,27669,8349.85
1764345600,4197.87,4202.87,4197.87,4202.87,7280,8621.1
1764345600.001,4210.95,4210.95,4205.95,4205.95,19876,9441.7
1764349200,4204.545,4209.545,4204.545,4209.545,6297,9698.85
1764349200.001,4217.1,4217.1,4212.1,4212.1,24699,10775.75
1764352800,4210.96,4215.96,4210.96,4215.96,9200,11170.45
1764352800.001,4226.915,4226.915,4221.915,4221.915,9200,11626.25
1764352800.002,4220.55,4222.075,4217.075,4217.075,16635,12316
1764356400,4215.005,4220.005,4215.005,4220.005,10264,12758.2
1764543600,4226.31,4226.465,4221.465,4221.465,9438,13011.75
1764543600.001,4205.785,4210.785,4205.785,4210.785,4719,13174.05
1764543600.002,4221.9400000000005,4223.43,4218.43,4223.43,19747,13788.25
1764547200,4233.735,4233.735,4228.735,4228.735,39020,15639.45
1764550800,4219.745,4224.745,4219.745,4224.745,16219,16332.2
1764550800.001,4256.45,4256.6,4251.6,4251.6,57863,18971.45
1764554400,4234.305,4239.305,4234.305,4239.305,13881,19558.3
1764554400.001,4242.955,4244.08,4239.08,4239.08,34458,19010.55
1764558000,4232.6,4237.6,4232.6,4237.6,11486,18863.75
1764558000.001,4239.49,4241.56,4236.56,4241.56,26808,18893.35
1764561600,4247.0650000000005,4247.0650000000005,4242.0650000000005,4242.0650000000005,44344,20455.15
1764565200,4215.6050000000005,4220.6050000000005,4215.6050000000005,4220.6050000000005,11802,19661.8
1764565200.001,4229.675,4231.27,4226.27,4231.27,38077,21201.65
1764568800,4240.665,4240.665,4235.665,4235.665,33748,21895.25
1764572400,4231.735,4236.735,4231.735,4236.735,10528,22106.8
1764572400.001,4246.715,4250.35,4245.35,4250.35,36471,22695.4
1764576000,4253.715,4253.715,4248.715,4248.715,12972,22884
1764576000.001,4238.335,4243.335,4238.335,4243.335,12972,23072.6
1764576000.002,4244.78,4248.8,4243.8,4248.8,28224,23652.05
1764579600,4251.895,4254.255,4249.255,4254.255,41808,25229.25
1764583200,4262.435,4262.435,4257.435,4257.435,10800,25297.35
1764583200.001,4255.64,4258.6050000000005,4253.6050000000005,4253.6050000000005,34843,26803.55
1764586800,4248.33,4253.33,4248.33,4253.33,11614,26396.9
1764586800.001,4254.63,4256.7300000000005,4251.7300000000005,4251.7300000000005,29937,25942.75
1764590400,4244.225,4249.225,4244.225,4249.225,46718,27467.7
1764594000,4264.7,4264.7,4259.7,4259.7,12246,25186.85
1764594000.001,4247.395,4249.36,4244.36,4244.36,50007,26993.15
1764597600,4219.78,4224.78,4219.78,4224.78,16669,26103.7
1764597600.001,4239.9800000000005,4244.905,4239.905,4239.905,56927,28375.75
1764601200,4219.495,4224.495,4219.495,4224.495,18975,27984.1
1764601200.001,4232.525,4237.51,4232.51,4237.51,35749,27554.35
1764604800,4242.66,4242.66,4237.66,4237.66,17874,27857.95
1764604800.001,4225.18,4228.1050000000005,4223.1050000000005,4228.1050000000005,47834,28345.8
1764608400,4240.08,4240.08,4235.08,4235.08,9986,27157.7
1764608400.001,4232.285,4237.285,4232.285,4237.285,25924,27927.5
1764612000,4244.81,4244.81,4239.81,4239.81,40358,28121.85
1764615600,4229.3150000000005,4234.3150000000005,4229.3150000000005,4234.3150000000005,10572,28001.85
1764615600.001,4237.075,4239.545,4234.545,4239.545,21285,28417.5
1764619200,4241.63,4241.63,4236.63,4236.63,15112,27761.9
1764622800,4230.265,4235.265,4230.265,4235.265,5885,25965.75
1764630000,4236.15,4236.15,4231.15,4231.15,1606,25506.05
1764630000.001,4224.39,4229.39,4224.39,4229.39,12384,24383.1
1764633600,4229.735,4229.735,4224.735,4224.735,5389,24071.85
1764633600.001,4221.6900000000005,4226.6900000000005,4221.6900000000005,4226.6900000000005,5389,22844.45
1764633600.002,4226.795,4227.34,4222.34,4222.34,31752,22096.15
1764637200,4192.915,4197.915,4192.915,4197.915,10584,22013.05
1764637200.001,4219.56,4219.56,4214.56,4214.56,10714,20048.4
1764640800,4214.52,4219.52,4214.52,4219.52,5356,19482.75
1764640800.001,4224.705,4226.415,4221.415,4221.415,20679,17670.35
1764644400,4215.74,4218.8,4213.8,4218.8,14828,17463
1764648000,4220.845,4220.845,4215.845,4215.845,13194,16335.25
1764651600,4215.18,4220.18,4215.18,4220.18,4977,15690.4
1764651600.001,4225.655,4226.35,4221.35,4221.35,26217,14609.55
1764655200,4203.285,4208.285,4203.285,4208.285,7080,14464.25
1764655200.001,4212.965,4214.82,4209.82,4214.82,10695,13702.8
1764658800,4219.495,4219.495,4214.495,4214.495,3564,11863.1
1764658800.001,4213.57,4217.24,4212.24,4212.24,15273,12098.15
1764662400,4207.24,4212.24,4207.24,4212.24,17230,11895.4
1764666000,4213.3,4213.3,4208.3,4208.3,6069,11443.25
1764666000.001,4181.14,4186.14,4181.14,4186.14,6069,11452.45
1764666000.002,4192.12,4192.5650000000005,4187.5650000000005,4187.5650000000005,18335,12288.9
1764669600,4182.31,4187.31,4182.31,4187.31,20232,12681.3
1764673200,4206.16,4206.16,4201.16,4201.16,12345,13029.1
1764676800,4201.07,4206.07,4201.07,4206.07,3819,12950.6
1764676800.001,4209.655,4209.655,4204.655,4204.655,25202,12623.1
1764680400,4202.225,4207.225,4202.225,4207.225,10692,12628.5
1764680400.001,4215.33,4217.4,4212.4,4217.4,58644,15025
1764684000,4230.685,4230.685,4225.685,4225.685,15984,15556.4
1764684000.001,4218.845,4219.6900000000005,4214.6900000000005,4214.6900000000005,54774,17261.15
1764687600,4163.805,4168.805,4163.805,4168.805,18257,17432.6
1764687600.001,4169.835,4171.825,4166.825,4171.825,33181,18431.95
1764691200,4190.405,4190.405,4185.405,4185.405,11060,18736.1
1764691200.001,4185.03,4189.835,4184.835,4189.835,17417,18296.1
1764694800,4196.9400000000005,4197.08,4192.08,4192.08,21801,19032.15
1764698400,4183.2300000000005,4188.2300000000005,4183.2300000000005,4188.2300000000005,5331,18763.95
1764698400.001,4190.985,4195.985,4190.985,4195.985,13055,19238.5
1764702000,4200.4,4200.4,4195.4,4195.4,16405,19295.1
1764705600,4194.79,4199.79,4194.79,4199.79,6027,18734.95
1764705600.001,4212.495,4212.495,4207.495,4207.495,11113,18987.15
1764709200,4205.265,4207.38,4202.38,4207.38,7618,19064.6
1764716400,4216.165,4216.165,4211.165,4211.165,16966,18996.15
1764720000,4204.665,4209.665,4204.665,4209.665,4997,18234.4
1764720000.001,4212.07,4216.81,4211.81,4216.81,35346,19384.45
1764723600,4221.185,4221.185,4216.185,4216.185,11781,19782.55
1764723600.001,4214.435,4219.235,4214.235,4219.235,22032,19624.05
1764727200,4229.0650000000005,4229.0650000000005,4224.0650000000005,4224.0650000000005,20471,20113
1764730800,4220.245,4222.475,4217.475,4222.475,14352,17898.4
1764734400,4225.455,4225.455,4220.455,4220.455,25986,18398.5
1764738000,4203.405,4208.405,4203.405,4208.405,27884,17054
1764741600,4211.995,4211.995,4206.995,4206.995,20840,17183.15
1764745200,4200.39,4205.39,4200.39,4205.39,4687,15758.45
1764745200.001,4206.335,4208.765,4203.765,4208.765,16670,16038.95
1764748800,4210.33,4210.33,4205.33,4205.33,22548,16295.5
1764752400,4197.22,4202.22,4197.22,4202.22,19852,16198.05
1764756000,4204.965,4204.965,4199.965,4199.965,7094,16286.2
1764756000.001,4194.645,4199.645,4194.645,4199.645,7093,15988.1
1764756000.002,4200.655,4202.16,4197.16,4202.16,13780,15856.85
1764759600,4209.245,4210.16,4205.16,4210.16,22603,16685.65
1764763200,4214.41,4216.1050000000005,4211.1050000000005,4216.1050000000005,40220,18141
1764766800,4238.585,4241.5650000000005,4236.5650000000005,4236.5650000000005,68194,21169.8
1764770400,4205.05,4210.05,4205.05,4210.05,18929,21267.95
1764770400.001,4212.335,4212.335,4207.335,4207.335,34311,22733.65
1764774000,4206.095,4211.095,4206.095,4211.095,17155,21824.1
1764774000.001,4229.5650000000005,4229.5650000000005,4224.5650000000005,4224.5650000000005,17155,22092.8
1764774000.002,4216.415,4221.365,4216.365,4221.365,30045,22493.45
1764777600,4225.33,4225.33,4220.33,4220.33,15022,22221
1764777600.001,4195.8550000000005,4200.8550000000005,4195.8550000000005,4200.8550000000005,15022,22254.5
1764777600.002,4200.895,4205.39,4200.39,4205.39,28152,22362.8
1764781200,4215.59,4215.59,4210.59,4210.59,35171,22727.15
1764784800,4195.195,4200.195,4195.195,4200.195,28497,23110
1764788400,4210.1,4212.825,4207.825,4207.825,30286,24389.95
1764792000,4203.675,4208.675,4203.675,4208.675,12207,24166.8
1764795600,4210.1,4210.1,4205.1,4205.1,2162,23147.5
1764795600.001,4202.6900000000005,4207.6900000000005,4202.6900000000005,4207.6900000000005,5575,22433.65
1764802800,4209.08,4209.755,4204.755,4209.755,13563,22757.1
1764806400,4215.975,4216.655,4211.655,4216.655,25823,23693.6
1764810000,4217.08,4217.08,4212.08,4212.08,10840,23546.6
1764810000.001,4205.93,4209.31,4204.31,4204.31,36616,24247.25
1764813600,4199.01,4201.58,4196.58,4196.58,23195,23396
1764817200,4187.43,4192.43,4187.43,4192.43,4868,20229.7
1764817200.001,4195.875,4197.83,4192.83,4197.83,12727,19919.6
1764820800,4199.25,4199.25,4194.25,4194.25,25038,19455.95
1764824400,4174.81,4179.81,4174.81,4179.81,6932,18944.8
1764824400.001,4181.1,4183.82,4178.82,4183.82,29183,19546.2
1764828000,4190.465,4191.54,4186.54,4191.54,27514,19419.65
1764831600,4195.215,4196.4,4191.4,4191.4,34599,20398.5
1764835200,4184.8,4188.57,4183.57,4188.57,30617,21178.25
1764838800,4202.28,4202.83,4197.83,4197.83,23038,20922.55
1764842400,4196.645,4201.645,4196.645,4201.645,18515,20089.75
1764846000,4206.63,4206.63,4201.63,4201.63,4392,18884.5
1764846000.001,4198.475,4201.8550000000005,4196.8550000000005,4196.8550000000005,17306,18235.5
1764849600,4188.79,4190.495,4185.495,4185.495,28884,19069.35
1764853200,4185.45,4190.45,4185.45,4190.45,11558,19539.15
1764853200.001,4198.645,4198.645,4193.645,4193.645,45963,21558.55
1764856800,4193.575,4198.575,4193.575,4198.575,17202,21740.5
1764856800.001,4213.61,4213.61,4208.61,4208.61,17202,21309.45
1764856800.002,4201.305,4201.3550000000005,4196.3550000000005,4196.3550000000005,31279,22331.4
1764860400,4191.545,4196.545,4191.545,4196.545,15639,21282.55
1764860400.001,4210.28,4211.63,4206.63,4211.63,61480,23196.8
1764864000,4219.62,4219.62,4214.62,4214.62,25540,24230.4
1764867600,4208.995,4213.995,4208.995,4213.995,5130,23850.55
1764867600.001,4217.735,4217.735,4212.735,4212.735,24327,23815
1764871200,4207.41,4208.115,4203.115,4203.115,21167,24526.75
1764874800,4199.545,4204.545,4199.545,4204.545,7384,23436.8
1764874800.001,4210.18,4210.425,4205.425,4205.425,37726,23947.4
1764889200,4204.005,4209.005,4204.005,4209.005,6557,22545.3
1764892800,4210.685,4210.685,4205.685,4205.685,2629,21145.9
1764892800.001,4201.245,4201.785,4196.785,4196.785,18688,20928.4
1764896400,4194.8150000000005,4199.8150000000005,4194.8150000000005,4199.8150000000005,8029,20404.1
1764896400.001,4204.615,4204.615,4199.615,4199.615,21712,21270.1
1764900000,4196.77,4201.77,4196.77,4201.77,6841,20746.85
1764900000.001,4208.6900000000005,4208.6900000000005,4203.6900000000005,4203.6900000000005,18902,20247.75
1764903600,4201.74,4206.74,4201.74,4206.74,6030,19971.35
1764903600.001,4210.89,4213.08,4208.08,4213.08,18978,18622.1
1764907200,4217.655,4219.53,4214.53,4219.53,19442,18734.1
1764910800,4221.475,4223.77,4218.77,4223.77,24409,19094.45
1764914400,4229.35,4229.7,4224.7,4229.7,14601,18260.55
1764918000,4230.9,4230.9,4225.9,4225.9,4073,17682.25
1764918000.001,4222.56,4227.24,4222.24,4222.24,18438,15530.15
1764921600,4220.535,4220.935,4215.935,4220.935,15917,15049
1764925200,4225.22,4227.545,4222.545,4222.545,8685,15226.75
1764928800,4222.525,4225.15,4220.15,4225.15,7607,14390.75
1764932400,4225.8,4227.93,4222.93,4227.93,17171,14190.95
1764936000,4229.72,4229.72,4224.72,4224.72,21815,14912.5
1764939600,4221.46,4226.46,4221.46,4226.46,8376,13445
1764939600.001,4239.03,4239.03,4234.03,4234.03,33399,14787.1
1764943200,4228.22,4233.22,4228.22,4233.22,12511,15281.2
1764943200.001,4245.67,4245.67,4240.67,4240.67,39183,16305.95
1764946800,4234,4239,4234,4239,13336,16571.3
1764946800.001,4259.34,4259.34,4254.34,4254.34,13335,16152.45
1764946800.002,4243.845,4245.765,4240.765,4240.765,54900,18555.4
1764950400,4198.545,4203.545,4198.545,4203.545,18300,18525.3
1764950400.001,4214.175,4214.21,4209.21,4209.21,15032,18975.4
1764954000,4206.55,4211.55,4206.55,4211.55,7516,18402.3
1764954000.001,4219.92,4219.92,4214.92,4214.92,27756,18818
1764957600,4206.695,4211.08,4206.08,4206.08,26591,18927.1
1764961200,4202.34,4207.34,4202.34,4207.34,6614,18527.75
1764961200.001,4207.56,4207.71,4202.71,4202.71,18916,19269.9
1764964800,4199.485,4202.42,4197.42,4197.42,15687,19132.35
1764968400,4192.055,4197.055,4192.055,4197.055,3127,18492.85
1764968400.001,4198.685,4203.505,4198.505,4203.505,13604,18738.8
1765152000,4211.86,4211.86,4206.86,4206.86,31120,19914.45
1765155600,4197.54,4202.54,4197.54,4202.54,32975,20704.65
1765159200,4212.635,4212.635,4207.635,4207.635,16888,20458.3
1765162800,4206.86,4211.86,4206.86,4211.86,4477,20263.35
1765162800.001,4213.305,4213.415,4208.415,4208.415,19602,19573.5
1765166400,4207.045,4209.77,4204.77,4209.77,21355,20015.7
1765170000,4217.365,4219.175,4214.175,4214.175,23452,19229.15
1765173600,4212.18,4217.18,4212.18,4217.18,6004,18862.55
1765173600.001,4217.185,4217.61,4212.61,4212.61,13883,18889.95
1765177200,4206.31,4208.175,4203.175,4208.175,19970,17143.45
1765180800,4216.695,4216.695,4211.695,4211.695,5114,16484.15
1765180800.001,4209.875,4213.045,4208.045,4208.045,19195,16692.3
1765184400,4204.305,4209.305,4204.305,4209.305,13382,16985.6
1765188000,4210.385,4210.385,4205.385,4205.385,3492,15772.4
1765188000.001,4201.1050000000005,4204.71,4199.71,4204.71,18573,15371.5
1765191600,4214.465,4214.465,4209.465,4209.465,5026,15292.1
1765191600.001,4208.735,4213.54,4208.54,4213.54,10602,14876.4
1765195200,4215.585,4215.585,4210.585,4210.585,47663,16475.2
1765198800,4197.895,4202.895,4197.895,4202.895,44475,18542.6
1765202400,4211.85,4211.85,4206.85,4206.85,14882,18606.5
1765202400.001,4195.3150000000005,4196.8,4191.8,4191.8,66517,20376.35
1765206000,4176.205,4181.205,4176.205,4181.205,17211,19588.15
1765206000.001,4182.905,4182.905,4177.905,4177.905,24678,19977.65
1765209600,4176.8150000000005,4181.8150000000005,4176.8150000000005,4181.8150000000005,12338,20370.7
1765209600.001,4197.88,4197.88,4192.88,4192.88,12338,20007.5
1765209600.002,4191.64,4191.645,4186.645,4186.645,17216,19800.55
1765213200,4185.725,4190.725,4185.725,4190.725,8607,19058.3
1765213200.001,4195.68,4195.74,4190.74,4190.74,26606,20088.4
1765216800,4184.555,4189.435,4184.435,4189.435,48682,21828.35
1765224000,4195.695,4195.695,4190.695,4190.695,8231,21241.4
1765227600,4188.465,4193.465,4188.465,4193.465,3850,21178.2
1765234800,4195.49,4195.82,4190.82,4190.82,10370,20736.95
1765238400,4190.03,4193.885,4188.885,4193.885,28630,21499.35
1765242000,4197.415,4197.415,4192.415,4192.415,26692,22659.35
1765245600,4186.1050000000005,4191.1050000000005,4186.1050000000005,4191.1050000000005,18238,22642.6
1765249200,4198.905,4198.905,4193.905,4193.905,20029,23392.75
1765252800,4184.53,4187.385,4182.385,4182.385,30769,24401.1
1765256400,4178.035,4179.7,4174.7,4174.7,31883,23612.1
1765260000,4169.985,4174.985,4169.985,4174.985,11700,21973.35
1765260000.001,4184.075,4184.075,4179.075,4179.075,33036,22881.05
1765263600,4175.8550000000005,4180.8550000000005,4175.8550000000005,4180.8550000000005,10668,20088.6
1765263600.001,4186.03,4187.415,4182.415,4187.415,29545,20705.3
1765267200,4192.025,4195.795,4190.795,4195.795,40762,21509.5
1765270800,4213.05,4213.05,4208.05,4208.05,11489,21467.05
1765270800.001,4203.035,4206.3550000000005,4201.3550000000005,4206.3550000000005,23979,22049.1
1765274400,4208.505,4208.505,4203.505,4203.505,27509,22563.75
1765278000,4201.235,4203.595,4198.595,4203.595,29865,23626.65
1765281600,4207.705,4208.57,4203.57,4203.57,52197,24906.2
1765285200,4195.725,4200.725,4195.725,4200.725,14803,23212.25
1765285200.001,4201.515,4201.54,4196.54,4196.54,32862,24443.8
1765288800,4189.505,4194.505,4189.505,4194.505,16431,25072.85
1765288800.001,4210.455,4210.455,4205.455,4205.455,16431,25375.9
1765288800.002,4204.99,4204.99,4199.99,4199.99,39406,25914.7
1765292400,4190.14,4195.14,4190.14,4195.14,19703,25565.25
1765292400.001,4216.545,4217.575,4212.575,4217.575,47496,27028.15
1765296000,4221.625,4221.625,4216.625,4216.625,13896,26721.5
1765296000.001,4210.14,4215.14,4210.14,4215.14,34924,26929.25
1765299600,4216.265,4216.265,4211.265,4211.265,10513,25860.75
1765299600.001,4201.665,4206.255,4201.255,4206.255,31701,26860.8
1765303200,4209.935,4212.15,4207.15,4212.15,28191,26618.55
1765306800,4214.485,4216.035,4211.035,4211.035,27285,27449.4
1765310400,4208.9400000000005,4213.05,4208.05,4208.05,13805,26662.4
1765314000,4207.415,4212.415,4207.415,4212.415,6304,24939.5
1765321200,4212.99,4212.99,4207.99,4207.99,9060,24818.05
1765324800,4207.01,4211.93,4206.93,4211.93,35236,25380.9
1765328400,4218.15,4218.15,4213.15,4213.15,28481,25429.5
1765332000,4211.74,4216.74,4211.74,4216.74,8798,24376.15
1765332000.001,4218.86,4218.86,4213.86,4213.86,36928,23612.7
1765335600,4203.485,4208.485,4203.485,4208.485,17568,23750.95
1765339200,4209.845,4209.845,4204.845,4204.845,18010,23008.35
1765342800,4201.7,4206.7,4201.7,4206.7,7639,22568.75
1765342800.001,4214.66,4214.66,4209.66,4209.66,29349,23214.65
1765346400,4203.005,4208.005,4203.005,4208.005,14162,21952.45
1765350000,4209.26,4209.26,4204.26,4204.26,3463,21140.45
1765350000.001,4203.17,4206.66,4201.66,4201.66,18700,19700.65
1765353600,4197.05,4200.52,4195.52,4195.52,23233,20167.5
1765357200,4192.65,4196.67,4191.67,4191.67,24350,19638.8
1765360800,4187.8,4192.8,4187.8,4192.8,6099,19418.1
1765360800.001,4193.245,4197.655,4192.655,4197.655,12146,18440.35
1765364400,4197.845,4202.375,4197.375,4197.375,23914,18226.5
1765368000,4195.405,4198.22,4193.22,4198.22,48420,19283.25
1765371600,4205.2300000000005,4205.7,4200.7,4205.7,48318,21008.9
1765375200,4207.1050000000005,4207.1050000000005,4202.1050000000005,4202.1050000000005,17192,21553.3
1765375200.001,4191.415,4193.97,4188.97,4193.97,62517,24226.15
1765378800,4201.27,4201.27,4196.27,4196.27,15108,23219.75
1765378800.001,4193.75,4197.72,4192.72,4197.72,30724,23331.9
1765382400,4205.16,4205.16,4200.16,4200.16,36813,24732.65
1765386000,4196.905,4200.75,4195.75,4195.75,22780,24025.25
1765389600,4192.15,4194.1050000000005,4189.1050000000005,4189.1050000000005,53228,25808.25
1765393200,4182.08,4187.08,4182.08,4187.08,24294,26122.45
1765393200.001,4219.86,4219.86,4214.86,4214.86,54109,28445.95
1765396800,4211.425,4216.425,4211.425,4216.425,14907,27723.85
1765396800.001,4238.785,4238.785,4233.785,4233.785,14907,27761.1
1765396800.002,4229.555,4232.335,4227.335,4227.335,9439,28059.9
1765400400,4221.32,4226.32,4221.32,4226.32,3146,27282.2
1765400400.001,4228.775,4229.255,4224.255,4229.255,5724,26406.75
1765407600,4234.215,4236.615,4231.615,4236.615,16662,26022.35
1765411200,4245.385,4245.385,4240.385,4240.385,4917,25963.25
1765411200.001,4237.375,4238.03,4233.03,4238.03,29781,26845
1765414800,4247.805,4247.805,4242.805,4242.805,9927,26145.65
1765414800.001,4238.39,4240.915,4235.915,4235.915,26028,25026.05
1765418400,4220.36,4225.02,4220.02,4220.02,32538,24237.05
1765422000,4209.47,4214.47,4209.47,4214.47,7954,23775.15
1765422000.001,4216.905,4218.45,4213.45,4213.45,14953,21396.95
1765425600,4208.43,4213.43,4208.43,4213.43,4984,20890.75
1765425600.001,4213.525,4216.3150000000005,4211.3150000000005,4211.3150000000005,13520,20030.55
1765429200,4206.075,4209.27,4204.27,4209.27,24120,19395.9
1765432800,4215.61,4215.61,4210.61,4210.61,13292,18921.5
1765436400,4210.595,4215.595,4210.595,4215.595,3377,16428.95
1765436400.001,4218.75,4218.75,4213.75,4213.75,13043,15866.4
1765440000,4212.835,4217.835,4212.835,4217.835,4833,13402.6
1765440000.001,4219.65,4219.65,4214.65,4214.65,15907,13452.6
1765443600,4210.4,4215.4,4210.4,4215.4,5537,12984.1
1765443600.001,4221.615,4223.495,4218.495,4223.495,13996,13211.95
1765447200,4226.08,4226.08,4221.08,4221.08,4230,13266.15
1765447200.001,4211.84,4216.84,4211.84,4216.84,4229,13191.4
1765447200.002,4217.035,4219.125,4214.125,4214.125,8550,12785.8
1765450800,4209.61,4213.77,4208.77,4213.77,16547,13367.3
1765454400,4220.61,4220.705,4215.705,4215.705,24364,13096.45
1765458000,4205.35,4210.35,4205.35,4210.35,9899,13095.05
1765458000.001,4223.52,4223.52,4218.52,4218.52,38609,13724.1
1765461600,4217.945,4222.945,4217.945,4222.945,14355,12814.95
1765461600.001,4244.595,4244.595,4239.595,4239.595,14355,13135
1765461600.002,4230.395,4231.335,4226.335,4231.335,49193,14847
1765465200,4261.5,4261.5,4256.5,4256.5,16397,15417.65
1765465200.001,4256.125,4256.16,4251.16,4251.16,24558,15969.55
1765468800,4250.085,4255.085,4250.085,4255.085,12279,15377.5
1765468800.001,4279.04,4279.04,4274.04,4274.04,12279,15326.85
1765468800.002,4273.655,4277.2300000000005,4272.2300000000005,4277.2300000000005,30073,16661.65
1765472400,4281.8150000000005,4283.6050000000005,4278.6050000000005,4283.6050000000005,25856,17302.3
1765476000,4285.89,4285.89,4280.89,4280.89,7915,17456.4
1765476000.001,4266.77,4268.28,4263.28,4263.28,21725,17747.3
1765479600,4262.83,4267.83,4262.83,4267.83,6905,17815.7
1765479600.001,4277.835,4277.835,4272.835,4272.835,29191,18575.45
1765483200,4264.25,4269.25,4264.25,4269.25,11143,18921.1
1765483200.001,4276.395,4277.61,4272.61,4277.61,17224,19570.85
1765486800,4283.725,4283.725,4278.725,4278.725,9785,19632.6
1765494000,4272.42,4277.42,4272.42,4277.42,11135,19362
1765497600,4280.07,4280.07,4275.07,4275.07,4274,18357.5
1765497600.001,4269.11,4269.555,4264.555,4264.555,25906,19157.85
1765501200,4264.525,4269.525,4264.525,4269.525,10816,17768.2
1765501200.001,4276.32,4276.32,4271.32,4271.32,10816,17591.25
1765501200.002,4270.935,4275.935,4270.935,4275.935,18888,17817.9
1765504800,4277.17,4277.17,4272.17,4272.17,9444,15830.45
1765504800.001,4269.32,4273.775,4268.775,4273.775,25689,16295.05
1765508400,4274.825,4274.825,4269.825,4269.825,18426,15988.45
1765512000,4266.36,4271.045,4266.045,4271.045,23180,16533.5
1765515600,4280.695,4281.665,4276.665,4281.665,29351,17387.1
1765519200,4283.285,4286.38,4281.38,4286.38,24212,17094.05
1765522800,4290.625,4292.185,4287.185,4292.185,29385,17270.5
1765526400,4309.545,4311.96,4306.96,4311.96,33593,18554.4
1765530000,4320.425,4320.425,4315.425,4315.425,24763,18706.3
1765533600,4314.695,4319.695,4314.695,4319.695,8109,18766.5
1765533600.001,4331.175,4332.21,4327.21,4332.21,34065,19010.2
1765537200,4339.385,4339.46,4334.46,4334.46,42024,20554.25
1765540800,4324.735,4326.495,4321.495,4326.495,64078,22896.95
1765544400,4346.32,4346.32,4341.32,4341.32,17651,23290.25
1765544400.001,4341.155,4341.155,4336.155,4336.155,37161,24591.55
1765548000,4331.05,4336.05,4331.05,4336.05,18580,25306.85
1765548000.001,4353.555,4353.555,4348.555,4348.555,18580,24940.55
1765548000.002,4346.935,4351.625,4346.625,4346.625,86911,28745.3
1765551600,4283.55,4288.55,4283.55,4288.55,28970,29653
1765551600.001,4290.755,4295.755,4290.755,4295.755,55190,31468.1
1765555200,4296.665,4296.665,4291.665,4291.665,27595,32375.65
1765555200.001,4257.275,4262.275,4257.275,4262.275,27594,32470.9
1765555200.002,4281.89,4281.89,4276.89,4276.89,25940,32846.6
1765558800,4271.265,4276.265,4271.265,4276.265,12970,32336.1
1765558800.001,4298.525,4298.525,4293.525,4293.525,30921,32414.6
1765562400,4290.535,4295.535,4290.535,4295.535,8975,31652.75
1765562400.001,4303.915,4303.915,4298.915,4298.915,8975,30632.25
1765562400.002,4295.02,4295.34,4290.34,4290.34,11029,29504.05
1765566000,4289.96,4294.96,4289.96,4294.96,5514,28541.6
1765566000.001,4299.705,4299.705,4294.705,4294.705,21286,29200.45
1765569600,4288.74,4293.74,4288.74,4293.74,7885,27891.45
1765569600.001,4302.985,4304.215,4299.215,4299.215,15416,26561.05
1765573200,4296.93,4301.93,4296.93,4301.93,4919,23603.1
1765753200,4302.985,4307.985,4302.985,4307.985,2409,22841
1765753200.001,4308.52,4308.52,4303.52,4303.52,2408,21103.35
1765753200.002,4301.72,4305.41,4300.41,4305.41,11984,20773.55
1765756800,4307.995,4310.66,4305.66,4310.66,27940,21241.55
1765760400,4325.925,4325.925,4320.925,4320.925,19077,17849.85
1765764000,4320.845,4325.845,4320.845,4325.845,5414,16672.05
1765764000.001,4329.405,4329.405,4324.405,4324.405,20636,14944.35
1765767600,4319.32,4324.32,4319.32,4324.32,7611,13945.15
1765767600.001,4329.775,4330.1,4325.1,4325.1,19947,13562.8
1765771200,4323.1,4328.1,4323.1,4328.1,26313,13581.45
1765774800,4344.46,4347.4800000000005,4342.4800000000005,4342.4800000000005,32363,14551.1
1765778400,4339.485,4344.485,4339.485,4344.485,21386,14074.35
1765782000,4344.75,4344.75,4339.75,4339.75,6532,13952.2
1765782000.001,4333.545,4338.545,4333.545,4338.545,6532,13830.05
1765782000.002,4339.1900000000005,4343.785,4338.785,4343.785,23037,14430.45
1765785600,4349.025,4350.285,4345.285,4345.285,25486,15429.05
1765789200,4342.345,4347.345,4342.345,4347.345,13194,15024.45
1765792800,4348.175,4348.175,4343.175,4343.175,3629,14811.65
1765792800.001,4337.715,4340.305,4335.305,4340.305,16034,14842.55
1765796400,4343.685,4347.74,4342.74,4347.74,21419,15667.55
1765800000,4348.525,4348.525,4343.525,4343.525,46291,17861.65
1765803600,4330.74,4335.74,4330.74,4335.74,49462,20214.35
1765807200,4336.835,4336.835,4331.835,4331.835,17976,20513.95
1765807200.001,4317.515,4322.515,4317.515,4322.515,17976,20015.75
1765807200.002,4323.765,4327.935,4322.935,4322.935,66803,22402.05
1765810800,4311.63,4316.63,4311.63,4316.63,22267,23244.7
1765810800.001,4318.375,4319.02,4314.02,4314.02,58356,25130.7
1765814400,4285.515,4290.515,4285.515,4290.515,19451,25722.7
1765814400.001,4297.8150000000005,4297.8150000000005,4292.8150000000005,4292.8150000000005,24742,25962.45
1765818000,4291.08,4296.08,4291.08,4296.08,12370,25265.3
1765818000.001,4306.825,4306.825,4301.825,4301.825,32580,25276.15
1765821600,4300.06,4305.06,4300.06,4305.06,10104,24712.05
1765821600.001,4313.61,4313.61,4308.61,4308.61,23593,25565.1
1765825200,4307.92,4312.92,4307.92,4312.92,6744,25575.7
1765825200.001,4317.81,4317.81,4312.81,4312.81,29846,25916.15
1765828800,4299.725,4304.725,4299.725,4304.725,12254,25254.55
1765832400,4305.84,4309.77,4304.77,4304.77,5978,24893.75
1765839600,4303.5650000000005,4308.04,4303.04,4308.04,11275,25276.05
1765843200,4313.515,4313.515,4308.515,4308.515,3263,24637.5
1765843200.001,4308.045,4308.055,4303.055,4303.055,23826,24757.85
1765846800,4299.3550000000005,4304.3550000000005,4299.3550000000005,4304.3550000000005,11912,23038.9
1765846800.001,4318.035,4318.035,4313.035,4313.035,11912,21161.4
1765846800.002,4308.79,4312.3,4307.3,4307.3,32385,21881.85
1765850400,4286.6050000000005,4289.745,4284.745,4284.745,26378,22301.95
1765854000,4280.62,4285.62,4280.62,4285.62,7791,19351.35
1765854000.001,4294.675,4294.675,4289.675,4289.675,20082,19242.1
1765857600,4286.825,4291.825,4286.825,4291.825,17400,17194.3
1765861200,4292.405,4292.405,4287.405,4287.405,6652,16554.35
1765861200.001,4271.575,4276.575,4271.575,4276.575,6651,15649.8
1765861200.002,4284.185,4287.595,4282.595,4287.595,22525,16157.55
1765864800,4292.345,4292.345,4287.345,4287.345,28151,15936.1
1765868400,4279.63,4284.63,4279.63,4284.63,6881,15774.95
1765868400.001,4287.655,4289.445,4284.445,4284.445,15445,15367.55
1765872000,4275.275,4280.275,4275.275,4280.275,5148,15287.75
1765872000.001,4284.705,4285.93,4280.93,4280.93,13317,14461.3
1765875600,4276.575,4281.575,4276.575,4281.575,13478,14522.5
1765879200,4284.4400000000005,4284.4400000000005,4279.4400000000005,4279.4400000000005,4520,14449.6
1765879200.001,4274.7,4278.885,4273.885,4278.885,15088,14640.25
1765882800,4279.765,4281.9400000000005,4276.9400000000005,4281.9400000000005,23141,15634.15
1765886400,4294.995,4296,4291,4296,41906,16538.15
1765890000,4313.27,4316.43,4311.43,4316.43,64231,19154.1
1765893600,4332.205,4332.205,4327.205,4327.205,17481,19432.55
1765893600.001,4324.4800000000005,4329.445,4324.445,4329.445,33069,19466.75
1765897200,4335.185,4335.185,4330.185,4330.185,16534,18974.55
1765897200.001,4312.56,4317.56,4312.56,4317.56,16534,19411.7
1765897200.002,4319.865,4323.39,4318.39,4318.39,48046,20809.9
1765900800,4291.41,4296.41,4291.41,4296.41,16015,20740.65
1765900800.001,4300.675,4305.3550000000005,4300.3550000000005,4305.3550000000005,26166,21716.35
1765904400,4311.07,4311.07,4306.07,4306.07,8722,21819.9
1765904400.001,4303.725,4303.83,4298.83,4298.83,16726,21529.95
1765908000,4298.285,4303.285,4298.285,4303.285,8362,20540.5
1765908000.001,4313.475,4315.92,4310.92,4310.92,30308,21711.85
1765911600,4296.81,4301.81,4296.81,4301.81,7315,21305.35
1765911600.001,4310.655,4314.475,4309.475,4309.475,18504,21973.15
1765915200,4302.66,4305.61,4300.61,4305.61,17279,22171.25
1765926000,4309.215,4312.6,4307.6,4312.6,5997,21797.2
1765929600,4315.435,4316.445,4311.445,4316.445,32364,23189.4
1765933200,4326.78,4327.835,4322.835,4322.835,34658,24167.9
1765936800,4311.145,4316.145,4311.145,4316.145,24783,24250
1765940400,4325.215,4325.56,4320.56,4325.56,16282,22968.8
1765944000,4331.65,4333.095,4328.095,4333.095,24413,20977.9
1765947600,4342.58,4342.58,4337.58,4337.58,6944,20451.05
1765947600.001,4333.9,4337.64,4332.64,4332.64,24938,20044.5
1765951200,4324.7,4328.72,4323.72,4323.72,26966,20566.1
1765954800,4315.68,4317.835,4312.835,4312.835,17274,20603.1
1765958400,4308.4400000000005,4313.4400000000005,4308.4400000000005,4313.4400000000005,5528,18477.2
1765958400.001,4320.915,4323.45,4318.45,4318.45,19040,18628.45
1765962000,4315.88,4317.015,4312.015,4312.015,13395,17989.9
1765965600,4306.515,4311.515,4306.515,4311.515,4445,17776.05
1765965600.001,4322.3150000000005,4322.3150000000005,4317.3150000000005,4317.3150000000005,17413,17810.4
1765969200,4315.06,4319.99,4314.99,4319.99,21515,18468.05
1765972800,4323.24,4323.24,4318.24,4318.24,5731,17239.2
1765972800.001,4317.57,4320.085,4315.085,4320.085,32376,18492.25
1765976400,4344.26,4346.09,4341.09,4341.09,74926,21313.35
1765980000,4323.14,4328.14,4323.14,4328.14,21378,21518.3
1765980000.001,4338.245,4343.22,4338.22,4343.22,40388,23237.85
1765983600,4349.28,4349.28,4344.28,4344.28,20193,22629.3
1765983600.001,4324.34,4329.34,4324.34,4329.34,20193,21906.05
1765983600.002,4330.485,4330.575,4325.575,4325.575,35603,22447.05
1765987200,4320.325,4325.325,4320.325,4325.325,17801,22523
1765987200.001,4337.66,4337.66,4332.66,4332.66,35501,23077.4
1765990800,4328.77,4333.77,4328.77,4333.77,8850,23172.7
1765990800.001,4342.595,4346.61,4341.61,4341.61,38922,23871.9
1765994400,4328.82,4333.82,4328.82,4333.82,10024,23024.8
1765994400.001,4336.25,4336.25,4331.25,4331.25,10671,22694.65
1765998000,4330.45,4335.45,4330.45,4335.45,5335,22685
1765998000.001,4341.2,4341.2,4336.2,4336.2,19572,22711.6
1766001600,4335.425,4340.425,4335.425,4340.425,7118,22397.75
1766001600.001,4346.145,4346.41,4341.41,4341.41,13134,22832.2
1766005200,4337.5,4340.535,4335.535,4340.535,7488,22335.95
1766012400,4343.095,4343.095,4338.095,4338.095,13059,21913.15
1766016000,4333.34,4337.245,4332.245,4332.245,36309,23442.05
1766019600,4324.02,4329.02,4324.02,4329.02,10855,22366
1766019600.001,4331.745,4335.01,4330.01,4335.01,33447,20292.05
1766023200,4337.985,4337.985,4332.985,4332.985,31990,20822.65
1766026800,4331.05,4333.6900000000005,4328.6900000000005,4333.6900000000005,51992,21402.85
1766034000,4337.465,4337.465,4332.465,4332.465,27877,21787.05
1766037600,4330.68,4335.68,4330.68,4335.68,9834,21269.1
1766037600.001,4336.185,4337.785,4332.785,4332.785,27057,20841.8
1766041200,4330.075,4332.59,4327.59,4327.59,23639,21133.7
1766044800,4321.805,4326.805,4321.805,4326.805,27445,20730.9
1766048400,4328.63,4328.63,4323.63,4323.63,10739,20825.35
1766048400.001,4320.655,4325.655,4320.655,4325.655,32065,20482.5
1766052000,4327.615,4328.825,4323.825,4323.825,50242,22493.4
1766059200,4317.285,4320.9400000000005,4315.9400000000005,4315.9400000000005,37255,23822.6
1766062800,4314.68,4319.68,4314.68,4319.68,15290,24320.35
1766062800.001,4343.185,4343.185,4338.185,4338.185,15290,24106.25
1766062800.002,4336.65,4341.485,4336.485,4336.485,64908,26995.75
1766066400,4308.67,4313.67,4308.67,4313.67,21636,27420.85
1766066400.001,4328.625,4330.06,4325.06,4330.06,66867,30389.8
1766070000,4341.77,4342.74,4337.74,4342.74,83918,33932.75
1766073600,4374.655,4374.655,4369.655,4369.655,20542,33144.4
1766073600.001,4360.415,4363.415,4358.415,4358.415,52067,35205
1766077200,4322.145,4327.145,4322.145,4327.145,17355,34400.4
1766077200.001,4333.5650000000005,4338.5650000000005,4333.5650000000005,4338.5650000000005,20434,33822.6
1766080800,4341.455,4341.455,4336.455,4336.455,10217,31733.85
1766080800.001,4325.905,4330.905,4325.905,4330.905,10217,30850.85
1766080800.002,4331.955,4335.09,4330.09,4330.09,37359,32227.1
1766084400,4322.755,4327.755,4322.755,4327.755,44690,33108.75
1766088000,4338.545,4338.545,4333.545,4333.545,17349,32794.25
1766091600,4328.55,4333.55,4328.55,4333.55,3243,31584.15
1766098800,4335.8550000000005,4337.07,4332.07,4332.07,8331,31463.75
1766102400,4325.97,4328.655,4323.655,4323.655,23770,31049
1766106000,4309.095,4314.095,4309.095,4314.095,7344,28904.1
1766106000.001,4323.32,4328.1,4323.1,4323.1,10299,27556.3
1766109600,4314.175,4317.68,4312.68,4317.68,16326,27608.1
1766113200,4322.55,4322.55,4317.55,4317.55,16033,27645.25
1766116800,4317.05,4322.05,4317.05,4322.05,5868,24693.25
1766116800.001,4322.935,4322.935,4317.935,4317.935,23016,24762.25
1766120400,4317.46,4322.46,4317.46,4322.46,8574,21847.6
1766120400.001,4328.97,4328.97,4323.97,4323.97,25846,18944
1766124000,4321.63,4326.63,4321.63,4326.63,8636,18348.7
1766124000.001,4329.57,4329.665,4324.665,4324.665,27712,17130.95
1766127600,4321.5,4326.085,4321.085,4326.085,21473,17336.85
1766131200,4330.975,4330.975,4325.975,4325.975,11746,16902.45
1766134800,4325.945,4329.41,4324.41,4329.41,13418,17062.5
1766134800.001,4333.67,4333.67,4328.67,4328.67,25419,17822.6
1766138400,4322.6,4327.6,4322.6,4327.6,6237,16266.5
1766138400.001,4327.805,4329.57,4324.57,4324.57,46539,16358.95
1766145600,4320.775,4325.775,4320.775,4325.775,6780,15830.5
1766145600.001,4326.735,4331.055,4326.055,4331.055,33059,17321.3
1766149200,4335.705,4335.705,4330.705,4330.705,11019,17455.7
1766149200.001,4328.365,4328.365,4323.365,4323.365,39752,18254.8
1766152800,4319.83,4324.83,4319.83,4324.83,19876,18881.4
1766152800.001,4337.93,4337.93,4332.93,4332.93,19875,19360.2
1766152800.002,4332.8550000000005,4337.135,4332.135,4337.135,55851,21336.45
1766156400,4349.29,4349.29,4344.29,4344.29,47557,22912.65
1766160000,4342.155,4347.155,4342.155,4347.155,14470,23342.75
1766160000.001,4354.755,4354.755,4349.755,4349.755,30554,23719.65
1766163600,4347.075,4352.075,4347.075,4352.075,8041,23693
1766163600.001,4355.99,4356.625,4351.625,4351.625,31531,23977.25
1766167200,4343.155,4348.155,4343.155,4348.155,7830,23936.95
1766167200.001,4348.595,4350.635,4345.635,4345.635,13947,23248.7
1766170800,4345.17,4346.545,4341.545,4341.545,20576,23203.85
1766174400,4336.875,4341.555,4336.555,4341.555,17911,23512.1
1766358000,4356.1,4360.325,4355.325,4360.325,11563,23419.35
1766361600,4366.56,4366.56,4361.56,4361.56,18364,23066.6
1766365200,4361.375,4366.375,4361.375,4366.375,7626,23136.05
1766365200.001,4384.96,4384.96,4379.96,4379.96,20157,21816.95
1766368800,4378.695,4383.695,4378.695,4383.695,6266,21791.25
1766368800.001,4388.84,4389.415,4384.415,4389.415,17611,21018.85
1766372400,4395.05,4396.33,4391.33,4396.33,12880,21111.9
1766376000,4401.115,4401.865,4396.865,4401.865,22729,20260.75
1766379600,4409.76,4409.76,4404.76,4404.76,6565,19595.2
1766379600.001,4400.21,4403.96,4398.96,4403.96,20853,19644.1
1766383200,4420.16,4420.515,4415.515,4415.515,21287,17915.9
1766386800,4410.41,4415.08,4410.08,4410.08,19215,16498.8
1766390400,4406.195,4411.195,4406.195,4411.195,16844,16617.5
1766394000,4415.01,4416.055,4411.055,4411.055,16074,15893.5
1766397600,4406.215,4411.06,4406.06,4411.06,27576,16870.25
1766401200,4411.695,4411.695,4406.695,4406.695,31918,16889.6
1766404800,4406.29,4411.29,4406.29,4411.29,12033,17099.75
1766404800.001,4416.04,4417.7300000000005,4412.7300000000005,4417.7300000000005,62085,19506.65
1766408400,4427.42,4428.865,4423.865,4428.865,48590,20907.35
1766412000,4429.665,4429.665,4424.665,4424.665,15953,20809.45
1766412000.001,4414.725,4419.455,4414.455,4414.455,51146,22788.6
1766415600,4411.945,4416.945,4411.945,4416.945,17596,22750.2
1766415600.001,4435.650000000001,4435.650000000001,4430.650000000001,4430.650000000001,42390,24488.4
1766419200,4428.22,4433.22,4428.22,4433.22,12397,24100.4
1766419200.001,4442.21,4442.27,4437.27,4437.27,31069,25340.55
1766422800,4431.995,4436.995,4431.995,4436.995,6223,24771.15
1766422800.001,4438.51,4438.995,4433.995,4433.995,19529,25103.6
1766426400,4429.445,4434.445,4429.445,4434.445,6509,24292.6
1766426400.001,4435.465,4436.085,4431.085,4431.085,12314,24580.05
1766430000,4429.005,4434.005,4429.005,4434.005,22318,24653.3
1766433600,4439.27,4443.525000000001,4438.525000000001,4443.525000000001,16462,24412.05
1766437200,4449.385,4449.385,4444.385,4444.385,3463,23624.45
1766437200.001,4443.74,4448.74,4443.74,4448.74,3451,22954.8
1766444400,4449.18,4454.045,4449.045,4454.045,6901,22496.15
1766444400.001,4461.66,4463.16,4458.16,4463.16,10500,21642.35
1766448000,4470.715,4474.4400000000005,4469.4400000000005,4474.4400000000005,29158,21504.35
1766451600,4490.6900000000005,4490.6900000000005,4485.6900000000005,4485.6900000000005,19334,21869.4
1766455200,4481.38,4486.38,4481.38,4486.38,5198,19025.05
1766455200.001,4497.685,4497.685,4492.685,4492.685,42254,18708.25
1766458800,4482.955,4487.955,4482.955,4487.955,28083,19314.75
1766462400,4488.325,4488.325,4483.325,4483.325,7866,17150.75
1766462400.001,4478.86,4483.86,4478.86,4483.86,31238,17832.85
1766466000,4485.695,4485.695,4480.695,4480.695,11686,16297.65
1766466000.001,4474.92,4475.335,4470.335,4470.335,35836,17469.6
1766469600,4469.5,4474.5,4469.5,4474.5,12074,16519.85
1766469600.001,4481.735,4483.5,4478.5,4483.5,53240,18870.7
1766473200,4489.88,4489.88,4484.88,4484.88,37203,19754.4
1766476800,4484.7300000000005,4489.7300000000005,4484.7300000000005,4489.7300000000005,11740,20015.95
1766476800.001,4493.49,4493.49,4488.49,4488.49,50527,21926.6
1766480400,4478.225,4483.225,4478.225,4483.225,51133,23367.35
1766484000,4487.6050000000005,4488.1,4483.1,4488.1,40872,24587.85
1766487600,4494.3150000000005,4494.3150000000005,4489.3150000000005,4489.3150000000005,49117,26870.55
1766491200,4483.275000000001,4488.275000000001,4483.275000000001,4488.275000000001,45339,28964.95
1766494800,4497.635,4497.635,4492.635,4492.635,16046,29422.2
1766494800.001,4473.51,4478.51,4473.51,4478.51,16046,29699.5
1766494800.002,4479.36,4480.13,4475.13,4475.13,55029,30993.05
1766498400,4441.5,4446.5,4441.5,4446.5,18342,30943.45
1766498400.001,4446.745,4446.745,4441.745,4441.745,43277,32847.4
1766502000,4430.515,4435.515,4430.515,4435.515,21638,31816.6
1766502000.001,4459.415,4460.8150000000005,4455.8150000000005,4460.8150000000005,60724,33448.65
1766505600,4476.695,4479.38,4474.38,4479.38,34850,34797.85
1766509200,4479.92,4479.92,4474.92,4474.92,10910,33781.45
1766509200.001,4469.945,4474.945,4469.945,4474.945,35683,34981.3
1766512800,4485.22,4489.265,4484.265,4489.265,26835,34531.25
1766516400,4496.38,4496.38,4491.38,4491.38,6192,34237.15
1766516400.001,4490.745,4494.3,4489.3,4494.3,21300,32640.15
1766520000,4499.82,4499.82,4494.82,4494.82,20291,31794.55
1766523600,4483.52,4488.52,4483.52,4488.52,8367,31625.9
1766530800,4488.59,4493,4488,4493,7940,29496.55
1766530800.001,4510.78,4510.78,4505.78,4505.78,3969,27138.35
1766530800.002,4503.39,4505.96,4500.96,4505.96,19389,26064.2
1766534400,4518.215,4518.215,4513.215,4513.215,6463,23931.5
1766534400.001,4512.095,4512.095,4507.095,4507.095,33122,23320.65
1766538000,4507.045,4512.045,4507.045,4512.045,16561,23346.4
1766538000.001,4526.150000000001,4526.150000000001,4521.150000000001,4521.150000000001,16560,23372.1
1766538000.002,4518.84,4519.52,4514.52,4514.52,47587,23000
1766541600,4474.375,4478.26,4473.26,4473.26,41018,24133.8
1766545200,4466.54,4471.54,4466.54,4471.54,12578,22598.85
1766545200.001,4498.74,4498.74,4493.74,4493.74,12578,22145.85
1766545200.002,4493.2,4496.400000000001,4491.400000000001,4496.400000000001,21492,20184.25
1766548800,4501.5650000000005,4501.5650000000005,4496.5650000000005,4496.5650000000005,44852,20684.35
1766552400,4485.185,4490.185,4485.185,4490.185,42182,22247.95
1766556000,4498.025000000001,4498.025000000001,4493.025000000001,4493.025000000001,42205,22574.05
1766559600,4483.61,4488.61,4483.61,4488.61,33309,22897.75
1766563200,4492.705,4492.705,4487.705,4487.705,11266,23151.45
1766563200.001,4478.205,4483.205,4478.205,4483.205,52150,24693.95
1766566800,4496.26,4499.89,4494.89,4499.89,29690,25163.9
1766570400,4500.035,4500.035,4495.035,4495.035,8031,25147.1
1766570400.001,4482.425,4487.425,4482.425,4487.425,8031,25151.65
1766570400.002,4489.695,4489.71,4484.71,4484.71,17766,25841.5
1766574000,4483.165,4488.165,4483.165,4488.165,8883,25316.2
1766574000.001,4492.17,4496.335,4491.335,4491.335,52281,27607.1
1766577600,4489.745,4493.655,4488.655,4488.655,55836,28742.8
1766581200,4474.72,4479.72,4474.72,4479.72,13789,28604.2
1766581200.001,4488.29,4489.785,4484.785,4484.785,83890,31970.7
1766584800,4460.485,4465.485,4460.485,4465.485,79367,33559.7
1766588400,4476.745,4476.745,4471.745,4471.745,25702,32793.9
1766588400.001,4448.26,4453.26,4448.26,4453.26,25701,33450.05
1766588400.002,4458.685,4461.12,4456.12,4461.12,57650,35703.65
1766592000,4478.265,4480.545,4475.545,4480.545,53199,37289
1766595600,4487.88,4487.88,4482.88,4482.88,11327,35612.75
1766595600.001,4480.745,4482.5,4477.5,4477.5,11817,34094.5
1766599200,4477.405,4482.405,4477.405,4482.405,8094,32388.95
1766703600,4502.625,4507.625,4502.625,4507.625,4155,30931.25
1766703600.001,4536.74,4536.74,4531.74,4531.74,4154,30575.65
1766703600.002,4484.195,4489.195,4484.195,4489.195,4154,28175.85
1766703600.003,4495.405,4497.27,4492.27,4497.27,27124,28047.55
1766707200,4518.11,4522.965,4517.965,4522.965,47377,30014.85
1766710800,4531.515,4531.515,4526.515,4526.515,19167,30571.65
1766710800.001,4497.655,4502.655,4497.655,4502.655,19167,30641.7
1766710800.002,4504.045,4504.045,4499.045,4499.045,41262,32260.65
1766714400,4492.21,4497.21,4492.21,4497.21,20631,30678.15
1766714400.001,4509.92,4513.545,4508.545,4508.545,75072,31639.95
1766718000,4497.585,4502.585,4497.585,4502.585,61254,34013.2
1766721600,4511.8550000000005,4511.8550000000005,4506.8550000000005,4506.8550000000005,47899,32213.65
1766725200,4506.13,4511.13,4506.13,4511.13,16765,29083.55
1766725200.001,4514.9800000000005,4514.9800000000005,4509.9800000000005,4509.9800000000005,16764,28636.65
1766725200.002,4509.82,4513.045,4508.045,4513.045,57701,30236.65
1766728800,4519.55,4519.55,4514.55,4514.55,19233,28315.8
1766728800.001,4511.58,4515.795,4510.795,4510.795,43086,27810.15
1766732400,4507.435,4512.435,4507.435,4512.435,46488,29568.2
1766736000,4519.765,4520.7,4515.7,4515.7,49128,31433.75
1766739600,4512.005,4516.255,4511.255,4516.255,48606,33459.35
1766743200,4523.75,4523.75,4518.75,4518.75,11933,33848.25
1766743200.001,4514.47,4515.28,4510.28,4510.28,42600,35770.55
1766746800,4502.91,4507.91,4502.91,4507.91,14200,36272.85
1766746800.001,4509.945,4514.915,4509.915,4514.915,28455,36339.4
1766750400,4515.17,4515.17,4510.17,4510.17,14227,34681.9
1766750400.001,4506.785,4508.93,4503.93,4503.93,51045,36275.8
1766754000,4503.705,4508.705,4503.705,4508.705,18409,36237.9
1766754000.001,4528.885,4530.1900000000005,4525.1900000000005,4530.1900000000005,59444,37147
1766757600,4533.235,4533.235,4528.235,4528.235,20518,37141.35
1766757600.001,4512.795,4517.795,4512.795,4517.795,20517,34413.6
1766757600.002,4521.16,4524.64,4519.64,4524.64,56429,34172.35
1766761200,4547.38,4550.150000000001,4545.150000000001,4545.150000000001,67156,35135.2
1766764800,4531.34,4536.34,4531.34,4536.34,47372,36665.55
1766768400,4537.650000000001,4537.650000000001,4532.650000000001,4532.650000000001,15628,36608.75
1766768400.001,4510.025000000001,4515.025000000001,4510.025000000001,4515.025000000001,15628,34505.1
1766768400.002,4519.07,4519.705,4514.705,4519.705,45826,35834.75
1766772000,4532.785,4535.795,4530.795,4530.795,47017,36031.3
1766775600,4519.925,4524.925,4519.925,4524.925,46724,36043.1
1766779200,4535.74,4535.74,4530.74,4530.74,22510,34712.2
1766782800,4527.205,4532.205,4527.205,4532.205,5231,32543.45
1766782800.001,4534.825,4538.21,4533.21,4538.21,17976,32845.6
1766962800,4542.66,4547.66,4542.66,4547.66,12745,31352.85
1766962800.001,4548.35,4548.35,4543.35,4543.35,12745,31280.1
1766962800.002,4523.05,4527.9800000000005,4522.9800000000005,4522.9800000000005,74416,33578.15
1766966400,4472.25,4477.25,4472.25,4477.25,20556,33894.6
1766966400.001,4497.3,4497.305,4492.305,4492.305,45418,33613.25
1766970000,4492.295,4497.295,4492.295,4497.295,22709,33828.25
1766970000.001,4517.59,4517.59,4512.59,4512.59,22709,31991.5
1766970000.002,4497.325,4501.45,4496.45,4501.45,46850,33308.1
1766973600,4516.02,4516.02,4511.02,4511.02,51096,34837.05
1766977200,4509.445,4514.445,4509.445,4514.445,17739,32902.55
1766977200.001,4520.61,4520.61,4515.61,4515.61,53038,32196.65
1766980800,4508.005,4513.005,4508.005,4513.005,11766,30416.35
1766980800.001,4515.825,4519.595,4514.595,4514.595,40908,31680.35
1766984400,4504.925,4509.925,4504.925,4509.925,50589,33428.4
1766988000,4510.74,4510.74,4505.74,4505.74,18476,32060.9
1766988000.001,4471.325,4476.325,4471.325,4476.325,50421,32231.1
1766991600,4481.685,4481.685,4476.685,4476.685,15972,30693.5
1766991600.001,4445.115,4450.115,4445.115,4450.115,15972,30366.6
1766991600.002,4474.775000000001,4479.775000000001,4474.775000000001,4479.775000000001,30087,31609.4
1766995200,4488.6,4488.6,4483.6,4483.6,15043,31462.75
1766995200.001,4452.68,4457.68,4452.68,4457.68,15043,31577.65
1766995200.002,4461.035,4464.27,4459.27,4464.27,39750,32927.9
1766998800,4476.545,4476.545,4471.545,4471.545,46118,31513
1767002400,4456.935,4461.935,4456.935,4461.935,36938,32332.1
1767006000,4468.02,4468.02,4463.02,4463.02,12991,30710.75
1767006000.001,4434.12,4439.12,4434.12,4439.12,12991,30224.85
1767006000.002,4446.885,4450.75,4445.75,4450.75,40884,31133.6
1767009600,4464.985,4467.7,4462.7,4462.7,85724,33077.3
1767013200,4407.145,4412.145,4407.145,4412.145,24032,31724.1
1767013200.001,4421.735,4421.735,4416.735,4416.735,81821,34928.2
1767016800,4356.765,4360.61,4355.61,4355.61,97536,37153.1
1767020400,4302.11,4307.11,4302.11,4307.11,23421,37735.85
1767020400.001,4325.455,4328.575,4323.575,4328.575,43693,37875.1
1767024000,4347.435,4347.435,4342.435,4342.435,14564,36073.85
1767024000.001,4341.59,4343.34,4338.34,4338.34,37116,37005.85
1767027600,4315.015,4320.015,4315.015,4320.015,12371,35103.35
1767027600.001,4328.255,4328.35,4323.35,4323.35,19932,35301.35
1767031200,4322.83,4327.83,4322.83,4327.83,9965,35001
1767031200.001,4334.86,4334.86,4329.86,4329.86,26949,34844.1
1767034800,4327.615,4332.615,4327.615,4332.615,8492,34516.55
1767034800.001,4337.9,4341.88,4336.88,4341.88,26296,35079.2
1767038400,4344.695,4344.695,4339.695,4339.695,8902,33536.8
1767038400.001,4325.735,4330.735,4325.735,4330.735,8902,31676
1767038400.002,4334.76,4339.64,4334.64,4334.64,21156,30886.9
1767042000,4327.765,4332.765,4327.765,4332.765,13315,30903.1
1767049200,4341.72,4341.72,4336.72,4336.72,6263,30566.7
1767049200.001,4323.42,4328.42,4323.42,4328.42,6263,28835.65
1767049200.002,4347.59,4350.8550000000005,4345.8550000000005,4345.8550000000005,30071,26053
1767052800,4334.62,4339.62,4334.62,4339.62,7936,25248.2
1767052800.001,4339.995,4339.995,4334.995,4334.995,31215,22717.9
1767056400,4324.65,4329.65,4324.65,4329.65,15607,18621.45
1767056400.001,4360.405,4360.405,4355.405,4355.405,53377,20119.25
1767060000,4348.805,4353.805,4348.805,4353.805,18885,18878.85
1767060000.001,4364.93,4367.7300000000005,4362.7300000000005,4367.7300000000005,44524,20376.85
1767063600,4369.1900000000005,4369.1900000000005,4364.1900000000005,4364.1900000000005,12819,19162
1767063600.001,4356.41,4361.41,4356.41,4361.41,28314,19959.15
1767067200,4370.125,4370.125,4365.125,4365.125,5164,19220.75
1767067200.001,4363.595,4363.925,4358.925,4363.925,43974,20921.2
1767070800,4380.2300000000005,4380.2300000000005,4375.2300000000005,4375.2300000000005,72160,23181.75
1767074400,4360.055,4364.685,4359.685,4359.685,50370,25275.65
1767078000,4359.085,4364.085,4359.085,4364.085,15601,24740.9
1767078000.001,4383.445,4383.445,4378.445,4378.445,15601,25075.85
1767078000.002,4372.42,4373.875,4368.875,4368.875,40687,26665.1
1767081600,4350.49,4355.49,4350.49,4355.49,13562,26285.4
1767081600.001,4365.085,4369.3,4364.3,4369.3,47171,27978.2
1767085200,4376.785,4376.785,4371.785,4371.785,46173,29973.7
1767088800,4368.01,4373.01,4368.01,4373.01,15225,30421.8
1767088800.001,4391.91,4391.91,4386.91,4386.91,15225,29679.5
1767088800.002,4384.88,4389.88,4384.88,4389.88,28480,30706.7
1767092400,4390.535,4390.535,4385.535,4385.535,14240,29857.95
1767092400.001,4381.365,4386.365,4381.365,4386.365,69869,32571.05
1767096000,4402.85,4404.375,4399.375,4399.375,82684,34036.4
1767099600,4376.27,4381.27,4376.27,4381.27,21380,34161.15
1767099600.001,4388.55,4392.34,4387.34,4387.34,70449,35457.4
1767103200,4355.865,4360.865,4355.865,4360.865,23483,35990.6
1767103200.001,4366.11,4371.095,4366.095,4371.095,42497,36699.75
1767106800,4377.54,4377.54,4372.54,4372.54,21248,37503.95
1767106800.001,4359.665,4364.665,4359.665,4364.665,21248,36367.65
1767106800.002,4365.52,4365.52,4360.52,4360.52,51359,35327.6
1767110400,4355.145,4360.145,4355.145,4360.145,25679,34093.05
1767110400.001,4379.955,4382.125,4377.125,4377.125,60989,36362.45
1767114000,4364.27,4369.27,4364.27,4369.27,11769,36170.85
1767114000.001,4370.32,4375.32,4370.32,4375.32,22342,35253.6
1767117600,4378.865,4378.865,4373.865,4373.865,11171,35134.05
1767117600.001,4362.735,4367.735,4362.735,4367.735,32512,34401.1
1767121200,4368.07,4368.07,4363.07,4363.07,10670,32625.95
1767121200.001,4337.29,4342.29,4337.29,4342.29,10670,32398.2
1767121200.002,4348.82,4353.82,4348.82,4353.82,26708,32972.35
1767124800,4355.6900000000005,4355.6900000000005,4350.6900000000005,4350.6900000000005,13353,32216
1767124800.001,4337.955,4342.955,4337.955,4342.955,23152,32661.6
1767128400,4350.665,4350.665,4345.665,4345.665,4899,29413.1
1767128400.001,4334.8,4339.8,4334.8,4339.8,10589,25808.35
1767135600,4341.77,4346.755,4341.755,4341.755,11379,25308.3
1767135600.001,4328.125,4333.125,4328.125,4333.125,5689,22070.3
1767135600.002,4339.12,4339.12,4334.12,4334.12,17568,21774.55
1767139200,4332.765,4337.765,4332.765,4337.765,8783,20088.85
1767139200.001,4346.63,4346.63,4341.63,4341.63,54255,21739.2
1767142800,4336.85,4341.85,4336.85,4341.85,22736,21813.6
1767142800.001,4373.59,4373.59,4368.59,4368.59,22735,20382.4
1767142800.002,4365.995,4370.955,4365.955,4370.955,35716,20884.25
1767146400,4371.425,4371.425,4366.425,4366.425,17857,18727.65
1767146400.001,4346.635,4351.635,4346.635,4351.635,57737,21026.05
1767150000,4359.91,4359.91,4354.91,4354.91,19940,20905.95
1767150000.001,4341.075,4346.075,4341.075,4346.075,19939,21344.35
1767150000.002,4348.66,4351.375,4346.375,4346.375,50931,22265.3
1767153600,4330.6900000000005,4335.6900000000005,4330.6900000000005,4335.6900000000005,50283,24245.95
1767157200,4343.22,4343.22,4338.22,4338.22,16653,24545.1
1767157200.001,4276.685,4281.685,4276.685,4281.685,16652,24042.3
1767157200.002,4285.8150000000005,4286.1050000000005,4281.1050000000005,4281.1050000000005,24937,24621.5
1767160800,4274.025,4279.025,4274.025,4279.025,12468,24087.3
1767160800.001,4329.415,4329.415,4324.415,4324.415,35847,25634.7
1767164400,4323.755,4328.755,4323.755,4328.755,11689,25689.7
1767164400.001,4335.2300000000005,4335.2300000000005,4330.2300000000005,4330.2300000000005,40789,27160.2
1767168000,4303.325,4308.325,4303.325,4308.325,52176,29484.55
1767171600,4337.4800000000005,4337.4800000000005,4332.4800000000005,4332.4800000000005,14158,29314.05
1767171600.001,4325.66,4330.66,4325.66,4330.66,21492,29949.5
1767175200,4331.455,4331.455,4326.455,4326.455,10746,27774.05
1767175200.001,4303.42,4308.42,4303.42,4308.42,42738,28774.15
1767178800,4316.735,4316.735,4311.735,4311.735,10664,28170.6
1767178800.001,4311.26,4311.26,4306.26,4306.26,22287,27499.15
1767182400,4303.255,4308.255,4303.255,4308.255,11143,27163.45
1767182400.001,4318.35,4318.35,4313.35,4313.35,39087,26230.95
1767186000,4308.205,4313.205,4308.205,4313.205,13971,25932.5
1767186000.001,4348.395,4348.395,4343.395,4343.395,53849,27628
1767189600,4332.825,4337.825,4332.825,4337.825,19939,26078.4
1767189600.001,4353.445,4353.445,4348.445,4348.445,19939,24561.2
1767189600.002,4346.03,4346.285,4341.285,4341.285,73896,27423.35
1767193200,4327.005,4332.005,4327.005,4332.005,24631,27822.3
1767193200.001,4337.61,4339.95,4334.95,4334.95,52441,29197.5
1767196800,4317.235,4322.235,4317.235,4322.235,17480,29448.1
1767196800.001,4323.16,4328.16,4323.16,4328.16,24932,28902.35
1767200400,4329.715,4329.715,4324.715,4324.715,12466,28941.2
1767200400.001,4318.33,4323.33,4318.33,4323.33,34391,28621.3
1767204000,4331.78,4331.78,4326.78,4326.78,10962,26560.6
1767204000.001,4315.91,4320.91,4315.91,4320.91,34442,27574.8
1767207600,4323.08,4323.08,4318.08,4318.08,11740,27087.2
1767207600.001,4307.9400000000005,4311.56,4306.56,4306.56,31904,28145.1
1767211200,4304.645,4309.645,4304.645,4309.645,10082,26512.3
1767211200.001,4324.915,4324.915,4319.915,4319.915,10082,26483.2
1767211200.002,4313.575,4313.67,4308.67,4308.67,6828,25710.25
1767214800,4307.465,4312.465,4307.465,4312.465,3414,25323.8
1767214800.001,4322.61,4327.61,4322.61,4327.61,9891,23864
1767308400,4351.665,4351.665,4346.665,4346.665,11517,23741.3
1767312000,4341.61,4346.61,4341.61,4346.61,4678,21282.75
1767312000.001,4355.885,4355.885,4350.885,4350.885,35056,22038.6
1767315600,4344.68,4349.68,4344.68,4349.68,30624,22572.85
1767319200,4363.33,4367.195,4362.195,4367.195,29938,20374.95
1767322800,4375.78,4378.665,4373.665,4373.665,27996,20543.2
1767326400,4371.285,4376.11,4371.11,4376.11,24225,19132.4
1767330000,4381.975,4381.975,4376.975,4376.975,31446,19830.7
1767333600,4373.325,4377.05,4372.05,4377.05,46239,20896.05
1767337200,4383.58,4385.935,4380.935,4385.935,41183,22331.9
1767340800,4397.835,4397.835,4392.835,4392.835,9539,21089.3
1767340800.001,4386.9800000000005,4391.715,4386.715,4386.715,37410,22411.7
1767344400,4383.405,4388.405,4383.405,4388.405,44359,22907.55
1767348000,4398.615,4399.39,4394.39,4394.39,49468,24793.95
1767351600,4390.83,4393.0650000000005,4388.0650000000005,4388.0650000000005,34348,24916.15
1767355200,4385.25,4390.25,4385.25,4390.25,10701,24947.1
1767355200.001,4398.4400000000005,4399.52,4394.52,4399.52,35596,26222.8
1767358800,4402.295,4402.295,4397.295,4397.295,12447,26503.75
1767358800.001,4362.165,4367.165,4362.165,4367.165,50995,28882.8
1767362400,4373.91,4373.91,4368.91,4368.91,19274,29351.95
1767362400.001,4348.1050000000005,4353.1050000000005,4348.1050000000005,4353.1050000000005,19274,29739.8
1767362400.002,4353.74,4357.455,4352.455,4352.455,62378,32624.8
1767366000,4330.475,4335.475,4330.475,4335.475,39488,32846.4
1767369600,4335.545,4337.535,4332.535,4332.535,37392,33184.8
1767369600.001,4315.195,4320.195,4315.195,4320.195,18695,32622.65
1767369600.002,4326.58,4331.535,4326.535,4331.535,21234,32284.55
1767373200,4333.415,4333.415,4328.415,4328.415,10617,31604.15
1767373200.001,4322.88,4323.83,4318.83,4318.83,37251,31894.4
1767376800,4309.915,4314.915,4309.915,4314.915,8878,30026.35
1767376800.001,4315.405,4320.405,4315.405,4320.405,19334,28933.9
1767380400,4326.3550000000005,4326.3550000000005,4321.3550000000005,4321.3550000000005,6444,28779.15
1767380400.001,4318.2,4322.38,4317.38,4322.38,18105,27813.9
1767384000,4331.76,4331.88,4326.88,4331.88,12338,26212.85
1767387600,4333.725,4337.0650000000005,4332.0650000000005,4337.0650000000005,8100,24144.45
1767567600,4356.505,4356.505,4351.505,4351.505,5999,22727
1767567600.001,4349.3550000000005,4354.3550000000005,4349.3550000000005,4354.3550000000005,5999,22491.9
1767567600.002,4375.995,4375.995,4370.995,4370.995,23745,21899.35
1767571200,4370.425,4375.425,4370.425,4375.425,8873,21720.65
1767571200.001,4396.71,4396.71,4391.71,4391.71,56042,21973
1767574800,4391.06,4396.06,4391.06,4396.06,23585,22188.55
1767574800.001,4421.6050000000005,4421.6050000000005,4416.6050000000005,4416.6050000000005,23584,22404.05
1767574800.002,4402.2,4402.2,4397.2,4397.2,37220,21146.15
1767578400,4388.575,4393.575,4388.575,4393.575,18609,20102.2
1767578400.001,4409.505,4410.435,4405.435,4410.435,51323,20798.75
1767582000,4414.165,4414.165,4409.165,4409.165,16357,20681.85
1767582000.001,4399.805,4402.25,4397.25,4402.25,35348,21387.55
1767585600,4408.46,4408.46,4403.46,4403.46,26464,22179.9
1767589200,4401.035,4406.035,4401.035,4406.035,10067,20820.7
1767589200.001,4414.705,4416.5650000000005,4411.5650000000005,4416.5650000000005,43677,22560.65
1767592800,4426.52,4426.52,4421.52,4421.52,11203,22154.1
1767592800.001,4420.650000000001,4421.875,4416.875,4421.875,28458,23254.8
1767596400,4425.14,4425.14,4420.14,4420.14,27718,23735.45
1767600000,4419.31,4424.31,4419.31,4424.31,9116,23574.35
1767600000.001,4434.02,4434.02,4429.02,4429.02,29614,24650.05
1767603600,4426.17,4431.17,4426.17,4431.17,10248,24862.5
1767603600.001,4438.335,4438.335,4433.335,4433.335,22212,25673.15
1767607200,4430.86,4435.86,4430.86,4435.86,5982,24785
1767607200.001,4440.055,4440.055,4435.055,4435.055,35151,26098.9
1767610800,4410.805,4415.805,4410.805,4415.805,9722,23782.9
1767610800.001,4419.265,4421.51,4416.51,4416.51,33860,24296.65
1767614400,4405.52,4409.785,4404.785,4404.785,44890,25361.95
1767618000,4396.485,4401.485,4396.485,4401.485,16802,24341.05
1767618000.001,4418.99,4421.965,4416.965,4421.965,86864,27753.8
1767621600,4442.765,4442.765,4437.765,4437.765,23353,26355.3
1767621600.001,4436.28,4440.56,4435.56,4440.56,60484,28561.65
1767625200,4455.77,4455.77,4450.77,4450.77,20161,27802.3
1767625200.001,4448.5,4453.4800000000005,4448.4800000000005,4453.4800000000005,24143,27686.25
1767628800,4454.415,4454.415,4449.415,4449.415,12071,27786.45
1767628800.001,4438.195,4441.955,4436.955,4436.955,33943,27299.75
1767632400,4432.535,4437.535,4432.535,4437.535,10936,27286.4
1767632400.001,4449.255,4449.255,4444.255,4444.255,10936,26410.3
1767632400.002,4443.615,4444.795,4439.795,4444.795,23020,26175.4
1767636000,4448.6050000000005,4449.45,4444.45,4444.45,26987,27068.95
1767639600,4434.8550000000005,4439.8550000000005,4434.8550000000005,4439.8550000000005,28367,27006.6
1767643200,4447.1050000000005,4448.33,4443.33,4448.33,14410,27214.7
1767646800,4449.54,4454.17,4449.17,4454.17,5091,26358.65
1767654000,4454.8,4459.8,4454.8,4459.8,2725,26195.8
1767654000.001,4460.285,4460.285,4455.285,4455.285,2724,24574.45
1767654000.002,4436.865,4441.865,4436.865,4441.865,13094,24743.05
1767657600,4444.77,4444.77,4439.77,4439.77,5185,23309.3
1767657600.001,4430.28,4435.28,4430.28,4435.28,5184,21324
1767657600.002,4436.75,4436.76,4431.76,4431.76,32288,22098.3
1767661200,4427.635,4432.635,4427.635,4432.635,16144,18562.3
1767661200.001,4452.595,4453.72,4448.72,4453.72,55541,20171.7
1767664800,4461.385,4461.385,4456.385,4456.385,13132,17804.1
1767664800.001,4455.17,4459.385,4454.385,4459.385,26094,18100.75
1767668400,4468.27,4468.67,4463.67,4463.67,30176,18402.4
1767672000,4461.805,4466.805,4461.805,4466.805,7159,18156.8
1767672000.001,4467.57,4472.535,4467.535,4472.535,26646,17791.95
1767675600,4474.265,4474.265,4469.265,4469.265,13322,17911.25
1767675600.001,4449.51,4454.51,4449.51,4454.51,44262,19577.55
1767679200,4467.09,4470.400000000001,4465.400000000001,4465.400000000001,38641,20358.6
1767682800,4457.115,4462.115,4457.115,4462.115,36846,20851.55
1767686400,4475.79,4475.79,4470.79,4470.79,9134,19889.9
1767686400.001,4468.305,4468.46,4463.46,4463.46,32395,20789.15
1767690000,4444.91,4447.665,4442.665,4447.665,39005,22484.85
1767693600,4455.99,4455.99,4450.99,4450.99,26654,23681.3
1767697200,4448.78,4453.78,4448.78,4453.78,8626,23976.4
1767697200.001,4464.705,4464.705,4459.705,4459.705,24606,24552
1767700800,4458.8,4463.8,4458.8,4463.8,7989,24692.2
1767700800.001,4466.5650000000005,4466.5650000000005,4461.5650000000005,4461.5650000000005,42808,26573.4
1767704400,4453.965,4458.965,4453.965,4458.965,17409,25829.45
1767704400.001,4470.63,4470.63,4465.63,4465.63,56516,27848.05
1767708000,4464.405,4469.405,4464.405,4469.405,19553,26048.65
1767708000.001,4489.78,4491.205,4486.205,4486.205,92939,30039
1767711600,4463.13,4468.13,4463.13,4468.13,24461,29957.35
1767711600.001,4478.46,4478.46,4473.46,4473.46,34456,30171.35
1767715200,4471.445,4476.445,4471.445,4476.445,17227,30674.75
1767715200.001,4489.045,4489.045,4484.045,4484.045,36730,31178.95
1767718800,4481.76,4486.76,4481.76,4486.76,9751,31000.4
1767718800.001,4491.650000000001,4494.165,4489.165,4489.165,37018,30638.2
1767722400,4482.165,4487.165,4482.165,4487.165,9089,29160.6
1767722400.001,4488.675,4489.52,4484.52,4484.52,22537,28445.15
1767726000,4477.49,4482.49,4477.49,4482.49,26478,29312.35
1767729600,4496.87,4496.87,4491.87,4491.87,10530,28219.1
1767733200,4491.835,4496.835,4491.835,4496.835,2104,26374.05
1767733200.001,4497.31,4499.635,4494.635,4499.635,8534,25468.05
1767740400,4500.56,4500.56,4495.56,4495.56,3215,25197.5
1767740400.001,4492.305,4494.71,4489.71,4489.71,20691,25001.75
1767744000,4482.36,4487.36,4482.36,4487.36,5825,24893.55
1767744000.001,4492.195,4496.115,4491.115,4491.115,52260,25366.15
1767747600,4460.985,4465.58,4460.58,4460.58,45269,26759.15
1767751200,4459.71,4464.71,4459.71,4464.71,13925,24629.6
1767751200.001,4479.08,4479.08,4474.08,4474.08,38931,25598.5
1767754800,4471.85,4476.85,4471.85,4476.85,12503,21576.7
1767754800.001,4480.52,4480.52,4475.52,4475.52,12503,20978.8
1767754800.002,4474.900000000001,4476.06,4471.06,4471.06,18843,20198.15
1767758400,4463.57,4468.57,4463.57,4468.57,32295,20951.55
1767762000,4470.55,4470.55,4465.55,4465.55,13007,19765.4
1767762000.001,4443.24,4448.24,4443.24,4448.24,13007,19928.2
1767762000.002,4454.38,4459.365,4454.365,4459.365,21528,19153.7
1767765600,4460.415,4460.415,4455.415,4455.415,10763,19237.4
1767765600.001,4441.445,4446.445,4441.445,4446.445,43718,20296.45
1767769200,4465.0650000000005,4465.0650000000005,4460.0650000000005,4460.0650000000005,22708,20107.95
1767772800,4459.53,4464.53,4459.53,4464.53,5862,19874.55
1767772800.001,4474.875,4474.875,4469.875,4469.875,5861,20062.4
1767772800.002,4468.42,4468.7,4463.7,4463.7,25013,20886.35
1767776400,4459.495,4463.895,4458.895,4463.895,27022,22076.7
1767780000,4467.745,4467.745,4462.745,4462.745,31393,22611.8
1767783600,4446.62,4451.62,4446.62,4451.62,32858,23963.45
1767787200,4455.2300000000005,4455.2300000000005,4450.2300000000005,4450.2300000000005,12235,21962.2
1767787200.001,4439.45,4444.45,4439.45,4444.45,12235,20310.5
1767787200.002,4445.045,4445.045,4440.045,4440.045,35992,21413.85
1767790800,4428.015,4433.015,4428.015,4433.015,17996,20367.1
1767790800.001,4453.24,4454.52,4449.52,4449.52,76502,23567.05
1767794400,4435.885,4440.885,4435.885,4440.885,19501,23916.95
1767794400.001,4445.02,4445.02,4440.02,4440.02,39891,24969.35
1767798000,4423.385,4428.385,4423.385,4428.385,19945,24351.85
1767798000.001,4452.485,4452.485,4447.485,4447.485,19945,24698.75
1767798000.002,4446.3,4448.965,4443.965,4448.965,44634,26280.1
1767801600,4468.37,4468.37,4463.37,4463.37,38392,27123.3
1767805200,4449.705,4452.135,4447.135,4452.135,37129,28441.6
1767808800,4459.05,4459.05,4454.05,4454.05,9763,26743.85
1767808800.001,4452.25,4452.255,4447.255,4447.255,16368,26426.85
1767812400,4445.545,4450.545,4445.545,4450.545,8184,26542.95
1767812400.001,4458.24,4461.625,4456.625,4456.625,31579,27828.85
1767816000,4450.725,4454.72,4449.72,4454.72,14219,27289.15
1767819600,4456.835,4461.650000000001,4456.650000000001,4461.650000000001,3674,26121.75
1767826800,4461.955,4463.52,4458.52,4463.52,3068,24705.5
1767826800.001,4464.05,4466.485,4461.485,4461.485,26307,24377.95
1767830400,4446.825,4451.825,4446.825,4451.825,40495,25790.95
1767834000,4460.42,4460.42,4455.42,4455.42,16119,25985.15
1767834000.001,4441.935,4446.935,4441.935,4446.935,16119,24991.5
1767834000.002,4448.400000000001,4449.61,4444.61,4444.61,51806,26682
1767837600,4433.735,4438.735,4433.735,4438.735,17268,23720.3
1767837600.001,4441.36,4446.3550000000005,4441.3550000000005,4446.3550000000005,29406,24215.55
1767841200,4446.5650000000005,4446.5650000000005,4441.5650000000005,4441.5650000000005,14703,22956.15
1767841200.001,4437.49,4440.665,4435.665,4435.665,48290,24373.4
1767844800,4430.235,4432.535,4427.535,4427.535,65019,26627.1
1767848400,4415.405,4420.405,4415.405,4420.405,17940,25292.4
1767848400.001,4425.8150000000005,4425.83,4420.83,4420.83,40920,25418.8
1767852000,4415.745,4420.745,4415.745,4420.745,20460,24585.35
1767852000.001,4437.82,4438.385,4433.385,4438.385,42896,26242
1767855600,4439.765,4439.765,4434.765,4434.765,11218,25984.5
1767855600.001,4428.415,4431.085,4426.085,4426.085,35438,27347.2
1767859200,4419.92,4424.92,4419.92,4424.92,12110,26373.75
1767859200.001,4433.625,4433.625,4428.625,4428.625,37764,27551
1767862800,4426.1,4431.1,4426.1,4431.1,12826,28008.6
1767862800.001,4435.51,4435.51,4430.51,4430.51,30022,29356.3
1767866400,4423.035,4428.035,4423.035,4428.035,8598,28470.85
1767866400.001,4435.035,4435.035,4430.035,4430.035,36775,28284.85
1767870000,4422.275000000001,4422.985,4417.985,4417.985,38880,29422.9
1767873600,4407.835,4412.835,4407.835,4412.835,14744,29354.15
1767873600.001,4431.4400000000005,4432.765,4427.765,4432.765,52266,29377.15
1767877200,4436.205,4436.205,4431.205,4431.205,18760,29451.75
1767877200.001,4417.405,4422.405,4417.405,4422.405,18760,28919.45
1767877200.002,4423.835,4423.925,4418.925,4423.925,70305,31699.55
1767880800,4439.53,4439.53,4434.53,4434.53,23435,30456.8
1767880800.001,4433.175,4433.175,4428.175,4428.175,45062,29458.95
1767884400,4428.04,4433.04,4428.04,4433.04,22531,29688.5
1767884400.001,4456.83,4456.83,4451.83,4451.83,62831,30784.05
1767888000,4447.035,4452.035,4447.035,4452.035,20149,30768.5
1767888000.001,4464.705,4464.705,4459.705,4459.705,36752,30461.3
1767891600,4457.715,4462.715,4457.715,4462.715,8301,30315.45
1767891600.001,4465.745,4465.745,4460.745,4460.745,32592,30173.15
1767895200,4448.0650000000005,4449.715,4444.715,4449.715,31764,31155.85
1767898800,4453,4456.5650000000005,4451.5650000000005,4456.5650000000005,39351,31235.2
1767902400,4478.18,4478.18,4473.18,4473.18,16927,31440.25
1767906000,4472.665,4477.665,4472.665,4477.665,3220,30100.15
1767906000.001,4479.71,4479.735,4474.735,4474.735,10242,30182.35
1767913200,4472.675,4476.81,4471.81,4471.81,20439,29365.55
1767916800,4460.085,4462.89,4457.89,4457.89,35686,29205.85
1767920400,4452.92,4457.92,4452.92,4457.92,14826,29209.95
1767920400.001,4470.0650000000005,4470.7,4465.7,4470.7,46278,28910.55
1767924000,4476.615,4476.615,4471.615,4471.615,10484,28496.75
1767924000.001,4469.54,4470.13,4465.13,4465.13,32595,29188.5
1767927600,4460.49,4465.49,4460.49,4465.49,28029,27074.7
1767931200,4466.97,4466.97,4461.97,4461.97,21265,26966.2
1767934800,4458.295,4463.295,4458.295,4463.295,7772,25101.7
1767934800.001,4471.905,4471.905,4466.905,4466.905,23592,25154.75
1767938400,4466.1,4471.1,4466.1,4471.1,7909,22408.65
1767938400.001,4477.545,4477.545,4472.545,4472.545,25662,22684.3
1767942000,4468.62,4473.62,4468.62,4473.62,22427,21968.05
1767945600,4477.05,4477.05,4472.05,4472.05,8254,21965.7
1767945600.001,4464.2,4469.2,4464.2,4469.2,29086,21790.4
1767949200,4477.7,4477.7,4472.7,4472.7,6943,20549.35
1767949200.001,4471.285,4472.12,4467.12,4472.12,17568,19460.2
1767952800,4474.3,4474.3,4469.3,4469.3,17947,19511.2
1767956400,4468.775000000001,4473.775000000001,4468.775000000001,4473.775000000001,6046,19652.5
1767956400.001,4476.395,4480.495,4475.495,4480.495,21644,20222.6
1767960000,4480.615,4480.615,4475.615,4475.615,7799,19590.6
1767960000.001,4461.045,4466.03,4461.03,4461.03,47696,20191.1
1767963600,4458.935,4463.935,4458.935,4463.935,19949,20447.25
1767963600.001,4492.135,4492.135,4487.135,4487.135,19948,19130.75
1767963600.002,4482.900000000001,4484.135,4479.135,4484.135,73429,22278
1767967200,4498.425,4498.425,4493.425,4493.425,71472,24221.85
1767970800,4490.1,4495.1,4490.1,4495.1,23498,23995.3
1767970800.001,4517.25,4517.25,4512.25,4512.25,73502,26607.15
1767974400,4499.945,4504.945,4499.945,4504.945,16667,27051.9
1767974400.001,4506.505,4511.45,4506.45,4511.45,21256,26935.1
1767978000,4511.8150000000005,4511.8150000000005,4506.8150000000005,4506.8150000000005,10627,27071
1767978000.001,4482.01,4487.01,4482.01,4487.01,35916,27583.7
1767981600,4504.635,4504.635,4499.635,4499.635,8429,26883.8
1767981600.001,4496.205,4497.935,4492.935,4497.935,13142,27128.2
1767985200,4502.05,4502.86,4497.86,4502.86,26938,27020.8
1767988800,4510.24,4510.24,4505.24,4505.24,11095,27228.4
1767992400,4505.075,4510.075,4505.075,4510.075,1787,26439.35
1767992400.001,4511.47,4514.66,4509.66,4514.66,7555,25919.75
1768172400,4521.495,4526.1900000000005,4521.1900000000005,4526.1900000000005,11536,26194.25
1768172400.001,4544.96,4544.96,4539.96,4539.96,39446,27084.35
1768176000,4536.53,4541.53,4536.53,4541.53,16839,27536.35
1768176000.001,4601.695,4601.695,4596.695,4596.695,16839,25993.5
1768176000.002,4589.02,4594.02,4589.02,4594.02,42063,27099.2
1768179600,4595.135,4595.135,4590.135,4590.135,21031,27153.35
1768179600.001,4570.1900000000005,4570.1900000000005,4565.1900000000005,4565.1900000000005,50223,25993.05
1768183200,4561.935,4566.935,4561.935,4566.935,14596,23149.25
1768183200.001,4582.165,4582.165,4577.165,4577.165,56226,24785.65
1768186800,4567.79,4572.22,4567.22,4567.22,50748,23647.95
1768190400,4563.455,4568.455,4563.455,4568.455,12290,23429.1
1768190400.001,4568.74,4571.145,4566.145,4571.145,35631,24147.85
1768194000,4585.17,4585.17,4580.17,4580.17,50640,26148.5
1768197600,4569.88,4574.88,4569.88,4574.88,12921,24998.75
1768197600.001,4578.56,4579.71,4574.71,4579.71,37195,26437.05
1768201200,4589.725,4589.725,4584.725,4584.725,38236,27691.75
1768204800,4579.535,4584.535,4579.535,4584.535,12918,26990.75
1768204800.001,4598.45,4599.475,4594.475,4594.475,52815,29076.75
1768208400,4587.84,4591.12,4586.12,4591.12,39393,30957.05
1768212000,4595.505,4595.505,4590.505,4590.505,33577,32258.15
1768215600,4581.75,4585.365,4580.365,4580.365,33679,33365.3
1768219200,4578.485,4583.485,4578.485,4583.485,12693,32027.65
1768219200.001,4590.84,4593.715,4588.715,4593.715,69113,34641.35
1768222800,4620.38,4620.38,4615.38,4615.38,96229,38610.85
1768226400,4585.07,4590.07,4585.07,4590.07,25807,37798.05
1768226400.001,4602.245,4606.905,4601.905,4606.905,58655,39679.25
1768230000,4627.61,4627.61,4622.61,4622.61,19551,38145.65
1768230000.001,4621.22,4626.075,4621.075,4626.075,28631,38847.4
1768233600,4630.1900000000005,4630.1900000000005,4625.1900000000005,4625.1900000000005,14315,36751.85
1768233600.001,4607.835,4612.835,4607.835,4612.835,14315,34930.2
1768233600.002,4616.93,4620.655,4615.655,4615.655,26020,35616.7
1768237200,4610.795,4615.795,4610.795,4615.795,8673,34268.8
1768237200.001,4616.415,4618.68,4613.68,4613.68,28189,33146.25
1768240800,4600.345,4605.345,4600.345,4605.345,9396,32970
1768240800.001,4610.91,4613.785,4608.785,4613.785,20236,32122.05
1768244400,4618.985,4618.985,4613.985,4613.985,6745,30547.5
1768244400.001,4611.24,4611.795,4606.795,4606.795,33030,31553.1
1768248000,4591.66,4594.415,4589.415,4594.415,22012,30012.95
1768251600,4598.06,4598.06,4593.06,4593.06,17639,28925.25
1768258800,4578.095,4583.095,4578.095,4583.095,6986,27595.7
1768258800.001,4600,4600,4595,4595,24815,27152.5
1768262400,4584.505,4589.505,4584.505,4589.505,44143,28725
1768266000,4595.955,4595.955,4590.955,4590.955,19100,26224.35
1768266000.001,4575.585,4580.585,4575.585,4580.585,70668,24946.3
1768269600,4595.195,4599.335,4594.335,4599.335,37680,25539.95
1768273200,4599.845,4599.845,4594.845,4594.845,10245,23119.45
1768273200.001,4592.585,4597.585,4592.585,4597.585,33675,23825.65
1768276800,4599.885,4601.405,4596.405,4601.405,30820,23935.1
1768280400,4602.195,4602.195,4597.195,4597.195,11505,23794.6
1768280400.001,4585.765,4590.765,4585.765,4590.765,11505,23654.1
1768280400.002,4592.225,4592.4800000000005,4587.4800000000005,4587.4800000000005,44379,24572.05
1768284000,4573.6050000000005,4578.6050000000005,4573.6050000000005,4578.6050000000005,14793,24878.05
1768284000.001,4581.955,4586.895,4581.895,4586.895,14891,24213.15
1768287600,4587.275000000001,4587.275000000001,4582.275000000001,4582.275000000001,7445,24115.6
1768287600.001,4577.54,4582.54,4577.54,4582.54,35072,24857.4
1768291200,4597.095,4597.095,4592.095,4592.095,30877,26064
1768294800,4585.695,4586.155,4581.155,4581.155,19093,25367.15
1768298400,4580.400000000001,4585.400000000001,4580.400000000001,4585.400000000001,5935,24563.3
1768298400.001,4588.37,4588.37,4583.37,4583.37,18043,24583.5
1768302000,4582.13,4587.13,4582.13,4587.13,6054,24536.9
1768302000.001,4592.18,4592.18,4587.18,4587.18,21351,24363.7
1768305600,4577.925,4582.925,4577.925,4582.925,7648,22538.95
1768305600.001,4595.39,4595.51,4590.51,4595.51,67333,24950.6
1768309200,4621.03,4621.03,4616.03,4616.03,19894,22411.9
1768309200.001,4611.56,4614.155,4609.155,4614.155,64735,23764.65
1768312800,4634.89,4634.89,4629.89,4629.89,21578,24331.3
1768312800.001,4629.8,4630.365,4625.365,4625.365,79371,26616.1
1768316400,4600.83,4605.83,4600.83,4605.83,26456,26397.9
1768316400.001,4619.165,4620.875,4615.875,4615.875,52131,28429.2
1768320000,4592.9400000000005,4597.9400000000005,4592.9400000000005,4597.9400000000005,17376,28722.75
1768320000.001,4613.5650000000005,4616.09,4611.09,4611.09,33810,28194.3
1768323600,4586.825,4590.595,4585.595,4585.595,37212,29315.25
1768327200,4581.175,4586.175,4581.175,4586.175,12970,29219.2
1768327200.001,4602.09,4602.09,4597.09,4597.09,12970,29495.45
1768327200.002,4594.155,4594.22,4589.22,4589.22,16250,28554.35
1768330800,4584.29,4589.29,4584.29,4589.29,8125,27416.75
1768330800.001,4598.99,4598.99,4593.99,4593.99,42529,28588.55
1768334400,4569.47,4574.47,4569.47,4574.47,11468,28865.2
1768334400.001,4586.195,4589.935,4584.935,4584.935,7932,28359.65
1768338000,4582.975,4587.975,4582.975,4587.975,6140,28363.95
1768345200,4591.935,4596.495,4591.495,4596.495,6992,27646
1768345200.001,4598.965,4602.005,4597.005,4602.005,26757,28601.45
1768348800,4610.755,4611.18,4606.18,4611.18,56067,28038.15
1768352400,4620.03,4620.03,4615.03,4615.03,37350,28910.95
1768356000,4614.22,4619.22,4614.22,4619.22,10623,26205.35
1768356000.001,4623.79,4623.79,4618.79,4618.79,24261,26339.5
1768359600,4613.51,4618.51,4613.51,4618.51,6819,22711.9
1768359600.001,4630.3550000000005,4630.3550000000005,4625.3550000000005,4625.3550000000005,20145,22396.35
1768363200,4625.35,4630.35,4625.35,4630.35,6663,20122.95
1768363200.001,4630.63,4634.42,4629.42,4634.42,30200,20764.15
1768366800,4639.89,4639.89,4634.89,4634.89,11768,19662.05
1768366800.001,4617.945,4622.945,4617.945,4622.945,53297,20466.3
1768370400,4637.36,4639.695,4634.695,4634.695,32489,21442.25
1768374000,4631.645,4632.4800000000005,4627.4800000000005,4627.4800000000005,23723,21979.9
1768377600,4621.650000000001,4626.650000000001,4621.650000000001,4626.650000000001,8753,21605.05
1768377600.001,4638.025000000001,4639.63,4634.63,4634.63,30446,22721.1
1768381200,4627.08,4632.08,4627.08,4632.08,25465,21867.9
1768384800,4638.33,4638.33,4633.33,4633.33,6077,21598.35
1768384800.001,4633.095,4637.58,4632.58,4632.58,22442,22323.85
1768388400,4626.175,4631.175,4626.175,4631.175,37048,23869.25
1768392000,4641.985,4641.985,4636.985,4636.985,66258,26832.55
1768395600,4624.305,4629.305,4624.305,4629.305,18801,26434.75
1768395600.001,4635.805,4639.07,4634.07,4634.07,70352,27149
1768399200,4607.02,4612.02,4607.02,4612.02,23450,26454
1768399200.001,4617.52,4617.52,4612.52,4612.52,51166,28481.15
1768402800,4599.5,4604.5,4599.5,4604.5,25582,28547.2
1768402800.001,4626.61,4626.61,4621.61,4621.61,25582,29485.35
1768402800.002,4618.025000000001,4623.025000000001,4618.025000000001,4623.025000000001,40967,30526.45
1768406400,4624.935,4624.935,4619.935,4619.935,20483,31217.45
1768406400.001,4608.755,4613.755,4608.755,4613.755,20483,30731.6
1768406400.002,4617.14,4619.25,4614.25,4614.25,48360,32561.2
1768410000,4601.22,4606.22,4601.22,4606.22,16120,30702.35
1768410000.001,4614.400000000001,4617.905,4612.905,4617.905,36246,30890.2
1768413600,4637.375,4638.3550000000005,4633.3550000000005,4638.3550000000005,48298,32118.95
1768417200,4642.97,4642.97,4637.97,4637.97,53839,34373.25
1768420800,4625.515,4630.515,4625.515,4630.515,13922,33547.05
1768420800.001,4632.63,4633.05,4628.05,4628.05,13166,32932.1
1768424400,4617.89,4622.89,4617.89,4622.89,4388,32847.65
1768424400.001,4626.575,4626.575,4621.575,4621.575,21222,32786.65
1768431600,4602.88,4607.88,4602.88,4607.88,7073,31287.9
1768431600.001,4615.325,4618.26,4613.26,4613.26,19095,28929.75
1768435200,4610.225,4615.225,4610.225,4615.225,6364,28307.9
1768435200.001,4615.235,4617.54,4612.54,4612.54,76686,28624.6
1768438800,4583.5650000000005,4588.5650000000005,4583.5650000000005,4588.5650000000005,25562,28730.2
1768438800.001,4600.17,4600.59,4595.59,4600.59,56377,28990.75
1768442400,4614.86,4614.86,4609.86,4609.86,18792,28651.25
1768442400.001,4602.96,4604.38,4599.38,4599.38,51821,29963.2
1768446000,4581.0650000000005,4586.0650000000005,4581.0650000000005,4586.0650000000005,17273,28778.5
1768446000.001,4592.27,4592.27,4587.27,4587.27,18572,28682.95
1768449600,4587.13,4592.13,4587.13,4592.13,9286,28123.1
1768449600.001,4597.555,4597.555,4592.555,4592.555,9285,26169.35
1768449600.002,4592.35,4592.38,4587.38,4587.38,23106,26518.65
1768453200,4581.095,4586.095,4581.095,4586.095,11553,25284
1768453200.001,4599.01,4599.01,4594.01,4594.01,34663,24602.25
1768456800,4593.635,4598.635,4593.635,4598.635,11555,22488.05
1768456800.001,4612.14,4613.645,4608.645,4608.645,40188,23801.35
1768460400,4599.22,4602.865,4597.865,4602.865,42904,25288.25
1768464000,4607.34,4607.34,4602.34,4602.34,32985,26718.1
1768467600,4600.76,4605.76,4600.76,4605.76,10932,26203.6
1768467600.001,4613.2,4614.445,4609.445,4614.445,38993,27799.6
1768471200,4620.645,4623.11,4618.11,4618.11,30787,28384.2
1768474800,4615.705,4620.705,4615.705,4620.705,27682,29450.1
1768478400,4620.89,4620.89,4615.89,4615.89,10269,26129.25
1768478400.001,4611.77,4616.32,4611.32,4611.32,81087,28905.5
1768482000,4581.625,4586.625,4581.625,4586.625,23606,27266.95
1768482000.001,4588.325,4588.34,4583.34,4583.34,44344,28544.55
1768485600,4583.22,4588.22,4583.22,4588.22,22172,27062.1
1768485600.001,4615.2300000000005,4615.2300000000005,4610.2300000000005,4610.2300000000005,63275,29362.2
1768489200,4603.8550000000005,4608.8550000000005,4603.8550000000005,4608.8550000000005,20552,29461.2
1768489200.001,4618.25,4620.53,4615.53,4620.53,56698,31831.8
1768492800,4625.015,4625.015,4620.015,4620.015,18073,32271.2
1768492800.001,4601.21,4606.21,4601.21,4606.21,37573,32994.55
1768496400,4617.01,4618.4800000000005,4613.4800000000005,4618.4800000000005,29491,33891.45
1768500000,4621.275000000001,4621.72,4616.72,4616.72,23783,33347.45
1768503600,4612.82,4616.425,4611.425,4611.425,35219,34530.65
1768507200,4600.71,4605.71,4600.71,4605.71,9948,33018.65
1768507200.001,4605.92,4609.5,4604.5,4609.5,7875,31267.2
1768510800,4616.615,4620.975,4615.975,4615.975,14571,30346.5
1768518000,4606.41,4611.32,4606.32,4606.32,30664,31333.1
1768521600,4598.52,4600.025000000001,4595.025000000001,4595.025000000001,40133,31390.1
1768525200,4593.78,4598.78,4593.78,4598.78,15619,30631.7
1768525200.001,4608.655,4608.655,4603.655,4603.655,15619,30028.55
1768525200.002,4600.62,4604.43,4599.43,4599.43,40447,31537.45
1768528800,4591.37,4596.37,4591.37,4596.37,39414,29453.8
1768532400,4599.900000000001,4601.14,4596.14,4601.14,22180,29382.5
1768536000,4602.175,4602.175,4597.175,4597.175,20710,28200.8
1768539600,4595.36,4600.36,4595.36,4600.36,8099,27497.15
1768539600.001,4616.3150000000005,4616.3150000000005,4611.3150000000005,4611.3150000000005,41406,26403.7
1768543200,4594.095,4599.095,4594.095,4599.095,32840,27018.1
1768546800,4612.245,4612.245,4607.245,4607.245,26664,25516.4
1768550400,4601.31,4606.31,4601.31,4606.31,16457,25435.6
1768554000,4608.695,4608.695,4603.695,4603.695,4992,23806.55
1768554000.001,4598.925,4603.925,4598.925,4603.925,14643,23064.15
1768557600,4611.215,4611.215,4606.215,4606.215,4826,22116.3
1768557600.001,4599.79,4603.6,4598.6,4603.6,24490,21579.85
1768561200,4616.33,4616.33,4611.33,4611.33,25087,22336.8
1768564800,4597.41,4602.01,4597.01,4597.01,40672,23976.65
1768568400,4582.67,4587.67,4582.67,4587.67,17247,24110.45
1768568400.001,4605.77,4605.77,4600.77,4600.77,49087,25031.6
1768572000,4596.135,4601.135,4596.135,4601.135,15920,23820.95
1768572000.001,4614.83,4614.83,4609.83,4609.83,15920,23836
1768572000.002,4607.725,4612.675,4607.675,4612.675,57252,25917.65
1768575600,4620.39,4620.39,4615.39,4615.39,28626,25326.6
1768575600.001,4536.49,4541.49,4536.49,4541.49,28626,24787.2
1768575600.002,4571.31,4572.795,4567.795,4572.795,59198,26638.1
1768579200,4599.2,4599.2,4594.2,4594.2,19732,26589.2
1768579200.001,4591.45,4593.34,4588.34,4588.34,32133,27790.9
1768582800,4576.705,4581.705,4576.705,4581.705,38612,27651.2
1768586400,4596.2,4596.2,4591.2,4591.2,9300,26474.2
1768586400.001,4582.745,4585.97,4580.97,4585.97,20861,26184.05
1768590000,4592.475,4595.54,4590.54,4595.54,21833,26452.85
1768593600,4595.865,4595.865,4590.865,4590.865,7440,26575.25
1768593600.001,4580.78,4585.78,4580.78,4585.78,16416,26663.9
1768597200,4598.64,4601.32,4596.32,4601.32,12187,27031.95
1768777200,4649.78,4651.135,4646.135,4651.135,18389,26726.9
1768777200.001,4690.9400000000005,4690.9400000000005,4685.9400000000005,4685.9400000000005,9194,25932.25
1768777200.002,4672.975,4672.975,4667.975,4667.975,20072,24902.25
1768780800,4660.89,4665.89,4660.89,4665.89,10035,24541.65
1768780800.001,4682.145,4682.145,4677.145,4677.145,10035,22589.05
1768780800.002,4675.52,4678.685,4673.685,4673.685,51452,24365.65
1768784400,4656.1900000000005,4658.225,4653.225,4658.225,53860,26262.65
1768788000,4665.26,4667.59,4662.59,4667.59,30710,24935.55
1768791600,4670.015,4670.015,4665.015,4665.015,9237,23966.1
1768791600.001,4658.2300000000005,4663.205,4658.205,4663.205,20479,23558.75
1768795200,4666.150000000001,4668.195,4663.195,4668.195,21600,21678.85
1768798800,4674.4800000000005,4674.4800000000005,4669.4800000000005,4669.4800000000005,19111,21647.8
1768802400,4666.79,4671.79,4666.79,4671.79,6579,20370.1
1768802400.001,4679.11,4679.11,4674.11,4674.11,28589,19868.95
1768806000,4661.935,4666.935,4661.935,4666.935,23849,20596.4
1768809600,4674.03,4674.03,4669.03,4669.03,8256,19966.15
1768809600.001,4661.725,4666.725,4661.725,4666.725,30291,20389.05
1768813200,4672.99,4672.99,4667.99,4667.99,24379,21236
1768816800,4661.34,4666.34,4661.34,4666.34,18822,21356.3
1768820400,4667.665,4667.665,4662.665,4662.665,6571,21075.5
1768820400.001,4659.7300000000005,4664.7300000000005,4659.7300000000005,4664.7300000000005,26731,21492.6
1768824000,4673.795,4673.85,4668.85,4668.85,32589,22662.35
1768827600,4664.535,4666.55,4661.55,4666.55,29611,23139.3
1768831200,4670.52,4670.52,4665.52,4665.52,18545,23564.8
1768834800,4664.35,4669.35,4664.35,4669.35,5775,23351.8
1768834800.001,4676.28,4676.28,4671.28,4671.28,17706,21664.5
1768838400,4670.485,4674.17,4669.17,4674.17,14749,19708.95
1768842000,4678.95,4678.95,4673.95,4673.95,11448,18745.85
1768845600,4673.78,4678.78,4673.78,4678.78,3929,18480.45
1768845600.001,4680.405,4680.405,4675.405,4675.405,9989,17955.95
1768849200,4667.115,4672.115,4667.115,4672.115,7058,17228.85
1768863600,4672.345,4672.345,4667.345,4667.345,2518,16399.2
1768863600.001,4664.37,4668.07,4663.07,4663.07,14680,16804.25
1768867200,4659.395,4664.395,4659.395,4664.395,27928,16771.2
1768870800,4676.235,4676.235,4671.235,4671.235,7957,15976.6
1768870800.001,4669.805,4674.74,4669.74,4674.74,20064,16567
1768874400,4674.9400000000005,4674.9400000000005,4669.9400000000005,4669.9400000000005,10032,15554.05
1768874400.001,4665.545,4670.545,4665.545,4670.545,34956,16082.9
1768878000,4681.57,4684.755,4679.755,4684.755,24304,16357
1768881600,4697.225,4699.3150000000005,4694.3150000000005,4699.3150000000005,31587,17607.8
1768885200,4716.745,4717.265,4712.265,4712.265,39257,18234.1
1768888800,4705.74,4710.74,4705.74,4710.74,10168,17113.05
1768888800.001,4712.585,4716.46,4711.46,4716.46,21486,16706.8
1768892400,4722.845,4722.845,4717.845,4717.845,7161,16137.6
1768892400.001,4716.22,4720.035,4715.035,4720.035,26541,17175.9
1768896000,4731.71,4731.71,4726.71,4726.71,23931,17487.15
1768899600,4721.3150000000005,4726.3150000000005,4721.3150000000005,4726.3150000000005,7542,17126.8
1768899600.001,4737.57,4737.57,4732.57,4732.57,7542,16931.5
1768899600.002,4732.51,4735.095,4730.095,4730.095,21186,17794.35
1768903200,4723.075,4726.64,4721.64,4726.64,26398,18614.8
1768906800,4735.465,4735.465,4730.465,4730.465,26961,19609.95
1768910400,4724.08,4727.64,4722.64,4722.64,39903,21479.2
1768914000,4715.035,4720.035,4715.035,4720.035,16532,21571.8
1768914000.001,4738.54,4738.54,4733.54,4733.54,62135,23282.15
1768917600,4728.63,4733.63,4728.63,4733.63,22801,24024.35
1768917600.001,4751.37,4751.37,4746.37,4746.37,22801,24161.2
1768917600.002,4741.265,4745.945,4740.945,4745.945,43656,25842.4
1768921200,4748.765,4748.765,4743.765,4743.765,21828,25186
1768921200.001,4722.51,4727.51,4722.51,4727.51,21827,25062.15
1768921200.002,4737.675,4737.675,4732.675,4732.675,26951,24830.35
1768924800,4728.945,4733.945,4728.945,4733.945,13475,23541.25
1768924800.001,4757.81,4757.81,4752.81,4752.81,30662,24565.95
1768928400,4746.12,4751.12,4746.12,4751.12,8593,23921.3
1768928400.001,4762.47,4762.47,4757.47,4757.47,24631,24794.8
1768932000,4752.785,4757.785,4752.785,4757.785,8018,23868.65
1768932000.001,4766.29,4766.29,4761.29,4761.29,8018,23073
1768932000.002,4759.41,4761.57,4756.57,4761.57,17956,23593.7
1768935600,4766.400000000001,4766.400000000001,4761.400000000001,4761.400000000001,5985,23515.85
1768935600.001,4760.8550000000005,4761.31,4756.31,4756.31,26562,23784.65
1768939200,4747.36,4752.36,4747.36,4752.36,8853,22907.4
1768939200.001,4756.7300000000005,4761.405,4756.405,4761.405,7149,21916.8
1768942800,4763.945,4763.945,4758.945,4758.945,9649,20404.1
1768950000,4757.885,4762.885,4757.885,4762.885,3633,19759.15
1768950000.001,4781.285,4781.285,4776.285,4776.285,3632,16834
1768950000.002,4775.99,4775.99,4770.99,4770.99,12202,16304.05
1768953600,4770.6,4775.6,4770.6,4775.6,6100,15469
1768953600.001,4787.805,4788.495,4783.495,4788.495,57434,16157.9
1768957200,4844.29,4844.29,4839.29,4839.29,17111,15922.05
1768957200.001,4835.49,4835.49,4830.49,4830.49,26448,16153.1
1768960800,4817.24,4822.24,4817.24,4822.24,13224,15466.75
1768960800.001,4842.215,4842.215,4837.215,4837.215,13223,15454.15
1768960800.002,4836.7300000000005,4836.76,4831.76,4831.76,21356,14988.85
1768964400,4826.975,4831.975,4826.975,4831.975,10677,15093.05
1768964400.001,4849.84,4849.84,4844.84,4844.84,29195,15321.25
1768968000,4837.93,4842.93,4837.93,4842.93,9258,15383.25
1768968000.001,4870.885,4870.885,4865.885,4865.885,19588,15961.75
1768971600,4865.87,4865.87,4860.87,4860.87,10329,15580.4
1768971600.001,4859.05,4864.05,4859.05,4864.05,10329,15797.6
1768971600.002,4878.25,4878.25,4873.25,4873.25,10329,14985.95
1768971600.003,4870.025000000001,4875.025000000001,4870.025000000001,4875.025000000001,26391,15862.85
1768975200,4888.545,4888.545,4883.545,4883.545,13195,16165.15
1768975200.001,4845.505,4847.56,4842.56,4842.56,34662,17415.8
1768978800,4832.725,4837.725,4832.725,4837.725,10733,17770.8
1768978800.001,4857.275000000001,4860.475,4855.475,4860.475,26131,18895.75
1768982400,4869.650000000001,4869.650000000001,4864.650000000001,4864.650000000001,7699,18670.6
1768982400.001,4851.625,4856.625,4851.625,4856.625,32679,19999.55
1768986000,4877.335,4877.335,4872.335,4872.335,8326,17544.15
1768986000.001,4860.415,4864.625,4859.625,4864.625,19899,17683.55
1768989600,4866.93,4866.93,4861.93,4861.93,17008,17211.55
1768993200,4855.1900000000005,4860.1900000000005,4855.1900000000005,4860.1900000000005,5188,16809.75
1768993200.001,4871.6050000000005,4871.6050000000005,4866.6050000000005,4866.6050000000005,28314,17564.3
1768996800,4855.52,4860.52,4855.52,4860.52,7709,16881.95
1768996800.001,4865.195,4865.195,4860.195,4860.195,27158,17706
1769000400,4858.485,4863.485,4858.485,4863.485,13578,16925.15
1769000400.001,4880.415,4880.935,4875.935,4875.935,91323,21028.4
1769004000,4839.395,4844.395,4839.395,4844.395,25914,21344.7
1769004000.001,4852.14,4856.895,4851.895,4856.895,55246,23590.55
1769007600,4868.83,4868.83,4863.83,4863.83,27622,24455.2
1769007600.001,4813.3550000000005,4818.3550000000005,4813.3550000000005,4818.3550000000005,27622,25319.85
1769007600.002,4847.88,4852.88,4847.88,4852.88,42762,26138.4
1769011200,4855.8,4855.8,4850.8,4850.8,21380,26547.65
1769011200.001,4819.695,4824.695,4819.695,4824.695,21380,25883.55
1769011200.002,4833.63,4834.495,4829.495,4829.495,60138,28353.8
1769014800,4802.62,4807.62,4802.62,4807.62,20045,28049.5
1769014800.001,4826.4800000000005,4826.4800000000005,4821.4800000000005,4821.4800000000005,27450,29037.05
1769018400,4819.925,4824.925,4819.925,4824.925,13725,28089.35
1769018400.001,4850.7,4854.165,4849.165,4849.165,91385,32242.3
1769022000,4755.075,4760.075,4755.075,4760.075,25886,32541.65
1769022000.001,4781.57,4781.57,4776.57,4776.57,42920,33837.25
1769025600,4772.395,4777.395,4772.395,4777.395,21460,34650.85
1769025600.001,4828.14,4828.14,4823.14,4823.14,32011,34835.7
1769029200,4813.235,4818.235,4813.235,4818.235,5275,34714
1769029200.001,4839.900000000001,4839.900000000001,4834.900000000001,4834.900000000001,5275,33619.85
1769029200.002,4831.38,4831.38,4826.38,4826.38,6671,33274.5
1769036400,4816.795,4821.3,4816.3,4816.3,13342,29375.45
1769036400.001,4777.63,4782.63,4777.63,4782.63,34942,29826.85
1769040000,4798.915,4802.95,4797.95,4802.95,40339,29081.5
1769043600,4809.875,4809.875,4804.875,4804.875,15458,28473.3
1769043600.001,4772.27,4777.27,4772.27,4777.27,15458,27865.1
1769043600.002,4797.935,4798.485,4793.485,4793.485,35778,27515.9
1769047200,4774.61,4779.61,4774.61,4779.61,11926,27043.2
1769047200.001,4789.29,4789.3150000000005,4784.3150000000005,4789.3150000000005,31134,27530.9
1769050800,4797.14,4798.905,4793.905,4798.905,30865,26067.25
1769054400,4800.52,4800.52,4795.52,4795.52,22557,26192.85
1769058000,4793.705,4798.705,4793.705,4798.705,7864,25213.55
1769058000.001,4821.775000000001,4821.775000000001,4816.775000000001,4816.775000000001,23208,25687.7
1769061600,4816.49,4821.49,4816.49,4821.49,7672,21502.05
1769061600.001,4829.28,4830.75,4825.75,4830.75,27090,21562.25
1769065200,4839.71,4839.71,4834.71,4834.71,6472,19739.85
1769065200.001,4832.72,4835.6900000000005,4830.6900000000005,4830.6900000000005,26189,19976.3
1769068800,4822.185,4827.185,4822.185,4827.185,8729,18812.2
1769068800.001,4830.72,4835.72,4830.72,4835.72,16944,19395.65
1769072400,4838.095,4838.095,4833.095,4833.095,8472,19555.5
1769072400.001,4813.96,4818.96,4813.96,4818.96,8471,19645.5
1769072400.002,4823.185,4824.47,4819.47,4824.47,15696,19763.2
1769076000,4831.97,4831.97,4826.97,4826.97,18479,18940.05
1769079600,4824.46,4829.46,4824.46,4829.46,6623,17254.25
1769079600.001,4836.43,4836.43,4831.43,4831.43,6623,16812.5
1769079600.002,4831.1900000000005,4832.62,4827.62,4827.62,19964,17037.8
1769083200,4818.785,4819.685,4814.685,4814.685,35288,17013.3
1769086800,4810.74,4815.74,4810.74,4815.74,14316,17132.8
1769086800.001,4835.46,4835.46,4830.46,4830.46,14316,16291.9
1769086800.002,4822.29,4825.49,4820.49,4825.49,53836,17440.45
1769090400,4847.845,4847.845,4842.845,4842.845,17945,17209.85
1769090400.001,4835.135,4835.195,4830.195,4830.195,38202,18726.75
1769094000,4825.865,4830.865,4825.865,4830.865,19101,18521.4
1769094000.001,4873.91,4873.91,4868.91,4868.91,46168,20446.2
1769097600,4868.085,4873.085,4868.085,4873.085,13533,19768.35
1769097600.001,4885.46,4885.46,4880.46,4880.46,13533,20121.4
1769097600.002,4878.075,4878.11,4873.11,4873.11,25887,20106.3
1769101200,4869.58,4874.58,4869.58,4874.58,12943,20317
1769101200.001,4906.47,4906.47,4901.47,4901.47,33773,21158.45
1769104800,4901.375,4906.375,4901.375,4906.375,10415,21255.6
1769104800.001,4919.59,4921.025000000001,4916.025000000001,4921.025000000001,28441,22254.1
1769108400,4924.525000000001,4924.525000000001,4919.525000000001,4919.525000000001,9012,21919.9
1769108400.001,4905.985,4910.985,4905.985,4910.985,9012,21446.55
1769108400.002,4911.74,4916.505,4911.505,4916.505,29321,22581.45
1769112000,4928.54,4928.54,4923.54,4923.54,9773,22738.95
1769112000.001,4917.07,4919.68,4914.68,4919.68,12975,22389.5
1769115600,4940.885,4941.075,4936.075,4941.075,11318,21191
1769122800,4952.295,4952.295,4947.295,4947.295,6994,20824.9
1769122800.001,4930.84,4935.84,4930.84,4935.84,6994,20458.8
1769122800.002,4960.67,4960.67,4955.67,4955.67,20053,18769.65
1769126400,4947.58,4952.58,4947.58,4952.58,6530,18198.9
1769126400.001,4965.985,4967.52,4962.52,4962.52,48924,18735
1769130000,4936.06,4941.06,4936.06,4941.06,14131,18486.5
1769130000.001,4953.995,4953.995,4948.995,4948.995,13858,16871
1769133600,4946.925,4951.925,4946.925,4951.925,6929,16540.8
1769133600.001,4962.47,4962.47,4957.47,4957.47,6928,16210.55
1769133600.002,4955.615,4959.24,4954.24,4954.24,15636,15698
1769137200,4938.1,4943.1,4938.1,4943.1,5211,15311.4
1769137200.001,4952.075,4955.26,4950.26,4955.26,6362,13940.85
1769140800,4958.585,4959.615,4954.615,4959.615,13154,14077.8
1769144400,4967.28,4967.28,4962.28,4962.28,3677,12839.6
1769144400.001,4960.64,4963.27,4958.27,4958.27,24219,13599.95
1769148000,4945.575,4950.575,4945.575,4950.575,8073,13553
1769148000.001,4953.965,4958.965,4953.965,4958.965,13288,12751.35
1769151600,4959.715,4959.715,4954.715,4954.715,6643,12594.85
1769151600.001,4943.235,4947.825,4942.825,4942.825,42676,14079.9
1769155200,4900.900000000001,4905.900000000001,4900.900000000001,4905.900000000001,12010,14114.5
1769155200.001,4913.88,4913.88,4908.88,4908.88,19716,14750.6
1769158800,4899.795,4904.795,4899.795,4904.795,9858,14893.8
1769158800.001,4921.72,4921.72,4916.72,4916.72,26557,15219
1769162400,4915.7,4920.7,4915.7,4920.7,8349,15309.95
1769162400.001,4932.56,4932.56,4927.56,4927.56,29783,14352.9
1769166000,4912.07,4917.07,4912.07,4917.07,7144,14003.55
1769166000.001,4922.875,4923.49,4918.49,4923.49,28256,14723.45
1769169600,4942.6,4944.42,4939.42,4944.42,46738,16713.9
1769173200,4947.9800000000005,4947.9800000000005,4942.9800000000005,4942.9800000000005,18659,17300.45
1769173200.001,4923.77,4928.77,4923.77,4928.77,18659,17451.6
1769173200.002,4939.18,4939.195,4934.195,4934.195,34501,18916.1
1769176800,4932.89,4937.89,4932.89,4937.89,17250,19460.5
1769176800.001,4956.645,4956.645,4951.645,4951.645,17250,19665.3
1769176800.002,4943.76,4943.76,4938.76,4938.76,36462,21304.55
1769180400,4938.405,4943.405,4938.405,4943.405,18231,21005.15
1769180400.001,4963.475,4964.155,4959.155,4964.155,64227,23812.85
1769184000,4988.4400000000005,4988.4400000000005,4983.4400000000005,4983.4400000000005,15332,23915.05
1769184000.001,4980.43,4985.43,4980.43,4985.43,24062,24786
1769187600,4988.16,4988.16,4983.16,4983.16,12031,23253.75
1769187600.001,4962.005,4965.995,4960.995,4960.995,36773,24491.9
1769191200,4958.345,4963.345,4958.345,4963.345,12370,24124.6
1769191200.001,4984.205,4984.205,4979.205,4979.205,12370,24250.2
1769191200.002,4966.85,4971.85,4966.85,4971.85,23560,24100.35
1769194800,4989.88,4989.88,4984.88,4984.88,7853,24075.55
1769194800.001,4984.14,4985.72,4980.72,4980.72,28908,24031.8
1769198400,4970.59,4975.59,4970.59,4975.59,9635,24156.35
1769198400.001,4981.055,4983.185,4978.185,4983.185,10128,23249.95
1769202000,4990.12,4992.545,4987.545,4992.545,14419,21634
1769382000,5015.63,5015.63,5010.63,5010.63,11043,21253.2
1769382000.001,5003.705,5008.705,5003.705,5008.705,11042,20872.35
1769382000.002,5040.55,5040.55,5035.55,5035.55,30922,20693.4
1769385600,5030.83,5035.83,5030.83,5035.83,9940,20327.9
1769385600.001,5052.26,5052.26,5047.26,5047.26,9940,19962.4
1769385600.002,5041.89,5041.905,5036.905,5036.905,40688,20173.7
1769389200,5028.96,5033.96,5028.96,5033.96,20343,20279.3
1769389200.001,5085.665,5085.665,5080.665,5080.665,20343,18085.1
1769389200.002,5071.115,5071.925,5066.925,5071.925,51050,19871
1769392800,5092.975,5092.975,5087.975,5087.975,17016,19518.7
1769392800.001,5081.05,5086.05,5081.05,5086.05,28006,20317.45
1769396400,5087.93,5087.93,5082.93,5082.93,14003,19178.95
1769396400.001,5070.150000000001,5075.150000000001,5070.150000000001,5075.150000000001,14003,19260.6
1769396400.002,5076.66,5078.195,5073.195,5073.195,31293,20206.75
1769400000,5058.145,5063.145,5058.145,5063.145,10431,19550.3
1769400000.001,5070.385,5070.385,5065.385,5065.385,31850,20750.15
1769403600,5052.365,5057.365,5052.365,5057.365,15924,20100.95
1769403600.001,5076.6900000000005,5076.6900000000005,5071.6900000000005,5071.6900000000005,52528,22245.6
1769407200,5065.39,5070.39,5065.39,5070.39,18302,22654.3
1769407200.001,5111.51,5111.51,5106.51,5106.51,18302,22848.45
1769407200.002,5077.645,5078.9400000000005,5073.9400000000005,5078.9400000000005,32466,23919.6
1769410800,5095.8550000000005,5095.8550000000005,5090.8550000000005,5090.8550000000005,10822,23908.6
1769410800.001,5089.06,5094.06,5089.06,5094.06,25428,23633.9
1769414400,5098.455,5098.455,5093.455,5093.455,12714,23772.6
1769414400.001,5080.14,5083.4800000000005,5078.4800000000005,5078.4800000000005,38552,25203.2
1769418000,5075.395,5080.395,5075.395,5080.395,12919,23814.75
1769418000.001,5098.515,5098.515,5093.515,5093.515,12919,23443.55
1769418000.002,5084.14,5084.2300000000005,5079.2300000000005,5079.2300000000005,21842,23518.5
1769421600,5078.625,5083.625,5078.625,5083.625,10920,21512
1769421600.001,5095.115,5095.115,5090.115,5090.115,43116,22817
1769425200,5078.435,5083.435,5078.435,5083.435,10731,21953.25
1769425200.001,5091.585,5096.58,5091.58,5096.58,20224,22264.3
1769428800,5097.1,5097.1,5092.1,5092.1,10112,22069.75
1769428800.001,5077.285,5082.285,5077.285,5082.285,44940,22752.1
1769432400,5083.195,5083.195,5078.195,5078.195,17414,23101.25
1769432400.001,5054.67,5059.67,5054.67,5059.67,17414,22379.45
1769432400.002,5068.735,5068.8,5063.8,5063.8,39335,23550
1769436000,5058.45,5063.45,5058.45,5063.45,19667,21906.95
1769436000.001,5097.025000000001,5097.46,5092.46,5092.46,80426,25013.15
1769439600,5074.255,5079.255,5074.255,5079.255,20253,25110.7
1769439600.001,5090.845,5095.845,5090.845,5095.845,42127,25593.75
1769443200,5105.34,5105.34,5100.34,5100.34,21063,26105.8
1769443200.001,5065.385,5070.385,5065.385,5070.385,21063,25887.55
1769443200.002,5089.545,5089.55,5084.55,5084.55,29236,26713.65
1769446800,5080.285,5085.285,5080.285,5085.285,14617,25516.9
1769446800.001,5105.150000000001,5105.150000000001,5100.150000000001,5100.150000000001,96047,29673.3
1769450400,5057.935,5062.935,5057.935,5062.935,27143,30384.5
1769450400.001,5069.04,5069.85,5064.85,5064.85,103131,34448.95
1769454000,5008.275000000001,5013.275000000001,5008.275000000001,5013.275000000001,34376,35621.75
1769454000.001,5028.715,5031.26,5026.26,5031.26,70373,36984.6
1769457600,5062.32,5062.32,5057.32,5057.32,23457,37620.9
1769457600.001,5055.11,5059.165,5054.165,5054.165,51765,39197.95
1769461200,4990.215,4995.215,4990.215,4995.215,17255,39555.1
1769461200.001,5008.875,5013.875,5008.875,5013.875,6979,37657.05
1769468400,5035.795,5035.795,5030.795,5030.795,6979,37135.3
1769468400.001,5028.275000000001,5033.275000000001,5028.275000000001,5033.275000000001,6979,36613.55
1769468400.002,5061.675,5061.675,5056.675,5056.675,6978,34995.7
1769468400.003,5043.56,5048.56,5043.56,5048.56,18220,34923.35
1769472000,5054.135,5054.135,5049.135,5049.135,9110,31357.55
1769472000.001,5013.875,5018.875,5013.875,5018.875,9109,30800.35
1769472000.002,5033.115,5033.125,5028.125,5028.125,39226,30655.3
1769475600,5018.805,5023.805,5018.805,5023.805,19613,30582.8
1769475600.001,5076.14,5076.14,5071.14,5071.14,19612,30510.25
1769475600.002,5060.14,5060.14,5055.14,5055.14,23788,30237.85
1769479200,5049.585,5054.585,5049.585,5054.585,11894,30101.7
1769479200.001,5079.81,5079.81,5074.81,5074.81,11894,25894.05
1769479200.002,5072.68,5072.68,5067.68,5067.68,18944,25484.1
1769482800,5060.16,5065.16,5060.16,5065.16,9471,20801.1
1769482800.001,5079.31,5079.31,5074.31,5074.31,36318,20898.2
1769486400,5061.5,5066.5,5061.5,5066.5,8948,17826.95
1769486400.001,5067.8,5067.8,5062.8,5062.8,22206,17764.4
1769490000,5057.195,5062.195,5057.195,5062.195,11103,15731.3
1769490000.001,5085.495,5085.495,5080.495,5080.495,32499,16493.5
1769493600,5076.865,5081.865,5076.865,5081.865,10697,16679.4
1769493600.001,5094.35,5094.35,5089.35,5089.35,10697,16865.3
1769493600.002,5085.785,5086.58,5081.58,5086.58,34262,18229.45
1769497200,5100.84,5100.84,5095.84,5095.84,11420,18451.55
1769497200.001,5085.965,5088.165,5083.165,5083.165,28238,18952.45
1769500800,5073.51,5078.51,5073.51,5078.51,9412,18967.55
1769500800.001,5079.755,5083.165,5078.165,5083.165,21024,19563.3
1769504400,5099.650000000001,5099.650000000001,5094.650000000001,5094.650000000001,25176,18860.8
1769508000,5081.99,5086.99,5081.99,5086.99,18398,18800.05
1769511600,5090.83,5090.83,5085.83,5085.83,6171,18128
1769511600.001,5066.64,5071.64,5066.64,5071.64,6171,17247.15
1769511600.002,5077.08,5078.725,5073.725,5078.725,34145,18359.7
1769515200,5091.37,5091.37,5086.37,5086.37,11381,18334.05
1769515200.001,5085.13,5090.13,5085.13,5090.13,32016,18987.65
1769518800,5093.145,5093.145,5088.145,5088.145,16008,19314.5
1769518800.001,5069.47,5074.47,5069.47,5074.47,16007,18298.95
1769518800.002,5077.555,5082.205,5077.205,5077.205,91027,22402.9
1769522400,5046.84,5051.84,5046.84,5051.84,30342,22809.7
1769522400.001,5054.74,5054.74,5049.74,5049.74,55356,25022.35
1769526000,5047.6900000000005,5052.6900000000005,5047.6900000000005,5052.6900000000005,27678,24781.3
1769526000.001,5091.32,5095.905,5090.905,5095.905,65879,27540.4
1769529600,5103.3550000000005,5103.3550000000005,5098.3550000000005,5098.3550000000005,19100,27960.55
1769529600.001,5083.3,5088.3,5083.3,5088.3,53961,28945.5
1769533200,5094.155,5094.155,5089.155,5089.155,17430,29246
1769533200.001,5076.92,5081.45,5076.45,5081.45,64108,31039.5
1769536800,5095.82,5095.82,5090.82,5090.82,15559,31346.85
1769536800.001,5088.11,5088.135,5083.135,5083.135,17716,31181.45
1769540400,5081.05,5086.05,5081.05,5086.05,8858,30365.55
1769540400.001,5100.12,5103.035,5098.035,5103.035,97196,34305.45
1769544000,5182.795,5182.795,5177.795,5177.795,29445,35469.15
1769544000.001,5176.650000000001,5176.650000000001,5171.650000000001,5171.650000000001,22150,36268.1
1769547600,5169.13,5174.13,5169.13,5174.13,11074,35114.55
1769547600.001,5190.51,5190.51,5185.51,5185.51,11074,35099.2
1769547600.002,5180.625,5184.57,5179.57,5179.57,23175,34657.15
1769554800,5159.025000000001,5164.025000000001,5159.025000000001,5164.025000000001,7724,34242.95
1769554800.001,5172.3150000000005,5177.225,5172.225,5177.225,18128,34349
1769558400,5180.27,5180.27,5175.27,5175.27,9063,30250.8
1769558400.001,5157.21,5162.21,5157.21,5162.21,9063,29186.85
1769558400.002,5172.025000000001,5173.545,5168.545,5173.545,68716,29854.85
1769562000,5225.36,5225.36,5220.36,5220.36,22905,29616.2
1769562000.001,5204.87,5206.745,5201.745,5206.745,48634,28753.95
1769565600,5234.775000000001,5234.775000000001,5229.775000000001,5229.775000000001,45407,30069.3
1769569200,5224.400000000001,5229.400000000001,5224.400000000001,5229.400000000001,14597,28101.1
1769569200.001,5247.82,5247.82,5242.82,5242.82,14597,27959.45
1769569200.002,5235.285,5237.5,5232.5,5237.5,26247,26066.4
1769572800,5249.09,5249.09,5244.09,5244.09,33205,26948.7
1769576400,5241.57,5246.57,5241.57,5246.57,12228,26674.3
1769576400.001,5266.435,5266.435,5261.435,5261.435,12228,26842.8
1769576400.002,5261.35,5261.47,5256.47,5256.47,25904,23278.2
1769580000,5251.87,5256.87,5251.87,5256.87,12951,22453.5
1769580000.001,5271.5,5271.5,5266.5,5266.5,36422,23167.1
1769583600,5263.18,5268.18,5263.18,5268.18,11735,23200.15
1769583600.001,5292.87,5292.87,5287.87,5287.87,38763,24584.6
1769587200,5280.64,5285.64,5280.64,5285.64,13514,24101.55
1769587200.001,5311.665,5311.665,5306.665,5306.665,13513,24391
1769587200.002,5293.985,5297.76,5292.76,5292.76,32979,25133.55
1769590800,5263.22,5268.22,5263.22,5268.22,10992,25230
1769590800.001,5278.37,5283.37,5278.37,5283.37,16604,25607.05
1769594400,5285.95,5285.95,5280.95,5280.95,8301,22586.3
1769594400.001,5269.51,5270.77,5265.77,5265.77,43575,23619.8
1769598000,5238.59,5243.59,5238.59,5243.59,11757,21775.95
1769598000.001,5261.7300000000005,5261.84,5256.84,5256.84,27058,20858.5
1769601600,5251.81,5256.81,5251.81,5256.81,13529,20805.1
1769601600.001,5279.49,5284.275000000001,5279.275000000001,5284.275000000001,51964,22673.45
1769605200,5289.71,5289.71,5284.71,5284.71,19218,22322
1769605200.001,5257.015,5262.015,5257.015,5262.015,19218,21622.65
1769605200.002,5266.645,5266.645,5261.645,5261.645,49550,23488.75
1769608800,5248.775000000001,5253.775000000001,5248.775000000001,5253.775000000001,24775,24116.1
1769608800.001,5288.485,5290.925,5285.925,5290.925,97498,27695.8
1769612400,5298.35,5298.35,5293.35,5293.35,36361,28866.3
1769612400.001,5235.75,5240.75,5235.75,5240.75,36361,28863.25
1769612400.002,5278.28,5279.505,5274.505,5279.505,68779,31715.45
1769616000,5300.33,5304.875,5299.875,5304.875,59885,32771.55
1769619600,5307.285,5307.285,5302.285,5302.285,18479,33019.8
1769619600.001,5283.26,5288.26,5283.26,5288.26,18479,33268.1
1769619600.002,5298.11,5303.11,5298.11,5303.11,54120,34325.15
1769623200,5325.97,5325.97,5320.97,5320.97,27059,35128.5
1769623200.001,5268.45,5273.45,5268.45,5273.45,27059,35651.25
1769623200.002,5282.595,5282.85,5277.85,5277.85,67278,38600.1
1769626800,5269.295,5274.295,5269.295,5274.295,33639,38103.3
1769626800.001,5332.08,5332.08,5327.08,5327.08,33639,39197.4
1769626800.002,5325.41,5325.900000000001,5320.900000000001,5325.900000000001,96541,42671.55
1769630400,5391.62,5391.62,5386.62,5386.62,32180,43604.1
1769630400.001,5376.885,5381.885,5376.885,5381.885,36588,42835.3
1769634000,5419.645,5423.545,5418.545,5423.545,38850,43816.9
1769641200,5446.995,5446.995,5441.995,5441.995,26655,44188.75
1769641200.001,5432.455,5437.455,5432.455,5437.455,26655,43044
1769641200.002,5602.225,5602.225,5597.225,5597.225,26655,43138
1769641200.003,5513.285,5513.585,5508.585,5508.585,37787,40152.45
1769644800,5454.12,5459.12,5454.12,5459.12,18893,39279.05
1769644800.001,5527.24,5527.24,5522.24,5522.24,18893,38405.65
1769644800.002,5520.195,5520.2,5515.2,5515.2,52460,37589.7
1769648400,5444.925,5449.925,5444.925,5449.925,26230,35906.95
1769648400.001,5551.96,5551.96,5546.96,5546.96,26229,36294.45
1769648400.002,5545.785,5550.06,5545.06,5545.06,63576,38549.3
1769652000,5504.585,5509.585,5504.585,5509.585,21191,36902.85
1769652000.001,5536.11,5536.12,5531.12,5531.12,35426,37321.2
1769655600,5508.53,5513.53,5508.53,5513.53,17713,36853.9
1769655600.001,5549.235,5549.235,5544.235,5544.235,42297,35604.85
1769659200,5533.265,5538.265,5533.265,5538.265,12292,34537.5
1769659200.001,5564.725,5564.725,5559.725,5559.725,12291,33470.1
1769659200.002,5557.99,5557.99,5552.99,5552.99,35326,30409.35
1769662800,5515.995,5520.995,5515.995,5520.995,17662,29683.45
1769662800.001,5564.545,5567.655,5562.655,5567.655,55527,30630.4
1769666400,5595.77,5595.77,5590.77,5590.77,18932,29634.5
1769666400.001,5554.955,5559.955,5554.955,5559.955,18932,29248.35
1769666400.002,5561.325,5566.32,5561.32,5566.32,29620,29396.6
1769670000,5575.28,5575.28,5570.28,5570.28,14810,28804.35
1769670000.001,5536.905,5541.905,5536.905,5541.905,14809,27655.45
1769670000.002,5548.96,5553.935,5548.935,5553.935,37231,28572.35
1769673600,5554.845,5554.845,5549.845,5549.845,18615,28558.45
1769673600.001,5473.555,5478.555,5473.555,5478.555,18615,26866.2
1769673600.002,5510.08,5510.08,5505.08,5505.08,28242,26966.8
1769677200,5497.925,5502.925,5497.925,5502.925,14120,26361.35
1769677200.001,5529.875,5529.875,5524.875,5524.875,14120,23888.55
1769677200.002,5513.92,5518.92,5513.92,5518.92,23399,23998.95
1769680800,5525.835,5525.835,5520.835,5520.835,11699,22812.6
1769680800.001,5482.495,5483.895,5478.895,5478.895,37441,23799
1769684400,5470.900000000001,5475.900000000001,5470.900000000001,5475.900000000001,12870,22327.65
1769684400.001,5528.9400000000005,5528.9400000000005,5523.9400000000005,5523.9400000000005,12870,22356.55
1769684400.002,5522.62,5523.575,5518.575,5523.575,43227,23903.35
1769688000,5543.2300000000005,5543.2300000000005,5538.2300000000005,5538.2300000000005,14409,22857.5
1769688000.001,5534.16,5539.16,5534.16,5539.16,43615,24155.15
1769691600,5541.215,5541.215,5536.215,5536.215,21807,22469.15
1769691600.001,5499.925,5504.925,5499.925,5504.925,21807,22612.9
1769691600.002,5510.785,5515.775000000001,5510.775000000001,5515.775000000001,68208,25076.7
1769695200,5549.5650000000005,5549.5650000000005,5544.5650000000005,5544.5650000000005,34104,25300.9
1769695200.001,5491.24,5496.24,5491.24,5496.24,34104,26265.6
1769695200.002,5496.965,5496.965,5491.965,5491.965,149725,33011.4
1769698800,5097.215,5102.215,5097.215,5102.215,49908,33645.25
1769698800.001,5183.2,5183.2,5178.2,5178.2,92251,37327.05
1769702400,5171.89,5176.89,5171.89,5176.89,46125,38702.55
1769702400.001,5311.67,5311.67,5306.67,5306.67,46125,39596.7
1769702400.002,5264.55,5269.55,5264.55,5269.55,109984,44389.9
1769706000,5375.735,5375.735,5370.735,5370.735,36661,45516.95
1769706000.001,5335.37,5335.400000000001,5330.400000000001,5330.400000000001,60218,47357.9
1769709600,5307.695,5312.695,5307.695,5312.695,30108,48278.35
1769709600.001,5362.02,5362.02,5357.02,5357.02,30108,47911.7
1769709600.002,5338.785,5343.785,5338.785,5343.785,57934,50164.9
1769713200,5345.75,5345.75,5340.75,5340.75,28967,50969.75
1769713200.001,5290.46,5295.46,5290.46,5295.46,28966,50256.7
1769713200.002,5306,5306.075,5301.075,5301.075,52798,52176.15
1769716800,5282.9800000000005,5287.9800000000005,5282.9800000000005,5287.9800000000005,26399,51315.35
1769716800.001,5407.33,5407.33,5402.33,5402.33,26398,51544.9
1769716800.002,5394.17,5399.17,5394.17,5399.17,27486,51828.85
1769720400,5426.085,5426.085,5421.085,5421.085,13743,49105.6
1769720400.001,5369.18,5374.18,5369.18,5374.18,25822,48691.5
1769727600,5419.64,5419.64,5414.64,5414.64,12080,47590.3
1769727600.001,5387.62,5392.62,5387.62,5392.62,12079,40708
1769727600.002,5448.89,5448.89,5443.89,5443.89,12079,38816.55
1769727600.003,5438.57,5443.5650000000005,5438.5650000000005,5443.5650000000005,30316,35719.8
1769731200,5451.16,5451.16,5446.16,5446.16,15158,34171.45
1769731200.001,5389.895,5394.895,5389.895,5394.895,15158,32623.1
1769731200.002,5407.47,5410.625,5405.625,5405.625,87378,31492.8
1769734800,5290.4400000000005,5295.4400000000005,5290.4400000000005,5295.4400000000005,29126,31116.05
1769734800.001,5300.745,5305.74,5300.74,5305.74,82396,32224.95
1769738400,5312.725,5312.725,5307.725,5307.725,41197,32779.4
1769738400.001,5112.1050000000005,5117.1050000000005,5112.1050000000005,5117.1050000000005,41197,33333.85
1769738400.002,5225.075,5230.07,5225.07,5225.07,82527,34563.5
1769742000,5149.93,5154.93,5149.93,5154.93,27508,34490.55
1769742000.001,5196.9400000000005,5198.45,5193.45,5198.45,57015,35893
1769745600,5231.515,5231.515,5226.515,5226.515,19004,34203.3
1769745600.001,5215.0650000000005,5219.795,5214.795,5219.795,38210,34793.85
1769749200,5241.85,5241.85,5236.85,5236.85,19105,34429.2
1769749200.001,5180.175,5185.175,5180.175,5185.175,44363,35273.05
1769752800,5185.29,5190.29,5185.29,5190.29,25259,35848.85
1769752800.001,5205.81,5205.81,5200.81,5200.81,25259,35820.7
1769752800.002,5144.87,5149.87,5144.87,5149.87,25259,36479.65
1769752800.003,5155.96,5155.96,5150.96,5150.96,46240,38187.7
1769756400,5118.01,5123.01,5118.01,5123.01,23120,38739.75
1769756400.001,5186.445,5186.445,5181.445,5181.445,23119,38379.9
1769756400.002,5181.08,5181.115,5176.115,5176.115,77643,41504.15
1769760000,5054.43,5059.43,5054.43,5059.43,25881,42040.3
1769760000.001,5116.775000000001,5121.755,5116.755,5121.755,76142,41478.5
1769763600,5133.05,5133.05,5128.05,5128.05,38071,41925.75
1769763600.001,4941.5,4946.5,4941.5,4946.5,38070,39709.45
1769763600.002,5013.76,5013.76,5008.76,5008.76,51878,40243.5
1769767200,5000.82,5005.82,5000.82,5005.82,25939,39480.6
1769767200.001,5122.47,5122.47,5117.47,5117.47,65429,38625.7
1769770800,5088.485,5093.485,5088.485,5093.485,19745,38237.55
1769770800.001,5144.765,5144.765,5139.765,5139.765,19744,36374
1769770800.002,5135.91,5140.91,5135.91,5140.91,48404,37844
1769774400,5145.9800000000005,5145.9800000000005,5140.9800000000005,5140.9800000000005,24202,37143.6
1769774400.001,5055.375,5060.375,5055.375,5060.375,24202,37398.45
1769774400.002,5064.675,5069.62,5064.62,5069.62,55248,37942.7
1769778000,5100.2,5100.2,5095.2,5095.2,27623,38060.9
1769778000.001,4992.555,4997.555,4992.555,4997.555,27623,38179.1
1769778000.002,5019.645,5019.645,5014.645,5014.645,75285,40680.4
1769781600,5014.07,5019.07,5014.07,5019.07,37642,40250.5
1769781600.001,5113.795,5113.795,5108.795,5108.795,37642,40976.6
1769781600.002,5033.255,5033.255,5028.255,5028.255,86398,44140.55
1769785200,4980.8,4985.8,4980.8,4985.8,43198,42418.3
1769785200.001,5074.36,5074.36,5069.36,5069.36,43198,43284.15
1769785200.002,5050.925,5052.3,5047.3,5047.3,134348,46194.45
1769788800,4943.18,4948.18,4943.18,4948.18,44782,46530
1769788800.001,4985.7,4986.51,4981.51,4981.51,145776,51915.3
1769792400,4800.8550000000005,4805.8550000000005,4800.8550000000005,4805.8550000000005,48591,51750.95
1769792400.001,4850.225,4850.225,4845.225,4845.225,90104,54959.2
1769796000,4679.51,4684.51,4679.51,4684.51,45052,53940.35
1769796000.001,4893.795,4893.795,4888.795,4888.795,45052,55205.7
1769796000.002,4878.955,4879.135,4874.135,4874.135,62958,57366.4
1769799600,4836.87,4841.87,4836.87,4841.87,31479,56520.15
1769799600.001,4948.545,4948.545,4943.545,4943.545,31479,56884
1769799600.002,4932.84,4932.945,4927.945,4927.945,98581,60602.95
1769803200,4807.725,4812.725,4807.725,4812.725,32860,59483.55
1769803200.001,4847.57,4847.6050000000005,4842.6050000000005,4842.6050000000005,28314,59518.1
1769806800,4831.905,4836.905,4831.905,4836.905,14157,58844.8
1769806800.001,4901.6900000000005,4901.6900000000005,4896.6900000000005,4896.6900000000005,14157,55788.4
1769806800.002,4895.4400000000005,4895.4400000000005,4890.4400000000005,4890.4400000000005,20590,54935.8
1769986800,4833.89,4834.255,4829.255,4829.255,41178,55112.6
1769986800.001,4697.14,4702.14,4697.14,4702.14,20589,51822.15
1769986800.002,4742.1,4745.755,4740.755,4745.755,85601,53942.3
1769990400,4884.56,4884.56,4879.56,4879.56,28533,53209.05
1769990400.001,4766.465,4771.465,4766.465,4771.465,81937,50588.5
1769994000,4785.045,4785.045,4780.045,4780.045,40968,50397.8
1769994000.001,4584.82,4589.82,4584.82,4589.82,40968,45157.4
1769994000.002,4736.89,4741.79,4736.79,4741.79,60634,45759.55
1769997600,4773.225,4773.225,4768.225,4768.225,30317,42770.2
1769997600.001,4696.825,4701.825,4696.825,4701.825,30316,42033.4
1769997600.002,4710.84,4715.835,4710.835,4715.835,63968,42979.2
1770001200,4729.825,4729.825,4724.825,4724.825,31984,41430.5
1770001200.001,4630.67,4635.67,4630.67,4635.67,31984,41455.75
1770001200.002,4646.8550000000005,4646.8550000000005,4641.8550000000005,4641.8550000000005,52048,42484.2
1770004800,4603.14,4608.14,4603.14,4608.14,26024,38856.35
1770004800.001,4713.375,4713.375,4708.375,4708.375,26024,38514.55
1770004800.002,4679.745,4684.725,4679.725,4684.725,68096,40503.65
1770008400,4697.085,4697.085,4692.085,4692.085,34048,41498.2
1770008400.001,4498.085,4503.085,4498.085,4503.085,34048,42492.75
1770008400.002,4549.31,4554.25,4549.25,4554.25,80080,45467.25
1770012000,4574.03,4574.03,4569.03,4569.03,40039,45410.3
1770012000.001,4402.38,4407.38,4402.38,4407.38,40039,46382.8
1770012000.002,4505.79,4505.79,4500.79,4500.79,54908,44848.15
1770015600,4484.55,4489.55,4484.55,4489.55,27454,44794.2
1770015600.001,4619.31,4619.31,4614.31,4614.31,27454,42070.05
1770015600.002,4587.400000000001,4587.495,4582.495,4582.495,54960,42769.65
1770019200,4559.075,4564.075,4559.075,4564.075,27480,42095.25
1770019200.001,4651.5,4651.5,4646.5,4646.5,27480,40437.55
1770019200.002,4641.0650000000005,4641.0650000000005,4636.0650000000005,4636.0650000000005,58170,41830.2
1770022800,4603.165,4608.165,4603.165,4608.165,29085,41768.65
1770022800.001,4731.64,4731.64,4726.64,4726.64,29085,40024.5
1770022800.002,4719.6,4724.255,4719.255,4724.255,44402,40645.4
1770026400,4733.805,4733.805,4728.805,4728.805,22200,40156.2
1770026400.001,4657.01,4662.01,4657.01,4662.01,22200,38663.8
1770026400.002,4705.655,4708.27,4703.27,4708.27,59110,40318.1
1770030000,4780.07,4780.07,4775.07,4775.07,19703,40002.05
1770030000.001,4766.24,4766.24,4761.24,4761.24,34755,38335
1770033600,4743.715,4748.715,4743.715,4748.715,17377,37501.45
1770033600.001,4812.265,4812.265,4807.265,4807.265,17377,36667.9
1770033600.002,4794.555,4799.39,4794.39,4799.39,66792,36003.5
1770037200,4804.2,4804.2,4799.2,4799.2,33396,35671.35
1770037200.001,4669.27,4674.27,4669.27,4674.27,33396,35339.2
1770037200.002,4706.305,4706.305,4701.305,4701.305,71540,36170.8
1770040800,4680.24,4685.24,4680.24,4685.24,35769,36586.55
1770040800.001,4794.685,4794.685,4789.685,4789.685,35769,37002.3
1770040800.002,4718.945,4723.375,4718.375,4723.375,80750,38291.8
1770044400,4745.54,4745.54,4740.54,4740.54,40375,38936.55
1770044400.001,4617.31,4619.85,4614.85,4614.85,109626,43043.85
1770048000,4596.74,4601.74,4596.74,4601.74,34626,41866.65
1770048000.001,4708.905,4708.905,4703.905,4703.905,34625,42143.65
1770048000.002,4666.18,4666.18,4661.18,4661.18,43008,42839.8
1770051600,4656.8550000000005,4661.8550000000005,4656.8550000000005,4661.8550000000005,21504,41694.9
1770051600.001,4714.1050000000005,4714.1050000000005,4709.1050000000005,4709.1050000000005,21504,41660.1
1770051600.002,4674.11,4674.415,4669.415,4669.415,67118,43906
1770055200,4618.67,4623.67,4618.67,4623.67,22372,42069.1
1770055200.001,4657.88,4657.89,4652.89,4652.89,41786,43173.25
1770058800,4631.55,4636.55,4631.55,4636.55,20893,42480.15
1770058800.001,4712.925,4712.925,4707.925,4707.925,20892,42655.9
1770058800.002,4685.41,4690.405,4685.405,4690.405,41404,43857.25
1770062400,4701.06,4701.06,4696.06,4696.06,20702,41552.75
1770062400.001,4647.875,4652.875,4647.875,4652.875,20702,40918.05
1770062400.002,4653.115,4653.16,4648.16,4648.16,23252,40410.85
1770066000,4644.21,4649.21,4644.21,4649.21,11626,37415.15
1770066000.001,4687.05,4687.05,4682.05,4682.05,11626,36208
1770066000.002,4661.055,4666.055,4661.055,4666.055,15624,35200.75
1770073200,4704.095,4704.095,4699.095,4699.095,15624,31944.45
1770073200.001,4695.53,4700.53,4695.53,4700.53,15624,30706.9
1770073200.002,4775.865,4775.865,4770.865,4770.865,53266,27888.9
1770076800,4766.035,4771.035,4766.035,4771.035,18820,27098.6
1770076800.001,4831.095,4831.095,4826.095,4826.095,18820,26308.35
1770076800.002,4780.485,4780.81,4775.81,4775.81,58006,27058.25
1770080400,4766.29,4771.29,4766.29,4771.29,29003,27433.2
1770080400.001,4856.76,4856.76,4851.76,4851.76,29002,27808.1
1770080400.002,4841.405,4842.045,4837.045,4837.045,83461,28625.25
1770084000,4745.68,4750.68,4745.68,4750.68,27820,28897.65
1770084000.001,4783.68,4783.71,4778.71,4778.71,43896,29003.15
1770087600,4751.885,4756.885,4751.885,4756.885,21948,29055.9
1770087600.001,4813.535,4814.505,4809.505,4814.505,50117,30517.15
1770091200,4825.415,4825.415,4820.415,4820.415,14085,29151.2
1770091200.001,4800.905,4805.905,4800.905,4805.905,14084,28820.3
1770091200.002,4809.18,4814.18,4809.18,4814.18,46928,30131.6
1770094800,4842.3,4842.3,4837.3,4837.3,15642,29751.1
1770094800.001,4825.305,4825.365,4820.365,4820.365,49526,31646.1
1770098400,4816.66,4821.66,4816.66,4821.66,24763,32302.95
1770098400.001,4893.8150000000005,4893.8150000000005,4888.8150000000005,4888.8150000000005,24762,32759.85
1770098400.002,4881.3150000000005,4881.445,4876.445,4876.445,29204,33438.85
1770102000,4872.05,4877.05,4872.05,4877.05,14602,33387.75
1770102000.001,4933.785,4933.785,4928.785,4928.785,14602,31454.55
1770102000.002,4917.365,4922.365,4917.365,4922.365,27290,31878.05
1770105600,4950.68,4950.68,4945.68,4945.68,13644,31619.25
1770105600.001,4898.34,4903.34,4898.34,4903.34,13644,29401.15
1770105600.002,4912.675,4912.675,4907.675,4907.675,24725,29187.25
1770109200,4884.625,4889.625,4884.625,4889.625,12362,28355.25
1770109200.001,4926.395,4926.395,4921.395,4921.395,12362,24800.3
1770109200.002,4916.175,4921.175,4916.175,4921.175,17515,24285.05
1770112800,4930.075,4930.075,4925.075,4925.075,8757,22528.1
1770112800.001,4901.735,4902.63,4897.63,4897.63,30571,22959.25
1770116400,4883.6900000000005,4888.6900000000005,4883.6900000000005,4888.6900000000005,10907,20998.75
1770116400.001,4919.485,4921.915,4916.915,4921.915,36067,22097.85
1770120000,4936.63,4936.63,4931.63,4931.63,12579,22022.6
1770120000.001,4892.27,4897.27,4892.27,4897.27,12579,20305.15
1770120000.002,4913.83,4913.83,4908.83,4908.83,40138,21529.95
1770123600,4902.895,4907.895,4902.895,4907.895,20068,20057.05
1770123600.001,4951.295,4951.295,4946.295,4946.295,20068,19822.3
1770123600.002,4933.07,4937.195,4932.195,4932.195,79640,22566.2
1770127200,4893.775000000001,4898.775000000001,4893.775000000001,4898.775000000001,26546,22433.3
1770127200.001,4917.07,4917.07,4912.07,4912.07,51325,24269.45
1770130800,4904.805,4909.805,4904.805,4909.805,25662,24822.45
1770130800.001,4948.84,4948.84,4943.84,4943.84,25662,24741.05
1770130800.002,4935.445,4935.595,4930.595,4930.595,46996,26408.65
1770134400,4929.665,4934.665,4929.665,4934.665,23498,26901.35
1770134400.001,4993.835,4993.835,4988.835,4988.835,23497,26839.95
1770134400.002,4955.63,4960.415,4955.415,4960.415,62356,29339.65
1770138000,4970.05,4970.05,4965.05,4965.05,31177,30280.4
1770138000.001,4907.63,4912.63,4907.63,4912.63,31177,30963.5
1770138000.002,4929.04,4933.675,4928.675,4933.675,52154,33133.35
1770141600,4954.285,4954.285,4949.285,4949.285,26077,32908.65
1770141600.001,4884.765,4889.765,4884.765,4889.765,26077,33667.15
1770141600.002,4908.43,4908.43,4903.43,4903.43,45149,34121.25
1770145200,4880.595,4885.595,4880.595,4885.595,22574,34621
1770145200.001,4948.87,4948.87,4943.87,4943.87,22574,35120.75
1770145200.002,4927.2300000000005,4927.2300000000005,4922.2300000000005,4922.2300000000005,37080,34967.85
1770148800,4902.11,4907.11,4902.11,4907.11,18539,34891.4
1770148800.001,4957.21,4957.21,4952.21,4952.21,18539,34814.95
1770148800.002,4944.1050000000005,4944.125,4939.125,4939.125,9703,31318.1
1770152400,4934.075,4939.075,4934.075,4939.075,4851,30233.35
1770152400.001,4964.24,4964.24,4959.24,4959.24,4851,27909.65
1770152400.002,4946.805,4951.805,4946.805,4951.805,12123,27232.7
1770159600,4959.765,4959.765,4954.765,4954.765,24244,27161.8
1770159600.001,4909.17,4914.17,4909.17,4914.17,12122,25418.1
1770159600.002,4947.82,4951.16,4946.16,4951.16,50177,26752.05
1770163200,5016.53,5016.53,5011.53,5011.53,60903,28622.35
1770166800,4985.05,4990.05,4985.05,4990.05,22089,26609
1770166800.001,5053.675,5053.675,5048.675,5048.675,22089,26154.6
1770166800.002,5046.8550000000005,5051.81,5046.81,5051.81,25592,25875.35
1770170400,5065.795,5065.795,5060.795,5060.795,12795,23907.4
1770170400.001,5035.72,5040.72,5035.72,5040.72,44524,24829.75
1770174000,5073.745,5073.745,5068.745,5068.745,22654,24658.6
1770177600,5056.28,5061.28,5056.28,5061.28,6039,22703.1
1770177600.001,5081.54,5085.615,5080.615,5085.615,23086,22728.7
1770181200,5090.435,5090.435,5085.435,5085.435,8523,22026.15
1770181200.001,5069.29,5074.29,5069.29,5074.29,8523,20598.3
1770181200.002,5079.455,5083.17,5078.17,5078.17,36894,21516.05
1770184800,5051.155,5056.155,5051.155,5056.155,12298,21204
1770184800.001,5076.87,5076.87,5071.87,5071.87,18608,21649.25
1770188400,5062.505,5067.505,5062.505,5067.505,9304,21871.9
1770188400.001,5091.755,5091.755,5086.755,5086.755,9303,22094.5
1770188400.002,5084.905,5089.895,5084.895,5089.895,16226,22299.65
1770192000,5091.93,5091.93,5086.93,5086.93,8113,21493.1
1770192000.001,5068.87,5073.87,5068.87,5073.87,8112,21292.6
1770192000.002,5083.7300000000005,5086.975,5081.975,5081.975,31468,20357.15
1770195600,5043.245,5048.245,5043.245,5048.245,10489,17836.45
1770195600.001,5060.1,5064.58,5059.58,5059.58,23025,17883.25
1770199200,5041.9800000000005,5046.9800000000005,5041.9800000000005,5046.9800000000005,7674,17162.5
1770199200.001,5048.7,5053.495,5048.495,5048.495,27639,17264.85
1770202800,5013.77,5018.77,5013.77,5018.77,9212,17085.7
1770202800.001,5047.49,5052.49,5047.49,5052.49,19041,15811.55
1770206400,5063.51,5063.51,5058.51,5058.51,9520,15154.85
1770206400.001,5036.495,5041.375,5036.375,5036.375,38160,16760.9
1770210000,5023.735,5028.735,5023.735,5028.735,14320,16322.6
1770210000.001,5063.735,5063.735,5058.735,5058.735,14320,16612.45
1770210000.002,5054.185,5059.185,5054.185,5059.185,54010,18886.8
1770213600,5059.2300000000005,5059.2300000000005,5054.2300000000005,5054.2300000000005,27005,18392.35
1770213600.001,4967.005,4972.005,4967.005,4972.005,27005,19127.7
1770213600.002,4987.045,4992.04,4987.04,4992.04,72166,21805.6
1770217200,5008.05,5008.05,5003.05,5003.05,36083,23144.55
1770217200.001,4887.62,4892.62,4887.62,4892.62,36082,24483.5
1770217200.002,4920.41,4925.36,4920.36,4925.36,61429,26743.65
1770220800,4940.31,4940.31,4935.31,4935.31,30714,27873.7
1770220800.001,4848.405,4853.405,4848.405,4853.405,30714,29003.8
1770220800.002,4904.53,4909.53,4904.53,4909.53,50690,29964.9
1770224400,4931.535,4931.535,4926.535,4926.535,25344,30707.65
1770224400.001,4888.225,4893.225,4888.225,4893.225,25344,30823.6
1770224400.002,4897.86,4897.92,4892.92,4892.92,36978,32288.8
1770228000,4872.865,4877.865,4872.865,4877.865,18489,31831.3
1770228000.001,4935.09,4935.09,4930.09,4930.09,18489,32295.15
1770228000.002,4927.68,4927.795,4922.795,4922.795,32872,32986.7
1770231600,4914.575,4919.575,4914.575,4919.575,16436,33332.5
1770231600.001,4957.72,4957.72,4952.72,4952.72,16436,32246.3
1770231600.002,4941.72,4946.72,4941.72,4946.72,28676,32964.1
1770235200,4951.85,4951.85,4946.85,4946.85,14338,32965
1770235200.001,4914.245,4919.245,4914.245,4919.245,14337,30981.35
1770235200.002,4938.33,4942.49,4937.49,4942.49,14437,30352.95
1770238800,4971.18,4971.18,4966.18,4966.18,4812,29243.3
1770238800.001,4964.455,4969.455,4964.455,4969.455,8902,26080.1
1770246000,4995.96,4995.96,4990.96,4990.96,8902,24721.05
1770246000.001,4987.85,4992.85,4987.85,4992.85,8901,23362
1770246000.002,5024.03,5024.03,5019.03,5019.03,8901,20735.6
1770246000.003,5012.535,5017.42,5012.42,5017.42,18431,20121.45
1770249600,5020.555,5020.555,5015.555,5015.555,9215,19046.5
1770249600.001,4996.95,5001.95,4996.95,5001.95,9215,16972.75
1770249600.002,5006.845,5011.845,5006.845,5011.845,49408,18175.95
1770253200,5012.325,5012.325,5007.325,5007.325,24703,18143.9
1770253200.001,4935.81,4940.81,4935.81,4940.81,24703,17530.15
1770253200.002,4959.135,4962.33,4957.33,4957.33,115089,22360.15
1770256800,4805.9800000000005,4810.9800000000005,4805.9800000000005,4810.9800000000005,38362,23353.8
1770256800.001,4812.24,4812.26,4807.26,4807.26,62676,24844
1770260400,4789.655,4794.655,4789.655,4794.655,31338,25589.1
1770260400.001,4888.6900000000005,4888.6900000000005,4883.6900000000005,4883.6900000000005,31337,26334.15
1770260400.002,4880.96,4885.83,4880.83,4885.83,27010,26250.85
1770264000,4891.49,4891.49,4886.49,4886.49,13505,26209.2
1770264000.001,4863.515,4864.1900000000005,4859.1900000000005,4859.1900000000005,52626,28123.65
1770267600,4825.83,4830.83,4825.83,4830.83,19561,28379.85
1770267600.001,4906.57,4906.57,4901.57,4901.57,19561,29117.3
1770267600.002,4896.725,4896.725,4891.725,4891.725,41577,30751.05
1770271200,4877.655,4882.655,4877.655,4882.655,20788,31345.35
1770271200.001,4934.125,4934.125,4929.125,4929.125,20788,31939.7
1770271200.002,4920.27,4925.255,4920.255,4925.255,30201,33004.7
1770274800,4940.92,4940.92,4935.92,4935.92,15100,32838.15
1770274800.001,4896.0650000000005,4901.0650000000005,4896.0650000000005,4901.0650000000005,15100,33132.4
1770274800.002,4915.145,4920.1,4915.1,4920.1,26594,34001.35
1770278400,4943.735,4943.735,4938.735,4938.735,13297,32195.8
1770278400.001,4900.900000000001,4905.900000000001,4900.900000000001,4905.900000000001,13296,31625.45
1770278400.002,4911.89,4914.150000000001,4909.150000000001,4909.150000000001,49823,32881.45
1770282000,4849.900000000001,4854.900000000001,4849.900000000001,4854.900000000001,16607,27957.35
1770282000.001,4855.395,4855.395,4850.395,4850.395,25811,27329.8
1770285600,4847.485,4852.485,4847.485,4852.485,12905,24841.25
1770285600.001,4887.115,4887.115,4882.115,4882.115,12905,23919.6
1770285600.002,4877.325,4882.32,4877.32,4882.32,17946,23250.05
1770289200,4894.805,4894.805,4889.805,4889.805,8973,22348.2
1770289200.001,4864.475,4869.475,4864.475,4869.475,52059,24275.9
1770292800,4878.36,4878.36,4873.36,4873.36,21542,22721.7
1770292800.001,4810.8,4815.8,4810.8,4815.8,21542,22820.75
1770292800.002,4854.245,4859.22,4854.22,4859.22,53686,24527
1770296400,4868.82,4868.82,4863.82,4863.82,26843,23790.3
1770296400.001,4802.06,4807.06,4802.06,4807.06,26843,24093.05
1770296400.002,4835.635,4835.645,4830.645,4830.645,60302,26068.75
1770300000,4806.26,4811.26,4806.26,4811.26,30151,26066.25
1770300000.001,4869.81,4869.81,4864.81,4864.81,30151,26818.8
1770300000.002,4846.34,4851.01,4846.01,4851.01,66228,29375.2
1770303600,4866.825,4866.825,4861.825,4861.825,33113,29701.15
1770303600.001,4800.535,4805.535,4800.535,4805.535,33113,30691.95
1770303600.002,4817.91,4817.91,4812.91,4812.91,62240,33139.15
1770307200,4812.675,4817.675,4812.675,4817.675,31120,32204
1770307200.001,4906.735,4906.735,4901.735,4901.735,31119,32929.6
1770307200.002,4888.8550000000005,4890.59,4885.59,4885.59,67112,34994.65
1770310800,4859.225,4864.225,4859.225,4864.225,22370,35467.9
1770310800.001,4869.025000000001,4873.9800000000005,4868.9800000000005,4873.9800000000005,37468,36696.05
1770314400,4875.25,4875.25,4870.25,4870.25,18734,36735.45
1770314400.001,4851.31,4856.31,4851.31,4856.31,18734,37223.5
1770314400.002,4858.13,4863.055,4858.055,4863.055,30942,36167.65
1770318000,4865.3550000000005,4865.3550000000005,4860.3550000000005,4860.3550000000005,15471,35864.1
1770318000.001,4823.85,4828.85,4823.85,4828.85,15471,35560.55
1770318000.002,4829.485,4834.485,4829.485,4834.485,33484,34550.45
1770321600,4843.555,4843.555,4838.555,4838.555,16741,34045.35
1770321600.001,4793.205,4798.205,4793.205,4798.205,16741,33540.25
1770321600.002,4811.575,4816.575,4811.575,4816.575,18889,31469.6
1770325200,4826.3150000000005,4826.3150000000005,4821.3150000000005,4821.3150000000005,9444,30434.25
1770325200.001,4759.4800000000005,4764.4800000000005,4759.4800000000005,4764.4800000000005,9444,29398.9
1770325200.002,4780.675,4782.14,4777.14,4777.14,42843,28229.65
1770332400,4703.485,4703.78,4698.78,4698.78,69915,30069.75
1770336000,4655.2300000000005,4660.2300000000005,4655.2300000000005,4660.2300000000005,27817,29804.95
1770336000.001,4764.72,4764.72,4759.72,4759.72,92814,31333.65
1770339600,4693.835,4698.835,4693.835,4698.835,32499,31402.6
1770339600.001,4785.005,4785.005,4780.005,4780.005,32499,31471.6
1770339600.002,4774.51,4774.51,4769.51,4769.51,48030,30517.5
1770343200,4760.865,4765.865,4760.865,4765.865,24014,30599.7
1770343200.001,4846.66,4846.66,4841.66,4841.66,24014,29927
1770343200.002,4816.7300000000005,4816.7300000000005,4811.7300000000005,4811.7300000000005,32780,30629.3
1770346800,4800.515,4805.515,4800.515,4805.515,16390,30512.1
1770346800.001,4839.665,4839.665,4834.665,4834.665,16390,29784.5
1770346800.002,4824.385,4829.35,4824.35,4829.35,18354,29928.65
1770350400,4832.005,4832.005,4827.005,4827.005,9177,29613.95
1770350400.001,4807.265,4812.265,4807.265,4812.265,9177,28398.6
1770350400.002,4813.965,4813.965,4808.965,4808.965,28306,28976.85
1770354000,4807.72,4812.72,4807.72,4812.72,14152,28847.4
1770354000.001,4898.150000000001,4902.465,4897.465,4902.465,49823,30394.1
1770357600,4903.400000000001,4903.400000000001,4898.400000000001,4898.400000000001,17835,30813.65
1770357600.001,4824.705,4829.705,4824.705,4829.705,17835,31233.2
1770357600.002,4846.36,4851.35,4846.35,4851.35,18372,30009.65
1770361200,4861.91,4861.91,4856.91,4856.91,9186,26973.2
1770361200.001,4838.215,4841.09,4836.09,4836.09,31756,27170.15
1770364800,4829.71,4834.71,4829.71,4834.71,11285,23093.7
1770364800.001,4882.34,4882.34,4877.34,4877.34,11285,22033
1770364800.002,4862.06,4862.06,4857.06,4857.06,16638,21239.95
1770368400,4838.68,4843.68,4838.68,4843.68,8318,19254.35
1770368400.001,4873.07,4873.07,4868.07,4868.07,8318,18469.55
1770368400.002,4866.805,4866.805,4861.805,4861.805,17444,18141.05
1770372000,4852.045,4857.045,4852.045,4857.045,8722,16938.15
1770372000.001,4880.13,4880.13,4875.13,4875.13,25096,17373.45
1770375600,4863.83,4868.83,4863.83,4868.83,8187,16963.3
1770375600.001,4896.1,4896.1,4891.1,4891.1,8187,16454.95
1770375600.002,4887.38,4887.38,4882.38,4882.38,18110,16901.6
1770379200,4871.66,4876.66,4871.66,4876.66,9055,16895.5
1770379200.001,4903.9400000000005,4903.9400000000005,4898.9400000000005,4898.9400000000005,41540,17557.2
1770382800,4897.3550000000005,4902.3550000000005,4897.3550000000005,4902.3550000000005,16242,17661.7
1770382800.001,4938.505,4938.505,4933.505,4933.505,16242,15982.65
1770382800.002,4929.115,4929.13,4924.13,4924.13,38636,17022.7
1770386400,4894.45,4899.45,4894.45,4899.45,19318,17096.85
1770386400.001,4949.975,4953.16,4948.16,4953.16,69473,19651.9
1770390000,4964.8150000000005,4964.8150000000005,4959.8150000000005,4959.8150000000005,25078,20446.5
1770390000.001,4928.5,4933.5,4928.5,4933.5,25078,20112.6
1770390000.002,4943.77,4943.77,4938.77,4938.77,39192,21507.95
1770393600,4921.85,4926.85,4921.85,4926.85,19596,21923.5
1770393600.001,4953.62,4953.62,4948.62,4948.62,44047,23293.95
1770397200,4948.24,4953.24,4948.24,4953.24,12225,23489.3
1770397200.001,4968.72,4968.72,4963.72,4963.72,12225,23684.65
1770397200.002,4960.6,4960.6,4955.6,4955.6,23534,23989.15
1770400800,4943.835,4948.835,4943.835,4948.835,11766,24141.35
1770400800.001,4971.34,4971.34,4966.34,4966.34,11766,23474.85
1770400800.002,4962.47,4963.285,4958.285,4958.285,16394,23885.2
1770404400,4948.585,4953.585,4948.585,4953.585,5464,23749.05
1770404400.001,4957.135,4959.34,4954.34,4954.34,30875,24387.3
1770408000,4936.6900000000005,4941.6900000000005,4936.6900000000005,4941.6900000000005,10291,24449.1
1770408000.001,4953.33,4953.345,4948.345,4948.345,6470,22695.6
1770411600,4946.400000000001,4951.400000000001,4946.400000000001,4951.400000000001,3235,22045.25
1770411600.001,4968.915,4969.62,4964.62,4969.62,13090,21887.65
1770591600,4989.93,4989.93,4984.93,4984.93,9855,20448.6
1770591600.001,4965.42,4970.42,4965.42,4970.42,9854,19975.4
1770591600.002,5047.915,5047.915,5042.915,5042.915,9854,16994.45
1770591600.003,5036.085,5041.07,5036.07,5041.07,23801,16930.6
1770595200,5045.11,5045.11,5040.11,5040.11,11900,16271.7
1770595200.001,5012.075,5017.075,5012.075,5017.075,11900,14907.1
1770595200.002,5019.93,5024.93,5019.93,5024.93,34900,15672.3
1770598800,5042.1050000000005,5042.1050000000005,5037.1050000000005,5037.1050000000005,17449,14342.4
1770598800.001,4976.150000000001,4981.150000000001,4976.150000000001,4981.150000000001,17449,14603.6
1770598800.002,4983.005,4983.005,4978.005,4978.005,26468,15315.75
1770602400,4968.885,4973.885,4968.885,4973.885,13233,14800.7
1770602400.001,5017.585,5017.585,5012.585,5012.585,13233,14874.05
1770602400.002,5007.245,5010.72,5005.72,5010.72,27291,15650.3
1770606000,5031.275000000001,5031.275000000001,5026.275000000001,5026.275000000001,9097,15285.45
1770606000.001,5016.06,5021.06,5016.06,5021.06,15106,15767.55
1770609600,5024.845,5024.845,5019.845,5019.845,7552,14601.4
1770609600.001,5007.42,5012.42,5007.42,5012.42,33941,15783.9
1770613200,5041.755,5041.755,5036.755,5036.755,8796,15900.2
1770613200.001,5036.6050000000005,5041.6050000000005,5036.6050000000005,5041.6050000000005,25150,16995.95
1770616800,5045.8150000000005,5045.8150000000005,5040.8150000000005,5040.8150000000005,12575,16970.2
1770616800.001,5013.92,5018.92,5013.92,5018.92,12575,17106.2
1770616800.002,5031.155,5031.155,5026.155,5026.155,25144,17870.7
1770620400,4997.8550000000005,5002.8550000000005,4997.8550000000005,5002.8550000000005,8381,17797.05
1770620400.001,5006.475,5008,5003,5008,23960,17805
1770624000,5036.2,5036.2,5031.2,5031.2,7986,17609.3
1770624000.001,5027.56,5032.56,5027.56,5032.56,16014,17815
1770627600,5041.400000000001,5041.400000000001,5036.400000000001,5036.400000000001,8006,16470.3
1770627600.001,5002.78,5007.78,5002.78,5007.78,8006,15998.15
1770627600.002,5007.985,5012.93,5007.93,5012.93,19435,16097.45
1770631200,5015.45,5015.45,5010.45,5010.45,9717,15259.9
1770631200.001,4982.495,4987.495,4982.495,4987.495,9717,15084.1
1770631200.002,4991.025000000001,4993.8550000000005,4988.8550000000005,4993.8550000000005,20095,15427.2
1770634800,5018.335,5018.335,5013.335,5013.335,6698,14397.55
1770634800.001,5010.83,5012.435,5007.435,5012.435,19695,14927.45
1770638400,5021.92,5021.92,5016.92,5016.92,6565,14500.4
1770638400.001,5013.385,5018.385,5013.385,5018.385,26218,15433.7
1770642000,5025,5025,5020,5020,13108,14392.05
1770642000.001,4995.125,5000.125,4995.125,5000.125,13108,14607.65
1770642000.002,5007.34,5007.400000000001,5002.400000000001,5007.400000000001,55974,16148.85
1770645600,5040.845,5040.845,5035.845,5035.845,44422,17741.2
1770649200,5023.76,5028.76,5023.76,5028.76,12882,17756.55
1770649200.001,5060.56,5061.655,5056.655,5061.655,41848,18591.75
1770652800,5080.895,5080.895,5075.895,5075.895,9655,18655.45
1770652800.001,5073.57,5075.62,5070.62,5070.62,41566,19535.75
1770656400,5040.965,5045.965,5040.965,5045.965,13855,19829.2
1770656400.001,5046.3,5049.4400000000005,5044.4400000000005,5049.4400000000005,45342,21295.6
1770660000,5064.125,5067.495,5062.495,5067.495,39635,22877.05
1770663600,5080.145,5080.145,5075.145,5075.145,8173,22885.4
1770663600.001,5074.62,5077.215,5072.215,5077.215,35456,23686.45
1770667200,5086.68,5086.68,5081.68,5081.68,11818,23791.5
1770667200.001,5079.705,5083.2,5078.2,5078.2,10506,23830.95
1770670800,5048.400000000001,5053.400000000001,5048.400000000001,5053.400000000001,3501,23001.25
1770670800.001,5057.775000000001,5062.535,5057.535,5062.535,22482,23790.45
1770678000,5064.13,5064.13,5059.13,5059.13,11240,23367.7
1770678000.001,4987.385,4992.385,4987.385,4992.385,11240,23601.45
1770678000.002,5031.995,5036.995,5031.995,5036.995,20861,23333.6
1770681600,5048.650000000001,5048.650000000001,5043.650000000001,5043.650000000001,10430,23199.7
1770681600.001,5009.015,5014.015,5009.015,5014.015,10430,23065.8
1770681600.002,5018.91,5018.91,5013.91,5013.91,34816,22007.9
1770685200,5012.59,5017.59,5012.59,5017.59,17408,20657.2
1770685200.001,5038.005,5038.005,5033.005,5033.005,29902,21508.2
1770688800,5032.9800000000005,5036.64,5031.64,5036.64,24990,20665.3
1770688800.001,5056.34,5056.34,5051.34,5051.34,12494,20807.25
1770688800.002,5038.66,5038.66,5033.66,5033.66,34272,20442.55
1770692400,5016.42,5021.42,5016.42,5021.42,11424,20321
1770692400.001,5030.155,5030.155,5025.155,5025.155,11590,18633.4
1770696000,5017.625,5022.625,5017.625,5022.625,5795,16941.4
1770696000.001,5033.9800000000005,5033.9800000000005,5028.9800000000005,5028.9800000000005,21277,17596.6
1770699600,5011.445,5016.445,5011.445,5016.445,7741,16210.85
1770699600.001,5040.68,5044.135,5039.135,5044.135,28173,17028.6
1770703200,5045.7300000000005,5045.7300000000005,5040.7300000000005,5040.7300000000005,10216,17014.1
1770703200.001,5019.07,5024.07,5019.07,5024.07,10216,17349.85
1770703200.002,5024.62,5024.625,5019.625,5019.625,15360,16993.75
1770706800,5018.67,5023.67,5018.67,5023.67,7679,16815.7
1770706800.001,5036.2,5036.2,5031.2,5031.2,22893,17398.35
1770710400,5028.82,5033.82,5028.82,5033.82,7607,16735.65
1770710400.001,5055.26,5055.26,5050.26,5050.26,7606,16594.45
1770710400.002,5042.07,5045.61,5040.61,5045.61,19645,17055.2
1770714000,5063.55,5063.55,5058.55,5058.55,6548,15641.8
1770714000.001,5046.905,5046.905,5041.905,5041.905,11783,15360.55
1770717600,5037.225,5042.225,5037.225,5042.225,5891,14160
1770717600.001,5058.195,5058.195,5053.195,5053.195,5891,13205.05
1770717600.002,5047.005,5049.525000000001,5044.525000000001,5049.525000000001,10805,13120.6
1770721200,5057.555,5057.555,5052.555,5052.555,26446,12729.3
1770724800,5019.935,5024.935,5019.935,5024.935,7615,12538.85
1770724800.001,5032.215,5032.285,5027.285,5027.285,23252,13121.95
1770728400,5026.6050000000005,5031.6050000000005,5026.6050000000005,5031.6050000000005,11626,13413.5
1770728400.001,5059.06,5059.06,5054.06,5054.06,11625,12930.9
1770728400.002,5051.175,5056.175,5051.175,5056.175,33908,14239.25
1770732000,5078.745,5078.745,5073.745,5073.745,16954,13678.3
1770732000.001,5020.795,5025.795,5020.795,5025.795,16953,14015.15
1770732000.002,5039.53,5044.085,5039.085,5044.085,41308,15569.75
1770735600,5048.04,5048.04,5043.04,5043.04,20654,15834.45
1770735600.001,4998.95,5003.95,4998.95,5003.95,20654,16483.2
1770735600.002,5019.6,5019.61,5014.61,5014.61,38030,17240.05
1770739200,5005.785,5010.785,5005.785,5010.785,19015,17810.45
1770739200.001,5026.575,5026.575,5021.575,5021.575,38577,19359
1770742800,5020.78,5025.78,5020.78,5025.78,9781,18865.8
1770742800.001,5040.22,5040.22,5035.22,5035.22,9780,19027.4
1770742800.002,5026.6050000000005,5027.985,5022.985,5022.985,34851,20180.8
1770746400,5004.7300000000005,5009.7300000000005,5004.7300000000005,5009.7300000000005,11617,20467.1
1770746400.001,5013.17,5014.015,5009.015,5014.015,21457,21245.4
1770750000,5030.375,5030.375,5025.375,5025.375,24020,21906.15
1770753600,5020.5,5025.5,5020.5,5025.5,8433,21005.5
1770753600.001,5045.6,5045.6,5040.6,5040.6,8433,21046.4
1770753600.002,5030.3150000000005,5032.865,5027.865,5027.865,7465,20257.05
1770757200,5020.400000000001,5025.400000000001,5020.400000000001,5025.400000000001,6461,19998.8
1770764400,5033.585,5033.975,5028.975,5033.975,7945,19814.8
1770764400.001,5054.8550000000005,5054.8550000000005,5049.8550000000005,5049.8550000000005,3972,18318
1770764400.002,5041.735,5046.735,5041.735,5046.735,12064,18073.5
1770768000,5049.625,5049.625,5044.625,5044.625,6031,17527.4
1770768000.001,5028.39,5033.39,5028.39,5033.39,6031,15763.55
1770768000.002,5037.735,5037.895,5032.895,5032.895,16057,15533.7
1770771600,5030.845,5035.845,5030.845,5035.845,8028,14902.4
1770771600.001,5053.035,5053.035,5048.035,5048.035,23433,14172.55
1770775200,5032.745,5037.745,5032.745,5037.745,7702,13606.9
1770775200.001,5057.775000000001,5060.735,5055.735,5060.735,18560,12606.05
1770778800,5061.02,5061.02,5056.02,5056.02,5429,12388.45
1770778800.001,5045.165,5050.165,5045.165,5050.165,5428,12170.85
1770778800.002,5054.49,5059.365,5054.365,5059.365,6524,10754.5
1770782400,5059.545,5059.545,5054.545,5054.545,3262,10336.75
1770782400.001,5045.85,5048.8,5043.8,5048.8,20261,10276.95
1770786000,5064.04,5064.04,5059.04,5059.04,5666,9359.25
1770786000.001,5053.150000000001,5054.59,5049.59,5054.59,20539,9964.55
1770789600,5064.7,5069.22,5064.22,5069.22,21242,10605
1770793200,5069.235,5069.235,5064.235,5064.235,7198,10591.65
1770793200.001,5049.125,5054.125,5049.125,5054.125,7197,10628.45
1770793200.002,5055.505,5060.3150000000005,5055.3150000000005,5060.3150000000005,5046,10483.5
1770796800,5060.51,5060.51,5055.51,5055.51,2522,10411
1770796800.001,5045.92,5050.92,5045.92,5050.92,2522,9933.9
1770796800.002,5053.8,5053.8,5048.8,5048.8,8260,10045.35
1770800400,5047.345,5052.345,5047.345,5052.345,4130,9950.3
1770800400.001,5072.185,5072.185,5067.185,5067.185,4130,9353.95
1770800400.002,5062.925,5067.59,5062.59,5067.59,24174,10161.25
1770804000,5101.49,5101.49,5096.49,5096.49,8058,9392.5
1770804000.001,5093.245,5093.3,5088.3,5088.3,14288,9721.8
1770807600,5082.68,5087.68,5082.68,5087.68,7143,9150.95
1770807600.001,5116.725,5116.725,5111.725,5111.725,7143,9236.65
1770807600.002,5111.67,5116.665,5111.665,5116.665,22279,10079.2
1770811200,5119.345,5119.345,5114.345,5114.345,11139,10309.95
1770811200.001,5052.53,5057.53,5052.53,5057.53,11139,10703.8
1770811200.002,5083.525000000001,5088.395,5083.395,5088.395,40392,11710.35
1770814800,5090.24,5090.24,5085.24,5085.24,20196,12436.85
1770814800.001,5019.715,5024.715,5019.715,5024.715,20195,12419.65
1770814800.002,5065.77,5070.77,5065.77,5070.77,45562,13635.65
1770818400,5083.345,5083.345,5078.345,5078.345,22781,14414.8
1770818400.001,5035.78,5040.78,5035.78,5040.78,22780,15193.95
1770818400.002,5059.445,5059.445,5054.445,5054.445,55760,17729.65
1770822000,5039.305,5044.305,5039.305,5044.305,27879,18997.5
1770822000.001,5081.900000000001,5081.900000000001,5076.900000000001,5076.900000000001,27879,20265.35
1770822000.002,5060.07,5060.07,5055.07,5055.07,39026,21803.65
1770825600,5043.115,5048.115,5043.115,5048.115,19513,22572.8
1770825600.001,5078.31,5078.31,5073.31,5073.31,42626,24497.6
1770829200,5068.545,5073.545,5068.545,5073.545,11556,23866.7
1770829200.001,5099.3150000000005,5099.3150000000005,5094.3150000000005,5094.3150000000005,11556,24041.6
1770829200.002,5091.53,5092.995,5087.995,5087.995,32692,24961.8
1770832800,5066.96,5071.96,5066.96,5071.96,10897,25149.5
1770832800.001,5082.64,5087.59,5082.59,5087.59,20938,25839.25
1770836400,5094.29,5094.29,5089.29,5089.29,10469,25248.75
1770836400.001,5076.92,5081.92,5076.92,5081.92,10468,25215.2
1770836400.002,5081.99,5083.22,5078.22,5083.22,32083,26262.4
1770840000,5090.195,5091.97,5086.97,5091.97,16748,25080.2
1770843600,5093.335,5093.335,5088.335,5088.335,3027,24221.75
1770843600.001,5069.965,5074.965,5069.965,5074.965,3026,23363.3
1770843600.002,5084.28,5089.28,5084.28,5089.28,6433,21406.85
1770850800,5095.495,5095.915,5090.915,5090.915,12866,20911.1
1770850800.001,5053.89,5058.89,5053.89,5058.89,6433,20093.75
1770850800.002,5061.55,5061.55,5056.55,5056.55,18108,18211.15
1770854400,5049.9800000000005,5054.9800000000005,5049.9800000000005,5054.9800000000005,9054,17269.9
1770854400.001,5067.945,5067.945,5062.945,5062.945,30979,17424.9
1770858000,5045.445,5050.445,5045.445,5050.445,10962,16021.7
1770858000.001,5064.3150000000005,5064.3150000000005,5059.3150000000005,5059.3150000000005,24780,16285.05
1770861600,5055.055,5060.055,5055.055,5060.055,6908,14499.15
1770861600.001,5073.25,5073.25,5068.25,5068.25,6908,14266.75
1770861600.002,5066.1,5071.01,5066.01,5071.01,12276,14302.75
1770865200,5074.875,5074.875,5069.875,5069.875,6137,12975
1770865200.001,5054.82,5056.995,5051.995,5051.995,13371,13098.7
1770868800,5050.985,5055.985,5050.985,5055.985,3617,12232.65
1770868800.001,5070.36,5070.36,5065.36,5065.36,15646,12491.5
1770872400,5064.46,5069.46,5064.46,5069.46,6015,12268.85
1770872400.001,5078.42,5078.42,5073.42,5073.42,30515,12190.45
1770876000,5047.13,5052.13,5047.13,5052.13,8166,11761.35
1770876000.001,5060.01,5060.01,5055.01,5055.01,8975,12058.75
1770879600,5052,5057,5052,5057,4487,12131.8
1770879600.001,5066.49,5066.49,5061.49,5061.49,13681,12494.2
1770883200,5052.43,5057.43,5052.43,5057.43,4597,12080.75
1770883200.001,5073.6,5073.6,5068.6,5068.6,13971,12457.65
1770886800,5066.25,5071.25,5066.25,5071.25,4687,11786.6
1770886800.001,5080.91,5080.91,5075.91,5075.91,4687,11568.25
1770886800.002,5073.265,5077.09,5072.09,5072.09,12693,10653.95
1770890400,5056.29,5061.29,5056.29,5061.29,4231,10317.4
1770890400.001,5062.4800000000005,5064.53,5059.53,5064.53,5166,9336.7
1770894000,5068.4800000000005,5068.665,5063.665,5063.665,14114,9697
1770897600,5048.935,5053.935,5048.935,5053.935,28138,10758.5
1770901200,5083.8550000000005,5083.8550000000005,5078.8550000000005,5078.8550000000005,8002,10544.8
1770901200.001,5075.455,5077.905,5072.905,5072.905,43308,12403.35
1770904800,5039.7,5044.7,5039.7,5044.7,49302,14199.9
1770908400,5074.87,5074.87,5069.87,5069.87,11621,14600.1
1770908400.001,5060.57,5065.57,5060.57,5065.57,79376,17786.6
1770912000,5068.36,5068.36,5063.36,5063.36,39688,19470.25
1770912000.001,4878.5,4883.5,4878.5,4883.5,39687,19928.85
1770912000.002,4954.74,4959.74,4954.74,4959.74,56076,22324.35
1770915600,4983.245,4983.245,4978.245,4978.245,28038,23277.5
1770915600.001,4939.89,4944.89,4939.89,4944.89,73315,26718.9
1770919200,4952.285,4952.285,4947.285,4947.285,22639,27166.8
1770919200.001,4906.765,4911.765,4906.765,4911.765,22639,28068.9
1770919200.002,4935.625,4935.64,4930.64,4930.64,41259,29433.3
1770922800,4927.775000000001,4932.775000000001,4927.775000000001,4932.775000000001,20629,30230.4
1770922800.001,4958.155,4958.155,4953.155,4953.155,20629,31027.5
1770922800.002,4945.665,4948.68,4943.68,4943.68,66525,33719.1
1770926400,4911.215,4916.215,4911.215,4916.215,32741,35144.6
1770930000,4927.34,4927.34,4922.34,4922.34,3521,35062.35
1770930000.001,4922.08,4922.08,4917.08,4917.08,6891,34701.2
1770937200,4888.3150000000005,4893.3150000000005,4888.3150000000005,4893.3150000000005,13780,33983.3
1770937200.001,4928.76,4928.76,4923.76,4923.76,6890,33927.7
1770937200.002,4920.465,4920.47,4915.47,4915.47,21574,32841
1770940800,4913.86,4918.86,4913.86,4918.86,10787,30915.25
1770940800.001,4949,4949,4944,4944,10787,30873.55
1770940800.002,4928.175,4932.400000000001,4927.400000000001,4932.400000000001,43192,29064.35
1770944400,4988.825,4988.825,4983.825,4983.825,14397,27799.8
1770944400.001,4980.865,4980.865,4975.865,4975.865,17870,26708.95
1770948000,4972.3150000000005,4977.3150000000005,4972.3150000000005,4977.3150000000005,8935,24351.9
1770948000.001,4991.805,4991.805,4986.805,4986.805,25385,24219.25
1770951600,4973.97,4978.97,4973.97,4978.97,5483,20827.65
1770951600.001,4981.51,4986.505,4981.505,4986.505,9965,20193.95
1770955200,4997.555,4997.555,4992.555,4992.555,4982,19311.1
1770955200.001,4972.99,4977.99,4972.99,4977.99,22712,18383.75
1770958800,4986.555,4986.555,4981.555,4981.555,8865,17795.55
1770958800.001,4944.93,4949.93,4944.93,4949.93,36156,18571.9
1770962400,4968.875,4968.875,4963.875,4963.875,24313,16461.3
1770966000,4951.285,4956.285,4951.285,4956.285,7608,15204.65
1770966000.001,4982.900000000001,4982.900000000001,4977.900000000001,4977.900000000001,7607,15408.95
1770966000.002,4975.045,4975.91,4970.91,4975.91,19156,16022.2
1770969600,4989.695,4989.695,4984.695,4984.695,6385,15652.45
1770969600.001,4982.795,4982.975,4977.975,4977.975,13641,15990
1770973200,4961.49,4966.49,4961.49,4966.49,4546,15138.6
1770973200.001,4970.34,4975.34,4970.34,4975.34,8084,15003.45
1770976800,4980.89,4980.89,4975.89,4975.89,4042,14666.2
1770976800.001,4947.17,4950.1,4945.1,4945.1,16348,13324
1770980400,4933.635,4938.635,4933.635,4938.635,6153,12911.8
1770980400.001,4955.51,4957.235,4952.235,4957.235,26108,13323.7
1770984000,4974.2300000000005,4974.2300000000005,4969.2300000000005,4969.2300000000005,31894,14471.65
1770987600,4957.71,4962.71,4957.71,4962.71,12621,13833.45
1770987600.001,4999.685,4999.685,4994.685,4994.685,12621,14190.35
1770987600.002,4987.26,4987.275000000001,4982.275000000001,4982.275000000001,42356,15809.9
1770991200,4964.22,4969.22,4964.22,4969.22,21178,16619.7
1770991200.001,5011.07,5011.07,5006.07,5006.07,21178,16543
1770991200.002,4996.12,5001.12,4996.12,5001.12,53827,18791.1
1770994800,5020.68,5020.68,5015.68,5015.68,26913,18328.95
1770994800.001,4974.035,4979.035,4974.035,4979.035,79071,21066.85
1770998400,5033.735,5033.735,5028.735,5028.735,17386,21555.75
1770998400.001,5007.995,5011.1,5006.1,5011.1,27052,22528
1771002000,5029.235,5029.235,5024.235,5024.235,9017,22021.05
1771002000.001,5021.045,5021.085,5016.085,5016.085,16880,22545.8
1771005600,5015.485,5020.485,5015.485,5020.485,8440,22285.75
1771005600.001,5035.55,5036.185,5031.185,5036.185,27925,23454.7
1771009200,5046.185,5046.185,5041.185,5041.185,9742,23537.6
1771009200.001,5023.545,5026.705,5021.705,5026.705,43903,25530.65
1771012800,5034.85,5034.85,5029.85,5029.85,15985,25512.5
1771016400,5029.8,5034.8,5029.8,5034.8,2299,25319.8
1771016400.001,5046.4800000000005,5046.4800000000005,5041.4800000000005,5041.4800000000005,10240,24526.4
1771196400,5017.145,5017.145,5012.145,5012.145,7942,23328.8
1771196400.001,5009.64,5014.64,5009.64,5014.64,7941,23094.8
1771196400.002,5032.5650000000005,5032.5650000000005,5027.5650000000005,5027.5650000000005,7941,22860.8
1771196400.003,5020.215,5023.075,5018.075,5018.075,19991,21742.55
1771200000,5000.13,5005.13,5000.13,5005.13,6663,21016.8
1771200000.001,5015.62,5015.63,5010.63,5010.63,11551,20535.45
1771203600,5006.995,5011.995,5006.995,5011.995,5775,18132.85
1771203600.001,5031.29,5031.29,5026.29,5026.29,26327,18103.55
1771207200,4992.1900000000005,4997.1900000000005,4992.1900000000005,4997.1900000000005,20373,15168.65
1771210800,5000.08,5000.08,4995.08,4995.08,6761,14637.4
1771210800.001,4973.455,4978.455,4973.455,4978.455,6761,13622.85
1771210800.002,4987.555,4992.38,4987.38,4987.38,15916,13967.8
1771214400,4973.36,4977.92,4972.92,4972.92,14356,13841.6
1771218000,4964.865,4969.865,4964.865,4969.865,4525,13645.85
1771218000.001,4991.04,4991.04,4986.04,4986.04,12487,12873.95
1771221600,4984.58,4989.58,4984.58,4989.58,3981,12585.9
1771221600.001,5003.22,5003.22,4998.22,4998.22,3980,10589.75
1771221600.002,4994.92,4994.92,4989.92,4989.92,9456,10263.3
1771225200,4988.965,4993.965,4988.965,4993.965,4727,10384.7
1771225200.001,5010.115,5010.115,5005.115,5005.115,14151,10580.25
1771228800,4995.86,5000.86,4995.86,5000.86,4712,10418.75
1771228800.001,5013.33,5013.33,5008.33,5008.33,4711,10257.25
1771228800.002,5008.11,5012.995,5007.995,5012.995,9870,10353.7
1771232400,5017.445,5017.445,5012.445,5012.445,14408,10074.55
1771236000,5000.27,5005.27,5000.27,5005.27,3705,9926.65
1771236000.001,5006.09,5008.2300000000005,5003.2300000000005,5003.2300000000005,7426,9720.4
1771239600,4999.03,5004.03,4999.03,5004.03,2475,9555.4
1771239600.001,5004.75,5008.1900000000005,5003.1900000000005,5003.1900000000005,13696,8923.85
1771243200,4992.725,4997.725,4992.725,4997.725,4565,8133.45
1771243200.001,5002.03,5003.905,4998.905,4998.905,13080,8449.4
1771246800,4989.64,4994.64,4989.64,4994.64,4360,8329.35
1771246800.001,4997.365,4999.66,4994.66,4994.66,17681,8417.6
1771250400,4981.765,4986.765,4981.765,4986.765,5893,7994.45
1771250400.001,4988.41,4988.51,4983.51,4983.51,21229,8829.65
1771254000,4969.11,4974.11,4969.11,4974.11,7076,8559.1
1771254000.001,4979.7,4979.71,4974.71,4974.71,9298,8824.95
1771257600,4973.235,4978.235,4973.235,4978.235,4649,8858.4
1771257600.001,4990.45,4993.22,4988.22,4993.22,11474,8959.3
1771261200,4996.195,4996.195,4991.195,4991.195,6702,9058.05
1771264800,4988.645,4993.645,4988.645,4993.645,2213,8461.15
1771264800.001,4997.975,4997.975,4992.975,4992.975,6576,8554.35
1771268400,4990.425,4995.425,4990.425,4995.425,4720,8554.8
1771282800,4997.26,5001.24,4996.24,4996.24,6530,8387.8
1771282800.001,4985.185,4990.185,4985.185,4990.185,19853,8660.05
1771286400,4991.515,4991.515,4986.515,4986.515,8294,8889.5
1771286400.001,4932.235,4936.1,4931.1,4931.1,26197,9828.05
1771290000,4922.895,4927.895,4922.895,4927.895,8952,10151.9
1771290000.001,4964.1,4964.1,4959.1,4959.1,8952,9914.7
1771290000.002,4957.6050000000005,4959.875,4954.875,4959.875,12621,10317.5
1771293600,4971.55,4971.55,4966.55,4966.55,19425,10634.75
1771297200,4949.76,4954.76,4949.76,4954.76,5073,10670.4
1771297200.001,4956.87,4960.455,4955.455,4955.455,11728,10372.75
1771300800,4946.71,4951.71,4946.71,4951.71,3909,10273.55
1771300800.001,4953.03,4954.49,4949.49,4949.49,44079,11416.05
1771304400,4859.2,4864.2,4859.2,4864.2,14693,11796.9
1771304400.001,4888.9400000000005,4891.6,4886.6,4891.6,20039,12333.95
1771308000,4914.295,4914.295,4909.295,4909.295,20107,13106.85
1771311600,4903.87,4908.87,4903.87,4908.87,6713,12868.8
1771311600.001,4922.365,4922.365,4917.365,4917.365,6713,12869.35
1771311600.002,4917.1,4921.26,4916.26,4921.26,17939,13655.65
1771315200,4930.425,4930.425,4925.425,4925.425,5979,13625.8
1771315200.001,4920.78,4920.78,4915.78,4915.78,11166,13948.1
1771318800,4913.365,4918.365,4913.365,4918.365,5583,13900.75
1771318800.001,4932.67,4932.67,4927.67,4927.67,5582,13187.2
1771318800.002,4926.09,4931.03,4926.03,4931.03,11159,13330.45
1771322400,4939.400000000001,4939.400000000001,4934.400000000001,4934.400000000001,5579,12299.55
1771322400.001,4907.885,4912.885,4907.885,4912.885,5579,12130.9
1771322400.002,4913.385,4918.34,4913.34,4918.34,16401,12503.35
1771326000,4931.24,4933.4400000000005,4928.4400000000005,4933.4400000000005,26711,13207.85
1771329600,4944.7,4944.7,4939.7,4939.7,7081,12590.65
1771329600.001,4932.255,4933.545,4928.545,4928.545,38963,14285.15
1771333200,4869.965,4874.965,4869.965,4874.965,64331,16915.3
1771336800,4907.235,4907.235,4902.235,4902.235,25672,18003.45
1771336800.001,4842.6,4847.6,4842.6,4847.6,25672,17083.1
1771336800.002,4863.325,4863.325,4858.325,4858.325,54886,19092.75
1771340400,4849.17,4854.17,4849.17,4854.17,27443,19462.95
1771340400.001,4882.64,4883.6,4878.6,4883.6,66644,21789.8
1771344000,4894.005,4894.005,4889.005,4889.005,19601,22434.2
1771344000.001,4868.655,4871.49,4866.49,4866.49,86203,26408.7
1771347600,4850.09,4855.09,4850.09,4855.09,22201,26621.8
1771347600.001,4865.095,4867.395,4862.395,4867.395,46275,28636.6
1771351200,4910.900000000001,4910.900000000001,4905.900000000001,4905.900000000001,15425,28849.55
1771351200.001,4899.165,4901.295,4896.295,4896.295,41556,30648.2
1771354800,4876.45,4881.45,4876.45,4881.45,42920,32515.1
1771358400,4884.3550000000005,4884.3550000000005,4879.3550000000005,4879.3550000000005,14533,32683.8
1771358400.001,4873.59,4878.59,4873.59,4878.59,18893,33349.5
1771362000,4886.965,4886.965,4881.965,4881.965,2180,33179.55
1771362000.001,4875.145,4877.8550000000005,4872.8550000000005,4872.8550000000005,7755,32747.25
1771369200,4871.135,4876.135,4871.135,4876.135,5575,31690.45
1771369200.001,4884.845,4884.845,4879.845,4879.845,5575,31615.15
1771369200.002,4854.24,4859.24,4854.24,4859.24,5574,29945.7
1771369200.003,4859.4400000000005,4863.37,4858.37,4863.37,21500,27804.15
1771372800,4883.400000000001,4883.400000000001,4878.400000000001,4878.400000000001,7166,26878.85
1771372800.001,4875.01,4879.650000000001,4874.650000000001,4879.650000000001,17781,26484.3
1771376400,4893.55,4893.55,4888.55,4888.55,13672,24423.6
1771380000,4886.475,4891.475,4886.475,4891.475,3872,23245.05
1771380000.001,4907.515,4909.25,4904.25,4909.25,15696,20697.65
1771383600,4922.345,4923.415,4918.415,4923.415,15845,20509.85
1771387200,4940.89,4940.89,4935.89,4935.89,3968,16398.1
1771387200.001,4934.235,4939.235,4934.235,4939.235,5147,15545.4
1771390800,4939.8,4939.8,4934.8,4934.8,2573,13360.3
1771390800.001,4929.97,4934.97,4929.97,4934.97,9573,13067.7
1771394400,4936.21,4936.21,4931.21,4931.21,3500,11164.9
1771394400.001,4925.21,4930.21,4925.21,4930.21,3499,9193.85
1771394400.002,4930.91,4935.835,4930.835,4935.835,7267,8830.55
1771398000,4942.49,4942.49,4937.49,4937.49,3633,8067.55
1771398000.001,4929.1900000000005,4932.32,4927.32,4927.32,16710,8794.05
1771401600,4916.8150000000005,4918.075,4913.075,4918.075,16521,9232.35
1771405200,4923.28,4923.28,4918.28,4918.28,4054,9156.3
1771405200.001,4917.425,4922.425,4917.425,4922.425,12884,9521.75
1771408800,4924.755,4924.755,4919.755,4919.755,6441,9565.1
1771408800.001,4909.345,4914.345,4909.345,4914.345,6441,8812.15
1771408800.002,4914.650000000001,4917.79,4912.79,4912.79,10271,8967.4
1771412400,4906.425,4911.425,4906.425,4911.425,3423,8249.5
1771412400.001,4913.075,4917.12,4912.12,4917.12,18657,8498.75
1771416000,4947.1050000000005,4948.2,4943.2,4948.2,34056,10007.95
1771419600,4969.1,4969.1,4964.1,4964.1,9279,9687.1
1771419600.001,4954.78,4957.34,4952.34,4957.34,46043,11197
1771423200,4994.51,4996.49,4991.49,4996.49,59539,13975.55
1771426800,5009.035,5009.035,5004.035,5004.035,14730,14454.7
1771426800.001,4997.95,4997.99,4992.99,4992.99,24115,15531.8
1771430400,4991.445,4996.445,4991.445,4996.445,12057,15656
1771430400.001,5010.915,5010.915,5005.915,5005.915,12057,16083.85
1771430400.002,5000.555,5001.97,4996.97,4996.97,21153,16966.55
1771434000,4993.5,4998.5,4993.5,4998.5,7051,16955.75
1771434000.001,4999.195,5003.27,4998.27,4998.27,37899,18669.05
1771437600,4980.55,4985.55,4980.55,4985.55,12632,18465.15
1771437600.001,4987.445,4992.445,4987.445,4992.445,28283,19053.25
1771441200,4995.56,4995.56,4990.56,4990.56,14141,19557.6
1771441200.001,4972.87,4977.87,4972.87,4977.87,14141,19620.45
1771441200.002,4980.715,4980.715,4975.715,4975.715,26189,20607.85
1771444800,4975.615,4980.615,4975.615,4980.615,13094,20940.5
1771444800.001,4987.555,4987.555,4982.555,4982.555,16404,21247.15
1771448400,4975.56,4977.26,4972.26,4972.26,10505,21601.25
1771455600,4966.715,4971.715,4966.715,4971.715,4701,20903.45
1771455600.001,4988.86,4988.86,4983.86,4983.86,4701,19435.7
1771455600.002,4976.150000000001,4976.42,4971.42,4971.42,16239,19783.7
1771459200,4960.645,4965.645,4960.645,4965.645,20048,18483.95
1771462800,4975.63,4977.465,4972.465,4972.465,15231,16268.55
1771466400,4965.825,4970.825,4965.825,4970.825,13892,16226.65
1771470000,4983.4800000000005,4983.4800000000005,4978.4800000000005,4978.4800000000005,9166,15479.2
1771473600,4977.09,4982.09,4977.09,4982.09,2843,15018.5
1771473600.001,4985.6900000000005,4989.42,4984.42,4989.42,11448,14988.05
1771477200,4998.9400000000005,5001.765,4996.765,5001.765,14837,14672.25
1771480800,5020.29,5021.805,5016.805,5016.805,14214,15030.4
1771484400,5008.8150000000005,5011.31,5006.31,5011.31,19868,14128.85
1771488000,5022.17,5022.17,5017.17,5017.17,5486,13771.55
1771488000.001,5017.085,5020.5650000000005,5015.5650000000005,5015.5650000000005,15618,13138.3
1771491600,4993.215,4996.25,4991.25,4991.25,24126,13637.55
1771495200,4981.45,4986.45,4981.45,4986.45,6306,13245.8
1771495200.001,4993.405,4996.4800000000005,4991.4800000000005,4991.4800000000005,15094,12691.05
1771498800,4977.9800000000005,4982.9800000000005,4977.9800000000005,4982.9800000000005,5031,12287.9
1771498800.001,4984.715,4985.765,4980.765,4985.765,14698,12202.6
1771502400,4992.905,4992.905,4987.905,4987.905,4899,11922.3
1771502400.001,4984.97,4985.02,4980.02,4980.02,15858,12480.15
1771506000,4971.125,4976.125,4971.125,4976.125,7929,12641.55
1771506000.001,4998.81,4998.81,4993.81,4993.81,40762,13867.7
1771509600,4963.445,4968.445,4963.445,4968.445,16416,13686.1
1771509600.001,5010.4400000000005,5010.4400000000005,5005.4400000000005,5005.4400000000005,55252,15687.15
1771513200,4996.095,5001.095,4996.095,5001.095,19418,15963.45
1771513200.001,5022.385,5022.385,5017.385,5017.385,19417,16476
1771513200.002,5013.83,5014.445,5009.445,5009.445,27568,17712.25
1771516800,4990.22,4995.22,4990.22,4995.22,17777,18028.7
1771520400,4995.2300000000005,5000.2300000000005,4995.2300000000005,5000.2300000000005,8588,17716.25
1771520400.001,5001.905,5001.905,4996.905,4996.905,8587,17434.9
1771520400.002,4982.84,4987.84,4982.84,4987.84,28707,17876.85
1771524000,4989.7,4989.7,4984.7,4984.7,10059,18105.5
1771524000.001,4975.41,4980.41,4975.41,4980.41,10059,17827.55
1771524000.002,4981.87,4983.325,4978.325,4983.325,24923,17867.4
1771527600,4990.495,4992.88,4987.88,4992.88,40826,19593.4
1771531200,5003.545,5004.225,4999.225,4999.225,14651,19571.25
1771534800,4992.0650000000005,4997.0650000000005,4992.0650000000005,4997.0650000000005,5089,19574.15
1771542000,5000.805,5005.805,5000.805,5005.805,3819,19030.2
1771542000.001,5008.24,5008.24,5003.24,5003.24,3819,18976.2
1771542000.002,4985.56,4990.435,4985.435,4990.435,15302,18948.4
1771545600,5007.185,5011.635,5006.635,5011.635,13057,19204.8
1771549200,5014.865,5014.865,5009.865,5009.865,4614,17397.4
1771549200.001,4995.475,5000.475,4995.475,5000.475,10914,17122.3
1771552800,5007.68,5007.68,5002.68,5002.68,3150,14517.2
1771552800.001,4992.900000000001,4997.900000000001,4992.900000000001,4997.900000000001,9178,14005.2
1771556400,4999.265,4999.265,4994.265,4994.265,3014,13185.05
1771556400.001,4981.67,4986.67,4981.67,4986.67,3014,11957.35
1771556400.002,4988.6900000000005,4991.96,4986.96,4991.96,5533,11345.15
1771560000,5003.8150000000005,5003.8150000000005,4998.8150000000005,4998.8150000000005,7096,11270.55
1771563600,4997.915,5002.915,4997.915,5002.915,2625,10972.45
1771563600.001,5012.185,5016.89,5011.89,5016.89,17971,10435.65
1771567200,5030.145,5030.145,5025.145,5025.145,5115,10188.45
1771567200.001,5020.79,5025.745,5020.745,5025.745,10076,10189.3
1771570800,5028.36,5028.36,5023.36,5023.36,5037,9195
1771570800.001,5006.145,5009.97,5004.97,5009.97,19167,8112.05
1771574400,5031.215,5033.995,5028.995,5033.995,13996,8079.3
1771578000,5042.74,5042.74,5037.74,5037.74,4642,8056.95
1771578000.001,5027.625,5027.67,5022.67,5022.67,14044,8568.2
1771581600,5019.52,5024.52,5019.52,5024.52,4701,8612.3
1771581600.001,5038.66,5038.66,5033.66,5033.66,15657,8630.05
1771585200,5015.585,5017.435,5012.435,5012.435,16812,8817.8
1771588800,5007.285,5012.285,5007.285,5012.285,6579,8916.05
1771588800.001,5026.675,5026.675,5021.675,5021.675,27365,9738.6
1771592400,5018.145,5023.145,5018.145,5023.145,10393,10100.75
1771592400.001,5048.885,5048.885,5043.885,5043.885,10393,10161.5
1771592400.002,5043.4800000000005,5043.5,5038.5,5038.5,31126,11567.1
1771596000,5037.31,5042.31,5037.31,5042.31,15562,12194.5
1771596000.001,5060.655,5060.655,5055.655,5055.655,15562,12695.95
1771596000.002,5054.495,5059.495,5054.495,5059.495,72885,15985.4
1771599600,5064.33,5064.33,5059.33,5059.33,36442,17676.25
1771599600.001,4990.585,4995.585,4990.585,4995.585,36442,18599.8
1771599600.002,5042.805,5043.835,5038.835,5043.835,57844,21236.25
1771603200,5069.475,5069.475,5064.475,5064.475,54553,23460.1
1771606800,5054.555,5059.555,5054.555,5059.555,17636,24090.05
1771606800.001,5076.465,5076.465,5071.465,5071.465,70412,26652.3
1771610400,5053.79,5058.79,5053.79,5058.79,17592,26832.1
1771610400.001,5071.52,5073.785,5068.785,5073.785,23833,27791.65
1771614000,5079.81,5082.01,5077.01,5082.01,45506,29364.75
1771617600,5098.215,5098.215,5093.215,5093.215,18740,30066.7
1771621200,5091.8,5096.8,5091.8,5096.8,3110,29439.35
1771621200.001,5108.72,5113.255,5108.255,5113.255,12065,29202
1771801200,5118.71,5122.8150000000005,5117.8150000000005,5122.8150000000005,17908,29768.45
1771801200.001,5172.3150000000005,5172.3150000000005,5167.3150000000005,5167.3150000000005,8954,28847.9
1771801200.002,5165.785,5166.89,5161.89,5161.89,38122,30234.35
1771804800,5129.61,5134.61,5129.61,5134.61,12707,30350.05
1771804800.001,5144.650000000001,5144.885,5139.885,5144.885,29601,30273.8
1771808400,5167.935,5167.935,5162.935,5162.935,9867,29989.05
1771808400.001,5157.345,5161.765,5156.765,5161.765,19992,30210.55
1771812000,5176.95,5176.95,5171.95,5171.95,24814,27807
1771815600,5151.775000000001,5156.775000000001,5151.775000000001,5156.775000000001,6050,26287.4
1771815600.001,5166.85,5168.8550000000005,5163.8550000000005,5163.8550000000005,12143,25072.45
1771819200,5155.4400000000005,5160.4400000000005,5155.4400000000005,5160.4400000000005,4047,22382.6
1771819200.001,5160.955,5161.86,5156.86,5156.86,12255,20267.7
1771822800,5152.165,5157.165,5152.165,5157.165,4085,19590.15
1771822800.001,5158.36,5161.755,5156.755,5156.755,13182,16728.65
1771826400,5145.13,5150.13,5145.13,5150.13,21628,16930.45
1771830000,5154.375,5154.375,5149.375,5149.375,8617,16169.65
1771830000.001,5125.1900000000005,5130.1900000000005,5125.1900000000005,5130.1900000000005,8616,14325.15
1771830000.002,5136.835,5136.835,5131.835,5131.835,12095,13992.9
1771833600,5122.22,5127.22,5122.22,5127.22,6047,14139.75
1771833600.001,5142.225,5144.16,5139.16,5144.16,22043,14638.65
1771837200,5150.165,5150.165,5145.165,5145.165,19437,14715.1
1771840800,5145.16,5150.16,5145.16,5150.16,7053,14620.05
1771840800.001,5163.655,5163.655,5158.655,5158.655,22256,13826.75
1771844400,5146.36,5150.535,5145.535,5150.535,25671,14474.95
1771848000,5165.555,5165.5650000000005,5160.5650000000005,5160.5650000000005,27576,14373.7
1771851600,5143.85,5146.615,5141.615,5146.615,48507,16305.7
1771855200,5200.665,5200.665,5195.665,5195.665,13867,15999.45
1771855200.001,5192.825,5192.825,5187.825,5187.825,31391,16328.3
1771858800,5180.72,5185.72,5180.72,5185.72,15695,16810.55
1771858800.001,5205.17,5205.17,5200.17,5200.17,15695,16988.15
1771858800.002,5195.97,5195.97,5190.97,5190.97,30422,18306.9
1771862400,5175.805,5180.805,5175.805,5180.805,15211,18454.7
1771862400.001,5219.215,5219.215,5214.215,5214.215,15211,19011
1771862400.002,5210.16,5213.575,5208.575,5208.575,44532,20578.5
1771866000,5191.275000000001,5196.275000000001,5191.275000000001,5196.275000000001,14843,20239.25
1771866000.001,5208.06,5208.09,5203.09,5203.09,21717,20894.25
1771869600,5201.015,5206.015,5201.015,5206.015,10858,21006.35
1771869600.001,5215.925,5215.925,5210.925,5210.925,10858,20944.5
1771869600.002,5209.4800000000005,5211.650000000001,5206.650000000001,5211.650000000001,26354,21959.85
1771873200,5218.4400000000005,5219.875,5214.875,5219.875,43803,23047.85
1771876800,5237.95,5237.95,5232.95,5232.95,20087,23080.35
1771880400,5226.43,5231.43,5226.43,5231.43,8731,23164.25
1771887600,5244.9800000000005,5249.9800000000005,5244.9800000000005,5249.9800000000005,5925,22347.7
1771887600.001,5250.005,5250.005,5245.005,5245.005,5925,21360.4
1771887600.002,5233.83,5238.18,5233.18,5233.18,31525,21557.85
1771891200,5217.52,5222.52,5217.52,5222.52,8533,19559.15
1771891200.001,5224.185,5224.400000000001,5219.400000000001,5219.400000000001,70470,22389.3
1771894800,5145.135,5150.135,5145.135,5150.135,23489,21994.2
1771894800.001,5177.375,5177.38,5172.38,5172.38,18924,22155.65
1771898400,5165.46,5170.46,5165.46,5170.46,9462,21844
1771898400.001,5190.965,5191.95,5186.95,5186.95,26742,21660
1771902000,5171.02,5175.36,5170.36,5170.36,19858,21892.35
1771905600,5161.12,5166.12,5161.12,5166.12,4699,21366.75
1771905600.001,5168.3,5169.150000000001,5164.150000000001,5169.150000000001,21897,20235
1771909200,5185.88,5185.88,5180.88,5180.88,29635,20974.6
1771912800,5155.905,5160.905,5155.905,5160.905,7445,20261
1771912800.001,5173.635,5173.64,5168.64,5168.64,16514,20543.8
1771916400,5164.25,5169.25,5164.25,5169.25,8256,20413.7
1771916400.001,5184.150000000001,5184.150000000001,5179.150000000001,5179.150000000001,24996,20345.8
1771920000,5165.21,5170.21,5165.21,5170.21,5579,18434.6
1771920000.001,5173.64,5178.5,5173.5,5178.5,5717,17716.1
1771923600,5180.55,5180.55,5175.55,5175.55,2858,17422.45
1771923600.001,5166.5650000000005,5171.5650000000005,5166.5650000000005,5171.5650000000005,2858,17269.1
1771923600.002,5171.595,5171.595,5166.595,5166.595,8794,17412.55
1771927200,5163.3550000000005,5168.3550000000005,5163.3550000000005,5168.3550000000005,4396,16056.1
1771927200.001,5181.49,5181.49,5176.49,5176.49,4396,15849.25
1771927200.002,5172.92,5177.92,5172.92,5177.92,6564,12653.95
1771930800,5178.67,5178.67,5173.67,5173.67,3282,11643.6
1771930800.001,5171.02,5173.58,5168.58,5168.58,27558,12075.3
1771934400,5145.01,5150.01,5145.01,5150.01,8092,12006.8
1771934400.001,5150.77,5155.77,5150.77,5155.77,29212,12130.3
1771938000,5161.485,5161.485,5156.485,5156.485,14606,11867.7
1771938000.001,5111,5115.145,5110.145,5110.145,63452,14805.35
1771941600,5093.225,5098.225,5093.225,5098.225,24423,14931.65
1771941600.001,5139.38,5139.38,5134.38,5134.38,24422,14671
1771941600.002,5127.885,5127.900000000001,5122.900000000001,5122.900000000001,34869,16042.2
1771945200,5117.875,5122.875,5117.875,5122.875,17434,16088.2
1771945200.001,5155.375,5155.375,5150.375,5150.375,51087,18229.75
1771948800,5130.68,5135.68,5130.68,5135.68,11217,17540.8
1771948800.001,5141.975,5146.685,5141.685,5146.685,25584,18541.05
1771952400,5163.86,5168.715,5163.715,5168.715,25747,19542.55
1771956000,5170.37,5170.37,5165.37,5165.37,8609,19830.1
1771956000.001,5153.575,5158.575,5153.575,5158.575,8609,20117.65
1771956000.002,5160.125,5160.55,5155.55,5155.55,24497,20902.8
1771959600,5146.39,5151.39,5146.39,5151.39,8165,21091.25
1771959600.001,5153.995,5154,5149,5149,20506,21896.75
1771963200,5146.650000000001,5151.650000000001,5146.650000000001,5151.650000000001,10253,22081.2
1771963200.001,5173.31,5173.31,5168.31,5168.31,10253,22429.75
1771963200.002,5164.095,5165.51,5160.51,5160.51,11601,21631.9
1771966800,5139.88,5143.925,5138.925,5138.925,8303,21642.45
1771974000,5135.495,5135.495,5130.495,5130.495,4435,20403.6
1771974000.001,5128.285,5133.285,5128.285,5133.285,4435,19895.05
1771974000.002,5152.46,5152.46,5147.46,5147.46,4435,16944.2
1771974000.003,5146.75,5146.76,5141.76,5141.76,10988,16272.45
1771977600,5136.85,5141.85,5136.85,5141.85,5493,15326
1771977600.001,5156.445,5156.445,5151.445,5151.445,29461,15055.6
1771981200,5144.185,5149.185,5144.185,5149.185,11984,14783.1
1771981200.001,5189.895,5189.895,5184.895,5184.895,11983,12827.9
1771981200.002,5176.685,5176.685,5171.685,5171.685,16510,13092.55
1771984800,5166.495,5171.495,5166.495,5171.495,8255,12226.1
1771984800.001,5193.835,5193.835,5188.835,5188.835,8254,11351.45
1771984800.002,5180.72,5183.125,5178.125,5183.125,17742,11808.1
1771988400,5190.495,5190.495,5185.495,5185.495,5914,11673.35
1771988400.001,5182,5182,5177,5177,5204,10708.7
1771992000,5171.8150000000005,5176.8150000000005,5171.8150000000005,5176.8150000000005,2601,10430.5
1771992000.001,5185.07,5187.6900000000005,5182.6900000000005,5187.6900000000005,21880,10499.2
1771995600,5210.68,5210.68,5205.68,5205.68,6426,10307.85
1771995600.001,5201.705,5201.7300000000005,5196.7300000000005,5196.7300000000005,23428,10966.6
1771999200,5182.455,5187.455,5182.455,5187.455,7809,10777
1771999200.001,5194.66,5195.155,5190.155,5190.155,13148,11019.25
1772002800,5180.325,5185.325,5180.325,5185.325,17966,11695.8
1772006400,5197.265,5197.265,5192.265,5192.265,4527,11700.4
1772006400.001,5185.515,5185.515,5180.515,5180.515,12749,12116.1
1772010000,5176.635,5181.635,5176.635,5181.635,6374,11885.4
1772010000.001,5194.595,5195.285,5190.285,5190.285,22462,12733.85
1772013600,5169.84,5174.84,5169.84,5174.84,5362,11528.9
1772013600.001,5175.275000000001,5175.275000000001,5170.275000000001,5170.275000000001,12657,11562.55
1772017200,5155.095,5160.095,5155.095,5160.095,6328,11279.8
1772017200.001,5182.685,5182.685,5177.685,5177.685,17154,11312
1772020800,5177.33,5182.33,5177.33,5182.33,5413,11169.9
1772020800.001,5187.495,5187.495,5182.495,5182.495,21163,11815.35
1772024400,5181.1,5186.1,5181.1,5186.1,7874,11321.95
1772024400.001,5191.415,5191.415,5186.415,5186.415,7874,11419.95
1772024400.002,5185.205,5185.205,5180.205,5180.205,27178,12518.65
1772028000,5158.645,5163.645,5158.645,5163.645,13589,13068.05
1772028000.001,5193.3150000000005,5193.3150000000005,5188.3150000000005,5188.3150000000005,43268,14137.45
1772031600,5172.2,5177.2,5172.2,5177.2,14839,14558.1
1772031600.001,5202.795,5202.795,5197.795,5197.795,14839,14128.65
1772031600.002,5194.875,5194.875,5189.875,5189.875,18260,14651.2
1772035200,5189.87,5194.87,5189.87,5194.87,9129,14450.25
1772035200.001,5214.02,5217.245,5212.245,5217.245,27945,14949.2
1772038800,5217.78,5217.78,5212.78,5212.78,9408,15193.25
1772038800.001,5203.7,5207.645,5202.645,5202.645,18699,15490.75
1772042400,5200.55,5202.400000000001,5197.400000000001,5197.400000000001,20887,16216.4
1772046000,5191.695,5196.695,5191.695,5196.695,8895,15538.05
1772046000.001,5208.445,5208.445,5203.445,5203.445,51650,17852.45
1772049600,5144.905,5149.905,5144.905,5149.905,14251,17932.15
1772049600.001,5152.55,5155.58,5150.58,5155.58,18219,18526.7
1772053200,5173.67,5173.67,5168.67,5168.67,6073,17972.65
1772053200.001,5163.58,5168.58,5163.58,5168.58,6232,18013.6
1772060400,5173.57,5178.57,5173.57,5178.57,6232,17267.05
1772060400.001,5182.18,5182.18,5177.18,5177.18,6232,17184.95
1772060400.002,5161.46,5163.275000000001,5158.275000000001,5158.275000000001,24330,18007.75
1772064000,5155.13,5160.13,5155.13,5160.13,9049,17101.3
1772064000.001,5192.205,5192.205,5187.205,5187.205,35841,18213.9
1772067600,5178.53,5183.53,5178.53,5183.53,13395,16720.25
1772067600.001,5198.455,5198.455,5193.455,5193.455,13395,16648.05
1772067600.002,5191.5,5195.82,5190.82,5190.82,27831,17297.65
1772071200,5174.07,5179.07,5174.07,5179.07,9276,16848.45
1772071200.001,5184.425,5187.88,5182.88,5187.88,16756,17229.8
1772074800,5193.835,5195.415,5190.415,5195.415,17109,16688
1772078400,5199.49,5199.49,5194.49,5194.49,3841,16409.65
1772078400.001,5192.77,5194.935,5189.935,5194.935,20513,16500.35
1772082000,5205.64,5205.64,5200.64,5200.64,6837,15797.85
1772082000.001,5198.365,5199.82,5194.82,5194.82,17280,16217.1
1772085600,5190.41,5194.935,5189.935,5189.935,21282,14698.7
1772089200,5179.725,5184.725,5179.725,5184.725,5174,14244.85
1772089200.001,5186.1050000000005,5191.025000000001,5186.025000000001,5191.025000000001,18042,14236
1772092800,5191.12,5191.12,5186.12,5186.12,9020,14383.35
1772092800.001,5167.7,5172.7,5167.7,5172.7,9020,14522.75
1772092800.002,5179.585,5179.585,5174.585,5174.585,13100,14866.15
1772096400,5174.05,5179.05,5174.05,5179.05,6550,14882.05
1772096400.001,5189.650000000001,5190.335,5185.335,5185.335,24490,14890.05
1772100000,5165.75,5170.75,5165.75,5170.75,5979,14736.55
1772100000.001,5171.535,5176.505,5171.505,5176.505,10648,13476.9
1772103600,5178.495,5178.495,5173.495,5173.495,5324,13073.35
1772103600.001,5161.05,5164.91,5159.91,5159.91,20772,13442.2
1772107200,5157.87,5162.87,5157.87,5162.87,7724,12436.85
1772107200.001,5188.095,5188.095,5183.095,5183.095,39307,13938.4
1772110800,5164.375,5169.375,5164.375,5169.375,52398,15720.5
1772114400,5176.33,5176.33,5171.33,5171.33,20935,15911.8
1772114400.001,5140.14,5145.14,5140.14,5145.14,20935,16766.5
1772114400.002,5164.9800000000005,5164.9800000000005,5159.9800000000005,5159.9800000000005,50805,18281.1
1772118000,5130.235,5135.235,5130.235,5135.235,25402,19209.35
1772118000.001,5192.955,5192.955,5187.955,5187.955,25402,19615.45
1772118000.002,5185.775000000001,5187.335,5182.335,5182.335,43010,20701.85
1772121600,5172.96,5177.96,5172.96,5177.96,14336,21159.95
1772121600.001,5179.5650000000005,5184.5650000000005,5179.5650000000005,5184.5650000000005,26072,21561.45
1772125200,5190.46,5190.46,5185.46,5185.46,13035,21762.2
1772125200.001,5162.025000000001,5167.025000000001,5162.025000000001,5167.025000000001,13035,21962.95
1772125200.002,5167.345,5167.49,5162.49,5162.49,23949,22505.4
1772128800,5160.53,5165.53,5160.53,5165.53,11974,22776.6
1772128800.001,5186.135,5186.135,5181.135,5181.135,11974,22150.8
1772128800.002,5180.56,5184.675,5179.675,5184.675,20649,22884.3
1772132400,5194.08,5194.08,5189.08,5189.08,6883,22696.05
1772132400.001,5187,5191.74,5186.74,5191.74,26856,23772.65
1772136000,5201.005,5201.005,5196.005,5196.005,14602,23464.15
1772139600,5182.945,5185.17,5180.17,5180.17,7913,23473.6
1772146800,5179.005,5184.005,5179.005,5184.005,3014,21658.95
1772146800.001,5189.5,5189.74,5184.74,5189.74,16534,19865.75
1772150400,5195.03,5195.03,5190.03,5190.03,6760,19157
1772150400.001,5170.115,5175.115,5170.115,5175.115,16765,18948.5
1772154000,5175.12,5175.12,5170.12,5170.12,10005,16908.5
1772154000.001,5166.995,5171.995,5166.995,5171.995,10005,16138.65
1772154000.002,5194.79,5199.41,5194.41,5199.41,29627,16349.9
1772157600,5199.845,5199.845,5194.845,5194.845,9811,14689.95
1772157600.001,5173.59,5178.59,5173.59,5178.59,9811,14463.7
1772157600.002,5183.77,5186.175,5181.175,5186.175,15465,13933.35
1772161200,5190.900000000001,5190.900000000001,5185.900000000001,5185.900000000001,5155,13539.35
1772161200.001,5183.975,5188.785,5183.785,5183.785,7923,13283.75
1772164800,5181.015,5186.015,5181.015,5186.015,20024,13087.5
1772168400,5200.64,5200.64,5195.64,5195.64,29203,13948.95
1772172000,5185.0650000000005,5189.845,5184.845,5184.845,25153,14607.9
1772175600,5175.795,5179.38,5174.38,5179.38,18665,14508.7
1772179200,5182.435,5182.8150000000005,5177.8150000000005,5177.8150000000005,16770,15003.05
1772182800,5172.225,5176.145,5171.145,5171.145,13548,14337.65
1772186400,5168.685,5173.685,5168.685,5173.685,4695,13842.3
1772186400.001,5180.985,5180.985,5175.985,5175.985,11715,14032.4
1772190000,5172.66,5177.66,5172.66,5177.66,3510,14057.2
1772190000.001,5185.715,5188.12,5183.12,5188.12,18005,14130.75
1772193600,5190.6900000000005,5191.895,5186.895,5191.895,61532,16869.35
1772197200,5240.825,5240.825,5235.825,5235.825,18900,16976.1
1772197200.001,5223.22,5223.22,5218.22,5218.22,37843,18368
1772200800,5213.935,5218.935,5213.935,5218.935,18921,18813.8
1772200800.001,5236.665,5236.665,5231.665,5231.665,18921,18278.5
1772200800.002,5223.76,5223.76,5218.76,5218.76,37988,19687.35
1772204400,5214.97,5219.97,5214.97,5219.97,18994,20146.5
1772204400.001,5246.83,5246.83,5241.83,5241.83,18994,20322.95
1772204400.002,5239.475,5244.475,5239.475,5244.475,33040,21717.2
1772208000,5257.75,5257.75,5252.75,5252.75,16520,22147.05
1772208000.001,5221.89,5226.89,5221.89,5226.89,16520,21971.85
1772208000.002,5229.325,5229.325,5224.325,5224.325,29516,21987.5
1772211600,5220.76,5225.76,5220.76,5225.76,14758,21467.75
1772211600.001,5237.01,5237.01,5232.01,5232.01,37498,22409.4
1772215200,5222.665,5227.665,5222.665,5227.665,11370,22139.4
1772215200.001,5246.9800000000005,5246.9800000000005,5241.9800000000005,5241.9800000000005,29822,22953.1
1772218800,5240.205,5245.205,5240.205,5245.205,9226,23179.65
1772218800.001,5252.43,5253.735,5248.735,5253.735,47641,24975.95
1772222400,5265.6,5265.6,5260.6,5260.6,20575,25829.2
1772226000,5257.32,5262.32,5257.32,5262.32,3885,25123.2
1772226000.001,5281.155,5283.51,5278.51,5283.51,21523,23122.75
1772406000,5368.53,5368.53,5363.53,5363.53,17639,23059.7
1772406000.001,5329.785,5334.785,5329.785,5334.785,17639,22049.5
1772406000.002,5394.005,5394.005,5389.005,5389.005,17638,21985.35
1772406000.003,5387.085,5388.3,5383.3,5383.3,52974,23688
1772409600,5341.28,5346.28,5341.28,5346.28,17657,22671.45
1772409600.001,5347.58,5347.71,5342.71,5342.71,82587,25851.1
1772413200,5303.39,5308.39,5303.39,5308.39,27529,26277.85
1772413200.001,5325.4400000000005,5325.4400000000005,5320.4400000000005,5320.4400000000005,23754,25813.55
1772416800,5317.325,5322.325,5317.325,5322.325,11877,25581.4
1772416800.001,5352.04,5352.04,5347.04,5347.04,11877,25349.25
1772416800.002,5346.67,5349.415,5344.415,5349.415,22698,25008.35
1772420400,5366.93,5367.325,5362.325,5362.325,21950,25367.95
1772424000,5345.16,5350.16,5345.16,5350.16,4794,23732.75
1772424000.001,5356.12,5356.2,5351.2,5351.2,11882,23758.35
1772427600,5340.82,5345.82,5340.82,5345.82,5941,22564.3
1772427600.001,5366.395,5368.835,5363.835,5368.835,30100,23608
1772431200,5390.21,5390.21,5385.21,5385.21,30017,22726.8
1772434800,5385.035,5390.035,5385.035,5390.035,10981,22247.1
1772434800.001,5419.66,5419.66,5414.66,5414.66,10981,22601.9
1772434800.002,5408.175,5413.155,5408.155,5413.155,19871,22519.3
1772438400,5416.945,5416.945,5411.945,5411.945,9935,22134.1
1772438400.001,5391.39,5396.39,5391.39,5396.39,25316,22517.95
1772442000,5403.27,5403.27,5398.27,5398.27,7690,22020.55
1772442000.001,5386.09,5391.09,5386.09,5391.09,7690,19756.35
1772442000.002,5392.11,5397.11,5392.11,5397.11,14690,19608
1772445600,5401.045,5401.045,5396.045,5396.045,7345,15845.9
1772445600.001,5379.055,5384.055,5379.055,5384.055,7344,14836.65
1772445600.002,5389.435,5394.435,5389.435,5394.435,13317,14314.8
1772449200,5400.215,5400.215,5395.215,5395.215,6658,14053.85
1772449200.001,5374.37,5379.37,5374.37,5379.37,6658,13792.9
1772449200.002,5385.41,5385.43,5380.43,5380.43,18715,13593.75
1772452800,5378.96,5383.96,5378.96,5383.96,9357,12964.1
1772452800.001,5398.92,5402.150000000001,5397.150000000001,5402.150000000001,47089,15078.85
1772456400,5417.045,5417.045,5412.045,5412.045,18865,15428
1772456400.001,5381.965,5386.965,5381.965,5386.965,18865,16074.2
1772456400.002,5394.08,5395.375,5390.375,5390.375,94388,19288.6
1772460000,5306.51,5311.51,5306.51,5311.51,31462,19360.85
1772460000.001,5334.3550000000005,5339.125,5334.125,5339.125,63942,22008.9
1772463600,5349.165,5349.165,5344.165,5344.165,31971,23058.4
1772463600.001,5308.27,5313.27,5308.27,5313.27,31970,23663.35
1772463600.002,5315.6050000000005,5315.6050000000005,5310.6050000000005,5310.6050000000005,93025,27817.85
1772467200,5260.285,5265.285,5260.285,5265.285,31008,28102.45
1772467200.001,5290.205,5292.11,5287.11,5292.11,44820,29958.95
1772470800,5320.92,5320.92,5315.92,5315.92,14939,30321.4
1772470800.001,5306.995,5306.995,5301.995,5301.995,23292,30751.5
1772474400,5289.87,5294.87,5289.87,5294.87,11646,30966.55
1772474400.001,5316.665,5318.875,5313.875,5318.875,36039,32401.3
1772478000,5334.185,5334.185,5329.185,5329.185,38551,33663
1772481600,5328.4400000000005,5333.4400000000005,5328.4400000000005,5333.4400000000005,15209,34090.55
1772481600.001,5346.585,5346.585,5341.585,5341.585,15209,34518.1
1772481600.002,5332.6900000000005,5337.63,5332.63,5337.63,11199,34142.3
1772485200,5340.5650000000005,5340.5650000000005,5335.5650000000005,5335.5650000000005,5599,33954.4
1772485200.001,5321.705,5326.705,5321.705,5326.705,10032,32101.55
1772492400,5344.96,5344.96,5339.96,5339.96,4433,31379.95
1772492400.001,5329.3,5334.3,5329.3,5334.3,4433,30658.35
1772492400.002,5347.215,5347.215,5342.215,5342.215,18182,26848.05
1772496000,5336.9800000000005,5341.9800000000005,5336.9800000000005,5341.9800000000005,6875,25618.7
1772496000.001,5362.29,5362.29,5357.29,5357.29,6875,22765.35
1772496000.002,5350.32,5355.32,5350.32,5355.32,32048,22769.2
1772499600,5379.975,5379.975,5374.975,5374.975,16023,21971.85
1772499600.001,5338.02,5339.6900000000005,5334.6900000000005,5334.6900000000005,41161,19378.65
1772503200,5332.9400000000005,5337.9400000000005,5332.9400000000005,5337.9400000000005,12569,18456.7
1772503200.001,5368.0650000000005,5368.0650000000005,5363.0650000000005,5363.0650000000005,28528,17642.1
1772506800,5358.9400000000005,5363.9400000000005,5358.9400000000005,5363.9400000000005,7979,17294.1
1772506800.001,5373.535,5373.535,5368.535,5368.535,7979,16528.45
1772506800.002,5367.525000000001,5372.525000000001,5367.525000000001,5372.525000000001,10516,16471.95
1772510400,5375.865,5375.865,5370.865,5370.865,5258,14932.9
1772510400.001,5359.515,5364.515,5359.515,5364.515,33878,14699.25
1772514000,5367.28,5367.28,5362.28,5362.28,14310,14654.3
1772514000.001,5305.1,5310.1,5305.1,5310.1,14309,14609.3
1772514000.002,5319.32,5323.42,5318.42,5318.42,54105,16754.6
1772517600,5279.005,5284.005,5279.005,5284.005,18035,17376.4
1772517600.001,5310.6900000000005,5311.095,5306.095,5311.095,30378,18393.7
1772521200,5331.32,5332.735,5327.735,5332.735,35891,19966.6
1772524800,5336.12,5336.12,5331.12,5331.12,12882,20389.05
1772524800.001,5290.085,5295.085,5290.085,5295.085,12882,20124.05
1772524800.002,5295.900000000001,5300.835,5295.835,5300.835,35738,21567.2
1772528400,5304.155,5304.155,5299.155,5299.155,17869,22116.9
1772528400.001,5225.57,5230.57,5225.57,5230.57,17869,21407.95
1772528400.002,5275.345,5280.28,5275.28,5280.28,31316,22172.6
1772532000,5288.07,5288.07,5283.07,5283.07,15658,20897.45
1772532000.001,5237.96,5242.96,5237.96,5242.96,15657,21051.85
1772532000.002,5248.5,5253.49,5248.49,5253.49,58951,22573
1772535600,5264.17,5264.17,5259.17,5259.17,29475,23647.8
1772535600.001,5073.135,5078.135,5073.135,5078.135,29475,24722.6
1772535600.002,5144.925,5144.95,5139.95,5139.95,36768,26035.2
1772539200,5138.915,5143.915,5138.915,5143.915,18384,26691.5
1772539200.001,5227.08,5227.08,5222.08,5222.08,96801,29837.65
1772542800,5127.6,5132.6,5127.6,5132.6,26138,30429.05
1772542800.001,5156.895,5161.885,5156.885,5161.885,67339,33080.55
1772546400,5175.7,5175.7,5170.7,5170.7,33669,32058.75
1772546400.001,5016.125,5021.125,5016.125,5021.125,33669,32840.45
1772546400.002,5039.0650000000005,5039.085,5034.085,5034.085,77977,35220.4
1772550000,4996.275000000001,5001.275000000001,4996.275000000001,5001.275000000001,38988,35375.25
1772550000.001,5097.12,5097.12,5092.12,5092.12,99772,39719.75
1772553600,5090.715,5095.715,5090.715,5095.715,30391,40595.2
1772553600.001,5134.82,5134.82,5129.82,5129.82,30391,40327.85
1772553600.002,5107.435,5109.915,5104.915,5104.915,65455,42707.15
1772557200,5065.5,5070.5,5065.5,5070.5,21818,42904.6
1772557200.001,5079.63,5084.375,5079.375,5084.375,57974,44237.5
1772560800,5138.4400000000005,5141.11,5136.11,5141.11,60240,46466.6
1772564400,5149.055,5149.055,5144.055,5144.055,20458,46706.65
1772564400.001,5099.43,5104.43,5099.43,5104.43,20458,44782
1772564400.002,5113.395,5118.385,5113.385,5118.385,38860,45251.25
1772568000,5130.67,5130.67,5125.67,5125.67,19429,44748.95
1772568000.001,5086.21,5091.21,5086.21,5091.21,19429,43882
1772568000.002,5097.52,5102.52,5097.52,5102.52,8503,43387.95
1772571600,5110.66,5110.66,5105.66,5105.66,4251,38760.45
1772571600.001,5083.45,5088.45,5083.45,5088.45,4251,37666.1
1772571600.002,5088.835,5093.835,5088.835,5093.835,7458,34672.05
1772578800,5106.335,5110.37,5105.37,5110.37,14914,33734.3
1772578800.001,5130.1050000000005,5130.1050000000005,5125.1050000000005,5125.1050000000005,24681,33284.9
1772582400,5105.72,5110.72,5105.72,5110.72,8612,29816.65
1772582400.001,5140.6050000000005,5144.055,5139.055,5144.055,69481,31341.3
1772586000,5178.82,5180.075,5175.075,5180.075,50748,28890.1
1772589600,5191.0650000000005,5191.0650000000005,5186.0650000000005,5186.0650000000005,15229,28132
1772589600.001,5154.07,5156.49,5151.49,5151.49,38448,28534.85
1772593200,5141.14,5146.14,5141.14,5146.14,11610,25842.6
1772593200.001,5177.835,5179.455,5174.455,5179.455,31262,26314.8
1772596800,5181.01,5181.01,5176.01,5176.01,9826,23907.4
1772596800.001,5151.77,5156.77,5151.77,5156.77,9826,21386.7
1772596800.002,5156.93,5157.265,5152.265,5152.265,26955,21711.55
1772600400,5152.095,5157.095,5152.095,5157.095,13477,21362.5
1772600400.001,5168.47,5168.47,5163.47,5163.47,13477,20093.35
1772600400.002,5160.09,5160.095,5155.095,5155.095,29298,20586.8
1772604000,5117.72,5122.72,5117.72,5122.72,14649,20347.8
1772604000.001,5161.015,5163.55,5158.55,5163.55,45938,22219.55
1772607600,5176.0650000000005,5176.0650000000005,5171.0650000000005,5171.0650000000005,10430,22528.5
1772607600.001,5168.37,5173.345,5168.345,5173.345,19113,23271.6
1772611200,5182.335,5182.335,5177.335,5177.335,9556,23376.5
1772611200.001,5147.64,5152.64,5147.64,5152.64,9556,23108.6
1772611200.002,5167.775000000001,5167.775000000001,5162.775000000001,5162.775000000001,17662,22757.65
1772614800,5159.33,5164.33,5159.33,5164.33,8830,22768.55
1772614800.001,5185.400000000001,5185.400000000001,5180.400000000001,5180.400000000001,30766,20832.8
1772618400,5179.725,5184.725,5179.725,5184.725,10967,18843.75
1772618400.001,5202.425,5202.425,5197.425,5197.425,10967,18630.65
1772618400.002,5190.135,5192.645,5187.645,5192.645,23607,17888.6
1772622000,5200.79,5200.79,5195.79,5195.79,7868,17701.5
1772622000.001,5192.205,5197.205,5192.205,5197.205,24654,17371.1
1772625600,5206.265,5206.265,5201.265,5201.265,12326,17496.1
1772625600.001,5156.51,5161.51,5156.51,5161.51,12326,17621.1
1772625600.002,5171.335,5176.3150000000005,5171.3150000000005,5176.3150000000005,32758,17911.25
1772629200,5196.52,5196.52,5191.52,5191.52,16379,18056.35
1772629200.001,5167.53,5172.53,5167.53,5172.53,69850,20875
1772632800,5185.33,5185.33,5180.33,5180.33,26736,20746.9
1772632800.001,5138.9800000000005,5143.9800000000005,5138.9800000000005,5143.9800000000005,26735,21351.2
1772632800.002,5147.475,5147.475,5142.475,5142.475,56742,21891.4
1772636400,5131.34,5136.34,5131.34,5136.34,28370,22788.4
1772636400.001,5167.045,5167.045,5162.045,5162.045,28370,23251.25
1772636400.002,5151.595,5156.49,5151.49,5156.49,37018,24624.35
1772640000,5162.675,5162.675,5157.675,5157.675,18509,25072
1772640000.001,5138.28,5143.28,5138.28,5143.28,18509,25114.35
1772640000.002,5149.67,5152.99,5147.99,5147.99,49339,27139.8
1772643600,5120.285,5125.285,5120.285,5125.285,16446,26423.8
1772643600.001,5141.285,5143.695,5138.695,5138.695,44160,28083.45
1772647200,5108.64,5113.64,5108.64,5113.64,14720,28271.1
1772647200.001,5134.06,5134.06,5129.06,5129.06,19628,28072.15
1772650800,5123.385,5128.385,5123.385,5128.385,9813,28169.4
1772650800.001,5139.695,5142.975,5137.975,5142.975,31735,28523.45
1772654400,5146.945,5146.945,5141.945,5141.945,10960,28455.15
1772654400.001,5123.785,5128.785,5123.785,5128.785,10960,28386.85
1772654400.002,5134.81,5134.835,5129.835,5129.835,5903,27044.1
1772658000,5129.595,5134.595,5129.595,5134.595,2951,26372.7
1772658000.001,5144.155,5145.945,5140.945,5145.945,5655,23162.95
1772665200,5152.485,5152.485,5147.485,5147.485,2704,21961.35
1772665200.001,5144.86,5149.86,5144.86,5149.86,2704,20759.8
1772665200.002,5166.33,5166.33,5161.33,5161.33,11284,18486.9
1772668800,5159.35,5164.35,5159.35,5164.35,4290,17282.9
1772668800.001,5180.1,5180.1,5175.1,5175.1,4289,16078.85
1772668800.002,5172.695,5172.695,5167.695,5167.695,27920,15623.95
1772672400,5167.665,5172.665,5167.665,5172.665,13959,15396.45
1772672400.001,5186.575,5186.575,5181.575,5181.575,13959,15168.95
1772672400.002,5172.85,5176.895,5171.895,5176.895,27258,14064.9
1772676000,5192.62,5195.22,5190.22,5190.22,28041,14644.65
1772679600,5178.35,5183.35,5178.35,5183.35,15382,13205.75
1772683200,5186.81,5186.81,5181.81,5181.81,4532,12696.35
1772683200.001,5166.3150000000005,5171.3150000000005,5166.3150000000005,5171.3150000000005,4532,11941.55
1772683200.002,5171.61,5176.61,5171.61,5176.61,13312,12116.5
1772686800,5176.925,5176.925,5171.925,5171.925,6656,10862.55
1772686800.001,5148.41,5148.755,5143.755,5143.755,38143,12221.7
1772690400,5120.785,5125.785,5120.785,5125.785,15743,12460.85
1772690400.001,5168.95,5172.74,5167.74,5172.74,31985,13764.95
1772694000,5172.9400000000005,5172.9400000000005,5167.9400000000005,5167.9400000000005,8121,14023.45
1772694000.001,5158.8,5162.195,5157.195,5157.195,30524,15266.9
1772697600,5137.54,5142.54,5137.54,5142.54,11201,15691.75
1772697600.001,5170.25,5170.625,5165.625,5170.625,35923,17352.7
1772701200,5180.4800000000005,5180.4800000000005,5175.4800000000005,5175.4800000000005,12361,17406.55
1772701200.001,5152.4800000000005,5157.4800000000005,5152.4800000000005,5157.4800000000005,12360,17810.05
1772701200.002,5161.26,5161.26,5156.26,5156.26,16275,18409.35
1772704800,5146.24,5151.24,5146.24,5151.24,8137,17420.2
1772704800.001,5167.845,5168.02,5163.02,5163.02,25514,17997.95
1772708400,5156.955,5161.955,5156.955,5161.955,5792,17589.6
1772708400.001,5164.035,5169.035,5164.035,5169.035,14044,16928.9
1772712000,5171.54,5171.54,5166.54,5166.54,7022,15877.95
1772712000.001,5160.755,5164.11,5159.11,5159.11,69608,18589.25
1772715600,5081.2300000000005,5086.2300000000005,5081.2300000000005,5086.2300000000005,20862,19405.75
1772715600.001,5118.085,5123.085,5118.085,5123.085,56292,21993.75
1772719200,5130.005,5130.005,5125.005,5125.005,28145,22735.4
1772719200.001,5090.54,5095.54,5090.54,5095.54,28145,23809.85
1772719200.002,5102.305,5102.305,5097.305,5097.305,57700,24787.7
1772722800,5060.625,5065.625,5060.625,5065.625,28850,25443.05
1772722800.001,5119.965,5119.965,5114.965,5114.965,28849,25286.25
1772722800.002,5102.63,5104.76,5099.76,5099.76,71263,28443.35
1772726400,5054.22,5059.22,5054.22,5059.22,23754,28104.85
1772726400.001,5077.735,5082.735,5077.735,5082.735,50912,30090.4
1772730000,5089.5,5089.5,5084.5,5084.5,25455,29567
1772730000.001,5055.0650000000005,5060.0650000000005,5055.0650000000005,5060.0650000000005,25455,30221.7
1772730000.002,5062.87,5062.87,5057.87,5057.87,44713,31839.35
1772733600,5050.905,5055.905,5050.905,5055.905,22356,32143.4
1772733600.001,5085.525000000001,5085.525000000001,5080.525000000001,5080.525000000001,22356,32854.35
1772733600.002,5069.41,5074.395,5069.395,5074.395,41810,33669.15
1772737200,5081.325,5081.325,5076.325,5076.325,20905,34424.8
1772737200.001,5055.775000000001,5060.775000000001,5055.775000000001,5060.775000000001,20905,34767.85
1772737200.002,5066.14,5066.805,5061.805,5066.805,63094,37571.45
1772740800,5094.925,5094.925,5089.925,5089.925,21031,35142.6
1772740800.001,5076.8550000000005,5077.29,5072.29,5077.29,8730,34536
1772744400,5085.1900000000005,5086.38,5081.38,5086.38,7691,32105.95
1772751600,5090.81,5095.81,5090.81,5095.81,4782,30937.8
1772751600.001,5102.525000000001,5102.525000000001,5097.525000000001,5097.525000000001,4781,29769.6
1772751600.002,5082.155,5087.155,5082.155,5087.155,17617,27765.45
1772755200,5092.545,5092.545,5087.545,5087.545,6418,26643.85
1772755200.001,5074.22,5079.22,5074.22,5079.22,6417,25522.25
1772755200.002,5084.95,5084.95,5079.95,5079.95,32937,23605.95
1772758800,5066.400000000001,5071.400000000001,5066.400000000001,5071.400000000001,16468,23241.65
1772758800.001,5144.05,5144.05,5139.05,5139.05,16468,21519.45
1772758800.002,5134.575,5138.58,5133.58,5133.58,26583,21575.85
1772762400,5122.075,5127.075,5122.075,5127.075,25519,21579.05
1772766000,5141.64,5141.64,5136.64,5136.64,5552,19621
1772766000.001,5131.21,5136.2,5131.2,5136.2,6836,18845
1772769600,5136.485,5136.485,5131.485,5131.485,3418,17898.1
1772769600.001,5126.25,5130.38,5125.38,5125.38,26198,17117.5
1772773200,5114.2300000000005,5119.2300000000005,5114.2300000000005,5119.2300000000005,19856,17065.05
1772776800,5123.115,5123.115,5118.115,5118.115,6131,16326.35
1772776800.001,5109.25,5114.25,5109.25,5114.25,6131,13478.2
1772776800.002,5115.78,5115.84,5110.84,5110.84,13002,13076.75
1772780400,5105.72,5110.72,5105.72,5110.72,6501,12965.3
1772780400.001,5120.82,5123.16,5118.16,5118.16,30304,14095.95
1772784000,5096.54,5101.54,5096.54,5101.54,7934,14253.55
1772784000.001,5108.8,5109.75,5104.75,5104.75,34929,15760.95
1772787600,5083.33,5085.77,5080.77,5080.77,31610,16460.6
1772791200,5075.66,5080.66,5075.66,5080.66,9983,16638.85
1772791200.001,5093.35,5096.13,5091.13,5096.13,32447,17940.35
1772794800,5099.735,5099.735,5094.735,5094.735,11232,16855.1
1772794800.001,5063.215,5068.215,5063.215,5068.215,11231,16593.25
1772794800.002,5077.28,5081.43,5076.43,5081.43,32952,17417.45
1772798400,5096.725,5096.725,5091.725,5091.725,10983,16637.45
1772798400.001,5083.295,5083.295,5078.295,5078.295,52046,17963.8
1772802000,5065.5,5070.5,5065.5,5070.5,26022,18987.3
1772802000.001,5131.245,5131.245,5126.245,5126.245,26022,19946.6
1772802000.002,5085.12,5085.905,5080.905,5085.905,91539,24352.65
1772805600,5132.4400000000005,5132.96,5127.96,5132.96,121023,29093.9
1772809200,5171.89,5171.89,5166.89,5166.89,30170,29609.6
1772809200.001,5141.835,5146.835,5141.835,5146.835,47646,31685.35
1772812800,5153.3,5153.3,5148.3,5148.3,23823,32569.95
1772812800.001,5125.865,5130.865,5125.865,5130.865,23822,33110.95
1772812800.002,5140.125,5140.225,5135.225,5135.225,37311,34651.45
1772816400,5129.02,5134.02,5129.02,5134.02,18655,34069
1772816400.001,5152.585,5152.585,5147.585,5147.585,18655,34605.05
1772816400.002,5141.01,5143.88,5138.88,5143.88,43733,35045.25
1772820000,5167.875,5167.875,5162.875,5162.875,14577,34193.6
1772820000.001,5161.08,5166.07,5161.07,5166.07,24928,34940.85
1772823600,5174.67,5174.67,5169.67,5169.67,12464,33941.7
1772823600.001,5156.79,5161.79,5156.79,5161.79,38609,35310.55
1772827200,5162.63,5162.63,5157.63,5157.63,13073,35402.65
1772827200.001,5149.34,5154.34,5149.34,5154.34,23741,34942.1
1772830800,5176.63,5176.63,5171.63,5171.63,3556,34570.75
1772830800.001,5171.5,5171.95,5166.95,5166.95,66,31971.75
1773007440,5164.475,5165.295,5160.295,5160.295,1513,30746.3
1773007500,5138.400000000001,5143.400000000001,5138.400000000001,5143.400000000001,496,29470
1773007500.001,5156.895,5160.17,5155.17,5155.17,1116,24948.85
1773007560,5146.165,5150.095,5145.095,5145.095,1452,18970.3
1773007620,5118.53,5123.53,5118.53,5123.53,359,17479.75
1773007620.001,5144.8,5144.900000000001,5139.900000000001,5139.900000000001,1260,15160.45
1773007680,5121.435,5126.435,5121.435,5126.435,419,13990.25
1773007680.001,5136.6,5140.7,5135.7,5140.7,1098,12854.05
1773007740,5158.895,5158.895,5153.895,5153.895,1018,11039.4
1773007800,5152.7300000000005,5157.7300000000005,5152.7300000000005,5157.7300000000005,325,10122.9
1773007800.001,5169.475,5169.475,5164.475,5164.475,1306,9255.45
1773007860,5154.455,5159.455,5154.455,5159.455,1273,7132.45
1773007920,5168.925,5168.925,5163.925,5163.925,315,6419.35
1773007920.001,5162.015,5165.8150000000005,5160.8150000000005,5165.8150000000005,762,5211.05
1773007980,5170.5650000000005,5170.5650000000005,5165.5650000000005,5165.5650000000005,253,4600.5
1773007980.001,5163.61,5164.8,5159.8,5159.8,537,2696.9
1773008040,5157.97,5160.1,5155.1,5155.1,1686,2127.55
1773008100,5136.205,5141.205,5136.205,5141.205,502,965.6
1773008100.001,5144.92,5147.025000000001,5142.025000000001,5142.025000000001,1487,862.15
1773008160,5131.325,5135.595,5130.595,5135.595,1709,944.3
1773008220,5144.845,5144.86,5139.86,5139.86,1429,940.1
1773008280,5137.335,5139.25,5134.25,5134.25,1650,997.8
1773008340,5127.025000000001,5132.025000000001,5127.025000000001,5132.025000000001,436,963.8
1773008340.001,5133.400000000001,5136.775000000001,5131.775000000001,5136.775000000001,1005,941.45
1773008400,5142.625,5145.515,5140.515,5145.515,1395,993.25
1773008460,5146.985,5147.125,5142.125,5147.125,1430,1001.75
1773008520,5153.89,5156.06,5151.06,5156.06,1377,1049.65
1773008580,5157.75,5157.75,5152.75,5152.75,1279,1058.7
1773008640,5149.665,5153.6,5148.6,5148.6,1329,1074.25
1773008700,5144.735,5149.735,5144.735,5149.735,732,1094.6
1773008760,5149.975,5149.975,5144.975,5144.975,197,1039.15
1773008760.001,5143.205,5148.205,5143.205,5148.205,770,1014
1773008820,5152.965,5152.965,5147.965,5147.965,544,1025.45
1773008880,5147.895,5152.895,5147.895,5152.895,1210,1047.85
1773008940,5160.335,5160.335,5155.335,5155.335,979,1084.15
1773009000,5152.645,5157.645,5152.645,5157.645,346,1074.6
1773009000.001,5163.38,5164.55,5159.55,5159.55,1541,1067.35
1773009060,5153.965,5158.365,5153.365,5158.365,1445,1114.5
1773009120,5159.85,5159.85,5154.85,5154.85,1198,1100.05
1773009180,5149.785,5154.785,5149.785,5154.785,981,1063.65
1773009240,5157.375,5157.375,5152.375,5152.375,349,1009.65
1773009240.001,5148.17,5153.17,5148.17,5153.17,909,972.6
1773009300,5153.24,5153.24,5148.24,5148.24,280,964.8
1773009300.001,5142.71,5146.395,5141.395,5141.395,1196,974.35
1773009360,5136.525000000001,5141.525000000001,5136.525000000001,5141.525000000001,1161,962.65
1773009420,5145.13,5148.435,5143.435,5148.435,981,940.2
1773009480,5151.26,5151.26,5146.26,5146.26,348,888.75
1773009480.001,5140.005,5141.615,5136.615,5136.615,1349,892.25
1773009540,5132.905,5136.33,5131.33,5131.33,1189,885.25
1773009600,5126.57,5128.965,5123.965,5123.965,1688,933.05
1773009660,5115.21,5120.21,5115.21,5120.21,1625,1004.45
1773009720,5126.405,5126.76,5121.76,5121.76,1385,1035.2
1773009780,5106.455,5111.455,5106.455,5111.455,1398,1077.9
1773009840,5126.965,5130.92,5125.92,5130.92,1311,1082.95
1773009900,5134.6050000000005,5134.6050000000005,5129.6050000000005,5129.6050000000005,1771,1122.55
1773010020,5128.63,5128.63,5123.63,5123.63,1315,1171
1773010080,5118.24,5123.24,5118.24,5123.24,384,1113.15
1773010080.001,5125.3550000000005,5125.53,5120.53,5120.53,1026,1092.2
1773010140,5106.92,5109.345,5104.345,5109.345,1713,1117.95
1773010200,5114.56,5114.56,5109.56,5109.56,456,1091.7
1773010200.001,5107.515,5111.36,5106.36,5111.36,1317,1140.1
1773010260,5118.385,5123.02,5118.02,5123.02,987,1144
1773010320,5123.21,5123.21,5118.21,5118.21,274,1143.7
1773010320.001,5113.03,5118.03,5113.03,5118.03,274,1097.6
1773010320.002,5118.875,5123.525000000001,5118.525000000001,5118.525000000001,985,1088.8
1773010380,5112.58,5117.58,5112.58,5117.58,1256,1102.55
1773010440,5124.64,5127.4400000000005,5122.4400000000005,5127.4400000000005,833,1126.8
1773010500,5127.9400000000005,5127.9400000000005,5122.9400000000005,5122.9400000000005,849,1101.8
1773010560,5122.375,5127.375,5122.375,5127.375,933,1089
1773010620,5129.185,5130.445,5125.445,5130.445,661,1037.65
1773010680,5132.16,5132.655,5127.655,5127.655,781,995.45
1773010740,5126.975,5131.975,5126.975,5131.975,1194,985.9
1773010800,5136.2,5136.2,5131.2,5131.2,1223,977.15
1773010860,5130.045,5131.12,5126.12,5126.12,1495,986.35
1773010920,5118.25,5119.38,5114.38,5114.38,1557,975.65
1773010980,5113.59,5118.3550000000005,5113.3550000000005,5113.3550000000005,970,958.4
1773011040,5109.785,5114.785,5109.785,5114.785,292,953.8
1773011040.001,5118.86,5119.97,5114.97,5114.97,1878,996.4
1773011160,5113.82,5118.82,5113.82,5118.82,279,924.7
1773011160.001,5120.61,5120.93,5115.93,5120.93,2303,1017.05
1773011280,5121.82,5121.82,5116.82,5116.82,398,971.1
1773011280.001,5113.63,5117.145,5112.145,5112.145,1656,1004.55
1773011340,5107.995,5112.995,5107.995,5112.995,419,1011.8
1773011340.001,5114.535,5115.325,5110.325,5110.325,976,1046.9
1773011400,5093.745,5098.745,5093.745,5098.745,1675,1081.4
1773011460,5101.2,5101.2,5096.2,5096.2,449,1041.05
1773011460.001,5095.81,5100.3,5095.3,5100.3,1009,1049.85
1773011520,5103.485,5103.775000000001,5098.775000000001,5098.775000000001,1249,1069.85
1773011580,5097.615,5101.96,5096.96,5101.96,1148,1080.6
1773011640,5103.2,5107.055,5102.055,5107.055,744,1084.75
1773011700,5107.1050000000005,5107.1050000000005,5102.1050000000005,5102.1050000000005,955,1093.45
1773011760,5099.06,5104.06,5099.06,5104.06,580,1062.75
1773011820,5105.43,5105.43,5100.43,5100.43,861,1044.65
1773011880,5098.3550000000005,5103.3550000000005,5098.3550000000005,5103.3550000000005,523,996.05
1773011940,5104.06,5104.06,5099.06,5099.06,169,926.65
1773011940.001,5098.43,5100.045,5095.045,5100.045,1316,943.95
1773012060,5102.46,5105.56,5100.56,5105.56,657,962.2
1773012120,5106.04,5106.04,5101.04,5101.04,1306,933.6
1773012240,5099.14,5100.8,5095.8,5095.8,1394,989.35
1773012360,5095.695,5100.695,5095.695,5100.695,1007,924.55
1773012420,5104.02,5104.245,5099.245,5104.245,1340,971.65
1773012540,5104.9800000000005,5105.53,5100.53,5100.53,1682,972.95
1773012720,5098.705,5103.5,5098.5,5098.5,1012,1002.6
1773012840,5094.8550000000005,5095.255,5090.255,5090.255,1138,1010.7
1773012900,5081.175,5085.925,5080.925,5085.925,1120,982.95
1773012960,5089.14,5089.14,5084.14,5084.14,1084,1014.7
1773013020,5079.795,5081.35,5076.35,5076.35,842,1006.35
1773013080,5076.1050000000005,5080.9800000000005,5075.9800000000005,5075.9800000000005,1161,1001.95
1773013140,5068.91,5073.91,5068.91,5073.91,981,993.6
1773013200,5075.18,5075.18,5070.18,5070.18,328,972.8
1773013200.001,5064.86,5069.86,5064.86,5069.86,1353,992.7
1773013260,5072.54,5072.665,5067.665,5067.665,1604,1043.9
1773013320,5046.2,5049.14,5044.14,5049.14,2151,1108.4
1773013380,5059.8150000000005,5063.435,5058.435,5063.435,1548,1159.65
1773013440,5072.955,5075.99,5070.99,5075.99,1647,1233.55
1773013500,5077.25,5077.415,5072.415,5072.415,1652,1250.35
1773013560,5066.4800000000005,5067.265,5062.265,5062.265,2085,1321.75
1773013620,5054.25,5059.25,5054.25,5059.25,560,1284.45
1773013620.001,5059.85,5064.5,5059.5,5064.5,1490,1289.25
1773013680,5069.67,5071.845,5066.845,5066.845,1588,1318.3
1773013740,5060.735,5065.735,5060.735,5065.735,364,1269.5
1773013740.001,5065.755,5070.27,5065.27,5070.27,1275,1249.15
1773013800,5074.375,5074.375,5069.375,5069.375,424,1219.75
1773013800.001,5067.61,5069.785,5064.785,5064.785,932,1209.45
1773013860,5060.275000000001,5064.6,5059.6,5064.6,1435,1225.2
1773013920,5065.62,5065.62,5060.62,5060.62,1170,1229.5
1773013980,5059.835,5064.835,5059.835,5064.835,397,1207.25
1773013980.001,5068.6,5068.6,5063.6,5063.6,2377,1268.05
1773014100,5062.52,5067.52,5062.52,5067.52,390,1238.5
1773014100.001,5069.715,5071.885,5066.885,5071.885,1593,1301.75
1773014160,5076.06,5076.06,5071.06,5071.06,1192,1293.7
1773014220,5069.47,5074.47,5069.47,5074.47,396,1233.3
1773014220.001,5075.985,5080.165,5075.165,5080.165,1030,1177.25
1773014280,5080.39,5080.39,5075.39,5075.39,317,1115.7
1773014280.001,5074.125,5076.9400000000005,5071.9400000000005,5071.9400000000005,2608,1163.75
1773014400,5067.685,5072.685,5067.685,5072.685,571,1109.7
1773014400.001,5081.36,5081.36,5076.36,5076.36,1978,1104.35
1773014460,5066.24,5071.24,5066.24,5071.24,468,1099.75
1773014460.001,5073.525000000001,5073.895,5068.895,5068.895,916,1071.05
1773014520,5059.335,5064.31,5059.31,5064.31,1099,1046.6
1773014580,5068.09,5069.365,5064.365,5064.365,1038,1080.3
1773014640,5063.05,5066.525000000001,5061.525000000001,5061.525000000001,1242,1078.65
1773014700,5056.745,5061.745,5056.745,5061.745,1293,1122.1
1773014760,5064.8,5064.8,5059.8,5059.8,482,1099.6
1773014760.001,5052.775000000001,5057.775000000001,5052.775000000001,5057.775000000001,1013,1078.5
1773014820,5061.53,5061.53,5056.53,5056.53,265,1033.25
1773014820.001,5055.6900000000005,5060.235,5055.235,5060.235,843,1055.55
1773014880,5061.115,5061.115,5056.115,5056.115,1137,993.55
1773014940,5049.97,5054.97,5049.97,5054.97,1152,1031.65
1773015000,5055.31,5055.31,5050.31,5050.31,418,972.9
1773015000.001,5045.595,5049.175,5044.175,5044.175,5064,1166.5
1773015180,5028.54,5033.54,5028.54,5033.54,2012,1247.3
1773015240,5037.05,5041.25,5036.25,5041.25,1307,1261.15
1773015300,5043.06,5043.06,5038.06,5038.06,410,1265.8
1773015300.001,5034.095,5037.975,5032.975,5037.975,1843,1227.55
1773015360,5043.34,5043.95,5038.95,5038.95,1668,1282.4
1773015420,5034.695,5039.695,5034.695,5039.695,1729,1269.95
1773015480,5043.365,5043.365,5038.365,5038.365,1119,1302.5
1773015540,5035.9800000000005,5039.14,5034.14,5034.14,1338,1323.6
1773015600,5033.7300000000005,5038.7300000000005,5033.7300000000005,5038.7300000000005,1392,1338.25
1773015660,5049.4400000000005,5052.0650000000005,5047.0650000000005,5052.0650000000005,1612,1366.95
1773015720,5053.27,5053.27,5048.27,5048.27,1122,1360.95
1773015780,5047.56,5052.43,5047.43,5047.43,1312,1361.9
1773015840,5045.8,5047.575,5042.575,5042.575,1344,1405
1773015900,5040.9400000000005,5045.9400000000005,5040.9400000000005,5045.9400000000005,874,1398.05
1773015960,5047.5,5047.5,5042.5,5042.5,1058,1437.7
1773016020,5041.53,5046.53,5041.53,5046.53,256,1408.35
1773016020.001,5048.34,5048.34,5043.34,5043.34,1045,1403.75
1773016140,5041.43,5046.43,5041.43,5046.43,182,1355.25
1773016140.001,5047.150000000001,5049.195,5044.195,5049.195,795,1374.1
1773016200,5049.2,5052.14,5047.14,5052.14,1998,1220.8
1773016320,5055.9400000000005,5057.84,5052.84,5057.84,778,1159.1
1773016380,5058.64,5058.64,5053.64,5053.64,772,1132.35
1773016440,5050.025000000001,5055.025000000001,5050.025000000001,5055.025000000001,522,1137.95
1773016500,5056.83,5060.425,5055.425,5055.425,1487,1120.15
1773016620,5053.34,5058.34,5053.34,5058.34,939,1083.7
1773016740,5059.24,5059.24,5054.24,5054.24,499,1022.2
1773016800,5050.25,5053.675,5048.675,5053.675,1895,1061
1773016980,5053.89,5053.89,5048.89,5048.89,156,1001.9
1773016980.001,5047.795,5052.795,5047.795,5052.795,2983,1081.45
1773017100,5057.91,5057.91,5052.91,5052.91,1758,1088.75
1773017160,5043.34,5045.46,5040.46,5040.46,1805,1122.9
1773017220,5033.6900000000005,5038.6900000000005,5033.6900000000005,5038.6900000000005,456,1080.1
1773017220.001,5039.11,5040.95,5035.95,5040.95,984,1062.1
1773017280,5045.225,5047.66,5042.66,5042.66,1461,1091.45
1773017340,5042.43,5043.955,5038.955,5038.955,1605,1118.8
1773017400,5037.905,5042.695,5037.695,5042.695,3095,1260.75
1773017520,5044.975,5046.0650000000005,5041.0650000000005,5041.0650000000005,1265,1271.75
1773017580,5038.18,5043.18,5038.18,5043.18,1095,1317.4
1773017640,5044.83,5044.83,5039.83,5039.83,957,1325.5
1773017700,5039.38,5044.38,5039.38,5044.38,341,1242.65
1773017700.001,5046.445,5049,5044,5044,1054,1256.45
1773017760,5039.555,5044.285,5039.285,5044.285,2276,1331.65
1773017880,5049.425,5050.26,5045.26,5050.26,1198,1365.45
1773017940,5050.68,5050.68,5045.68,5045.68,3358,1459
1773018000,5018.455,5020.045,5015.045,5020.045,3722,1598.15
1773018060,5026.055,5026.055,5021.055,5021.055,901,1618.25
1773018060.001,5019.41,5024.41,5019.41,5024.41,2252,1636.1
1773018120,5040.41,5044.35,5039.35,5044.35,2194,1738
1773018180,5046.545,5046.545,5041.545,5041.545,722,1624.95
1773018180.001,5037.45,5042.45,5037.45,5042.45,2241,1649.1
1773018240,5043.1900000000005,5043.1900000000005,5038.1900000000005,5038.1900000000005,760,1596.85
1773018240.001,5030.8550000000005,5035.8550000000005,5030.8550000000005,5035.8550000000005,2921,1720.1
1773018300,5051.0650000000005,5054.635,5049.635,5054.635,2655,1803.65
1773018360,5058.86,5058.9800000000005,5053.9800000000005,5053.9800000000005,2415,1851.35
1773018420,5051.335,5056.055,5051.055,5056.055,2509,1896.55
1773018480,5059.805,5059.805,5054.805,5054.805,2549,1869.25
1773018540,5050.42,5053.285,5048.285,5048.285,2452,1928.6
1773018600,5047.375,5052.375,5047.375,5052.375,2249,1986.3
1773018660,5063.01,5064.685,5059.685,5064.685,2172,2047.05
1773018720,5069.375,5069.375,5064.375,5064.375,541,2057.05
1773018720.001,5063.475,5066.755,5061.755,5066.755,1669,2087.8
1773018780,5069.615,5072.265,5067.265,5072.265,2002,2074.1
1773018840,5074.81,5075.055,5070.055,5075.055,1727,2100.55
1773018900,5081.34,5081.445,5076.445,5076.445,1680,2016.65
1773018960,5073.425,5078.425,5073.425,5078.425,422,1851.65
1773018960.001,5080.035,5083.8550000000005,5078.8550000000005,5078.8550000000005,1248,1869
1773019020,5076.675,5081.4400000000005,5076.4400000000005,5081.4400000000005,1792,1846
1773019080,5083.85,5085.9400000000005,5080.9400000000005,5080.9400000000005,1904,1831.5
1773019140,5078.92,5080.765,5075.765,5080.765,1926,1891.7
1773019200,5082.625,5082.625,5077.625,5077.625,1509,1855.1
1773019260,5076.555,5081.555,5076.555,5081.555,513,1842.75
1773019260.001,5085.400000000001,5085.91,5080.91,5080.91,1741,1783.75
1773019320,5079.51,5084.51,5079.51,5084.51,1759,1738.95
1773019380,5087.895,5087.895,5082.895,5082.895,1167,1676.55
1773019440,5080.18,5085.18,5080.18,5085.18,358,1569
1773019440.001,5085.24,5085.24,5080.24,5080.24,1563,1519.7
1773019500,5075.085,5077.575,5072.575,5077.575,2443,1519.25
1773019620,5079.49,5079.49,5074.49,5074.49,306,1422.1
1773019620.001,5073.84,5075.115,5070.115,5075.115,4125,1519.75
1773019800,5078.275000000001,5080.405,5075.405,5080.405,1190,1552.2
1773019860,5080.915,5082.52,5077.52,5082.52,1155,1526.5
1773019920,5084.575,5086.335,5081.335,5081.335,1279,1490.35
1773019980,5079.5650000000005,5082.91,5077.91,5077.91,2505,1529.25
1773020100,5076.16,5081.16,5076.16,5081.16,396,1465.05
1773020100.001,5081.58,5081.63,5076.63,5076.63,1296,1508.75
1773020160,5073.655,5078.655,5073.655,5078.655,1329,1512.8
1773020220,5082.39,5082.39,5077.39,5077.39,1383,1492.35
1773020280,5075.675,5077.865,5072.865,5072.865,1138,1454.05
1773020340,5072.5650000000005,5076.46,5071.46,5076.46,1670,1441.25
1773020400,5081,5081,5076,5076,1446,1438.1
1773020460,5074.275000000001,5079.275000000001,5074.275000000001,5079.275000000001,1495,1487.2
1773020520,5081.14,5081.14,5076.14,5076.14,1317,1466
1773020580,5074.900000000001,5079.900000000001,5074.900000000001,5079.900000000001,1353,1445.7
1773020640,5081.895,5082.485,5077.485,5077.485,4149,1594.8
1773020820,5072.91,5077.095,5072.095,5077.095,1649,1659.35
1773020880,5077.76,5080.325,5075.325,5080.325,1376,1650
1773020940,5081.32,5082.545,5077.545,5077.545,1320,1593.85
1773021000,5076.36,5077.81,5072.81,5072.81,1527,1654.9
1773021060,5071.36,5072.185,5067.185,5067.185,1871,1542.2
1773021120,5065.35,5070.35,5065.35,5070.35,490,1507.2
1773021120.001,5071.26,5076.14,5071.14,5076.14,1197,1509.3
1773021180,5079.165,5080.425,5075.425,5075.425,1370,1513.85
1773021240,5073.6050000000005,5077.13,5072.13,5072.13,4921,1634.65
1773021480,5071.33,5073.955,5068.955,5068.955,3365,1783.1
1773021600,5061.75,5066.75,5061.75,5066.75,1689,1802.75
1773021660,5068.68,5070.285,5065.285,5065.285,1806,1826.6
1773021720,5062.345,5064.515,5059.515,5059.515,1666,1840.75
1773021780,5055.7300000000005,5060.21,5055.21,5060.21,1394,1853.55
1773021840,5064.71,5068.45,5063.45,5068.45,1390,1839.55
1773021900,5072.185,5073.74,5068.74,5073.74,3372,1935.85
1773022020,5080.3,5082.285,5077.285,5082.285,5043,2113.25
1773022200,5095,5095.015,5090.015,5095.015,2948,2194.8
1773022380,5095.215,5095.325,5090.325,5090.325,1645,2209.4
1773022500,5089.535,5092.995,5087.995,5087.995,2290,2116.45
1773022620,5083.25,5086.89,5081.89,5081.89,2270,2147.5
1773022740,5077.715,5079.465,5074.465,5074.465,1064,2131.9
1773022800,5072.835,5077.835,5072.835,5077.835,939,2112.85
1773022860,5079.66,5080.88,5075.88,5075.88,3824,2227.7
1773023100,5074.42,5079.42,5074.42,5079.42,847,2176.5
1773023160,5079.755,5079.755,5074.755,5074.755,1070,2205.5
1773023220,5074.42,5079.42,5074.42,5079.42,924,2191.85
1773023280,5079.43,5080.61,5075.61,5080.61,3572,2301.95
1773023400,5088.1,5089.11,5084.11,5084.11,1862,2149
1773023460,5080.595,5085.595,5080.595,5085.595,1703,2065.9
1773023520,5088.32,5088.32,5083.32,5083.32,1721,2067.5
1773023580,5081.885,5083.55,5078.55,5078.55,1650,2059.7
1773023640,5077.635,5082.635,5077.635,5082.635,1670,2059.9
1773023700,5085.195,5086.33,5081.33,5086.33,1631,2071.75
1773023760,5088.835,5090.665,5085.665,5090.665,4159,2210.2
1773023940,5091.77,5092.97,5087.97,5087.97,2351,2159.15
1773024120,5085.725,5090.725,5085.725,5090.725,301,1922.05
1773024120.001,5091.39,5092.715,5087.715,5092.715,2581,1903.7
1773024240,5094.155,5094.93,5089.93,5089.93,3190,1980.95
1773024420,5089.345,5093.77,5088.77,5093.77,980,1915.45
1773024480,5094.005,5094.04,5089.04,5089.04,4371,2020.5
1773024720,5087.83,5090.93,5085.93,5090.93,910,2012.8
1773024780,5092.055,5095.845,5090.845,5095.845,2483,2090
1773025020,5098.17,5099.21,5094.21,5094.21,986,1948.1
1773025080,5093.205,5098.205,5093.205,5098.205,703,1940.9
1773025140,5098.885,5098.885,5093.885,5093.885,229,1898.85
1773025140.001,5093.555,5098.555,5093.555,5098.555,1023,1903.8
1773025200,5099.82,5099.82,5094.82,5094.82,1255,1787.95
1773025260,5090.975,5095.975,5090.975,5095.975,2168,1803.25
1773025380,5097.5,5097.915,5092.915,5092.915,1105,1773.35
1773025440,5091.4400000000005,5095.125,5090.125,5090.125,2279,1801.25
1773025560,5089.955,5094.955,5089.955,5089.955,1974,1817.45
1773025680,5089.925,5093.155,5088.155,5088.155,1840,1825.95
1773025800,5084.245,5089.245,5084.245,5089.245,1276,1808.2
1773025860,5092.5,5092.5,5087.5,5087.5,1109,1655.7
1773025920,5086.395,5090.705,5085.705,5090.705,3136,1694.95
1773026100,5091.91,5093.825,5088.825,5093.825,2490,1804.4
1773026280,5096.155,5097,5092,5097,1311,1740.9
1773026460,5097.615,5098.1050000000005,5093.1050000000005,5093.1050000000005,1047,1633.75
1773026640,5092.455,5097.455,5092.455,5097.455,518,1610.65
1773026700,5097.885,5101.82,5096.82,5101.82,957,1439.95
1773026820,5102.255,5102.255,5097.255,5097.255,450,1416.95
1773026880,5095.505,5095.6900000000005,5090.6900000000005,5090.6900000000005,753,1330.45
1773026940,5083.9400000000005,5088.9400000000005,5083.9400000000005,5088.9400000000005,773,1319.8
1773027000,5090.13,5090.13,5085.13,5085.13,581,1313.7
1773027060,5084.58,5089.58,5084.58,5089.58,199,1312.2
1773027060.001,5091.125,5092.825,5087.825,5092.825,1814,1351.75
1773027300,5093.115,5094.1050000000005,5089.1050000000005,5089.1050000000005,1228,1350.4
1773027480,5085.435,5086.87,5081.87,5086.87,1635,1323.75
1773027720,5088.04,5089.475,5084.475,5089.475,1532,1345.1
1773027900,5090.795,5093.7300000000005,5088.7300000000005,5088.7300000000005,6869,1574.6
1773028860,5088.025000000001,5091.805,5086.805,5091.805,3354,1643.6
1773029220,5095.245,5097.225,5092.225,5092.225,3361,1719.65
1773029580,5090.650000000001,5094.235,5089.235,5094.235,6387,1975.2
1773030420,5094.77,5094.77,5089.77,5089.77,453,1942.4
1773030480,5089.245,5092.495,5087.495,5092.495,2141,1892.65
1773030780,5092.525000000001,5093.035,5088.035,5088.035,4722,2004.25
1773031500,5086.84,5090.47,5085.47,5090.47,2197,2048.55
1773031800,5090.515,5090.515,5085.515,5085.515,1387,2065.55
1773032040,5085.36,5090.36,5085.36,5090.36,1789,2129.1
1773032340,5091.51,5091.51,5086.51,5086.51,414,2101.95
1773032400,5085.59,5086.485,5081.485,5081.485,712,2115.05
1773032460,5081.195,5086.185,5081.185,5086.185,1503,2152.55
1773032580,5089.68,5094.4400000000005,5089.4400000000005,5094.4400000000005,785,2153.15
1773032640,5096.06,5097.92,5092.92,5097.92,971,2172.65
1773032700,5098.335,5101.005,5096.005,5101.005,1018,2213.6
1773032760,5101.5,5102.35,5097.35,5097.35,831,2164.45
1773032820,5096.665,5101.665,5096.665,5101.665,846,2145.35
1773032880,5102.215,5102.215,5097.215,5097.215,727,2099.95
1773032940,5094.79,5098.78,5093.78,5098.78,1512,2098.95
1773033120,5099.5650000000005,5099.5650000000005,5094.5650000000005,5094.5650000000005,672,1789.1
1773033240,5094.385,5097.755,5092.755,5092.755,1374,1690.1
1773033360,5092.45,5095.18,5090.18,5090.18,1608,1602.45
1773033540,5087.3,5092.3,5087.3,5092.3,2506,1408.4
1773033660,5095.02,5099.945,5094.945,5099.945,2007,1486.1
1773033720,5102.205,5104.6050000000005,5099.6050000000005,5099.6050000000005,1525,1455.3
1773033780,5095.95,5098.79,5093.79,5093.79,2434,1340.9
1773033900,5092.92,5097.92,5092.92,5097.92,2061,1334.1
1773034020,5099.46,5099.46,5094.46,5094.46,324,1280.95
1773034020.001,5093.885,5098.885,5093.885,5098.885,1093,1246.15
1773034080,5099.8150000000005,5099.8150000000005,5094.8150000000005,5094.8150000000005,568,1253.85
1773034140,5094.085,5097.33,5092.33,5092.33,1134,1274.95
1773034200,5091.915,5096.915,5091.915,5096.915,411,1220.35
1773034200.001,5100.09,5100.09,5095.09,5095.09,1174,1239.8
1773034260,5094,5099,5094,5099,381,1210.3
1773034260.001,5102.4800000000005,5106.755,5101.755,5106.755,2850,1301.9
1773034380,5108.575,5108.97,5103.97,5108.97,2786,1399.65
1773034500,5113.52,5113.52,5108.52,5108.52,1778,1446.25
1773034620,5108.1,5111.175,5106.175,5106.175,2120,1515.9
1773034740,5104.84,5109.84,5104.84,5109.84,1669,1523.75
1773034860,5111.27,5111.27,5106.27,5106.27,253,1502.8
1773034860.001,5105.96,5110.96,5105.96,5110.96,1084,1488.3
1773034920,5114.25,5116.61,5111.61,5116.61,1330,1474.4
1773034980,5118.055,5119.3150000000005,5114.3150000000005,5119.3150000000005,1575,1427.85
1773035040,5121.51,5124.495,5119.495,5124.495,1248,1389.9
1773035100,5128.2,5130.67,5125.67,5130.67,2853,1456.3
1773035220,5137.155,5137.155,5132.155,5132.155,442,1356.7
1773035220.001,5130.925,5135.92,5130.92,5135.92,1371,1322.2
1773035280,5137.05,5139.38,5134.38,5139.38,1499,1380.95
1773035340,5140.79,5140.79,5135.79,5135.79,2651,1458.85
1773035460,5131.385,5132.975,5127.975,5127.975,1785,1519.7
1773035520,5127.37,5132.1900000000005,5127.1900000000005,5127.1900000000005,3047,1615.35
1773035640,5125.88,5127.25,5122.25,5122.25,2610,1725.3
1773035760,5120.34,5124.415,5119.415,5124.415,2543,1793.75
1773035880,5125.185,5127.8550000000005,5122.8550000000005,5127.8550000000005,2639,1906.65
1773036000,5128.475,5130.7300000000005,5125.7300000000005,5125.7300000000005,1229,1825.6
1773036060,5125.54,5126.1,5121.1,5121.1,2685,1820.55
1773036180,5120.41,5124.22,5119.22,5124.22,2580,1860.65
1773036300,5128.995,5131.685,5126.685,5131.685,2673,1888.3
1773036420,5133.58,5133.58,5128.58,5128.58,1246,1867.15
1773036480,5126.835,5128.2,5123.2,5123.2,996,1904.3
1773036540,5122.575,5127.575,5122.575,5127.575,350,1867.6
1773036540.001,5130.01,5133.755,5128.755,5133.755,2432,1922.7
1773036660,5133.825,5134.075,5129.075,5129.075,2771,1982.5
1773036840,5126.58,5131.46,5126.46,5126.46,6286,2234.4
1773037200,5126.3,5130.16,5125.16,5125.16,1488,2166.15
1773037260,5124.64,5129.055,5124.055,5124.055,3547,2321.4
1773037500,5123.22,5128.22,5123.22,5128.22,1012,2303.45
1773037560,5129.52,5129.52,5124.52,5124.52,1039,2280.45
1773037620,5123.3150000000005,5128.3,5123.3,5128.3,1428,2219.3
1773037740,5128.335,5129.85,5124.85,5124.85,2922,2276.15
1773037920,5124.215,5128.28,5123.28,5123.28,2836,2265.6
1773038100,5122.47,5122.755,5117.755,5117.755,1912,2230.7
1773038220,5117.07,5119.385,5114.385,5119.385,2155,2211.3
1773038340,5119.82,5119.82,5114.82,5114.82,2162,2187.45
1773038460,5114.27,5117.325,5112.325,5112.325,2398,2245.9
1773038580,5104.725,5109.6900000000005,5104.6900000000005,5109.6900000000005,2788,2251.05
1773038700,5111.24,5111.24,5106.24,5106.24,1085,2176.3
1773038760,5105.58,5109.12,5104.12,5104.12,2170,2151.15
1773038880,5103.375,5106.4400000000005,5101.4400000000005,5106.4400000000005,1100,2143.85
1773038940,5107.265,5108.115,5103.115,5108.115,1684,2178.25
1773039060,5108.5,5108.5,5103.5,5103.5,214,2171.45
1773039060.001,5101.93,5103.745,5098.745,5098.745,1972,2148.45
1773039180,5098.055,5102.22,5097.22,5102.22,1741,2096.95
1773039300,5102.585,5104.715,5099.715,5099.715,1701,1867.7
1773039480,5099.385,5102.31,5097.31,5097.31,1974,1892
1773039600,5093.39,5098.39,5093.39,5098.39,817,1755.5
1773039660,5098.58,5098.745,5093.745,5093.745,2602,1835
1773039780,5088.265,5093.265,5088.265,5093.265,990,1832.55
1773039840,5096.005,5096.005,5091.005,5091.005,709,1796.6
1773039900,5089.335,5094.335,5089.335,5094.335,902,1695.6
1773039960,5095.92,5096.99,5091.99,5096.99,1394,1623.5
1773040080,5098.03,5101.125,5096.125,5101.125,2282,1642
1773040320,5102.095,5102.095,5097.095,5097.095,830,1575.75
1773040380,5096.035,5100.285,5095.285,5100.285,2639,1599.6
1773040620,5100.9800000000005,5101.975,5096.975,5101.975,5603,1759.85
1773041040,5105.915,5106.13,5101.13,5106.13,2003,1720.6
1773041220,5107.045,5108.03,5103.03,5103.03,2505,1791.6
1773041460,5102.09,5106.21,5101.21,5101.21,1424,1754.3
1773041640,5099.88,5104.88,5099.88,5104.88,617,1730.15
1773041700,5105.89,5106.05,5101.05,5106.05,3997,1845.8
1773042060,5107.615,5107.615,5102.615,5102.615,631,1866.65
1773042120,5102.3,5105.32,5100.32,5100.32,1840,1860.05
1773042300,5096.425,5100.715,5095.715,5095.715,1427,1844.35
1773042420,5095.5650000000005,5098.615,5093.615,5098.615,2065,1862.55
1773042600,5100.405,5100.76,5095.76,5095.76,1862,1856.95
1773042780,5095.6050000000005,5099.36,5094.36,5099.36,2091,1920.65
1773042960,5100.46,5102.67,5097.67,5102.67,2614,1921.25
1773043200,5103.915,5106.865,5101.865,5106.865,2186,1981.05
1773043320,5108.33,5111.055,5106.055,5106.055,2720,2081.6
1773043500,5105.6,5106.41,5101.41,5101.41,807,2076.85
1773043560,5100.865,5104.745,5099.745,5104.745,1706,2092.45
1773043740,5106.135,5106.135,5101.135,5101.135,1151,2035.9
1773043860,5100.015,5104.535,5099.535,5099.535,1834,2086.1
1773044040,5099.365,5100.055,5095.055,5095.055,817,1995
1773044100,5095.015,5100.015,5095.015,5100.015,752,1752.45
1773044160,5100.195,5103.205,5098.205,5103.205,854,1695
1773044220,5104.77,5106.63,5101.63,5101.63,1342,1636.85
1773044340,5099.67,5101.245,5096.245,5096.245,1232,1627.25
1773044520,5095.58,5100.055,5095.055,5095.055,3914,1792.1
1773044880,5093.525000000001,5095.265,5090.265,5095.265,1472,1665.85
1773045000,5095.955,5096.21,5091.21,5091.21,1528,1710.7
1773045120,5087.07,5092.07,5087.07,5092.07,1827,1710.05
1773045240,5096.52,5096.895,5091.895,5091.895,1879,1732.65
1773045420,5091.5,5096.345,5091.345,5091.345,6855,1972.15
1773045840,5089.225,5092.2300000000005,5087.2300000000005,5092.2300000000005,4249,2091.5
1773046080,5098.34,5101.81,5096.81,5101.81,2850,2129.45
1773046260,5102.77,5102.77,5097.77,5097.77,1991,2098.3
1773046380,5095.31,5098.68,5093.68,5093.68,2266,2102.3
1773046620,5092.56,5097.56,5092.56,5097.56,842,2008.4
1773046680,5098.63,5100.28,5095.28,5100.28,2803,2108.2
1773046860,5102.03,5104.67,5099.67,5099.67,1822,2114
1773046980,5098.745,5100.085,5095.085,5100.085,1921,2152.5
1773047100,5101.125,5106.11,5101.11,5106.11,1971,2159.35
1773047220,5106.545,5107.995,5102.995,5107.995,990,2168
1773047280,5108.99,5111.4400000000005,5106.4400000000005,5111.4400000000005,801,2170.45
1773047340,5111.935,5114.47,5109.47,5114.47,2375,2246.5
1773047520,5116.71,5116.885,5111.885,5111.885,810,2219.9
1773047580,5111.455,5115.645,5110.645,5115.645,1324,2224.5
1773047700,5117.47,5119.695,5114.695,5119.695,4590,2258.3
1773048060,5120.305,5122.6900000000005,5117.6900000000005,5117.6900000000005,1926,2281
1773048240,5117.1900000000005,5121.32,5116.32,5121.32,984,2253.8
1773048360,5122.34,5124.945,5119.945,5124.945,928,2208.85
1773048480,5125.99,5129.7,5124.7,5129.7,4172,2323.5
1773048720,5131.07,5132.765,5127.765,5127.765,2582,2109.85
1773048840,5126.245,5131.125,5126.125,5126.125,1266,1960.7
1773048900,5125.900000000001,5128.635,5123.635,5123.635,1367,1886.55
1773048960,5123.575,5128.11,5123.11,5123.11,3116,1942.8
1773049140,5117.935,5120.1,5115.1,5115.1,2007,1929.85
1773049260,5113.465,5115.005,5110.005,5110.005,1816,1978.55
1773049380,5107.745,5108.205,5103.205,5103.205,1059,1891.35
1773049440,5102.655,5104.925,5099.925,5099.925,1406,1870.55
1773049500,5096.455,5101.455,5096.455,5101.455,1443,1846.65
1773049560,5103.655,5105.895,5100.895,5100.895,2277,1861.95
1773049680,5099.54,5102.86,5097.86,5102.86,2081,1916.5
1773049800,5107.06,5107.53,5102.53,5102.53,2205,1986.7
1773049920,5101.735,5106.655,5101.655,5106.655,7591,2247.5
1773050400,5108.205,5108.6,5103.6,5103.6,3225,2368.25
1773050580,5102.88,5107.88,5102.88,5107.88,1055,2354.8
1773050640,5107.91,5110.4400000000005,5105.4400000000005,5110.4400000000005,3844,2317.5
1773051000,5111.16,5111.32,5106.32,5106.32,5237,2483.05
1773051540,5104.025000000001,5106.035,5101.035,5101.035,6072,2737.45
1773052080,5100.49,5102.4400000000005,5097.4400000000005,5097.4400000000005,1685,2775.3
1773052200,5093.66,5095.615,5090.615,5095.615,2074,2670.4
1773052320,5096.67,5096.67,5091.67,5091.67,2161,2649.35
1773052500,5090.01,5094.085,5089.085,5094.085,2138,2692.95
1773052680,5095.555,5095.59,5090.59,5095.59,3048,2777
1773052800,5097.51,5100.2,5095.2,5100.2,1269,2684.65
1773052920,5100.435,5100.435,5095.435,5095.435,856,2627.1
1773052980,5093.655,5096.58,5091.58,5091.58,3215,2697.05
1773053220,5091.145,5094.075,5089.075,5089.075,2479,2768.05
1773053400,5088.28,5090.08,5085.08,5085.08,1246,2760.05
1773053460,5083.845,5088.845,5083.845,5088.845,1110,2743.4
1773053520,5092.46,5096.115,5091.115,5096.115,1573,2708.2
1773053640,5096.6050000000005,5096.8150000000005,5091.8150000000005,5091.8150000000005,4165,2812.4
1773053940,5087.175,5092.175,5087.175,5092.175,1491,2776.7
1773054000,5095.195,5097.005,5092.005,5092.005,5600,2677.15
1773054360,5091.29,5096.29,5091.29,5096.29,954,2563.6
1773054420,5097.52,5097.52,5092.52,5092.52,2839,2652.8
1773054600,5090.67,5094.93,5089.93,5089.93,6178,2769.5
1773055020,5089.04,5091.45,5086.45,5086.45,2330,2624.15
1773055200,5079.93,5084.93,5079.93,5084.93,941,2367.6
1773055260,5085.81,5088.68,5083.68,5083.68,1846,2375.65
1773055380,5083.3550000000005,5086.74,5081.74,5081.74,1891,2366.5
1773055500,5081.3550000000005,5086.3550000000005,5081.3550000000005,5086.3550000000005,1862,2351.55
1773055620,5087.54,5087.54,5082.54,5082.54,208,2255.05
1773055620.001,5082.04,5084.985,5079.985,5084.985,1581,2181.7
1773055740,5085.95,5090.335,5085.335,5085.335,2623,2249.4
1773055920,5083.42,5087.135,5082.135,5087.135,2181,2315.65
1773056100,5091.43,5093.215,5088.215,5088.215,2587,2284.25
1773056280,5085.285,5090.285,5085.285,5090.285,697,2195.15
1773056340,5091.235,5091.49,5086.49,5086.49,2712,2268.45
1773056580,5085.02,5088.92,5083.92,5088.92,3139,2369.9
1773056760,5089.985,5090.385,5085.385,5085.385,3273,2454.9
1773057000,5084.26,5089.26,5084.26,5089.26,1467,2320
1773057120,5091.905,5094.05,5089.05,5094.05,1973,2344.1
1773057360,5094.725,5094.725,5089.725,5089.725,1487,2138.45
1773057480,5089.22,5092.89,5087.89,5092.89,2924,2236.95
1773057660,5096.685,5099.22,5094.22,5099.22,7299,2459.95
1773058200,5099.845,5099.845,5094.845,5094.845,1257,2213.9
1773058320,5094.2300000000005,5099.2300000000005,5094.2300000000005,5099.2300000000005,4267,2310.75
1773058620,5099.87,5102.18,5097.18,5102.18,2753,2401.35
1773058800,5103.485,5104.79,5099.79,5104.79,3142,2466.15
1773059040,5106.345,5107.405,5102.405,5107.405,2310,2487.1
1773059280,5108.85,5112.505,5107.505,5107.505,6967,2742.35
1773060120,5103.900000000001,5107.295,5102.295,5102.295,3430,2903.45
1773060480,5101.56,5103.695,5098.695,5098.695,1311,2889.95
1773060600,5097.62,5099.115,5094.115,5094.115,4115,2964.55
1773060960,5093.4800000000005,5098.31,5093.31,5093.31,3715,3041.25
1773061200,5089.445,5094.445,5089.445,5094.445,1508,2987.3
1773061260,5095.81,5099.475,5094.475,5094.475,2508,3077.85
1773061380,5094.1050000000005,5099.1050000000005,5094.1050000000005,5099.1050000000005,698,2977.15
1773061440,5099.335,5099.335,5094.335,5094.335,1534,2896.9
1773061560,5093.41,5097.27,5092.27,5092.27,2439,2855.2
1773061680,5091.945,5094.79,5089.79,5089.79,1102,2836.95
1773061740,5088.175,5093.175,5088.175,5093.175,1852,2830.9
1773061860,5094.8,5096.375,5091.375,5096.375,4720,2992.55
1773062100,5096.5,5096.5,5091.5,5091.5,375,2865.1
1773062100.001,5091.34,5095.875,5090.875,5095.875,2838,2642.05
1773062220,5098.51,5098.51,5093.51,5093.51,1184,2638.4
1773062280,5093.2300000000005,5095.12,5090.12,5090.12,2219,2536
1773062400,5089.365,5092.42,5087.42,5087.42,1335,2465.1
1773062460,5087.24,5090.76,5085.76,5085.76,3312,2473.6
1773062640,5084.795,5089.795,5084.795,5089.795,1830,2449.6
1773062700,5093.22,5095.145,5090.145,5095.145,4780,2340.25
1773062940,5096.150000000001,5096.91,5091.91,5096.91,2398,2288.65
1773063000,5104.41,5104.41,5099.41,5099.41,2025,2324.35
1773063060,5093.87,5098.87,5093.87,5098.87,2142,2225.7
1773063120,5102.095,5103.415,5098.415,5103.415,4634,2271.65
1773063240,5109.46,5111.52,5106.52,5106.52,2533,2322.9
1773063300,5106.375,5109.005,5104.005,5104.005,4238,2409.4
1773063420,5101.115,5103.2300000000005,5098.2300000000005,5098.2300000000005,1928,2470.9
1773063480,5097.49,5102.35,5097.35,5097.35,1961,2492.25
1773063540,5096.255,5098.67,5093.67,5093.67,1949,2467.75
1773063600,5090.6,5090.615,5085.615,5085.615,2358,2530.55
1773063660,5082.25,5084.865,5079.865,5079.865,2276,2551.75
1773063720,5075.425,5079.62,5074.62,5079.62,2068,2419.15
1773063780,5080.505,5080.505,5075.505,5075.505,2124,2506.6
1773063840,5074.3,5077.475,5072.475,5072.475,2456,2487.5
1773063900,5069.02,5074.02,5069.02,5074.02,2095,2533.05
1773063960,5082.305,5083.715,5078.715,5083.715,2303,2537.25
1773064020,5083.84,5084.885,5079.885,5079.885,2180,2579.5
1773064080,5078.175,5083.035,5078.035,5078.035,4121,2619.95
1773064200,5075.7,5080.7,5075.7,5080.7,2118,2634.35
1773064260,5082.97,5082.97,5077.97,5077.97,1794,2485.05
1773064320,5077.37,5081.51,5076.51,5076.51,3041,2517.2
1773064380,5070.55,5075.55,5070.55,5075.55,1980,2514.95
1773064440,5076.285,5076.285,5071.285,5071.285,1884,2502.05
1773064500,5067.42,5072.42,5067.42,5072.42,473,2294
1773064500.001,5074.525000000001,5075.77,5070.77,5070.77,1484,2241.55
1773064560,5068.665,5073.665,5068.665,5073.665,2212,2140.25
1773064620,5076.57,5077.3,5072.3,5077.3,2006,2144.15
1773064680,5079.645,5081.475,5076.475,5076.475,1906,2141.4
1773064740,5074.045,5078.375,5073.375,5078.375,2411,2164.5
1773064800,5081.35,5083.34,5078.34,5078.34,4473,2270.25
1773064920,5077.59,5082.59,5077.59,5082.59,575,2185.2
1773064920.001,5084.72,5085.725,5080.725,5080.725,2403,2201.95
1773064980,5080.675,5085.675,5080.675,5085.675,2149,2203.2
1773065040,5088.695,5088.695,5083.695,5083.695,2124,2186.6
1773065100,5081.9400000000005,5084.645,5079.645,5079.645,2732,2218.45
1773065160,5075.095,5078.91,5073.91,5073.91,5739,2390.25
1773065280,5068.46,5073.46,5068.46,5073.46,2922,2427.35
1773065340,5077.32,5077.32,5072.32,5072.32,2789,2360.75
1773065400,5069.635,5070.25,5065.25,5065.25,2476,2378.65
1773065460,5062.21,5066.505,5061.505,5061.505,4276,2502.75
1773065580,5060.595,5065.595,5060.595,5065.595,548,2378.1
1773065580.001,5070.12,5073.1900000000005,5068.1900000000005,5068.1900000000005,5260,2542.1
1773065700,5064.81,5069.81,5064.81,5069.81,2118,2553.8
1773065760,5075.78,5077.04,5072.04,5077.04,4633,2761.8
1773065880,5079.02,5079.255,5074.255,5074.255,4697,2922.45
1773066000,5073.995,5077.29,5072.29,5072.29,2372,2930.45
1773066060,5070.900000000001,5075.66,5070.66,5075.66,2276,2943.95
1773066120,5080.135,5080.32,5075.32,5075.32,2166,2956.95
1773066180,5072.9400000000005,5077.9400000000005,5072.9400000000005,5077.9400000000005,1906,2931.7
1773066240,5080.64,5083.745,5078.745,5078.745,5794,2997.75
1773066420,5077.145,5082.145,5077.145,5082.145,2133,3075.65
1773066480,5084.41,5084.985,5079.985,5084.985,6664,3288.7
1773066660,5089.285,5091.89,5086.89,5091.89,13372,3849.85
1773067080,5095.78,5097.915,5092.915,5097.915,4086,3947.95
1773067200,5099.33,5102.205,5097.205,5102.205,5618,4092.25
1773067380,5107.575,5110,5105,5110,1848,3897.7
1773067440,5114.99,5116.28,5111.28,5111.28,4412,3972.2
1773067560,5103.835,5105.91,5100.91,5100.91,5473,4106.4
1773067740,5099.26,5100.95,5095.95,5100.95,1893,4077.25
1773067800,5101.615,5104.095,5099.095,5104.095,1585,3942.7
1773067860,5104.295,5104.295,5099.295,5099.295,1443,3987.45
1773067920,5095.655,5096.24,5091.24,5091.24,1472,3798.05
1773067980,5089.635,5093.99,5088.99,5088.99,4957,3940
1773068160,5085.71,5090.71,5085.71,5090.71,555,3736.1
1773068160.001,5092.650000000001,5095.64,5090.64,5095.64,3728,3687.65
1773068280,5096.295,5096.555,5091.555,5091.555,3143,3726.2
1773068400,5090.89,5095.025000000001,5090.025000000001,5090.025000000001,3860,3805.4
1773068520,5087.695,5088.84,5083.84,5083.84,7886,4091.4
1773068760,5083.025000000001,5087.47,5082.47,5087.47,1435,4067.85
1773068820,5088.83,5088.83,5083.83,5083.83,1458,3851.05
1773068880,5080.385,5085.185,5080.185,5080.185,1717,3830.25
1773068940,5079.585,5084.585,5079.585,5084.585,4193,3706.7
1773069120,5087.76,5092.01,5087.01,5087.01,2686,3172.4
1773069240,5086.52,5091.52,5086.52,5091.52,457,2990.95
1773069240.001,5091.89,5094.5650000000005,5089.5650000000005,5089.5650000000005,1944,2807.25
1773069300,5088.915,5091.635,5086.635,5086.635,4366,2933.15
1773069480,5083.4400000000005,5087.165,5082.165,5087.165,2441,2834.6
1773069600,5089.675,5091.135,5086.135,5091.135,2411,2681.5
1773069720,5092.6050000000005,5094.385,5089.385,5094.385,1387,2656.2
1773069780,5096.18,5098.99,5093.99,5098.99,2203,2687.1
1773069900,5100.175,5101.015,5096.015,5101.015,5801,2905
1773070200,5102.78,5102.78,5097.78,5097.78,2155,2939.15
1773070320,5096.905,5100.66,5095.66,5095.66,5905,2986.55
1773070620,5094.58,5098.150000000001,5093.150000000001,5098.150000000001,2424,3080
1773070800,5099.22,5099.22,5094.22,5094.22,2727,3029.95
1773071040,5093.585,5098.585,5093.585,5098.585,6476,3196.6
1773071400,5099.215,5101.895,5096.895,5101.895,3928,3200
1773071640,5103.14,5103.54,5098.54,5098.54,5931,3102.25
1773072000,5097.27,5102.06,5097.06,5102.06,3125,3186.75
1773072180,5105.53,5108.1050000000005,5103.1050000000005,5108.1050000000005,7067,3467.2
1773072600,5109.485,5109.52,5104.52,5104.52,721,3417.4
1773072660,5104.35,5106.41,5101.41,5101.41,3337,3374.6
1773072900,5098.365,5100.31,5095.31,5095.31,4547,3467.65
1773073200,5094.835,5099.76,5094.76,5099.76,4680,3678.8
1773073500,5100.55,5104.195,5099.195,5104.195,2318,3697.5
1773073680,5104.85,5108.75,5103.75,5108.75,2911,3624.75
1773073860,5109.11,5109.11,5104.11,5104.11,2467,3626.05
1773074040,5103.84,5107.76,5102.76,5107.76,3781,3694.55
1773074400,5107.905,5110.715,5105.715,5105.715,5453,3897.85
1773074880,5105.005,5108.055,5103.055,5103.055,7003,4137.85
1773075420,5103,5106.99,5101.99,5101.99,7220,4208.8
1773075960,5101.895,5103.76,5098.76,5098.76,4441,4323.1
1773076440,5098.345,5102.465,5097.465,5097.465,3589,4207.3
1773076800,5095.02,5097.14,5092.14,5092.14,1415,4156.85
1773076920,5091.195,5096.195,5091.195,5096.195,236,4032.3
1773076920.001,5096.42,5097.585,5092.585,5092.585,6119,4014.45
1773077340,5091.97,5096.97,5091.97,5096.97,1171,3876.6
1773077400,5097.51,5097.975,5092.975,5092.975,1986,3679.35
1773077520,5089.45,5094.335,5089.335,5094.335,1713,3608.75
1773077640,5094.6,5096.5,5091.5,5091.5,3993,3455.05
1773078000,5089.43,5094.135,5089.135,5094.135,5698,3703.9
1773078360,5095.59,5097.285,5092.285,5097.285,3194,3696.75
1773078660,5097.695,5099.6050000000005,5094.6050000000005,5094.6050000000005,7168,3827.8
1773079320,5094.52,5097.51,5092.51,5097.51,8241,4005.85
1773080040,5097.72,5101.6900000000005,5096.6900000000005,5101.6900000000005,2317,4005.8
1773080340,5103.75,5106.91,5101.91,5106.91,1924,3956.45
1773080640,5107.04,5109.385,5104.385,5109.385,4518,4059
1773081240,5110.145,5114.455,5109.455,5114.455,1435,3941.7
1773081360,5116.655,5118.085,5113.085,5118.085,2424,3790.25
1773081660,5119.905,5120.455,5115.455,5115.455,3278,3604
1773082020,5115.445,5120.445,5115.445,5120.445,1846,3335.3
1773082260,5121,5123.655,5118.655,5123.655,1725,3199.5
1773082380,5125.47,5127.39,5122.39,5127.39,6722,3356.15
1773082860,5130.625,5130.625,5125.625,5125.625,2715,3421.15
1773083100,5122.085,5123.63,5118.63,5123.63,3148,3566.75
1773083400,5123.67,5124.925,5119.925,5119.925,3325,3427.05
1773083820,5118.375,5123.375,5118.375,5123.375,395,3388.25
1773083820.001,5123.89,5128.61,5123.61,5128.61,2326,3405.25
1773083940,5134.475,5139.01,5134.01,5139.01,1703,3404.75
1773084000,5139.06,5139.58,5134.58,5139.58,8141,3612.15
1773084240,5144.01,5144.01,5139.01,5139.01,1768,3415.65
1773084300,5136.495,5141.495,5136.495,5141.495,1241,3318
1773084360,5141.925,5141.925,5136.925,5136.925,4168,3168
1773084480,5136.545,5141.17,5136.17,5136.17,3560,2933.95
1773084600,5130.035,5135.035,5130.035,5135.035,1983,2917.25
1773084660,5135.175,5137.205,5132.205,5132.205,4745,3058.3
1773084840,5129.53,5133.78,5128.78,5128.78,1785,2921.65
1773084900,5128,5133,5128,5133,1803,2940.05
1773084960,5133.71,5133.71,5128.71,5128.71,1876,2912.65
1773085020,5125.465,5130.465,5125.465,5130.465,2621,2879.8
1773085140,5130.785,5134.015,5129.015,5134.015,2112,2893.1
1773085260,5135.21,5135.21,5130.21,5130.21,360,2824.85
1773085260.001,5129.725,5134.725,5129.725,5134.725,1049,2541.2
1773085320,5135.035,5136.52,5131.52,5136.52,1029,2456.9
1773085380,5137.79,5137.79,5132.79,5132.79,4021,2500.55
1773085560,5130.62,5134.32,5129.32,5134.32,2490,2458.8
1773085680,5135.95,5137.245,5132.245,5137.245,6770,2777.55
1773086040,5137.39,5139.045,5134.045,5139.045,2181,2770.3
1773086220,5139.125,5143.38,5138.38,5143.38,1854,2777.85
1773086340,5144.325,5145.87,5140.87,5140.87,4246,2583.1
1773086640,5138.38,5143.38,5138.38,5143.38,1145,2551.95
1773086760,5147.465,5148.205,5143.205,5143.205,1384,2559.1
1773086940,5142.07,5143.545,5138.545,5138.545,1440,2422.7
1773087180,5137.925,5141.61,5136.61,5136.61,2729,2381.15
1773087900,5134.400000000001,5139.400000000001,5134.400000000001,5139.400000000001,1027,2333.35
1773088140,5139.8550000000005,5139.8550000000005,5134.8550000000005,5134.8550000000005,2380,2215.1
1773088980,5134.72,5139.72,5134.72,5139.72,338,2142.75
1773089040,5139.895,5140.825,5135.825,5135.825,2996,2202.4
1773089640,5134.915,5138.475,5133.475,5133.475,955,2156.35
1773093840,5128.805,5131.3,5126.3,5126.3,1412,2095.9
1773093960,5124.39,5129.39,5124.39,5129.39,152,1997.9
1773093960.001,5135.075,5135.075,5130.075,5130.075,655,2012.65
1773094020,5125.42,5130.42,5125.42,5130.42,167,1968.55
1773094020.001,5131.6,5133.895,5128.895,5133.895,936,1963.9
1773094200,5136.975,5136.975,5131.975,5131.975,970,1811.35
1773094320,5128.76,5133.01,5128.01,5133.01,793,1726.5
1773094440,5133.04,5135.96,5130.96,5130.96,541,1415.05
1773094500,5128.995,5131.745,5126.745,5126.745,964,1354.2
1773094620,5126.255,5129.5650000000005,5124.5650000000005,5124.5650000000005,1737,1348.35
1773094980,5122.495,5123.9800000000005,5118.9800000000005,5118.9800000000005,382,1155.15
1773095040,5117.3550000000005,5122.3550000000005,5117.3550000000005,5122.3550000000005,153,1105.55
1773095040.001,5124.86,5127.650000000001,5122.650000000001,5127.650000000001,333,1053
1773095100,5128.155,5130.975,5125.975,5130.975,829,1022.45
1773095280,5132.88,5134.37,5129.37,5134.37,1644,968.2
1773095520,5134.83,5135.8550000000005,5130.8550000000005,5130.8550000000005,1072,970.45
1773095640,5128.525000000001,5133.525000000001,5128.525000000001,5133.525000000001,582,880.55
1773095760,5133.795,5133.795,5128.795,5128.795,894,908.35
1773095940,5128.4800000000005,5133.4800000000005,5128.4800000000005,5133.4800000000005,765,796.8
1773096060,5135.935,5139.325,5134.325,5139.325,726,785.35
1773096180,5140.1,5140.34,5135.34,5140.34,894,759.45
1773096300,5141.935,5143.755,5138.755,5143.755,1950,849.35
1773096600,5145.75,5147.46,5142.46,5147.46,3933,1013.25
1773097080,5150.055,5153.975,5148.975,5153.975,1766,1093.2
1773097200,5154.825,5154.825,5149.825,5149.825,886,1090.7
1773097260,5147.575,5148.47,5143.47,5143.47,530,1068.7
1773097320,5143.335,5144.82,5139.82,5139.82,1142,1086.15
1773097440,5139.665,5143.53,5138.53,5143.53,1323,1125.25
1773097620,5143.9400000000005,5146.78,5141.78,5146.78,1371,1145.6
1773097800,5148.3150000000005,5150.25,5145.25,5145.25,2750,1196.25
1773098100,5144.875,5149.875,5144.875,5149.875,671,1210.7
1773098160,5151.02,5153.825,5148.825,5153.825,1290,1267.55
1773098340,5156.21,5156.21,5151.21,5151.21,1176,1309.7
1773098460,5150.74,5152.995,5147.995,5147.995,696,1303.05
1773098520,5146.975,5150.175,5145.175,5150.175,2468,1344.25
1773098760,5150.265,5150.265,5145.265,5145.265,811,1331.2
1773098820,5142.76,5147.04,5142.04,5142.04,2098,1407
1773099120,5141.635,5146.635,5141.635,5146.635,1186,1421.6
1773099480,5147.585,5149.765,5144.765,5144.765,1550,1460.85
1773099720,5144.5650000000005,5145.41,5140.41,5140.41,1156,1482.35
1773099840,5135.64,5140.64,5135.64,5140.64,719,1473.6
1773099900,5141.8550000000005,5142.58,5137.58,5142.58,2599,1506.05
1773100260,5143.51,5143.51,5138.51,5138.51,791,1348.95
1773100380,5137.7300000000005,5142.7300000000005,5137.7300000000005,5142.7300000000005,459,1283.6
1773100440,5142.885,5143.43,5138.43,5138.43,1691,1323.85
1773100740,5138.405,5141.435,5136.435,5136.435,966,1345.65
1773100800,5131.705,5135.92,5130.92,5135.92,1089,1343
1773100860,5137.88,5138.475,5133.475,5133.475,1564,1355.05
1773100980,5133,5138,5133,5138,2372,1405.1
1773101220,5139.545,5141.3150000000005,5136.3150000000005,5136.3150000000005,4130,1474.1
1773101700,5132.525000000001,5137.4400000000005,5132.4400000000005,5137.4400000000005,3120,1596.55
1773102000,5137.79,5137.79,5132.79,5132.79,827,1573.4
1773102120,5131.08,5134.06,5129.06,5129.06,2783,1653.75
1773102660,5128.715,5131.075,5126.075,5126.075,1771,1707.5
1773102840,5124.89,5129.89,5124.89,5129.89,205,1594.35
1773102840.001,5130.3550000000005,5133.51,5128.51,5133.51,1146,1611.1
1773102960,5136.595,5137.685,5132.685,5132.685,1327,1572.55
1773103140,5131.135,5136.135,5131.135,5136.135,1680,1597.25
1773103380,5136.925,5138.3150000000005,5133.3150000000005,5138.3150000000005,1947,1617.1
1773103560,5139.365,5139.365,5134.365,5134.365,1254,1622
1773103680,5133.32,5134.5,5129.5,5129.5,5712,1871.65
1773104280,5127.995,5131.56,5126.56,5126.56,2900,1886.7
1773104400,5124.835,5129.835,5124.835,5129.835,552,1874.75
1773104400.001,5136.305,5138.985,5133.985,5138.985,1555,1929.55
1773104460,5142.400000000001,5142.400000000001,5137.400000000001,5137.400000000001,501,1870.05
1773104460.001,5131.32,5135.775000000001,5130.775000000001,5135.775000000001,1413,1892.4
1773104520,5137.28,5138.125,5133.125,5138.125,1446,1910.25
1773104580,5140.66,5143.675,5138.675,5143.675,1334,1898.75
1773104640,5146.325,5150.32,5145.32,5150.32,1463,1853.3
1773104700,5152.3,5153.455,5148.455,5148.455,1580,1725.8
1773104760,5147.9800000000005,5148.14,5143.14,5143.14,1553,1647.45
1773104820,5139.57,5144.57,5139.57,5144.57,2668,1739.5
1773104940,5145.005,5146.685,5141.685,5146.685,2709,1735.8
1773105060,5149.205,5149.395,5144.395,5144.395,1974,1745.95
1773105180,5140.96,5144.365,5139.365,5144.365,949,1783.15
1773105240,5144.655,5147.3150000000005,5142.3150000000005,5147.3150000000005,2466,1849.15
1773105360,5149.305,5150.02,5145.02,5150.02,2389,1902.25
1773105480,5151.295,5154.5,5149.5,5154.5,2751,1955.8
1773105600,5159.325,5161.3,5156.3,5161.3,1427,1929.8
1773105660,5161.39,5163.055,5158.055,5163.055,4144,2074.3
1773105900,5165.29,5168.150000000001,5163.150000000001,5163.150000000001,1350,1856.2
1773105960,5157.9400000000005,5162.88,5157.88,5157.88,1189,1770.65
1773106020,5157.16,5161.41,5156.41,5156.41,3864,1936.25
1773106200,5154.7,5158.205,5153.205,5158.205,4254,2071.2
1773106380,5159.78,5163.875,5158.875,5163.875,1458,2119.05
1773106440,5164.09,5165.1,5160.1,5165.1,1520,2124.4
1773106500,5165.755,5166.785,5161.785,5166.785,1292,2116.7
1773106560,5167.095,5167.165,5162.165,5162.165,2364,2168.2
1773106680,5160.215,5165.215,5160.215,5165.215,2664,2228.25
1773106860,5169.04,5169.04,5164.04,5164.04,1211,2209.8
1773106920,5163.76,5168.76,5163.76,5168.76,4136,2338.95
1773107160,5168.83,5171.485,5166.485,5166.485,4113,2411.2
1773107460,5165.57,5170.57,5165.57,5170.57,764,2313.95
1773107520,5172.78,5174.8,5169.8,5174.8,1357,2283.1
1773107640,5175.12,5178.42,5173.42,5178.42,2708,2371.05
1773107820,5181.18,5184.715,5179.715,5184.715,2341,2364.8
1773107940,5186.455,5187.055,5182.055,5182.055,2966,2393.65
1773108120,5179.91,5184.375,5179.375,5179.375,1410,2326.6
1773108240,5176.595,5177.845,5172.845,5172.845,3295,2420
1773108480,5170.53,5175.53,5170.53,5175.53,974,2261.5
1773108540,5177,5177,5172,5172,822,2235.1
1773108600,5171.365,5175.935,5170.935,5175.935,3818,2366.55
1773108900,5176.8,5177.4400000000005,5172.4400000000005,5177.4400000000005,1113,2229
1773108960,5178.255,5180.11,5175.11,5180.11,3490,2190.8
1773109560,5180.34,5182.38,5177.38,5182.38,4009,2318.35
1773109920,5183.455,5183.455,5178.455,5178.455,1934,2339.05
1773110040,5178.145,5180.595,5175.595,5180.595,4577,2503.3
1773110400,5183.135,5184.86,5179.86,5179.86,2027,2486.45
1773110580,5178.155,5183.155,5178.155,5183.155,1653,2435.9
1773110700,5184.54,5185.645,5180.645,5180.645,2385,2494.6
1773110880,5179.86,5180.86,5175.86,5175.86,2041,2389.85
1773111120,5173.16,5177.09,5172.09,5177.09,1233,2245.85
1773111240,5177.3550000000005,5177.3550000000005,5172.3550000000005,5172.3550000000005,719,2243.6
1773111300,5171.665,5172.095,5167.095,5167.095,2690,2310.25
1773111480,5165.08,5169,5164,5169,3022,2325.95
1773111660,5172.6050000000005,5173.145,5168.145,5168.145,3267,2372.25
1773111960,5168.015,5173.015,5168.015,5173.015,678,2257.85
1773112020,5173.3150000000005,5173.4800000000005,5168.4800000000005,5168.4800000000005,2580,2316.35
1773112320,5167.01,5169.38,5164.38,5169.38,2872,2295.2
1773112620,5170.34,5170.625,5165.625,5165.625,1281,2310.55
1773112740,5165.045,5170.045,5165.045,5170.045,1599,2349.4
1773112920,5170.245,5170.245,5165.245,5165.245,2168,2266.9
1773113220,5163.31,5166.705,5161.705,5166.705,862,2254.35
1773113340,5167.09,5167.9800000000005,5162.9800000000005,5162.9800000000005,2049,2182.3
1773113640,5162.485,5165.125,5160.125,5165.125,1176,2040.65
1773113760,5165.14,5165.14,5160.14,5160.14,4091,2148.5
1773114300,5159.305,5160.56,5155.56,5160.56,3869,2113.1
1773114900,5160.67,5160.87,5155.87,5155.87,1648,2094.15
1773115200,5155.225,5159.495,5154.495,5154.495,1103,2066.65
1773115320,5154.47,5159.47,5154.47,5159.47,2818,2088.3
1773115740,5159.645,5161.585,5156.585,5161.585,1267,2049.6
1773115920,5161.6050000000005,5165.22,5160.22,5165.22,1079,2041.9
1773116040,5165.42,5166.53,5161.53,5166.53,2175,2114.7
1773116460,5166.645,5166.645,5161.645,5161.645,545,2007.45
1773116760,5161.38,5166.38,5161.38,5166.38,5012,2106.95
1773118860,5167.245,5171.325,5166.325,5171.325,3914,2139.3
1773119520,5172.04,5174.38,5169.38,5169.38,2883,2249.55
1773120240,5169.205,5174.095,5169.095,5174.095,984,2169.75
1773120600,5174.365,5174.365,5169.365,5169.365,637,2058
1773120720,5167.465,5171.900000000001,5166.900000000001,5166.900000000001,2780,2132.95
1773121560,5166.87,5171.87,5166.87,5171.87,1112,2108.6
1773121740,5173.885,5177.935,5172.935,5177.935,2048,2102.6
1773122160,5178.66,5181.1,5176.1,5176.1,3898,2254.4
1773122700,5175.365,5179.205,5174.205,5179.205,1585,2231.2
1773123180,5180.175,5180.935,5175.935,5175.935,2340,2289.4
1773123600,5174.8,5177.91,5172.91,5172.91,2098,2189.75
1773124080,5171.84,5176.84,5171.84,5176.84,433,2017.95
1773124140,5177.6050000000005,5179.2,5174.2,5174.2,2371,2054.1
1773124680,5173.74,5178.74,5173.74,5178.74,598,2028.85
1773124800,5178.86,5178.86,5173.86,5173.86,4337,2104.8
1773125880,5173.77,5177.43,5172.43,5172.43,1748,2128.85
1773126120,5170.83,5175.83,5170.83,5175.83,457,2097.75
1773126180,5176.1,5178.915,5173.915,5173.915,1817,2079.85
1773126420,5173.57,5176.5,5171.5,5176.5,800,2092.6
1773126600,5176.945,5176.9800000000005,5171.9800000000005,5176.9800000000005,2243,1954.15
1773126960,5177.6900000000005,5177.6900000000005,5172.6900000000005,5172.6900000000005,516,1784.25
1773127020,5171.24,5171.615,5166.615,5166.615,1700,1725.1
1773127200,5166.035,5166.955,5161.955,5161.955,1484,1750.1
1773127320,5161.455,5163.395,5158.395,5163.395,3089,1872.7
1773127560,5164.915,5168.015,5163.015,5168.015,1125,1789.95
1773127680,5168.6,5170.675,5165.675,5170.675,4878,1978.25
1773128220,5172.395,5176.54,5171.54,5176.54,1819,1966.8
1773128460,5176.745,5178.71,5173.71,5178.71,2221,1882.95
1773128700,5179.125,5180.185,5175.185,5180.185,6806,2144
1773129540,5181.755,5185.545,5180.545,5180.545,3215,2187.75
1773129720,5178.77,5180.695,5175.695,5175.695,2481,2206.9
1773129960,5175.005,5180.005,5175.005,5180.005,615,2216
1773130020,5180.150000000001,5183.055,5178.055,5183.055,1517,2173.3
1773130200,5184.35,5184.425,5179.425,5179.425,1861,2236.45
1773130500,5177.835,5181.145,5176.145,5176.145,2076,2123.4
1773130920,5175.465,5180.465,5175.465,5180.465,364,2054.2
1773130980,5181.1050000000005,5182.685,5177.685,5182.685,2433,2153
1773131340,5184.3,5188.035,5183.035,5188.035,706,2097.45
1773131400,5189.1900000000005,5189.1900000000005,5184.1900000000005,5184.1900000000005,1401,2127.5
1773131520,5184.14,5187.885,5182.885,5187.885,4615,2246.1
1773131940,5190.8150000000005,5194.28,5189.28,5189.28,2162,2328.4
1773132180,5189.025000000001,5193.995,5188.995,5193.995,2706,2378.7
1773132540,5195.405,5195.405,5190.405,5190.405,1214,2365.2
1773132780,5188.305,5190.495,5185.495,5185.495,1308,2276.15
1773132960,5183.025000000001,5187.165,5182.165,5182.165,2206,2330.2
1773133200,5180.58,5185.58,5180.58,5185.58,1557,2164.15
1773133380,5185.805,5188.875,5183.875,5188.875,3937,2270.05
1773133920,5189.505,5189.505,5184.505,5184.505,1351,2226.55
1773134160,5183.685,5186.455,5181.455,5181.455,1970,1984.75
1773134400,5181.24,5185.965,5180.965,5185.965,4902,2069.1
1773134940,5187.765,5188.425,5183.425,5183.425,3724,2131.25
1773135360,5182.045,5186.64,5181.64,5186.64,4015,2301.25
1773135840,5187.905,5189.42,5184.42,5184.42,2923,2371.55
1773136320,5184.16,5186.825,5181.825,5181.825,2319,2394.45
1773136800,5181.155,5182.24,5177.24,5177.24,2707,2426
1773137100,5175.68,5180.68,5175.68,5180.68,1196,2467.6
1773137220,5182.17,5183.91,5178.91,5178.91,2579,2474.9
1773137460,5177.755,5182.755,5177.755,5182.755,2195,2549.35
1773137640,5183.49,5183.49,5178.49,5178.49,2796,2619.1
1773137820,5175.835,5179.67,5174.67,5179.67,2598,2518.25
1773138000,5179.9800000000005,5182.0650000000005,5177.0650000000005,5177.0650000000005,3968,2608.55
1773138360,5176.0650000000005,5178.31,5173.31,5173.31,2052,2575.85
1773138540,5172.9400000000005,5176.66,5171.66,5171.66,1441,2587.2
1773138660,5170.055,5171.76,5166.76,5166.76,1724,2608
1773138780,5166.205,5170.415,5165.415,5165.415,2617,2628.55
1773139020,5157.85,5162.85,5157.85,5162.85,898,2595.6
1773139080,5162.895,5162.925,5157.925,5157.925,884,2442.95
1773139140,5156.5,5161.5,5156.5,5161.5,1772,2464
1773139260,5165.62,5169.485,5164.485,5169.485,3026,2516.8
1773139500,5171.06,5175.035,5170.035,5175.035,3270,2435.2
1773139860,5176.27,5177.3550000000005,5172.3550000000005,5177.3550000000005,3334,2415.7
1773140280,5178.025000000001,5181.55,5176.55,5181.55,4225,2426.2
1773140640,5184.385,5186.38,5181.38,5186.38,1216,2340.85
1773140700,5188.015,5189.435,5184.435,5189.435,2952,2372.5
1773140880,5190.3550000000005,5192.045,5187.045,5187.045,4623,2468.3
1773141240,5186.99,5187.585,5182.585,5182.585,2245,2520.75
1773141420,5180.8550000000005,5185.8550000000005,5180.8550000000005,5185.8550000000005,1439,2463.75
1773141540,5186.175,5187.78,5182.78,5187.78,929,2400.45
1773141600,5188.465,5190.115,5185.115,5185.115,2260,2373.65
1773141840,5182.895,5186.41,5181.41,5181.41,1558,2321.65
1773142020,5180.615,5184.17,5179.17,5179.17,2131,2229.8
1773142260,5176.655,5181.655,5176.655,5181.655,2107,2232.55
1773142500,5181.935,5185.33,5180.33,5180.33,2258,2273.4
1773142800,5176.4400000000005,5178.965,5173.965,5178.965,1123,2243.35
1773142920,5179.125,5179.28,5174.28,5174.28,1452,2185.1
1773143040,5173.900000000001,5176.82,5171.82,5176.82,3316,2306
1773143400,5177.92,5179.78,5174.78,5174.78,2537,2388.65
1773143760,5173.665,5176.78,5171.78,5171.78,2452,2422.65
1773144060,5171.225,5174.235,5169.235,5169.235,1284,2335.55
1773144180,5168.55,5169.650000000001,5164.650000000001,5164.650000000001,4830,2413.55
1773144420,5162.485,5167.485,5162.485,5167.485,1276,2310.65
1773144480,5168.535,5169.735,5164.735,5169.735,2597,2229.25
1773144600,5169.785,5171.975,5166.975,5166.975,4691,2403
1773144960,5165.745,5170.745,5165.745,5170.745,1696,2340.2
1773145080,5171.735,5176.39,5171.39,5176.39,2760,2247.05
1773145260,5177.9800000000005,5179.82,5174.82,5179.82,3528,2311.2
1773145500,5179.84,5181.35,5176.35,5181.35,4050,2441.75
1773145860,5181.43,5183.3550000000005,5178.3550000000005,5183.3550000000005,8510,2820.8
1773146640,5185.665,5189.6,5184.6,5184.6,4007,2908.15
1773147000,5184.425,5185.615,5180.615,5180.615,871,2873.8
1773147180,5180.485,5185.485,5180.485,5185.485,1370,2835.75
1773147480,5185.905,5190.595,5185.595,5190.595,1423,2801.55
1773147600,5196.59,5199.125,5194.125,5199.125,1352,2756.25
1773147660,5200.54,5200.685,5195.685,5200.685,1588,2779.5
1773147780,5200.6900000000005,5200.6900000000005,5195.6900000000005,5195.6900000000005,921,2752.95
1773147840,5194.095,5197.76,5192.76,5197.76,1186,2646.45
1773147960,5198.7,5200.9800000000005,5195.9800000000005,5200.9800000000005,1326,2585.9
1773148080,5201.58,5203.685,5198.685,5203.685,5213,2723.95
1773148560,5205.255,5206.58,5201.58,5206.58,1767,2748.1
1773148680,5214.895,5217.29,5212.29,5217.29,2950,2654.1
1773148860,5217.86,5222.31,5217.31,5222.31,2300,2705.3
1773149040,5223.185,5225.76,5220.76,5225.76,1802,2665.55
1773149160,5227.535,5228.925,5223.925,5223.925,1911,2526.55
1773149280,5222.43,5224.4800000000005,5219.4800000000005,5219.4800000000005,2471,2565.3
1773149400,5214.04,5218.16,5213.16,5218.16,1648,2509.7
1773149460,5219.56,5221.78,5216.78,5221.78,2665,2466.55
1773149580,5221.89,5221.89,5216.89,5216.89,500,2289.05
1773149580.001,5209.645,5214.62,5209.62,5209.62,3420,2034.55
1773149700,5207.81,5212.81,5207.81,5212.81,1539,1911.15
1773149760,5213.1050000000005,5213.1050000000005,5208.1050000000005,5208.1050000000005,948,1915
1773149820,5208.045,5212.27,5207.27,5212.27,1220,1907.5
1773149880,5213.275000000001,5216.405,5211.405,5216.405,3366,2004.65
1773150060,5217.075,5217.075,5212.075,5212.075,257,1949.9
1773150060.001,5210.53,5214.875,5209.875,5214.875,1608,1950.9
1773150180,5215.375,5215.375,5210.375,5210.375,1117,1960.7
1773150240,5209.175,5209.805,5204.805,5204.805,1447,1973.75
1773150300,5202.6050000000005,5202.92,5197.92,5197.92,1652,1990.05
1773150360,5196.1900000000005,5201.1900000000005,5196.1900000000005,5201.1900000000005,1354,1797.1
1773150420,5204.005,5204.005,5199.005,5199.005,313,1724.4
1773150420.001,5198.83,5203.695,5198.695,5203.695,1382,1646
1773150540,5205.61,5208.64,5203.64,5208.64,878,1574.9
1773150600,5209.295,5210.47,5205.47,5205.47,1664,1568
1773150720,5202.900000000001,5207.900000000001,5202.900000000001,5207.900000000001,1166,1530.75
1773150780,5208.12,5212.24,5207.24,5212.24,1729,1493.65
1773150900,5212.54,5215.865,5210.865,5210.865,2709,1546.7
1773151080,5210.175,5211.0650000000005,5206.0650000000005,5206.0650000000005,1033,1465.1
1773151140,5203.05,5207.955,5202.955,5202.955,1128,1496.5
1773151200,5201.22,5206.22,5201.22,5206.22,780,1364.5
1773151260,5207.615,5208.555,5203.555,5203.555,837,1329.4
1773151320,5201.9400000000005,5206.93,5201.93,5206.93,1020,1333
1773151380,5207.75,5207.75,5202.75,5202.75,911,1317.55
1773151440,5200.585,5205.585,5200.585,5205.585,1519,1225.2
1773151560,5205.64,5205.64,5200.64,5200.64,250,1224.85
1773151560.001,5198.95,5201.26,5196.26,5196.26,1298,1209.35
1773151620,5188.385,5193.385,5188.385,5193.385,1474,1227.2
1773151680,5197.25,5197.25,5192.25,5192.25,374,1173.55
1773151680.001,5191.695,5194.81,5189.81,5189.81,1934,1187.65
1773151800,5185.405,5190.3,5185.3,5190.3,1433,1191.6
1773151860,5190.935,5194.08,5189.08,5194.08,993,1225.6
1773151920,5195.27,5195.27,5190.27,5190.27,534,1183.2
1773151980,5189.805,5194.805,5189.805,5194.805,681,1173.35
1773152040,5196.81,5199.150000000001,5194.150000000001,5199.150000000001,2146,1197.45
1773152160,5211.91,5211.91,5206.91,5206.91,1248,1201.55
1773152220,5206.33,5209.755,5204.755,5209.755,1303,1180.25
1773152340,5212.535,5214.55,5209.55,5209.55,1655,1127.55
1773152520,5209.215,5213.09,5208.09,5208.09,1884,1170.1
1773152700,5207.305,5212.21,5207.21,5212.21,5122,1369.8
1773153120,5213.665,5213.665,5208.665,5208.665,745,1368.05
1773153180,5206.38,5210.01,5205.01,5205.01,1229,1387.65
1773153300,5204.045,5207.955,5202.955,5207.955,1275,1400.4
1773153420,5208.66,5212.685,5207.685,5212.685,556,1382.65
1773153480,5213.215,5213.215,5208.215,5208.215,1250,1369.2
1773153600,5206.195,5208.400000000001,5203.400000000001,5203.400000000001,1986,1456
1773153780,5203.26,5208.26,5203.26,5208.26,182,1400.2
1773153780.001,5209.18,5209.63,5204.63,5209.63,1807,1416.85
1773153960,5209.9800000000005,5210.695,5205.695,5205.695,2364,1516.35
1773154140,5205.47,5210.4400000000005,5205.4400000000005,5210.4400000000005,908,1465.05
1773154200,5210.705,5212.26,5207.26,5207.26,4482,1617.5
1773154740,5206.39,5208.285,5203.285,5208.285,786,1607.15
1773154800,5209.555,5213.465,5208.465,5213.465,625,1611.7
1773154860,5213.85,5216,5211,5211,1780,1666.65
1773155100,5210.13,5215.13,5210.13,5215.13,1317,1625.2
1773155220,5216.075,5218.75,5213.75,5218.75,1185,1622.05
1773155400,5220.04,5223.255,5218.255,5223.255,1294,1621.6
1773155580,5225.735,5226.595,5221.595,5226.595,3601,1718.9
1773156000,5228.71,5228.78,5223.78,5223.78,2670,1758.2
1773156300,5223.61,5228.61,5223.61,5228.61,4098,1707
1773156660,5230.2300000000005,5232.245,5227.245,5232.245,1715,1755.5
1773156780,5234.285,5236.6050000000005,5231.6050000000005,5231.6050000000005,3542,1871.15
1773157020,5228.735,5233.735,5228.735,5233.735,1121,1863.45
1773157140,5234.66,5234.66,5229.66,5229.66,948,1883.05
1773157260,5228.665,5233.665,5228.665,5233.665,673,1854.2
1773157320,5235.91,5238.525000000001,5233.525000000001,5238.525000000001,1779,1843.85
1773157500,5238.775000000001,5238.775000000001,5233.775000000001,5233.775000000001,1125,1891
1773157620,5230.57,5234.9400000000005,5229.9400000000005,5229.9400000000005,1551,1878.2
1773157860,5228.41,5231.51,5226.51,5226.51,5289,2024.45
1773158580,5223.765,5228.765,5223.765,5228.765,267,1992.4
1773158640,5229.095,5229.095,5224.095,5224.095,1779,1857.25
1773159120,5222.75,5227.75,5222.75,5227.75,1996,1917.75
1773159420,5228.56,5232.54,5227.54,5232.54,2674,2020.2
1773159840,5233.17,5235.650000000001,5230.650000000001,5230.650000000001,2794,2070.9
1773160260,5230.255,5234.76,5229.76,5229.76,5090,2259.55
1773160920,5228.9400000000005,5232.16,5227.16,5227.16,2979,2349.25
1773161400,5226.015,5231.015,5226.015,5231.015,4771,2523.1
1773162360,5231.99,5234.875,5229.875,5234.875,3625,2524.3
1773162720,5235.55,5235.55,5230.55,5230.55,2646,2523.1
1773162960,5227.64,5229.165,5224.165,5224.165,2009,2418.65
1773163080,5223.725,5228.7,5223.7,5228.7,2066,2436.2
1773163200,5229.295,5229.505,5224.505,5224.505,2146,2366.4
1773163380,5224.415,5229.335,5224.335,5229.335,3010,2460.85
1773163560,5230.66,5233.785,5228.785,5233.785,2464,2536.65
1773163740,5234.3550000000005,5234.96,5229.96,5229.96,2388,2622.4
1773163980,5229.14,5232.53,5227.53,5227.53,8251,2946
1773164520,5227.52,5231.385,5226.385,5231.385,4126,3096.05
1773165060,5232.22,5232.81,5227.81,5227.81,1914,3114.2
1773165360,5227.28,5229.185,5224.185,5224.185,2352,2967.35
1773165600,5224.095,5226.115,5221.115,5221.115,1740,3041
1773165720,5217.63,5222.63,5217.63,5222.63,780,2991.05
1773165780,5223.235,5223.415,5218.415,5223.415,2011,2991.8
1773166020,5224.37,5225.68,5220.68,5225.68,2002,2958.2
1773166320,5226.06,5227.1900000000005,5222.1900000000005,5222.1900000000005,2201,2928.55
1773166440,5215.435,5218.685,5213.685,5213.685,1879,2768
1773166500,5212.72,5216.86,5211.86,5211.86,2111,2724.6
1773166560,5205.34,5206.54,5201.54,5201.54,2746,2623.35
1773166620,5187.46,5192.46,5187.46,5192.46,2255,2554.85
1773166680,5196.29,5196.29,5191.29,5191.29,760,2460.55
1773166680.001,5174.785,5175.8550000000005,5170.8550000000005,5170.8550000000005,3072,2513.7
1773166740,5160.650000000001,5165.650000000001,5160.650000000001,5165.650000000001,770,2448.9
1773166740.001,5172.9800000000005,5175.615,5170.615,5175.615,1884,2435.8
1773166800,5183.93,5183.93,5178.93,5178.93,628,2316.7
1773166800.001,5178.005,5182.5,5177.5,5182.5,1679,2277.45
1773166860,5187.845,5189.13,5184.13,5189.13,2030,2259.55
1773166920,5189.285,5190.45,5185.45,5190.45,2120,1953
1773166980,5193.6,5195.96,5190.96,5195.96,3776,1935.5
1773167100,5196.875,5199.265,5194.265,5199.265,2829,1981.25
1773167220,5201.405,5203.915,5198.915,5203.915,1305,1928.9
1773167280,5203.995,5207.13,5202.13,5207.13,2801,1981.95
1773167400,5208.11,5208.11,5203.11,5203.11,877,1986.8
1773167460,5201.400000000001,5206.1,5201.1,5201.1,2836,2028.05
1773167580,5196.650000000001,5201.650000000001,5196.650000000001,5201.650000000001,1313,1993.6
1773167640,5202.135,5203.305,5198.305,5198.305,1715,1969.3
1773167700,5190.92,5195.92,5190.92,5195.92,1607,1955.7
1773167760,5199.055,5199.055,5194.055,5194.055,1014,1900.85
1773167820,5193.49,5198.49,5193.49,5198.49,2266,1876.85
1773167940,5198.655,5198.655,5193.655,5193.655,305,1779.35
1773167940.001,5189.86,5194.86,5189.86,5194.86,1273,1805
1773168000,5196.34,5196.5,5191.5,5196.5,3268,1814.8
1773168180,5198.085,5198.635,5193.635,5198.635,3813,1966.95
1773168360,5203.17,5205.150000000001,5200.150000000001,5200.150000000001,4093,2077.4
1773168600,5200.135,5204.935,5199.935,5199.935,2970,2194.5
1773168780,5199.595,5202.985,5197.985,5197.985,3566,2288.85
1773168960,5197.36,5198.835,5193.835,5193.835,2260,2300.35
1773169080,5192.335,5194.235,5189.235,5189.235,2875,2338.1
1773169200,5184.495,5189.41,5184.41,5189.41,1653,2231.95
1773169260,5192.345,5197.02,5192.02,5197.02,3367,2258.85
1773169440,5197.3150000000005,5198.455,5193.455,5198.455,3859,2386.55
1773169680,5199.835,5199.835,5194.835,5194.835,2495,2371.25
1773169860,5193.13,5198.13,5193.13,5198.13,2591,2456.95
1773170040,5199.400000000001,5203.2300000000005,5198.2300000000005,5203.2300000000005,2950,2462.65
1773170220,5203.27,5207.185,5202.185,5207.185,3453,2569.65
1773170520,5207.24,5207.865,5202.865,5202.865,2906,2629.2
1773170760,5200.795,5204.29,5199.29,5199.29,3262,2711.95
1773171000,5195.81,5196.295,5191.295,5191.295,2633,2792.9
1773171120,5187.91,5189.2,5184.2,5184.2,1428,2751
1773171180,5181.635,5186.635,5181.635,5186.635,1037,2787.6
1773171240,5187.37,5187.9800000000005,5182.9800000000005,5182.9800000000005,1469,2797.4
1773171300,5179.905,5184.905,5179.905,5184.905,1367,2702.35
1773171360,5190.06,5194.72,5189.72,5194.72,4396,2731.5
1773171600,5195.005,5195.005,5190.005,5190.005,450,2549.35
1773171600.001,5184.64,5189.64,5184.64,5189.64,449,2423.3
1773171600.002,5191.150000000001,5192.34,5187.34,5187.34,1525,2321.25
1773171660,5187.275000000001,5190.0650000000005,5185.0650000000005,5190.0650000000005,4598,2438.15
1773171900,5192.09,5192.82,5187.82,5192.82,6506,2619.7
1773172320,5193.235,5196.225,5191.225,5196.225,2399,2657
1773172440,5197.085,5199.84,5194.84,5194.84,7648,2871.05
1773172800,5194.465,5198.415,5193.415,5198.415,1465,2751.35
1773173100,5198.595,5199.075,5194.075,5194.075,3137,2783.45
1773173940,5193.43,5196.875,5191.875,5196.875,932,2700.5
1773174180,5197.93,5198.795,5193.795,5193.795,1433,2624.65
1773174660,5193.78,5198.295,5193.295,5198.295,1950,2549.5
1773175500,5199.165,5199.165,5194.165,5194.165,1076,2458
1773175860,5193.905,5195.335,5190.335,5190.335,2494,2419.6
1773180420,5187.795,5191.295,5186.295,5186.295,772,2326.55
1773180540,5185.765,5188.47,5183.47,5188.47,707,2290.5
1773180660,5190.735,5193.115,5188.115,5193.115,964,2286.85
1773181080,5195.17,5197.985,5192.985,5192.985,1006,2263.7
1773181320,5189.71,5194.71,5189.71,5194.71,477,2219.2
1773181440,5197.25,5197.32,5192.32,5192.32,1381,2068.45
1773181740,5190.900000000001,5194.63,5189.63,5189.63,523,2072.1
1773181920,5189.29,5192.915,5187.915,5192.915,2471,2173.2
1773182520,5195.735,5195.735,5190.735,5190.735,2504,2222.15
1773182940,5189.475,5190.86,5185.86,5190.86,1273,2055.9
1773183180,5193.27,5193.89,5188.89,5188.89,1055,1783.35
1773183480,5188.295,5193.295,5188.295,5193.295,1370,1731.9
1773183900,5194.235,5196.945,5191.945,5191.945,1704,1434.7
1773184380,5191.185,5192.85,5187.85,5187.85,473,1385.1
1773184560,5187.835,5192.835,5187.835,5192.835,369,1246.7
1773184740,5193.015,5197.64,5192.64,5197.64,766,1238.4
1773184920,5197.8,5197.8,5192.8,5192.8,635,1198.5
1773185100,5191.685,5196.17,5191.17,5191.17,2359,1218.95
1773186240,5190.475,5192.925,5187.925,5192.925,1799,1255.1
1773186840,5194.11,5198.015,5193.015,5198.015,1597,1210.25
1773187200,5198.34,5198.34,5193.34,5193.34,823,1212.8
1773187320,5193.31,5193.36,5188.36,5188.36,1042,1229.55
1773187500,5187.78,5192.205,5187.205,5187.205,987,1230.7
1773187740,5186.66,5191.66,5186.66,5191.66,501,1205.45
1773187800,5191.79,5192.215,5187.215,5192.215,1392,1251.2
1773188040,5193.06,5196.665,5191.665,5196.665,1740,1269.15
1773188280,5203.5,5206.425,5201.425,5206.425,1613,1323.65
1773188460,5208.36,5208.36,5203.36,5203.36,566,1228.4
1773188520,5203.29,5208.29,5203.29,5208.29,537,1130.05
1773188580,5211.365,5213.695,5208.695,5213.695,1713,1152.05
1773188760,5214.93,5215.745,5210.745,5210.745,1348,1166.7
1773189000,5210.215,5211.685,5206.685,5206.685,844,1140.4
1773189180,5205.84,5210.84,5205.84,5210.84,698,1090.1
1773189300,5212.08,5212.415,5207.415,5212.415,1705,1151.7
1773189900,5214.145,5216.725,5211.725,5216.725,1049,1185.7
1773190080,5216.84,5218.075,5213.075,5218.075,1283,1211.55
1773190260,5218.3,5220.26,5215.26,5220.26,3755,1367.55
1773190800,5221.03,5221.03,5216.03,5216.03,1066,1302.9
1773190860,5213.645,5218.645,5213.645,5218.645,2440,1334.95
1773190980,5223.385,5223.385,5218.385,5218.385,1275,1318.85
1773191040,5218.08,5219.77,5214.77,5214.77,3241,1439.75
1773191280,5213.755,5217.135,5212.135,5217.135,2262,1500.75
1773191460,5217.2300000000005,5219.88,5214.88,5214.88,2051,1553.95
1773191700,5214.42,5219.02,5214.02,5219.02,847,1571.25
1773191820,5219.74,5222.81,5217.81,5222.81,773,1540.3
1773192000,5223.2,5223.2,5218.2,5218.2,1256,1516.1
1773192120,5217.785,5218.595,5213.595,5213.595,803,1475.6
1773192240,5212.575,5215.81,5210.81,5215.81,958,1495.2
1773192420,5215.9400000000005,5216.9400000000005,5211.9400000000005,5216.9400000000005,824,1509.55
1773192480,5217.68,5219.385,5214.385,5219.385,2360,1541.9
1773192840,5220.005,5220.1,5215.1,5215.1,1761,1562.55
1773193020,5214.535,5218.12,5213.12,5213.12,2789,1659.8
1773193440,5212.8550000000005,5217.8550000000005,5212.8550000000005,5217.8550000000005,1110,1680.4
1773193680,5217.93,5217.93,5212.93,5212.93,554,1622.85
1773193800,5211.545,5214.775000000001,5209.775000000001,5209.775000000001,3623,1751.55
1773194220,5209.695,5211.325,5206.325,5206.325,1162,1745.5
1773194400,5205.845,5207.8550000000005,5202.8550000000005,5207.8550000000005,1027,1609.1
1773194460,5207.935,5208.6900000000005,5203.6900000000005,5203.6900000000005,955,1603.55
1773194520,5199.71,5203.915,5198.915,5203.915,1701,1566.6
1773194640,5205.2300000000005,5205.2300000000005,5200.2300000000005,5200.2300000000005,704,1538.05
1773194700,5199.245,5202.35,5197.35,5197.35,2713,1511.65
1773194940,5196.83,5199.02,5194.02,5199.02,2375,1517.3
1773195120,5199.56,5203.28,5198.28,5203.28,2060,1517.75
1773195420,5203.725,5206.775000000001,5201.775000000001,5206.775000000001,3029,1626.85
1773196080,5206.91,5206.945,5201.945,5206.945,2931,1734.75
1773196500,5207.045,5209.875,5204.875,5209.875,1925,1768.2
1773196980,5210.13,5212.68,5207.68,5212.68,2775,1866.8
1773197340,5213.655,5218.27,5213.27,5218.27,1790,1908.4
1773197520,5218.425,5220.05,5215.05,5220.05,1095,1921.95
1773197640,5220.64,5220.64,5215.64,5215.64,992,1853.55
1773197880,5215.39,5220.05,5215.05,5220.05,675,1799.25
1773198000,5220.505,5220.505,5215.505,5215.505,1242,1721.9
1773198300,5214.515,5216.275000000001,5211.275000000001,5211.275000000001,4611,1896.95
1773199260,5210.5650000000005,5211.51,5206.51,5206.51,2407,1989.6
1773199680,5206.04,5208.78,5203.78,5208.78,1568,1886.85
1773199980,5208.83,5209.7,5204.7,5204.7,2246,1941.05
1773200880,5203.485,5204.42,5199.42,5204.42,2895,2034.45
1773201600,5204.675,5204.675,5199.675,5199.675,382,2005.8
1773201660,5199.595,5204.595,5199.595,5204.595,1422,1991.85
1773202080,5205.405,5208.215,5203.215,5208.215,2581,2085.7
1773202680,5208.81,5208.81,5203.81,5203.81,3498,2124.95
1773204420,5202.83,5206.995,5201.995,5206.995,3792,2195.8
1773205620,5208.26,5208.535,5203.535,5203.535,1893,2187.45
1773206100,5203.385,5206.655,5201.655,5201.655,1301,2101.05
1773206460,5201.38,5204.095,5199.095,5199.095,3044,2106.7
1773207000,5190.705,5195.705,5190.705,5195.705,1229,2071.9
1773207060,5196.1,5199.12,5194.12,5199.12,3138,2090.05
1773207300,5202.225,5204.95,5199.95,5199.95,3585,2179.8
1773207780,5197.650000000001,5201.99,5196.99,5196.99,2052,2227.65
1773208080,5196.34,5200.715,5195.715,5200.715,1206,2238.35
1773208260,5200.84,5201.83,5196.83,5196.83,3676,2388.4
1773208920,5196.400000000001,5201.400000000001,5196.400000000001,5201.400000000001,2303,2441.45
1773209160,5203.07,5206.34,5201.34,5206.34,3298,2375.8
1773209580,5209.4800000000005,5210.97,5205.97,5205.97,2319,2371.4
1773209880,5205.93,5207.395,5202.395,5202.395,5474,2566.7
1773210840,5202.1,5204.32,5199.32,5199.32,2593,2584.05
1773211260,5197.725,5198.535,5193.535,5193.535,1559,2517.25
1773211440,5191.53,5196.53,5191.53,5196.53,3305,2663.4
1773211860,5197.835,5200.535,5195.535,5200.535,5084,2846.5
1773212640,5201.735,5202.28,5197.28,5197.28,2537,2844.3
1773212940,5196.35,5200.08,5195.08,5195.08,6711,3004.95
1773214260,5191.985,5194.495,5189.495,5189.495,2584,2944.55
1773214620,5185.295,5190.035,5185.035,5185.035,1909,2945.35
1773214800,5184.56,5189.56,5184.56,5189.56,200,2890.3
1773214800.001,5189.72,5192.545,5187.545,5192.545,2350,2855.6
1773215160,5193.165,5195.135,5190.135,5195.135,1050,2846.65
1773215400,5196.845,5197.955,5192.955,5192.955,3452,2862.35
1773216060,5188.650000000001,5193.14,5188.14,5193.14,860,2726.1
1773216180,5193.93,5197.405,5192.405,5197.405,815,2664.25
1773216300,5197.425,5198.295,5193.295,5198.295,2294,2718.65
1773216840,5198.695,5198.695,5193.695,5193.695,352,2552.45
1773216960,5192.415,5193.755,5188.755,5188.755,975,2486.05
1773217260,5187.845,5192.215,5187.215,5187.215,927,2367.5
1773217440,5186.3150000000005,5188.78,5183.78,5183.78,942,2298.65
1773217560,5181.18,5186.02,5181.02,5186.02,748,2062.35
1773217680,5186.625,5187.435,5182.435,5187.435,1387,2002.05
1773217920,5187.52,5187.52,5182.52,5182.52,2180,2033.1
1773218280,5175.35,5180.35,5175.35,5180.35,667,1901.2
1773218340,5184,5186.71,5181.71,5181.71,1885,1741.25
1773218640,5180.685,5184.5,5179.5,5184.5,1157,1672.25
1773218820,5185.365,5188.59,5183.59,5188.59,3665,1519.95
1773219540,5188.83,5188.83,5183.83,5183.83,1820,1481.75
1773219840,5183.33,5184.63,5179.63,5184.63,1826,1477.6
1773220200,5184.675,5188.5650000000005,5183.5650000000005,5188.5650000000005,2858,1610.5
1773220800,5190.72,5190.72,5185.72,5185.72,511,1518.55
1773220920,5185.205,5190.205,5185.205,5190.205,2452,1588.65
1773221460,5191.45,5196,5191,5196,1235,1477.8
1773221700,5196.07,5197.145,5192.145,5192.145,2553,1562.45
1773222240,5191.725,5194.445,5189.445,5189.445,2649,1654.15
1773222720,5187.905,5192.16,5187.16,5187.16,1545,1616.7
1773223020,5186.52,5191.47,5186.47,5191.47,3700,1784.1
1773223620,5192.175,5195.425,5190.425,5190.425,3735,1922.1
1773224700,5190.24,5192.8150000000005,5187.8150000000005,5187.8150000000005,1331,1942.3
1773225000,5185.775000000001,5188.24,5183.24,5183.24,1817,1986.05
1773225300,5181.5,5185.245,5180.245,5180.245,1993,2048.3
1773225720,5177.2300000000005,5182.2300000000005,5177.2300000000005,5182.2300000000005,1585,2058.2
1773225960,5184.52,5188.045,5183.045,5188.045,1135,2005.95
1773226200,5189.0650000000005,5191.025000000001,5186.025000000001,5186.025000000001,2099,2077.55
1773226620,5184.975,5189.975,5184.975,5189.975,858,2026.2
1773226980,5192.4800000000005,5193.67,5188.67,5188.67,931,2014.9
1773227160,5187.665,5190.335,5185.335,5185.335,654,1864.35
1773227520,5184.625,5189.625,5184.625,5189.625,626,1804.65
1773227820,5190.025000000001,5190.025000000001,5185.025000000001,5185.025000000001,472,1736.95
1773227880,5184.005,5184.8150000000005,5179.8150000000005,5184.8150000000005,2728,1730.45
1773228720,5185.75,5189.43,5184.43,5189.43,1174,1763.6
1773229080,5189.495,5189.495,5184.495,5184.495,502,1666.1
1773229140,5183.955,5188.955,5183.955,5188.955,384,1623.55
1773229260,5189.76,5190.675,5185.675,5185.675,892,1540.5
1773229440,5184.81,5187.5650000000005,5182.5650000000005,5187.5650000000005,2360,1526.05
1773229740,5188.1050000000005,5188.78,5183.78,5183.78,1304,1514
1773229800,5182.51,5187.085,5182.085,5182.085,2595,1458.75
1773230100,5179.87,5182.52,5177.52,5177.52,1537,1348.85
1773230280,5175.87,5180.87,5175.87,5180.87,577,1311.15
1773230340,5181.635,5182.865,5177.865,5182.865,1405,1290.55
1773230460,5183.295,5186.885,5181.885,5186.885,2159,1298.85
1773230760,5188.125,5189.78,5184.78,5189.78,1037,1271.45
1773231000,5190.9400000000005,5193.91,5188.91,5193.91,2290,1329.2
1773231420,5195.235,5195.335,5190.335,5190.335,2490,1348.75
1773231840,5190.115,5193,5188,5193,3059,1458.8
1773232200,5197.175,5197.175,5192.175,5192.175,531,1438.8
1773232200.001,5184.415,5189.415,5184.415,5189.415,1455,1478.85
1773232260,5191.445,5191.845,5186.845,5186.845,1734,1534.25
1773232380,5182.755,5186.705,5181.705,5181.705,988,1560.05
1773232440,5179.3150000000005,5181.865,5176.865,5176.865,1813,1514.3
1773232560,5173.76,5178.265,5173.265,5178.265,1877,1549.45
1773232680,5180.75,5181.21,5176.21,5181.21,884,1568.55
1773232800,5181.52,5182,5177,5177,742,1586.45
1773232920,5175.05,5180.05,5175.05,5180.05,142,1548.95
1773232920.001,5180.400000000001,5182.275000000001,5177.275000000001,5177.275000000001,517,1456.8
1773232980,5177.095,5182.095,5177.095,5182.095,430,1413.1
1773233040,5182.29,5182.29,5177.29,5177.29,703,1318.5
1773233100,5175.695,5178.115,5173.115,5173.115,1658,1324.55
1773233220,5168.11,5173.11,5168.11,5173.11,1124,1351.9
1773233280,5177.55,5177.96,5172.96,5177.96,1978,1380.55
1773233460,5179.965,5180.25,5175.25,5175.25,1219,1333.55
1773233640,5174.85,5177.32,5172.32,5172.32,720,1317.7
1773233760,5170.33,5174.53,5169.53,5169.53,1228,1264.6
1773233940,5166.835,5171.835,5166.835,5171.835,1364,1208.3
1773234000,5172.1900000000005,5172.1900000000005,5167.1900000000005,5167.1900000000005,583,1084.5
1773234000.001,5164.215,5167.175,5162.175,5167.175,4024,1259.15
1773234120,5169.625,5174.325,5169.325,5174.325,1444,1258.6
1773234180,5175.51,5178.35,5173.35,5178.35,1844,1264.1
1773234300,5179.045,5179.725,5174.725,5179.725,774,1253.4
1773234360,5181.8550000000005,5181.8550000000005,5176.8550000000005,5176.8550000000005,1501,1237.8
1773234540,5175.095,5180.095,5175.095,5180.095,838,1185.85
1773234600,5181.58,5182.07,5177.07,5177.07,2345,1258.9
1773234900,5176.18,5181.18,5176.18,5181.18,1679,1305.75
1773235200,5183.185,5183.185,5178.185,5178.185,1910,1394.15
1773235500,5178.08,5181.575,5176.575,5176.575,3818,1559.2
1773235800,5174.5,5178.775000000001,5173.775000000001,5173.775000000001,1857,1630.55
1773235860,5172.6,5174.91,5169.91,5169.91,2392,1715
1773235980,5169.13,5174.13,5169.13,5174.13,1022,1683.2
1773236040,5176.27,5177.75,5172.75,5172.75,1249,1689.45
1773236160,5170.88,5173.71,5168.71,5168.71,1403,1660.7
1773236280,5168.235,5173.235,5168.235,5173.235,1488,1674.15
1773236340,5175.545,5176.29,5171.29,5171.29,1744,1725.35
1773236460,5169.97,5174.97,5169.97,5174.97,880,1707.95
1773236520,5175.295,5175.295,5170.295,5170.295,566,1668.05
1773236580,5169.3,5169.36,5164.36,5164.36,2099,1743.85
1773236700,5160.72,5165.72,5160.72,5165.72,1229,1604.1
1773236760,5167.88,5167.88,5162.88,5162.88,1131,1588.45
1773236820,5162.24,5164.255,5159.255,5159.255,1759,1584.2
1773236940,5158.735,5162.965,5157.965,5157.965,2313,1661.15
1773237060,5149.8150000000005,5154.155,5149.155,5154.155,1849,1678.55
1773237120,5163.39,5167.61,5162.61,5167.61,1978,1735.55
1773237180,5168.195,5170.59,5165.59,5170.59,3027,1769.65
1773237300,5170.985,5174.375,5169.375,5174.375,2975,1834.45
1773237420,5175.375,5179.38,5174.38,5179.38,6142,2046.05
1773237660,5186.8,5186.8,5181.8,5181.8,1460,1928.15
1773237720,5181.54,5183.835,5178.835,5178.835,1047,1887.65
1773237780,5178.365,5182.665,5177.665,5182.665,1423,1839.2
1773237840,5185.56,5189.155,5184.155,5184.155,2109,1893.55
1773237960,5183.905,5185.935,5180.935,5180.935,1243,1893.25
1773238020,5180.56,5183.86,5178.86,5183.86,1537,1899.95
1773238140,5186.235,5187.225,5182.225,5182.225,990,1875.05
1773238200,5180.555,5185.555,5180.555,5185.555,670,1821.35
1773238260,5186.785,5191.095,5186.095,5191.095,6778,2116.25
1773238620,5191.38,5191.38,5186.38,5186.38,6735,2424.7
1773238980,5186.08,5190.385,5185.385,5185.385,2831,2461.3
1773239100,5182.35,5187.35,5182.35,5187.35,478,2423.75
1773239100.001,5188.055,5191.31,5186.31,5191.31,3109,2522.65
1773239280,5192.900000000001,5195.805,5190.805,5195.805,2164,2542.9
1773239400,5196.3150000000005,5196.3150000000005,5191.3150000000005,5191.3150000000005,856,2470.05
1773239460,5191.150000000001,5192.22,5187.22,5187.22,2105,2482.85
1773239580,5186.835,5189.55,5184.55,5189.55,2078,2487.85
1773239700,5190.3,5190.485,5185.485,5185.485,1507,2411.85
1773239880,5184.6050000000005,5185.900000000001,5180.900000000001,5180.900000000001,3981,2462.15
1773240120,5174.95,5179.5650000000005,5174.5650000000005,5179.5650000000005,1355,2222.8
1773240180,5180.47,5185.47,5180.47,5185.47,4588,2379.2
1773240480,5188.49,5193.025000000001,5188.025000000001,5193.025000000001,1543,2404
1773240600,5193.085,5193.8150000000005,5188.8150000000005,5188.8150000000005,1721,2418.9
1773240720,5186.255,5191.1900000000005,5186.1900000000005,5186.1900000000005,2478,2437.35
1773241080,5185.1900000000005,5186.755,5181.755,5181.755,1020,2426.2
1773241200,5180.55,5185.55,5180.55,5185.55,435,2371.1
1773241260,5185.900000000001,5185.900000000001,5180.900000000001,5180.900000000001,171,2330.15
1773241260.001,5180.49,5182.88,5177.88,5177.88,4372,2515.25
1773241560,5177.79,5181.54,5176.54,5176.54,1290,2240.85
1773241680,5173.99,5178.99,5173.99,5178.99,223,1915.25
1773241680.001,5180.13,5181.77,5176.77,5176.77,2659,1906.65
1773241860,5173.785,5176.805,5171.805,5176.805,1358,1950.65
1773241980,5177.135,5177.135,5172.135,5172.135,699,1830.15
1773242040,5170.9400000000005,5173.59,5168.59,5173.59,1707,1807.3
1773242160,5174.4400000000005,5175.885,5170.885,5175.885,2304,1879.7
1773242400,5179.11,5179.64,5174.64,5174.64,5579,2053.4
1773242940,5171.915,5172.895,5167.895,5167.895,2687,2083.85
1773243240,5167.53,5172.53,5167.53,5172.53,1409,2078.95
1773243360,5173.28,5174.18,5169.18,5169.18,1070,1933.4
1773243540,5168.63,5171.43,5166.43,5171.43,1723,1951.8
1773243720,5172.025000000001,5173.925,5168.925,5168.925,1156,1780.2
1773243840,5168.76,5169.77,5164.77,5164.77,2093,1807.7
1773243960,5164.075,5169.075,5164.075,5169.075,2201,1831.7
1773244080,5170.63,5173.655,5168.655,5173.655,2889,1852.25
1773244260,5173.865,5175.31,5170.31,5170.31,4820,2042.25
1773244560,5169.795,5171.7300000000005,5166.7300000000005,5166.7300000000005,3850,2213
1773244740,5166.245,5169.81,5164.81,5169.81,3171,2363
1773244920,5170.335,5171.8,5166.8,5166.8,1700,2229.4
1773245040,5164.83,5168.985,5163.985,5163.985,3659,2347.85
1773245220,5163.95,5168.81,5163.81,5168.81,4801,2576.75
1773245460,5169.295,5172.150000000001,5167.150000000001,5172.150000000001,2918,2589.7
1773245640,5172.575,5172.68,5167.68,5167.68,1919,2617.75
1773245760,5166.38,5170.335,5165.335,5170.335,9083,3036.95
1773246300,5170.595,5170.595,5165.595,5165.595,1153,3009.25
1773246360,5164.46,5169.46,5164.46,5169.46,4533,3120.7
1773246660,5169.59,5174.005,5169.005,5174.005,6693,3176.4
1773247080,5175.61,5178.150000000001,5173.150000000001,5173.150000000001,6507,3367.4
1773247740,5171.35,5175.36,5170.36,5175.36,7815,3687.7
1773248340,5177.185,5179.78,5174.78,5179.78,4076,3838
1773248700,5179.87,5181.115,5176.115,5176.115,3446,3924.15
1773249060,5175.785,5178.145,5173.145,5173.145,5722,4152.45
1773249480,5171.22,5174.17,5169.17,5169.17,12708,4683.2
1773250260,5168.885,5170.085,5165.085,5165.085,3069,4726.6
1773250560,5158.875,5163.47,5158.47,5163.47,3371,4750.7
1773250740,5163.77,5163.77,5158.77,5158.77,3776,4698.5
1773250860,5154.985,5159.985,5154.985,5159.985,1043,4558.15
1773250920,5160.7300000000005,5163.53,5158.53,5163.53,2162,4507.7
1773251100,5163.74,5166.3150000000005,5161.3150000000005,5166.3150000000005,2289,4537.15
1773251340,5166.495,5169.7,5164.7,5169.7,4860,4597.2
1773251880,5169.785,5173.8150000000005,5168.8150000000005,5173.8150000000005,5100,4612.15
1773252420,5175.43,5175.79,5170.79,5175.79,6774,4804.95
1773253080,5176.89,5178.395,5173.395,5173.395,18326,5625.3
1773255360,5170.705,5174.375,5169.375,5174.375,6060,5474.15
1773256200,5174.535,5176.93,5171.93,5176.93,3326,5582.8
1773256800,5177.29,5178.155,5173.155,5178.155,6039,5658.1
1773257640,5178.43,5181.75,5176.75,5181.75,8055,5726.2
1773258780,5181.975,5183.76,5178.76,5178.76,7408,5771.25
1773259320,5178.62,5180.455,5175.455,5175.455,3030,5532
1773260400,5175.39,5179.24,5174.24,5174.24,3777,5517.05
1773266760,5172.1900000000005,5174.46,5169.46,5169.46,543,5371.9
1773266940,5167.56,5172.56,5167.56,5172.56,38,5087.7
1773266940.001,5173.455,5176.99,5171.99,5171.99,2049,4554.75
1773267960,5167.205,5170.33,5165.33,5165.33,3980,4600.3
1773268500,5160.585,5163.11,5158.11,5158.11,4552,4659.35
1773269040,5153.2,5158.2,5153.2,5158.2,193,4480.2
1773269040.001,5158.705,5163.705,5158.705,5163.705,400,4448.05
1773269100,5164.125,5167.05,5162.05,5167.05,1644,4422.15
1773269340,5168.55,5169.345,5164.345,5164.345,495,4332.45
1773269400,5159.8550000000005,5161.17,5156.17,5156.17,1093,4144.1
1773269580,5155.945,5158.5650000000005,5153.5650000000005,5153.5650000000005,2101,3994.15
1773269760,5134.045,5136.995,5131.995,5131.995,1279,3719.4
1773269820,5129.83,5134.83,5129.83,5134.83,1290,2867.6
1773269880,5140.72,5141.005,5136.005,5136.005,1916,2660.4
1773270000,5135.3150000000005,5140.3150000000005,5135.3150000000005,5140.3150000000005,375,2512.85
1773270000.001,5144.255,5147.64,5142.64,5147.64,1705,2296.15
1773270120,5147.92,5149.63,5144.63,5149.63,1812,1984
1773270300,5151.33,5151.33,5146.33,5146.33,644,1645.8
1773270360,5146.28,5151.28,5146.28,5151.28,3591,1673.85
1773270720,5153.11,5155.07,5150.07,5155.07,2745,1622.25
1773271020,5155.67,5156.195,5151.195,5156.195,4059,1798.05
1773271560,5156.515,5157.9400000000005,5152.9400000000005,5152.9400000000005,2822,1937.25
1773271920,5152.585,5153.76,5148.76,5148.76,1937,1931.65
1773272100,5146.185,5151.185,5146.185,5151.185,645,1764.9
1773272160,5151.39,5153.25,5148.25,5148.25,1764,1625.5
1773272340,5146.4800000000005,5151.4800000000005,5146.4800000000005,5151.4800000000005,489,1640.3
1773272400,5151.495,5153.34,5148.34,5148.34,1118,1676.2
1773272640,5146.650000000001,5147.495,5142.495,5142.495,954,1641.7
1773272700,5142.475,5144.36,5139.36,5139.36,1408,1687.35
1773272820,5138.305,5143.305,5138.305,5143.305,152,1640.3
1773272820.001,5143.895,5146.64,5141.64,5141.64,1007,1585.6
1773272940,5141.375,5144.265,5139.265,5144.265,4033,1723.3
1773273300,5145.25,5145.25,5140.25,5140.25,552,1686.4
1773273360,5139.97,5140.53,5135.53,5135.53,889,1635.05
1773273480,5134.55,5136.79,5131.79,5131.79,1747,1703.65
1773273600,5127.13,5130.9400000000005,5125.9400000000005,5130.9400000000005,1852,1711
1773273720,5134.5650000000005,5135.31,5130.31,5130.31,1156,1678.2
1773273840,5129.055,5134.055,5129.055,5134.055,1154,1703.7
1773273900,5134.595,5134.595,5129.595,5129.595,1904,1619.35
1773274020,5125.64,5130.64,5125.64,5130.64,1018,1533
1773274080,5136.655,5138.345,5133.345,5138.345,714,1365.75
1773274140,5138.785,5140.785,5135.785,5140.785,1752,1312.25
1773274320,5142.365,5143.745,5138.745,5143.745,2145,1322.65
1773274500,5144.21,5144.8,5139.8,5144.8,4149,1497.85
1773274920,5145.995,5147.7300000000005,5142.7300000000005,5147.7300000000005,1131,1466.2
1773275040,5149.18,5154.05,5149.05,5154.05,1555,1519.5
1773275160,5155.21,5157.85,5152.85,5157.85,1256,1526.4
1773275280,5157.935,5158.28,5153.28,5153.28,707,1514.05
1773275340,5152.71,5156.41,5151.41,5156.41,3704,1628.85
1773275760,5156.76,5161.17,5156.17,5161.17,721,1657.3
1773275820,5161.6,5161.6,5156.6,5156.6,1396,1676.75
1773275940,5155.31,5158.915,5153.915,5153.915,2392,1594.7
1773276300,5153.83,5155.22,5150.22,5155.22,1894,1661.8
1773276540,5155.33,5156.6900000000005,5151.6900000000005,5156.6900000000005,6947,1964.7
1773277200,5161.49,5166.245,5161.245,5166.245,1594,1957.05
1773277260,5166.925,5167.0650000000005,5162.0650000000005,5162.0650000000005,3319,2030.4
1773277440,5157.8,5159.26,5154.26,5154.26,2534,2099.3
1773277560,5151.99,5156.99,5151.99,5156.99,1146,2098.9
1773277620,5157.095,5157.285,5152.285,5157.285,2486,2128
1773277740,5157.985,5159.18,5154.18,5154.18,4081,2281.15
1773277980,5153.79,5158.79,5153.79,5158.79,904,2290.65
1773278040,5159.245,5159.245,5154.245,5154.245,1437,2274.9
1773278100,5151.435,5156.435,5151.435,5156.435,1139,2224.6
1773278160,5157.615,5159.185,5154.185,5159.185,2969,2165.6
1773278340,5159.6,5160.195,5155.195,5160.195,2819,2250
1773278520,5160.7300000000005,5161.175,5156.175,5156.175,3610,2352.75
1773278820,5156.135,5161.135,5156.135,5161.135,141,2297
1773278820.001,5161.155,5161.155,5156.155,5156.155,1177,2320.5
1773278940,5154.875,5159.75,5154.75,5159.75,6484,2459.5
1773279360,5161.125,5164.005,5159.005,5164.005,2163,2531.6
1773279540,5164.84,5166.650000000001,5161.650000000001,5166.650000000001,2065,2565.05
1773279720,5166.875,5169.83,5164.83,5169.83,1709,2530.9
1773279840,5170.36,5172.66,5167.66,5172.66,3332,2602.8
1773280140,5173.16,5173.16,5168.16,5168.16,1482,2329.55
1773280320,5167.8150000000005,5169.6,5164.6,5169.6,5561,2527.9
1773280860,5169.615,5172.29,5167.29,5172.29,1771,2450.5
1773281040,5173.38,5174.085,5169.085,5174.085,2273,2437.45
1773281400,5174.465,5175.150000000001,5170.150000000001,5170.150000000001,5823,2671.3
1773282180,5168.555,5172.05,5167.05,5167.05,6149,2854.45
1773282840,5164.1050000000005,5165.95,5160.95,5160.95,4951,2897.95
1773283140,5159.525000000001,5161.67,5156.67,5156.67,3230,3014.25
1773283320,5155.775000000001,5159,5154,5154,2981,3091.45
1773283500,5153.6,5154.595,5149.595,5149.595,2550,3162
1773283620,5148.655,5153.655,5148.655,5153.655,1202,3073.65
1773283680,5154.66,5154.66,5149.66,5149.66,2115,3038.45
1773283800,5149.395,5154.2,5149.2,5149.2,1828,2949.35
1773283860,5145.935,5150.935,5145.935,5150.935,2312,3057.9
1773283980,5152.405,5154.975,5149.975,5149.975,5652,3281.65
1773284400,5148.72,5153.72,5148.72,5153.72,1813,3048.1
1773284520,5154.955,5155.82,5150.82,5150.82,2011,3040.5
1773284700,5150.8,5155.585,5150.585,5150.585,6324,3253.45
1773285420,5147.67,5152.405,5147.405,5152.405,1064,3221.2
1773285540,5152.78,5155.215,5150.215,5150.215,4753,3292.25
1773286080,5149.06,5153.725,5148.725,5148.725,1851,3310.7
1773286260,5148.2300000000005,5153.035,5148.035,5153.035,4251,3245.2
1773287040,5153.765,5154.665,5149.665,5149.665,6290,3471.15
1773290040,5148.25,5149.96,5144.96,5144.96,1533,3434.15
1773290340,5144.52,5146.900000000001,5141.900000000001,5141.900000000001,3180,3302
1773291300,5141.805,5145.62,5140.62,5145.62,2042,3096.65
1773291780,5145.96,5147.085,5142.085,5142.085,1498,2924
1773292020,5141.46,5146.46,5141.46,5146.46,369,2780.95
1773292080,5146.93,5149.25,5144.25,5144.25,3138,2788.8
1773292800,5143.265,5146.51,5141.51,5141.51,1947,2758.65
1773293100,5137.17,5142.17,5137.17,5142.17,926,2744.85
1773293220,5143.0650000000005,5146.38,5141.38,5146.38,3082,2793.2
1773293520,5148.02,5151.075,5146.075,5151.075,3296,2866.6
1773293820,5152.755,5153.475,5148.475,5153.475,1489,2825.45
1773294060,5154.29,5157.05,5152.05,5152.05,3713,2728.5
1773294720,5151.92,5156.6900000000005,5151.6900000000005,5156.6900000000005,1287,2702.2
1773294960,5157.4400000000005,5158.09,5153.09,5153.09,4559,2829.6
1773295740,5152.35,5155.99,5150.99,5150.99,3796,2703.2
1773296340,5150.58,5152.400000000001,5147.400000000001,5152.400000000001,1129,2706.45
1773296520,5152.555,5157.11,5152.11,5157.11,913,2514.45
1773296700,5157.71,5160.825,5155.825,5160.825,2331,2538.45
1773297180,5162.2300000000005,5164.9400000000005,5159.9400000000005,5164.9400000000005,2186,2435.2
1773297600,5166.26,5170.39,5165.39,5165.39,9012,2571.3
1773298620,5165.305,5169.52,5164.52,5169.52,5360,2762.65
1773299640,5170.54,5171.135,5166.135,5171.135,4401,2823.7
1773300660,5173.425,5173.425,5168.425,5168.425,1260,2784.6
1773300960,5168.385,5172.95,5167.95,5172.95,1059,2762.65
1773301260,5173.54,5178.395,5173.395,5178.395,612,2774.8
1773301320,5178.7,5181.61,5176.61,5181.61,1562,2696
1773301500,5185.21,5185.2300000000005,5180.2300000000005,5180.2300000000005,1003,2648.8
1773301620,5179.335,5180.985,5175.985,5180.985,3671,2786.05
1773302340,5182.675,5186.5650000000005,5181.5650000000005,5186.5650000000005,1309,2697.4
1773302460,5189.86,5189.86,5184.86,5184.86,869,2576.05
1773302520,5183.235,5186.765,5181.765,5186.765,3755,2689.35
1773303000,5188.96,5188.96,5183.96,5183.96,900,2548.7
1773303120,5183.95,5185.09,5180.09,5180.09,2301,2599.4
1773303600,5179.795,5182.33,5177.33,5182.33,6709,2706.9
1773305100,5182.915,5182.915,5177.915,5177.915,828,2558.5
1773305280,5175.965,5180.74,5175.74,5180.74,5481,2776.1
1773306540,5181.47,5181.47,5176.47,5176.47,664,2763.65
1773306720,5175.945,5179.43,5174.43,5179.43,3578,2826
1773307620,5181.14,5183.22,5178.22,5183.22,1390,2786.2
1773307860,5185.26,5187.59,5182.59,5187.59,8408,2756
1773309420,5188.08,5191.715,5186.715,5186.715,2750,2625.5
1773309780,5186.66,5191.66,5186.66,5191.66,1040,2457.45
1773309960,5191.79,5191.79,5186.79,5186.79,2646,2526.75
1773310500,5184.405,5186.400000000001,5181.400000000001,5181.400000000001,4026,2675.1
1773311280,5181.39,5182.945,5177.945,5177.945,3808,2834.9
1773311880,5175.965,5180.965,5175.965,5180.965,1133,2813.45
1773312120,5181.92,5184.16,5179.16,5179.16,3266,2926.6
1773312780,5178.625,5183.625,5178.625,5183.625,2176,2851.85
1773313320,5183.87,5183.87,5178.87,5178.87,2642,2918.5
1773314100,5176.3,5177.875,5172.875,5177.875,1757,2962.9
1773314460,5178.4800000000005,5180.59,5175.59,5180.59,6728,3111.55
1773315840,5181.095,5181.675,5176.675,5176.675,3107,3221.9
1773316440,5176.545,5181.4400000000005,5176.4400000000005,5176.4400000000005,3491,3281.4
1773316920,5174.555,5177.47,5172.47,5172.47,1919,3041.9
1773317100,5171.235,5172.52,5167.52,5167.52,2414,3121.2
1773317280,5167.38,5172.21,5167.21,5167.21,4943,3094.3
1773317700,5165.615,5170.615,5165.615,5170.615,1959,3159.05
1773317880,5170.99,5170.99,5165.99,5165.99,2605,3110.4
1773318060,5163.685,5168.685,5163.685,5168.685,1260,3103.9
1773318180,5170.675,5173.995,5168.995,5173.995,3970,2882
1773318660,5174.8,5176.45,5171.45,5176.45,758,2782.4
1773318720,5176.54,5176.54,5171.54,5171.54,4977,2979.25
1773319140,5169.8550000000005,5173.68,5168.68,5173.68,1361,2915
1773319380,5173.705,5175.99,5170.99,5175.99,1422,2784.8
1773319500,5176.76,5180.150000000001,5175.150000000001,5180.150000000001,2379,2713.35
1773319740,5181.92,5185.875,5180.875,5180.875,3712,2842.3
1773320220,5180.67,5183.46,5178.46,5183.46,1002,2729.1
1773320400,5184.51,5186.145,5181.145,5181.145,2310,2735.8
1773320580,5179.935,5184.36,5179.36,5179.36,1256,2666.5
1773320700,5178.865,5183.865,5178.865,5183.865,1704,2663.85
1773320940,5186.075,5186.075,5181.075,5181.075,2633,2459.1
1773321300,5176.18,5178.545,5173.545,5173.545,2497,2428.6
1773321540,5172.51,5174.64,5169.64,5169.64,1883,2348.2
1773321720,5165.585,5165.6900000000005,5160.6900000000005,5160.6900000000005,1048,2304.65
1773321780,5158.87,5163.87,5158.87,5163.87,406,2204.25
1773321780.001,5170.46,5171.56,5166.56,5171.56,1080,2011.1
1773321840,5173.075,5173.09,5168.09,5173.09,2409,2033.6
1773322020,5173.1900000000005,5173.41,5168.41,5168.41,2355,2021.1
1773322200,5165.585,5168.685,5163.685,5163.685,1111,2013.65
1773322260,5161.865,5166.83,5161.83,5166.83,2533,1941.8
1773322380,5166.87,5166.87,5161.87,5161.87,436,1925.7
1773322380.001,5160.74,5165.74,5160.74,5165.74,1322,1742.95
1773322440,5167.56,5168.34,5163.34,5163.34,2473,1798.55
1773322560,5159.11,5163.58,5158.58,5163.58,1050,1779.95
1773322620,5164.75,5167.66,5162.66,5162.66,2184,1770.2
1773322740,5160.935,5162.79,5157.79,5157.79,3824,1775.8
1773322920,5156.29,5161.29,5156.29,5161.29,397,1745.55
1773322920.001,5161.645,5161.645,5156.645,5156.645,1858,1722.95
1773322980,5155.7300000000005,5160.7300000000005,5155.7300000000005,5160.7300000000005,1471,1733.7
1773323040,5161.455,5161.455,5156.455,5156.455,1655,1731.25
1773323100,5153.33,5157.495,5152.495,5152.495,3926,1795.9
1773323280,5152.47,5156.91,5151.91,5156.91,2879,1815
1773323400,5160.1,5160.1,5155.1,5155.1,2405,1841.1
1773323520,5154.34,5155.14,5150.14,5150.14,1122,1844.8
1773323580,5149.46,5152.265,5147.265,5147.265,2981,1973.55
1773323760,5146.085,5151.085,5146.085,5151.085,1450,1992.05
1773323820,5152.32,5155.07,5150.07,5155.07,3544,2048.8
1773324000,5156.475,5159.085,5154.085,5159.085,2476,2054.85
1773324120,5161.29,5163.72,5158.72,5158.72,3057,2152.15
1773324360,5157.685,5160.775000000001,5155.775000000001,5155.775000000001,2158,2133.4
1773324600,5155.295,5159.965,5154.965,5159.965,893,2156.25
1773324720,5161.035,5163.255,5158.255,5158.255,2954,2237.85
1773324960,5154.265,5157.485,5152.485,5157.485,4136,2321
1773325200,5157.58,5157.58,5152.58,5152.58,521,2294.55
1773325260,5151.88,5154.9800000000005,5149.9800000000005,5149.9800000000005,1994,2285.05
1773325440,5149.845,5154.845,5149.845,5154.845,903,2139
1773325500,5155.3,5155.34,5150.34,5150.34,3502,2294.25
1773325800,5149.965,5153.865,5148.865,5148.865,857,2244.2
1773325920,5148.135,5150.465,5145.465,5145.465,830,2212.15
1773325980,5143.79,5148.79,5143.79,5148.79,1673,2213.05
1773326100,5150.885,5151.655,5146.655,5146.655,2745,2154
1773326220,5142.62,5144.8,5139.8,5144.8,1644,2092.25
1773326280,5145.7300000000005,5147.645,5142.645,5142.645,2881,2116.05
1773326460,5141.25,5145.02,5140.02,5145.02,1853,2152.6
1773326640,5148.85,5153.155,5148.155,5153.155,2697,2138.4
1773326760,5153.84,5153.84,5148.84,5148.84,1347,2133.25
1773326820,5147.92,5148.76,5143.76,5143.76,891,2000.6
1773326880,5141.78,5143.475,5138.475,5143.475,2010,1977.3
1773327000,5143.57,5144.47,5139.47,5144.47,6489,2148.9
1773327420,5144.66,5144.99,5139.99,5139.99,3627,2222.35
1773327600,5137.825,5141.615,5136.615,5136.615,2310,2293.2
1773327720,5134.225,5137.91,5132.91,5132.91,1382,2214.6
1773327780,5131.51,5135.51,5130.51,5130.51,2360,2125.8
1773327900,5129.895,5134.895,5129.895,5134.895,299,2114.7
1773327900.001,5136.085,5136.76,5131.76,5131.76,667,2048.35
1773327960,5131.55,5134.955,5129.955,5134.955,1468,2076.6
1773328080,5135.465,5135.465,5130.465,5130.465,353,1919.15
1773328080.001,5129.785,5131.76,5126.76,5126.76,3844,2068.5
1773328260,5109.85,5114.85,5109.85,5114.85,582,2056.1
1773328260.001,5118.1,5119.95,5114.95,5119.95,2742,2109.55
1773328380,5123.04,5126.79,5121.79,5126.79,1294,2037
1773328440,5127.225,5127.225,5122.225,5122.225,1228,2016.2
1773328500,5120.11,5123.25,5118.25,5123.25,2155,1979.9
1773328620,5124.115,5128.415,5123.415,5128.415,2382,2006.35
1773328800,5130.47,5131.865,5126.865,5131.865,5877,2165.35
1773329220,5132.2300000000005,5132.745,5127.745,5127.745,2114,2203.7
1773329400,5125.25,5127.265,5122.265,5122.265,3077,2313
1773329700,5121.015,5123.37,5118.37,5123.37,1166,2270.8
1773329820,5124.52,5126.91,5121.91,5126.91,1669,2029.8
1773329940,5132.93,5132.93,5127.93,5127.93,1646,1930.75
1773330000,5126.5650000000005,5130.54,5125.54,5130.54,3332,1981.85
1773330120,5132.045,5134.675,5129.675,5129.675,2872,2056.35
1773330300,5128.615,5130.995,5125.995,5125.995,1468,2011.75
1773330420,5125.58,5130.58,5125.58,5130.58,1693,2081.45
1773330540,5130.905,5132.635,5127.635,5132.635,3218,2209
1773330720,5134.545,5135.425,5130.425,5130.425,2335,2252.35
1773330960,5129.735,5133.86,5128.86,5133.86,4534,2461.4
1773331260,5134.06,5135.035,5130.035,5130.035,7548,2646.6
1773331680,5122.385,5126.2300000000005,5121.2300000000005,5126.2300000000005,4956,2865.3
1773331980,5127.275000000001,5130.68,5125.68,5130.68,2221,2839.25
1773332100,5131.295,5133.12,5128.12,5133.12,3294,2939.25
1773332400,5134.6900000000005,5138.175,5133.175,5133.175,5244,3140.05
1773332760,5132.13,5135.09,5130.09,5130.09,3051,3184.85
1773333000,5128.345,5130.1,5125.1,5130.1,5544,3342.95
1773333360,5130.415,5134.1,5129.1,5134.1,3508,3224.5
1773333660,5134.85,5137.765,5132.765,5132.765,3722,3304.9
1773333960,5130.1900000000005,5133.6900000000005,5128.6900000000005,5133.6900000000005,2523,3277.2
1773334140,5133.845,5133.91,5128.91,5128.91,2297,3333.75
1773334320,5128.12,5129.43,5124.43,5124.43,2531,3376.85
1773334500,5123.52,5126.695,5121.695,5126.695,7032,3646.15
1773335040,5127.185,5129.87,5124.87,5124.87,6071,3783.1
1773335340,5123.900000000001,5126.21,5121.21,5121.21,3620,3820.5
1773335520,5120.935,5124.24,5119.24,5119.24,5043,3999.25
1773335760,5115.455,5118.76,5113.76,5118.76,2500,4039.6
1773335880,5119.915,5122.805,5117.805,5122.805,5261,4141.75
1773336180,5122.89,5122.89,5117.89,5117.89,1511,4100.55
1773336240,5117.37,5122.325,5117.325,5117.325,6952,4221.45
1773336600,5116.54,5120.2,5115.2,5115.2,1484,3918.25
1773336720,5115.125,5116.25,5111.25,5111.25,7455,4043.2
1773337080,5109.3,5113.78,5108.78,5108.78,3754,4119.85
1773337260,5105.14,5110.14,5105.14,5110.14,2067,4058.5
1773337380,5112.035,5112.035,5107.035,5107.035,3600,3976.3
1773337560,5106.545,5111.545,5106.545,5111.545,1091,3878.3
1773337620,5111.56,5112.51,5107.51,5107.51,2357,3718.95
1773337800,5107.02,5109.805,5104.805,5104.805,4645,3775.8
1773338100,5104.12,5108.625,5103.625,5103.625,3648,3772.1
1773338280,5102.615,5107.615,5102.615,5107.615,3749,3833.4
1773338460,5110.665,5112.84,5107.84,5107.84,2395,3838.3
1773338580,5107.33,5110.625,5105.625,5110.625,4203,3921.9
1773338820,5111.1900000000005,5112.785,5107.785,5107.785,2013,3670.95
1773338940,5107.27,5110.42,5105.42,5110.42,5305,3632.65
1773339360,5110.455,5110.58,5105.58,5105.58,4052,3654.25
1773339600,5104.42,5106.13,5101.13,5101.13,13640,4084.1
1773340440,5099.88,5103.68,5098.68,5103.68,3016,4109.9
1773340620,5103.6900000000005,5103.6900000000005,5098.6900000000005,5098.6900000000005,6187,4156.2
1773341100,5095.62,5098.76,5093.76,5093.76,3431,4252.2
1773341340,5092.16,5095.885,5090.885,5095.885,2789,4044.05
1773341520,5097.035,5099.55,5094.55,5094.55,3656,4152.65
1773341940,5093.96,5095.3,5090.3,5090.3,3547,3957.25
1773342120,5085.27,5085.925,5080.925,5080.925,1138,3826.45
1773342180,5079.37,5084.37,5079.37,5084.37,405,3743.35
1773342180.001,5087.985,5091.57,5086.57,5091.57,2157,3671.2
1773342300,5092.665,5092.75,5087.75,5092.75,3937,3813.5
1773342540,5093.8550000000005,5093.8550000000005,5088.8550000000005,5088.8550000000005,1759,3783.6
1773342660,5087.52,5090.01,5085.01,5085.01,2049,3653.8
1773342840,5083.31,5086.0650000000005,5081.0650000000005,5086.0650000000005,3718,3657.3
1773343080,5087.915,5089.49,5084.49,5089.49,2889,3614.3
1773343380,5091.515,5094.2,5089.2,5094.2,3460,3667.55
1773343680,5094.62,5097.005,5092.005,5092.005,9035,3909.15
1773344520,5091.07,5094.79,5089.79,5094.79,2751,3946.05
1773344820,5095.53,5096.255,5091.255,5091.255,5679,3964.75
1773345300,5090.385,5091.645,5086.645,5086.645,2200,3872.15
1773345420,5086.595,5087.155,5082.155,5082.155,2197,3300
1773345540,5081.475,5086.475,5081.475,5086.475,1316,3215
1773345600,5086.715,5090.84,5085.84,5090.84,1803,2995.8
1773346020,5090.925,5090.925,5085.925,5085.925,944,2871.45
1773346380,5085.515,5089.045,5084.045,5084.045,1378,2800.9
1773346680,5083.92,5085.9400000000005,5080.9400000000005,5080.9400000000005,980,2667.1
1773346800,5077.945,5082.145,5077.145,5082.145,1672,2573.35
1773346980,5082.445,5082.445,5077.445,5077.445,1192,2576.05
1773347160,5072.6900000000005,5077.6900000000005,5072.6900000000005,5077.6900000000005,566,2584.1
1773347220,5079.14,5079.14,5074.14,5074.14,1027,2527.6
1773347340,5071.4400000000005,5072.28,5067.28,5067.28,1230,2392.25
1773347400,5055.125,5060.125,5055.125,5060.125,1289,2368.75
1773347460,5062.3,5062.3,5057.3,5057.3,807,2306.65
1773347520,5055.35,5060.35,5055.35,5060.35,251,2133.3
1773347520.001,5063.51,5067.63,5062.63,5067.63,664,2022.05
1773347580,5068.58,5072.89,5067.89,5072.89,1266,1912.35
1773347700,5073.1,5073.1,5068.1,5068.1,742,1497.7
1773347760,5067.385,5071.24,5066.24,5071.24,1278,1424.05
1773347940,5071.785,5072.865,5067.865,5072.865,1637,1221.95
1773348240,5072.99,5077.085,5072.085,5077.085,902,1157.05
1773348480,5081.145,5081.47,5076.47,5076.47,729,1083.65
1773348660,5076.265,5081.265,5076.265,5081.265,1469,1091.3
1773353040,5083.865,5085.97,5080.97,5080.97,737,1038
1773353160,5077.79,5082.79,5077.79,5082.79,147,998.15
1773353160.001,5086.72,5086.72,5081.72,5081.72,616,960.05
1773353280,5079.58,5084.58,5079.58,5084.58,91,915.6
1773353280.001,5085.775000000001,5085.775000000001,5080.775000000001,5080.775000000001,394,851.7
1773353400,5079.935,5084.935,5079.935,5084.935,57,794.95
1773353400.001,5085.1900000000005,5086.225,5081.225,5081.225,831,808.2
1773353580,5080.03,5084.38,5079.38,5084.38,638,788.75
1773353760,5087.055,5091.905,5086.905,5091.905,3142,884.35
1773354180,5094.7300000000005,5095.545,5090.545,5090.545,952,867.5
1773354480,5090.2300000000005,5093.650000000001,5088.650000000001,5088.650000000001,632,858.75
1773354900,5087.55,5090.58,5085.58,5090.58,831,887.75
1773355320,5090.825,5093.155,5088.155,5093.155,1697,939.4
1773356100,5093.535,5096.365,5091.365,5091.365,1364,944.3
1773356460,5090.155,5093.97,5088.97,5093.97,1263,970.35
1773356700,5095.865,5096.26,5091.26,5091.26,2242,1018.55
1773357240,5089.68,5094.68,5089.68,5094.68,563,964.85
1773357360,5095.675,5097.245,5092.245,5097.245,1729,1006.2
1773357840,5099.150000000001,5099.625,5094.625,5094.625,1560,1047.75
1773358140,5093.395,5097.125,5092.125,5097.125,1675,1058.05
1773358380,5097.99,5098.12,5093.12,5098.12,1956,1119
1773358800,5098.515,5099.205,5094.205,5099.205,2580,1240.65
1773359340,5099.61,5102.3,5097.3,5102.3,2663,1343
1773360000,5103.32,5103.96,5098.96,5098.96,1315,1404.2
1773360240,5098.650000000001,5103.650000000001,5098.650000000001,5103.650000000001,301,1399.55
1773360300,5103.95,5106.85,5101.85,5106.85,1957,1494.55
1773360780,5108.3550000000005,5109.41,5104.41,5109.41,4648,1685.4
1773361920,5110.545,5112.115,5107.115,5112.115,4639,1885.45
1773363120,5112.125,5115.985,5110.985,5115.985,2639,1860.3
1773363600,5120.54,5121.01,5116.01,5116.01,5535,2089.45
1773364260,5115.6900000000005,5120.6900000000005,5115.6900000000005,5120.6900000000005,711,2093.4
1773364320,5121.17,5121.17,5116.17,5116.17,2768,2190.25
1773364620,5114.1050000000005,5119.1050000000005,5114.1050000000005,5119.1050000000005,1599,2185.35
1773364800,5119.595,5119.755,5114.755,5119.755,3776,2305.95
1773365280,5120.650000000001,5121.795,5116.795,5116.795,4422,2463.9
1773365880,5115.015,5119.04,5114.04,5114.04,2826,2493.1
1773366180,5112.3,5115.275000000001,5110.275000000001,5110.275000000001,2483,2589.1
1773366360,5108.72,5113.72,5108.72,5113.72,727,2539
1773366420,5114.345,5115.945,5110.945,5110.945,4015,2661.75
1773366780,5110,5115,5110,5115,1257,2640.85
1773366900,5116.61,5119.395,5114.395,5119.395,1200,2603.05
1773367020,5120.635,5124.79,5119.79,5124.79,2090,2578.55
1773367200,5128.475,5128.475,5123.475,5123.475,3694,2630.1
1773367620,5123.405,5126.88,5121.88,5121.88,2318,2680.25
1773368100,5121.29,5123.095,5118.095,5118.095,2744,2802.4
1773368520,5115.505,5119.83,5114.83,5119.83,955,2752.3
1773368700,5120.695,5122.37,5117.37,5117.37,3209,2680.35
1773369600,5116.455,5120.975,5115.975,5115.975,1799,2538.35
1773369900,5115.955,5117.165,5112.165,5112.165,2119,2512.35
1773370260,5112.0650000000005,5115.995,5110.995,5110.995,2819,2376.55
1773370740,5110.455,5114.285,5109.285,5114.285,2629,2472.45
1773371040,5114.425,5116.035,5111.035,5111.035,3173,2492.7
1773371580,5110.16,5114.07,5109.07,5109.07,5427,2684.1
1773372540,5108.6050000000005,5112.42,5107.42,5107.42,1556,2573.1
1773373020,5106.42,5111.42,5106.42,5111.42,662,2385.1
1773373320,5111.965,5115.515,5110.515,5115.515,1075,2297.55
1773373680,5115.75,5118.175,5113.175,5113.175,3153,2331.05
1773375060,5112.55,5115.27,5110.27,5110.27,490,2319.2
1773375600,5110.1,5110.54,5105.54,5105.54,958,2166.35
1773375840,5103.76,5107.8150000000005,5102.8150000000005,5102.8150000000005,6169,2411.95
1773378300,5102.76,5107.76,5102.76,5107.76,1112,2407.55
1773378660,5108.285,5110.505,5105.505,5105.505,2657,2435.9
1773379740,5104.96,5109.09,5104.09,5109.09,1128,2307.6
1773379860,5109.915,5111.26,5106.26,5106.26,2797,2331.55
1773380280,5105.56,5109.17,5104.17,5104.17,2642,2326.45
1773380580,5101.58,5103.54,5098.54,5103.54,2772,2417.3
1773380940,5104.3,5105.53,5100.53,5100.53,1473,2330.5
1773381180,5098.61,5103.415,5098.415,5103.415,2806,2380.85
1773381420,5103.55,5106.505,5101.505,5106.505,3649,2457.35
1773381780,5107.195,5107.9400000000005,5102.9400000000005,5102.9400000000005,4936,2563.2
1773382500,5101.215,5101.400000000001,5096.400000000001,5096.400000000001,4081,2635.8
1773382920,5095.545,5098.64,5093.64,5093.64,3009,2627.6
1773383100,5093.400000000001,5094.9800000000005,5089.9800000000005,5089.9800000000005,2418,2477.15
1773383280,5089.035,5094.035,5089.035,5094.035,627,2430.7
1773383340,5096.06,5098.585,5093.585,5093.585,1694,2482.3
1773383580,5093.485,5096.905,5091.905,5096.905,684,2462.75
1773383700,5097.38,5097.38,5092.38,5092.38,1205,2365.35
1773383820,5089.35,5092.92,5087.92,5092.92,1988,2440.25
1773383940,5094.925,5094.925,5089.925,5089.925,3044,2544.55
1773384180,5089.7300000000005,5094.7300000000005,5089.7300000000005,5094.7300000000005,2798,2376
1773384420,5094.89,5094.89,5089.89,5089.89,1657,2403.25
1773384540,5088.665,5092.525000000001,5087.525000000001,5087.525000000001,1710,2355.9
1773384660,5086.5650000000005,5090.665,5085.665,5090.665,3392,2469.1
1773385020,5091.085,5091.085,5086.085,5086.085,2683,2463.4
1773385200,5084.02,5089.02,5084.02,5089.02,1562,2409.4
1773385320,5089.075,5092.33,5087.33,5092.33,2094,2375.5
1773385560,5092.4800000000005,5093.445,5088.445,5093.445,1763,2390
1773385740,5093.56,5094.265,5089.265,5089.265,1899,2344.65
1773386100,5085.78,5088.405,5083.405,5083.405,522,2188.3
1773386160,5083.285,5085.6,5080.6,5080.6,1158,1999.4
1773386280,5078.75,5079.905,5074.905,5074.905,1558,1873.25
1773386400,5074.08,5078.01,5073.01,5073.01,1150,1780.3
1773386520,5072.58,5076.935,5071.935,5076.935,1191,1718.95
1773386640,5078.405,5081.395,5076.395,5081.395,835,1729.35
1773386760,5081.78,5084.265,5079.265,5084.265,652,1677.25
1773386940,5085.38,5088.91,5083.91,5088.91,759,1681
1773387180,5089.035,5093.09,5088.09,5088.09,1076,1674.55
1773387540,5087.97,5092.43,5087.43,5092.43,809,1615.6
1773387720,5092.82,5092.82,5087.82,5087.82,1104,1518.6
1773388020,5087.43,5088.625,5083.625,5083.625,2571,1507.25
1773388500,5082.865,5085.56,5080.56,5080.56,1948,1521.8
1773388800,5080.405,5081.08,5076.08,5076.08,1342,1503.4
1773388920,5074.3,5076.385,5071.385,5071.385,840,1375.8
1773388980,5068.86,5072.86,5067.86,5067.86,1606,1321.95
1773389100,5067.8,5071.77,5066.77,5071.77,651,1276.4
1773389160,5072.13,5075.64,5070.64,5075.64,2772,1310.3
1773389460,5076.3,5078.2,5073.2,5078.2,1317,1288
1773389640,5078.685,5079.3550000000005,5074.3550000000005,5074.3550000000005,1768,1281.45
1773389940,5072.225,5074.095,5069.095,5069.095,1015,1306.1
1773390060,5064.415,5066.72,5061.72,5066.72,1065,1301.45
1773390120,5067.415,5069.875,5064.875,5069.875,2103,1328.7
1773390300,5070.295,5073.165,5068.165,5073.165,1516,1347
1773390600,5074.785,5077.635,5072.635,5077.635,1182,1346.55
1773390840,5078.485,5081.6900000000005,5076.6900000000005,5081.6900000000005,1403,1374.95
1773391080,5082.56,5084.585,5079.585,5079.585,1878,1436.25
1773391320,5078.775000000001,5081.145,5076.145,5081.145,2188,1507.7
1773391740,5084.05,5087.3,5082.3,5082.3,1235,1515.65
1773391920,5082.155,5087.03,5082.03,5087.03,1944,1572.4
1773392340,5088.1900000000005,5091.04,5086.04,5091.04,1277,1581.05
1773392520,5092.505,5095.715,5090.715,5095.715,1241,1514.55
1773392700,5097.165,5097.165,5092.165,5092.165,852,1459.75
1773392820,5092.05,5095.455,5090.455,5090.455,909,1438.1
1773393060,5090.41,5095.41,5090.41,5095.41,638,1428
1773393180,5096.455,5096.455,5091.455,5091.455,389,1367.15
1773393300,5090.295,5090.895,5085.895,5085.895,2050,1437.1
1773393840,5084.445,5089.445,5084.445,5089.445,1014,1349.2
1773394140,5092.62,5093.025000000001,5088.025000000001,5088.025000000001,1564,1361.55
1773394620,5088.005,5090.015,5085.015,5085.015,1078,1327.05
1773394860,5084.7,5088.36,5083.36,5088.36,1593,1355.95
1773395220,5088.78,5092.395,5087.395,5092.395,727,1339.05
1773395460,5093.455,5094.515,5089.515,5089.515,2398,1353.8
1773396000,5087.975,5091.025000000001,5086.025000000001,5091.025000000001,1332,1344.6
1773396300,5091.54,5092.2,5087.2,5092.2,1789,1374.95
1773396780,5092.75,5096.795,5091.795,5096.795,700,1339.8
1773397020,5096.915,5096.915,5091.915,5091.915,664,1279.1
1773397260,5090.895,5093.66,5088.66,5088.66,983,1218.85
1773397740,5088.6,5089.59,5084.59,5084.59,969,1205.55
1773397920,5084.55,5086.67,5081.67,5081.67,627,1139.7
1773397980,5079.9400000000005,5084.9400000000005,5079.9400000000005,5084.9400000000005,1214,1136.55
1773398160,5084.975,5088.635,5083.635,5088.635,403,1094.65
1773398400,5088.885,5089.665,5084.665,5089.665,1092,1106.65
1773398820,5090.97,5095.63,5090.63,5095.63,1099,1116.15
1773399000,5097.475,5098.375,5093.375,5093.375,3249,1246.7
1773399780,5091.33,5095.595,5090.595,5090.595,1347,1294.6
1773400020,5089.53,5091.385,5086.385,5091.385,2252,1304.7
1773400620,5093.655,5097.4400000000005,5092.4400000000005,5097.4400000000005,1638,1335.9
1773401160,5097.52,5097.52,5092.52,5092.52,755,1295.45
1773401460,5092.18,5097.0650000000005,5092.0650000000005,5097.0650000000005,2872,1385.15
1773402300,5098.05,5098.05,5093.05,5093.05,580,1334.5
1773402420,5092.38,5097.38,5092.38,5097.38,2216,1408.95
1773402900,5097.715,5101.415,5096.415,5101.415,745,1326.3
1773403020,5103.53,5107.585,5102.585,5107.585,1117,1315.55
1773403140,5107.995,5112.52,5107.52,5112.52,1737,1312.95
1773403260,5118.005,5118.835,5113.835,5113.835,2510,1403.45
1773403500,5112.935,5117.24,5112.24,5112.24,1775,1459
1773403680,5109.695,5112.3,5107.3,5107.3,3257,1572.7
1773404100,5105.905,5109.365,5104.365,5109.365,2106,1629.55
1773404460,5111.145,5115.865,5110.865,5115.865,3331,1764.75
1773405000,5116.64,5116.64,5111.64,5111.64,4775,1942.8
1773405540,5111.59,5116,5111,5111,1650,2005.15
1773405720,5109.74,5113.02,5108.02,5113.02,1675,2034.3
1773405900,5117.405,5121.155,5116.155,5121.155,3221,2140.4
1773406140,5122.01,5122.01,5117.01,5117.01,2004,2078.15
1773406380,5116.635,5120.385,5115.385,5120.385,645,2043.05
1773406560,5120.77,5120.77,5115.77,5115.77,1788,2019.85
1773406800,5115.385,5120.385,5115.385,5120.385,752,1975.55
1773406860,5121.1900000000005,5121.1900000000005,5116.1900000000005,5116.1900000000005,1339,2004.75
1773406980,5114.125,5119.125,5114.125,5119.125,907,1906.5
1773407040,5120.635,5121.265,5116.265,5116.265,2950,2025
1773407340,5113.53,5115.36,5110.36,5110.36,5537,2191.05
1773407880,5109.7300000000005,5114.7300000000005,5109.7300000000005,5114.7300000000005,713,2189.45
1773408000,5115.745,5115.745,5110.745,5110.745,847,2175.95
1773408300,5108.055,5110.275000000001,5105.275000000001,5105.275000000001,3066,2242.4
1773408660,5104.68,5107.45,5102.45,5102.45,2617,2247.75
1773408840,5100.665,5102.650000000001,5097.650000000001,5097.650000000001,1500,2234
1773408960,5096.57,5101.57,5096.57,5101.57,930,2117.65
1773409020,5106.3,5108.075,5103.075,5108.075,1656,2095.15
1773409140,5108.775000000001,5108.775000000001,5103.775000000001,5103.775000000001,1638,2010.5
1773409320,5103.155,5108.155,5103.155,5108.155,1136,1828.55
1773409440,5112.67,5116.97,5111.97,5111.97,2967,1894.4
1773409680,5111.85,5112.38,5107.38,5107.38,1396,1880.45
1773409860,5107.165,5110.465,5105.465,5105.465,1520,1795.4
1773410100,5103.765,5106.22,5101.22,5101.22,1079,1749.15
1773410220,5100.52,5102.7,5097.7,5097.7,1871,1810.45
1773410400,5095.435,5100.435,5095.435,5100.435,834,1762.75
1773410460,5101.9400000000005,5105.49,5100.49,5105.49,1792,1814.75
1773410640,5106.22,5108.135,5103.135,5103.135,1503,1822.95
1773410820,5102.63,5102.7,5097.7,5097.7,5278,2041.5
1773411120,5094.61,5096.24,5091.24,5091.24,1566,1972.3
1773411240,5090.505,5094.585,5089.585,5089.585,1883,1789.6
1773411360,5087.845,5088.435,5083.435,5083.435,1022,1805.05
1773411420,5083.215,5087.795,5082.795,5087.795,1798,1852.6
1773411540,5090.43,5092.52,5087.52,5087.52,2585,1828.55
1773411720,5087.41,5092.41,5087.41,5092.41,2810,1838.2
1773411900,5093.075,5093.075,5088.075,5088.075,720,1799.2
1773411960,5087.76,5092.345,5087.345,5087.345,1183,1811.85
1773412080,5085.475,5090.475,5085.475,5090.475,893,1773.7
1773412140,5091.6,5091.6,5086.6,5086.6,1802,1781.9
1773412200,5085.535,5089.235,5084.235,5089.235,2497,1849.95
1773412320,5090.485,5091.905,5086.905,5086.905,1655,1784.35
1773412500,5082.95,5087.61,5082.61,5087.61,2189,1824
1773412620,5089.52,5089.52,5084.52,5084.52,1027,1799.35
1773412680,5084.165,5086.705,5081.705,5081.705,2162,1853.5
1773412800,5076.01,5079.625,5074.625,5079.625,3656,1942.75
1773412980,5080.5,5080.650000000001,5075.650000000001,5075.650000000001,2462,2024.15
1773413100,5073.3550000000005,5077.3,5072.3,5077.3,1672,2018.15
1773413160,5077.765,5079.43,5074.43,5074.43,5327,2209.35
1773413400,5068.735,5070.905,5065.905,5065.905,2616,2076.25
1773413520,5059.955,5063.135,5058.135,5063.135,2641,2130
1773413640,5064.66,5064.66,5059.66,5059.66,2106,2141.15
1773413700,5045.8,5050.625,5045.625,5045.625,2582,2219.15
1773413760,5037.525000000001,5040.535,5035.535,5040.535,2833,2270.9
1773413820,5046.195,5048.04,5043.04,5048.04,2166,2249.95
1773413880,5049.76,5049.76,5044.76,5044.76,481,2133.5
1773413880.001,5043.845,5048.25,5043.25,5043.25,1229,2158.95
1773413940,5041.485,5043.405,5038.405,5043.405,2262,2212.9
1773414000,5047.8,5048.805,5043.805,5043.805,4102,2373.35
1773414120,5042.1050000000005,5047.1050000000005,5042.1050000000005,5047.1050000000005,1702,2368.35
1773414180,5050.075,5052.24,5047.24,5052.24,2904,2388.7
1773414300,5057.53,5058.255,5053.255,5058.255,2405,2426.2
1773414420,5059.3,5062.485,5057.485,5062.485,1707,2402.1
1773414540,5065.125,5066.25,5061.25,5061.25,1575,2429.5
1773414660,5059.965,5064.965,5059.965,5064.965,832,2363
1773414720,5069.795,5071.47,5066.47,5066.47,2415,2300.95
1773414900,5066.045,5070.9400000000005,5065.9400000000005,5070.9400000000005,2240,2289.85
1773415020,5071.505,5071.505,5066.505,5066.505,805,2246.5
1773415080,5065.93,5066.015,5061.015,5061.015,1402,2050.25
1773415200,5059.6,5064.6,5059.6,5064.6,1245,1981.7
1773415260,5067.225,5069.485,5064.485,5064.485,1683,1933.8
1773415380,5062.665,5062.77,5057.77,5057.77,2286,1942.8
1773415560,5056.9400000000005,5061.9400000000005,5056.9400000000005,5061.9400000000005,1074,1867.4
1773415620,5063.685,5067.77,5062.77,5067.77,3022,1876.85
1773415800,5068.135,5068.39,5063.39,5063.39,1163,1826.7
1773415860,5062.615,5065.04,5060.04,5065.04,2470,1926.15
1773416040,5066.385,5066.415,5061.415,5061.415,2100,1969.7
1773416160,5058.185,5061.795,5056.795,5056.795,2935,2003.35
1773416340,5056.745,5059.085,5054.085,5054.085,1421,1869.3
1773416400,5051.79,5053.95,5048.95,5048.95,2272,1897.8
1773416520,5048.27,5048.5,5043.5,5043.5,1191,1812.15
1773416580,5042.795,5046.900000000001,5041.900000000001,5046.900000000001,1047,1744.25
1773416640,5047.885,5050.92,5045.92,5045.92,1658,1741.8
1773416760,5042.505,5047.505,5042.505,5047.505,2340,1780.05
1773416820,5057.575,5057.575,5052.575,5052.575,1984,1837.65
1773416880,5052,5054.82,5049.82,5049.82,1486,1791.2
1773416940,5047.785,5052.785,5047.785,5052.785,1678,1763.1
1773417000,5052.93,5054.255,5049.255,5049.255,2024,1824.05
1773417120,5044.04,5046.965,5041.965,5041.965,1389,1823.4
1773417180,5039.82,5042.62,5037.62,5037.62,1173,1819.8
1773417240,5036.475,5037.155,5032.155,5032.155,1147,1793
1773417300,5031.015,5036.015,5031.015,5036.015,446,1701
1773417300.001,5039.21,5043.4800000000005,5038.4800000000005,5043.4800000000005,1396,1717.1
1773417360,5044.11,5045,5040,5040,1063,1619.15
1773417420,5039.395,5041.68,5036.68,5036.68,1836,1652.8
1773417540,5032.865,5034.925,5029.925,5029.925,1707,1614.65
1773417600,5026.945,5031.945,5026.945,5031.945,467,1533
1773417600.001,5032.275000000001,5036.8550000000005,5031.8550000000005,5036.8550000000005,937,1433.1
1773417660,5038.175,5038.175,5033.175,5033.175,1515,1437.8
1773417720,5024.81,5029.81,5024.81,5029.81,1623,1405.35
1773417780,5032.795,5032.795,5027.795,5027.795,1421,1416.85
1773417840,5026.34,5030.92,5025.92,5030.92,1406,1434.8
1773417900,5033.75,5033.75,5028.75,5028.75,1625,1433.15
1773417960,5019.2,5024.2,5019.2,5024.2,423,1337.3
1773417960.001,5030.38,5035.305,5030.305,5035.305,2535,1364.85
1773418140,5037.35,5040.805,5035.805,5035.805,3992,1490.15
1773418380,5026.195,5029.345,5024.345,5029.345,1148,1463.65
1773418440,5032.84,5036.150000000001,5031.150000000001,5036.150000000001,2753,1500.1
1773418620,5037.015,5037.895,5032.895,5032.895,1605,1510.9
1773418740,5030.46,5035.46,5030.46,5035.46,1270,1515.75
1773418800,5035.86,5036.895,5031.895,5036.895,3186,1617.7
1773418980,5038.325,5041.54,5036.54,5036.54,2219,1706.35
1773419160,5035.71,5039.04,5034.04,5039.04,2703,1771.7
1773419340,5041.755,5045.255,5040.255,5045.255,1738,1805.45
1773419460,5046.25,5048.925,5043.925,5048.925,1932,1810.25
1773419580,5049.49,5049.49,5044.49,5044.49,914,1770.6
1773419640,5043.87,5048.87,5043.87,5048.87,2104,1852.45
1773419760,5053.25,5053.25,5048.25,5048.25,718,1841.5
1773419820,5046.705,5050.655,5045.655,5045.655,1609,1846.2
1773419940,5044.905,5049.875,5044.875,5044.875,2809,1905.5
1773420180,5044.635,5046.7,5041.7,5046.7,4077,2038.3
1773420600,5047.38,5051.42,5046.42,5051.42,1196,2027.8
1773420720,5051.78,5051.78,5046.78,5046.78,2161,2054.6
1773420960,5046.06,5049.585,5044.585,5049.585,2619,2164.4
1773421200,5049.845,5050.6050000000005,5045.6050000000005,5045.6050000000005,3421,2208.7
1773421440,5043.62,5048.62,5043.62,5048.62,2142,2116.2
1773421560,5049.295,5052.12,5047.12,5052.12,5451,2331.35
1773421920,5053.77,5056.765,5051.765,5056.765,2170,2302.2
1773422040,5057.205,5061.1900000000005,5056.1900000000005,5061.1900000000005,1887,2316.3
1773422160,5062.24,5062.24,5057.24,5057.24,6684,2587
1773422520,5055.7300000000005,5058.17,5053.17,5053.17,3568,2606.1
1773422760,5053.1,5057.305,5052.305,5057.305,1339,2562.1
1773422880,5057.78,5059.56,5054.56,5054.56,2166,2535.25
1773423000,5053.67,5058.46,5053.46,5058.46,1839,2540.3
1773423120,5058.545,5061.49,5056.49,5061.49,3279,2607.65
1773423360,5062.945,5064.08,5059.08,5059.08,2338,2678.85
1773423480,5058.1050000000005,5060.865,5055.865,5055.865,3142,2730.75
1773423660,5052.575,5055.49,5050.49,5050.49,4714,2930.55
1773423960,5049.7300000000005,5050.41,5045.41,5045.41,3017,3000.95
1773424200,5045.025000000001,5048.715,5043.715,5043.715,4997,3110.35
1773424560,5043.555,5048.555,5043.555,5048.555,3501,3081.55
1773424800,5049.66,5049.925,5044.925,5049.925,4107,3227.1
1773425100,5051.88,5051.88,5046.88,5046.88,3816,3309.85
1773425400,5045.375,5047.585,5042.585,5042.585,2098,3283.8
1773425520,5042.2,5045.79,5040.79,5045.79,6824,3453.95
1773425880,5046.465,5046.465,5041.465,5041.465,5472,3620.45
1773426120,5040.245,5042.255,5037.255,5042.255,3309,3513.35
1773426300,5042.575,5042.575,5037.575,5037.575,1778,3493.75
1773426420,5036.26,5041.26,5036.26,5041.26,1545,3476.65
1773426540,5042.33,5045.67,5040.67,5045.67,657,3175.3
1773426600,5045.92,5049.585,5044.585,5044.585,3633,3178.55
1773426900,5044.13,5047.615,5042.615,5042.615,3151,3269.15
1773427140,5042.18,5046.685,5041.685,5046.685,2494,3285.55
1773427380,5046.92,5047.035,5042.035,5042.035,2727,3329.95
1773427680,5041.655,5046.32,5041.32,5046.32,3974,3364.7
1773428220,5046.62,5048.5,5043.5,5048.5,2280,3361.8
1773428400,5049.8,5049.965,5044.965,5044.965,3871,3398.25
1773428760,5044.57,5046.49,5041.49,5041.49,1386,3231.85
1773428880,5040.445,5044.63,5039.63,5039.63,2103,3186.15
1773429060,5036.845,5039.12,5034.12,5034.12,961,2984.35
1773429120,5034.005,5039.005,5034.005,5039.005,1424,2880.5
1773429240,5039.995,5040.39,5035.39,5035.39,1683,2759.3
1773429360,5034.47,5037.845,5032.845,5037.845,3715,2754.25
1773429600,5039.32,5040.525000000001,5035.525000000001,5040.525000000001,2354,2767.05
1773429840,5040.595,5040.595,5035.595,5035.595,1374,2494.55
1773429960,5035.4400000000005,5036.79,5031.79,5036.79,6169,2529.4
1773430380,5037.135,5037.135,5032.135,5032.135,1804,2454.15
1773430500,5028.985,5033.985,5028.985,5033.985,2709,2500.7
1773430680,5034.285,5034.285,5029.285,5029.285,1916,2519.25
1773430800,5027.24,5027.33,5022.33,5022.33,5546,2763.7
1773431160,5019.900000000001,5020.61,5015.61,5015.61,947,2629.4
1773431220,5013.07,5018.035,5013.035,5013.035,2512,2597.45
1773431400,5010.55,5014.745,5009.745,5014.745,2597,2602.6
1773431580,5017.1,5019.900000000001,5014.900000000001,5019.900000000001,1538,2543.15
1773431700,5021.165,5023.650000000001,5018.650000000001,5018.650000000001,2772,2483.05
1773431820,5018.125,5019.81,5014.81,5014.81,3239,2531
1773431940,5014.055,5019.055,5014.055,5019.055,447,2359.8
1773431940.001,5019.155,5021.265,5016.265,5016.265,2563,2418.65
1773432360,5015.505,5017.545,5012.545,5017.545,722,2349.6
1773432540,5017.8550000000005,5019.43,5014.43,5019.43,1579,2380.5
1773432900,5019.75,5021.71,5016.71,5016.71,1135,2366.05
1773433140,5015.02,5017.505,5012.505,5017.505,3318,2447.8
1773433920,5019.115,5019.705,5014.705,5019.705,1067,2315.4
1773434280,5020.26,5021.675,5016.675,5021.675,907,2243.05
1773434520,5022.64,5025.645,5020.645,5020.645,2879,2318.3
1773434940,5018.535,5021.87,5016.87,5021.87,2163,2118
1773435240,5022.37,5022.37,5017.37,5017.37,483,2051.95
1773435360,5016.705,5021.705,5016.705,5021.705,262,1929.6
1773435420,5021.78,5021.84,5016.84,5016.84,270,1847.3
1773612240,5014.955,5019.195,5014.195,5019.195,343,1587.15
1773612300,5021.84,5024.415,5019.415,5024.415,382,1558.9
1773612360,5028.865,5031.005,5026.005,5026.005,1155,1491.05
1773612480,5019.875,5024.875,5019.875,5024.875,344,1378.4
1773612540,5025.225,5025.415,5020.415,5025.415,695,1336.25
1773612660,5026.25,5026.25,5021.25,5021.25,759,1235.6
1773612780,5019.86,5024.86,5019.86,5024.86,393,1093.3
1773612840,5026,5026,5021,5021,349,1088.4
1773612900,5020.4800000000005,5021.64,5016.64,5016.64,910,1005.75
1773613020,5015.02,5016.455,5011.455,5011.455,964,1017.85
1773613080,5007.26,5010.555,5005.555,5010.555,3223,1100.05
1773613260,5011,5011,5006,5006,352,1060.9
1773613260.001,5000.91,5005.91,5000.91,5005.91,1005,945.25
1773613320,5012.075,5014.900000000001,5009.900000000001,5009.900000000001,983,941.05
1773613440,5008.495,5012.685,5007.685,5012.685,870,939.2
1773613560,5013.645,5014.31,5009.31,5009.31,610,825.75
1773613680,5009.11,5014.11,5009.11,5014.11,791,757.15
1773613800,5016.975,5016.975,5011.975,5011.975,438,754.9
1773613860,5010.765,5015.765,5010.765,5015.765,154,749.5
1773613860.001,5016.83,5018.465,5013.465,5013.465,2795,875.75
1773614280,5011.42,5014.675,5009.675,5009.675,1283,922.75
1773614460,5008.39,5013.39,5008.39,5013.39,1765,991.9
1773614760,5014.72,5019.12,5014.12,5019.12,1137,991
1773614880,5020.34,5022.745,5017.745,5022.745,1056,1026.6
1773615060,5023.85,5023.85,5018.85,5018.85,642,1023.95
1773615180,5018.055,5023.055,5018.055,5023.055,860,1029
1773615300,5024.24,5026.335,5021.335,5021.335,1495,1084.1
1773615660,5019.495,5020.715,5015.715,5015.715,894,1111.35
1773615720,5010.68,5014.17,5009.17,5009.17,1166,1124.15
1773615840,5006.02,5010.2300000000005,5005.2300000000005,5005.2300000000005,690,1110.45
1773615900,5003.245,5007.29,5002.29,5007.29,639,981.25
1773615960,5007.485,5010.53,5005.53,5010.53,1032,1015.25
1773616080,5012.2300000000005,5012.2300000000005,5007.2300000000005,5007.2300000000005,268,978.4
1773616140,5006.6900000000005,5009.35,5004.35,5009.35,1500,1004.25
1773616320,5009.66,5009.66,5004.66,5004.66,2088,1065.15
1773616620,5004.395,5005.775000000001,5000.775000000001,5000.775000000001,2932,1181.25
1773616800,4982.265,4987.265,4982.265,4987.265,1759,1229.65
1773616860,4991.185,4991.52,4986.52,4986.52,1271,1271.3
1773616920,4977.08,4977.36,4972.36,4972.36,1165,1321.85
1773616980,4967.775000000001,4972.775000000001,4967.775000000001,4972.775000000001,436,1203.9
1773616980.001,4981.75,4985.96,4980.96,4985.96,1251,1202.3
1773617040,4987.225,4987.655,4982.655,4987.655,2081,1218.1
1773617160,4988.78,4988.8150000000005,4983.8150000000005,4988.8150000000005,2036,1263.05
1773617280,4990.4800000000005,4992.0650000000005,4987.0650000000005,4992.0650000000005,2903,1355.4
1773617460,4992.46,4992.46,4987.46,4987.46,1782,1412.4
1773617580,4985.6,4987.475,4982.475,4982.475,1239,1431.35
1773617640,4978.955,4983.955,4978.955,4983.955,1186,1415.9
1773617700,4988.95,4989.6050000000005,4984.6050000000005,4984.6050000000005,1474,1444.9
1773617820,4982.205,4986.89,4981.89,4986.89,1391,1456.15
1773617940,4987.32,4987.32,4982.32,4982.32,746,1458.95
1773618000,4982.08,4985.21,4980.21,4980.21,523,1453.15
1773618060,4979.84,4984.84,4979.84,4984.84,837,1443.4
1773618120,4984.845,4986.045,4981.045,4981.045,853,1472.65
1773618180,4980.695,4985.345,4980.345,4980.345,1418,1468.55
1773618300,4980,4983.77,4978.77,4978.77,1371,1432.7
1773618420,4977.07,4980.225,4975.225,4975.225,2283,1400.25
1773618540,4972.38,4977.38,4972.38,4977.38,1187,1371.65
1773618600,4979.81,4981.365,4976.365,4981.365,1665,1391.35
1773618720,4981.685,4981.685,4976.685,4976.685,670,1366.6
1773618780,4976.655,4981.655,4976.655,4981.655,252,1357.4
1773618780.001,4985.71,4987.3150000000005,4982.3150000000005,4987.3150000000005,977,1343.7
1773618840,4987.345,4990.9800000000005,4985.9800000000005,4990.9800000000005,904,1284.85
1773618900,4991.49,4993.435,4988.435,4993.435,2137,1289.9
1773619020,4997.64,4998.74,4993.74,4993.74,1241,1206.8
1773619080,4992.84,4997.84,4992.84,4997.84,905,1162.95
1773619140,4998.22,5001.6900000000005,4996.6900000000005,5001.6900000000005,1193,1160.65
1773619200,5010.06,5013.4400000000005,5008.4400000000005,5013.4400000000005,1197,1161.2
1773619260,5015.45,5019.38,5014.38,5019.38,1255,1150.25
1773619320,5021.32,5021.32,5016.32,5016.32,1411,1151.25
1773619380,5015.35,5020.35,5015.35,5020.35,1628,1195.35
1773619440,5023.545,5025.33,5020.33,5025.33,2225,1280.45
1773619560,5025.685,5026.235,5021.235,5026.235,1552,1316.2
1773619620,5028.7,5028.7,5023.7,5023.7,2481,1397.6
1773619740,5019.77,5023.575,5018.575,5018.575,3117,1482.55
1773619920,5017.78,5022.78,5017.78,5022.78,916,1459.8
1773619980,5025.93,5026.325,5021.325,5021.325,1824,1436.85
1773620100,5021.285,5023.46,5018.46,5018.46,1057,1430.35
1773620160,5016.8,5021.775000000001,5016.775000000001,5021.775000000001,981,1396.15
1773620220,5021.895,5021.895,5016.895,5016.895,890,1407.15
1773620280,5016.11,5020.1,5015.1,5020.1,1879,1488.5
1773620400,5020.415,5021.89,5016.89,5021.89,2776,1578.45
1773620700,5022.05,5022.09,5017.09,5017.09,1691,1617.8
1773620880,5016.025000000001,5019.895,5014.895,5019.895,2557,1638.8
1773621120,5023.91,5028.02,5023.02,5028.02,855,1619.5
1773621180,5028.53,5030.875,5025.875,5030.875,959,1622.2
1773621240,5030.9800000000005,5030.9800000000005,5025.9800000000005,5025.9800000000005,1045,1614.8
1773621300,5025.195,5027.08,5022.08,5027.08,2511,1680.5
1773621540,5027.31,5028.54,5023.54,5023.54,1838,1709.65
1773621720,5023.075,5028.075,5023.075,5028.075,1451,1711.65
1773621840,5028.38,5030.135,5025.135,5025.135,4429,1851.7
1773622200,5021.205,5022.035,5017.035,5022.035,2519,1866.4
1773622380,5022.225,5026.04,5021.04,5026.04,1128,1845.2
1773622500,5027.05,5027.05,5022.05,5022.05,637,1753
1773622560,5020.9800000000005,5025.375,5020.375,5025.375,861,1640.2
1773622680,5028.38,5028.63,5023.63,5023.63,2633,1726.05
1773622800,5012.435,5017.435,5012.435,5017.435,577,1663.7
1773622800.001,5018.4800000000005,5022.3,5017.3,5022.3,1228,1672.25
1773622860,5026.150000000001,5026.495,5021.495,5021.495,2825,1764.45
1773622980,5018.21,5018.7,5013.7,5013.7,1005,1770.2
1773623040,5011.67,5016.67,5011.67,5016.67,264,1689.45
1773623040.001,5017.435,5017.545,5012.545,5012.545,1094,1605.35
1773623100,5012.415,5017.415,5012.415,5017.415,1315,1586.55
1773623160,5023.38,5023.38,5018.38,5018.38,1351,1526.25
1773623220,5015.24,5019.64,5014.64,5014.64,2041,1585.55
1773623340,5012.865,5017.865,5012.865,5017.865,819,1578.55
1773623400,5018.785,5018.785,5013.785,5013.785,281,1540.35
1773623400.001,5010.22,5013.4400000000005,5008.4400000000005,5008.4400000000005,2481,1538.85
1773623520,5004.33,5004.97,4999.97,4999.97,1941,1544
1773623580,4991.805,4996.805,4991.805,4996.805,1350,1538.95
1773623640,4996.9400000000005,4996.9400000000005,4991.9400000000005,4991.9400000000005,415,1338.25
1773623640.001,4986.325,4988.7,4983.7,4988.7,1932,1308.9
1773623700,4995.985,4996.1900000000005,4991.1900000000005,4996.1900000000005,1604,1332.7
1773623760,4996.2,4998.325,4993.325,4998.325,1218,1361.75
1773623820,4998.435,5001.215,4996.215,5001.215,1205,1378.95
1773623880,5005.6900000000005,5005.735,5000.735,5000.735,6894,1592
1773624180,4993.86,4996.205,4991.205,4991.205,1585,1642.4
1773624240,4990.67,4995.67,4990.67,4995.67,1227,1642.35
1773624300,4996.145,4996.715,4991.715,4996.715,1556,1578.9
1773624360,4997.585,4997.585,4992.585,4992.585,3309,1694.1
1773624480,4988.875,4991.82,4986.82,4986.82,1478,1754.8
1773624540,4986.04,4991.04,4986.04,4991.04,1182,1759.2
1773624600,4991.83,4991.83,4986.83,4986.83,409,1713.9
1773624600.001,4985.13,4990.015,4985.015,4990.015,1359,1714.3
1773624660,4990.68,4990.765,4985.765,4985.765,1151,1669.8
1773624720,4982.675,4987.675,4982.675,4987.675,1319,1694.8
1773624780,4989.97,4991.905,4986.905,4991.905,2992,1830.35
1773624900,4997.71,4997.71,4992.71,4992.71,1504,1781.5
1773624960,4985.54,4990.54,4985.54,4990.54,526,1710.75
1773624960.001,4993.49,4995.185,4990.185,4995.185,1804,1733.45
1773625020,4995.445,4999.1,4994.1,4999.1,4382,1931.8
1773625200,4999.955,5002.49,4997.49,5002.49,1993,1934.85
1773625320,5003.4800000000005,5003.845,4998.845,5003.845,2056,1957.45
1773625440,5004.4800000000005,5007.955,5002.955,5007.955,1540,1973.55
1773625560,5009.34,5009.34,5004.34,5004.34,2936,2060.1
1773625740,5003.505,5008.095,5003.095,5003.095,2218,1826.3
1773625860,5002.955,5007.715,5002.715,5007.715,3257,1909.9
1773626040,5009.925,5014.41,5009.41,5014.41,2492,1973.15
1773626160,5015.495,5017.415,5012.415,5017.415,2903,2040.5
1773626400,5018.8550000000005,5019.0650000000005,5014.0650000000005,5014.0650000000005,1999,1975
1773626520,5012.400000000001,5015.93,5010.93,5015.93,4155,2108.85
1773626820,5015.9800000000005,5016.78,5011.78,5011.78,1508,2125.15
1773627000,5011.3550000000005,5015.7300000000005,5010.7300000000005,5015.7300000000005,2574,2233.4
1773627240,5015.8,5018.055,5013.055,5013.055,1216,2226.25
1773627360,5012.32,5017.32,5012.32,5017.32,1140,2225.7
1773627480,5017.425,5018.775000000001,5013.775000000001,5013.775000000001,2842,2301.85
1773627840,5012.76,5014.485,5009.485,5009.485,2352,2269.85
1773628200,5008.705,5010.14,5005.14,5005.14,5505,2469.9
1773628500,5003.82,5008.695,5003.695,5008.695,2030,2545.1
1773628620,5010.175,5010.175,5005.175,5005.175,895,2499.65
1773628680,5004.465,5007.64,5002.64,5007.64,1046,2332.85
1773628800,5008.58,5008.58,5003.58,5003.58,714,2268.9
1773628860,5003.54,5007.915,5002.915,5007.915,1700,2251.1
1773629040,5008.1050000000005,5008.945,5003.945,5003.945,2332,2290.7
1773629220,5002.82,5002.955,4997.955,4997.955,1072,2197.5
1773629280,4997.895,5002.895,4997.895,5002.895,1569,2165.05
1773629400,5003.03,5004.3550000000005,4999.3550000000005,5004.3550000000005,4172,2210.8
1773629760,5004.74,5006.225,5001.225,5001.225,2128,2192.6
1773630120,5000.91,5005.91,5000.91,5005.91,4967,2295.8
1773630600,5007.115,5007.115,5002.115,5002.115,1445,2268.1
1773630720,5001.295,5003.21,4998.21,5003.21,5483,2334.5
1773631320,5003.62,5006.245,5001.245,5006.245,2820,2400.1
1773631560,5009.47,5012.215,5007.215,5012.215,2664,2404.6
1773631860,5013.115,5015.5,5010.5,5015.5,3471,2517.35
1773632340,5015.86,5016.345,5011.345,5016.345,2131,2566.9
1773632640,5019.12,5021.1,5016.1,5021.1,2842,2566.9
1773633660,5024.185,5026.17,5021.17,5021.17,1028,2500.7
1773633960,5020.365,5024.9800000000005,5019.9800000000005,5024.9800000000005,689,2259.9
1773634260,5025.495,5026.505,5021.505,5021.505,2704,2293.6
1773635040,5021.1900000000005,5024.135,5019.135,5024.135,1765,2337.1
1773635580,5024.99,5024.99,5019.99,5019.99,592,2314.4
1773635700,5019.615,5020.1900000000005,5015.1900000000005,5015.1900000000005,1867,2372.05
1773636060,5014.405,5018.05,5013.05,5013.05,1641,2369.1
1773637020,5012.95,5016.13,5011.13,5011.13,4055,2455.25
1773637740,5011.12,5015.24,5010.24,5010.24,1454,2474.35
1773638100,5009.765,5013.085,5008.085,5013.085,2561,2523.95
1773638760,5013.26,5013.26,5008.26,5008.26,1626,2396.65
1773639000,5006.9400000000005,5008.41,5003.41,5008.41,6542,2617.35
1773639480,5009.985,5013.575,5008.575,5013.575,2472,2492.6
1773639600,5015.87,5018.93,5013.93,5018.93,4868,2663.75
1773640380,5019.375,5020.37,5015.37,5015.37,5693,2674.25
1773640980,5013.1,5018.1,5013.1,5018.1,1162,2591.35
1773641100,5019.585,5022.08,5017.08,5022.08,1836,2549.95
1773641340,5022.43,5025.49,5020.49,5025.49,1744,2463.6
1773641580,5026.185,5028.78,5023.78,5028.78,784,2396.25
1773641700,5031.395,5036.01,5031.01,5031.01,3216,2414.95
1773642120,5029.16,5030.86,5025.86,5025.86,1219,2424.5
1773642360,5025.62,5030.62,5025.62,5030.62,1052,2442.65
1773642480,5030.64,5030.64,5025.64,5025.64,2707,2442.8
1773642840,5024.745,5026.82,5021.82,5021.82,2721,2490.6
1773643200,5021.185,5024.725,5019.725,5019.725,3271,2624.55
1773643620,5015.325,5015.77,5010.77,5010.77,962,2579.3
1773643680,5009.6900000000005,5014.2300000000005,5009.2300000000005,5009.2300000000005,1872,2590.85
1773643800,5005.525000000001,5010.525000000001,5005.525000000001,5010.525000000001,751,2425.65
1773643860,5011.3550000000005,5011.3550000000005,5006.3550000000005,5006.3550000000005,1256,2415.75
1773643920,5005.405,5010.405,5005.405,5010.405,2701,2422.75
1773644160,5013.400000000001,5015.14,5010.14,5015.14,3275,2505.2
1773644520,5015.78,5015.785,5010.785,5010.785,1497,2252.95
1773644760,5010.615,5014.76,5009.76,5014.76,1476,2203.15
1773644880,5014.965,5016.59,5011.59,5011.59,3105,2115
1773645240,5009.8,5010.035,5005.035,5005.035,919,1876.3
1773645300,5000.805,5005.805,5000.805,5005.805,907,1863.55
1773645360,5009.63,5009.63,5004.63,5004.63,625,1803
1773645420,5003.615,5008.615,5003.615,5008.615,1369,1784.25
1773645540,5009.05,5009.05,5004.05,5004.05,1869,1838.5
1773645720,5003.4400000000005,5005.900000000001,5000.900000000001,5000.900000000001,2690,1812.2
1773646080,4998.54,5003.54,4998.54,5003.54,482,1775.35
1773646140,5003.71,5007.400000000001,5002.400000000001,5007.400000000001,1210,1783.25
1773646380,5007.435,5007.435,5002.435,5002.435,611,1678.45
1773646500,5002.415,5004.74,4999.74,4999.74,2073,1646.05
1773646620,4992.03,4997.03,4992.03,4997.03,953,1530.15
1773646680,4999.6050000000005,4999.6050000000005,4994.6050000000005,4994.6050000000005,1589,1561.5
1773646860,4993.37,4996.895,4991.895,4996.895,1534,1544.6
1773647100,4999.400000000001,5000.055,4995.055,4995.055,2005,1607.3
1773647580,4993.76,4998.55,4993.55,4998.55,3075,1698.25
1773648000,4999.24,4999.56,4994.56,4994.56,2062,1666.3
1773648180,4992.4400000000005,4997.4400000000005,4992.4400000000005,4997.4400000000005,206,1512.85
1773648180.001,4998.345,4999.245,4994.245,4994.245,1073,1491.65
1773648300,4993.555,4998.555,4993.555,4998.555,3101,1572.9
1773648600,5000.435,5000.465,4995.465,4995.465,1411,1488.2
1773648720,4995.43,4995.885,4990.885,4990.885,642,1474.35
1773648780,4988.75,4993.055,4988.055,4993.055,3553,1606.65
1773649140,4993.74,4994.395,4989.395,4994.395,1892,1670
1773649320,4998.6,5003.555,4998.555,5003.555,1802,1691.65
1773649500,5003.63,5003.63,4998.63,4998.63,670,1631.7
1773649560,4996.650000000001,5000,4995,5000,686,1531.5
1773649620,5001.38,5001.38,4996.38,4996.38,2678,1641.3
1773649800,4994.955,4998.74,4993.74,4993.74,1506,1656.1
1773649980,4992.16,4995.51,4990.51,4990.51,2472,1749.15
1773650280,4988.650000000001,4990.54,4985.54,4985.54,2873,1789.15
1773650580,4985.115,4990.115,4985.115,4990.115,1353,1809.15
1773650820,4990.49,4991.735,4986.735,4991.735,997,1779.55
1773650940,4993.72,4996.32,4991.32,4996.32,1499,1777.8
1773651180,4997.3,4997.81,4992.81,4992.81,1073,1731.2
1773651360,4991.56,4991.86,4986.86,4986.86,2494,1702.15
1773651660,4985.235,4989.465,4984.465,4984.465,663,1632.2
1773651720,4984.305,4987.71,4982.71,4982.71,1843,1714.05
1773651900,4979.955,4984.955,4979.955,4984.955,699,1695.35
1773651960,4985.395,4987.39,4982.39,4987.39,6336,1857.1
1773652500,4987.825,4988.985,4983.985,4983.985,4286,2000.85
1773653100,4983.835,4988.835,4983.835,4988.835,754,2006.45
1773653160,4990.895,4990.895,4985.895,4985.895,1711,1914.35
1773653460,4984.595,4989.595,4984.595,4989.595,989,1869.2
1773653580,4991.805,4991.805,4986.805,4986.805,1229,1840.55
1773653820,4985.52,4986.71,4981.71,4981.71,2879,1951
1773654240,4981.41,4983.695,4978.695,4978.695,499,1941.65
1773654300,4978.37,4978.395,4973.395,4973.395,887,1852.1
1773654360,4972.535,4977.535,4972.535,4977.535,708,1812.2
1773654420,4978.47,4982.17,4977.17,4982.17,2152,1796.2
1773654600,4985.47,4985.47,4980.47,4980.47,1233,1714.2
1773654780,4979.53,4980.43,4975.43,4975.43,2579,1775.5
1773655140,4972.895,4976.01,4971.01,4971.01,1655,1808.4
1773655260,4970.81,4975.2300000000005,4970.2300000000005,4975.2300000000005,1023,1784.6
1773655320,4975.58,4978.055,4973.055,4978.055,3198,1890.85
1773655740,4980.29,4980.41,4975.41,4980.41,2246,1878.45
1773656100,4980.525000000001,4982.99,4977.99,4982.99,2503,1970.45
1773656580,4983.46,4988.12,4983.12,4988.12,1754,1966
1773656820,4990.0650000000005,4991.42,4986.42,4986.42,895,1975.8
1773656940,4985.535,4988.405,4983.405,4983.405,3946,1856.3
1773657540,4981.07,4985.4400000000005,4980.4400000000005,4985.4400000000005,1819,1732.95
1773657840,4985.515,4988.945,4983.945,4988.945,1178,1754.15
1773658020,4990.265,4995.01,4990.01,4995.01,1215,1729.35
1773658260,4996.955,4999.99,4994.99,4999.99,4390,1899.4
1773658800,5001.31,5001.31,4996.31,4996.31,1520,1913.95
1773659040,4995.885,5000.8150000000005,4995.8150000000005,5000.8150000000005,1732,1856.6
1773659400,5003.93,5007,5002,5007,3962,2029.75
1773659880,5008.42,5013.11,5008.11,5013.11,784,2024.6
1773659940,5013.93,5016.77,5011.77,5016.77,3003,2139.35
1773660180,5020.365,5021.56,5016.56,5021.56,1829,2123.2
1773660360,5022.825,5022.825,5017.825,5017.825,1519,2137.5
1773660540,5017.57,5020.04,5015.04,5015.04,5286,2272.85
1773661380,5013.88,5018.45,5013.45,5013.45,1027,2241.45
1773661560,5012.9800000000005,5013.5,5008.5,5008.5,2190,2299.8
1773661860,5007.675,5007.835,5002.835,5002.835,1034,2191.6
1773661980,5000.43,5000.64,4995.64,4995.64,1496,2154.1
1773662100,4995.45,5000.095,4995.095,4995.095,2440,2150.95
1773662340,4992.78,4997.78,4992.78,4997.78,1686,2147.55
1773662460,5000.93,5003.47,4998.47,5003.47,2154,2210.5
1773662820,5004.6900000000005,5004.6900000000005,4999.6900000000005,4999.6900000000005,411,2033.75
1773662940,4998.865,5003.865,4998.865,5003.865,1440,2014.8
1773663180,5004.4400000000005,5008.005,5003.005,5008.005,1804,2046.1
1773663420,5009.425,5013.005,5008.005,5013.005,1387,2054.7
1773663540,5014.150000000001,5017.425,5012.425,5017.425,1753,1922.85
1773663660,5018.735,5019.42,5014.42,5014.42,2603,1977
1773663840,5013.6050000000005,5018.6050000000005,5013.6050000000005,5018.6050000000005,1825,1981.65
1773663960,5018.67,5021.205,5016.205,5021.205,1647,1865.9
1773664080,5024.935,5025.39,5020.39,5025.39,2473,1950.35
1773664260,5025.585,5025.585,5020.585,5020.585,691,1834.75
1773664320,5020.01,5024.18,5019.18,5024.18,2339,1860.25
1773664500,5024.425,5024.425,5019.425,5019.425,1382,1853.4
1773664620,5019.17,5023.9800000000005,5018.9800000000005,5023.9800000000005,1493,1663.75
1773664740,5024.225,5024.77,5019.77,5019.77,759,1650.35
1773664800,5019.6,5024.075,5019.075,5019.075,4030,1742.35
1773665280,5017.02,5019.05,5014.05,5014.05,2484,1814.85
1773665460,5011.92,5016.92,5011.92,5016.92,894,1784.75
1773665520,5017.02,5020.5650000000005,5015.5650000000005,5020.5650000000005,2786,1802.05
1773665880,5021.31,5021.645,5016.645,5016.645,1442,1789.85
1773666000,5016.26,5019.78,5014.78,5014.78,2235,1793.9
1773666180,5013.885,5018.885,5013.885,5018.885,3290,1937.85
1773666480,5020.05,5023.63,5018.63,5023.63,2015,1966.6
1773666720,5023.705,5025.11,5020.11,5025.11,1258,1939.3
1773666900,5028.305,5030.215,5025.215,5025.215,3980,2068.95
1773667200,5024.145,5027.99,5022.99,5022.99,3317,2147.15
1773667680,5020.55,5023.585,5018.585,5023.585,2471,2140.55
1773667800,5024.155,5025.92,5020.92,5025.92,1570,2127.8
1773667860,5026.31,5026.31,5021.31,5021.31,1074,2099.15
1773667920,5018.305,5023.305,5018.305,5023.305,1044,2027.7
1773667980,5023.715,5028.01,5023.01,5028.01,1307,2058.5
1773668040,5029.91,5033.45,5028.45,5033.45,2297,2056.4
1773668160,5034.53,5034.53,5029.53,5029.53,3113,2142.95
1773668280,5026.595,5030.55,5025.55,5025.55,2891,2212.85
1773668400,5024.545,5027.55,5022.55,5027.55,2636,2306.7
1773668520,5030.11,5033.04,5028.04,5033.04,1342,2172.3
1773668580,5033.46,5033.72,5028.72,5028.72,2134,2154.8
1773668700,5028.255,5032.97,5027.97,5032.97,2770,2248.6
1773668820,5033.05,5033.05,5028.05,5028.05,1107,2164.65
1773668880,5024.045,5029,5024,5029,2012,2193.15
1773669000,5029.79,5029.79,5024.79,5024.79,1237,2143.25
1773669060,5024.135,5028.925,5023.925,5028.925,2205,2089
1773669240,5029.32,5029.77,5024.77,5024.77,1433,2059.9
1773669360,5023.335,5028.1,5023.1,5028.1,1779,2085.95
1773669480,5030.38,5032.085,5027.085,5032.085,2022,1988.05
1773669600,5033.755,5034.63,5029.63,5034.63,9458,2295.1
1773670080,5038.145,5038.145,5033.145,5033.145,901,2216.6
1773670140,5032.28,5036.87,5031.87,5036.87,662,2171.2
1773670200,5037.72,5037.74,5032.74,5032.74,1423,2188.65
1773670320,5031.84,5034.685,5029.685,5029.685,901,2181.5
1773670380,5029.03,5030.45,5025.45,5025.45,2460,2239.15
1773670500,5024.900000000001,5029.900000000001,5024.900000000001,5029.900000000001,993,2173.95
1773670560,5030.02,5030.02,5025.02,5025.02,2522,2144.4
1773670740,5024.205,5028.1900000000005,5023.1900000000005,5023.1900000000005,2228,2111.25
1773670920,5022.63,5025.95,5020.95,5020.95,1541,2056.5
1773671040,5019.66,5021.88,5016.88,5016.88,3359,2157.35
1773671280,5015.7,5017.055,5012.055,5012.055,2663,2183.8
1773671400,5009.86,5013.36,5008.36,5013.36,2178,2154.2
1773671520,5013.71,5013.71,5008.71,5008.71,780,2137.85
1773671580,5007.1900000000005,5012.1900000000005,5007.1900000000005,5012.1900000000005,1795,2127
1773671700,5013.375,5013.785,5008.785,5008.785,1443,2137.3
1773671820,5008.365,5010.395,5005.395,5005.395,2029,2128.5
1773672000,5004.06,5006.145,5001.145,5001.145,3218,2217.75
1773672240,5000.505,5002.715,4997.715,4997.715,2908,2274.2
1773672420,4995.135,4995.74,4990.74,4990.74,1677,2256.95
1773672480,4988.09,4993.09,4988.09,4993.09,1518,1859.95
1773672540,5000.535,5000.535,4995.535,4995.535,2242,1927
1773672660,4991.33,4996.33,4991.33,4996.33,1227,1955.25
1773672720,4998.14,4998.14,4993.14,4993.14,2816,2024.9
1773672900,4991.895,4996.895,4991.895,4996.895,1036,2031.65
1773672960,4999.56,5001.645,4996.645,4996.645,2230,2020.15
1773673080,4995.41,4999.59,4994.59,4999.59,1822,2061.6
1773673200,5002.495,5002.495,4997.495,4997.495,258,1948.4
1773673200.001,4996.7,4997.42,4992.42,4997.42,3588,2016.4
1773673380,5002.13,5002.13,4997.13,4997.13,1803,2029.5
1773673500,4994.8550000000005,4998.09,4993.09,4998.09,1263,1924.7
1773673620,4998.77,4999.585,4994.585,4994.585,2322,1907.65
1773673800,4990.4400000000005,4995.4400000000005,4990.4400000000005,4995.4400000000005,4060,2001.75
1773674040,4998.7,5002.8,4997.8,5002.8,3124,2118.95
1773674220,5003.16,5005.26,5000.26,5005.26,1867,2122.55
1773674460,5005.91,5005.91,5000.91,5000.91,2309,2165.85
1773674700,4994.275000000001,4998.28,4993.28,4993.28,1460,2137.4
1773674880,4987.79,4989.54,4984.54,4989.54,786,2015.8
1773674940,4993.145,4995.64,4990.64,4995.64,2525,1996.65
1773675240,4995.875,5000.37,4995.37,5000.37,1691,1997.35
1773675480,5000.52,5003.265,4998.265,5003.265,1189,1980.9
1773675720,5003.4800000000005,5003.4800000000005,4998.4800000000005,4998.4800000000005,913,1914.45
1773675840,4996.765,4998.445,4993.445,4998.445,1191,1912.65
1773675960,4998.495,4999.66,4994.66,4994.66,2476,1895.65
1773676200,4990.7,4993.2,4988.2,4988.2,1848,1936.25
1773676380,4986.155,4990.53,4985.53,4985.53,2863,1967.9
1773676680,4984.215,4988.89,4983.89,4988.89,1057,1929.65
1773676800,4990.275000000001,4990.745,4985.745,4990.745,2109,2022.2
1773676980,4992.705,4993.13,4988.13,4993.13,3338,2009.7
1773677220,4996.43,4997.745,4992.745,4997.745,5037,2171.4
1773677520,4998.115,4998.8,4993.8,4993.8,3328,2274.65
1773677820,4993.66,4995.825,4990.825,4990.825,3415,2329.3
1773678060,4988.385,4991.275000000001,4986.275000000001,4986.275000000001,2314,2242
1773678300,4985.665,4987.695,4982.695,4982.695,987,2135.15
1773678360,4980.195,4985.195,4980.195,4985.195,725,2078.05
1773678420,4985.71,4985.71,4980.71,4980.71,221,1973.65
1773678420.001,4978.25,4981.11,4976.11,4976.11,2545,2027.9
1773678660,4975.955,4980.955,4975.955,4980.955,746,2025.9
1773678720,4982.7300000000005,4982.7300000000005,4977.7300000000005,4977.7300000000005,1499,1974.6
1773678840,4975.92,4979.235,4974.235,4979.235,984,1939.25
1773678900,4979.345,4983.805,4978.805,4983.805,1768,1968.2
1773679020,4984.51,4985.885,4980.885,4985.885,2456,2045.35
1773679200,4986.54,4989.825,4984.825,4984.825,4095,2190.55
1773679500,4984,4988.185,4983.185,4988.185,3320,2232.75
1773679680,4988.57,4992.185,4987.185,4992.185,2127,2246.7
1773679800,4992.825,4994.125,4989.125,4994.125,7504,2478.75
1773680400,4996.545,4998.01,4993.01,4998.01,8493,2850.55
1773681000,4999.615,5001.845,4996.845,5001.845,2149,2852.55
1773681180,5002.83,5003.900000000001,4998.900000000001,4998.900000000001,7308,3051.05
1773681600,4998.1,5000.995,4995.995,5000.995,6890,3143.7
1773682080,5001.8150000000005,5001.89,4996.89,4996.89,1705,3062.55
1773682140,4994.82,4996.635,4991.635,4991.635,4058,3094.7
1773682320,4991.025000000001,4992.400000000001,4987.400000000001,4987.400000000001,7664,3362.2
1773682740,4986.56,4990.925,4985.925,4990.925,5976,3611.65
1773683100,4991.43,4992.9400000000005,4987.9400000000005,4987.9400000000005,2384,3694.6
1773683280,4985.225,4989.015,4984.015,4989.015,3692,3868.15
1773683580,4989.495,4992.125,4987.125,4992.125,5016,3991.7
1773684000,4993.900000000001,4995.985,4990.985,4990.985,4249,4166.85
1773684300,4990.045,4995.045,4990.045,4995.045,2035,4193.65
1773684420,4996.645,5000.8550000000005,4995.8550000000005,5000.8550000000005,3510,4319.95
1773684600,5001,5002.3150000000005,4997.3150000000005,5002.3150000000005,6317,4547.4
1773685560,5002.900000000001,5007.285,5002.285,5007.285,862,4467.7
1773685620,5008.185,5009.535,5004.535,5009.535,5095,4517.7
1773685980,5010.650000000001,5013.745,5008.745,5013.745,3996,4551.5
1773686340,5014.575,5016.835,5011.835,5016.835,6052,4747.75
1773686880,5017.455,5017.905,5012.905,5012.905,5598,4652.45
1773687360,5012.685,5016.975,5011.975,5016.975,2519,4353.75
1773687600,5017.245,5017.29,5012.29,5012.29,2545,4373.55
1773687840,5011.225,5013.905,5008.905,5013.905,3095,4162.9
1773688140,5017.5650000000005,5020.465,5015.465,5015.465,2946,3965.7
1773688320,5012.615,5015.685,5010.685,5010.685,9836,4372.25
1773689160,5010.17,5013.235,5008.235,5013.235,6822,4510.45
1773689760,5013.925,5014.835,5009.835,5009.835,4912,4372.85
1773690240,5009.83,5013.55,5008.55,5013.55,3842,4266.15
1773690660,5014.13,5016.2300000000005,5011.2300000000005,5011.2300000000005,6472,4470.55
1773691260,5010.1050000000005,5013.235,5008.235,5013.235,1015,4336.7
1773691500,5013.87,5018.55,5013.55,5018.55,670,4119.4
1773691680,5020.285,5021.835,5016.835,5016.835,1343,3974.1
1773692100,5016.03,5017.87,5012.87,5012.87,2079,3976.3
1773693060,5012.37,5013.08,5008.08,5008.08,603,3830.95
1773693300,5008.05,5011.215,5006.215,5006.215,2530,3641.6
1773694380,5004.8,5009.8,5004.8,5009.8,1124,3654.7
1773698640,5011.11,5016.1,5011.1,5016.1,321,3416
1773698880,5016.185,5016.185,5011.185,5011.185,207,3226.55
1773698940,5006.395,5009.09,5004.09,5004.09,718,2959.85
1773699120,5000.76,5005.76,5000.76,5005.76,253,2692.6
1773699180,5006.400000000001,5007.995,5002.995,5007.995,1339,2633.6
1773699360,5008.3550000000005,5008.3550000000005,5003.3550000000005,5003.3550000000005,1209,2566.8
1773699660,5001.675,5003.685,4998.685,5003.685,3200,2572.05
1773700260,5004.455,5005.39,5000.39,5005.39,4921,2670.8
1773701280,5006.28,5006.53,5001.53,5001.53,1801,2269.05
1773701880,5000.74,5005.74,5000.74,5005.74,920,1973.95
1773702060,5006.4400000000005,5007.995,5002.995,5007.995,3239,1890.3
1773703320,5009.37,5012.57,5007.57,5012.57,2178,1807.1
1773703920,5012.995,5014.705,5009.705,5009.705,4171,1692.05
1773704640,5008.83,5012.17,5007.17,5012.17,2536,1768.1
1773705060,5013.39,5015.61,5010.61,5010.61,3452,1907.2
1773705720,5007.845,5009.945,5004.945,5009.945,3075,1993.8
1773706020,5010.21,5011.805,5006.805,5006.805,725,1926.1
1773706080,5006.12,5007.24,5002.24,5007.24,2463,2019.1
1773706260,5007.88,5009.06,5004.06,5009.06,2327,2008.95
1773706560,5009.92,5010.7300000000005,5005.7300000000005,5005.7300000000005,1500,2027.75
1773706800,5004.645,5007.025000000001,5002.025000000001,5002.025000000001,2046,2114
1773707100,5001.63,5005.945,5000.945,5000.945,1750,2191.15
1773707280,5000.39,5005.39,5000.39,5005.39,1051,2207.8
1773707460,5005.885,5006.84,5001.84,5006.84,1750,2282.65
1773707760,5007.3,5007.3,5002.3,5002.3,1493,2290.35
1773708120,5001.585,5003.29,4998.29,5003.29,2174,2338.6
1773708360,5003.535,5004.12,4999.12,4999.12,2658,2311.5
1773708600,4998.46,5003.46,4998.46,5003.46,3609,2245.9
1773708840,5004.5650000000005,5006.535,5001.535,5001.535,4075,2359.6
1773709200,4997.8550000000005,5002.8550000000005,4997.8550000000005,5002.8550000000005,544,2340.8
1773709200.001,5003.265,5006.83,5001.83,5001.83,4620,2409.85
1773709380,4994.935,4999.935,4994.935,4999.935,1550,2378.45
1773709440,5003.84,5006.900000000001,5001.900000000001,5006.900000000001,3537,2346.75
1773709620,5007.445,5010.285,5005.285,5010.285,3713,2405.6
1773709860,5011.8150000000005,5012.62,5007.62,5007.62,2141,2340.05
1773710040,5006.31,5011.31,5006.31,5011.31,823,2227.45
1773710100,5011.6,5014.25,5009.25,5009.25,3430,2362.7
1773710340,5008.535,5012.625,5007.625,5012.625,5218,2500.45
1773710820,5013.26,5016.435,5011.435,5016.435,4374,2602.8
1773711360,5018.745,5020.900000000001,5015.900000000001,5020.900000000001,9230,2989.3
1773712140,5021.49,5025.4800000000005,5020.4800000000005,5025.4800000000005,1716,2972.8
1773712260,5025.68,5029.03,5024.03,5029.03,6331,3201.85
1773712920,5029.9800000000005,5029.9800000000005,5024.9800000000005,5024.9800000000005,728,3185.7
1773712980,5024.6050000000005,5026.63,5021.63,5021.63,3452,3270.8
1773713340,5021.425,5024.85,5019.85,5024.85,8730,3632.65
1773714540,5025.8,5027.8150000000005,5022.8150000000005,5022.8150000000005,2594,3653.65
1773714900,5021.975,5026.975,5021.975,5026.975,2656,3653.55
1773715200,5027.235,5029.54,5024.54,5024.54,4175,3681.85
1773715740,5024.4400000000005,5026.47,5021.47,5026.47,1901,3573.15
1773715980,5026.59,5027.045,5022.045,5022.045,4335,3762.7
1773716400,5020.93,5025.93,5020.93,5025.93,5279,3795.65
1773717360,5026.735,5030.81,5025.81,5030.81,3752,3905.75
1773717900,5030.82,5033.76,5028.76,5028.76,5692,4013.5
1773718740,5027.6,5030.945,5025.945,5030.945,10938,4374.75
1773721740,5032.985,5037.3150000000005,5032.3150000000005,5037.3150000000005,4826,4509
1773722640,5042.185,5042.185,5037.185,5037.185,6661,4800.9
1773723480,5036.88,5039.1900000000005,5034.1900000000005,5034.1900000000005,4291,4843.95
1773724140,5033.900000000001,5037.4400000000005,5032.4400000000005,5037.4400000000005,1560,4661.05
1773724380,5037.53,5041.89,5036.89,5041.89,1830,4533.85
1773724560,5043.145,5044.900000000001,5039.900000000001,5039.900000000001,1263,4135.5
1773724680,5037.62,5038.425,5033.425,5038.425,6145,4356.95
1773725460,5038.650000000001,5039.585,5034.585,5034.585,2867,4183.75
1773725760,5033.57,5036.735,5031.735,5031.735,4594,4377.05
1773726240,5031.585,5033.325,5028.325,5028.325,1091,4259
1773726360,5028.225,5031.455,5026.455,5026.455,4265,4035.75
1773726780,5026.37,5028.37,5023.37,5023.37,1068,3959.45
1773726840,5022.75,5027.75,5022.75,5027.75,1056,3879.45
1773726900,5028.285,5028.285,5023.285,5023.285,1391,3740.25
1773726960,5021.7300000000005,5023.9800000000005,5018.9800000000005,5018.9800000000005,4325,3861.45
1773727260,5011.645,5016.645,5011.645,5016.645,452,3667.3
1773727260.001,5016.765,5018.195,5013.195,5013.195,1107,3458.7
1773727320,5009.6,5014.6,5009.6,5014.6,1366,3339.4
1773727380,5017.900000000001,5020.14,5015.14,5015.14,2908,3200.2
1773727560,5008.63,5012.74,5007.74,5007.74,1556,2731.1
1773727680,5007.43,5012.02,5007.02,5012.02,3975,2688.55
1773727920,5013.6900000000005,5013.715,5008.715,5008.715,4525,2581.75
1773728280,5007.62,5012.28,5007.28,5012.28,849,2409.65
1773728340,5012.725,5014.33,5009.33,5009.33,2815,2472.4
1773728580,5009.3150000000005,5010.04,5005.04,5010.04,1970,2479.4
1773728700,5010.415,5013.825,5008.825,5013.825,4694,2650.95
1773729060,5014.09,5017.150000000001,5012.150000000001,5017.150000000001,5844,2635.9
1773729720,5017.215,5017.215,5012.215,5012.215,1312,2558.15
1773729960,5011.39,5013.6900000000005,5008.6900000000005,5013.6900000000005,6637,2660.3
1773730920,5015.095,5017.08,5012.08,5012.08,3755,2793.5
1773731460,5011.465,5015.365,5010.365,5010.365,2608,2710.65
1773732000,5009.295,5014.18,5009.18,5014.18,1210,2717.75
1773732240,5014.275000000001,5018.295,5013.295,5018.295,580,2693.95
1773732420,5018.91,5020.6050000000005,5015.6050000000005,5020.6050000000005,1099,2679.35
1773732660,5021.14,5025.18,5020.18,5025.18,1350,2530.6
1773732900,5025.3550000000005,5028.2,5023.2,5023.2,2756,2645.8
1773733440,5022.05,5025.49,5020.49,5020.49,2087,2694.8
1773733980,5019.1050000000005,5022.36,5017.36,5022.36,1402,2696.6
1773734220,5023.305,5025.415,5020.415,5025.415,2995,2700.95
1773734760,5026.135,5026.135,5021.135,5021.135,1400,2693.15
1773734940,5019.05,5024.05,5019.05,5024.05,401,2514.45
1773735000,5024.22,5024.83,5019.83,5024.83,2631,2419.75
1773735420,5025.33,5029.01,5024.01,5029.01,1977,2476.15
1773735660,5029.625,5029.625,5024.625,5024.625,615,2366.15
1773735720,5023.16,5025.265,5020.265,5020.265,2867,2411
1773736080,5019.015,5024.015,5019.015,5024.015,4123,2382.45
1773736920,5024.17,5025.345,5020.345,5020.345,806,2130.55
1773737100,5018.685,5023.685,5018.685,5023.685,868,2108.35
1773737280,5024.325,5025.945,5020.945,5025.945,3502,1951.6
1773738000,5026.055,5026.055,5021.055,5021.055,603,1794
1773738180,5020.545,5021.125,5016.125,5016.125,1234,1725.3
1773738480,5016.035,5019.045,5014.045,5014.045,2265,1778.05
1773738840,5013.265,5017.77,5012.77,5017.77,3623,1930.2
1773739320,5018.365,5019.875,5014.875,5014.875,3653,2057.9
1773739980,5014.1900000000005,5016.85,5011.85,5011.85,2796,2130.2
1773740460,5011.39,5016.0650000000005,5011.0650000000005,5011.0650000000005,4066,2195.7
1773741360,5010.64,5013.57,5008.57,5013.57,2293,2206
1773741660,5013.875,5016.615,5011.615,5011.615,907,2181.25
1773741780,5008.925,5011,5006,5006,1726,2117.8
1773741960,5003.665,5006.215,5001.215,5006.215,4628,2279.2
1773742500,5006.28,5008.985,5003.985,5008.985,4559,2487.1
1773743160,5009.4400000000005,5009.4400000000005,5004.4400000000005,5004.4400000000005,695,2390.3
1773743280,5003.915,5006.77,5001.77,5006.77,1425,2362.7
1773743400,5008.035,5009.59,5004.59,5004.59,2144,2439.15
1773743640,5004.215,5005.595,5000.595,5000.595,2110,2401.3
1773743940,4999.045,5000.6050000000005,4995.6050000000005,4995.6050000000005,1181,2254.2
1773744120,4992.07,4997.06,4992.06,4997.06,1299,2278.85
1773744240,5000.43,5001.3550000000005,4996.3550000000005,5001.3550000000005,1534,2312.15
1773744420,5001.47,5003.1900000000005,4998.1900000000005,5003.1900000000005,1906,2232.35
1773744780,5003.95,5005.005,5000.005,5000.005,1110,2257.7
1773745020,4999.735,5001.965,4996.965,4996.965,1334,2262.7
1773745200,4996.925,5001.925,4996.925,5001.925,1651,2232
1773745440,5002.3550000000005,5004.895,4999.895,5004.895,2346,2168.15
1773745860,5006.16,5007.885,5002.885,5007.885,1656,2068.3
1773746220,5008.39,5010.28,5005.28,5005.28,3763,2116.65
1773747240,5004.37,5009.37,5004.37,5009.37,2528,2039.75
1773747840,5010.08,5011.635,5006.635,5006.635,2675,2058.85
1773748380,5006.395,5007.515,5002.515,5002.515,1791,2103.05
1773748740,5002.225,5004.485,4999.485,5004.485,2579,2145.7
1773749040,5005.08,5006.59,5001.59,5006.59,1808,2004.7
1773749280,5008.27,5012.26,5007.26,5012.26,3518,1952.65
1773749700,5012.715,5013.425,5008.425,5013.425,1413,1988.55
1773749940,5013.5,5017.63,5012.63,5017.63,871,1960.85
1773750060,5018.085,5019.83,5014.83,5019.83,2226,1964.95
1773750480,5020.63,5023.935,5018.935,5018.935,4415,2080.2
1773751020,5017.650000000001,5018.5650000000005,5013.5650000000005,5013.5650000000005,3881,2215.2
1773751620,5011.67,5014.63,5009.63,5014.63,5752,2437.85
1773752460,5015.26,5017.97,5012.97,5012.97,6145,2668.4
1773753000,5012.38,5017.38,5012.38,5017.38,434,2594.8
1773753060,5017.82,5019.67,5014.67,5014.67,1990,2638.8
1773753540,5014.11,5018.78,5013.78,5013.78,631,2603.65
1773753660,5013.755,5016,5011,5011,2395,2640.85
1773754140,5010.505,5015.505,5010.505,5015.505,805,2563.8
1773754200,5016.655,5020,5015,5020,1216,2541.8
1773754320,5026.63,5027.205,5022.205,5022.205,2832,2495.25
1773754500,5018.09,5022.900000000001,5017.900000000001,5022.900000000001,3098,2523.75
1773754740,5025.75,5029.41,5024.41,5024.41,1756,2477.8
1773754860,5022.705,5027.705,5022.705,5027.705,333,2404.9
1773754860.001,5030.585,5031.59,5026.59,5026.59,3925,2472.2
1773755040,5026.335,5027.63,5022.63,5022.63,5730,2668.3
1773755400,5019.495,5021.285,5016.285,5016.285,1102,2547.5
1773755460,5016.225,5017.35,5012.35,5012.35,1357,2544.7
1773755520,5010.645,5013.745,5008.745,5008.745,1473,2574.8
1773755580,5005.59,5010.59,5005.59,5010.59,1345,2530.75
1773755640,5013.84,5017.41,5012.41,5017.41,2438,2431.9
1773755820,5017.985,5018.015,5013.015,5013.015,4364,2456.05
1773756120,5010.7,5014.5,5009.5,5014.5,8186,2577.75
1773756480,5020.675,5020.675,5015.675,5015.675,3578,2449.4
1773756660,5015.015,5020.015,5015.015,5020.015,1890,2522.2
1773756780,5020.1050000000005,5020.215,5015.215,5015.215,2174,2531.4
1773756900,5014.39,5016.3550000000005,5011.3550000000005,5016.3550000000005,4890,2744.35
1773757140,5016.86,5016.86,5011.86,5011.86,297,2639.45
1773757140.001,5011.765,5014.6,5009.6,5009.6,3894,2793.9
1773757380,5009.09,5012.395,5007.395,5007.395,2907,2878.45
1773757560,5007.14,5011.955,5006.955,5006.955,1762,2824.95
1773757740,5006.895,5009.900000000001,5004.900000000001,5004.900000000001,1200,2730.05
1773757860,5002.965,5007.965,5002.965,5007.965,794,2681.95
1773757920,5009.61,5012.68,5007.68,5012.68,2732,2801.9
1773758160,5013.35,5013.35,5008.35,5008.35,1940,2702.65
1773758280,5007.375,5012.1900000000005,5007.1900000000005,5012.1900000000005,2775,2554.9
1773758580,5014.26,5017.66,5012.66,5017.66,1373,2568.45
1773758820,5017.875,5019.72,5014.72,5014.72,1418,2571.5
1773759120,5014.14,5014.4400000000005,5009.4400000000005,5009.4400000000005,1280,2561.85
1773759240,5008.6900000000005,5011.615,5006.615,5006.615,3512,2670.2
1773759600,5006.33,5011.33,5006.33,5011.33,1096,2603.1
1773759660,5015.5,5017.650000000001,5012.650000000001,5012.650000000001,4489,2609.35
1773760080,5008.2,5012.6050000000005,5007.6050000000005,5012.6050000000005,4207,2410.4
1773760560,5014.150000000001,5014.975,5009.975,5009.975,1101,2286.55
1773760680,5008.7,5013.7,5008.7,5013.7,1114,2247.75
1773760800,5014.485,5014.485,5009.485,5009.485,866,2182.35
1773760860,5005.725,5009.6,5004.6,5004.6,3547,2115.2
1773761160,5004.1,5005.435,5000.435,5000.435,1827,2191.7
1773761280,4995.895,4999.945,4994.945,4994.945,695,2031.75
1773761340,4993.905,4998.905,4993.905,4998.905,1112,1942
1773761400,5000.075,5000.67,4995.67,4995.67,4375,2072.65
1773761640,4992.27,4995.765,4990.765,4990.765,1025,2063.9
1773761700,4990.63,4992.975,4987.975,4987.975,1838,2116.1
1773761760,4982.43,4987.43,4982.43,4987.43,1580,2058.5
1773761820,4990.39,4990.39,4985.39,4985.39,1315,2027.25
1773761880,4983.34,4984.925,4979.925,4979.925,2514,2014.2
1773762000,4978.135,4980.935,4975.935,4975.935,1503,2020.7
1773762060,4973.72,4978.72,4973.72,4978.72,1603,2029.95
1773762120,4981.72,4983.14,4978.14,4983.14,2648,2098.35
1773762240,4985.535,4989.005,4984.005,4989.005,2479,2046.7
1773762360,4992.33,4995.015,4990.015,4995.015,4110,2197.4
1773762720,4996,4999.255,4994.255,4999.255,7400,2342.95
1773763200,4999.28,4999.475,4994.475,4994.475,1774,2221.3
1773763320,4993.145,4997.28,4992.28,4997.28,2819,2307.2
1773763500,4998.165,4998.165,4993.165,4993.165,1460,2324.5
1773763620,4991.705,4996.705,4991.705,4996.705,4208,2491.6
1773763860,4998.995,4998.995,4993.995,4993.995,2749,2451.7
1773764100,4993.365,4998.150000000001,4993.150000000001,4998.150000000001,1830,2451.85
1773764220,4998.345,5003.195,4998.195,5003.195,5272,2680.7
1773764700,5004.225,5006.03,5001.03,5001.03,7937,3021.95
1773765480,5000.5,5003.31,4998.31,4998.31,8640,3235.2
1773766380,4997.6050000000005,5002.6050000000005,4997.6050000000005,5002.6050000000005,2266,3297.25
1773766560,5003.41,5006.47,5001.47,5006.47,5217,3466.2
1773766980,5006.545,5007.075,5002.075,5007.075,12560,4015.2
1773768180,5007.34,5008.8,5003.8,5003.8,5213,4210.1
1773768540,5001.2300000000005,5006.2300000000005,5001.2300000000005,5006.2300000000005,4406,4304.7
1773769020,5006.58,5006.58,5001.58,5001.58,1474,4303.25
1773769200,5000.68,5002.29,4997.29,4997.29,2389,4342.55
1773769500,4996.84,5001.695,4996.695,5001.695,3392,4379.75
1773769920,5002.41,5005.92,5000.92,5005.92,6089,4560.25
1773770640,5006.33,5009.21,5004.21,5004.21,11503,4929.9
1773772140,5004.075,5004.935,4999.935,5004.935,6550,4887.4
1773773160,5006.175,5008.45,5003.45,5003.45,7213,5159.35
1773774000,5001.095,5005.75,5000.75,5000.75,4656,5251.2
1773774840,5000.515,5002.72,4997.72,4997.72,9371,5646.75
1773776040,4996.445,5001.445,4996.445,5001.445,859,5479.3
1773776100,5001.6050000000005,5003.865,4998.865,4998.865,15823,6133
1773777480,4998.84,5003.16,4998.16,5003.16,2141,6148.55
1773777840,5004.14,5006.645,5001.645,5001.645,5320,6150.95
1773780900,5001.615,5005.905,5000.905,5000.905,879,5798.05
1773785259,4999.89,5002.585,4997.585,5002.585,720,5402.05
1773785544,5003.74,5005.27,5000.27,5000.27,2107,5394.1
1773786659,4999.650000000001,5000.33,4995.33,4995.33,1894,5227.95
1773787539,4995.055,4998.39,4993.39,4998.39,689,4634.4
1773787655,4998.49,5002.64,4997.64,5002.64,610,4404.25
1773787833,5003.52,5003.615,4998.615,4998.615,572,4212.55
1773788063,4998.505,5003.28,4998.28,5003.28,4068,4342.25
1773790360,5003.51,5006.31,5001.31,5006.31,3599,4402.75
1773792274,5006.8150000000005,5011.1,5006.1,5011.1,735,4269.9
1773792392,5011.28,5012.24,5007.24,5007.24,3315,4131.2
1773793170,5007.155,5008.1050000000005,5003.1050000000005,5003.1050000000005,1792,3645.65
1773793756,5002.705,5005.3150000000005,5000.3150000000005,5005.3150000000005,3536,3494.95
1773794710,5005.38,5006.28,5001.28,5006.28,1569,3212.75
1773794981,5006.335,5008.365,5003.365,5003.365,2078,3083.85
1773795379,5003.325,5005.895,5000.895,5000.895,1735,2702.05
1773795656,5000.33,5003.225,4998.225,5003.225,1574,2737.8
1773795761,5003.515,5008.13,5003.13,5008.13,1211,2007.2
1773795850,5008.345,5011.615,5006.615,5011.615,2530,2026.65
1773796076,5012.185,5015.92,5010.92,5015.92,6846,2102.95
1773796831,5016.29,5016.29,5011.29,5011.29,2060,2162
1773797161,5009.8,5011.27,5006.27,5006.27,4811,2366.55
1773797698,5005.9400000000005,5006.465,5001.465,5001.465,7973,2659.85
1773798304,5001.35,5001.435,4996.435,4996.435,4492,2789.75
1773798614,4995.805,4999.085,4994.085,4994.085,2336,2872.1
1773798732,4994.03,4996.455,4991.455,4996.455,1448,2914
1773798827,4997.43,5000.55,4995.55,5000.55,3907,3080.75
1773799222,5000.61,5002.5650000000005,4997.5650000000005,4997.5650000000005,2780,3016.35
1773799500,4997.3150000000005,5001.59,4996.59,5001.59,7063,3189.55
1773800257,5001.6,5006.525000000001,5001.525000000001,5006.525000000001,1813,3243.45
1773800527,5007.01,5007.1050000000005,5002.1050000000005,5002.1050000000005,1625,3158.95
1773800699,5002.01,5004.35,4999.35,4999.35,12336,3686.15
1773802423,4999.03,4999.34,4994.34,4994.34,1487,3583.7
1773802579,4993.86,4994.305,4989.305,4989.305,6102,3810.35
1773803061,4988.1900000000005,4991.305,4986.305,4991.305,1544,3783.65
1773803146,4991.54,4995.3150000000005,4990.3150000000005,4995.3150000000005,4250,3909.4
1773803645,4995.51,4997.6,4992.6,4992.6,12921,4476.75
1773806095,4992.595,4993.66,4988.66,4988.66,7906,4811.5
1773808354,4988.63,4989.485,4984.485,4984.485,1512,4760.6
1773808582,4984.41,4986.83,4981.83,4986.83,5899,4713.25
1773809984,4986.93,4989.8,4984.8,4989.8,2245,4722.5
1773810462,4989.84,4992.25,4987.25,4987.25,2444,4604.15
1773811113,4987.055,4990.58,4985.58,4990.58,1281,4269.55
1773811270,4990.82,4993.150000000001,4988.150000000001,4988.150000000001,5445,4317.2
1773811986,4987.71,4992.71,4987.71,4992.71,730,4236.9
1773812047,4992.79,4996.555,4991.555,4996.555,2189,4273.95
1773812231,4996.82,5001.24,4996.24,5001.24,1169,4137.05
1773812310,5001.4800000000005,5001.4800000000005,4996.4800000000005,4996.4800000000005,1242,4060.15
1773812434,4996.455,5000.7300000000005,4995.7300000000005,5000.7300000000005,1856,3799.8
1773812645,5000.785,5002.845,4997.845,4997.845,3163,3867.3
1773813008,4997.765,5001.34,4996.34,4996.34,2850,3928.55
1773813454,4996.335,4999.99,4994.99,4999.99,1310,3377.25
1773813652,5000.16,5001.1900000000005,4996.1900000000005,5001.1900000000005,3607,3483.25
1773814120,5001.82,5004.895,4999.895,5004.895,2146,3285.45
1773814360,5005.015,5009.91,5004.91,5009.91,3307,3373.6
1773814658,5009.935,5011.685,5006.685,5011.685,6502,3486.2
1773815523,5011.86,5014.650000000001,5009.650000000001,5014.650000000001,2165,2948.4
1773815775,5014.835,5016.53,5011.53,5011.53,2461,2676.15
1773816071,5011.505,5014.965,5009.965,5009.965,4372,2819.15
1773816707,5009.485,5013.56,5008.56,5013.56,4106,2729.5
1773817549,5013.57,5015.14,5010.14,5010.14,2471,2740.8
1773818071,5010.135,5010.195,5005.195,5005.195,5234,2880.3
1773819419,5005,5007.46,5002.46,5002.46,1695,2901
1773819868,5002.085,5002.59,4997.59,4997.59,1790,2718.25
1773820100,4997.34,4997.845,4992.845,4992.845,1639,2763.7
1773820261,4992.8,4995.515,4990.515,4995.515,3933,2850.9
1773820742,4995.59,4997.115,4992.115,4992.115,3117,2948.3
1773821215,4991.405,4992.675,4987.675,4992.675,1565,2964.45
1773821407,4992.71,4995.935,4990.935,4990.935,3504,3046.85
1773821893,4990.93,4992.07,4987.07,4987.07,1840,2980.7
1773822114,4986.62,4988.49,4983.49,4988.49,3129,2994.65
1773822427,4988.495,4991.865,4986.865,4991.865,3088,3083.55
1773822897,4991.955,4992.255,4987.255,4987.255,1422,2974.3
1773823192,4987.25,4989.825,4984.825,4984.825,1108,2922.4
1773823337,4984.775000000001,4987.745,4982.745,4982.745,1315,2822.8
1773823531,4982.43,4982.9800000000005,4977.9800000000005,4977.9800000000005,225,2508.95
1773823538,4977.455,4982.455,4977.455,4982.455,313,2416.35
1773823551,4982.76,4987.37,4982.37,4987.37,1367,2361.65
1773823648,4987.455,4991.045,4986.045,4986.045,8472,2566.65
1773825388,4985.735,4989.87,4984.87,4989.87,1115,2417.1
1773825614,4989.96,4994.96,4989.96,4994.96,4008,2493.95
1773826544,4995.165,4995.85,4990.85,4990.85,5069,2485.7
1773828120,4990.51,4991.71,4986.71,4986.71,4516,2626.75
1773829014,4986.655,4991.135,4986.135,4986.135,2813,2677.9
1773829590,4985.905,4986.735,4981.735,4981.735,764,2634.15
1773829781,4981,4985.985,4980.985,4985.985,846,2479.8
1773829833,4986.12,4987.685,4982.685,4982.685,587,2353.3
1773829877,4982.3550000000005,4984.235,4979.235,4979.235,1901,2370.1
1773830109,4979.08,4979.935,4974.935,4974.935,254,2207.6
1773830133,4974.45,4974.935,4969.935,4969.935,235,2127.35
1773830137,4964.665,4964.86,4959.86,4959.86,80,1974.9
1773830138,4959.71,4964.71,4959.71,4964.71,144,1827.7
1773830140,4967.5650000000005,4968.575,4963.575,4968.575,1368,1825
1773830178,4968.95,4972.82,4967.82,4972.82,1830,1861.1
1773830287,4973.81,4976.87,4971.87,4976.87,727,1831.7
1773830346,4977.03,4979.265,4974.265,4979.265,726,1856.75
1773830430,4979.775000000001,4980.02,4975.02,4975.02,1068,1894.5
1773830615,4974.58,4978.32,4973.32,4978.32,1297,1891
1773830683,4978.6050000000005,4980.305,4975.305,4975.305,2208,1577.8
1773831008,4975.22,4976.455,4971.455,4971.455,2678,1655.95
1773831371,4971.295,4971.295,4966.295,4966.295,795,1495.3
1773831451,4965.0650000000005,4965.95,4960.95,4960.95,208,1252.25
1773831462,4960.495,4963.83,4958.83,4963.83,399,1046.4
1773831483,4963.86,4968.16,4963.16,4968.16,1046,958.05
1773831592,4968.655,4969.93,4964.93,4964.93,785,959.1
1773831677,4964.495,4968.515,4963.515,4963.515,862,959.9
1773831820,4963.335,4963.7,4958.7,4958.7,943,977.7
1773831872,4958.215,4959.895,4954.895,4954.895,1206,942.95
1773831933,4954.835,4957.745,4952.745,4957.745,1626,1011.55
1773832063,4958.035,4958.035,4953.035,4953.035,296,1014.6
1773832093,4952.22,4955.4800000000005,4950.4800000000005,4955.4800000000005,1283,1074.75
1773832184,4955.6,4960.4800000000005,4955.4800000000005,4960.4800000000005,1142,1124.65
1773832258,4960.675,4961.955,4956.955,4961.955,952,1103.85
1773832414,4962.03,4966.3150000000005,4961.3150000000005,4966.3150000000005,842,1054.45
1773832474,4966.775000000001,4971.77,4966.77,4971.77,955,1065.85
1773832559,4971.995,4973.95,4968.95,4973.95,2820,1170.55
1773832886,4974.135,4974.135,4969.135,4969.135,619,1148.1
1773833014,4968.5650000000005,4968.68,4963.68,4963.68,1455,1156
1773833145,4963.665,4964.7300000000005,4959.7300000000005,4959.7300000000005,702,1080.7
1773833194,4959.695,4960.595,4955.595,4955.595,612,977.4
1773833218,4954.54,4954.985,4949.985,4949.985,964,985.85
1773833250,4948.945,4951.475,4946.475,4951.475,1367,1043.8
1773833318,4951.625,4951.625,4946.625,4946.625,1515,1099.6
1773833403,4946.595,4951.385,4946.385,4951.385,525,1073.55
1773833421,4952.025000000001,4956.52,4951.52,4956.52,940,1081.3
1773833472,4957.185,4960.79,4955.79,4960.79,1750,1125.7
1773833573,4960.85,4962.2300000000005,4957.2300000000005,4957.2300000000005,1360,1146.55
1773833676,4957.01,4957.185,4952.185,4952.185,757,1124.1
1773833729,4952.005,4953.735,4948.735,4948.735,833,1084.45
1773833804,4948.55,4951.51,4946.51,4951.51,2008,1170.05
1773833915,4951.56,4952.6900000000005,4947.6900000000005,4947.6900000000005,888,1150.3
1773833974,4947.345,4949.265,4944.265,4944.265,640,1125.2
1773834013,4941.395,4946.145,4941.145,4941.145,2025,1178.85
1773834108,4941.13,4943.54,4938.54,4938.54,2328,1253.15
1773834243,4938.04,4941.28,4936.28,4936.28,333,1222.05
1773834257,4936.185,4939.7,4934.7,4939.7,651,1113.6
1773834284,4940.055,4940.31,4935.31,4940.31,1166,1140.95
1773834355,4940.46,4945.265,4940.265,4945.265,280,1082.2
1773834370,4945.5,4945.5,4940.5,4940.5,410,1067.6
1773834392,4940.150000000001,4940.150000000001,4935.150000000001,4935.150000000001,462,1060.1
1773834423,4933.17,4937.67,4932.67,4932.67,1594,1091.6
1773834512,4932.46,4935,4930,4935,342,1040.35
1773834535,4935.27,4938.82,4933.82,4938.82,219,975.55
1773834553,4939.74,4939.755,4934.755,4934.755,1032,1000.9
1773834617,4934.305,4936.695,4931.695,4936.695,1173,1012.55
1773834668,4937.285,4940.28,4935.28,4935.28,2597,1054.9
1773834804,4934.725,4936,4931,4931,2363,1105.05
1773834910,4930.61,4934.5,4929.5,4929.5,1316,1133
1773834967,4929.31,4934.31,4929.31,4934.31,1241,1153.4
1773835010,4934.505,4934.96,4929.96,4929.96,2236,1164.8
1773835110,4929.915,4931.465,4926.465,4926.465,293,1135.05
1773835129,4925.82,4929.88,4924.88,4929.88,997,1152.9
1773835184,4930.235,4931.1900000000005,4926.1900000000005,4926.1900000000005,1439,1123.6
1773835263,4926.11,4926.95,4921.95,4921.95,2088,1111.6
1773835349,4921.71,4926.37,4921.37,4926.37,477,1118.8
1773835379,4927.3,4927.32,4922.32,4922.32,928,1132.65
1773835420,4922.245,4926.825,4921.825,4926.825,1207,1134.7
1773835480,4927.57,4931.96,4926.96,4931.96,603,1150.85
1773835510,4932.09,4932.645,4927.645,4927.645,894,1175.05
1773835560,4927.245,4928.11,4923.11,4923.11,813,1192.6
1773835617,4923.01,4923.78,4918.78,4918.78,622,1144
1773835647,4917.74,4919.83,4914.83,4919.83,906,1172.2
1773835683,4919.92,4921.650000000001,4916.650000000001,4916.650000000001,1122,1217.35
1773835739,4916.385,4916.665,4911.665,4911.665,2179,1274.7
1773835845,4909.465,4914.465,4909.465,4914.465,488,1240.45
1773835864,4914.95,4918.34,4913.34,4918.34,407,1130.95
1773835877,4919.09,4919.425,4914.425,4914.425,482,1036.9
1773835894,4913.83,4917.24,4912.24,4917.24,640,1003.1
1773835919,4917.585,4918.25,4913.25,4913.25,675,974.8
1773835963,4912.95,4913.265,4908.265,4908.265,1129,919.45
1773836005,4908.07,4910.36,4905.36,4910.36,2780,1043.8
1773836109,4910.365,4912.365,4907.365,4907.365,845,1036.2
1773836158,4907.21,4907.335,4902.335,4902.335,383,983.4
1773836172,4902.225,4906.925,4901.925,4901.925,1369,947.45
1773836217,4901.82,4904.75,4899.75,4899.75,1789,1013.05
1773836311,4898.7,4903.545,4898.545,4903.545,1450,1039.15
1773836366,4904.2300000000005,4907.345,4902.345,4902.345,1340,1045.8
1773836417,4902.295,4906.455,4901.455,4906.455,1034,1067.35
1773836449,4906.64,4907.14,4902.14,4907.14,620,1053.65
1773836470,4907.2300000000005,4908.28,4903.28,4903.28,1008,1063.4
1773836504,4903.275000000001,4903.465,4898.465,4898.465,458,1055.2
1773836521,4898.285,4902.155,4897.155,4902.155,431,1031.45
1773836535,4902.24,4904.925,4899.925,4904.925,1670,1058.85
1773836613,4905.185,4908.51,4903.51,4903.51,1536,1026.7
1773836669,4902.4400000000005,4903.525000000001,4898.525000000001,4903.525000000001,1165,1060.55
1773836729,4903.985,4903.985,4898.985,4898.985,634,1071.9
1773836769,4898.13,4900.175,4895.175,4900.175,1563,1125.95
1773836835,4900.325,4904.895,4899.895,4899.895,1242,1156.05
1773836891,4899.88,4902.66,4897.66,4897.66,1739,1209.25
1773837003,4895.900000000001,4900.1050000000005,4895.1050000000005,4895.1050000000005,625,1184.05
1773837023,4894.205,4896.075,4891.075,4896.075,1517,1120.9
1773837065,4897.045,4898.13,4893.13,4893.13,1124,1134.85
1773837110,4893.0650000000005,4897.21,4892.21,4892.21,1051,1168.25
1773837147,4891.67,4891.84,4886.84,4886.84,139,1106.75
1773837151,4886.115,4890.68,4885.68,4890.68,1304,1082.5
1773837194,4890.77,4890.77,4885.77,4885.77,1393,1079.65
1773837246,4885.24,4889.995,4884.995,4889.995,659,1045.6
1773837281,4890.515,4890.54,4885.54,4885.54,1089,1048.35
1773837329,4885.495,4889.275000000001,4884.275000000001,4884.275000000001,2403,1137.5
1773837447,4883.765,4887.215,4882.215,4882.215,706,1122.4
1773837477,4881.96,4883.37,4878.37,4883.37,1728,1185.9
1773837539,4884.005,4886.72,4881.72,4886.72,798,1204.25
1773837562,4887.59,4889.485,4884.485,4884.485,1088,1175.15
1773837597,4884.255,4888.62,4883.62,4888.62,898,1143.25
1773837629,4888.875,4889.97,4884.97,4884.97,1872,1178.6
1773837741,4883.99,4886.71,4881.71,4881.71,922,1193
1773837768,4881.655,4881.945,4876.945,4876.945,1568,1193.25
1773837816,4875.415,4878.975,4873.975,4878.975,3722,1317.25
1773837935,4878.995,4879.78,4874.78,4874.78,2170,1338.8
1773838019,4874.375,4878.63,4873.63,4878.63,453,1330.2
1773838045,4878.76,4878.76,4873.76,4873.76,1332,1320.95
1773838107,4873.58,4877.34,4872.34,4872.34,2206,1375.05
1773838216,4872.26,4875.87,4870.87,4875.87,1406,1392.8
1773838281,4876.34,4881.06,4876.06,4881.06,255,1398.6
1773838290,4881.0650000000005,4883.665,4878.665,4883.665,1023,1384.55
1773838325,4884.505,4889.18,4884.18,4889.18,1423,1386.05
1773838394,4889.245,4891.705,4886.705,4886.705,1263,1416.25
1773838450,4886.375,4888.625,4883.625,4883.625,1729,1448.25
1773838518,4881.14,4886.12,4881.12,4886.12,544,1355.3
1773838538,4886.655,4887.18,4882.18,4882.18,2117,1425.85
1773838656,4882.03,4882.68,4877.68,4877.68,3067,1492.8
1773838804,4876.675,4877.075,4872.075,4872.075,349,1470.35
1773838810,4871.01,4872.38,4867.38,4867.38,559,1443.9
1773838820,4867.37,4868.415,4863.415,4863.415,613,1429.65
1773838831,4863.255,4866.025000000001,4861.025000000001,4861.025000000001,1270,1399.55
1773838855,4858.27,4862.725,4857.725,4857.725,735,1390.2
1773838870,4857.7,4861.255,4856.255,4856.255,164,1320
1773838873,4855.895,4858.36,4853.36,4853.36,1581,1212.95
1773838910,4853.325,4858.325,4853.325,4858.325,315,1120.2
1773838919,4858.6900000000005,4860.995,4855.995,4860.995,1109,1153
1773838949,4861.35,4863.9800000000005,4858.9800000000005,4858.9800000000005,2200,1196.4
1773838999,4858.86,4860.91,4855.91,4860.91,811,1126.65
1773839023,4861.26,4864.685,4859.685,4864.685,1570,1134.85
1773839066,4864.72,4865.495,4860.495,4860.495,1324,1188.3
1773839103,4859.905,4864.285,4859.285,4864.285,377,1156
1773839114,4864.405,4865.87,4860.87,4860.87,2099,1189.8
1773839169,4860.825,4861.32,4856.32,4856.32,447,1149
1773839184,4855.88,4860.88,4855.88,4860.88,530,1089.05
1773839196,4860.9400000000005,4863.645,4858.645,4863.645,1393,1131.5
1773839238,4864.295,4866.295,4861.295,4866.295,2466,1148.95
1773839334,4866.585,4867.68,4862.68,4862.68,2046,1097.9
1773839398,4861.825,4864.555,4859.555,4859.555,1328,1146.85
1773839461,4858.095,4860.39,4855.39,4855.39,600,1148.9
1773839476,4854.57,4856.16,4851.16,4851.16,896,1163.05
1773839508,4849.645,4854.645,4849.645,4854.645,556,1127.35
1773839521,4855.22,4858.49,4853.49,4858.49,930,1137.1
1773839546,4858.8,4862.35,4857.35,4862.35,1829,1220.35
1773839602,4863.5650000000005,4865.6900000000005,4860.6900000000005,4860.6900000000005,2610,1271.8
1773839687,4860.615,4861.345,4856.345,4856.345,697,1290.9
1773839709,4854.925,4854.99,4849.99,4849.99,346,1252.75
1773839717,4849.88,4851.84,4846.84,4846.84,968,1191.15
1773839742,4846.04,4849.25,4844.25,4844.25,283,1164.75
1773839751,4843.74,4848.14,4843.14,4843.14,1559,1164.2
1773839794,4842.18,4845.155,4840.155,4845.155,1005,1148.25
1773839820,4845.685,4846.845,4841.845,4841.845,1476,1203.2
1773839876,4841.8,4841.905,4836.905,4836.905,632,1129.85
1773839893,4836.6,4839.38,4834.38,4839.38,423,1128.65
1773839902,4840.09,4843.195,4838.195,4843.195,848,1144.55
1773839919,4843.465,4846.455,4841.455,4846.455,1014,1125.6
1773839946,4846.915,4849.905,4844.905,4849.905,778,1041.2
1773839962,4849.99,4853.825,4848.825,4853.825,1816,1029.7
1773840043,4853.925,4857.845,4852.845,4857.845,1290,1027.8
1773840102,4857.865,4862.57,4857.57,4862.57,1309,1063.25
1773840147,4862.86,4863.285,4858.285,4858.285,2173,1127.1
1773840272,4857.97,4860.085,4855.085,4860.085,1024,1150.5
1773840309,4860.395,4863.88,4858.88,4863.88,1128,1160.4
1773840355,4864.915,4866.035,4861.035,4861.035,1627,1150.3
1773840419,4860.71,4862.63,4857.63,4862.63,2231,1131.35
1773840502,4862.77,4862.965,4857.965,4857.965,759,1134.45
1773840527,4857.885,4862.595,4857.595,4862.595,1122,1173.25
1773840577,4862.825,4863.135,4858.135,4858.135,414,1145.55
1773840600,4856.79,4860.915,4855.915,4855.915,1826,1222.7
1773840637,4854.74,4858.045,4853.045,4858.045,2676,1278.55
1773840698,4858.475,4860.635,4855.635,4855.635,1340,1295.3
1773840730,4854.95,4856.95,4851.95,4856.95,547,1248.85
1773840744,4857.005,4861.465,4856.465,4861.465,360,1235.25
1773840756,4861.54,4863.28,4858.28,4858.28,528,1240.5
1773840769,4857.755,4860.93,4855.93,4855.93,580,1227.1
1773840784,4855.645,4857.55,4852.55,4852.55,1703,1261.55
1773840830,4852.245,4855.59,4850.59,4855.59,1529,1299.1
1773840866,4855.765,4860.2300000000005,4855.2300000000005,4860.2300000000005,643,1240.45
1773840892,4860.47,4861.245,4856.245,4861.245,1326,1242.25
1773840928,4861.25,4863.31,4858.31,4863.31,1257,1239.65
1773840961,4863.775000000001,4863.9800000000005,4858.9800000000005,4858.9800000000005,603,1161.15
1773840973,4858.885,4859.135,4854.135,4854.135,673,1143.6
1773840990,4853.91,4858.91,4853.91,4858.91,896,1132
1773841010,4859.25,4863.02,4858.02,4863.02,1542,1127.75
1773841051,4863.55,4863.925,4858.925,4858.925,1308,1081.6
1773841091,4858.79,4863.695,4858.695,4863.695,2586,1172.95
1773841163,4863.755,4868.145,4863.145,4868.145,834,1158.55
1773841185,4869.035,4870.925,4865.925,4870.925,2782,1276.95
1773841255,4870.97,4875.91,4870.91,4875.91,380,1204.65
1773841267,4876.225,4881.13,4876.13,4881.13,2483,1195
1773841326,4881.385,4885.68,4880.68,4885.68,524,1154.2
1773841343,4885.6900000000005,4885.6900000000005,4880.6900000000005,4880.6900000000005,525,1153.1
1773841358,4879.725,4882.59,4877.59,4877.59,1425,1206.35
1773841412,4877.525000000001,4878.125,4873.125,4873.125,673,1213.6
1773841431,4872.555,4874.97,4869.97,4869.97,1012,1235.2
1773841462,4869.945,4874.12,4869.12,4874.12,1043,1202.2
1773841503,4874.775000000001,4876.345,4871.345,4871.345,837,1167.6
1773841530,4871.27,4872.265,4867.265,4872.265,2302,1250.55
1773841592,4872.425,4875.12,4870.12,4875.12,1869,1277.7
1773841634,4875.275000000001,4878.545,4873.545,4878.545,1294,1279.55
1773841663,4878.685,4879.495,4874.495,4874.495,1496,1324.2
1773841708,4874.295,4874.8,4869.8,4869.8,1449,1363
1773841745,4869.725,4872.62,4867.62,4872.62,1350,1385.7
1773841795,4872.685,4872.685,4867.685,4867.685,562,1336.7
1773841810,4867.57,4871.49,4866.49,4871.49,1298,1336.2
1773841837,4871.685,4871.785,4866.785,4866.785,739,1243.85
1773841856,4866.575,4868.185,4863.185,4863.185,1706,1287.45
1773841902,4863,4865.8550000000005,4860.8550000000005,4860.8550000000005,2217,1259.2
1773841952,4860.56,4865.51,4860.51,4865.51,762,1278.3
1773841966,4865.78,4869.415,4864.415,4869.415,2095,1258.9
1773842022,4869.78,4872.06,4867.06,4867.06,2097,1337.55
1773842081,4867.035,4871.335,4866.335,4871.335,431,1332.85
1773842097,4872.07,4876.38,4871.38,4871.38,2610,1392.1
1773842169,4871.3150000000005,4872.395,4867.395,4872.395,3136,1515.25
1773842276,4873.62,4877.77,4872.77,4877.77,1226,1525.95
1773842324,4877.825,4879.585,4874.585,4879.585,544,1501
1773842361,4880.175,4880.79,4875.79,4875.79,2028,1560.55
1773842477,4875.715,4877.36,4872.36,4872.36,610,1475.95
1773842505,4872.34,4877.34,4872.34,4877.34,1651,1465.05
1773842549,4877.53,4881.25,4876.25,4881.25,2468,1523.75
1773842616,4881.595,4886.42,4881.42,4886.42,916,1494.75
1773842643,4886.51,4887.43,4882.43,4887.43,2383,1541.45
1773842717,4887.835,4891.7,4886.7,4891.7,899,1518.9
1773842756,4891.88,4893.91,4888.91,4888.91,2054,1593.5
1773842848,4888.2300000000005,4892.52,4887.52,4892.52,2035,1630.35
1773842936,4894.5,4894.67,4889.67,4889.67,2528,1719.8
1773843019,4889.495,4889.695,4884.695,4884.695,1334,1701.2
1773843056,4884.66,4886.555,4881.555,4881.555,1921,1686.4
1773843117,4881.1050000000005,4886.1050000000005,4881.1050000000005,4886.1050000000005,302,1663.4
1773843128,4887.18,4887.84,4882.84,4882.84,2605,1688.9
1773843236,4882.825,4884.4400000000005,4879.4400000000005,4879.4400000000005,3531,1760.6
1773843366,4879.32,4880.985,4875.985,4875.985,1386,1808.35
1773843421,4875.555,4877.01,4872.01,4872.01,4566,1906.15
1773843616,4871.905,4872.8550000000005,4867.8550000000005,4867.8550000000005,869,1792.8
1773843660,4867.5,4870.365,4865.365,4870.365,1674,1815.2
1773843751,4871.17,4871.17,4866.17,4866.17,2035,1889.75
1773843846,4866.135,4868.825,4863.825,4863.825,1345,1855.6
1773843937,4863.595,4865.285,4860.285,4860.285,867,1868.45
1773843969,4859.26,4864.26,4859.26,4864.26,2010,1886.4
1773844025,4864.3150000000005,4865.6,4860.6,4860.6,4698,1997.9
1773844201,4860.39,4864.245,4859.245,4859.245,1549,2029.55
1773844254,4859.215,4862.82,4857.82,4857.82,975,1959.15
1773844319,4857.595,4861.8,4856.8,4861.8,1512,1989.8
1773844390,4862.725,4865.29,4860.29,4860.29,2956,2034.9
1773844543,4859.72,4861.795,4856.795,4861.795,2370,2051.65
1773844700,4861.91,4865.27,4860.27,4860.27,1887,2019.6
1773844799,4859.965,4862.585,4857.585,4862.585,970,2001.4
1773844857,4862.59,4864.045,4859.045,4859.045,2598,2035.25
1773844999,4859.02,4863.900000000001,4858.900000000001,4863.900000000001,1681,2104.2
1773845105,4865.235,4869.08,4864.08,4869.08,2517,2099.8
1773845242,4869.11,4871.205,4866.205,4866.205,2294,2037.95
1773845359,4865.805,4867.5,4862.5,4867.5,2123,2074.8
1773845466,4867.535,4869.895,4864.895,4864.895,2319,1962.45
1773845579,4864.66,4866.005,4861.005,4866.005,2407,2039.35
1773845752,4866.1,4870.875,4865.875,4870.875,1212,2016.25
1773845838,4871.665,4872.715,4867.715,4867.715,1827,2005.85
1773846031,4867.145,4871.185,4866.185,4871.185,188,1948
1773846036,4871.235,4875.650000000001,4870.650000000001,4870.650000000001,1937,2001.5
1773846100,4870.12,4870.89,4865.89,4870.89,3575,2079.75
1773846320,4870.99,4874.650000000001,4869.650000000001,4874.650000000001,1296,1909.65
1773846413,4874.835,4878.34,4873.34,4873.34,1810,1922.7
1773846640,4873.115,4875.08,4870.08,4875.08,2006,1974.25
1773846847,4875.2300000000005,4878.93,4873.93,4878.93,2184,2007.85
1773847071,4879.225,4880.27,4875.27,4875.27,571,1888.6
1773847137,4875.025000000001,4877.185,4872.185,4872.185,780,1809.1
1773847251,4871.015,4872.255,4867.255,4872.255,3502,1889.85
1773847471,4873.185,4874.745,4869.745,4869.745,1676,1925.15
1773847586,4869.5,4873.72,4868.72,4873.72,840,1837.25
1773847735,4873.775000000001,4875.62,4870.62,4870.62,5286,2017.5
1773848511,4870.56,4870.995,4865.995,4865.995,2134,1998.35
1773848674,4865.9800000000005,4866.585,4861.585,4861.585,1208,1944.05
1773848815,4861.415,4866.29,4861.29,4866.29,3553,2015.55
1773849198,4866.295,4866.465,4861.465,4861.465,4139,2106.55
1773849630,4861.22,4866.085,4861.085,4866.085,1334,2052.9
1773849783,4866.265,4869.900000000001,4864.900000000001,4864.900000000001,625,2023.55
1773849890,4864.755,4869.755,4864.755,4869.755,1485,2006.45
1773850033,4870.25,4873.12,4868.12,4873.12,2304,2112.25
1773850286,4873.46,4877.6050000000005,4872.6050000000005,4877.6050000000005,1371,2083.95
1773850423,4877.88,4879.46,4874.46,4874.46,2862,2048.3
1773850716,4874.3550000000005,4879.0650000000005,4874.0650000000005,4879.0650000000005,2099,2088.45
1773850990,4879.225,4881.585,4876.585,4881.585,2186,2107.25
1773851230,4881.655,4883.215,4878.215,4878.215,4490,2231.45
1773851587,4877.775000000001,4880.785,4875.785,4880.785,1050,2174.75
1773851641,4880.88,4881.145,4876.145,4876.145,1501,2221.25
1773851713,4875.765,4878.49,4873.49,4878.49,2644,2314.45
1773851874,4878.56,4881.595,4876.595,4881.595,4357,2357.2
1773852194,4881.775000000001,4884.8550000000005,4879.8550000000005,4884.8550000000005,1449,2345.85
1773852343,4885.175,4885.175,4880.175,4880.175,3905,2499.1
1773852638,4880.150000000001,4885.015,4880.015,4885.015,2036,2336.6
1773852785,4885.025000000001,4889.71,4884.71,4889.71,2350,2347.4
1773852986,4889.825,4890.485,4885.485,4885.485,3553,2464.65
1773853301,4884.795,4889.685,4884.685,4889.685,1409,2357.45
1773853380,4889.7300000000005,4890.17,4885.17,4885.17,6756,2488.3
1773853870,4885,4888.97,4883.97,4888.97,6407,2741.95
1773854352,4889.075,4892.8550000000005,4887.8550000000005,4892.8550000000005,3611,2891.25
1773854615,4892.965,4897.215,4892.215,4897.215,1608,2897.4
1773854677,4897.255,4898.145,4893.145,4893.145,3658,2965.1
1773854882,4893.11,4893.42,4888.42,4888.42,3972,3095.15
1773855116,4888.395,4892.41,4887.41,4892.41,1418,3022.95
1773855229,4892.515,4897.47,4892.47,4897.47,1330,2984.5
1773855319,4898.32,4899.165,4894.165,4894.165,3942,3072.3
1773855739,4894.135,4895.245,4890.245,4895.245,1336,2914.6
1773855860,4895.305,4896.04,4891.04,4891.04,3274,3025.8
1773856119,4890.965,4893.905,4888.905,4888.905,5481,3224.8
1773856809,4887.985,4892.985,4887.985,4892.985,214,3103.3
1773856818,4893.935,4898.45,4893.45,4898.45,454,2908.15
1773856842,4899.085,4899.46,4894.46,4894.46,586,2865
1773856872,4894.435,4895.485,4890.485,4890.485,1488,2744.15
1773856934,4890.13,4893.34,4888.34,4893.34,882,2686.45
1773856986,4893.42,4893.86,4888.86,4888.86,717,2604.8
1773857009,4888.665,4888.965,4883.965,4883.965,405,2447.4
1773857021,4883.77,4888.5,4883.5,4888.5,925,2423.2
1773857065,4888.575,4889.89,4884.89,4884.89,912,2131
1773857113,4884.87,4886.39,4881.39,4881.39,645,1842.9
1773857144,4880.96,4885.96,4880.96,4885.96,5295,1927.1
1773857426,4886.18,4886.35,4881.35,4886.35,2827,1988.05
1773857554,4886.365,4890,4885,4885,3743,1992.3
1773857727,4884.515,4885.4400000000005,4880.4400000000005,4880.4400000000005,265,1806.95
1773857732,4880.1900000000005,4884.02,4879.02,4884.02,2514,1861.75
1773857813,4884.095,4888.895,4883.895,4888.895,320,1811.25
1773857831,4888.9800000000005,4889.71,4884.71,4884.71,977,1663