time,open,high,low,close,Volume,Volume MA,VWAP
1773007440,5164.475,5165.295,5163.295,5163.295,1513,,5163.961666666667
1773007500,5138.400000000001,5140.400000000001,5138.400000000001,5140.400000000001,496,,5157.979957690393
1773007500.001,5156.895,5158.83,5156.83,5158.83,744,,5158.029515074464
1773007560,5160.17,5160.17,5158.17,5158.17,372,,5158.1255984
1773007560.001,5146.165,5148.165,5146.165,5148.165,372,,5156.995102945381
1773007560.002,5149.645,5150.095,5148.095,5148.095,1080,,5155.052321389557
1773007620,5118.53,5120.53,5118.53,5120.53,359,,5152.492992639114
1773007620.001,5144.8,5144.900000000001,5142.900000000001,5142.900000000001,1260,,5150.677761727997
1773007680,5121.435,5123.435,5121.435,5123.435,419,,5148.909953640716
1773007680.001,5136.6,5138.6,5136.6,5138.6,366,,5148.334471183689
1773007740,5139.3150000000005,5139.3150000000005,5137.3150000000005,5137.3150000000005,366,,5147.818733269815
1773007740.001,5135.7,5137.7,5135.7,5137.7,366,,5147.30694066295
1773007740.002,5158.895,5158.895,5156.895,5156.895,1018,,5148.502601076624
1773007800,5152.7300000000005,5154.7300000000005,5152.7300000000005,5154.7300000000005,325,,5148.702163574795
1773007800.001,5169.475,5169.475,5167.475,5167.475,1306,,5151.152268867015
1773007860,5154.455,5156.455,5154.455,5156.455,327,,5151.294096267191
1773007860.001,5158.89,5159.47,5157.47,5159.47,946,,5151.90464532302
1773007920,5168.925,5168.925,5166.925,5166.925,315,,5152.318152580196
1773007920.001,5162.015,5163.0650000000005,5161.0650000000005,5161.0650000000005,508,,5152.702007545353
1773007980,5160.8150000000005,5162.8150000000005,5160.8150000000005,5162.8150000000005,254,635.6,5152.890755716384
1773007980.001,5170.5650000000005,5170.5650000000005,5168.5650000000005,5168.5650000000005,253,572.6,5153.209633500451
1773007980.002,5163.61,5164.8,5162.8,5162.8,537,574.65,5153.61757505061
1773008040,5157.97,5159.97,5157.97,5159.97,1184,596.65,5154.075966566798
1773008100,5160.1,5160.1,5158.1,5158.1,502,603.15,5154.231005508735
1773008100.001,5136.205,5138.205,5136.205,5138.205,502,609.65,5153.696925111536
1773008100.002,5144.92,5146.92,5144.92,5146.92,992,605.25,5153.254289753427
1773008160,5147.025000000001,5147.025000000001,5145.025000000001,5145.025000000001,495,612.05,5153.0363530690265
1773008160.001,5131.325,5133.325,5131.325,5133.325,495,573.8,5152.465556341482
1773008160.002,5134.4400000000005,5134.4400000000005,5132.4400000000005,5132.4400000000005,810,593.35,5151.617125401292
1773008220,5130.595,5132.595,5130.595,5132.595,404,595.25,5151.195952469202
1773008220.001,5144.845,5144.845,5142.845,5142.845,404,597.15,5151.035016675307
1773008220.002,5140.8150000000005,5142.81,5140.81,5142.81,684,613.05,5150.73052526618
1773008280,5144.86,5144.86,5142.86,5142.86,341,579.2,5150.609603987203
1773008280.001,5137.335,5139.25,5137.25,5137.25,1650,645.45,5149.656116776691
1773008340,5127.025000000001,5129.025000000001,5127.025000000001,5129.025000000001,436,601.95,5149.241589140367
1773008340.001,5133.400000000001,5133.775000000001,5131.775000000001,5133.775000000001,1005,635.85,5148.548864108919
1773008400,5142.625,5142.625,5140.625,5140.625,1042,640.65,5148.239554564791
1773008460,5140.515,5142.515,5140.515,5142.515,353,642.55,5148.148586414528
1773008460.001,5146.985,5146.985,5144.985,5144.985,353,634.8,5148.113545758131
1773008460.002,5143.63,5144.125,5142.125,5144.125,1077,675.95,5147.922410697268
1773008520,5153.89,5153.89,5151.89,5151.89,1038,715.2,5148.098814587995
1773008580,5151.06,5153.06,5151.06,5153.06,339,705.3,5148.151547196466
1773008580.001,5157.75,5157.75,5155.75,5155.75,653,678.75,5148.342521437082
1773008640,5155.5650000000005,5157.53,5155.53,5155.53,626,684.95,5148.512725851308
1773008640.001,5149.665,5151.665,5149.665,5151.665,991,709.4,5148.595169020686
1773008700,5153.6,5153.6,5151.6,5151.6,338,676.7,5148.636238858001
1773008700.001,5144.735,5146.735,5144.735,5146.735,338,668.85,5148.607831707797
1773008700.002,5147.57,5149.57,5147.57,5149.57,394,663.8,5148.611593748655
1773008760,5149.975,5149.975,5147.975,5147.975,197,633.15,5148.611783967464
1773008760.001,5143.205,5145.205,5143.205,5145.205,196,622.75,5148.586309466833
1773008760.002,5147.655,5149.36,5147.36,5149.36,574,631.25,5148.58823432033
1773008820,5152.965,5152.965,5150.965,5150.965,191,606.6,5148.606339832638
1773008820.001,5149.215,5149.895,5147.895,5149.895,529,616,5148.616422092845
1773008880,5151.09,5151.575,5149.575,5151.575,1034,585.2,5148.686808389518
1773008940,5160.335,5160.335,5158.335,5158.335,286,577.7,5148.773689540078
1773008940.001,5156.0650000000005,5156.09,5154.09,5154.09,693,562.1,5148.893355989764
1773009000,5152.645,5154.645,5152.645,5154.645,346,527.3,5148.943633241889
1773009000.001,5163.38,5164.55,5162.55,5162.55,1541,586.7,5149.545651703846
1773009060,5153.965,5155.425,5153.425,5153.425,1096,623.85,5149.678054042323
1773009120,5153.365,5155.365,5153.365,5155.365,349,587.45,5149.7241856240125
1773009120.001,5159.85,5159.85,5157.85,5157.85,349,553,5149.80424447981
1773009120.002,5157.03,5158.385,5156.385,5156.385,849,578.5,5149.961298475335
1773009180,5149.785,5151.785,5149.785,5151.785,283,560,5149.969596310281
1773009180.001,5153.9800000000005,5155.9800000000005,5153.9800000000005,5155.9800000000005,698,563.6,5150.062475327241
1773009240,5157.375,5157.375,5155.375,5155.375,349,531.5,5150.113989541161
1773009240.001,5148.17,5150.17,5148.17,5150.17,909,560.05,5150.100587158253
1773009300,5153.24,5153.24,5151.24,5151.24,280,557.15,5150.112715183347
1773009300.001,5142.71,5144.71,5142.71,5144.71,891,582,5149.985735301025
1773009360,5146.395,5146.395,5144.395,5144.395,305,587.4,5149.950721640673
1773009360.001,5136.525000000001,5138.525000000001,5136.525000000001,5138.525000000001,305,592.85,5149.865343187185
1773009360.002,5139.755,5139.755,5137.755,5137.755,571,592.7,5149.716051695646
1773009420,5136.6,5138.6,5136.6,5138.6,285,597.4,5149.63982536584
1773009420.001,5145.13,5145.435,5143.435,5145.435,981,620,5149.533709374192
1773009480,5151.26,5151.26,5149.26,5149.26,348,585.7,5149.536722598037
1773009480.001,5140.005,5141.615,5139.615,5139.615,1349,638.85,5149.269559402552
1773009540,5132.905,5134.905,5132.905,5134.905,904,649.4,5148.984308156298
1773009600,5136.33,5136.33,5134.33,5134.33,285,646.35,5148.901119620488
1773009600.001,5126.57,5128.57,5126.57,5128.57,285,583.55,5148.776978038696
1773009600.002,5128.8,5128.965,5126.965,5126.965,1403,598.9,5148.178964132853
1773009660,5115.21,5117.21,5115.21,5117.21,1625,662.7,5147.175569901498
1773009720,5126.405,5126.405,5124.405,5124.405,385,664.5,5147.010708072609
1773009720.001,5122.745,5124.735,5122.735,5124.735,667,655.4,5146.718037683766
1773009780,5126.76,5126.76,5124.76,5124.76,333,657.9,5146.583294975833
1773009780.001,5106.455,5108.455,5106.455,5108.455,333,639.65,5146.339324545501
1773009780.002,5109.725,5110.86,5108.86,5110.86,1065,675.45,5145.6266696286975
1773009840,5126.965,5127.92,5125.92,5127.92,1311,695.55,5145.1913124156545
1773009900,5134.6050000000005,5134.6050000000005,5132.6050000000005,5132.6050000000005,802,721.65,5145.0210014252625
1773009960,5130.045,5132.045,5130.045,5132.045,242,689.2,5144.962434660233
1773009960.001,5134.56,5134.56,5132.56,5132.56,727,710.3,5144.81301166979
1773010020,5128.63,5128.63,5126.63,5126.63,1315,760.8,5144.418688499333
1773010080,5118.24,5120.24,5118.24,5120.24,384,751.45,5144.256427599579
1773010080.001,5125.3550000000005,5125.53,5123.53,5123.53,1026,788.5,5143.912396529821
1773010140,5106.92,5106.92,5104.92,5104.92,1256,802.25,5143.124297042132
1773010200,5104.345,5106.345,5104.345,5106.345,457,807.7,5142.846207349509
1773010200.001,5114.56,5114.56,5112.56,5112.56,456,763.05,5142.628335806732
1773010200.002,5107.515,5108.36,5106.36,5108.36,1317,783.7,5141.901603880378
1773010260,5118.385,5120.02,5118.02,5120.02,987,818.8,5141.5554735316855
1773010320,5123.21,5123.21,5121.21,5121.21,274,818.25,5141.471968659823
1773010320.001,5113.03,5115.03,5113.03,5115.03,274,761.8,5141.35742218624
1773010320.002,5118.875,5120.59,5118.59,5120.59,657,713.4,5141.142433386259
1773010380,5123.525000000001,5123.525000000001,5121.525000000001,5121.525000000001,328,710.55,5141.048010608133
1773010380.001,5112.58,5114.58,5112.58,5114.58,328,693.6,5140.913481539144
1773010380.002,5116.9800000000005,5118.555,5116.555,5118.555,928,723.35,5140.594974882987
1773010440,5124.64,5124.64,5122.64,5122.64,659,739.65,5140.426800182056
1773010500,5122.4400000000005,5124.4400000000005,5122.4400000000005,5124.4400000000005,174,695.1,5140.384136078761
1773010500.001,5127.9400000000005,5127.9400000000005,5125.9400000000005,5125.9400000000005,849,672,5140.214041390376
1773010560,5122.375,5124.375,5122.375,5124.375,933,678.55,5139.9931001468185
1773010620,5129.185,5129.185,5127.185,5127.185,235,678.2,5139.952302319264
1773010620.001,5125.995,5127.445,5125.445,5127.445,426,663.15,5139.872541783918
1773010680,5132.16,5132.655,5130.655,5130.655,781,636.45,5139.778671220875
1773010740,5126.975,5128.975,5126.975,5128.975,212,627.85,5139.744592156589
1773010740.001,5130.31,5130.83,5128.83,5130.83,982,625.65,5139.614523226934
1773010800,5136.2,5136.2,5134.2,5134.2,1223,624,5139.535585916259
1773010860,5130.045,5131.12,5129.12,5129.12,1495,675.9,5139.341399862324
1773010920,5118.25,5119.38,5117.38,5117.38,1557,730.95,5138.908623018153
1773010980,5113.59,5115.59,5113.59,5115.59,385,684.35,5138.788691897088
1773010980.001,5118.3550000000005,5118.3550000000005,5116.3550000000005,5116.3550000000005,585,664.25,5138.624559627235
1773011040,5109.785,5111.785,5109.785,5111.785,292,665.15,5138.521420992031
1773011040.001,5118.86,5119.97,5117.97,5117.97,1063,704.6,5138.2536442352775
1773011100,5115.71,5116.045,5114.045,5114.045,815,712.5,5138.013064541747
1773011160,5113.82,5115.82,5113.82,5115.82,279,710.05,5137.933372109975
1773011160.001,5120.61,5120.61,5118.61,5118.61,1199,753.6,5137.6579887562075
1773011220,5115.93,5117.93,5115.93,5117.93,306,722.5,5137.581448767008
1773011220.001,5119.225,5121.225,5119.225,5121.225,798,729.45,5137.4164568303095
1773011280,5121.82,5121.82,5119.82,5119.82,398,740.65,5137.335012449838
1773011280.001,5113.63,5115.63,5113.63,5115.63,1237,760.05,5137.005441214417
1773011340,5117.145,5117.145,5115.145,5115.145,419,734.35,5136.900210713214
1773011340.001,5107.995,5109.995,5107.995,5109.995,419,743.55,5136.763988271408
1773011340.002,5114.535,5115.325,5113.325,5113.325,976,771.05,5136.504895142394
1773011400,5093.745,5095.745,5093.745,5095.745,1675,815.75,5135.7114915540415
1773011460,5101.2,5101.2,5099.2,5099.2,449,827.6,5135.528407995571
1773011460.001,5095.81,5097.3,5095.3,5097.3,1009,828.95,5135.087034898106
1773011520,5103.485,5103.775000000001,5101.775000000001,5101.775000000001,1249,830.25,5134.634818795172
1773011580,5097.615,5099.4800000000005,5097.4800000000005,5097.4800000000005,867,798.85,5134.287301132203
1773011640,5096.96,5098.96,5096.96,5098.96,281,735.05,5134.17653590763
1773011640.001,5103.2,5104.055,5102.055,5104.055,744,753,5133.92770721763
1773011700,5107.1050000000005,5107.1050000000005,5105.1050000000005,5105.1050000000005,154,731.45,5133.8806843001385
1773011700.001,5104.86,5106.35,5104.35,5104.35,801,756.9,5133.63211338322
1773011760,5099.06,5101.06,5099.06,5101.06,266,717.05,5133.537326665095
1773011760.001,5101.72,5103.72,5101.72,5103.72,314,692,5133.435053245292
1773011820,5105.43,5105.43,5103.43,5103.43,156,685.85,5133.386233128529
1773011820.001,5101.56,5102.74,5100.74,5100.74,705,661.15,5133.147536693735
1773011880,5098.3550000000005,5100.3550000000005,5098.3550000000005,5100.3550000000005,183,655,5133.082835795399
1773011880.001,5101.325,5103.32,5101.32,5103.32,340,632.1,5132.973902687697
1773011940,5104.06,5104.06,5102.06,5102.06,169,620.65,5132.920176449979
1773011940.001,5098.43,5099.555,5097.555,5097.555,640,590.8,5132.688333820535
1773012000,5095.045,5097.045,5095.045,5097.045,157,577.7,5132.62891594227
1773012000.001,5098.74,5100.74,5098.74,5100.74,519,582.7,5132.453753468587
1773012060,5102.46,5102.56,5100.56,5102.56,657,566.75,5132.247013255353
1773012120,5106.04,5106.04,5104.04,5104.04,751,520.55,5132.035681778704
1773012180,5101.135,5103.135,5101.135,5103.135,436,519.9,5131.904545377482
1773012240,5104.33,5104.33,5102.33,5102.33,119,475.4,5131.869594170798
1773012240.001,5099.14,5100.8,5098.8,5098.8,810,453.45,5131.605104466883
1773012300,5096.345,5097.695,5095.695,5097.695,761,448.15,5131.3419620814375
1773012360,5099.49,5101.245,5099.245,5101.245,830,475.6,5131.088713265559
1773012420,5104.02,5104.02,5102.02,5102.02,693,473.05,5130.894830227152
1773012480,5099.245,5101.245,5099.245,5101.245,647,497.7,5130.702839100149
1773012540,5104.9800000000005,5105.53,5103.53,5103.53,685,491.9,5130.526303095122
1773012600,5102.34,5104.015,5102.015,5102.015,459,501.55,5130.402589884069
1773012660,5100.76,5101.845,5099.845,5099.845,538,512.75,5130.247734022167
1773012720,5098.705,5100.545,5098.545,5100.545,539,531.9,5130.090920781203
1773012780,5103.5,5103.5,5101.5,5101.5,130,503.15,5130.056187792618
1773012780.001,5099.5,5100.37,5098.37,5098.37,343,511.15,5129.95472110167
1773012840,5094.8550000000005,5095.255,5093.255,5093.255,1138,551.05,5129.567864719442
1773012900,5081.175,5083.175,5081.175,5083.175,341,559.65,5129.416956293455
1773012900.001,5083.935,5083.935,5081.935,5081.935,520,553.65,5129.189140401281
1773012960,5080.925,5082.925,5080.925,5082.925,259,558.75,5129.0756656117455
1773012960.001,5089.14,5089.14,5087.14,5087.14,1084,587,5128.662216615373
1773013020,5079.795,5081.35,5079.35,5079.35,842,596.25,5128.286589082594
1773013080,5076.1050000000005,5078.1050000000005,5076.1050000000005,5078.1050000000005,189,568.15,5128.198608268029
1773013080.001,5079.63,5080.9800000000005,5078.9800000000005,5078.9800000000005,972,594.95,5127.770379825898
1773013140,5068.91,5070.91,5068.91,5070.91,981,638.05,5127.2628110656415
1773013200,5075.18,5075.18,5073.18,5073.18,328,613.95,5127.10569489656
1773013200.001,5064.86,5066.86,5064.86,5066.86,328,592.3,5126.927055090113
1773013200.002,5069.555,5069.85,5067.85,5069.85,1025,602.05,5126.402651684298
1773013260,5072.54,5072.665,5070.665,5070.665,1604,647.6,5125.63097473865
1773013320,5046.2,5046.4800000000005,5044.4800000000005,5044.4800000000005,1574,693.95,5124.539300021256
1773013380,5044.14,5046.14,5044.14,5046.14,577,688.55,5124.148109217036
1773013380.001,5059.8150000000005,5060.435,5058.435,5060.435,1548,743,5123.304741725833
1773013440,5072.955,5072.99,5070.99,5072.99,1647,798.45,5122.603947344261
1773013500,5077.25,5077.415,5075.415,5075.415,1652,854.1,5121.971230845435
1773013560,5066.4800000000005,5067.265,5065.265,5065.265,2085,951.85,5121.02554363984
1773013620,5054.25,5056.25,5054.25,5056.25,560,962.7,5120.73026725645
1773013620.001,5059.85,5061.5,5059.5,5061.5,1490,980.3,5120.019723467325
1773013680,5069.67,5069.67,5067.67,5067.67,496,988.05,5119.816432432717
1773013680.001,5067.41,5069.405,5067.405,5069.405,728,998.45,5119.523238900233
1773013740,5071.845,5071.845,5069.845,5069.845,364,1003.7,5119.382975734655
1773013740.001,5060.735,5062.735,5060.735,5062.735,364,967.7,5119.219418603738
1773013740.002,5065.755,5067.27,5065.27,5067.27,1275,989.35,5118.698689668554
1773013800,5074.375,5074.375,5072.375,5072.375,424,1001.1,5118.548918073456
1773013800.001,5067.61,5069.535,5067.535,5069.535,622,983.6,5118.310988635312
1773013860,5069.785,5069.785,5067.785,5067.785,310,950.05,5118.192263197782
1773013860.001,5060.275000000001,5061.6,5059.6,5061.6,1435,1005.4,5117.567996824214
1773013920,5065.62,5065.62,5063.62,5063.62,375,1007.75,5117.416624821963
1773013920.001,5063.400000000001,5063.505,5061.505,5061.505,795,996.25,5117.085881460339
1773013980,5059.835,5061.835,5059.835,5061.835,397,935.9,5116.919205283759
1773013980.001,5068.6,5068.6,5066.6,5066.6,397,877.05,5116.771643373132
1773013980.002,5064.305,5065.81,5063.81,5065.81,900,893.2,5116.426136595159
1773014040,5067.59,5067.59,5065.59,5065.59,299,830.75,5116.31484243926
1773014040.001,5065.31,5065.31,5063.31,5063.31,781,787.45,5116.013318334378
1773014100,5062.52,5064.52,5062.52,5064.52,390,724.35,5115.8636923982185
1773014100.001,5069.715,5069.715,5067.715,5067.715,1192,679.7,5115.4510069244425
1773014160,5066.885,5068.885,5066.885,5068.885,401,671.75,5115.313307342405
1773014160.001,5076.06,5076.06,5074.06,5074.06,400,617.25,5115.19562055992
1773014160.002,5071.445,5071.47,5069.47,5071.47,1188,651.85,5114.816581078943
1773014220,5075.985,5077.165,5075.165,5077.165,1030,666.95,5114.535002128427
1773014280,5080.39,5080.39,5078.39,5078.39,317,664.6,5114.454945236552
1773014280.001,5074.125,5074.75,5072.75,5072.75,890,690.9,5114.196592736943
1773014340,5072.61,5074.61,5072.61,5074.61,287,641.5,5114.115040531318
1773014340.001,5076.9400000000005,5076.9400000000005,5074.9400000000005,5074.9400000000005,1431,691.85,5113.729932572045
1773014400,5067.685,5069.685,5067.685,5069.685,571,689.3,5113.552221533877
1773014400.001,5081.36,5081.36,5079.36,5079.36,571,702.35,5113.419498149983
1773014400.002,5077.92,5077.9800000000005,5075.9800000000005,5075.9800000000005,1407,700.95,5113.064242904879
1773014460,5066.24,5068.24,5066.24,5068.24,468,705.6,5112.918530516239
1773014460.001,5073.525000000001,5073.895,5071.895,5071.895,916,711.65,5112.667096143034
1773014520,5059.335,5061.31,5059.31,5061.31,1099,746.75,5112.281105342631
1773014580,5068.09,5069.365,5067.365,5067.365,1038,778.8,5111.973176880462
1773014640,5063.05,5065.05,5063.05,5065.05,258,746.7,5111.891004066863
1773014640.001,5066.36,5066.525000000001,5064.525000000001,5064.525000000001,984,780.95,5111.5854772622
1773014700,5056.745,5058.745,5056.745,5058.745,327,758.25,5111.469396614255
1773014700.001,5058.89,5060.89,5058.89,5060.89,966,787.05,5111.143061726523
1773014760,5064.8,5064.8,5062.8,5062.8,482,751.55,5110.992054206258
1773014760.001,5052.775000000001,5054.775000000001,5052.775000000001,5054.775000000001,482,755.6,5110.812452781781
1773014760.002,5057.74,5059.74,5057.74,5059.74,531,762.15,5110.633111486097
1773014820,5061.53,5061.53,5059.53,5059.53,265,716,5110.546013830241
1773014820.001,5055.6900000000005,5057.235,5055.235,5057.235,843,706.65,5110.25111117592
1773014880,5061.115,5061.115,5059.115,5059.115,192,700.4,5110.188388212475
1773014880.001,5056.245,5057.645,5055.645,5055.645,945,703.15,5109.860835381336
1773014940,5049.97,5051.97,5049.97,5051.97,315,704.55,5109.742405238704
1773014940.001,5053.515,5055.31,5053.31,5053.31,1255,695.75,5109.296651561087
1773015000,5045.595,5047.595,5045.595,5047.595,1240,729.2,5108.807939589838
1773015060,5048.915,5048.915,5046.915,5046.915,411,721.2,5108.649333299719
1773015060.001,5044.43,5046.34,5044.34,5046.34,1425,722.1,5108.088740603775
1773015120,5049.175,5049.175,5047.175,5047.175,1988,798.1,5107.349731638593
1773015180,5028.54,5030.54,5028.54,5030.54,2012,852.9,5106.399703522223
1773015240,5037.05,5038.25,5036.25,5038.25,1307,863.3,5105.855876569784
1773015300,5043.06,5043.06,5041.06,5041.06,410,831.9,5105.697293128024
1773015300.001,5034.095,5034.975,5032.975,5034.975,1843,911.15,5104.912466814203
1773015360,5043.34,5043.76,5041.76,5043.76,1271,925.5,5104.44730357245
1773015420,5043.95,5043.95,5041.95,5041.95,397,929,5104.3023223967875
1773015420.001,5034.695,5036.695,5034.695,5036.695,397,900.55,5104.142607278034
1773015420.002,5037.35,5038.21,5036.21,5038.21,1332,943.05,5103.623952275992
1773015480,5043.365,5043.365,5041.365,5041.365,1119,974.9,5103.223612079214
1773015540,5035.9800000000005,5037.9800000000005,5035.9800000000005,5037.9800000000005,967,996.7,5102.855466291216
1773015600,5039.14,5039.14,5037.14,5037.14,371,1002,5102.716367380228
1773015600.001,5033.7300000000005,5035.7300000000005,5033.7300000000005,5035.7300000000005,371,978.4,5102.572008326288
1773015600.002,5037.095,5039,5037,5039,1021,1019.85,5102.19698152532
1773015660,5049.4400000000005,5049.4400000000005,5047.4400000000005,5047.4400000000005,1188,1032,5101.832029492946
1773015720,5047.0650000000005,5049.0650000000005,5047.0650000000005,5049.0650000000005,424,1037.45,5101.703667525968
1773015720.001,5053.27,5053.27,5051.27,5051.27,423,995.85,5101.584681066529
1773015720.002,5050.785,5052.09,5050.09,5050.09,699,968.8,5101.384656395792
1773015780,5047.56,5049.56,5047.56,5049.56,232,959.85,5101.316184576488
1773015780.001,5049.925,5051.925,5049.925,5051.925,720,924.6,5101.114354226633
1773015840,5052.43,5052.43,5050.43,5050.43,360,843.2,5101.013722890377
1773015840.001,5045.8,5047.575,5045.575,5045.575,1344,809.8,5100.605388853141
1773015900,5040.9400000000005,5042.9400000000005,5040.9400000000005,5042.9400000000005,328,760.85,5100.499451540923
1773015900.001,5045.27,5047.27,5045.27,5047.27,546,767.65,5100.337006298578
1773015960,5047.5,5047.5,5045.5,5045.5,273,689.15,5100.255493261678
1773015960.001,5042.62,5043.685,5041.685,5041.685,785,664.85,5100.006031081352
1773016020,5041.53,5043.53,5041.53,5043.53,256,657.8,5099.925859813152
1773016020.001,5048.34,5048.34,5046.34,5046.34,574,666.65,5099.75990910912
1773016080,5043.8150000000005,5043.93,5041.93,5041.93,471,623.6,5099.613193723173
1773016140,5041.43,5043.43,5041.43,5043.43,182,576.75,5099.556867817499
1773016140.001,5047.150000000001,5047.150000000001,5045.150000000001,5045.150000000001,591,557.95,5099.384522638969
1773016200,5044.195,5046.195,5044.195,5046.195,204,549.6,5099.3249704587815
1773016200.001,5049.2,5049.2,5047.2,5047.2,750,568.55,5099.116623748905
1773016260,5047.14,5049.14,5047.14,5049.14,273,531.15,5099.042096533358
1773016260.001,5051.81,5051.85,5049.85,5051.85,975,520.5,5098.7918777817085
1773016320,5055.9400000000005,5055.9400000000005,5053.9400000000005,5053.9400000000005,597,529.15,5098.6508784870875
1773016380,5052.84,5054.84,5052.84,5054.84,181,517.05,5098.607888720379
1773016380.001,5058.64,5058.64,5056.64,5056.64,181,491.15,5098.568007575554
1773016380.002,5054.32,5054.47,5052.47,5052.47,591,509.1,5098.425216182006
1773016440,5050.025000000001,5052.025000000001,5050.025000000001,5052.025000000001,522,499.2,5098.2949172138
1773016500,5056.83,5058.0650000000005,5056.0650000000005,5058.0650000000005,669,514.65,5098.150329947627
1773016560,5060.425,5060.425,5058.425,5058.425,818,488.35,5097.98221194103
1773016620,5053.34,5055.34,5053.34,5055.34,594,501.65,5097.847268545959
1773016680,5057.925,5059.24,5057.24,5057.24,453,497,5097.752585918474
1773016740,5055.095,5056.485,5054.485,5054.485,391,502.9,5097.665596684821
1773016800,5050.25,5052.25,5050.25,5052.25,94,468.35,5097.642985762033
1773016800.001,5052.85,5053.575,5051.575,5051.575,539,482.5,5097.515607974695
1773016860,5048.675,5050.675,5048.675,5050.675,179,462.75,5097.471385284761
1773016860.001,5052.3150000000005,5053.54,5051.54,5051.54,579,468.15,5097.335502417812
1773016920,5049.92,5051.92,5049.92,5051.92,192,468.65,5097.2896746881015
1773016920.001,5052.35,5053.89,5051.89,5051.89,468,462.5,5097.181502233887
1773016980,5047.795,5049.795,5047.795,5049.795,156,460.1,5097.142799697109
1773016980.001,5050.900000000001,5050.900000000001,5048.900000000001,5048.900000000001,730,459.1,5096.964162843326
1773017040,5048.45,5050.45,5048.45,5050.45,365,463.7,5096.8757525305655
1773017040.001,5052.585,5054.385,5052.385,5054.385,1732,501.55,5096.495385182959
1773017100,5057.91,5057.91,5055.91,5055.91,455,494.45,5096.403174021348
1773017100.001,5053.62,5054.6050000000005,5052.6050000000005,5052.6050000000005,1303,550.55,5096.1197275249
1773017160,5043.34,5045.34,5043.34,5045.34,1348,608.9,5095.772323972352
1773017220,5045.46,5045.46,5043.46,5043.46,457,602.2,5095.654360830666
1773017220.001,5033.6900000000005,5035.6900000000005,5033.6900000000005,5035.6900000000005,456,598.9,5095.5164915775695
1773017220.002,5039.11,5039.12,5037.12,5037.12,656,598.25,5095.328259614363
1773017280,5035.95,5037.95,5035.95,5037.95,328,573.75,5095.233783950308
1773017280.001,5045.225,5047.2,5045.2,5047.2,1083,598.2,5094.973459137654
1773017340,5047.66,5047.66,5045.66,5045.66,378,594.45,5094.882866976052
1773017340.001,5042.43,5043.955,5041.955,5041.955,1605,655.15,5094.472872027734
1773017400,5037.905,5039.905,5037.905,5039.905,409,670.9,5094.362669699258
1773017400.001,5041.87,5042.29,5040.29,5040.29,1017,694.8,5094.099025323764
1773017460,5037.695,5039.695,5037.695,5039.695,339,702.8,5094.008553435648
1773017460.001,5039.82,5041.79,5039.79,5041.79,1330,740.35,5093.669873716578
1773017520,5044.975,5044.975,5042.975,5042.975,717,766.6,5093.497750066376
1773017580,5042.895,5044.895,5042.895,5044.895,274,756.9,5093.433056096008
1773017580.001,5046.0650000000005,5046.0650000000005,5044.0650000000005,5044.0650000000005,274,762.8,5093.369191840633
1773017580.002,5038.18,5040.18,5038.18,5040.18,274,740,5093.298660795651
1773017580.003,5042.155,5042.61,5040.61,5042.61,821,762.8,5093.097925111444
1773017640,5044.83,5044.83,5042.83,5042.83,957,724.05,5092.872954238111
1773017700,5039.38,5041.38,5039.38,5041.38,341,718.35,5092.788793573356
1773017700.001,5046.445,5047.41,5045.41,5047.41,817,694.05,5092.611475274482
1773017760,5049,5049,5047,5047,237,638.5,5092.5613233408485
1773017760.001,5039.555,5041.285,5039.285,5041.285,1082,669.75,5092.298049818477
1773017820,5043.04,5043.04,5041.04,5041.04,281,661,5092.231543247126
1773017820.001,5040.31,5042.055,5040.055,5042.055,913,673.85,5092.015304057251
1773017880,5049.425,5049.425,5047.425,5047.425,900,702.45,5091.831922988306
1773017940,5045.26,5047.26,5045.26,5047.26,298,663.2,5091.76947203602
1773017940.001,5050.68,5050.68,5048.68,5048.68,3358,812.2,5091.119656638914
1773018000,5018.455,5019.295,5017.295,5017.295,2821,873,5090.190215488379
1773018060,5015.045,5017.045,5015.045,5017.045,901,897.6,5089.891918109084
1773018060.001,5026.055,5026.055,5024.055,5024.055,901,891.8,5089.629604411621
1773018060.002,5019.41,5021.41,5019.41,5021.41,2252,987.45,5088.943483746127
1773018120,5040.41,5041.35,5039.35,5041.35,2194,1030.65,5088.479683690034
1773018180,5046.545,5046.545,5044.545,5044.545,722,1030.9,5088.343276153919
1773018180.001,5037.45,5039.45,5037.45,5039.45,2241,1129.25,5087.863014661895
1773018240,5043.1900000000005,5043.1900000000005,5041.1900000000005,5041.1900000000005,760,1153.55,5087.712315254194
1773018240.001,5030.8550000000005,5032.8550000000005,5030.8550000000005,5032.8550000000005,760,1177.85,5087.53103348555
1773018240.002,5034.53,5034.56,5032.56,5032.56,1441,1208.85,5087.196931953705
1773018300,5031.6900000000005,5033.6900000000005,5031.6900000000005,5033.6900000000005,720,1197,5087.030909466892
1773018300.001,5051.0650000000005,5051.635,5049.635,5051.635,2655,1312.7,5086.627925626313
1773018360,5058.86,5058.9800000000005,5056.9800000000005,5056.9800000000005,2415,1392.6,5086.336311428505
1773018420,5051.335,5053.335,5051.335,5053.335,589,1410.2,5086.253889623171
1773018420.001,5054.3550000000005,5054.3550000000005,5052.3550000000005,5052.3550000000005,1280,1420.1,5086.078026496936
1773018480,5051.055,5053.055,5051.055,5053.055,640,1438.05,5085.989119724937
1773018480.001,5059.805,5059.805,5057.805,5057.805,640,1424.4,5085.916692568995
1773018480.002,5055.835,5057.835,5055.835,5057.835,1273,1443.05,5085.766970107322
1773018540,5058.46,5058.46,5056.46,5056.46,636,1459.95,5085.69264224059
1773018540.001,5050.42,5052.42,5050.42,5052.42,1847,1384.4,5085.438763734592
1773018600,5053.285,5053.285,5051.285,5051.285,605,1273.6,5085.3569123390325
1773018600.001,5047.375,5049.375,5047.375,5049.375,2249,1341,5085.026914163999
1773018660,5063.01,5063.01,5061.01,5061.01,1631,1377.5,5084.875424280754
1773018720,5059.685,5061.685,5059.685,5061.685,541,1291.95,5084.824194871244
1773018720.001,5069.375,5069.375,5067.375,5067.375,541,1209.3,5084.788234209969
1773018720.002,5063.475,5063.755,5061.755,5063.755,1669,1256.65,5084.645730660622
1773018780,5069.615,5069.615,5067.615,5067.615,1520,1220.6,5084.548443241065
1773018840,5067.265,5069.265,5067.265,5069.265,482,1206.7,5084.518429877949
1773018840.001,5074.81,5074.81,5072.81,5072.81,482,1192.8,5084.497691586817
1773018840.002,5072.465,5072.465,5070.465,5070.465,830,1162.25,5084.454602674299
1773018900,5070.055,5072.055,5070.055,5072.055,415,1147,5084.433575282367
1773018900.001,5081.34,5081.445,5079.445,5079.445,1680,1098.25,5084.405601548272
1773018960,5073.425,5075.425,5073.425,5075.425,422,998.6,5084.389942085287
1773018960.001,5080.035,5082.03,5080.03,5082.03,832,1010.75,5084.380287090572
1773019020,5083.8550000000005,5083.8550000000005,5081.8550000000005,5081.8550000000005,416,967.55,5084.37732727732
1773019020.001,5076.675,5078.675,5076.675,5078.675,415,956.3,5084.367225220369
1773019020.002,5079.3550000000005,5079.3550000000005,5077.3550000000005,5077.3550000000005,918,970.2,5084.345039051241
1773019080,5076.4400000000005,5078.4400000000005,5076.4400000000005,5078.4400000000005,459,929.5,5084.3335706726975
1773019080.001,5083.85,5083.85,5081.85,5081.85,458,920.6,5084.330412374719
1773019080.002,5081.02,5083.01,5081.01,5083.01,964,876.45,5084.323168653239
1773019140,5085.9400000000005,5085.9400000000005,5083.9400000000005,5083.9400000000005,482,870.3,5084.323684446608
1773019140.001,5078.92,5079.3550000000005,5077.3550000000005,5077.3550000000005,1445,830.1,5084.289497226278
1773019200,5075.765,5077.765,5075.765,5077.765,481,772.6,5084.2765350758855
1773019200.001,5082.625,5082.625,5080.625,5080.625,481,769.6,5084.271164498942
1773019200.002,5080.465,5080.465,5078.465,5078.465,1028,793.95,5084.251476678628
1773019260,5076.555,5078.555,5076.555,5078.555,513,736.15,5084.239335985152
1773019260.001,5085.400000000001,5085.91,5083.91,5083.91,1741,747.2,5084.2415062161335
1773019320,5079.51,5081.51,5079.51,5081.51,409,743.55,5084.236378024662
1773019320.001,5083.075,5085.03,5083.03,5085.03,1350,786.95,5084.237007273141
1773019380,5087.895,5087.895,5085.895,5085.895,450,767.95,5084.240841629341
1773019380.001,5083.41,5083.415,5081.415,5081.415,717,783.05,5084.235182003297
1773019440,5080.18,5082.18,5080.18,5082.18,358,716.95,5084.231624381915
1773019440.001,5085.24,5085.24,5083.24,5083.24,1563,774,5084.229780524698
1773019500,5075.085,5075.885,5073.885,5073.885,1116,788.2,5084.190728780998
1773019560,5072.575,5074.575,5072.575,5074.575,357,785.25,5084.177473534513
1773019560.001,5077,5078.7300000000005,5076.7300000000005,5078.7300000000005,970,813,5084.156132577435
1773019620,5079.49,5079.49,5077.49,5077.49,306,782.4,5084.149533809715
1773019620.001,5073.84,5074.86,5072.86,5072.86,1345,826.7,5084.098424699105
1773019680,5071.4800000000005,5073.4800000000005,5071.4800000000005,5073.4800000000005,1012,854.4,5084.057719437375
1773019740,5074.385,5074.385,5072.385,5072.385,332,822.8,5084.044711122899
1773019740.001,5070.115,5072.115,5070.115,5072.115,1436,870.5,5083.980643747004
1773019800,5078.275000000001,5078.275000000001,5076.275000000001,5076.275000000001,368,816.65,5083.971480941062
1773019800.001,5075.405,5077.405,5075.405,5077.405,822,833.7,5083.950510415344
1773019860,5080.915,5080.915,5078.915,5078.915,273,823.3,5083.946307783381
1773019860.001,5078.645,5079.52,5077.52,5079.52,882,816,5083.930528595366
1773019920,5084.575,5085.875,5083.875,5085.875,951,837.9,5083.934783023493
1773019980,5086.335,5086.335,5084.335,5084.335,328,767.25,5083.936006762066
1773019980.001,5079.5650000000005,5081.5650000000005,5079.5650000000005,5081.5650000000005,328,763.2,5083.9325264770205
1773019980.002,5082.425,5082.91,5080.91,5080.91,1039,747.65,5083.92400741901
1773020040,5079.85,5080.8150000000005,5078.8150000000005,5078.8150000000005,1138,782.05,5083.906482177381
1773020100,5076.16,5078.16,5076.16,5078.16,396,766,5083.897690320654
1773020100.001,5081.58,5081.63,5079.63,5079.63,1296,812.9,5083.881606066874
1773020160,5073.655,5075.655,5073.655,5075.655,300,749.75,5083.872420541336
1773020160.001,5076.45,5077.7,5075.7,5077.7,1029,745.4,5083.8482771209865
1773020220,5082.39,5082.39,5080.39,5080.39,342,744.65,5083.845005545544
1773020220.001,5079.635,5081.63,5079.63,5081.63,694,730.85,5083.838168814669
1773020280,5081.96,5081.96,5079.96,5079.96,347,732.9,5083.834363704345
1773020280.001,5075.675,5077.675,5075.675,5077.675,346,682.95,5083.826308786902
1773020280.002,5077.7,5077.865,5075.865,5075.865,792,671.95,5083.806658248444
1773020340,5072.5650000000005,5073.505,5071.505,5071.505,1201,715.4,5083.759323082866
1773020400,5071.46,5073.46,5071.46,5073.46,469,667.05,5083.741928818242
1773020400.001,5081,5081,5079,5079,469,672.1,5083.735474870335
1773020400.002,5077.445,5079.405,5077.405,5077.405,977,679.85,5083.716851007953
1773020460,5074.275000000001,5076.275000000001,5074.275000000001,5076.275000000001,325,682.45,5083.707991355295
1773020460.001,5077.41,5078.215,5076.215,5078.215,1170,696.85,5083.683857350802
1773020520,5081.14,5081.14,5079.14,5079.14,389,668.75,5083.678813197105
1773020520.001,5078.755,5079.485,5077.485,5077.485,928,698.75,5083.661712071253
1773020580,5074.900000000001,5076.900000000001,5074.900000000001,5076.900000000001,309,697.8,5083.65406700817
1773020580.001,5077.395,5078.87,5076.87,5078.87,1044,698.05,5083.635179419777
1773020640,5081.895,5081.895,5079.895,5079.895,348,658.55,5083.631633458652
1773020640.001,5079.6050000000005,5079.695,5077.695,5079.695,840,680.75,5083.618849642174
1773020700,5082.485,5082.485,5080.485,5080.485,1309,681.4,5083.608218558424
1773020760,5077.845,5079.25,5077.25,5077.25,1652,749,5083.577434778814
1773020820,5072.91,5074.095,5072.095,5074.095,1649,780,5083.522935461742
1773020880,5077.76,5077.76,5075.76,5075.76,1052,815.5,5083.498708254365
1773020940,5075.325,5077.325,5075.325,5077.325,324,797,5083.491523266119
1773020940.001,5081.32,5082.545,5080.545,5080.545,1320,845.65,5083.481808595348
1773021000,5076.36,5077.81,5075.81,5075.81,1527,904.7,5083.447447492883
1773021060,5071.36,5072.185,5070.185,5070.185,1871,958.65,5083.372197296745
1773021120,5065.35,5067.35,5065.35,5067.35,490,923.1,5083.346126599887
1773021120.001,5071.26,5073.14,5071.14,5073.14,1197,959.5,5083.304792270761
1773021180,5079.165,5080.425,5078.425,5078.425,1370,1004.55,5083.286540078317
1773021240,5073.6050000000005,5075.37,5073.37,5075.37,1202,1015.8,5083.254039095422
1773021300,5076.9800000000005,5077.13,5075.13,5075.13,1088,1053.95,5083.228566616958
1773021360,5072.435,5074.435,5072.435,5074.435,265,1008.7,5083.220702625553
1773021360.001,5075.02,5075.05,5073.05,5075.05,1060,1042.25,5083.19141511125
1773021420,5076.5,5076.77,5074.77,5074.77,1306,1061.15,5083.159879964876
1773021480,5071.33,5073.33,5071.33,5073.33,1057,1098.55,5083.125446686922
1773021540,5073.955,5073.955,5071.955,5071.955,370,1064.85,5083.113398939187
1773021540.001,5070.03,5070.705,5068.705,5068.705,1938,1144.35,5083.031334982944
1773021600,5061.75,5063.75,5061.75,5063.75,522,1128.45,5082.99929966189
1773021600.001,5064.245,5065.825,5063.825,5065.825,1167,1121.35,5082.935474494957
1773021660,5068.68,5070.225,5068.225,5070.225,1334,1105.45,5082.880992940389
1773021720,5070.285,5070.285,5068.285,5068.285,472,1046.6,5082.8609492778805
1773021720.001,5062.345,5064.345,5062.345,5064.345,472,1017.6,5082.833386034396
1773021720.002,5064.45,5064.515,5062.515,5062.515,1194,1061.1,5082.762213956682
1773021780,5055.7300000000005,5057.21,5055.21,5057.21,1394,1064.8,5082.651819003291
1773021840,5064.71,5065.45,5063.45,5065.45,1390,1057.95,5082.577113033112
1773021900,5072.185,5072.185,5070.185,5070.185,1192,1024,5082.535223637178
1773021960,5068.74,5070.74,5068.74,5070.74,420,1020.5,5082.519556655432
1773021960.001,5073.275000000001,5074.85,5072.85,5074.85,1760,1048.65,5082.475869660373
1773022020,5080.3,5080.3,5078.3,5078.3,446,1002.45,5082.471215544997
1773022020.001,5078.29,5079.285,5077.285,5079.285,1212,1002.95,5082.457379252891
1773022080,5080.955,5080.955,5078.955,5078.955,404,968.75,5082.453988818193
1773022080.001,5078.535,5080.05,5078.05,5080.05,1358,1023.4,5082.441697434795
1773022140,5082.07,5082.36,5080.36,5082.36,1623,1051.55,5082.438134329381
1773022200,5095,5095,5093,5093,1309,1051.7,5082.481087509865
1773022260,5090.015,5092.015,5090.015,5092.015,306,1014.15,5082.48900987165
1773022260.001,5092.78,5094.095,5092.095,5094.095,787,1035,5082.514089026645
1773022320,5094.77,5095.215,5093.215,5093.215,687,972.45,5082.536793116649
1773022380,5093.115,5094.455,5092.455,5094.455,759,984.3,5082.561565964377
1773022440,5095.325,5095.325,5093.325,5093.325,745,963.2,5082.586214490817
1773022500,5089.535,5091.535,5089.535,5091.535,179,905.45,5082.590503472174
1773022500.001,5092.785,5092.995,5090.995,5090.995,915,927.6,5082.614452926026
1773022560,5089.29,5091.29,5089.29,5091.29,305,919.25,5082.621495009222
1773022560.001,5091.675,5091.835,5089.835,5089.835,891,904.1,5082.641684657795
1773022620,5083.25,5084.02,5082.02,5084.02,1208,894.8,5082.644148097842
1773022680,5086.89,5086.89,5084.89,5084.89,1062,878.4,5082.65298465292
1773022740,5077.715,5079.465,5077.465,5077.465,1064,872,5082.639282830814
1773022800,5072.835,5074.835,5072.835,5074.835,270,864.5,5082.632773540372
1773022800.001,5076.17,5077.235,5075.235,5077.235,669,809.95,5082.621248869674
1773022860,5079.66,5079.66,5077.66,5077.66,825,828.9,5082.61120803128
1773022920,5075.985,5077.985,5075.985,5077.985,1028,819.7,5082.595832984826
1773022980,5080.88,5080.88,5078.88,5078.88,276,813.3,5082.593456782978
1773022980.001,5077.63,5078.82,5076.82,5078.82,641,777.45,5082.58543518495
1773023040,5079.68,5079.765,5077.765,5077.765,1054,749,5082.573132426238
1773023100,5074.42,5076.42,5074.42,5076.42,280,697.55,5082.567770662931
1773023100.001,5078.66,5079.755,5077.755,5077.755,850,724.75,5082.557898737878
1773023160,5075.685,5077.025000000001,5075.025000000001,5075.025000000001,787,724.75,5082.542795169073
1773023220,5074.42,5076.42,5074.42,5076.42,251,702.95,5082.538035345368
1773023220.001,5079.245,5079.43,5077.43,5077.43,884,709.2,5082.5270962879595
1773023280,5075.75,5077.61,5075.61,5077.61,1012,722.55,5082.511396439074
1773023340,5078.215,5078.215,5076.215,5076.215,1655,796.35,5082.485628413261
1773023400,5076.07,5078.07,5076.07,5078.07,694,785.3,5082.475892377041
1773023400.001,5088.1,5088.755,5086.755,5088.755,1473,843.7,5082.4986200573485
1773023460,5089.11,5089.11,5087.11,5087.11,389,818.6,5082.504258500488
1773023460.001,5080.595,5082.595,5080.595,5082.595,389,777.65,5082.503643906454
1773023460.002,5085.455,5085.975,5083.975,5085.975,1314,790.25,5082.513717632621
1773023520,5088.32,5088.32,5086.32,5086.32,438,758.95,5082.5190664579
1773023520.001,5085.915,5087.87,5085.87,5087.87,856,788.25,5082.5299882013705
1773023580,5088.135,5088.135,5086.135,5086.135,427,776.15,5082.534950674722
1773023580.001,5081.885,5083.55,5081.55,5081.55,1650,817.4,5082.533528263049
1773023640,5077.635,5079.635,5077.635,5079.635,407,786.35,5082.529602484916
1773023640.001,5081.725,5082.835,5080.835,5082.835,1263,835.7,5082.528372213836
1773023700,5085.195,5085.195,5083.195,5083.195,420,824.65,5082.529880384237
1773023700.001,5082.04,5083.33,5081.33,5083.33,1211,832.5,5082.530314227859
1773023760,5088.835,5088.835,5086.835,5086.835,1084,872.7,5082.544738794685
1773023820,5086.17,5088.17,5086.17,5088.17,340,847.2,5082.549247391483
1773023820.001,5089.765,5089.765,5087.765,5087.765,1126,864.15,5082.566907463054
1773023880,5085.665,5087.665,5085.665,5087.665,393,871.25,5082.5715459816665
1773023880.001,5090.195,5090.195,5088.195,5088.195,942,874.15,5082.587288161938
1773023940,5087.875,5089.875,5087.875,5089.875,274,837.25,5082.592104490227
1773023940.001,5091.77,5092.835,5090.835,5092.835,1393,824.15,5082.6273887861735
1773024060,5092.97,5092.97,5090.97,5090.97,177,798.3,5082.631604739497
1773024060.001,5089.05,5089.43,5087.43,5087.43,781,763.7,5082.642865892217
1773024120,5085.725,5087.725,5085.725,5087.725,301,759.3,5082.646369658673
1773024120.001,5091.39,5091.39,5089.39,5089.39,1025,791.1,5082.66633972399
1773024180,5087.715,5089.715,5087.715,5089.715,362,743.5,5082.672408090345
1773024180.001,5091.97,5092.265,5090.265,5092.265,1194,781.3,5082.700314534495
1773024240,5094.155,5094.155,5092.155,5092.155,985,787.75,5082.726352257929
1773024300,5091.6050000000005,5093.6050000000005,5091.6050000000005,5093.6050000000005,781,805.45,5082.747139856667
1773024360,5094.93,5094.93,5092.93,5092.93,273,736.6,5082.754854357344
1773024360.001,5091.745,5093.745,5091.745,5093.745,858,759.15,5082.777872925331
1773024420,5094.61,5094.61,5092.61,5092.61,293,710.65,5082.785860986829
1773024420.001,5089.345,5090.77,5088.77,5090.77,980,738.65,5082.804435512629
1773024480,5094.005,5094.005,5092.005,5092.005,1120,734.1,5082.8329776063465
1773024540,5091.5650000000005,5093.5650000000005,5091.5650000000005,5093.5650000000005,804,720.1,5082.853834844945
1773024600,5094.04,5094.04,5092.04,5092.04,253,715.75,5082.860255363814
1773024600.001,5090.52,5092.52,5090.52,5092.52,798,699.35,5082.878701612656
1773024660,5093.3150000000005,5093.3150000000005,5091.3150000000005,5091.3150000000005,272,693.3,5082.885061436181
1773024660.001,5089.54,5091.54,5089.54,5091.54,840,688.2,5082.902259889107
1773024720,5093.59,5093.59,5091.59,5091.59,284,688.7,5082.909064069796
1773024720.001,5087.83,5088.415,5086.415,5086.415,701,654.1,5082.916542100757
1773024780,5085.93,5087.93,5085.93,5087.93,209,655.7,5082.918863475696
1773024780.001,5092.055,5092.845,5090.845,5092.845,588,646.05,5082.932754735821
1773024840,5093.5650000000005,5093.5650000000005,5091.5650000000005,5091.5650000000005,527,657.35,5082.945241140066
1773024900,5091.375,5093.375,5091.375,5093.375,481,630.15,5082.957191890403
1773024960,5094.965,5095.16,5093.16,5095.16,887,656.4,5082.983173597199
1773025020,5098.17,5098.49,5096.49,5098.49,743,633.85,5083.011117838378
1773025080,5099.21,5099.21,5097.21,5097.21,243,596.75,5083.020267073263
1773025080.001,5093.205,5095.205,5093.205,5095.205,703,592.85,5083.040739053818
1773025140,5098.885,5098.885,5096.885,5096.885,229,590.65,5083.0491356689545
1773025140.001,5093.555,5095.555,5093.555,5095.555,1023,598.9,5083.079660292827
1773025200,5099.82,5099.82,5097.82,5097.82,264,597.45,5083.089904674233
1773025200.001,5096.34,5096.34,5094.34,5094.34,991,598,5083.119574352713
1773025260,5090.975,5092.975,5090.975,5092.975,1152,599.6,5083.146092008301
1773025320,5094.66,5095.575,5093.575,5095.575,1016,610.2,5083.17595309607
1773025380,5097.5,5097.915,5095.915,5095.915,1105,652.8,5083.212865859636
1773025440,5091.4400000000005,5092.86,5090.86,5092.86,1086,667.2,5083.237102891377
1773025500,5095.125,5095.125,5093.125,5093.125,1193,713.25,5083.268302253553
1773025560,5089.955,5091.955,5089.955,5091.955,308,686.65,5083.274418154479
1773025560.001,5093.1050000000005,5094.955,5092.955,5092.955,720,708.45,5083.292830857305
1773025620,5092.335,5094.215,5092.215,5092.215,946,720.7,5083.31519761202
1773025680,5089.925,5090.77,5088.77,5090.77,798,750.15,5083.328528088192
1773025740,5093.155,5093.155,5091.155,5091.155,187,730.1,5083.332434718013
1773025740.001,5090.505,5090.62,5088.62,5088.62,855,746.5,5083.34493074357
1773025800,5084.245,5086.245,5084.245,5086.245,284,736.65,5083.346486575762
1773025800.001,5088.015,5088.345,5086.345,5088.345,992,741.9,5083.35700151302
1773025860,5092.5,5092.5,5090.5,5090.5,1109,760.2,5083.37813683957
1773025920,5086.395,5088.395,5086.395,5088.395,259,761,5083.380884602346
1773025920.001,5088.46,5089.72,5087.72,5087.72,540,752.85,5083.387468222016
1773025980,5086.62,5088.62,5086.62,5088.62,768,779.8,5083.395992777458
1773026040,5089.63,5089.63,5087.63,5087.63,294,743.35,5083.399492876143
1773026040.001,5085.705,5087.705,5085.705,5087.705,1275,793.9,5083.410728761019
1773026100,5091.91,5092.31,5090.31,5090.31,1209,804.8,5083.432816610283
1773026160,5088.825,5090.825,5088.825,5090.825,716,783,5083.4444244878605
1773026220,5093.025000000001,5093.335,5091.335,5093.335,565,760.45,5083.456969945355
1773026280,5096.155,5096.275000000001,5094.275000000001,5094.275000000001,494,729.9,5083.470611170686
1773026340,5092,5094,5092,5094,205,685.85,5083.475470133226
1773026400,5094.0650000000005,5095.55,5093.55,5095.55,175,634.95,5083.480265840147
1773026400.001,5095.735,5095.915,5093.915,5095.915,437,641.4,5083.492606580101
1773026460,5097.615,5098.1050000000005,5096.1050000000005,5096.1050000000005,353,623.05,5083.5038456125285
1773026520,5095.455,5097.455,5095.455,5097.455,249,588.2,5083.5117719368445
1773026580,5097.74,5097.74,5095.74,5095.74,85,552.55,5083.514397823392
1773026580.001,5093.56,5095.56,5093.56,5095.56,269,556.65,5083.521726294081
1773026640,5095.665,5095.665,5093.665,5093.665,91,518.45,5083.524080961202
1773026640.001,5092.455,5094.455,5092.455,5094.455,518,530.15,5083.536792079262
1773026700,5097.885,5098.82,5096.82,5098.82,613,511.2,5083.558181339654
1773026760,5101.255,5102.14,5100.14,5102.14,344,472.95,5083.572881196981
1773026820,5102.255,5102.255,5100.255,5100.255,93,464.65,5083.5767287966355
1773026820.001,5098.9400000000005,5100.01,5098.01,5098.01,357,455.5,5083.589573132423
1773026880,5095.505,5095.6900000000005,5093.6900000000005,5093.6900000000005,753,454.75,5083.608856515857
1773026940,5083.9400000000005,5085.9400000000005,5083.9400000000005,5085.9400000000005,773,478.7,5083.611911080299
1773027000,5090.13,5090.13,5088.13,5088.13,581,444,5083.619052718506
1773027060,5084.58,5086.58,5084.58,5086.58,199,393.5,5083.62013462117
1773027060.001,5091.125,5092.49,5090.49,5090.49,578,386.6,5083.630443075066
1773027120,5087.825,5089.825,5087.825,5089.825,294,373.05,5083.6342863268765
1773027180,5089.935,5090.400000000001,5088.400000000001,5090.400000000001,493,373,5083.641388560827
1773027240,5092.01,5092.4400000000005,5090.4400000000005,5092.4400000000005,449,385.2,5083.650003783113
1773027300,5093.115,5093.85,5091.85,5093.85,724,412.65,5083.66626180207
1773027420,5094.1050000000005,5094.1050000000005,5092.1050000000005,5092.1050000000005,101,395.85,5083.6684275194375
1773027420.001,5092.02,5093.04,5091.04,5091.04,403,398.35,5083.676048926259
1773027480,5085.435,5086.575,5084.575,5084.575,317,401.75,5083.677215710059
1773027540,5084.26,5086.26,5084.26,5086.26,322,413.6,5083.678665131864
1773027600,5086.54,5086.54,5084.54,5084.54,125,406.4,5083.679113694451
1773027600.001,5081.87,5083.87,5081.87,5083.87,532,428.45,5083.678519997089
1773027660,5086.85,5088.04,5086.04,5086.04,441,424.6,5083.681649054072
1773027720,5085.12,5086.475,5084.475,5086.475,425,415.2,5083.683764771467
1773027780,5087.3550000000005,5087.88,5085.88,5085.88,513,423.65,5083.687198518796
1773027840,5084.88,5086.88,5084.88,5086.88,134,425.7,5083.68798968875
1773027840.001,5087.27,5089.005,5087.005,5089.005,358,425.75,5083.6918775727345
1773027900,5090.795,5092.49,5090.49,5092.49,649,420.55,5083.704183107653
1773028020,5093.33,5093.33,5091.33,5091.33,92,386.5,5083.705961660551
1773028020.001,5090.43,5091.955,5089.955,5091.955,346,374.75,5083.712072844233
1773028080,5092.42,5093.395,5091.395,5093.395,493,389.45,5083.722415190741
1773028140,5093.505,5093.505,5091.505,5091.505,422,381.65,5083.730703199209
1773028200,5090.92,5092.92,5090.92,5092.92,142,374.05,5083.733515347122
1773028200.001,5093.485,5093.7300000000005,5091.7300000000005,5091.7300000000005,1493,424.05,5083.763466104732
1773028380,5090.6050000000005,5091.975,5089.975,5089.975,752,439.2,5083.775422745261
1773028500,5089.92,5091.92,5089.92,5091.92,288,417.4,5083.7803978269785
1773028560,5093.2300000000005,5093.2300000000005,5091.2300000000005,5091.2300000000005,1011,462.9,5083.799309150883
1773028740,5090.745,5091.84,5089.84,5089.84,1181,501.8,5083.817516018234
1773028860,5088.025000000001,5090.025000000001,5088.025000000001,5090.025000000001,551,513.5,5083.824524269174
1773028920,5091.03,5091.03,5089.03,5089.03,568,525.8,5083.832170778728
1773028980,5087.335,5089.095,5087.095,5089.095,584,548.75,5083.838316112608
1773029040,5089.745,5089.745,5087.745,5087.745,562,550.25,5083.844193030469
1773029100,5086.805,5088.805,5086.805,5088.805,542,555.3,5083.849508191662
1773029160,5090.36,5092.205,5090.205,5092.205,547,561.4,5083.8591010063865
1773029220,5095.245,5095.965,5093.965,5095.965,562,563.85,5083.873745541875
1773029280,5097.225,5097.225,5095.225,5095.225,598,587.05,5083.89009418603
1773029340,5092.825,5094.825,5092.825,5094.825,581,598.2,5083.903647630921
1773029400,5095.715,5095.715,5093.715,5093.715,662,598.85,5083.919382462177
1773029460,5092.82,5094.82,5092.82,5094.82,434,615.95,5083.929447852547
1773029520,5095.285,5095.285,5093.285,5093.285,524,624.85,5083.941334990971
1773029580,5090.650000000001,5092.25,5090.25,5090.25,989,649.65,5083.956915160462
1773029700,5089.235,5091.235,5089.235,5091.235,177,637.4,5083.959556993359
1773029700.001,5092.11,5092.68,5090.68,5092.68,593,659.95,5083.970324389599
1773029760,5093.135,5093.135,5091.135,5091.135,484,609.5,5083.978860585309
1773029820,5090.26,5092.1,5090.1,5092.1,442,594,5083.98627351546
1773029880,5092.175,5092.545,5090.545,5092.545,897,624.45,5084.002168420991
1773030000,5093.2,5093.2,5091.2,5091.2,426,595.2,5084.0096836212
1773030060,5090.64,5091.645,5089.645,5091.645,410,556.65,5084.016086764074
1773030120,5092.305,5092.77,5090.77,5090.77,866,572.4,5084.030460656199
1773030240,5089.33,5091.33,5089.33,5091.33,385,563.25,5084.0361676473785
1773030300,5092.6900000000005,5093.845,5091.845,5093.845,718,569.95,5084.0508137485185
1773030420,5094.77,5094.77,5092.77,5092.77,453,564.5,5084.0602909845875
1773030480,5089.245,5090.865,5088.865,5088.865,395,557.15,5084.065104043478
1773030540,5088.465,5090.465,5088.465,5090.465,366,548.1,5084.069773368367
1773030600,5090.575,5090.575,5088.575,5088.575,135,526.75,5084.071326565488
1773030600.001,5087.51,5089.495,5087.495,5089.495,519,522.8,5084.076812406995
1773030660,5091.3,5092.42,5090.42,5092.42,726,530.05,5084.089175956259
1773030780,5092.525000000001,5093.015,5091.015,5091.015,1192,556.55,5084.109200181424
1773030960,5090.305,5092.305,5090.305,5092.305,123,541,5084.11124863964
1773030960.001,5092.3150000000005,5093.035,5091.035,5091.035,498,539.7,5084.119600705716
1773031080,5090.5650000000005,5091.875,5089.875,5089.875,1872,583.85,5084.146054431866
1773031380,5089.645,5090.225,5088.225,5088.225,409,595.45,5084.150321515221
1773031440,5088.1,5090.1,5088.1,5090.1,151,573.35,5084.152074709126
1773031440.001,5091.365,5091.365,5089.365,5089.365,477,573,5084.158231890575
1773031500,5086.84,5088.34,5086.34,5086.34,462,574,5084.161118076918
1773031560,5085.47,5087.47,5085.47,5087.47,524,555.35,5084.164151107415
1773031620,5089.385,5089.385,5087.385,5087.385,135,540.8,5084.165300463987
1773031620.001,5087.31,5087.975,5085.975,5087.975,501,545.35,5084.168745226416
1773031680,5089.655,5089.86,5087.86,5089.86,575,530.8,5084.175057633365
1773031800,5090.515,5090.515,5088.515,5088.515,386,530.85,5084.1792764587335
1773031860,5087.68,5088.215,5086.215,5088.215,364,513.15,5084.1819514682265
1773031920,5089.235,5089.645,5087.645,5087.645,274,504.2,5084.184418227538
1773031980,5086.54,5087.36,5085.36,5087.36,808,524.85,5084.188829756436
1773032100,5088.11,5088.11,5086.11,5086.11,274,520.25,5084.190371884313
1773032160,5085.695,5087.695,5085.695,5087.695,80,517.5,5084.190865573762
1773032160.001,5088.655,5090.06,5088.06,5090.06,350,509.05,5084.194822012126
1773032220,5090.285,5090.285,5088.285,5088.285,547,500.1,5084.200469006919
1773032340,5088.06,5090.06,5088.06,5090.06,93,445.15,5084.201516891308
1773032340.001,5091.51,5091.51,5089.51,5089.51,414,459.7,5084.2068795805235
1773032400,5085.59,5086.485,5084.485,5084.485,712,470.4,5084.208335634943
1773032460,5081.195,5083.185,5081.185,5083.185,758,414.7,5084.205567366529
1773032520,5084.08,5084.985,5082.985,5084.985,745,431.5,5084.205748620443
1773032580,5089.68,5091.4400000000005,5089.4400000000005,5091.4400000000005,785,463.2,5084.216852979431
1773032640,5096.06,5096.06,5094.06,5094.06,714,475.05,5084.232990767655
1773032700,5092.92,5094.92,5092.92,5094.92,257,464.8,5084.238525880893
1773032700.001,5098.335,5098.335,5096.335,5096.335,765,476.85,5084.259477437917
1773032760,5096.005,5098.005,5096.005,5098.005,253,482.75,5084.266574063145
1773032760.001,5101.5,5102.35,5100.35,5100.35,831,499.25,5084.296373393811
1773032820,5096.665,5098.665,5096.665,5098.665,846,512.8,5084.321145073804
1773032880,5102.215,5102.215,5100.215,5100.215,727,529.85,5084.3468334489
1773032940,5094.79,5096.79,5094.79,5096.79,459,534.6,5084.358355558675
1773033000,5097.57,5097.57,5095.57,5095.57,144,528.1,5084.362000470219
1773033000.001,5094.900000000001,5095.78,5093.78,5095.78,435,509.45,5084.371957251904
1773033060,5097.37,5098.71,5096.71,5098.71,474,519.45,5084.385739496548
1773033120,5099.5650000000005,5099.5650000000005,5097.5650000000005,5097.5650000000005,317,531.3,5084.3950681290635
1773033180,5096.81,5097.8,5095.8,5095.8,355,531.55,5084.404169404564
1773033240,5094.385,5096.385,5094.385,5096.385,97,509.05,5084.4064997154655
1773033240.001,5096.425,5097.755,5095.755,5095.755,657,537.25,5084.423237940847
1773033300,5095.14,5096.345,5094.345,5094.345,620,547.55,5084.437139607629
1773033360,5092.45,5094.45,5092.45,5094.45,134,518.65,5084.439790914684
1773033360.001,5095.18,5095.18,5093.18,5093.18,207,491.1,5084.443911376835
1773033420,5091.900000000001,5093.900000000001,5091.900000000001,5093.900000000001,68,457.25,5084.445175929484
1773033420.001,5093.975,5093.975,5091.975,5091.975,481,442.05,5084.453508883166
1773033480,5090.35,5091.81,5089.81,5089.81,718,442.25,5084.462635630933
1773033540,5087.3,5089.3,5087.3,5089.3,1004,479.6,5084.471454046401
1773033600,5091.1,5091.77,5089.77,5091.77,1502,516.45,5084.492365446471
1773033660,5095.02,5096.945,5094.945,5096.945,2007,604.15,5084.541815095787
1773033720,5102.205,5103.14,5101.14,5103.14,1194,622.3,5084.586461789705
1773033780,5104.6050000000005,5104.6050000000005,5102.6050000000005,5102.6050000000005,331,596.55,5084.599350044482
1773033780.001,5095.95,5097.95,5095.95,5097.95,979,609.15,5084.625173925211
1773033840,5098.79,5098.79,5096.79,5096.79,323,602.35,5084.633787258148
1773033840.001,5094.185,5095.505,5093.505,5093.505,1132,651.75,5084.656172886341
1773033900,5092.92,5094.92,5092.92,5094.92,1127,686.35,5084.678545879523
1773033960,5097.3150000000005,5098.6900000000005,5096.6900000000005,5098.6900000000005,934,709.35,5084.704278126675
1773034020,5099.46,5099.46,5097.46,5097.46,324,709.7,5084.713250422593
1773034020.001,5093.885,5095.885,5093.885,5095.885,1093,746.6,5084.736886215807
1773034080,5099.8150000000005,5099.8150000000005,5097.8150000000005,5097.8150000000005,256,754.55,5084.744125564668
1773034080.001,5095.42,5096.085,5094.085,5096.085,468,745.1,5084.754393550724
1773034140,5097.33,5097.33,5095.33,5095.33,978,763,5084.776947604028
1773034200,5091.915,5093.915,5091.915,5093.915,411,776.85,5084.784083720015
1773034200.001,5100.09,5100.09,5098.09,5098.09,410,787,5084.795815431594
1773034200.002,5096.64,5096.64,5094.64,5094.64,764,821.8,5084.8122346742175
1773034260,5094,5096,5094,5096,381,816.8,5084.8204244073495
1773034260.001,5102.4800000000005,5103.755,5101.755,5103.755,1472,854.5,5084.875198626005
1773034320,5104.3150000000005,5104.3150000000005,5102.3150000000005,5102.3150000000005,363,822.45,5084.8885768636765
1773034320.001,5102.13,5103.905,5101.905,5103.905,1015,798.1,5084.926408800157
1773034380,5108.575,5108.575,5106.575,5106.575,1400,767.75,5084.989687697267
1773034440,5103.97,5105.97,5103.97,5105.97,353,725.7,5085.004201496971
1773034440.001,5106.36,5107.21,5105.21,5107.21,1033,760.8,5085.0491422117575
1773034500,5113.52,5113.52,5111.52,5111.52,1085,766.1,5085.108484011173
1773034560,5108.745,5110.1,5108.1,5110.1,916,795.75,5085.153307469778
1773034620,5111.175,5111.175,5109.175,5109.175,892,783.75,5085.197529451842
1773034680,5106.485,5108.485,5106.485,5108.485,744,764.6,5085.231274786185
1773034740,5108.835,5108.835,5106.835,5106.835,261,730.95,5085.242923391037
1773034740.001,5104.84,5106.84,5104.84,5106.84,937,761.6,5085.282152471341
1773034800,5108.85,5109.9400000000005,5107.9400000000005,5109.9400000000005,732,743.55,5085.317229118641
1773034860,5111.27,5111.27,5109.27,5109.27,253,743.4,5085.329663798576
1773034860.001,5105.96,5107.96,5105.96,5107.96,1084,774.2,5085.3770914185025
1773034920,5114.25,5114.25,5112.25,5112.25,277,739.15,5085.39227920837
1773034920.001,5111.61,5113.61,5111.61,5113.61,1053,771.25,5085.449917969486
1773034980,5118.055,5118.055,5116.055,5116.055,350,768.25,5085.471648301789
1773034980.001,5115.075,5116.3150000000005,5114.3150000000005,5116.3150000000005,1225,791.3,5085.544863089479
1773035040,5121.51,5121.51,5119.51,5119.51,968,820.65,5085.61113199913
1773035100,5119.495,5121.495,5119.495,5121.495,280,761.05,5085.630613926246
1773035100.001,5128.2,5128.235,5126.235,5128.235,1216,803.7,5085.731125323888
1773035160,5129.995,5129.995,5127.995,5127.995,1195,812.7,5085.83200170873
1773035220,5125.67,5127.67,5125.67,5127.67,442,764.8,5085.867753280087
1773035220.001,5137.155,5137.155,5135.155,5135.155,442,769.25,5085.911093666264
1773035220.002,5130.925,5132.92,5130.92,5132.92,1371,786.15,5086.035473015824
1773035280,5137.05,5137.05,5135.05,5135.05,1152,789.5,5086.1472622516885
1773035340,5134.38,5136.38,5134.38,5136.38,347,761.05,5086.180834096202
1773035340.001,5140.79,5140.79,5138.79,5138.79,347,733.8,5086.216894193852
1773035340.002,5136.96,5138.805,5136.805,5138.805,835,738.35,5086.30132357284
1773035400,5140.2300000000005,5140.2300000000005,5138.2300000000005,5138.2300000000005,1469,798.75,5086.4513572817405
1773035460,5131.385,5132.975,5130.975,5130.975,1785,841.15,5086.607456428243
1773035520,5127.37,5129.37,5127.37,5129.37,1662,887.65,5086.742412684169
1773035580,5132.165,5132.1900000000005,5130.1900000000005,5130.1900000000005,1385,944.25,5086.859954511344
1773035640,5125.88,5127.25,5125.25,5125.25,1264,953.25,5086.95469850472
1773035700,5123.61,5124.31,5122.31,5122.31,1346,1006.7,5087.047509839009
1773035760,5120.34,5122.34,5120.34,5122.34,975,1002.8,5087.112013364916
1773035820,5123.150000000001,5123.150000000001,5121.150000000001,5121.150000000001,315,1001.05,5087.132887846088
1773035820.001,5120.515,5121.415,5119.415,5121.415,1253,1002.45,5087.213123892355
1773035880,5125.185,5126.175,5124.175,5124.175,1221,1015.1,5087.300441872201
1773035940,5122.8550000000005,5124.8550000000005,5122.8550000000005,5124.8550000000005,1418,1072,5087.399584827538
1773036000,5128.475,5129.0650000000005,5127.0650000000005,5129.0650000000005,943,1058.35,5087.472733852373
1773036060,5130.7300000000005,5130.7300000000005,5128.7300000000005,5128.7300000000005,286,1012.9,5087.495407393675
1773036060.001,5125.54,5126.1,5124.1,5124.1,1334,1057.5,5087.589191022746
1773036120,5121.265,5123.265,5121.265,5123.265,349,1052.85,5087.612222311231
1773036120.001,5125.345,5125.97,5123.97,5123.97,1002,1034.4,5087.682021134281
1773036180,5120.41,5121.22,5119.22,5121.22,1263,1039.95,5087.7599469657525
1773036240,5123.795,5125.345,5123.345,5125.345,1317,1088.45,5087.850983830313
1773036300,5128.995,5128.995,5126.995,5126.995,335,1087.85,5087.875939022475
1773036300.001,5126.76,5128.685,5126.685,5128.685,948,1093.5,5087.947020818035
1773036360,5130.685,5130.685,5128.685,5128.685,1032,1071.65,5088.026680614559
1773036420,5127.6,5129.6,5127.6,5129.6,358,1000.3,5088.053963960853
1773036420.001,5133.58,5133.58,5131.58,5131.58,358,935.1,5088.083419345004
1773036420.002,5130.47,5131.925,5129.925,5129.925,888,910.25,5088.153581004508
1773036480,5126.835,5128.2,5126.2,5126.2,996,896.85,5088.22511748277
1773036540,5122.575,5124.575,5122.575,5124.575,350,847.05,5088.248273322933
1773036540.001,5130.01,5130.755,5128.755,5130.755,1248,860.7,5088.344863207288
1773036600,5132.025000000001,5132.03,5130.03,5132.03,1184,904.15,5088.438874773965
1773036660,5133.825,5133.825,5131.825,5131.825,295,856.25,5088.462848396965
1773036660.001,5131.39,5131.475,5129.475,5129.475,456,818,5088.49787945701
1773036720,5129.425,5131.425,5129.425,5131.425,228,758.5,5088.515631958998
1773036720.001,5134.075,5134.075,5132.075,5132.075,228,722.75,5088.5342023487165
1773036720.002,5131.71,5131.900000000001,5129.900000000001,5129.900000000001,546,735.75,5088.576425357896
1773036780,5129.3550000000005,5129.71,5127.71,5127.71,1018,719.95,5088.650828714868
1773036840,5126.58,5128.58,5126.58,5128.58,888,746.9,5088.714749542566
1773036900,5128.875,5128.875,5126.875,5126.875,305,712.05,5088.736448626066
1773036900.001,5126.81,5128.755,5126.755,5128.755,1126,705.2,5088.817473328658
1773036960,5130.865,5130.865,5128.865,5128.865,732,675.95,5088.871897209965
1773037020,5128.38,5130.38,5128.38,5130.38,228,670.6,5088.888894812219
1773037020.001,5130.485,5131.46,5129.46,5129.46,1175,681.95,5088.977152873904
1773037080,5128.8,5130.17,5128.17,5128.17,988,679.75,5089.048755575791
1773037140,5127.345,5128.3,5126.3,5128.3,1153,719.5,5089.129474252872
1773037200,5130.16,5130.16,5128.16,5128.16,1179,760.55,5089.214211926601
1773037260,5124.64,5126.64,5124.64,5126.64,1128,772.55,5089.289130780036
1773037320,5128.79,5128.93,5126.93,5128.93,679,756.7,5089.336887163469
1773037380,5129.055,5129.055,5127.055,5127.055,200,749.2,5089.3507361102265
1773037380.001,5125.805,5127.27,5125.27,5125.27,1540,763.8,5089.452094028926
1773037500,5123.22,5125.22,5123.22,5125.22,202,714.7,5089.464844871596
1773037500.001,5127.275000000001,5128.925,5126.925,5128.925,810,740.45,5089.521270547997
1773037560,5129.52,5129.52,5127.52,5127.52,202,727.75,5089.535290587912
1773037560.001,5127.28,5127.475,5125.475,5125.475,837,758.2,5089.590207434909
1773037620,5123.3150000000005,5125.3,5123.3,5125.3,946,794.1,5089.649524768931
1773037680,5127.015,5128.335,5126.335,5126.335,611,797.35,5089.69031628306
1773037740,5126.05,5128.05,5126.05,5128.05,585,775.7,5089.729687243327
1773037800,5129.85,5129.85,5127.85,5127.85,152,738.9,5089.740211003407
1773037800.001,5126.645,5127.4800000000005,5125.4800000000005,5127.4800000000005,888,768.05,5089.798882297755
1773037860,5128.615,5128.615,5126.615,5126.615,1168,770.15,5089.876744223469
1773037920,5124.215,5126.215,5124.215,5126.215,1056,786.35,5089.943612780732
1773037980,5128.28,5128.28,5126.28,5126.28,957,822.8,5090.006367721142
1773038040,5124.0650000000005,5125.515,5123.515,5123.515,823,805.2,5090.05613886568
1773038100,5122.47,5122.755,5120.755,5120.755,931,802.35,5090.107727360517
1773038160,5118.92,5120.735,5118.735,5118.735,981,793.75,5090.158408380119
1773038220,5117.07,5118.02,5116.02,5116.02,1033,786.45,5090.206649473548
1773038280,5114.385,5116.385,5114.385,5116.385,1122,786.15,5090.256939644638
1773038340,5119.82,5119.82,5117.82,5117.82,1090,806.7,5090.310897342591
1773038400,5114.935,5116.935,5114.935,5116.935,268,810.1,5090.323090404296
1773038400.001,5117.400000000001,5117.7,5115.7,5115.7,804,773.3,5090.359739332545
1773038460,5114.27,5116.27,5114.27,5116.27,946,810.5,5090.4014674164
1773038520,5117.325,5117.325,5115.325,5115.325,1452,842.6,5090.4662302603265
1773038580,5104.725,5106.6900000000005,5104.6900000000005,5106.6900000000005,1422,903.6,5090.504692883087
1773038640,5109.515,5109.515,5107.515,5107.515,338,878.65,5090.515074859665
1773038640.001,5106.675,5108.515,5106.515,5108.515,1028,882.75,5090.545981633694
1773038700,5111.24,5111.24,5109.24,5109.24,1085,906.45,5090.582349200955
1773038760,5105.58,5107.58,5105.58,5107.58,247,889.55,5090.5893297153725
1773038760.001,5107.71,5108.505,5106.505,5108.505,809,922.4,5090.613444482263
1773038820,5109.12,5109.12,5107.12,5107.12,1114,933.7,5090.646441314716
1773038880,5103.375,5104.01,5102.01,5102.01,827,916.65,5090.663576764505
1773038940,5101.4400000000005,5103.4400000000005,5101.4400000000005,5103.4400000000005,273,877.5,5090.669268046973
1773038940.001,5107.265,5107.265,5105.265,5105.265,764,867.85,5090.68931541693
1773039000,5103.115,5105.115,5103.115,5105.115,245,838.95,5090.695108528336
1773039000.001,5106.585,5108.32,5106.32,5108.32,675,826.15,5090.71475746381
1773039060,5108.5,5108.5,5106.5,5106.5,214,787.8,5090.720798694754
1773039060.001,5101.93,5103.745,5101.745,5101.745,904,781.35,5090.7389053151965
1773039120,5100.45,5101.875,5099.875,5099.875,1068,778.65,5090.756809228519
1773039180,5098.055,5100.055,5098.055,5100.055,279,738.1,5090.760925583422
1773039180.001,5100.685,5101.395,5099.395,5099.395,708,760.1,5090.772167663405
1773039240,5097.22,5099.22,5097.22,5099.22,236,731.7,5090.775301508872
1773039240.001,5100.5650000000005,5102.04,5100.04,5102.04,518,710.3,5090.784661860122
1773039300,5102.585,5102.585,5100.585,5100.585,510,663.2,5090.793755804192
1773039360,5100.165,5102.165,5100.165,5102.165,169,600.55,5090.796836798521
1773039360.001,5103.125,5104.715,5102.715,5102.715,600,613.65,5090.809683443004
1773039420,5100.735,5101.385,5099.385,5101.385,561,590.3,5090.819131753041
1773039480,5102.31,5102.31,5100.31,5100.31,676,569.85,5090.830789458782
1773039540,5097.535,5097.975,5095.975,5095.975,1159,615.45,5090.842201135939
1773039600,5093.39,5095.39,5093.39,5095.39,326,591.3,5090.844343831879
1773039600.001,5097.035,5098.58,5096.58,5096.58,736,572.4,5090.852313842884
1773039660,5095.715,5095.955,5093.955,5093.955,901,576.1,5090.858049375889
1773039720,5093.8550000000005,5095.8550000000005,5093.8550000000005,5095.8550000000005,327,578.8,5090.860439423544
1773039720.001,5098.745,5098.745,5096.745,5096.745,1129,597.05,5090.872899830456
1773039780,5088.265,5090.265,5088.265,5090.265,267,598.15,5090.872326778402
1773039780.001,5091.055,5092.9800000000005,5090.9800000000005,5092.9800000000005,723,600.55,5090.874079028723
1773039840,5096.005,5096.005,5094.005,5094.005,709,625.3,5090.878602047298
1773039900,5089.335,5091.335,5089.335,5091.335,234,591.8,5090.878519425591
1773039900.001,5094.265,5095.51,5093.51,5095.51,668,571.8,5090.882961809018
1773039960,5095.92,5096.405,5094.405,5094.405,667,591.2,5090.88764278872
1773040020,5091.99,5093.99,5091.99,5093.99,174,564.5,5090.888352653994
1773040020.001,5094.705,5095.625,5093.625,5095.625,553,580.35,5090.892118997886
1773040080,5098.03,5098.125,5096.125,5098.125,690,588.95,5090.899691954487
1773040140,5098.685,5098.7,5096.7,5098.7,489,587.9,5090.905517902795
1773040200,5099.32,5099.6050000000005,5097.6050000000005,5099.6050000000005,493,604.1,5090.912126416058
1773040260,5100.775000000001,5101.785,5099.785,5101.785,610,604.6,5090.922505078921
1773040320,5102.095,5102.095,5100.095,5100.095,241,588.6,5090.926456450668
1773040320.001,5098.595,5098.595,5096.595,5096.595,589,584.25,5090.932668330289
1773040380,5096.035,5098.035,5096.035,5098.035,174,535,5090.934531977065
1773040380.001,5099.555,5099.975,5097.975,5097.975,597,548.55,5090.942181897524
1773040440,5096.265,5097.285,5095.285,5097.285,631,543.3,5090.948130536207
1773040500,5097.93,5098.37,5096.37,5098.37,670,531.75,5090.955639230914
1773040560,5098.97,5100.755,5098.755,5100.755,567,543.75,5090.964221949837
1773040620,5100.9800000000005,5100.9800000000005,5098.9800000000005,5098.9800000000005,198,497.2,5090.9670703935035
1773040620.001,5097.425,5099.365,5097.365,5099.365,929,530.3,5090.978952640916
1773040680,5101.575,5101.575,5099.575,5099.575,243,506.3,5090.98267486407
1773040680.001,5097.78,5099.045,5097.045,5099.045,807,511.2,5090.992531507866
1773040740,5100.27,5100.27,5098.27,5098.27,413,520.15,5090.997946268191
1773040800,5098.2300000000005,5100.2300000000005,5098.2300000000005,5100.2300000000005,286,501.05,5091.001987284904
1773040800.001,5101.375,5101.375,5099.375,5099.375,143,474.85,5091.004119172243
1773040800.002,5098.755,5098.975,5096.975,5098.975,644,498.35,5091.011868669636
1773040860,5101.46,5101.46,5099.46,5099.46,710,506.2,5091.022517744317
1773040920,5098.27,5100.185,5098.185,5098.185,563,499.85,5091.029764227112
1773040980,5098.175,5100.1,5098.1,5100.1,667,508.75,5091.038969103476
1773041040,5105.915,5105.915,5103.915,5103.915,798,524,5091.056693344957
1773041100,5102.215,5103.965,5101.965,5101.965,693,528.15,5091.069834075154
1773041160,5101.13,5103.13,5101.13,5103.13,162,524.2,5091.072856970883
1773041160.001,5103.245,5103.935,5101.935,5103.935,350,512.25,5091.079843620493
1773041220,5107.045,5107.045,5105.045,5105.045,455,526.3,5091.09073263721
1773041280,5104.93,5105.765,5103.765,5105.765,614,527.15,5091.1047858306765
1773041340,5107.1050000000005,5108.03,5106.03,5106.03,875,539.35,5091.12704602672
1773041400,5103.225,5104.09,5102.09,5104.09,723,542,5091.141534502587
1773041460,5105.755,5106.21,5104.21,5104.21,833,555.3,5091.160155334098
1773041580,5101.3550000000005,5101.975,5099.975,5099.975,429,566.85,5091.166770686274
1773041640,5099.88,5101.88,5099.88,5101.88,160,528.4,5091.169384307155
1773041640.001,5103.5,5103.755,5101.755,5103.755,457,539.1,5091.178234173041
1773041700,5105.89,5105.89,5103.89,5103.89,99,503.7,5091.180385731264
1773041700.001,5102.900000000001,5103.05,5101.05,5103.05,440,505.05,5091.188387524936
1773041760,5103.635,5104.3550000000005,5102.3550000000005,5102.3550000000005,803,530.9,5091.203792368029
1773041820,5102.13,5104.13,5102.13,5104.13,839,565.7,5091.220444984281
1773041880,5104.755,5105.445,5103.445,5103.445,679,567.45,5091.234600737983
1773041940,5102.67,5104.67,5102.67,5104.67,407,552.3,5091.242999699386
1773042000,5104.96,5104.975,5102.975,5104.975,730,560.65,5091.258395939394
1773042060,5107.615,5107.615,5105.615,5105.615,631,558.85,5091.273682965838
1773042120,5102.3,5104.3,5102.3,5104.3,628,550.35,5091.286187151047
1773042180,5105.32,5105.32,5103.32,5103.32,534,542.4,5091.297103502197
1773042240,5101.18,5101.56,5099.56,5099.56,678,568.2,5091.306837748717
1773042300,5096.425,5097.765,5095.765,5097.765,692,585.3,5091.313274345725
1773042360,5100.715,5100.715,5098.715,5098.715,735,599.3,5091.322787433017
1773042420,5095.5650000000005,5097.5650000000005,5095.5650000000005,5097.5650000000005,467,591.95,5091.326961180644
1773042480,5097.85,5097.85,5095.85,5095.85,139,555.15,5091.328117246745
1773042480.001,5095.1900000000005,5095.615,5093.615,5095.615,681,553.05,5091.3320639369895
1773042540,5097.57,5098.97,5096.97,5098.97,778,550.3,5091.340735598911
1773042600,5100.405,5100.76,5098.76,5098.76,1191,588.4,5091.3561039210335
1773042720,5097.295,5098.59,5096.59,5096.59,671,613.95,5091.362415468015
1773042780,5095.6050000000005,5096.36,5094.36,5096.36,633,622.75,5091.366781284827
1773042840,5097.46,5097.46,5095.46,5095.46,586,647.1,5091.371219116887
1773042900,5094.745,5096.745,5094.745,5096.745,216,635.9,5091.372836213679
1773042900.001,5098.385,5099.6,5097.6,5099.6,656,628.55,5091.380716261137
1773042960,5100.46,5100.975,5098.975,5098.975,583,615.75,5091.388361148978
1773043020,5098.135,5099.67,5097.67,5099.67,965,630.05,5091.400007863844
1773043140,5099.805,5101.085,5099.085,5101.085,1066,663,5091.415218864506
1773043200,5103.915,5103.915,5101.915,5101.915,782,665.6,5091.42901824026
1773043260,5101.865,5103.865,5101.865,5103.865,232,645.65,5091.433331619334
1773043260.001,5104.895,5106.845,5104.845,5106.845,1172,672.85,5091.460580431233
1773043320,5108.33,5108.53,5106.53,5108.53,1317,712,5091.494572430749
1773043380,5110.2,5110.425,5108.425,5110.425,832,719.7,5091.518451617845
1773043440,5111.055,5111.055,5109.055,5109.055,571,713.65,5091.534770886248
1773043500,5105.6,5106.41,5104.41,5104.41,807,717.25,5091.551907285001
1773043560,5100.865,5102.38,5100.38,5100.38,482,718,5091.55907811519
1773043620,5099.975,5101.975,5099.975,5101.975,129,717.5,5091.5610483219825
1773043620.001,5103.01,5103.01,5101.01,5101.01,438,705.35,5091.567984485375
1773043680,5099.745,5101.745,5099.745,5101.745,102,671.55,5091.569502863875
1773043680.001,5101.89,5103.89,5101.89,5103.89,555,639.75,5091.579617912896
1773043740,5106.135,5106.135,5104.135,5104.135,185,615.45,5091.58344220594
1773043740.001,5102.895,5103.255,5101.255,5103.255,438,605.7,5091.59097304289
1773043800,5104.650000000001,5104.915,5102.915,5102.915,528,602.8,5091.600856377472
1773043860,5100.015,5102.015,5100.015,5102.015,581,621.05,5091.609689207987
1773043920,5104.535,5104.535,5102.535,5102.535,151,595.8,5091.612418586414
1773043920.001,5101.57,5103.57,5101.57,5103.57,360,584.65,5091.618753157098
1773043980,5103.615,5103.615,5101.615,5101.615,180,545.4,5091.621743439048
1773043980.001,5100.62,5102.01,5100.01,5100.01,562,520.2,5091.629664890031
1773044040,5099.365,5100.055,5098.055,5098.055,817,521.95,5091.638672769682
1773044100,5095.015,5097.015,5095.015,5097.015,229,521.8,5091.640348878402
1773044100.001,5098.275000000001,5098.275000000001,5096.275000000001,5096.275000000001,349,480.65,5091.643222640901
1773044160,5095.755,5097.755,5095.755,5097.755,174,423.5,5091.644693869672
1773044160.001,5100.195,5100.205,5098.205,5100.205,854,424.6,5091.655147902542
1773044220,5104.77,5105.885,5103.885,5105.885,762,434.15,5091.671156470215
1773044280,5106.63,5106.63,5104.63,5104.63,580,422.8,5091.683386473749
1773044340,5099.67,5101.245,5099.245,5099.245,476,422.5,5091.689443257132
1773044400,5097.08,5098.765,5096.765,5096.765,756,453.85,5091.696148591899
1773044520,5095.58,5097.075,5095.075,5097.075,552,459.55,5091.70016289202
1773044580,5097.900000000001,5097.900000000001,5095.900000000001,5095.900000000001,143,461.6,5091.701236648307
1773044580.001,5095.875,5097.275000000001,5095.275000000001,5097.275000000001,390,453.35,5091.704187725576
1773044640,5098.45,5100.055,5098.055,5098.055,402,464.2,5091.708535123534
1773044700,5096.82,5097.455,5095.455,5097.455,696,477.1,5091.713977797986
1773044760,5098.11,5099.16,5097.16,5097.16,798,490.6,5091.7214777529625
1773044820,5095.72,5097.17,5095.17,5095.17,933,508.2,5091.727372597268
1773044880,5093.525000000001,5093.64,5091.64,5091.64,808,541.05,5091.728090346826
1773044940,5090.91,5092.265,5090.265,5092.265,664,556.25,5091.727958363387
1773045000,5095.955,5096.21,5094.21,5094.21,625,578.5,5091.73097010261
1773045060,5092.04,5092.685,5090.685,5090.685,903,595.55,5091.730446647208
1773045120,5087.07,5089.07,5087.07,5089.07,966,603,5091.725541984009
1773045180,5091.37,5092.52,5090.52,5092.52,861,634.6,5091.725709670789
1773045240,5096.52,5096.895,5094.895,5094.895,714,652.85,5091.729879265435
1773045300,5094.42,5095.4400000000005,5093.4400000000005,5093.4400000000005,589,673.6,5091.732008572415
1773045360,5093.1900000000005,5093.755,5091.755,5091.755,576,659.7,5091.732612254999
1773045420,5091.5,5093.5,5091.5,5093.5,218,632.5,5091.732976792531
1773045420.001,5095.895,5095.895,5093.895,5093.895,704,638.7,5091.73599884665
1773045480,5093.365,5095.365,5093.365,5095.365,1064,668.1,5091.740774351437
1773045540,5096.345,5096.345,5094.345,5094.345,926,676.6,5091.7453569510235
1773045600,5092.51,5094.51,5092.51,5094.51,700,684,5091.747576545319
1773045660,5095.205,5095.205,5093.205,5093.205,1228,738.25,5091.7515115112465
1773045720,5092.32,5094.32,5092.32,5094.32,822,759.85,5091.753866956952
1773045780,5096.085,5096.085,5094.085,5094.085,282,753.85,5091.755140162979
1773045780.001,5092.26,5092.885,5090.885,5090.885,911,764.6,5091.754861372633
1773045840,5089.225,5090.435,5088.435,5088.435,960,772.7,5091.75103607479
1773045900,5088.1900000000005,5090.1900000000005,5088.1900000000005,5090.1900000000005,858,768.95,5091.748169190509
1773045960,5091.14,5091.14,5089.14,5089.14,303,743.7,5091.747287230498
1773045960.001,5087.2300000000005,5089.2300000000005,5087.2300000000005,5089.2300000000005,1131,767.05,5091.741897563875
1773046020,5091.22,5092.38,5090.38,5092.38,997,785.65,5091.741855003775
1773046080,5098.34,5099.735,5097.735,5099.735,831,782.05,5091.750942457938
1773046140,5100.900000000001,5101.715,5099.715,5099.715,1097,788.6,5091.765051231988
1773046200,5096.81,5098.81,5096.81,5098.81,922,791.65,5091.773802556191
1773046260,5102.77,5102.77,5100.77,5100.77,207,766.3,5091.7767782043975
1773046260.001,5099.695,5100.36,5098.36,5098.36,809,777.3,5091.785493113196
1773046320,5097.78,5098.66,5096.66,5096.66,975,797.25,5091.793509167451
1773046380,5095.31,5097.31,5095.31,5097.31,540,813.35,5091.79739179927
1773046440,5098.68,5098.68,5096.68,5096.68,152,785.75,5091.79864202498
1773046440.001,5095.885,5097.235,5095.235,5095.235,685,766.8,5091.8028036464675
1773046500,5095.205,5095.71,5093.71,5093.71,889,764.95,5091.806187283476
1773046620,5092.56,5094.56,5092.56,5094.56,128,736.35,5091.806582265372
1773046620.001,5095.86,5096.545,5094.545,5096.545,714,710.65,5091.810876003925
1773046680,5098.63,5099.425,5097.425,5099.425,758,707.45,5091.81864500779
1773046740,5100.13,5100.13,5098.13,5098.13,281,707.4,5091.821536545613
1773046740.001,5096.150000000001,5097.28,5095.28,5097.28,840,703.85,5091.827464847221
1773046800,5098.26,5098.26,5096.26,5096.26,678,689.75,5091.832551721997
1773046860,5095.9400000000005,5097.9400000000005,5095.9400000000005,5097.9400000000005,246,659.15,5091.834520326102
1773046860.001,5102.03,5102.675,5100.675,5102.675,983,693.15,5091.849208634898
1773046920,5104.67,5104.67,5102.67,5102.67,245,648.85,5091.853340710911
1773046920.001,5102.6050000000005,5103.08,5101.08,5101.08,594,628.7,5091.8619611316135
1773046980,5098.745,5099.84,5097.84,5097.84,1045,639.4,5091.872131261622
1773047040,5095.95,5097.085,5095.085,5097.085,876,628.35,5091.877956724758
1773047100,5101.125,5103.11,5101.11,5103.11,967,630.6,5091.892880379599
1773047160,5104.275000000001,5104.275000000001,5102.275000000001,5102.275000000001,256,633.05,5091.897010435289
1773047160.001,5101.54,5103.53,5101.53,5103.53,748,630,5091.9089748075685
1773047220,5106.545,5106.545,5104.545,5104.545,249,593.7,5091.913804377611
1773047220.001,5103.535,5104.995,5102.995,5104.995,741,603.75,5091.927202658625
1773047280,5108.99,5108.99,5106.99,5106.99,616,626.95,5091.941302226339
1773047340,5106.4400000000005,5108.4400000000005,5106.4400000000005,5108.4400000000005,185,601.95,5091.945563138937
1773047340.001,5111.935,5111.935,5109.935,5109.935,185,566.75,5091.950582749997
1773047340.002,5109.47,5111.47,5109.47,5111.47,378,579.25,5091.960941449334
1773047400,5113.055,5113.055,5111.055,5111.055,534,570.25,5091.97626805094
1773047460,5110.77,5112.77,5110.77,5112.77,203,542.5,5091.982200720968
1773047460.001,5114.12,5114.175,5112.175,5114.175,1075,582.2,5092.015749043027
1773047520,5116.71,5116.885,5114.885,5114.885,810,580.7,5092.043354998718
1773047580,5111.455,5112.645,5110.645,5112.645,629,578.25,5092.061495849767
1773047640,5114.325,5114.395,5112.395,5114.395,695,600.7,5092.083259669336
1773047700,5117.47,5119.195,5117.195,5119.195,958,599.45,5092.119824551138
1773047760,5119.58,5119.58,5117.58,5117.58,809,627.65,5092.150295258061
1773047820,5115.885,5117.885,5115.885,5117.885,710,633.45,5092.175927198834
1773047880,5118.81,5118.81,5116.81,5116.81,715,616.95,5092.201952459725
1773047940,5116.12,5117.8150000000005,5115.8150000000005,5115.8150000000005,689,607.6,5092.22599544302
1773048000,5114.695,5116.695,5114.695,5116.695,709,594.7,5092.250225202061
1773048060,5120.305,5121.875,5119.875,5121.875,601,611.95,5092.275191451931
1773048120,5122.6900000000005,5122.6900000000005,5120.6900000000005,5120.6900000000005,211,585.1,5092.283991318948
1773048120.001,5119.385,5120.32,5118.32,5118.32,629,604.1,5092.308056607061
1773048180,5118.185,5120.185,5118.185,5120.185,370,585.55,5092.322474113461
1773048240,5120.67,5120.67,5118.67,5118.67,115,560.5,5092.326922205714
1773048240.001,5117.1900000000005,5118.475,5116.475,5116.475,367,569.6,5092.339954824022
1773048300,5116.32,5118.32,5116.32,5118.32,126,566.65,5092.344518325139
1773048300.001,5119.37,5120.38,5118.38,5120.38,491,572.3,5092.363731980455
1773048360,5122.34,5122.34,5120.34,5120.34,394,565.3,5092.379858537537
1773048420,5119.945,5121.945,5119.945,5121.945,534,581.85,5092.401893526051
1773048480,5125.99,5126.875,5124.875,5124.875,790,567.6,5092.439234328538
1773048540,5124.7,5126.7,5124.7,5126.7,904,572.3,5092.482493565033
1773048600,5127.205,5127.665,5125.665,5127.665,1102,595.95,5092.53658970332
1773048660,5128.745,5128.9400000000005,5126.9400000000005,5128.9400000000005,1376,630,5092.606388922392
1773048720,5131.07,5132.765,5130.765,5130.765,2582,711.2,5092.748163768608
1773048840,5126.245,5128.245,5126.245,5128.245,360,688.75,5092.765887918249
1773048840.001,5128.835,5130.835,5128.835,5130.835,604,683.45,5092.7977940109495
1773048900,5131.125,5131.125,5129.125,5129.125,302,662.8,5092.813566063988
1773048900.001,5125.900000000001,5127.900000000001,5125.900000000001,5127.900000000001,1012,678.95,5092.8626704075705
1773048960,5128.635,5128.635,5126.635,5126.635,355,661.25,5092.879896747711
1773048960.001,5123.575,5125.575,5123.575,5125.575,355,648.95,5092.895909319642
1773048960.002,5125.77,5127.75,5125.75,5127.75,632,670,5092.926310754803
1773049020,5128.11,5128.11,5126.11,5126.11,315,654.3,5092.941307326084
1773049020.001,5123.51,5125.51,5123.51,5125.51,315,651.55,5092.955434478821
1773049020.002,5125.55,5126.33,5124.33,5126.33,574,674.5,5092.981806295926
1773049080,5127.58,5127.58,5125.58,5125.58,925,702.4,5093.024972020124
1773049140,5117.935,5119.935,5117.935,5119.935,731,732.65,5093.051856602635
1773049200,5120.1,5120.1,5118.1,5118.1,243,720.25,5093.060610635716
1773049200.001,5116.4400000000005,5118.12,5116.12,5116.12,1033,752.2,5093.094896604036
1773049260,5113.465,5115.005,5113.005,5113.005,887,769.85,5093.120397346002
1773049320,5111.095,5112.47,5110.47,5110.47,929,776.8,5093.14375177385
1773049380,5107.745,5108.205,5106.205,5106.205,1059,784.55,5093.164007504351
1773049440,5102.655,5104.655,5102.655,5104.655,1028,780.85,5093.179489243262
1773049500,5104.925,5104.925,5102.925,5102.925,378,730.95,5093.184962310511
1773049500.001,5096.455,5098.455,5096.455,5098.455,1443,674,5093.1941809991595
1773049560,5103.655,5104.28,5102.28,5104.28,1162,714.1,5093.21095611636
1773049620,5105.895,5105.895,5103.895,5103.895,269,697.35,5093.215185144136
1773049620.001,5103.36,5103.635,5101.635,5101.635,846,724.55,5093.225819782643
1773049680,5099.54,5099.86,5097.86,5099.86,1169,732.4,5093.235455027606
1773049740,5101.45,5102.45,5100.45,5102.45,912,760.25,5093.2462088111315
1773049800,5107.06,5107.27,5105.27,5105.27,1048,794.9,5093.264528550946
1773049860,5104.8150000000005,5106.8150000000005,5104.8150000000005,5106.8150000000005,865,806.55,5093.279861433655
1773049920,5107.53,5107.53,5105.53,5105.53,292,805.4,5093.285048563195
1773049920.001,5101.735,5103.735,5101.735,5103.735,292,804.25,5093.288975756774
1773049920.002,5104.24,5104.335,5102.335,5102.335,813,816.2,5093.299819013959
1773049980,5101.925,5103.685,5101.685,5103.685,1015,820.7,5093.313345677088
1773050040,5105.54,5105.575,5103.575,5103.575,1011,834.7,5093.328475285241
1773050100,5101.655,5103.655,5101.655,5103.655,254,835.25,5093.331834026215
1773050100.001,5104.71,5105.99,5103.99,5103.99,750,821.1,5093.34344903269
1773050160,5103.015,5104.965,5102.965,5102.965,1334,843.45,5093.362183046512
1773050280,5102.265,5104.265,5102.265,5104.265,171,805.55,5093.364571772137
1773050280.001,5104.3,5105.74,5103.74,5105.74,825,793.85,5093.377739466333
1773050340,5105.825,5107.385,5105.385,5107.385,1126,798.75,5093.398184709608
1773050400,5108.205,5108.205,5106.205,5106.205,870,823.35,5093.414120142714
1773050460,5105.31,5107.31,5105.31,5107.31,284,765.4,5093.419225774454
1773050460.001,5108.6,5108.6,5106.6,5106.6,1235,769.05,5093.442426702272
1773050520,5104.325,5104.88,5102.88,5104.88,1095,810.35,5093.458403530815
1773050580,5105.17,5106.395,5104.395,5106.395,796,807.85,5093.47161987363
1773050640,5107.91,5107.91,5105.91,5105.91,553,777.05,5093.481419172227
1773050700,5105.4400000000005,5107.4400000000005,5105.4400000000005,5107.4400000000005,187,740.8,5093.484779259971
1773050700.001,5108.78,5108.78,5106.78,5106.78,1184,747.6,5093.507090451134
1773050820,5105.47,5107.47,5105.47,5107.47,183,713.5,5093.510373668983
1773050820.001,5109.735,5109.735,5107.735,5107.735,440,720.9,5093.519209491601
1773050880,5107.6,5109.6,5107.6,5109.6,128,712.7,5093.521869700604
1773050880.001,5109.6900000000005,5109.805,5107.805,5109.805,1169,730.5,5093.546445076539
1773051000,5111.16,5111.32,5109.32,5109.32,1489,754.2,5093.579332941024
1773051180,5108.225,5109.905,5107.905,5109.905,475,727.4,5093.58931945456
1773051240,5109.97,5109.97,5107.97,5107.97,613,745.35,5093.6016937185195
1773051300,5107.585,5109.47,5107.47,5109.47,699,742.8,5093.615935342296
1773051360,5110.02,5110.49,5108.49,5108.49,1244,738.3,5093.641803186661
1773051480,5106.400000000001,5106.415,5104.415,5104.415,717,765.6,5093.652767765469
1773051540,5104.025000000001,5104.885,5102.885,5104.885,1081,778.4,5093.668013322003
1773051660,5104.9800000000005,5105.27,5103.27,5105.27,662,755.2,5093.677667842934
1773051720,5105.435,5105.435,5103.435,5103.435,604,741.9,5093.686057859937
1773051780,5102.155,5104.155,5102.155,5104.155,487,752.05,5093.69241505684
1773051840,5106.035,5106.035,5104.035,5104.035,172,698.9,5093.694936194602
1773051840.001,5102.04,5104.04,5102.04,5104.04,829,685.6,5093.70560680395
1773051900,5105.3150000000005,5105.86,5103.86,5103.86,1597,725.65,5093.72854105397
1773052020,5102.93,5104.93,5102.93,5104.93,485,722.25,5093.73531743936
1773052080,5105.215,5105.215,5103.215,5103.215,155,720.65,5093.737402806939
1773052080.001,5100.49,5102.4400000000005,5100.4400000000005,5100.4400000000005,686,695.75,5093.744100025425
1773052140,5098.2,5099.67,5097.67,5097.67,999,736.55,5093.750170082957
1773052200,5093.66,5093.72,5091.72,5091.72,830,756.05,5093.748674434494
1773052260,5090.615,5092.615,5090.615,5092.615,277,763.5,5093.748015608366
1773052260.001,5094.885,5094.885,5092.885,5092.885,737,741.9,5093.747824618794
1773052320,5092.07,5094.07,5092.07,5094.07,230,678.95,5093.747720077501
1773052320.001,5096.67,5096.67,5094.67,5094.67,928,701.6,5093.749663233341
1773052380,5092.68,5094.68,5092.68,5094.68,565,699.2,5093.749859405085
1773052440,5095.34,5095.34,5093.34,5093.34,166,672.55,5093.7499155289515
1773052440.001,5093.06,5093.57,5091.57,5091.57,502,635.45,5093.74891608294
1773052500,5090.01,5091.56,5089.56,5089.56,408,620,5093.747026384642
1773052560,5089.085,5091.085,5089.085,5091.085,148,573.35,5093.74637870066
1773052560.001,5092.5,5092.55,5090.55,5092.55,669,573.7,5093.744741524432
1773052620,5093.835,5094.465,5092.465,5094.465,913,589.15,5093.744805718449
1773052680,5095.555,5095.555,5093.555,5093.555,370,583.3,5093.745037088996
1773052680.001,5091.39,5092.59,5090.59,5092.59,1404,644.9,5093.741689280569
1773052740,5094.255,5096.005,5094.005,5096.005,1274,667.15,5093.744347370421
1773052800,5097.51,5097.51,5095.51,5095.51,1106,642.6,5093.747857641181
1773052920,5095.2,5097.2,5095.2,5097.2,163,626.5,5093.748449965441
1773052920.001,5100.435,5100.435,5098.435,5098.435,856,661.55,5093.754421368894
1773052980,5093.655,5095.655,5093.655,5095.655,850,669.75,5093.7557866124735
1773053040,5096.56,5096.56,5094.56,5094.56,742,656.9,5093.757205895285
1773053100,5093.61,5095.61,5093.61,5095.61,700,650.4,5093.758284648274
1773053160,5096.58,5096.58,5094.58,5094.58,923,682.7,5093.760067389214
1773053220,5091.145,5091.96,5089.96,5091.96,833,687.5,5093.757403781621
1773053280,5094.075,5094.075,5092.075,5092.075,806,716.3,5093.756343635429
1773053340,5090.8150000000005,5091.57,5089.57,5089.57,840,711.9,5093.752519270388
1773053400,5088.28,5090.08,5088.08,5088.08,1246,745.95,5093.744464114666
1773053460,5083.845,5085.845,5083.845,5085.845,344,754.85,5093.74066022346
1773053460.001,5088.215,5088.3,5086.3,5086.3,511,755.3,5093.736194783642
1773053520,5085.43,5087.43,5085.43,5087.43,255,747.65,5093.7339017684235
1773053520.001,5092.46,5093.115,5091.115,5093.115,786,779.55,5093.732600000765
1773053580,5093.905,5095.1900000000005,5093.1900000000005,5095.1900000000005,787,785.45,5093.733400904661
1773053640,5096.6050000000005,5096.8150000000005,5094.8150000000005,5094.8150000000005,709,775.25,5093.734994702421
1773053700,5094.375,5096.04,5094.04,5094.04,692,791.35,5093.7358585140255
1773053760,5093.7,5095.7,5093.7,5095.7,174,729.85,5093.736148478228
1773053760.001,5095.75,5096.11,5094.11,5094.11,570,694.65,5093.736909685448
1773053820,5093.975,5094.715,5092.715,5092.715,940,686.35,5093.736481622008
1773053880,5092.31,5093.1050000000005,5091.1050000000005,5091.1050000000005,1080,732.2,5093.733765187128
1773053940,5087.175,5089.175,5087.175,5089.175,1491,763.95,5093.723810546563
1773054000,5095.195,5096.02,5094.02,5094.02,1349,788.9,5093.725467274474
1773054060,5092.935,5094.935,5092.935,5094.935,631,783.35,5093.725903841065
1773054120,5095.035,5095.035,5093.035,5093.035,158,756.25,5093.725898961511
1773054120.001,5093.01,5094.36,5092.36,5094.36,932,756.7,5093.725860333626
1773054180,5097.005,5097.005,5095.005,5095.005,670,748.55,5093.727518124734
1773054240,5094.415,5096.415,5094.415,5096.415,206,718.55,5093.728047343778
1773054240.001,5096.785,5096.885,5094.885,5094.885,1654,759.25,5093.7318738207105
1773054360,5091.29,5093.29,5091.29,5093.29,954,744.65,5093.73053382301
1773054420,5097.52,5097.52,5095.52,5095.52,853,770.1,5093.733185593064
1773054480,5094.8550000000005,5096.13,5094.13,5094.13,930,791.05,5093.734435957981
1773054540,5092.95,5093.46,5091.46,5091.46,1056,831.1,5093.73229241445
1773054600,5090.67,5092.67,5090.67,5092.67,1095,846.55,5093.7299054634395
1773054660,5093.995,5093.995,5091.995,5091.995,754,844.9,5093.728890917534
1773054720,5091.07,5093.07,5091.07,5093.07,239,821.4,5093.7284919865315
1773054720.001,5093.57,5094.915,5092.915,5094.915,1401,856.85,5093.729407457866
1773054840,5094.93,5094.93,5092.93,5092.93,204,858.35,5093.729373428096
1773054840.001,5090.56,5092.295,5090.295,5092.295,917,875.7,5093.726955029187
1773054900,5092.375,5092.46,5090.46,5092.46,924,874.9,5093.724714945074
1773054960,5092.8,5092.8,5090.8,5090.8,644,853.1,5093.722893192414
1773055020,5089.04,5091.04,5089.04,5091.04,138,785.45,5093.722314214394
1773055020.001,5091.42,5091.45,5089.45,5089.45,354,735.7,5093.720716168469
1773055080,5089.25,5089.64,5087.64,5087.64,715,739.9,5093.71587397219
1773055140,5086.495,5088.495,5086.495,5088.495,199,741.95,5093.714408785289
1773055140.001,5088.53,5089.685,5087.685,5087.685,924,741.55,5093.708219174082
1773055200,5079.93,5081.93,5079.93,5081.93,941,755.1,5093.693608345469
1773055260,5085.81,5086.035,5084.035,5086.035,837,786.65,5093.684923440691
1773055320,5088.68,5088.68,5086.68,5086.68,208,714.35,5093.6832807280225
1773055320.001,5085.875,5087.875,5085.875,5087.875,534,693.35,5093.678975292708
1773055380,5087.945,5087.945,5085.945,5085.945,267,664.05,5093.676626414382
1773055380.001,5083.3550000000005,5084.09,5082.09,5084.09,929,664,5093.664783124588
1773055440,5086.63,5086.63,5084.63,5084.63,220,622.2,5093.662494761743
1773055440.001,5084.5650000000005,5086.5650000000005,5084.5650000000005,5086.5650000000005,495,592.2,5093.657720490249
1773055500,5086.74,5086.74,5084.74,5084.74,247,566.85,5093.65518955815
1773055500.001,5081.3550000000005,5083.3550000000005,5081.3550000000005,5083.3550000000005,247,567.25,5093.651826611107
1773055500.002,5084.3,5084.3,5082.3,5082.3,600,527.2,5093.6438732661045
1773055560,5082.18,5084.18,5082.18,5084.18,300,532,5093.640104407962
1773055560.001,5086.1900000000005,5087.54,5085.54,5085.54,923,532.3,5093.631605746313
1773055620,5082.04,5083.79,5081.79,5083.79,743,523.25,5093.621943463343
1773055680,5083.9400000000005,5083.9400000000005,5081.9400000000005,5081.9400000000005,618,521.95,5093.613525413676
1773055740,5079.985,5081.985,5079.985,5081.985,220,526.05,5093.610181404515
1773055740.001,5085.95,5087.9400000000005,5085.9400000000005,5087.9400000000005,1006,558.65,5093.602310204488
1773055800,5090.335,5090.335,5088.335,5088.335,921,568.95,5093.597084386274
1773055860,5086.83,5086.835,5084.835,5084.835,696,593.8,5093.590141309765
1773055920,5083.42,5084.135,5082.135,5084.135,678,581.5,5093.581691857717
1773055980,5085.82,5085.82,5083.82,5083.82,481,558.5,5093.576308755615
1773056040,5083.255,5085.255,5083.255,5085.255,154,524.35,5093.574605876021
1773056040.001,5086.935,5087.95,5085.95,5087.95,868,557.35,5093.567894739962
1773056100,5091.43,5092.61,5090.61,5090.61,951,578.2,5093.565220013488
1773056160,5089.75,5091.75,5089.75,5091.75,610,595.35,5093.5633629906415
1773056220,5093.215,5093.215,5091.215,5091.215,185,558.15,5093.562981462807
1773056220.001,5089.695,5090.015,5088.015,5088.015,841,589.2,5093.557952342094
1773056280,5085.285,5087.285,5085.285,5087.285,218,575.35,5093.5560995128335
1773056280.001,5089.06,5090.52,5088.52,5090.52,479,586.95,5093.553928560056
1773056340,5091.235,5091.49,5089.49,5089.49,1195,634.35,5093.548966628975
1773056460,5088.415,5089.900000000001,5087.900000000001,5087.900000000001,712,639.95,5093.54463465451
1773056520,5086.635,5087.795,5085.795,5085.795,805,665.2,5093.537678640264
1773056580,5085.02,5085.92,5083.92,5085.92,1026,670.35,5093.527322173993
1773056640,5087.025000000001,5087.025000000001,5085.025000000001,5085.025000000001,1053,685.85,5093.517281730548
1773056700,5084.64,5086.64,5084.64,5086.64,1060,707.95,5093.5075633493725
1773056760,5089.985,5090.385,5088.385,5088.385,1558,774.85,5093.499142219261
1773056880,5088.115,5089.125,5087.125,5087.125,801,764.6,5093.493602055278
1773056940,5086.09,5086.28,5084.28,5084.28,914,764.25,5093.484145741127
1773057000,5084.26,5086.26,5084.26,5086.26,722,765.55,5093.477255335457
1773057060,5087.6900000000005,5087.79,5085.79,5087.79,745,768.9,5093.471535376817
1773057120,5091.905,5091.905,5089.905,5089.905,639,776.8,5093.469298002111
1773057180,5089.05,5091.05,5089.05,5091.05,618,800,5093.4669970106315
1773057240,5093.075,5093.64,5091.64,5093.64,716,792.4,5093.466570917269
1773057360,5094.725,5094.725,5092.725,5092.725,158,752.75,5093.466556653266
1773057360.001,5091.1,5092.8150000000005,5090.8150000000005,5090.8150000000005,670,755.75,5093.464955110474
1773057420,5090.205,5091.4400000000005,5089.4400000000005,5089.4400000000005,659,779.45,5093.462292018382
1773057480,5089.22,5090.31,5088.31,5088.31,553,765.05,5093.459309095648
1773057540,5087.89,5089.89,5087.89,5089.89,1001,804.2,5093.454216268203
1773057600,5092.16,5093.8550000000005,5091.8550000000005,5093.8550000000005,1370,848.75,5093.453779482501
1773057660,5096.685,5097.655,5095.655,5097.655,980,838,5093.457928144101
1773057720,5098.83,5098.83,5096.83,5096.83,1024,853.6,5093.462875358316
1773057780,5094.985,5096.985,5094.985,5096.985,272,826.95,5093.463804150203
1773057780.001,5097.3,5098.075,5096.075,5098.075,580,804.65,5093.466538133058
1773057840,5098.285,5098.475,5096.475,5096.475,649,784.45,5093.469386219435
1773057900,5095.67,5096.46,5094.46,5094.46,1532,808.05,5093.472412414733
1773058020,5094.22,5096.22,5094.22,5096.22,687,764.5,5093.4741149613865
1773058080,5097.785,5099.34,5097.34,5099.34,1575,803.2,5093.483848964358
1773058200,5099.845,5099.845,5097.845,5097.845,614,788.2,5093.487515905101
1773058260,5095.7300000000005,5096.2300000000005,5094.2300000000005,5096.2300000000005,890,796.6,5093.489708085432
1773058320,5097.54,5097.84,5095.84,5097.84,782,798.45,5093.493122973811
1773058380,5097.995,5098.045,5096.045,5096.045,756,804.3,5093.496004924019
1773058440,5095.62,5096.905,5094.905,5094.905,776,812.2,5093.497910931451
1773058500,5094.74,5096.535,5094.535,5096.535,986,825.7,5093.500673432944
1773058560,5098.34,5098.54,5096.54,5098.54,720,853.8,5093.504391426477
1773058620,5099.87,5099.87,5097.87,5097.87,1731,906.85,5093.514657514923
1773058740,5097.18,5099.18,5097.18,5099.18,1022,925,5093.520671005528
1773058800,5103.485,5103.485,5101.485,5101.485,791,936.9,5093.528699867027
1773058860,5099.79,5101.79,5099.79,5101.79,174,895.55,5093.530253626508
1773058860.001,5102.24,5104.235,5102.235,5104.235,461,850.1,5093.5356916859455
1773058920,5104.31,5104.31,5102.31,5102.31,230,812.6,5093.538242740233
1773058920.001,5102.13,5102.675,5100.675,5102.675,698,796.3,5093.545182788754
1773058980,5104.04,5104.425,5102.425,5104.425,788,822.1,5093.554621298744
1773059040,5106.345,5106.345,5104.345,5104.345,714,828.8,5093.56420702057
1773059100,5102.405,5104.405,5102.405,5104.405,519,822.3,5093.570390806088
1773059160,5104.74,5106.26,5104.26,5106.26,555,773.45,5093.578200095339
1773059220,5106.425,5107.9800000000005,5105.9800000000005,5107.9800000000005,522,765.2,5093.586585922368
1773059280,5108.85,5110.645,5108.645,5110.645,1082,740.55,5093.607303824278
1773059400,5110.965,5112.505,5110.505,5110.505,1342,776.95,5093.634795289749
1773059580,5109.63,5111.63,5109.63,5111.63,133,739.1,5093.637482855996
1773059580.001,5111.96,5112.135,5110.135,5110.135,520,726,5093.647884664239
1773059640,5108.705,5110.705,5108.705,5110.705,412,708.8,5093.655750808798
1773059700,5110.76,5110.76,5108.76,5108.76,141,677.05,5093.658340682391
1773059700.001,5107.53,5109.53,5107.53,5109.53,438,649.65,5093.666093175295
1773059760,5110.685,5110.685,5108.685,5108.685,148,621.05,5093.6687950695905
1773059760.001,5108.35,5110.085,5108.085,5110.085,1081,588.55,5093.688585429547
1773059880,5110.135,5110.21,5108.21,5108.21,888,581.85,5093.704246736212
1773060000,5108.17,5110.17,5108.17,5110.17,359,560.25,5093.710830246756
1773060060,5111.11,5111.11,5109.11,5109.11,423,572.7,5093.7187145194
1773060120,5103.900000000001,5105.900000000001,5103.900000000001,5105.900000000001,485,573.9,5093.7251898945005
1773060180,5106.3550000000005,5107.09,5105.09,5107.09,601,592.45,5093.734032612772
1773060240,5107.21,5107.295,5105.295,5105.295,579,586.5,5093.742230478856
1773060300,5104.345,5106.1050000000005,5104.1050000000005,5104.1050000000005,731,583.65,5093.75155836127
1773060360,5103.405,5104.66,5102.66,5102.66,1034,599.65,5093.762999187252
1773060480,5101.56,5103.56,5101.56,5103.56,348,591.1,5093.766669342639
1773060540,5103.695,5103.695,5101.695,5101.695,120,569.35,5093.767860544418
1773060540.001,5100.445,5101.055,5099.055,5099.055,843,585.4,5093.773651603239
1773060600,5097.62,5099.115,5097.115,5097.115,976,580.1,5093.778160041041
1773060660,5096,5097.1,5095.1,5097.1,1233,574.65,5093.781927826367
1773060780,5097.215,5097.215,5095.215,5095.215,166,576.3,5093.782328896766
1773060780.001,5094.945,5096.55,5094.55,5094.55,1740,637.3,5093.785194917119
1773060960,5093.4800000000005,5095.4800000000005,5093.4800000000005,5095.4800000000005,217,627.55,5093.78545105965
1773060960.001,5098.31,5098.31,5096.31,5096.31,685,654.75,5093.787958760268
1773061020,5095.625,5095.735,5093.735,5093.735,686,667.15,5093.788441344541
1773061080,5093.49,5095.49,5093.49,5095.49,728,696.15,5093.789304226667
1773061140,5097.47,5097.47,5095.47,5095.47,184,651.3,5093.789798800949
1773061140.001,5095.07,5097.07,5095.07,5097.07,810,647.4,5093.792220633945
1773061200,5097.335,5097.335,5095.335,5095.335,405,649.7,5093.793243851962
1773061200.001,5089.445,5091.445,5089.445,5091.445,404,648.75,5093.791851705379
1773061200.002,5094.11,5094.135,5092.135,5092.135,736,661.3,5093.791019447018
1773061260,5091.205,5093.205,5091.205,5093.205,368,649.65,5093.790493221871
1773061260.001,5095.81,5097.495,5095.495,5097.495,1531,697.25,5093.795793068275
1773061320,5099.475,5099.475,5097.475,5097.475,977,709.55,5093.800626010434
1773061380,5094.1050000000005,5096.1050000000005,5094.1050000000005,5096.1050000000005,196,667.65,5093.800991298451
1773061380.001,5097.29,5098.795,5096.795,5098.795,502,675.35,5093.803461998209
1773061440,5099.335,5099.335,5097.335,5097.335,646,701.65,5093.806544278899
1773061500,5097.09,5097.485,5095.485,5095.485,888,703.9,5093.80890865444
1773061560,5093.41,5095.41,5093.41,5095.41,1204,715.3,5093.810184257336
1773061620,5097.27,5097.27,5095.27,5095.27,320,669.65,5093.810955514017
1773061620.001,5095.16,5095.17,5093.17,5093.17,915,707.1,5093.8109821506705
1773061680,5091.945,5093.945,5091.945,5093.945,304,635.3,5093.810798876148
1773061680.001,5094.16,5094.79,5092.79,5092.79,798,664.35,5093.81047930778
1773061740,5088.175,5090.175,5088.175,5090.175,265,643.35,5093.8091904756475
1773061740.001,5092.08,5093.09,5091.09,5091.09,606,639.35,5093.807785306051
1773061800,5090.085,5092.085,5090.085,5092.085,981,652,5093.805140132387
1773061860,5094.8,5094.8,5092.8,5092.8,1098,697.7,5093.804721265465
1773061920,5091.725,5093.725,5091.725,5093.725,881,701.25,5093.803980878782
1773061980,5094.765,5094.765,5092.765,5092.765,300,696,5093.803855159388
1773061980.001,5092.395,5094.395,5092.395,5094.395,996,725.6,5093.80377058933
1773062040,5095.435,5095.435,5093.435,5093.435,347,706.15,5093.803886763525
1773062040.001,5091.375,5093.375,5091.375,5093.375,1098,742.65,5093.802536508759
1773062100,5096.5,5096.5,5094.5,5094.5,375,684.85,5093.803110472059
1773062100.001,5091.34,5092.875,5090.875,5092.875,1488,710.4,5093.800452346411
1773062160,5095.62,5096.675,5094.675,5096.675,1350,768.1,5093.803786040629
1773062220,5098.51,5098.51,5096.51,5096.51,1184,802.2,5093.808246650853
1773062280,5093.2300000000005,5094.07,5092.07,5094.07,921,815.95,5093.807830532615
1773062340,5095.12,5095.12,5093.12,5093.12,1298,836.45,5093.807799924527
1773062400,5089.365,5091.365,5089.365,5091.365,1011,826.8,5093.804301160771
1773062460,5092.42,5092.42,5090.42,5090.42,324,827,5093.803321542114
1773062460.001,5087.24,5089.24,5087.24,5089.24,324,797.45,5093.8014369811535
1773062460.002,5089.8550000000005,5090.76,5088.76,5088.76,858,825.15,5093.797266436296
1773062520,5086.3,5088.3,5086.3,5088.3,851,827.8,5093.7914436978745
1773062580,5089.68,5089.68,5087.68,5087.68,283,828.7,5093.789733800954
1773062580.001,5086.05,5086.885,5084.885,5084.885,996,848.2,5093.780638683355
1773062640,5084.795,5086.795,5084.795,5086.795,357,817,5093.777611683958
1773062640.001,5089.33,5089.33,5087.33,5087.33,1101,817.15,5093.770567859996
1773062700,5087.1050000000005,5089.1050000000005,5087.1050000000005,5089.1050000000005,372,791.7,5093.768373561211
1773062700.001,5093.22,5093.695,5091.695,5091.695,1088,831.1,5093.766682521911
1773062760,5090.83,5092.505,5090.505,5092.505,1073,834.95,5093.7643990692295
1773062820,5093.16,5093.26,5091.26,5091.26,1243,879.75,5093.761881597064
1773062880,5090.145,5092.145,5090.145,5092.145,1376,893.65,5093.758423940807
1773062940,5096.150000000001,5096.150000000001,5094.150000000001,5094.150000000001,1716,960.7,5093.760418451909
1773063000,5091.91,5093.91,5091.91,5093.91,682,920.4,5093.760031412574
1773063000.001,5104.41,5104.41,5102.41,5102.41,2025,954.15,5093.780691334724
1773063060,5093.87,5095.87,5093.87,5095.87,447,917.3,5093.781387376288
1773063060.001,5098.61,5099.615,5097.615,5099.615,1695,956,5093.790955585655
1773063120,5102.095,5102.945,5100.945,5100.945,2469,1014.55,5093.811994556114
1773063180,5098.415,5100.415,5098.415,5100.415,634,995.7,5093.816092492234
1773063180.001,5100.55,5102.3150000000005,5100.3150000000005,5102.3150000000005,1531,1056.05,5093.829127014316
1773063240,5109.46,5111.175,5109.175,5111.175,1859,1132.8,5093.862763602808
1773063300,5111.52,5111.52,5109.52,5109.52,674,1123.6,5093.8746903949095
1773063300.001,5106.375,5108.375,5106.375,5108.375,674,1114.75,5093.8847903399255
1773063300.002,5108.745,5109.005,5107.005,5107.005,1563,1178.75,5093.9080933878595
1773063360,5105.4400000000005,5106.8,5104.8,5104.8,2001,1229,5093.93305085111
1773063420,5101.115,5103.115,5101.115,5103.115,1450,1283.65,5093.946353471412
1773063480,5103.2300000000005,5103.2300000000005,5101.2300000000005,5101.2300000000005,478,1252.5,5093.950445688535
1773063480.001,5097.49,5099.49,5097.49,5099.49,478,1257.8,5093.952952590462
1773063480.002,5100.12,5102.12,5100.12,5102.12,989,1252.85,5093.960927772755
1773063540,5102.35,5102.35,5100.35,5100.35,494,1223.9,5093.964673187087
1773063540.001,5096.255,5098.255,5096.255,5098.255,1464,1234.95,5093.970364812095
1773063600,5098.67,5098.67,5096.67,5096.67,485,1190.4,5093.972115531778
1773063600.001,5090.6,5090.615,5088.615,5088.615,2358,1222.5,5093.96028557136
1773063660,5082.25,5084.25,5082.25,5084.25,1726,1274.7,5093.941163511969
1773063720,5084.865,5084.865,5082.865,5082.865,550,1200.95,5093.935054632763
1773063720.001,5075.425,5076.62,5074.62,5076.62,2068,1282,5093.895463889312
1773063780,5080.505,5080.505,5078.505,5078.505,2124,1303.45,5093.862243461517
1773063840,5074.3,5076.3,5074.3,5076.3,1817,1270.85,5093.827127135176
1773063900,5077.475,5077.475,5075.475,5075.475,639,1271.1,5093.815153761116
1773063900.001,5069.02,5071.02,5069.02,5071.02,639,1226.5,5093.799280434248
1773063900.002,5073.215,5074.9800000000005,5072.9800000000005,5074.9800000000005,1456,1206.35,5093.769287475943
1773063960,5082.305,5082.305,5080.305,5080.305,1697,1257.5,5093.746369879317
1773064020,5078.715,5080.715,5078.715,5080.715,606,1254.1,5093.73761578343
1773064020.001,5083.84,5084.59,5082.59,5084.59,1655,1258.7,5093.720516434389
1773064080,5084.885,5084.885,5082.885,5082.885,525,1184.9,5093.714899307985
1773064080.001,5078.175,5080.175,5078.175,5080.175,525,1138.65,5093.707056137658
1773064080.002,5080.51,5080.615,5078.615,5078.615,1011,1165.3,5093.6917360779125
1773064140,5078.195,5080.195,5078.195,5080.195,505,1166.65,5093.684226588435
1773064140.001,5083.035,5083.035,5081.035,5081.035,2080,1221.2,5093.658115979979
1773064200,5075.7,5077.7,5075.7,5077.7,2118,1302.4,5093.621309574326
1773064260,5082.97,5082.97,5080.97,5080.97,531,1255.75,5093.61466112894
1773064260.001,5078.505,5079.37,5077.37,5079.37,1894,1326.2,5093.585214316665
1773064320,5081.51,5081.51,5079.51,5079.51,631,1239.85,5093.576398400357
1773064320.001,5078.77,5080.165,5078.165,5078.165,1779,1242.5,5093.5491171111225
1773064380,5070.55,5072.55,5070.55,5072.55,1980,1314,5093.504592693955
1773064440,5076.285,5076.285,5074.285,5074.285,1884,1304.8,5093.468384775222
1773064500,5067.42,5069.42,5067.42,5069.42,473,1222.25,5093.456281018954
1773064500.001,5074.525000000001,5075.77,5073.77,5073.77,1484,1205.6,5093.427102292104
1773064560,5068.665,5070.665,5068.665,5070.665,494,1198.35,5093.415143552322
1773064560.001,5072.325,5072.325,5070.325,5070.325,1146,1223.7,5093.388622996723
1773064620,5069.255,5071.255,5069.255,5071.255,572,1179.5,5093.375171359655
1773064620.001,5076.57,5076.57,5074.57,5074.57,572,1123.25,5093.364476376359
1773064620.002,5073.59,5074.3,5072.3,5074.3,1434,1164.65,5093.335352947969
1773064680,5079.645,5080.875,5078.875,5080.875,1430,1153.4,5093.316059737263
1773064740,5081.475,5081.475,5079.475,5079.475,476,1150.95,5093.309617636859
1773064740.001,5074.045,5075.375,5073.375,5075.375,2411,1245.25,5093.2636602063285
1773064800,5081.35,5081.35,5079.35,5079.35,1984,1293.9,5093.236782480099
1773064860,5078.785,5080.785,5078.785,5080.785,669,1302.1,5093.227813457447
1773064860.001,5083.34,5083.34,5081.34,5081.34,1820,1289.1,5093.206981114778
1773064920,5077.59,5079.59,5077.59,5079.59,575,1211.95,5093.1986081011155
1773064920.001,5084.72,5084.905,5082.905,5084.905,1794,1275.1,5093.182250296371
1773064980,5085.725,5085.725,5083.725,5083.725,609,1210.85,5093.17680593183
1773064980.001,5080.675,5082.675,5080.675,5082.675,609,1209.75,5093.169893125705
1773064980.002,5082.83,5084.83,5082.83,5084.83,1540,1197.8,5093.1558182767985
1773065040,5088.695,5088.695,5086.695,5086.695,513,1124.45,5093.152803568607
1773065040.001,5086.365,5088.3,5086.3,5086.3,1611,1110.8,5093.142712338709
1773065100,5081.9400000000005,5083.9400000000005,5081.9400000000005,5083.9400000000005,537,1114,5093.137348730334
1773065100.001,5084.36,5084.645,5082.645,5082.645,2195,1149.55,5093.11557030347
1773065160,5075.095,5077.095,5075.095,5077.095,2187,1234.2,5093.078799387261
1773065220,5078.91,5078.91,5076.91,5076.91,727,1213.25,5093.067452438501
1773065220.001,5074.04,5074.04,5072.04,5072.04,2825,1325.9,5093.009705000823
1773065280,5068.46,5070.46,5068.46,5070.46,2922,1443.4,5092.94179681738
1773065340,5077.32,5077.32,5075.32,5075.32,740,1408.7,5092.929246381443
1773065340.001,5074.87,5076.46,5074.46,5074.46,2049,1439.65,5092.892832946838
1773065400,5069.635,5070.25,5068.25,5068.25,2476,1539.65,5092.833718309617
1773065460,5062.21,5064.21,5062.21,5064.21,2534,1545.8,5092.75999550376
1773065520,5066.505,5066.505,5064.505,5064.505,645,1478.85,5092.742331988959
1773065520.001,5062.8,5062.8,5060.8,5060.8,1097,1500.25,5092.708312127145
1773065580,5060.595,5062.595,5060.595,5062.595,548,1436.65,5092.691596128993
1773065580.001,5070.12,5071.3,5069.3,5071.3,2508,1533.3,5092.636906599687
1773065640,5073.1900000000005,5073.1900000000005,5071.1900000000005,5071.1900000000005,2752,1581.2,5092.580526683412
1773065700,5064.81,5066.81,5064.81,5066.81,2118,1656.65,5092.525438197343
1773065760,5075.78,5075.78,5073.78,5073.78,1623,1707.35,5092.4966168644205
1773065820,5072.04,5074.04,5072.04,5074.04,575,1659.1,5092.485822136152
1773065820.001,5076.99,5077.36,5075.36,5077.36,2435,1755.2,5092.448160947169
1773065880,5079.02,5079.02,5077.02,5077.02,2389,1794.1,5092.413704061415
1773065940,5075.95,5077.95,5075.95,5077.95,1735,1854,5092.388097987625
1773066000,5079.255,5079.255,5077.255,5077.255,573,1772.9,5092.38001694666
1773066000.001,5073.995,5075.995,5073.995,5075.995,1772,1752.15,5092.350611169008
1773066060,5077.29,5077.29,5075.29,5075.29,600,1745.8,5092.341044012523
1773066060.001,5070.900000000001,5072.66,5070.66,5072.66,2276,1718.35,5092.296099607108
1773066120,5080.135,5080.32,5078.32,5078.32,2166,1680.55,5092.268180991765
1773066180,5072.9400000000005,5074.9400000000005,5072.9400000000005,5074.9400000000005,1906,1738.85,5092.235026220717
1773066240,5080.64,5081.13,5079.13,5081.13,1948,1733.8,5092.212901092036
1773066300,5083.745,5083.745,5081.745,5081.745,1942,1707.1,5092.194570565403
1773066360,5078.925,5080.925,5078.925,5080.925,1430,1651.9,5092.178155192895
1773066420,5081.12,5081.12,5079.12,5079.12,474,1643.35,5092.172509059244
1773066420.001,5077.145,5079.145,5077.145,5079.145,2133,1695.15,5092.144487873013
1773066480,5084.41,5084.41,5082.41,5082.41,2111,1773.3,5092.126161676352
1773066540,5081.63,5081.985,5079.985,5081.985,2384,1767.1,5092.101550308249
1773066600,5084.38,5084.38,5082.38,5082.38,1653,1712.15,5092.087275784988
1773066660,5081.71,5083.71,5081.71,5083.71,516,1632.05,5092.082827427187
1773066660.001,5089.285,5090.72,5088.72,5090.72,1380,1619.9,5092.080161255051
1773066720,5091.29,5091.29,5089.29,5089.29,431,1612.7,5092.079290348451
1773066720.001,5088.175,5088.89,5086.89,5088.89,1860,1583.95,5092.072477632363
1773066780,5090.205,5090.205,5088.205,5088.205,1889,1558.95,5092.066744544883
1773066840,5087.42,5089.42,5087.42,5089.42,1607,1552.55,5092.0617034305415
1773066900,5090.02,5090.02,5088.02,5088.02,568,1552.3,5092.059889466404
1773066900.001,5086.9400000000005,5088.9400000000005,5086.9400000000005,5088.9400000000005,2215,1574.45,5092.051969730726
1773066960,5091.495,5091.495,5089.495,5089.495,548,1571.85,5092.050992088652
1773066960.001,5089.125,5090.035,5088.035,5090.035,1171,1516.6,5092.048030596984
1773067020,5091.7,5091.7,5089.7,5089.7,390,1427.8,5092.047412644794
1773067020.001,5089.41,5090.8,5088.8,5090.8,1313,1398.15,5092.04504718182
1773067080,5095.78,5096.76,5094.76,5094.76,1968,1399.15,5092.051299450334
1773067140,5092.915,5094.915,5092.915,5094.915,2118,1407.95,5092.0556624702085
1773067200,5099.33,5099.33,5097.33,5097.33,536,1363.25,5092.058646690813
1773067200.001,5097.205,5099.205,5097.205,5099.205,1480,1413.55,5092.067621393243
1773067260,5102.150000000001,5102.150000000001,5100.150000000001,5100.150000000001,1359,1374.85,5092.078734422764
1773067320,5097.61,5099.61,5097.61,5099.61,433,1290.95,5092.081511447092
1773067320.001,5102.2,5102.625,5100.625,5102.625,1810,1262.25,5092.098185402152
1773067380,5107.575,5107.575,5105.575,5105.575,459,1202.55,5092.104237778825
1773067380.001,5105.33,5107,5105,5107,1389,1246.2,5092.122640178193
1773067440,5114.99,5114.99,5112.99,5112.99,463,1200.35,5092.131919451379
1773067440.001,5112.63,5114.625,5112.625,5114.625,1172,1237.4,5092.1557012263365
1773067500,5116.28,5116.28,5114.28,5114.28,586,1173.7,5092.16811083452
1773067500.001,5111.64,5111.695,5109.695,5109.695,2191,1188.8,5092.205074450375
1773067560,5103.835,5105.11,5103.11,5105.11,1954,1206.15,5092.227209091403
1773067620,5105.91,5105.91,5103.91,5103.91,1732,1264.35,5092.246975527518
1773067680,5101.4800000000005,5102.9400000000005,5100.9400000000005,5100.9400000000005,1787,1242.95,5092.262406811467
1773067740,5099.26,5099.43,5097.43,5097.43,1414,1286.25,5092.270008060738
1773067800,5095.95,5097.95,5095.95,5097.95,479,1251.65,5092.272219726827
1773067800.001,5101.615,5101.615,5099.615,5099.615,1216,1292.95,5092.28117972988
1773067860,5099.095,5101.095,5099.095,5101.095,369,1245.75,5092.28394448659
1773067860.001,5104.295,5104.295,5102.295,5102.295,1443,1219.5,5092.2980956988395
1773067920,5095.655,5096.24,5094.24,5094.24,1472,1187.2,5092.301617561539
1773067980,5089.635,5091.635,5089.635,5091.635,371,1178.95,5092.301164026497
1773067980.001,5092.3,5092.3,5090.3,5090.3,845,1147.2,5092.300130902903
1773068040,5090.1,5092.1,5090.1,5092.1,422,1100.35,5092.299795906526
1773068040.001,5093.99,5093.99,5091.99,5091.99,1761,1166.75,5092.300370526144
1773068100,5089.805,5091.045,5089.045,5089.045,1558,1154.15,5092.296688034945
1773068160,5085.71,5087.71,5085.71,5087.71,555,1158.95,5092.29402730019
1773068160.001,5092.650000000001,5092.650000000001,5090.650000000001,5090.650000000001,1457,1162.35,5092.2927294959145
1773068220,5090.64,5092.64,5090.64,5092.64,450,1161.7,5092.292598559954
1773068220.001,5094.53,5094.53,5092.53,5092.53,1364,1171.3,5092.293720560146
1773068280,5091.745,5093.745,5091.745,5093.745,457,1164.85,5092.294046673393
1773068280.001,5096.295,5096.555,5094.555,5094.555,1507,1130.65,5092.29805377161
1773068340,5093.83,5094.78,5092.78,5092.78,1636,1114.75,5092.299757946591
1773068400,5090.89,5092.89,5090.89,5092.89,1435,1099.9,5092.299658617257
1773068460,5095.025000000001,5095.025000000001,5093.025000000001,5093.025000000001,503,1035.7,5092.300292493243
1773068460.001,5090.965,5092.965,5090.965,5092.965,1449,1037.45,5092.300289926612
1773068520,5093.115,5093.115,5091.115,5091.115,473,1037.15,5092.300068233252
1773068520.001,5087.695,5088.09,5086.09,5086.09,2204,1086.55,5092.2890486972865
1773068580,5084.76,5086.76,5084.76,5086.76,577,1096.95,5092.285826020938
1773068580.001,5086.97,5086.97,5084.97,5084.97,948,1072.2,5092.28014856837
1773068640,5084.59,5086.59,5084.59,5086.59,474,1022.3,5092.277435810749
1773068640.001,5088.84,5088.84,5086.84,5086.84,1929,1100.2,5092.269164771047
1773068700,5084.3550000000005,5086.3550000000005,5084.3550000000005,5086.3550000000005,1331,1124.5,5092.261301937365
1773068760,5087.075,5087.075,5085.075,5085.075,423,1124.55,5092.258827257315
1773068760.001,5083.025000000001,5084.47,5082.47,5084.47,1435,1108.25,5092.247953305598
1773068820,5088.83,5088.83,5086.83,5086.83,1458,1103.25,5092.241753212947
1773068880,5080.385,5082.385,5080.385,5082.385,373,1094.15,5092.238241247827
1773068880.001,5082.555,5084.34,5082.34,5084.34,896,1066.1,5092.231380568002
1773068940,5085.185,5085.185,5083.185,5083.185,448,1066,5092.228025743976
1773068940.001,5079.585,5081.585,5079.585,5081.585,448,1020.2,5092.223499713105
1773068940.002,5081.635,5083.375,5081.375,5081.375,1070,1050.85,5092.213777087829
1773069000,5079.86,5081.86,5079.86,5081.86,1340,1042.5,5092.20061397402
1773069060,5083.585,5083.585,5081.585,5081.585,1000,1010.7,5092.191753745065
1773069120,5080.925,5082.925,5080.925,5082.925,335,955.7,5092.188791084554
1773069120.001,5087.76,5089.195,5087.195,5089.195,1413,1001.2,5092.184192016596
1773069180,5092.01,5092.01,5090.01,5090.01,1273,992.4,5092.182487528472
1773069240,5086.52,5088.52,5086.52,5088.52,457,991.6,5092.1807310454205
1773069240.001,5091.89,5093.85,5091.85,5093.85,1449,953.85,5092.182019186547
1773069300,5094.5650000000005,5094.5650000000005,5092.5650000000005,5092.5650000000005,495,949.75,5092.182479681063
1773069300.001,5088.915,5090.915,5088.915,5090.915,495,927.1,5092.181631517057
1773069300.002,5091.63,5091.635,5089.635,5089.635,946,950.7,5092.18005730817
1773069360,5087.95,5089.95,5087.95,5089.95,998,904.15,5092.177500632329
1773069420,5090.87,5090.87,5088.87,5088.87,341,854.65,5092.176704468327
1773069420.001,5087.1050000000005,5088.55,5086.55,5086.55,1586,912.8,5092.16975923743
1773069480,5083.4400000000005,5085.4400000000005,5083.4400000000005,5085.4400000000005,415,861.8,5092.167050234756
1773069480.001,5085.615,5085.85,5083.85,5083.85,818,829.8,5092.161531207685
1773069540,5082.165,5084.165,5082.165,5084.165,272,824.75,5092.159453573978
1773069540.001,5084.175,5085.155,5083.155,5085.155,936,826.75,5092.1531280250465
1773069600,5089.675,5089.675,5087.675,5087.675,312,819.95,5092.152080678657
1773069600.001,5086.945,5088.135,5086.135,5088.135,1131,854.1,5092.147419798881
1773069660,5090.97,5092.6050000000005,5090.6050000000005,5090.6050000000005,1264,863.8,5092.146446922003
1773069720,5089.385,5091.385,5089.385,5091.385,1091,851.35,5092.145078877001
1773069780,5096.18,5096.18,5094.18,5094.18,734,838.05,5092.146818872892
1773069840,5093.99,5095.99,5093.99,5095.99,234,833,5092.1474709674985
1773069840.001,5097.900000000001,5099.39,5097.39,5099.39,1235,824.1,5092.154587907472
1773069900,5100.175,5100.175,5098.175,5098.175,891,805,5092.159805243382
1773069960,5097.8150000000005,5099.8150000000005,5097.8150000000005,5099.8150000000005,278,796.05,5092.161506067709
1773069960.001,5100.505,5100.505,5098.505,5098.505,938,770.5,5092.167257861023
1773070020,5097.92,5098.95,5096.95,5096.95,1234,807.45,5092.173133681039
1773070080,5096.015,5098.015,5096.015,5098.015,1122,838.8,5092.178202401423
1773070140,5100.26,5101.45,5099.45,5101.45,1338,858.4,5092.188241275672
1773070200,5102.78,5102.78,5100.78,5100.78,1334,875.2,5092.198997492107
1773070260,5099.205,5100.185,5098.185,5098.185,821,899.2,5092.2037507923105
1773070320,5096.905,5098.56,5096.56,5098.56,817,860.75,5092.207793291473
1773070380,5098.765,5098.79,5096.79,5098.79,1285,904.25,5092.214396575063
1773070440,5100.22,5100.66,5098.66,5098.66,1363,931.5,5092.222807671483
1773070500,5096.875,5098.875,5096.875,5098.875,335,934.65,5092.224546951083
1773070500.001,5099.185,5099.49,5097.49,5097.49,864,931.05,5092.22898938108
1773070560,5097.335,5098.285,5096.285,5096.285,1241,977.5,5092.234063844192
1773070620,5094.58,5096.35,5094.35,5096.35,860,963.95,5092.236630291588
1773070680,5096.775000000001,5097.08,5095.08,5095.08,654,933.45,5092.238615245777
1773070740,5093.51,5095.150000000001,5093.150000000001,5095.150000000001,910,924.4,5092.24038015642
1773070800,5099.22,5099.22,5097.22,5097.22,747,925.05,5092.244022012901
1773070860,5096.345,5098.305,5096.305,5096.305,656,946.15,5092.246698357631
1773070920,5095.5650000000005,5096.585,5094.585,5094.585,1324,950.6,5092.250127814473
1773071040,5093.585,5095.585,5093.585,5095.585,1770,994.55,5092.254192508922
1773071160,5097.97,5098.33,5096.33,5096.33,1102,1035.75,5092.258686272435
1773071220,5095.76,5097.05,5095.05,5097.05,1286,1053.15,5092.263242143692
1773071280,5098.025000000001,5098.025000000001,5096.025000000001,5096.025000000001,1266,1054.75,5092.26805224975
1773071340,5094.97,5096.97,5094.97,5096.97,1052,1051.25,5092.271691143883
1773071400,5099.215,5099.215,5097.215,5097.215,791,1023.9,5092.275492363564
1773071460,5096.895,5098.895,5096.895,5098.895,272,970.8,5092.27687904763
1773071460.001,5099.275000000001,5099.755,5097.755,5097.755,961,977.8,5092.281932140983
1773071520,5097.11,5099.01,5097.01,5099.01,1093,991.6,5092.287596023634
1773071580,5101.39,5103.14,5101.14,5101.14,1073,981,5092.296320053068
1773071640,5099.775000000001,5101.775000000001,5099.775000000001,5101.775000000001,972,961.45,5092.303629825408
1773071700,5102.765,5103.305,5101.305,5101.305,918,990.6,5092.311198212063
1773071760,5101.2300000000005,5101.865,5099.865,5101.865,864,990.6,5092.31774122831
1773071820,5102.84,5103.54,5101.54,5101.54,1842,1020.65,5092.3332386718275
1773071940,5099.775000000001,5100.49,5098.49,5098.49,1073,1031.3,5092.33946206708
1773072000,5097.27,5099.06,5097.06,5099.06,969,1047.05,5092.344444304778
1773072060,5099.665,5101.125,5099.125,5101.125,1015,1052.3,5092.35143287555
1773072120,5101.31,5101.53,5099.53,5101.53,1141,1072,5092.359666388034
1773072180,5105.53,5106.205,5104.205,5106.205,1015,1089.95,5092.370996571781
1773072240,5106.83,5106.83,5104.83,5104.83,859,1066.7,5092.380539863483
1773072300,5103.1050000000005,5105.1050000000005,5103.1050000000005,5105.1050000000005,309,993.65,5092.383692662593
1773072300.001,5107.4400000000005,5107.66,5105.66,5105.66,1283,1002.7,5092.398813672908
1773072360,5105.31,5107.31,5105.31,5107.31,914,984.1,5092.409810245398
1773072420,5107.81,5107.81,5105.81,5105.81,1262,983.9,5092.424788357332
1773072480,5105.53,5107.3550000000005,5105.3550000000005,5107.3550000000005,723,967.45,5092.433483998118
1773072540,5107.765,5108.195,5106.195,5108.195,702,963,5092.442413859454
1773072600,5109.485,5109.52,5107.52,5107.52,721,985.45,5092.4519741775985
1773072660,5104.35,5106.35,5104.35,5106.35,636,969.2,5092.459057614613
1773072720,5106.41,5106.41,5104.41,5104.41,228,925.95,5092.461478705178
1773072720.001,5103.875,5105.3,5103.3,5105.3,793,911.95,5092.469596523422
1773072780,5105.955,5106.405,5104.405,5104.405,726,899.65,5092.47728646074
1773072840,5103.18,5104.46,5102.46,5102.46,954,901.45,5092.485818815311
1773072900,5098.365,5100.31,5098.31,5098.31,1029,909.7,5092.491423327763
1773072960,5097.32,5098.71,5096.71,5096.71,991,867.15,5092.495482335672
1773073020,5095.795,5097.795,5095.795,5097.795,874,857.2,5092.4988746937115
1773073080,5097.895,5098.935,5096.935,5098.935,622,839.85,5092.501879670412
1773073140,5099.335,5099.335,5097.335,5097.335,205,799.35,5092.502823602708
1773073140.001,5095.915,5097.915,5095.915,5097.915,619,773.25,5092.505281646532
1773073200,5098.14,5098.14,5096.14,5096.14,207,732.85,5092.5060265835355
1773073200.001,5094.835,5096.835,5094.835,5096.835,710,725.4,5092.5082007662995
1773073260,5098.26,5098.745,5096.745,5096.745,896,754.75,5092.511871635456
1773073320,5094.76,5096.76,5094.76,5096.76,242,702.7,5092.5125956471975
1773073320.001,5096.825,5098.26,5096.26,5098.26,841,699.05,5092.516162520658
1773073380,5098.49,5098.95,5096.95,5098.95,1991,735.5,5092.525731768464
1773073500,5100.55,5101.195,5099.195,5101.195,818,740.25,5092.531183472425
1773073560,5101.805,5102.705,5100.705,5102.705,719,741.1,5092.536872879675
1773073620,5103.07,5104.14,5102.14,5104.14,781,744.1,5092.543977377673
1773073680,5104.85,5105.75,5103.75,5105.75,1883,806.45,5092.563586197358
1773073800,5107.3150000000005,5108.88,5106.88,5108.88,1028,846.45,5092.576935412446
1773073860,5109.11,5109.11,5107.11,5107.11,854,849.5,5092.587698612949
1773073920,5106.04,5107.735,5105.735,5105.735,788,852.6,5092.5967186566895
1773073980,5105.37,5106.385,5104.385,5104.385,825,846.15,5092.605227353587
1773074040,5103.84,5105.84,5103.84,5105.84,555,822.45,5092.611000737745
1773074100,5106.35,5106.35,5104.35,5104.35,173,781.55,5092.612776855033
1773074100.001,5103.7,5104.76,5102.76,5104.76,1321,803.9,5092.625313943566
1773074220,5106.205,5107.22,5105.22,5107.22,1732,859.4,5092.645227407554
1773074400,5107.905,5109.47,5107.47,5109.47,673,882.8,5092.654199089552
1773074460,5109.965,5110.715,5108.715,5108.715,1317,917.7,5092.672354776967
1773074580,5107.76,5108.8550000000005,5106.8550000000005,5106.8550000000005,666,940.65,5092.68050067514
1773074640,5106.485,5108.485,5106.485,5108.485,675,938.9,5092.688912389133
1773074700,5108.755,5108.755,5106.755,5106.755,759,932.05,5092.698112042688
1773074760,5106.275000000001,5107.25,5105.25,5105.25,1363,988.1,5092.7129180804795
1773074880,5105.005,5106.665,5104.665,5104.665,903,991.2,5092.722275172636
1773074940,5104.58,5105.915,5103.915,5105.915,1750,979.15,5092.740250039494
1773075060,5108.05,5108.055,5106.055,5106.055,703,973.4,5092.748305111574
1773075120,5105.61,5106.895,5104.895,5104.895,639,969.4,5092.755011666674
1773075180,5104.3550000000005,5105.715,5103.715,5105.715,1473,1004,5092.769826060193
1773075300,5106.025000000001,5106.025000000001,5104.025000000001,5104.025000000001,1034,961.55,5092.779902532333
1773075360,5103.205,5105,5103,5105,1398,980.05,5092.793090163438
1773075480,5106.77,5106.77,5104.77,5104.77,641,969.4,5092.79970393797
1773075540,5104.135,5104.99,5102.99,5104.99,1736,1016.8,5092.816006114767
1773075660,5106.99,5106.99,5104.99,5104.99,781,1014.6,5092.824173229936
1773075720,5103.0650000000005,5105.01,5103.01,5105.01,896,1031.65,5092.832572514981
1773075780,5106.415,5106.415,5104.415,5104.415,1554,1100.7,5092.848043558474
1773075900,5102.6,5103.725,5101.725,5101.725,1397,1104.5,5092.858867401219
1773076020,5100.415,5102.05,5100.05,5100.05,1066,1071.2,5092.865661850111
1773076140,5100.03,5102.03,5100.03,5102.03,148,1044.95,5092.866681862909
1773076140.001,5102.87,5103.76,5101.76,5101.76,714,1014.8,5092.872214700996
1773076200,5099.28,5100.900000000001,5098.900000000001,5100.900000000001,1261,1044.55,5092.879731064422
1773076380,5101.225,5101.225,5099.225,5099.225,570,1039.3,5092.882965967232
1773076440,5098.345,5100.345,5098.345,5100.345,598,1031.25,5092.88625336637
1773076500,5101.7,5101.7,5099.7,5099.7,526,989.4,5092.889435107831
1773076560,5099.205,5101.205,5099.205,5101.205,887,988.6,5092.894917431357
1773076680,5102.465,5102.465,5100.465,5100.465,158,909,5092.8959689080375
1773076680.001,5099.99,5100.22,5098.22,5098.22,692,908.45,5092.899316461102
1773076740,5097.5,5098.35,5096.35,5096.35,728,912.9,5092.901735472548
1773076800,5095.02,5097.02,5095.02,5097.02,183,848.4,5092.902245150542
1773076800.001,5097.08,5097.14,5095.14,5095.14,570,825.2,5092.9035803907445
1773076860,5092.75,5093.6900000000005,5091.6900000000005,5091.6900000000005,662,788.4,5092.903288533896
1773076920,5091.195,5093.195,5091.195,5093.195,236,768.15,5092.903217215453
1773076920.001,5096.42,5096.42,5094.42,5094.42,930,727.85,5092.904852567121
1773076980,5092.765,5094.765,5092.765,5094.765,859,731.75,5092.905677641909
1773077040,5094.935,5094.935,5092.935,5092.935,314,702.65,5092.9058534776
1773077040.001,5092.625,5094.625,5092.625,5094.625,944,672.15,5092.906652264704
1773077100,5095.97,5095.97,5093.97,5093.97,549,629.75,5092.907415530272
1773077160,5093.305,5095.305,5093.305,5095.305,170,584.95,5092.907651969563
1773077160.001,5095.645,5096.78,5094.78,5096.78,647,609.9,5092.909317655787
1773077220,5097.585,5097.585,5095.585,5095.585,522,600.3,5092.91071823874
1773077280,5094.99,5096.785,5094.785,5094.785,1184,596.45,5092.9131310397215
1773077340,5091.97,5093.97,5091.97,5093.97,354,585.65,5092.913241789724
1773077340.001,5095.055,5095.275000000001,5093.275000000001,5095.275000000001,817,596.6,5092.914351428154
1773077400,5097.51,5097.51,5095.51,5095.51,762,608.4,5092.916342019419
1773077460,5095.435,5097.435,5095.435,5097.435,245,576.3,5092.9170975766865
1773077460.001,5097.975,5097.975,5095.975,5095.975,979,617.35,5092.920014563521
1773077520,5089.45,5091.335,5089.335,5091.335,942,629.85,5092.918319029914
1773077580,5092.915,5094.55,5092.55,5094.55,771,632,5092.918913416692
1773077640,5094.6,5095.57,5093.57,5095.57,656,655.65,5092.919952836264
1773077700,5096.5,5096.5,5094.5,5094.5,1116,682.95,5092.92195306014
1773077820,5093.86,5095.585,5093.585,5093.585,1288,714.25,5092.923317940613
1773077940,5092.900000000001,5093.900000000001,5091.900000000001,5091.900000000001,933,749.1,5092.923052954402
1773078000,5089.43,5091.165,5089.165,5091.165,963,750.75,5092.921194924312
1773078060,5092.88,5093.055,5091.055,5091.055,967,756.15,5092.9202726335925
1773078120,5090.32,5091.135,5089.135,5091.135,1027,791.8,5092.918272050722
1773078180,5091.765,5092.61,5090.61,5092.61,1854,837.3,5092.916838133058
1773078300,5094.135,5094.345,5092.345,5094.345,887,854.2,5092.917373587432
1773078360,5095.59,5095.955,5093.955,5095.955,1434,917.4,5092.920065813904
1773078480,5096.505,5096.505,5094.505,5094.505,533,911.7,5092.921015704561
1773078540,5092.83,5094.285,5092.285,5094.285,566,913.9,5092.921327958238
1773078600,5095.365,5097.115,5095.115,5097.115,661,887.75,5092.923171449189
1773078660,5097.695,5099.415,5097.415,5099.415,2373,988.7,5092.934081455685
1773078900,5099.6050000000005,5099.6050000000005,5097.6050000000005,5097.6050000000005,2266,1061.15,5092.943610469887
1773079080,5097.46,5098.475,5096.475,5096.475,832,1064.65,5092.946360454342
1773079140,5095.455,5097.365,5095.365,5097.365,543,1079.55,5092.947963819913
1773079200,5098.24,5098.24,5096.24,5096.24,547,1057.95,5092.949667257969
1773079260,5095.635,5096.875,5094.875,5094.875,607,1041.2,5092.950904351052
1773079320,5094.52,5096.1050000000005,5094.1050000000005,5094.1050000000005,1332,1069.25,5092.95280929262
1773079440,5092.845,5094.6,5092.6,5094.6,903,1081.6,5092.953504256529
1773079500,5095.195,5095.71,5093.71,5093.71,1425,1097.05,5092.955094267431
1773079620,5093.505,5094.655,5092.655,5092.655,965,1080.9,5092.9553714011645
1773079680,5092.625,5094.625,5092.625,5094.625,798,1074.15,5092.955998041332
1773079740,5095.21,5095.21,5093.21,5093.21,263,1039.15,5092.956187581196
1773079740.001,5092.51,5094.51,5092.51,5094.51,571,1019.35,5092.95658393085
1773079800,5095.33,5095.33,5093.33,5093.33,154,975.7,5092.9567092402585
1773079800.001,5092.525000000001,5094.525000000001,5092.525000000001,5094.525000000001,943,930.15,5092.95737391931
1773079920,5094.900000000001,5096.245,5094.245,5096.245,483,909.95,5092.958363197106
1773079980,5097.39,5098.665,5096.665,5098.665,1769,926.7,5092.965320912668
1773080220,5100.875,5102.12,5100.12,5102.12,952,947.65,5092.971622229239
1773080340,5103.75,5104.29,5102.29,5102.29,458,942.25,5092.9751871406515
1773080400,5102.14,5103.91,5101.91,5103.91,1222,970.3,5092.9849591304555
1773080580,5106.375,5107.115,5105.115,5105.115,1066,904.95,5092.995574003594
1773080760,5104.935,5106.385,5104.385,5106.385,1510,867.15,5093.0105056474795
1773080940,5106.400000000001,5107.175,5105.175,5107.175,604,855.75,5093.016839185068
1773081000,5107.400000000001,5107.400000000001,5105.400000000001,5105.400000000001,287,842.95,5093.019748129208
1773081060,5104.51,5106.51,5104.51,5106.51,435,837.35,5093.024079254296
1773081120,5107.145,5108.505,5106.505,5108.505,860,850,5093.0339645656795
1773081240,5110.145,5111.455,5109.455,5111.455,1435,855.15,5093.053710876202
1773081360,5116.655,5117.18,5115.18,5115.18,646,842.3,5093.06511717128
1773081420,5114.3150000000005,5116.3150000000005,5114.3150000000005,5116.3150000000005,428,792.45,5093.07260226131
1773081480,5116.495,5116.495,5114.495,5114.495,137,751.05,5093.074945514858
1773081480.001,5113.085,5115.085,5113.085,5115.085,298,726.05,5093.079869319499
1773081540,5115.2300000000005,5116.635,5114.635,5116.635,375,731.65,5093.086511995218
1773081600,5116.99,5118.81,5116.81,5118.81,540,730.1,5093.096979264816
1773081660,5119.905,5119.905,5117.905,5117.905,623,753.55,5093.109250868651
1773081720,5117.04,5119.04,5117.04,5119.04,756,744.2,5093.124010514832
1773081780,5120.455,5120.455,5118.455,5118.455,594,749.75,5093.135938633601
1773081840,5117.41,5118.900000000001,5116.900000000001,5116.900000000001,1305,726.55,5093.160540082493
1773082020,5115.445,5117.445,5115.445,5117.445,619,709.9,5093.17181559631
1773082140,5117.75,5117.76,5115.76,5117.76,599,716.95,5093.18286201081
1773082200,5119.245,5120.435,5118.435,5120.435,628,687.25,5093.195726708481
1773082260,5121,5121,5119,5119,562,662.05,5093.207184824813
1773082320,5118.655,5120.655,5118.655,5120.655,199,596.5,5093.2112889751725
1773082320.001,5122.82,5124.515,5122.515,5124.515,964,614.5,5093.234016000841
1773082380,5125.47,5125.93,5123.93,5125.93,1392,669.75,5093.268288096945
1773082500,5126.4400000000005,5126.4400000000005,5124.4400000000005,5124.4400000000005,253,660.65,5093.274478811214
1773082500.001,5122.39,5124.39,5122.39,5124.39,1131,674.2,5093.300922712358
1773082560,5126.385,5126.385,5124.385,5124.385,803,642.6,5093.320488336477
1773082620,5123.995,5125.995,5123.995,5125.995,830,651.8,5093.340862615459
1773082680,5126.645,5126.645,5124.645,5124.645,161,638.45,5093.344809673705
1773082680.001,5124.59,5124.96,5122.96,5122.96,750,669.1,5093.362215240496
1773082740,5122.8150000000005,5124.8150000000005,5122.8150000000005,5124.8150000000005,743,691.35,5093.379735515611
1773082800,5126.245,5127.6050000000005,5125.6050000000005,5127.6050000000005,659,705.55,5093.39666591642
1773082860,5130.625,5130.625,5128.625,5128.625,630,710.05,5093.413969781674
1773082920,5128.465,5129.675,5127.675,5127.675,722,715,5093.433255503067
1773082980,5127.12,5127.8,5125.8,5125.8,1363,745.35,5093.4676528984
1773083100,5122.085,5122.11,5120.11,5120.11,760,753.65,5093.483499779595
1773083160,5118.68,5120.63,5118.63,5120.63,763,726.55,5093.498917176342
1773083220,5122.87,5123.1050000000005,5121.1050000000005,5123.1050000000005,914,741.3,5093.519087107893
1773083340,5123.62,5123.62,5121.62,5121.62,570,739.85,5093.531585608493
1773083400,5121.395,5123.395,5121.395,5123.395,141,715.5,5093.534723129588
1773083400.001,5123.67,5124.925,5122.925,5122.925,1010,737.9,5093.557841918549
1773083520,5122.775000000001,5124.635,5122.635,5122.635,642,760.05,5093.572377032853
1773083640,5121.82,5123.3,5121.3,5121.3,780,750.85,5093.589225269271
1773083760,5120.845,5120.925,5118.925,5118.925,893,725.9,5093.606877495866
1773083820,5118.375,5120.375,5118.375,5120.375,395,733,5093.614712971125
1773083820.001,5123.89,5125.61,5123.61,5125.61,971,725,5093.637814655729
1773083880,5126.885,5126.885,5124.885,5124.885,967,733.2,5093.661233747015
1773083940,5124.185,5126.185,5124.185,5126.185,388,711.1,5093.670610974303
1773083940.001,5134.475,5136.01,5134.01,5136.01,1703,788.2,5093.724381251189
1773084000,5139.06,5139.06,5137.06,5137.06,1252,813.3,5093.766081970013
1773084060,5134.58,5136.58,5134.58,5136.58,407,796.5,5093.779062543195
1773084060.001,5138.775000000001,5138.775000000001,5136.775000000001,5136.775000000001,1334,830.25,5093.823093435699
1773084120,5136.295,5138.295,5136.295,5138.295,463,821.9,5093.838420080782
1773084120.001,5138.99,5139.045,5137.045,5137.045,4028,987.2,5093.971560323093
1773084240,5136.99,5138.99,5136.99,5138.99,657,951.9,5093.993502592891
1773084240.001,5144.01,5144.01,5142.01,5142.01,657,946.75,5094.01757583341
1773084240.002,5139.63,5140.825,5138.825,5138.825,1111,964.15,5094.055568998268
1773084300,5136.495,5138.495,5136.495,5138.495,370,936.95,5094.06774521199
1773084300.001,5139.35,5141.31,5139.31,5141.31,871,952,5094.0982240758
1773084360,5141.925,5141.925,5139.925,5139.925,435,966.7,5094.113414199777
1773084360.001,5137.97,5139.97,5137.97,5139.97,1724,1002.4,5094.171852449847
1773084420,5141.3,5141.3,5139.3,5139.3,429,991.75,5094.186584128619
1773084420.001,5139.2,5140.375,5138.375,5138.375,1580,1031.75,5094.239664402779
1773084480,5136.545,5138.545,5136.545,5138.545,1911,1082.65,5094.302034359002
1773084540,5141.17,5141.17,5139.17,5139.17,1649,1145.35,5094.358122425258
1773084600,5130.035,5132.035,5130.035,5132.035,1983,1195.95,5094.412863009151
1773084660,5135.175,5135.96,5133.96,5133.96,1701,1232.65,5094.46381884907
1773084720,5132.79,5134.475,5132.475,5134.475,1669,1296.7,5094.512674567981
1773084780,5137.205,5137.205,5135.205,5135.205,1375,1280.3,5094.554941766911
1773084840,5129.53,5131.53,5129.53,5131.53,316,1233.5,5094.563467327155
1773084840.001,5131.6050000000005,5133.59,5131.59,5133.59,980,1262.15,5094.591380927135
1773084900,5133.78,5133.78,5131.78,5131.78,489,1219.9,5094.605121043764
1773084900.001,5128,5130,5128,5130,1803,1286.9,5094.651535403244
1773084960,5133.71,5133.71,5131.71,5131.71,1876,1179.3,5094.703923700582
1773085020,5125.465,5127.465,5125.465,5127.465,1136,1203.25,5094.730889504002
1773085080,5129.015,5129.015,5127.015,5127.015,328,1186.8,5094.738881215602
1773085080.001,5126.27,5128.155,5126.155,5128.155,1157,1189.1,5094.7668753022945
1773085140,5130.785,5131.015,5129.015,5131.015,1113,1226.25,5094.796109477236
1773085200,5133.39,5134.835,5132.835,5134.835,999,1232.65,5094.8251234510535
1773085260,5135.21,5135.21,5133.21,5133.21,360,1228.9,5094.835491025646
1773085260.001,5129.725,5131.725,5129.725,5131.725,1049,1195.15,5094.863491065128
1773085320,5135.035,5135.035,5133.035,5133.035,230,1185.2,5094.870072395432
1773085320.001,5131.845,5133.52,5131.52,5133.52,799,1146.15,5094.89241894499
1773085380,5137.79,5137.79,5135.79,5135.79,1151,1108.15,5094.927615388539
1773085440,5133.3550000000005,5135.3550000000005,5133.3550000000005,5135.3550000000005,295,1040.45,5094.936242899538
1773085440.001,5135.52,5136.955,5134.955,5134.955,975,990.05,5094.965399803212
1773085500,5133.1050000000005,5135.1050000000005,5133.1050000000005,5135.1050000000005,1175,963.75,5094.999461030909
1773085560,5135.3150000000005,5135.3150000000005,5133.3150000000005,5133.3150000000005,425,901.55,5095.011624090597
1773085560.001,5130.62,5131.64,5129.64,5129.64,1138,889.7,5095.041087349658
1773085620,5129.32,5131.32,5129.32,5131.32,356,891.7,5095.05038473385
1773085620.001,5133.025000000001,5134.735,5132.735,5134.735,996,892.5,5095.078863297771
1773085680,5135.95,5135.95,5133.95,5133.95,1118,923.95,5095.111229592862
1773085740,5132.245,5134.245,5132.245,5134.245,301,848.85,5095.119705748574
1773085740.001,5134.285,5135.495,5133.495,5135.495,1021,806.1,5095.14936287573
1773085800,5136.13,5136.13,5134.13,5134.13,872,792.9,5095.1746367410315
1773085860,5133.135,5135.135,5133.135,5135.135,266,789.8,5095.1822761824305
1773085860.001,5135.93,5137.075,5135.075,5135.075,1076,785.75,5095.214148919183
1773085920,5133.895,5134.625,5132.625,5134.625,1141,787.15,5095.2464075615135
1773085980,5136.175,5137.095,5135.095,5137.095,975,785.95,5095.275686565976
1773086040,5137.39,5137.39,5135.39,5135.39,690,802.45,5095.296195039192
1773086100,5134.045,5136.045,5134.045,5136.045,231,761.55,5095.302942126507
1773086100.001,5139.005,5139.005,5137.005,5137.005,697,784.9,5095.324450675377
1773086160,5136.52,5138.085,5136.085,5136.085,427,766.3,5095.33733054661
1773086220,5136.05,5138.05,5136.05,5138.05,136,715.55,5095.341493662661
1773086220.001,5139.125,5140.38,5138.38,5140.38,864,744,5095.369387160318
1773086280,5142.385,5144.075,5142.075,5144.075,990,744.75,5095.403964991672
1773086340,5144.325,5144.325,5142.325,5142.325,374,704.7,5095.416901507995
1773086340.001,5141.195,5143.195,5141.195,5143.195,762,721.55,5095.442980560469
1773086400,5145.87,5145.87,5143.87,5143.87,742,701.75,5095.469429364849
1773086460,5140.88,5142.88,5140.88,5142.88,204,694.15,5095.476351934345
1773086460.001,5142.9400000000005,5144.3550000000005,5142.3550000000005,5142.3550000000005,585,673.6,5095.496535196856
1773086520,5141.955,5142.6900000000005,5140.6900000000005,5140.6900000000005,1579,696.65,5095.549021727945
1773086640,5138.38,5140.38,5138.38,5140.38,572,710.2,5095.567324544182
1773086700,5142.665,5144.665,5142.665,5144.665,573,687.8,5095.587422334108
1773086760,5147.465,5147.465,5145.465,5145.465,411,664.75,5095.602462562966
1773086820,5143.99,5145.99,5143.99,5145.99,131,658,5095.607177867516
1773086820.001,5148.165,5148.205,5146.205,5146.205,473,627.85,5095.6247259154425
1773086880,5145.4800000000005,5145.485,5143.485,5143.485,369,589.25,5095.637681122566
1773086940,5142.07,5143.545,5141.545,5141.545,630,572,5095.658899937642
1773087060,5140.71,5142.49,5140.49,5142.49,381,556.55,5095.67161592293
1773087120,5143.015,5143.015,5141.015,5141.015,429,566.45,5095.685881615464
1773087180,5137.925,5139.925,5137.925,5139.925,271,545.15,5095.694414170328
1773087240,5141.61,5141.61,5139.61,5139.61,53,526.45,5095.696121506517
1773087240.001,5139.53,5139.900000000001,5137.900000000001,5137.900000000001,183,528.8,5095.701789558722
1773087300,5137.655,5139.655,5137.655,5139.655,242,497.7,5095.709356425668
1773087360,5139.915,5139.99,5137.99,5139.99,609,478.65,5095.728534270196
1773087540,5140.57,5140.57,5138.57,5138.57,220,470.95,5095.735444316426
1773087600,5138.55,5140.1050000000005,5138.1050000000005,5138.1050000000005,265,446.1,5095.743675926141
1773087660,5137.835,5139.38,5137.38,5137.38,279,422.95,5095.752193042531
1773087720,5136.91,5138.91,5136.91,5138.91,183,421.9,5095.757803644159
1773087780,5139.58,5139.58,5137.58,5137.58,145,399.9,5095.762248499537
1773087840,5136.650000000001,5138.425,5136.425,5136.425,279,334.9,5095.770565957371
1773087900,5134.400000000001,5136.400000000001,5134.400000000001,5136.400000000001,81,310.35,5095.772900717743
1773087900.001,5137.025000000001,5137.61,5135.61,5137.61,370,300.2,5095.783885033495
1773088020,5139.225,5139.225,5137.225,5137.225,336,296.45,5095.79408461337
1773088080,5136.18,5138.18,5136.18,5138.18,240,301.9,5095.801301555623
1773088140,5139.8550000000005,5139.8550000000005,5137.8550000000005,5137.8550000000005,189,287.7,5095.807120485321
1773088200,5136.955,5138.955,5136.955,5138.955,175,278,5095.812477545644
1773088260,5139.1050000000005,5139.335,5137.335,5137.335,348,263.9,5095.823054560384
1773088380,5136.95,5138.195,5136.195,5138.195,353,262.5,5095.833657785731
1773088500,5138.97,5138.97,5136.97,5136.97,167,249.4,5095.838685192642
1773088560,5136.17,5137.99,5135.99,5135.99,967,284.2,5095.867090251513
1773088920,5135.505,5136.72,5134.72,5136.72,253,294.2,5095.874405625922
1773088980,5137.795,5138.465,5136.465,5138.465,266,298.35,5095.882427929987
1773089040,5139.895,5139.895,5137.895,5137.895,278,300.15,5095.890961487794
1773089100,5137.195,5139.195,5137.195,5139.195,332,286.3,5095.901140215456
1773089160,5140.825,5140.825,5138.825,5138.825,268,288.7,5095.909538840799
1773089220,5137.51,5139.51,5137.51,5139.51,306,290.75,5095.918981764264
1773089280,5139.585,5140.175,5138.175,5140.175,595,306.55,5095.937615393588
1773089400,5140.455,5140.455,5138.455,5138.455,318,313.3,5095.9474793551
1773089460,5137.325,5139.325,5137.325,5139.325,282,320.15,5095.956129039633
1773089520,5139.39,5139.6900000000005,5137.6900000000005,5137.6900000000005,317,322.05,5095.96577942539
1773089580,5135.87,5136.435,5134.435,5136.435,565,346.25,5095.98191919366
1773089700,5137.03,5137.18,5135.18,5137.18,224,338.95,5095.9884340954
1773089760,5137.53,5138.475,5136.475,5136.475,431,343.7,5096.001157842371
1773089940,5136.335,5138.11,5136.11,5136.11,35,333.45,5096.002181583918
1773093840,5128.805,5130.805,5128.805,5130.805,560,352,5130.138333333333
1773093900,5131.3,5131.3,5129.3,5129.3,274,356.95,5130.081934452439
1773093900.001,5126.665,5127.75,5125.75,5125.75,578,368.45,5128.581562795091
1773093960,5124.39,5126.39,5124.39,5126.39,152,358.4,5128.303780903667
1773093960.001,5135.075,5135.075,5133.075,5133.075,655,382.8,5129.908925191528
1773094020,5125.42,5127.42,5125.42,5127.42,167,342.8,5129.68806021235
1773094020.001,5131.6,5132.805,5130.805,5132.805,273,343.8,5129.939630186787
1773094080,5132.995,5132.995,5130.995,5130.995,574,359.2,5130.245367563667
1773094200,5128.895,5130.895,5128.895,5130.895,89,349.75,5130.244911198074
1773094200.001,5136.975,5136.975,5134.975,5134.975,89,337.6,5130.385723639208
1773094200.002,5134.905,5136.8150000000005,5134.8150000000005,5134.8150000000005,342,341.3,5130.850102140511
1773094260,5134.08,5134.96,5132.96,5132.96,539,352.95,5131.198789996894
1773094320,5128.76,5130.76,5128.76,5130.76,142,330.3,5131.163387460533
1773094320.001,5131.32,5131.32,5129.32,5129.32,227,325.75,5131.106078809984
1773094380,5128.01,5130.01,5128.01,5130.01,75,315.4,5131.0781637105865
1773094380.001,5130.17,5131.005,5129.005,5131.005,349,317,5131.027386758441
1773094440,5133.04,5134.45,5132.45,5134.45,400,308.75,5131.228367365543
1773094500,5135.96,5135.96,5133.96,5133.96,141,304.6,5131.313536260221
1773094500.001,5128.995,5130.995,5128.995,5130.995,833,324.7,5131.186477266863
1773094620,5131.745,5131.745,5129.745,5129.745,131,329.5,5131.17107511381
1773094620.001,5126.255,5128.255,5126.255,5128.255,473,325.15,5130.931143517863
1773094740,5128.345,5128.75,5126.75,5126.75,642,343.55,5130.638308457712
1773094860,5125.485,5127.485,5125.485,5127.485,320,330.65,5130.485985462098
1773094920,5129.5650000000005,5129.5650000000005,5127.5650000000005,5127.5650000000005,302,338.15,5130.404226812378
1773094980,5122.495,5123.9800000000005,5121.9800000000005,5121.9800000000005,382,324.5,5130.063959505493
1773095040,5117.3550000000005,5119.3550000000005,5117.3550000000005,5119.3550000000005,153,323.8,5129.867562438877
1773095040.001,5124.86,5124.86,5122.86,5122.86,273,323.8,5129.678064404306
1773095100,5122.650000000001,5124.650000000001,5122.650000000001,5124.650000000001,60,298.1,5129.6409046583285
1773095100.001,5128.155,5128.155,5126.155,5126.155,218,304.55,5129.575612627926
1773095160,5126.02,5127.975,5125.975,5127.975,301,315.15,5129.50535824583
1773095220,5130.725,5132.295,5130.295,5132.295,310,313.55,5129.571012902367
1773095280,5132.88,5133.0650000000005,5131.0650000000005,5133.0650000000005,561,314.65,5129.720859549677
1773095340,5133.645,5133.645,5131.645,5131.645,403,327.7,5129.815880961049
1773095400,5129.37,5131.37,5129.37,5131.37,242,328.45,5129.835005046008
1773095460,5133.3150000000005,5134.435,5132.435,5134.435,438,346.6,5129.982656553537
1773095520,5134.83,5135.8550000000005,5133.8550000000005,5133.8550000000005,548,356.55,5130.18627292076
1773095580,5132.56,5133.345,5131.345,5131.345,524,362.75,5130.261351909995
1773095640,5128.525000000001,5130.525000000001,5128.525000000001,5130.525000000001,330,372.2,5130.251176230554
1773095700,5133.035,5133.795,5131.795,5131.795,344,347.75,5130.307863923264
1773095760,5130.085,5132.085,5130.085,5132.085,699,376.15,5130.36286414417
1773095940,5132.31,5132.31,5130.31,5130.31,103,357.65,5130.367311362784
1773095940.001,5128.4800000000005,5130.4800000000005,5128.4800000000005,5130.4800000000005,359,343.5,5130.353666209263
1773096000,5132.845,5134.49,5132.49,5134.49,406,347.8,5130.447697639232
1773096060,5135.935,5136.325,5134.325,5136.325,726,369,5130.6885406718875
1773096180,5140.1,5140.1,5138.1,5138.1,127,356.25,5130.7533330175565
1773096180.001,5137.235,5138.56,5136.56,5136.56,272,362.2,5130.862655428618
1773096240,5135.34,5137.34,5135.34,5137.34,495,373.3,5131.035915205911
1773096300,5141.935,5143.435,5141.435,5143.435,336,387.1,5131.2686655448615
1773096360,5143.45,5143.45,5141.45,5141.45,101,381.25,5131.332971690729
1773096360.001,5140.05,5142.05,5140.05,5142.05,306,381.5,5131.510290109932
1773096420,5142.415,5142.415,5140.415,5140.415,103,371.15,5131.566795628664
1773096420.001,5138.755,5140.755,5138.755,5140.755,103,348.25,5131.616808072174
1773096420.002,5141.17,5142.47,5140.47,5142.47,544,355.3,5131.923068144135
1773096540,5143.53,5143.53,5141.53,5141.53,360,361.2,5132.123485152269
1773096600,5141.475,5143.475,5141.475,5143.475,97,344.15,5132.179354392394
1773096600.001,5145.75,5145.75,5143.75,5143.75,354,334.45,5132.408500573039
1773096660,5143.14,5145.14,5143.14,5145.14,129,314.7,5132.490268116702
1773096660.001,5145.755,5146.59,5144.59,5144.59,596,328,5132.877877568346
1773096720,5143.74,5145.54,5143.54,5143.54,668,344.2,5133.2507040102455
1773096780,5142.83,5144.46,5142.46,5144.46,499,334.2,5133.503662226922
1773096840,5145.575,5146.465,5144.465,5144.465,443,351.2,5133.7461860483345
1773096900,5143.58,5145.285,5143.285,5145.285,377,352.1,5133.935796055572
1773096960,5145.66,5145.66,5143.66,5143.66,249,344.25,5134.054122534222
1773097020,5143.515,5145.515,5143.515,5145.515,80,311.95,5134.093470791942
1773097020.001,5146.395,5146.91,5144.91,5146.91,538,332.5,5134.384194241829
1773097080,5150.055,5150.975,5148.975,5150.975,758,356.8,5134.903534119265
1773097140,5153.285,5154.6,5152.6,5154.6,1008,382.45,5135.69454597938
1773097200,5154.825,5154.825,5152.825,5152.825,886,409.95,5136.3218633301485
1773097260,5147.575,5148.47,5146.47,5146.47,530,431.4,5136.545187797084
1773097320,5143.335,5144.82,5142.82,5142.82,659,449.05,5136.718955492242
1773097380,5140.93,5141.665,5139.665,5141.665,632,475.5,5136.819284415919
1773097440,5143.11,5143.11,5141.11,5141.11,468,493.75,5136.903880765722
1773097500,5138.53,5140.53,5138.53,5140.53,327,482.9,5136.938751801669
1773097560,5142.16,5142.16,5140.16,5140.16,73,468.55,5136.948951901764
1773097560.001,5139.905,5141.705,5139.705,5141.705,306,479,5136.993434882037
1773097620,5143.9400000000005,5143.9400000000005,5141.9400000000005,5141.9400000000005,313,476.95,5137.055203323485
1773097680,5141.78,5143.78,5141.78,5143.78,105,475.75,5137.07748444195
1773097680.001,5144.91,5144.91,5142.91,5142.91,105,451.2,5137.101300109348
1773097680.002,5142.685,5144.02,5142.02,5144.02,355,435.55,5137.177809875094
1773097740,5146.06,5147.58,5145.58,5147.58,493,435.25,5137.340497593381
1773097800,5148.3150000000005,5148.42,5146.42,5148.42,618,444,5137.554147410357
1773097860,5149.57,5149.57,5147.57,5147.57,406,445.45,5137.696226386248
1773097920,5147.24,5149.24,5147.24,5149.24,120,439,5137.738817681479
1773097920.001,5150.25,5150.25,5148.25,5148.25,1015,485.75,5138.09716128149
1773098040,5145.9400000000005,5146.875,5144.875,5146.875,1262,521.95,5138.408077635693
1773098160,5151.02,5151.02,5149.02,5149.02,326,500.35,5138.518662014895
1773098220,5148.825,5150.825,5148.825,5150.825,457,472.8,5138.6764775311985
1773098280,5152.81,5154.51,5152.51,5154.51,507,453.85,5138.901234082558
1773098340,5156.21,5156.21,5154.21,5154.21,592,456.95,5139.172961020923
1773098400,5151.57,5153.57,5151.57,5153.57,440,446,5139.34437154206
1773098460,5155.705,5155.705,5153.705,5153.705,144,421.6,5139.405518522703
1773098460.001,5150.74,5152.74,5150.74,5152.74,512,423.8,5139.586179818572
1773098520,5152.995,5152.995,5150.995,5150.995,184,416.65,5139.647753591055
1773098520.001,5146.975,5147.26,5145.26,5145.26,538,439.9,5139.739992218002
1773098580,5145.175,5147.175,5145.175,5147.175,177,433.45,5139.772546467389
1773098580.001,5148.255,5148.400000000001,5146.400000000001,5146.400000000001,592,447.4,5139.888028901009
1773098640,5145.9400000000005,5147.9400000000005,5145.9400000000005,5147.9400000000005,622,473.25,5140.0088701530985
1773098700,5148.895,5150.265,5148.265,5148.265,728,504.4,5140.176538210036
1773098760,5147.06,5147.765,5145.765,5145.765,622,517.75,5140.275376994205
1773098820,5142.76,5144.685,5142.685,5144.685,555,520.85,5140.327415892179
1773098880,5145.395,5145.51,5143.51,5143.51,406,510.25,5140.366170903077
1773098940,5143.08,5145.08,5143.08,5145.08,395,509.7,5140.4054299688905
1773099000,5146.03,5147.04,5145.04,5145.04,380,522.7,5140.454443836169
1773099060,5144.035,5145.16,5143.16,5143.16,362,490.05,5140.483886329649
1773099120,5141.635,5143.635,5141.635,5143.635,238,438.85,5140.49806614708
1773099180,5145.04,5145.04,5143.04,5143.04,213,433.2,5140.514372112071
1773099240,5142.72,5143.755,5141.755,5143.755,385,429.6,5140.537800526421
1773099360,5144.115,5144.715,5142.715,5144.715,138,411.15,5140.5492166242475
1773099420,5145.145,5146.905,5144.905,5146.905,212,392.15,5140.57749679547
1773099480,5147.585,5149.015,5147.015,5149.015,780,409.15,5140.717066946054
1773099600,5149.765,5149.765,5147.765,5147.765,84,406.15,5140.731959995707
1773099600.001,5147.665,5149.245,5147.245,5147.245,686,414.85,5140.843396684613
1773099720,5144.5650000000005,5145.41,5143.41,5143.41,442,427.75,5140.875410692948
1773099780,5142.6050000000005,5143.97,5141.97,5141.97,714,436.55,5140.90313783422
1773099840,5135.64,5137.64,5135.64,5137.64,719,463.65,5140.841810604907
1773099900,5141.8550000000005,5141.8550000000005,5139.8550000000005,5139.8550000000005,173,442.7,5140.8406129899495
1773099900.001,5138.825,5139.58,5137.58,5139.58,478,435.5,5140.820896363037
1773099960,5140.34,5141.95,5139.95,5141.95,454,421.8,5140.825346453852
1773100020,5142.0650000000005,5142.0650000000005,5140.0650000000005,5140.0650000000005,260,403.7,5140.8248330101005
1773100080,5139.59,5140.545,5138.545,5140.545,378,394.85,5140.817350642737
1773100140,5141.76,5142.650000000001,5140.650000000001,5142.650000000001,856,417.35,5140.837856912937
1773100260,5143.51,5143.51,5141.51,5141.51,791,437.15,5140.859266825704
1773100380,5137.7300000000005,5139.7300000000005,5137.7300000000005,5139.7300000000005,459,441.1,5140.8427543968555
1773100440,5142.885,5143.43,5141.43,5141.43,993,472.65,5140.867209564957
1773100560,5141.085,5142,5140,5140,698,495.65,5140.864497478022
1773100740,5138.405,5140.405,5138.405,5140.405,662,518.1,5140.8502359636495
1773100800,5141.435,5141.435,5139.435,5139.435,304,514.05,5140.845907903659
1773100800.001,5131.705,5132.92,5130.92,5132.92,1089,561.6,5140.671552352734
1773100860,5137.88,5138.31,5136.31,5138.31,786,590.3,5140.627842429693
1773100920,5138.475,5138.475,5136.475,5136.475,778,590.2,5140.578736028628
1773100980,5133,5135,5133,5135,675,619.75,5140.503331395588
1773101040,5136.04,5136.04,5134.04,5134.04,448,607.85,5140.457250199624
1773101100,5133.38,5135.38,5133.38,5135.38,145,593,5140.442509174038
1773101100.001,5137.3150000000005,5137.535,5135.535,5137.535,1104,612.5,5140.374008894055
1773101220,5139.545,5139.805,5137.805,5139.805,526,602.85,5140.362827656399
1773101280,5140.22,5140.22,5138.22,5138.22,297,609.05,5140.3553239369885
1773101340,5137.745,5139.745,5137.745,5139.745,89,589.6,5140.353381696171
1773101340.001,5140.35,5140.35,5138.35,5138.35,485,591.15,5140.342393631742
1773101400,5137.1050000000005,5139.1050000000005,5137.1050000000005,5139.1050000000005,320,594.15,5140.3321224074625
1773101460,5141.3150000000005,5141.3150000000005,5139.3150000000005,5139.3150000000005,497,600.1,5140.329210633361
1773101520,5137.745,5139.235,5137.235,5137.235,1098,612.2,5140.2854545877335
1773101640,5136.63,5137.8,5135.8,5135.8,818,613.55,5140.23485413224
1773101700,5132.525000000001,5134.525000000001,5132.525000000001,5134.525000000001,651,623.15,5140.168313857493
1773101760,5135.495,5135.495,5133.495,5133.495,450,596,5140.125296570378
1773101820,5132.4400000000005,5134.4400000000005,5132.4400000000005,5134.4400000000005,154,568.8,5140.1097668375905
1773101820.001,5135.305,5135.62,5133.62,5133.62,1149,593.15,5140.005448927827
1773101940,5132.58,5134.58,5132.58,5134.58,716,613.75,5139.938190859463
1773102000,5137.79,5137.79,5135.79,5135.79,191,568.85,5139.9279676121605
1773102000.001,5135.1900000000005,5135.955,5133.955,5133.955,376,548.35,5139.897470231266
1773102060,5133.16,5134.02,5132.02,5132.02,260,522.45,5139.868926071969
1773102120,5131.08,5131.18,5129.18,5131.18,239,500.65,5139.835006371355
1773102180,5132.54,5132.93,5130.93,5130.93,210,488.75,5139.808845002264
1773102240,5130.74,5131.900000000001,5129.900000000001,5129.900000000001,459,504.45,5139.745138386216
1773102360,5129.38,5131.38,5129.38,5131.38,84,453.45,5139.733759392854
1773102360.001,5131.935,5133.57,5131.57,5133.57,568,455.55,5139.676061232478
1773102480,5134.06,5134.06,5132.06,5132.06,129,447.15,5139.662754539603
1773102480.001,5129.0650000000005,5131.0650000000005,5129.0650000000005,5131.0650000000005,476,466.5,5139.597756389467
1773102540,5131.625,5131.650000000001,5129.650000000001,5131.650000000001,323,458.4,5139.556939322367
1773102600,5132.995,5132.995,5130.995,5130.995,295,457.15,5139.522919904374
1773102660,5128.715,5130.715,5128.715,5130.715,377,451.15,5139.471033395793
1773102720,5131.075,5131.075,5129.075,5129.075,151,403.8,5139.44973912434
1773102720.001,5126.785,5128.785,5126.785,5128.785,492,387.5,5139.369504082472
1773102780,5129.68,5129.68,5127.68,5127.68,171,363.5,5139.3424434953195
1773102780.001,5126.28,5126.89,5124.89,5126.89,785,380.25,5139.196241032554
1773102840,5130.3550000000005,5130.51,5128.51,5130.51,654,405.25,5139.11020280661
1773102900,5131.725,5133.31,5131.31,5133.31,492,372.4,5139.065756968305
1773102960,5136.595,5137.685,5135.685,5135.685,501,361.65,5139.046894215783
1773103020,5133.28,5135.28,5133.28,5135.28,129,358.55,5139.038974511647
1773103020.001,5136.035,5137.18,5135.18,5135.18,697,374.6,5139.008458162465
1773103140,5131.135,5133.135,5131.135,5133.135,100,366.6,5138.999500682524
1773103140.001,5133.205,5134.975,5132.975,5134.975,562,382.75,5138.963667368896
1773103260,5135.965,5135.965,5133.965,5133.965,360,390.25,5138.942574243139
1773103320,5133.51,5135.51,5133.51,5135.51,137,374.15,5138.934992484787
1773103320.001,5135.68,5136.705,5134.705,5136.705,521,396,5138.914760567343
1773103380,5136.925,5137.865,5135.865,5135.865,1197,427.45,5138.877122839423
1773103500,5133.835,5135.3150000000005,5133.3150000000005,5135.3150000000005,750,458.5,5138.835685785208
1773103560,5139.365,5139.365,5137.365,5137.365,707,470.05,5138.828327033194
1773103620,5135.625,5136.005,5134.005,5134.005,547,481.25,5138.799099930583
1773103680,5133.32,5134.125,5132.125,5132.125,935,513.25,5138.72775455465
1773103740,5131.25,5133.005,5131.005,5133.005,1013,545.05,5138.646586742241
1773103860,5133.5650000000005,5133.5650000000005,5131.5650000000005,5131.5650000000005,368,555.9,5138.617118628549
1773103920,5130.825,5132.825,5130.825,5132.825,329,547.75,5138.59070183617
1773103980,5133.05,5133.05,5131.05,5131.05,127,545.55,5138.579865969098
1773103980.001,5130.54,5131.925,5129.925,5131.925,1695,591.05,5138.429004712639
1773104160,5134.5,5134.5,5132.5,5132.5,626,589.65,5138.389261162784
1773104220,5130.37,5130.395,5128.395,5128.395,619,596,5138.320119053318
1773104280,5127.995,5129.995,5127.995,5129.995,229,582.4,5138.295528154293
1773104280.001,5131.45,5131.56,5129.56,5129.56,1233,637.6,5138.178438117877
1773104340,5129.41,5131.225,5129.225,5129.225,1438,674.65,5138.040526660954
1773104400,5124.835,5126.835,5124.835,5126.835,552,697.25,5137.965163258888
1773104400.001,5136.305,5136.305,5134.305,5134.305,551,696.7,5137.946314721911
1773104400.002,5134.225,5135.985,5133.985,5135.985,1004,728.9,5137.916505616874
1773104460,5142.400000000001,5142.400000000001,5140.400000000001,5140.400000000001,501,747.1,5137.9342357569185
1773104460.001,5131.32,5132.775000000001,5130.775000000001,5132.775000000001,1413,791.7,5137.843200998223
1773104520,5137.28,5137.28,5135.28,5135.28,303,747,5137.836867372052
1773104520.001,5133.78,5135.125,5133.125,5135.125,1143,766.65,5137.794834735628
1773104580,5140.66,5140.675,5138.675,5140.675,1334,798,5137.82651483615
1773104640,5146.325,5147.32,5145.32,5147.32,1463,843.8,5137.962921675289
1773104700,5152.3,5152.3,5150.3,5150.3,382,816.15,5138.015181812759
1773104700.001,5150.2300000000005,5152.2300000000005,5150.2300000000005,5152.2300000000005,799,805.45,5138.128117234037
1773104760,5153.455,5153.455,5151.455,5151.455,399,807,5138.186126857139
1773104760.001,5147.9800000000005,5148.14,5146.14,5146.14,1553,868.2,5138.323011189156
1773104820,5139.57,5141.57,5139.57,5141.57,384,881.05,5138.333102583163
1773104820.001,5142.235,5143.175,5141.175,5141.175,899,841.25,5138.364935527384
1773104880,5140.67,5142.67,5140.67,5142.67,1385,879.2,5138.41509110423
1773104940,5145.005,5145.005,5143.005,5143.005,1257,911.1,5138.480043875168
1773105000,5141.685,5143.685,5141.685,5143.685,447,922,5138.499898197534
1773105000.001,5145.42,5146.505,5144.505,5146.505,1005,910.6,5138.571376461844
1773105060,5149.205,5149.395,5147.395,5147.395,1022,889.8,5138.664456024513
1773105120,5144.905,5145.505,5143.505,5143.505,952,909.8,5138.714314941258
1773105180,5140.96,5141.4800000000005,5139.4800000000005,5139.4800000000005,708,917.65,5138.723894441188
1773105240,5139.365,5141.365,5139.365,5141.365,241,879.5,5138.728379137879
1773105240.001,5144.655,5144.655,5142.655,5142.655,951,902,5138.769182997985
1773105300,5142.3150000000005,5144.3150000000005,5142.3150000000005,5144.3150000000005,355,849.1,5138.785309191963
1773105300.001,5146.8,5146.875,5144.875,5146.875,1160,891.95,5138.864620118692
1773105360,5149.305,5149.405,5147.405,5147.405,1096,889.6,5138.956636012701
1773105420,5145.02,5147.02,5145.02,5147.02,1293,887.55,5139.042830154949
1773105480,5151.295,5151.5,5149.5,5151.5,2751,951.95,5139.328081755471
1773105600,5159.325,5159.325,5157.325,5157.325,1094,987.55,5139.50593391868
1773105660,5156.3,5158.3,5156.3,5158.3,333,964.25,5139.5583625596355
1773105660.001,5161.39,5161.39,5159.39,5159.39,1141,1001.35,5139.759507798901
1773105720,5158.150000000001,5160.150000000001,5158.150000000001,5160.150000000001,269,937.15,5139.805032390639
1773105720.001,5160.515,5160.695,5158.695,5160.695,635,949.7,5139.914621795907
1773105780,5161.6900000000005,5161.6900000000005,5159.6900000000005,5159.6900000000005,912,950.35,5140.072490127833
1773105840,5159.07,5160.055,5158.055,5160.055,1187,940.45,5140.264709325393
1773105900,5165.29,5166.375,5164.375,5166.375,1006,927.9,5140.47750454472
1773105960,5168.150000000001,5168.150000000001,5166.150000000001,5166.150000000001,344,922.75,5140.552615808667
1773105960.001,5157.9400000000005,5159.9400000000005,5157.9400000000005,5159.9400000000005,344,889.7,5140.605849783145
1773105960.002,5162.85,5162.88,5160.88,5160.88,845,880.85,5140.751106190327
1773106020,5157.16,5159.16,5157.16,5159.16,1122,889.35,5140.913027590465
1773106080,5160.4800000000005,5160.4800000000005,5158.4800000000005,5158.4800000000005,280,867.95,5140.954460616827
1773106080.001,5158.37,5160.37,5158.37,5160.37,590,885.4,5141.043805141165
1773106140,5161.41,5161.41,5159.41,5159.41,294,852.55,5141.088893262421
1773106140.001,5157.63,5159.63,5157.63,5159.63,1150,892.3,5141.253003326543
1773106200,5161.1,5161.1,5159.1,5159.1,428,855.7,5141.316049624846
1773106200.001,5154.7,5156.7,5154.7,5156.7,1175,859.65,5141.452365886787
1773106260,5157.71,5157.71,5155.71,5155.71,373,813.65,5141.496119093089
1773106260.001,5153.335,5155.205,5153.205,5155.205,1376,744.9,5141.635661161518
1773106320,5157.8550000000005,5157.8550000000005,5155.8550000000005,5155.8550000000005,334,706.9,5141.6742208581145
1773106320.001,5154.93,5155.535,5153.535,5155.535,996,740.05,5141.775357070474
1773106380,5159.78,5160.875,5158.875,5160.875,1458,755.9,5141.979895138065
1773106440,5164.09,5164.09,5162.09,5162.09,1139,799.4,5142.158451152153
1773106500,5160.1,5162.1,5160.1,5162.1,381,786.7,5142.2137024790245
1773106500.001,5165.755,5165.755,5163.755,5163.755,989,790.55,5142.377728024053
1773106560,5161.785,5163.785,5161.785,5163.785,303,746.35,5142.424554220964
1773106560.001,5167.095,5167.165,5165.165,5165.165,1325,762.3,5142.6533889167595
1773106620,5162.49,5164.11,5162.11,5162.11,1039,797.05,5142.806482074034
1773106680,5160.215,5162.215,5160.215,5162.215,233,791.5,5142.8384025686355
1773106680.001,5163.7300000000005,5164.25,5162.25,5162.25,642,781.35,5142.932186640568
1773106740,5160.475,5162.475,5160.475,5162.475,833,766.9,5143.045897545298
1773106800,5163.75,5163.75,5161.75,5161.75,706,788.2,5143.144294947893
1773106860,5161.37,5163.37,5161.37,5163.37,250,771.2,5143.179413701054
1773106860.001,5169.04,5169.04,5167.04,5167.04,1211,817.05,5143.390900702047
1773106920,5163.76,5165.76,5163.76,5165.76,1200,819.55,5143.574759894382
1773106980,5167.21,5167.51,5165.51,5165.51,1001,848.2,5143.733364762897
1773107040,5164.11,5166.11,5164.11,5166.11,803,829.6,5143.854892157544
1773107100,5167.42,5167.42,5165.42,5165.42,283,825.1,5143.898664931966
1773107100.001,5164.2300000000005,5166.2300000000005,5164.2300000000005,5166.2300000000005,849,798.75,5144.02588203695
1773107160,5168.83,5169.745,5167.745,5167.745,621,813.1,5144.130174456906
1773107220,5166.835,5168.75,5166.75,5168.75,762,801.4,5144.255220235442
1773107280,5169.995,5169.995,5167.995,5167.995,657,761.35,5144.364583327647
1773107340,5167.365,5169.365,5167.365,5169.365,226,715.7,5144.402033122682
1773107340.001,5171.46,5171.485,5169.485,5169.485,1072,750.25,5144.588644853072
1773107400,5167.59,5169.59,5167.59,5169.59,611,731.35,5144.6887484991885
1773107460,5169.79,5169.79,5167.79,5167.79,164,724.4,5144.7149628209845
1773107460.001,5165.57,5167.57,5165.57,5167.57,164,666.35,5144.739408052808
1773107460.002,5168,5168.8150000000005,5166.8150000000005,5168.8150000000005,600,644.4,5144.8333826891185
1773107520,5172.78,5173.515,5171.515,5171.515,667,666.1,5144.954889326296
1773107580,5169.8,5171.8,5169.8,5171.8,690,668.5,5145.07465862375
1773107640,5175.12,5175.42,5173.42,5175.42,969,675.3,5145.264128174718
1773107700,5176.57,5176.725,5174.725,5176.725,870,683.5,5145.439628213943
1773107760,5177.53,5179.35,5177.35,5179.35,869,714.45,5145.627799312591
1773107820,5181.18,5182.7300000000005,5180.7300000000005,5180.7300000000005,1119,709.85,5145.886623588952
1773107880,5179.715,5181.715,5179.715,5181.715,1222,710.95,5146.162295544219
1773107940,5186.455,5186.455,5184.455,5184.455,308,676.3,5146.239130120655
1773107940.001,5184.24,5185.865,5183.865,5185.865,693,670.8,5146.411243439197
1773108000,5186.665,5187.055,5185.055,5185.055,1011,707.2,5146.662976357121
1773108060,5182.395,5184.395,5182.395,5184.395,723,700.9,5146.831943905001
1773108120,5184.705,5184.705,5182.705,5182.705,231,681.4,5146.885086402108
1773108120.001,5179.91,5181.91,5179.91,5181.91,577,672.15,5147.009450979038
1773108180,5184.375,5184.375,5182.375,5182.375,172,647.9,5147.048287556919
1773108180.001,5179.61,5181.225,5179.225,5179.225,661,669.65,5147.1837676999
1773108240,5176.595,5177.665,5175.665,5175.665,672,649.65,5147.3054942733015
1773108300,5175.33,5177.33,5175.33,5177.33,622,650.2,5147.41853835598
1773108360,5177.845,5177.845,5175.845,5175.845,226,653.3,5147.459185032238
1773108360.001,5175.215,5177.07,5175.07,5177.07,799,685.05,5147.601448654854
1773108420,5177.82,5177.82,5175.82,5175.82,976,703.85,5147.773838665491
1773108480,5170.53,5172.53,5170.53,5172.53,974,719.2,5147.91646323425
1773108540,5177,5177,5175,5175,237,696.55,5147.9563838289405
1773108540.001,5174.26,5174.805,5172.805,5172.805,585,677.35,5148.046665446897
1773108600,5171.365,5172.935,5170.935,5172.935,747,671.2,5148.155611104754
1773108660,5173.83,5173.905,5171.905,5171.905,804,667.95,5148.273241472567
1773108720,5171.755,5173.755,5171.755,5173.755,1719,697.95,5148.52624643638
1773108840,5175.5,5176.8,5174.8,5174.8,723,673,5148.641279206652
1773108900,5172.4400000000005,5174.4400000000005,5172.4400000000005,5174.4400000000005,174,666.3,5148.6670786356635
1773108900.001,5174.745,5176.52,5174.52,5176.52,764,669.85,5148.789068137723
1773108960,5178.255,5178.255,5176.255,5176.255,584,648.5,5148.885232761865
1773109020,5176.0650000000005,5177.76,5175.76,5177.76,340,629.35,5148.9412577765825
1773109080,5179.175,5180.07,5178.07,5178.07,309,633.25,5148.994942884964
1773109140,5177.955,5179.46,5177.46,5179.46,271,617.95,5149.041956361426
1773109200,5179.62,5179.62,5177.62,5177.62,313,625,5149.09515019177
1773109260,5176.195,5178.195,5176.195,5178.195,245,604.2,5149.1355745635665
1773109320,5178.2300000000005,5178.33,5176.33,5176.33,1025,621.85,5149.300314219786
1773109500,5175.425,5177.11,5175.11,5177.11,403,610.9,5149.363269315253
1773109560,5180.34,5181.05,5179.05,5181.05,882,643.7,5149.519937202354
1773109680,5181.24,5181.24,5179.24,5179.24,125,610,5149.541671816586
1773109680.001,5177.38,5179.38,5177.38,5179.38,371,579.75,5149.603469479037
1773109740,5180.13,5180.900000000001,5178.900000000001,5178.900000000001,1069,584.5,5149.785255278092
1773109800,5178.09,5180.09,5178.09,5180.09,842,614.75,5149.926212009956
1773109860,5181.945,5183.400000000001,5181.400000000001,5183.400000000001,720,621.5,5150.059092644472
1773109920,5183.455,5183.455,5181.455,5181.455,274,597.85,5150.108437413407
1773109920.001,5179.865,5181.11,5179.11,5179.11,844,599.85,5150.248419443202
1773109980,5179.005,5180.445,5178.445,5178.445,816,554.7,5150.3794875233725
1773110040,5178.145,5180.145,5178.145,5180.145,696,553.35,5150.491758559137
1773110100,5180.34,5180.34,5178.34,5178.34,931,591.2,5150.638167891921
1773110160,5176.66,5178.66,5176.66,5178.66,958,600.9,5150.781936296158
1773110220,5179.12,5179.12,5177.12,5177.12,679,605.65,5150.882156081475
1773110280,5175.595,5177.595,5175.595,5177.595,541,615.7,5150.958945755064
1773110340,5180.12,5181.205,5179.205,5181.205,772,638.85,5151.082866715869
1773110400,5183.135,5184.86,5182.86,5182.86,695,660.05,5151.204771266742
1773110460,5181.515,5182.275000000001,5180.275000000001,5180.275000000001,1332,711,5151.417382886026
1773110580,5178.155,5180.155,5178.155,5180.155,881,742.8,5151.54950370675
1773110640,5182.34,5183.6900000000005,5181.6900000000005,5183.6900000000005,772,730.15,5151.678779623984
1773110700,5184.54,5185.255,5183.255,5185.255,961,758.05,5151.846189562446
1773110760,5185.645,5185.645,5183.645,5183.645,431,735.5,5151.920089695177
1773110820,5183.64,5183.64,5181.64,5181.64,340,746.25,5151.974555974379
1773110820.001,5180.875,5182.575,5180.575,5180.575,653,760.35,5152.074963792481
1773110880,5179.86,5180.86,5178.86,5178.86,613,737.55,5152.163090557263
1773110940,5178.62,5179.755,5177.755,5177.755,1060,748.45,5152.3080514744815
1773111060,5176.075,5176.49,5174.49,5174.49,368,730.85,5152.351758377993
1773111120,5173.16,5174.09,5172.09,5174.09,696,751.95,5152.427717544995
1773111180,5175.59,5177.3550000000005,5175.3550000000005,5175.3550000000005,705,745,5152.51355578491
1773111240,5174.685,5175.025000000001,5173.025000000001,5173.025000000001,551,731.75,5152.573603533833
1773111300,5171.665,5172.095,5170.095,5170.095,792,736.55,5152.64742848528
1773111360,5168.13,5170.13,5168.13,5170.13,899,734.95,5152.7245499229675
1773111420,5171.35,5171.35,5169.35,5169.35,226,698.35,5152.7444635953825
1773111420.001,5169.255,5170.08,5168.08,5168.08,773,703.05,5152.807247273133
1773111480,5165.08,5166,5164,5166,1128,732.4,5152.878554345467
1773111540,5166.935,5167.37,5165.37,5167.37,984,743,5152.946868399511
1773111600,5168.325,5168.52,5166.52,5168.52,910,753.75,5153.014678235845
1773111660,5172.6050000000005,5173.145,5171.145,5171.145,1522,763.25,5153.156612680772
1773111780,5168.650000000001,5170.650000000001,5168.650000000001,5170.650000000001,502,744.3,5153.198415715249
1773111840,5171.145,5171.145,5169.145,5169.145,691,740.25,5153.255033734797
1773111900,5168.42,5170.22,5168.22,5168.22,552,719.8,5153.297474644631
1773111960,5168.015,5170.015,5168.015,5170.015,678,732.15,5153.350823283722
1773112020,5173.3150000000005,5173.4800000000005,5171.4800000000005,5171.4800000000005,1014,765.85,5153.4437930361655
1773112140,5170.1050000000005,5171.6050000000005,5169.6050000000005,5171.6050000000005,506,758.5,5153.486867940258
1773112200,5172.8150000000005,5172.8150000000005,5170.8150000000005,5170.8150000000005,473,751.5,5153.528189905865
1773112260,5170.145,5171.1,5169.1,5169.1,587,727.85,5153.574334448382
1773112320,5167.01,5167.82,5165.82,5165.82,538,736.35,5153.607876860158
1773112380,5165.25,5167.25,5165.25,5167.25,711,737.1,5153.65226952078
1773112500,5168.425,5168.425,5166.425,5166.425,126,708.15,5153.660412925657
1773112500.001,5165.4800000000005,5166.38,5164.38,5166.38,727,716.95,5153.70240493762
1773112560,5167.085,5168.325,5166.325,5168.325,770,715.85,5153.753713497898
1773112620,5170.34,5170.625,5168.625,5168.625,670,704.4,5153.803261014072
1773112680,5166.45,5167.915,5165.915,5165.915,611,723.65,5153.840312878166
1773112740,5165.045,5167.045,5165.045,5167.045,576,713.8,5153.87449178171
1773112800,5167.1,5168.5650000000005,5166.5650000000005,5168.5650000000005,607,687.75,5153.914663141486
1773112860,5169.85,5170.245,5168.245,5168.245,546,665.85,5153.953205687613
1773112920,5167.765,5168.96,5166.96,5166.96,514,646.05,5153.98620731673
1773112980,5166.075,5167.78,5165.78,5167.78,643,602.1,5154.025722604283
1773113100,5168.29,5168.935,5166.935,5166.935,415,597.75,5154.052047079272
1773113160,5166.83,5166.9400000000005,5164.9400000000005,5164.9400000000005,466,586.5,5154.077150827396
1773113220,5163.31,5163.705,5161.705,5163.705,435,580.65,5154.09528808767
1773113280,5164.015,5165.21,5163.21,5165.21,427,568.1,5154.11600466682
1773113340,5167.09,5167.9800000000005,5165.9800000000005,5165.9800000000005,339,534.35,5154.135699201163
1773113400,5165.575,5166.51,5164.51,5166.51,683,543.2,5154.172655526901
1773113520,5167.3150000000005,5167.3150000000005,5165.3150000000005,5165.3150000000005,146,526.85,5154.180618447426
1773113520.001,5164.37,5164.57,5162.57,5162.57,881,541.55,5154.217317689286
1773113640,5162.485,5164.485,5162.485,5164.485,106,519.95,5154.221996697393
1773113640.001,5164.49,5164.49,5162.49,5162.49,498,509.3,5154.242406809385
1773113700,5160.125,5162.125,5160.125,5162.125,572,531.6,5154.261290533378
1773113760,5165.14,5165.14,5163.14,5163.14,868,538.65,5154.299046973473
1773113880,5162.81,5164.145,5162.145,5162.145,875,543.9,5154.332855115484
1773114000,5161.655,5163.095,5161.095,5161.095,924,556.6,5154.363880968953
1773114120,5160.885,5162.885,5160.885,5162.885,171,534.6,5154.369947059717
1773114120.001,5163.095,5163.095,5161.095,5161.095,1253,568.45,5154.4115422052155
1773114300,5159.305,5160.205,5158.205,5160.205,395,557.85,5154.420620809255
1773114360,5160.455,5160.455,5158.455,5158.455,420,551.55,5154.429455740456
1773114420,5156.53,5158.53,5156.53,5158.53,503,551,5154.437167186047
1773114480,5159.235,5159.735,5157.735,5157.735,852,561.45,5154.452190374316
1773114600,5156.08,5157.56,5155.56,5157.56,715,576.45,5154.459928833537
1773114720,5158.650000000001,5160.405,5158.405,5160.405,984,602.35,5154.48285663731
1773114900,5160.67,5160.87,5158.87,5158.87,611,611.15,5154.496450880343
1773115020,5158.415,5159.415,5157.415,5157.415,523,615.95,5154.504686818728
1773115140,5156.895,5157.615,5155.615,5155.615,514,624.7,5154.508689604395
1773115200,5155.225,5157.07,5155.07,5157.07,455,613.3,5154.512460031431
1773115260,5157.6,5159.495,5157.495,5157.495,648,638.4,5154.522773290416
1773115320,5154.47,5156.47,5154.47,5156.47,182,603.45,5154.523788952416
1773115320.001,5157.335,5158.025000000001,5156.025000000001,5156.025000000001,240,610.15,5154.52605396126
1773115380,5155.335,5156.7,5154.7,5156.7,385,604.5,5154.528575996081
1773115440,5156.95,5156.95,5154.95,5154.95,378,594.8,5154.530360594896
1773115500,5154.475,5156.475,5154.475,5156.475,355,569.15,5154.532326059454
1773115560,5157.225,5157.7300000000005,5155.7300000000005,5155.7300000000005,960,573.4,5154.540047694854
1773115680,5155.285,5157.285,5155.285,5157.285,318,543.1,5154.542895103055
1773115740,5159.645,5159.865,5157.865,5159.865,261,547.6,5154.548124244183
1773115800,5160.325,5160.325,5158.325,5158.325,97,489.8,5154.54997841224
1773115800.001,5156.585,5158.585,5156.585,5158.585,470,493.55,5154.556774931451
1773115860,5159.715,5161.32,5159.32,5161.32,439,494.5,5154.568243319291
1773115920,5161.6050000000005,5162.22,5160.22,5162.22,573,498,5154.5853519289485
1773115980,5162.555,5164.02,5162.02,5164.02,506,480.7,5154.604275360771
1773116040,5165.42,5166.14,5164.14,5164.14,653,477.6,5154.632612564135
1773116100,5161.53,5163.53,5161.53,5163.53,568,456.8,5154.652449749859
1773116160,5164.205,5164.77,5162.77,5162.77,391,445.8,5154.66699943941
1773116220,5162.705,5164.705,5162.705,5164.705,396,439.45,5154.682693762385
1773116400,5164.955,5166.645,5164.645,5164.645,391,433.3,5154.700240504847
1773116580,5162.53,5163.72,5161.72,5161.72,321,426.6,5154.710643771693
1773116760,5161.38,5163.38,5161.38,5163.38,138,401.1,5154.71529751771
1773116880,5163.475,5163.485,5161.485,5163.485,373,410.65,5154.728013857505
1773117180,5163.685,5164.6900000000005,5162.6900000000005,5164.6900000000005,315,414.4,5154.7403166929935
1773117300,5165.31,5165.5,5163.5,5163.5,284,409.35,5154.751551724857
1773117420,5163.09,5164.705,5162.705,5162.705,703,425.6,5154.7769089293615
1773117720,5162.555,5163.415,5161.415,5163.415,1139,464.8,5154.814720759999
1773118020,5163.665,5165.37,5163.37,5165.37,558,444.7,5154.837646827042
1773118200,5165.525000000001,5165.525000000001,5163.525000000001,5163.525000000001,198,438.7,5154.845335764713
1773118260,5162.8,5164.8,5162.8,5164.8,994,475.35,5154.8835058281475
1773118800,5165.755,5166.6050000000005,5164.6050000000005,5166.6050000000005,310,486,5154.897656328708
1773118860,5167.245,5168.325,5166.325,5168.325,348,479.9,5154.915966292826
1773118920,5168.645,5170.075,5168.075,5170.075,223,469.1,5154.929279404714
1773118980,5170.365,5170.365,5168.365,5168.365,226,451.75,5154.942396338775
1773119040,5168.34,5170.34,5168.34,5170.34,759,464.4,5154.988268468598
1773119160,5171.09,5171.09,5169.09,5169.09,122,437.85,5154.9956569069645
1773119160.001,5168.095,5169.18,5167.18,5167.18,1150,466.95,5155.055975511201
1773119400,5166.62,5168.62,5166.62,5168.62,142,454.5,5155.063446079707
1773119400.001,5169.3550000000005,5170.945,5168.945,5170.945,944,481.9,5155.121808887585
1773119520,5172.04,5173.445,5171.445,5173.445,1078,516.25,5155.198814290065
1773119700,5174.38,5174.38,5172.38,5172.38,891,544.75,5155.2629202158
1773119820,5170.415,5171.150000000001,5169.150000000001,5169.150000000001,980,586.85,5155.320189671206
1773120300,5169.095,5171.095,5169.095,5171.095,279,582.15,5155.337096074448
1773120480,5171.205,5172.495,5170.495,5172.495,639,598.35,5155.379253916242
1773120600,5174.365,5174.365,5172.365,5172.365,421,605.2,5155.4089349891865
1773120660,5170.545,5171.27,5169.27,5169.27,216,580.85,5155.421456896777
1773120720,5167.465,5169.465,5167.465,5169.465,160,531.9,5155.429992150525
1773120780,5171.165,5171.45,5169.45,5169.45,156,511.8,5155.439123179334
1773120840,5168.445,5169.495,5167.495,5169.495,246,514.2,5155.45223720812
1773120960,5169.655,5169.655,5167.655,5167.655,126,470.8,5155.458690154985
1773121020,5167.645,5169.645,5167.645,5169.645,112,460.9,5155.464713225931
1773121080,5169.655,5170.345,5168.345,5170.345,627,474.85,5155.500074277752
1773121200,5171.155,5171.900000000001,5169.900000000001,5169.900000000001,561,491.75,5155.533537301848
1773121320,5169.095,5171.095,5169.095,5171.095,225,491.7,5155.546793459985
1773121440,5171.195,5171.195,5169.195,5169.195,23,454.9,5155.548095656206
1773121440.001,5168.675,5169.295,5167.295,5167.295,261,461.85,5155.560896843236
1773121500,5167.215,5168.87,5166.87,5168.87,384,423.55,5155.580048951726
1773121560,5170.52,5172.015,5170.015,5172.015,1011,467,5155.6426903530655
1773121740,5173.885,5174.935,5172.935,5174.935,420,440.8,5155.67337847309
1773121800,5175.555,5176,5174,5176,658,419.8,5155.723995721977
1773121980,5176.515,5176.825,5174.825,5176.825,633,406.9,5155.774482779927
1773122100,5177.555,5179.195,5177.195,5179.195,869,401.35,5155.851399348557
1773122280,5179.35,5179.35,5177.35,5177.35,496,412.2,5155.894083115911
1773122340,5176.21,5178.21,5176.21,5178.21,648,412.65,5155.948412491863
1773122400,5178.6900000000005,5178.6900000000005,5176.6900000000005,5176.6900000000005,181,400.65,5155.963408385799
1773122400.001,5176.685,5178.375,5176.375,5178.375,494,414.55,5156.004900723981
1773122460,5178.62,5180.465,5178.465,5180.465,467,429.9,5156.04774317738
1773122520,5181.1,5181.1,5179.1,5179.1,120,428.1,5156.058712395651
1773122520.001,5179.04,5179.485,5177.485,5177.485,960,463.8,5156.140149190974
1773122700,5175.365,5176.445,5174.445,5174.445,640,489.5,5156.186655488649
1773122880,5174.205,5176.205,5174.205,5176.205,164,492.1,5156.198803899572
1773122940,5176.395,5177.755,5175.755,5177.755,154,468.45,5156.211110849689
1773123000,5178.5650000000005,5178.5650000000005,5176.5650000000005,5176.5650000000005,207,450.75,5156.227743896918
1773123060,5174.915,5176.915,5174.915,5176.915,200,449.5,5156.243038289599
1773123120,5179.14,5179.955,5177.955,5179.955,220,459.35,5156.262387602102
1773123180,5180.175,5180.935,5178.935,5178.935,509,471.75,5156.307638059355
1773123300,5176.96,5178.82,5176.82,5176.82,605,482.8,5156.356332512463
1773123420,5176.57,5178.145,5176.145,5176.145,1226,493.55,5156.451195408076
1773123600,5174.8,5176.8,5174.8,5176.8,264,485.75,5156.47083091168
1773123660,5177.16,5177.805,5175.805,5177.805,254,465.55,5156.4906494174065
1773123720,5177.91,5177.91,5175.91,5175.91,533,460.55,5156.530985824656
1773123960,5175.235,5175.96,5173.96,5173.96,530,443.6,5156.567048720779
1773124020,5173.78,5174.235,5172.235,5172.235,517,444.65,5156.598741904689
1773124080,5171.84,5173.84,5171.84,5173.84,433,433.9,5156.625631973738
1773124140,5177.6050000000005,5178.24,5176.24,5178.24,405,445.1,5156.657371033931
1773124200,5179.2,5179.2,5177.2,5177.2,100,425.4,5156.665302737353
1773124200.001,5177.12,5178.705,5176.705,5176.705,258,414.95,5156.685262020666
1773124260,5174.97,5176.34,5174.34,5176.34,578,437.85,5156.726178027969
1773124380,5176.715,5177.1050000000005,5175.1050000000005,5177.1050000000005,559,417.8,5156.767172599335
1773124500,5177.13,5178.16,5176.16,5176.16,192,395.4,5156.78149090163
1773124560,5175.9400000000005,5176.36,5174.36,5174.36,279,401.15,5156.800395713018
1773124680,5173.74,5175.74,5173.74,5175.74,214,404.15,5156.814906708869
1773124740,5178.63,5178.86,5176.86,5176.86,554,421.5,5156.857398978394
1773124800,5175.49,5176.21,5174.21,5176.21,1103,466.65,5156.933414651684
1773125100,5177.4800000000005,5177.4800000000005,5175.4800000000005,5175.4800000000005,226,466.95,5156.949416136621
1773125160,5174.56,5176.27,5174.27,5176.27,172,450.1,5156.96123223979
1773125220,5176.900000000001,5176.900000000001,5174.900000000001,5174.900000000001,231,431.4,5156.977046841938
1773125280,5174.555,5176.555,5174.555,5176.555,396,389.9,5157.004563162978
1773125400,5176.61,5177.1900000000005,5175.1900000000005,5175.1900000000005,1133,433.35,5157.082718677807
1773125700,5174.89,5176.86,5174.86,5174.86,768,459.05,5157.134403887925
1773125820,5173.87,5175.36,5173.36,5175.36,630,463.9,5157.174674902554
1773125940,5175.375,5176.195,5174.195,5174.195,433,459.05,5157.202511222169
1773126000,5173.675,5175.675,5173.675,5175.675,451,455.75,5157.231651734304
1773126060,5177.43,5177.43,5175.43,5175.43,114,439.8,5157.2394525674945
1773126060.001,5175.365,5175.89,5173.89,5173.89,258,432.45,5157.255643448521
1773126120,5170.83,5172.83,5170.83,5172.83,457,450.3,5157.280291390047
1773126180,5176.1,5177.165,5175.165,5177.165,750,474.9,5157.332296699196
1773126240,5178.33,5178.87,5176.87,5178.87,535,472.75,5157.372507022216
1773126300,5178.915,5178.915,5176.915,5176.915,351,462.35,5157.398019141059
1773126360,5174.535,5175.67,5173.67,5173.67,181,461.8,5157.4090387412425
1773126420,5173.57,5174.71,5172.71,5172.71,389,467.3,5157.431332933729
1773126540,5171.5,5173.5,5171.5,5173.5,63,459.75,5157.43481487329
1773126540.001,5173.77,5174.525000000001,5172.525000000001,5174.525000000001,348,449.45,5157.455298506925
1773126600,5176.945,5176.945,5174.945,5174.945,287,408.65,5157.473954825418
1773126660,5171.985,5173.9800000000005,5171.9800000000005,5173.9800000000005,393,417,5157.4962102106265
1773126720,5174.285,5175.405,5173.405,5173.405,1174,467.1,5157.565491978665
1773126900,5173.14,5175.14,5173.14,5175.14,122,461.65,5157.572832801892
1773126900.001,5176.18,5177.6900000000005,5175.6900000000005,5175.6900000000005,340,458.85,5157.595533267219
1773126960,5173.8150000000005,5174.665,5172.665,5172.665,443,424.35,5157.6202727177
1773127020,5171.24,5171.615,5169.615,5169.615,1044,438.15,5157.667010082793
1773127140,5168.485,5169.165,5167.165,5167.165,656,439.45,5157.690531993324
1773127200,5166.035,5166.955,5164.955,5164.955,680,451.8,5157.709511274709
1773127260,5164.1050000000005,5165.87,5163.87,5163.87,804,469.45,5157.728773404919
1773127320,5161.455,5162.04,5160.04,5160.04,794,503.45,5157.7370476753695
1773127380,5159.37,5160.395,5158.395,5160.395,821,531.6,5157.742752349544
1773127440,5161.49,5161.785,5159.785,5161.785,845,551,5157.752676211182
1773127500,5163.21,5163.325,5161.325,5163.325,629,544.95,5157.76338829409
1773127560,5164.915,5165.015,5163.015,5165.015,612,548.8,5157.777349018124
1773127620,5165.055,5166.96,5164.96,5166.96,513,556.9,5157.792456269874
1773127680,5168.6,5168.72,5166.72,5168.72,421,568.9,5157.807372807318
1773127740,5169.615,5169.975,5167.975,5167.975,420,570.45,5157.82306277153
1773127800,5167.865,5169.865,5167.865,5169.865,456,590.1,5157.840920093224
1773127860,5170.145,5170.145,5168.145,5168.145,175,581.45,5157.847525543232
1773127860.001,5166.93,5168.25,5166.25,5168.25,708,602.5,5157.871183476968
1773127920,5168.375,5169.54,5167.54,5167.54,666,616.15,5157.8947548554615
1773127980,5167.11,5167.675,5165.675,5167.675,582,586.55,5157.912881908725
1773128040,5168.295,5169.97,5167.97,5169.97,1053,633.1,5157.95372555563
1773128160,5170.06,5171.195,5169.195,5171.195,397,635.95,5157.970702261804
1773128220,5172.395,5173.64,5171.64,5173.64,422,634.9,5157.992201622751
1773128280,5173.735,5173.735,5171.735,5171.735,348,600.1,5158.009209881273
1773128340,5171.54,5173.54,5171.54,5173.54,119,573.25,5158.0152070152935
1773128340.001,5174.375,5174.965,5172.965,5174.965,515,565,5158.043589136973
1773128400,5176.415,5176.745,5174.745,5174.745,556,552.6,5158.076211084722
1773128460,5173.71,5175.71,5173.71,5175.71,459,535.85,5158.102479346275
1773128520,5176.175,5177.5650000000005,5175.5650000000005,5177.5650000000005,552,522.4,5158.137409761593
1773128580,5177.895,5178.525000000001,5176.525000000001,5176.525000000001,522,506.25,5158.170837159019
1773128640,5176.275000000001,5178.275000000001,5176.275000000001,5178.275000000001,547,502.15,5158.206504443184
1773128700,5179.125,5179.125,5177.125,5177.125,571,500.1,5158.243947783715
1773128760,5176.035,5177.185,5175.185,5177.185,560,502.45,5158.278147978575
1773128820,5177.905,5178.575,5176.575,5178.575,969,529.85,5158.341511868317
1773128940,5179.215,5179.615,5177.615,5177.615,1468,582.25,5158.4385471466685
1773129120,5176.07,5178.07,5176.07,5178.07,158,567.35,5158.448474939506
1773129120.001,5178.305,5179.635,5177.635,5177.635,1035,610.35,5158.516322093742
1773129240,5177.37,5179.37,5177.37,5179.37,480,598.95,5158.54826588382
1773129300,5179.47,5179.845,5177.845,5179.845,1565,643.9,5158.654155480048
1773129540,5181.755,5182.875,5180.875,5182.875,1015,665.55,5158.732305476194
1773129600,5185.545,5185.545,5183.545,5183.545,302,628,5158.75743370779
1773129600.001,5182.375,5182.86,5180.86,5180.86,1898,703.05,5158.8976916744
1773129720,5178.77,5180.02,5178.02,5178.02,613,712.6,5158.936983620043
1773129780,5177.805,5179.805,5177.805,5179.805,184,704.4,5158.949016212658
1773129780.001,5180.695,5180.695,5178.695,5178.695,541,725.5,5158.98470220322
1773129840,5177.64,5178.31,5176.31,5178.31,559,727.7,5159.018346300446
1773129900,5180.42,5180.42,5178.42,5178.42,146,707.2,5159.027792925824
1773129900.001,5178.185,5178.78,5176.78,5176.78,438,706.15,5159.053766823674
1773129960,5175.005,5177.005,5175.005,5177.005,615,709.3,5159.0879234117565
1773130020,5180.150000000001,5180.150000000001,5178.150000000001,5178.150000000001,315,698.95,5159.107871969115
1773130080,5178.055,5180.055,5178.055,5180.055,79,675.55,5159.113013545864
1773130080.001,5180.37,5182.165,5180.165,5182.165,556,674.8,5159.152884375947
1773130140,5182.6050000000005,5183.08,5181.08,5183.08,567,675.15,5159.19505696056
1773130200,5184.35,5184.35,5182.35,5182.35,426,648,5159.227462449611
1773130260,5179.895,5181.895,5179.895,5181.895,96,579.4,5159.234204870609
1773130260.001,5182.865,5184.05,5182.05,5182.05,203,581.65,5159.249412554445
1773130320,5181.875,5183.55,5181.55,5183.55,306,545.2,5159.272461807568
1773130380,5184.245,5184.425,5182.425,5182.425,460,544.2,5159.307331530997
1773130440,5179.795,5179.835,5177.835,5179.835,492,490.55,5159.338380714976
1773130500,5180.09,5180.9400000000005,5178.9400000000005,5178.9400000000005,1074,493.5,5159.407313477183
1773130740,5178.49,5180.49,5178.49,5180.49,249,490.85,5159.423398900549
1773130800,5181,5181.145,5179.145,5179.145,631,427.5,5159.464025035682
1773130920,5175.465,5177.465,5175.465,5177.465,364,415.05,5159.483927405854
1773130980,5181.1050000000005,5181.1050000000005,5179.1050000000005,5179.1050000000005,88,410.25,5159.489557202319
1773130980.001,5178.650000000001,5179.685,5177.685,5179.685,578,412.1,5159.525086644127
1773131100,5181.085,5181.085,5179.085,5179.085,95,388.9,5159.531133111803
1773131100.001,5179.035,5180.225,5178.225,5180.225,718,417.5,5159.576279212752
1773131220,5180.585,5180.68,5178.68,5180.68,954,443.3,5159.637309214883
1773131340,5184.3,5185.035,5183.035,5185.035,706,447.85,5159.6918428954095
1773131400,5189.1900000000005,5189.1900000000005,5187.1900000000005,5187.1900000000005,572,460.7,5159.742070894764
1773131460,5186.02,5187.575,5185.575,5185.575,829,498.2,5159.810385813025
1773131520,5184.14,5186.14,5184.14,5186.14,748,507.8,5159.869941176468
1773131580,5186.99,5186.99,5184.99,5184.99,660,512.45,5159.922635581149
1773131640,5183.345,5185.345,5183.345,5185.345,541,518.2,5159.96403268515
1773131700,5185.515,5185.515,5183.515,5183.515,189,522.85,5159.97817229413
1773131700.001,5182.885,5184.885,5182.885,5184.885,188,522.1,5159.992242002109
1773131700.002,5184.9400000000005,5185.62,5183.62,5183.62,572,535.4,5160.035070032153
1773131760,5183.085,5185.085,5183.085,5185.085,553,540.05,5160.076556156537
1773131820,5185.255,5185.985,5183.985,5185.985,436,537.25,5160.110371214191
1773131880,5186.135,5187.485,5185.485,5187.485,728,519.95,5160.169979342114
1773131940,5190.8150000000005,5192.375,5190.375,5192.375,651,540.05,5160.232797828484
1773132000,5194.28,5194.28,5192.28,5192.28,664,541.7,5160.299124168197
1773132060,5190.905,5192.85,5190.85,5190.85,439,545.45,5160.340913700938
1773132120,5190.83,5192.83,5190.83,5192.83,302,556.15,5160.370191920821
1773132180,5193.005,5193.005,5191.005,5191.005,106,532.55,5160.380296889384
1773132180.001,5189.025000000001,5190.995,5188.995,5190.995,466,551.1,5160.422739554661
1773132240,5191.445,5191.650000000001,5189.650000000001,5191.650000000001,643,547.35,5160.482384370691
1773132300,5193.25,5193.25,5191.25,5191.25,174,508.35,5160.498977314093
1773132300.001,5190.895,5192.46,5190.46,5192.46,334,489.75,5160.530654259325
1773132360,5192.81,5192.81,5190.81,5190.81,255,473.9,5160.554551083464
1773132420,5190.55,5192.55,5190.55,5192.55,834,474.15,5160.6334751425975
1773132540,5195.405,5195.405,5193.405,5193.405,438,458.65,5160.677656853486
1773132600,5191.135,5193.135,5191.135,5193.135,98,430.55,5160.6870524230135
1773132600.001,5193.305,5193.305,5191.305,5191.305,678,437.4,5160.750889159083
1773132780,5188.305,5190.305,5188.305,5190.305,93,432.6,5160.75897231031
1773132780.001,5190.495,5190.495,5188.495,5188.495,302,438.3,5160.784756926907
1773132840,5187.400000000001,5189.400000000001,5187.400000000001,5189.400000000001,224,420.9,5160.803563495828
1773132900,5189.66,5189.66,5187.66,5187.66,61,396.3,5160.808606037759
1773132900.001,5187.645,5188.76,5186.76,5186.76,628,405.9,5160.858717832263
1773132960,5183.025000000001,5185.025000000001,5183.025000000001,5185.025000000001,188,378.9,5160.871954473954
1773132960.001,5185.900000000001,5186.525000000001,5184.525000000001,5184.525000000001,449,368.8,5160.9046268059765
1773133020,5183.32,5185.32,5183.32,5185.32,475,359.35,5160.938331635237
1773133080,5187.165,5187.165,5185.165,5185.165,442,359.5,5160.971163137198
1773133140,5183.1050000000005,5184.14,5182.14,5182.14,652,377,5161.013561794371
1773133200,5180.58,5182.58,5180.58,5182.58,492,396.3,5161.044140004458
1773133260,5183.49,5183.49,5181.49,5181.49,441,395.05,5161.0717912721675
1773133320,5181.465,5182.63,5180.63,5182.63,260,375.9,5161.087910523793
1773133320.001,5184.825,5185.875,5183.875,5185.875,904,412.4,5161.1524448620785
1773133440,5186.665,5186.91,5184.91,5186.91,1379,464.65,5161.25443282762
1773133620,5187.925,5187.925,5185.925,5185.925,484,476.1,5161.290528409216
1773133680,5184.995,5186.64,5184.64,5184.64,401,454.45,5161.318841333863
1773133740,5184.195,5186.195,5184.195,5186.195,432,454.15,5161.349549606154
1773133800,5187.900000000001,5189.085,5187.085,5189.085,701,484.3,5161.405150239636
1773133920,5189.505,5189.505,5187.505,5187.505,1351,517.95,5161.510692004153
1773134160,5183.685,5185.59,5183.59,5185.59,509,538.75,5161.545421673167
1773134220,5185.6050000000005,5186.43,5184.43,5186.43,1007,574,5161.616285721478
1773134340,5186.455,5186.455,5184.455,5184.455,131,569.35,5161.6252297485025
1773134340.001,5181.81,5183.24,5181.24,5183.24,782,605.4,5161.672704273011
1773134460,5183.375,5183.375,5181.375,5181.375,133,580.65,5161.680552333494
1773134460.001,5181.28,5182.965,5180.965,5182.965,526,597.55,5161.711921876142
1773134520,5182.9800000000005,5184.375,5182.375,5184.375,538,602,5161.74609929897
1773134580,5184.93,5185.42,5183.42,5183.42,1447,650.6,5161.839072287202
1773134760,5183.400000000001,5184.85,5182.85,5184.85,1145,685.75,5161.912411751888
1773134880,5185.945,5187.765,5185.765,5185.765,1401,723.2,5162.0104896116145
1773135000,5184.39,5185.725,5183.725,5185.725,955,746.35,5162.073162064375
1773135120,5186.26,5187.95,5185.95,5187.95,689,758.75,5162.122523395026
1773135180,5188.425,5188.425,5186.425,5186.425,303,760.9,5162.144004880831
1773135240,5186.1050000000005,5186.365,5184.365,5184.365,433,737.35,5162.1721092448
1773135300,5183.75,5183.895,5181.895,5181.895,2143,775.55,5162.295273045444
1773135540,5181.64,5183.64,5181.64,5183.64,136,758.15,5162.303196879358
1773135540.001,5183.650000000001,5184.895,5182.895,5184.895,1082,792.2,5162.369836759476
1773135660,5185.435,5186.38,5184.38,5186.38,1251,833.15,5162.451582353361
1773135840,5187.905,5189.155,5187.155,5189.155,516,823.9,5162.489135884425
1773135900,5189.29,5189.42,5187.42,5187.42,973,805,5162.55856564026
1773136020,5186.47,5186.88,5184.88,5184.88,1248,841.95,5162.638263036977
1773136260,5184.755,5186.01,5184.01,5184.01,526,817.9,5162.670418754031
1773136380,5183.665,5185.305,5183.305,5185.305,573,840,5162.7052802511
1773136500,5185.675,5186.535,5184.535,5186.535,466,824.2,5162.735135738407
1773136620,5186.825,5186.825,5184.825,5184.825,229,829,5162.749540596694
1773136680,5183.905,5184.51,5182.51,5182.51,711,838.25,5162.789608039224
1773136800,5181.155,5182.24,5180.24,5180.24,466,834.65,5162.8128691471
1773136860,5179.150000000001,5180.92,5178.92,5180.92,871,805.85,5162.854622563112
1773136980,5181.885,5181.885,5179.885,5179.885,144,755.8,5162.861624322501
1773136980.001,5179.22,5179.6900000000005,5177.6900000000005,5177.6900000000005,625,717,5162.888186985089
1773137040,5177.495,5179.495,5177.495,5179.495,454,691.95,5162.908011679965
1773137100,5179.735,5179.735,5177.735,5177.735,147,664.85,5162.914248378003
1773137100.001,5175.68,5177.68,5175.68,5177.68,572,678.3,5162.93629747193
1773137160,5180.385,5182.08,5180.08,5182.08,624,687.85,5162.967766287101
1773137220,5182.17,5182.17,5180.17,5180.17,656,613.5,5162.99970285709
1773137280,5179.400000000001,5181.400000000001,5179.400000000001,5181.400000000001,674,640.4,5163.032207648696
1773137340,5182.525000000001,5183.91,5181.91,5181.91,682,620.4,5163.068389694784
1773137400,5179.795,5179.89,5177.89,5177.89,567,586.2,5163.092191141116
1773137460,5177.755,5179.755,5177.755,5179.755,198,570.3,5163.100770693544
1773137460.001,5181.32,5182.415,5180.415,5180.415,747,559,5163.137081693285
1773137520,5180.035,5181.74,5179.74,5181.74,729,533.05,5163.1723602203765
1773137580,5182.515,5183.49,5181.49,5181.49,691,541.3,5163.207687897671
1773137640,5181.125,5181.95,5179.95,5181.95,1411,583.2,5163.27611308449
1773137760,5182.07,5182.07,5180.07,5180.07,1215,620.65,5163.332843518186
1773137820,5175.835,5176.67,5174.67,5176.67,924,655.4,5163.36407376533
1773137880,5176.93,5178.035,5176.035,5178.035,863,663,5163.396238676818
1773137940,5179.415,5180.21,5178.21,5180.21,1545,716.95,5163.462361621333
1773138060,5180.705,5181.155,5179.155,5181.155,1203,733.55,5163.516477444962
1773138180,5181.575,5182.0650000000005,5180.0650000000005,5180.0650000000005,674,760.05,5163.547079158567
1773138240,5178.995,5180.04,5178.04,5178.04,619,759.75,5163.5717875035325
1773138300,5177.29,5178.365,5176.365,5176.365,738,773.95,5163.597892283366
1773138360,5176.0650000000005,5178.0650000000005,5176.0650000000005,5178.0650000000005,617,797.45,5163.620232995834
1773138420,5178.31,5178.31,5176.31,5176.31,638,800.75,5163.642553484818
1773138480,5174.385,5176.24,5174.24,5174.24,797,809.4,5163.666019651202
1773138540,5172.9400000000005,5174.64,5172.64,5174.64,1202,836.7,5163.698302690297
1773138660,5176.66,5176.66,5174.66,5174.66,239,814.95,5163.705539890575
1773138660.001,5170.055,5170.785,5168.785,5170.785,967,829.2,5163.721647665679
1773138720,5171.76,5171.76,5169.76,5169.76,757,838.7,5163.734806111416
1773138780,5166.205,5167.845,5165.845,5167.845,751,866.35,5163.741497364298
1773138840,5170.015,5170.415,5168.415,5168.415,897,873.85,5163.753862664617
1773138960,5166.075,5166.145,5164.145,5164.145,969,885.85,5163.7565020402335
1773139020,5157.85,5159.85,5157.85,5159.85,898,896.2,5163.7459517912985
1773139080,5162.895,5162.925,5160.925,5160.925,884,869.85,5163.741070447228
1773139140,5156.5,5158.5,5156.5,5158.5,769,847.55,5163.729448570198
1773139200,5159.2300000000005,5161.150000000001,5159.150000000001,5161.150000000001,1003,851.5,5163.721140871497
1773139260,5165.62,5166.485,5164.485,5166.485,811,848.9,5163.725471762252
1773139320,5166.93,5168.645,5166.645,5168.645,815,812.4,5163.734279342233
1773139380,5168.765,5169.295,5167.295,5169.295,679,786.2,5163.742708954295
1773139440,5169.435,5171.05,5169.05,5171.05,721,788.55,5163.75483222091
1773139500,5171.06,5172.1050000000005,5170.1050000000005,5172.1050000000005,686,791.9,5163.768155313179
1773139560,5172.12,5172.375,5170.375,5170.375,933,801.65,5163.785268249137
1773139680,5170.165,5172.035,5170.035,5172.035,510,796.3,5163.795008172506
1773139740,5172.715,5173.465,5171.465,5173.465,1141,821.45,5163.820805989726
1773139860,5176.27,5177.33,5175.33,5175.33,783,820.75,5163.844700750484
1773139920,5174.505,5176.47,5174.47,5174.47,973,809.3,5163.87217120462
1773140040,5173.235,5174.3550000000005,5172.3550000000005,5174.3550000000005,323,813.5,5163.880092151469
1773140100,5176.035,5176.365,5174.365,5174.365,374,783.85,5163.8905017758325
1773140160,5174.175,5176.175,5174.175,5176.175,487,770.35,5163.904606147252
1773140220,5176.88,5177.275000000001,5175.275000000001,5177.275000000001,394,752.5,5163.917071389673
1773140280,5178.025000000001,5178.55,5176.55,5178.55,1251,770.2,5163.960448427505
1773140400,5179.02,5179.4800000000005,5177.4800000000005,5177.4800000000005,1262,784.85,5164.004757208867
1773140520,5177.46,5179.46,5177.46,5179.46,165,748.2,5164.0107938701085
1773140520.001,5179.765,5179.765,5177.765,5177.765,1259,766.95,5164.055570684587
1773140640,5176.845,5178.845,5176.845,5178.845,288,742.9,5164.065594653364
1773140640.001,5184.385,5184.385,5182.385,5182.385,288,707.15,5164.0790609143505
1773140640.002,5181.655,5183.38,5181.38,5183.38,928,713,5164.121551079212
1773140700,5188.015,5188.015,5186.015,5186.015,1135,729,5164.184292693544
1773140760,5184.755,5186.755,5184.755,5186.755,275,708.8,5164.19904238361
1773140760.001,5187.1900000000005,5187.325,5185.325,5185.325,625,704,5164.232342931212
1773140820,5184.435,5186.435,5184.435,5186.435,208,680.1,5164.243289278191
1773140820.001,5186.76,5187.45,5185.45,5187.45,709,668.9,5164.282273622472
1773140880,5190.3550000000005,5190.5650000000005,5188.5650000000005,5190.5650000000005,920,689.4,5164.339634502532
1773140940,5190.835,5191.04,5189.04,5189.04,824,673.55,5164.390408619259
1773141000,5188.8150000000005,5190.695,5188.695,5190.695,783,673.55,5164.439079017338
1773141060,5192.045,5192.045,5190.045,5190.045,771,663.45,5164.4880982417335
1773141120,5189.71,5191.295,5189.295,5189.295,1325,713.55,5164.569517015073
1773141240,5186.99,5187.585,5185.585,5185.585,736,731.65,5164.607943324744
1773141300,5183.53,5184.505,5182.505,5182.505,1509,782.75,5164.6751523596095
1773141420,5180.8550000000005,5182.8550000000005,5180.8550000000005,5182.8550000000005,707,798.4,5164.70480898478
1773141480,5185,5186.04,5184.04,5186.04,732,772.45,5164.740983028802
1773141540,5186.175,5186.175,5184.175,5184.175,682,743.45,5164.773706857316
1773141600,5182.78,5184.78,5182.78,5184.78,247,747.55,5164.7851030019065
1773141600.001,5188.465,5188.78,5186.78,5188.78,596,714.4,5164.818225562202
1773141660,5188.8,5188.8,5186.8,5186.8,174,708.7,5164.827609895452
1773141660.001,5185.88,5187.47,5185.47,5187.47,517,720.15,5164.854631755197
1773141720,5189.43,5190.115,5188.115,5188.115,423,694.9,5164.878679483554
1773141780,5185.745,5186.51,5184.51,5184.51,550,665.65,5164.905170175774
1773141840,5182.895,5184.895,5182.895,5184.895,592,681.5,5164.932276331159
1773141900,5185.88,5186.41,5184.41,5184.41,548,677.65,5164.958400297071
1773141960,5183.66,5183.915,5181.915,5181.915,418,688.15,5164.975815868173
1773142020,5180.615,5182.615,5180.615,5182.615,332,669.3,5164.98912711199
1773142080,5182.67,5182.67,5180.67,5180.67,118,629.2,5164.993682733672
1773142080.001,5179.925,5181.925,5179.925,5181.925,497,612.85,5165.012750724171
1773142140,5183.875,5184.17,5182.17,5182.17,521,599.75,5165.034628906694
1773142200,5181.650000000001,5181.865,5179.865,5179.865,663,594.35,5165.058797688943
1773142260,5176.655,5178.655,5176.655,5178.655,1152,585.7,5165.093740084483
1773142380,5180.445,5180.495,5178.495,5180.495,554,576.6,5165.112865070215
1773142440,5180.635,5181.505,5179.505,5181.505,401,521.2,5165.127625307312
1773142500,5181.935,5183.74,5181.74,5183.74,506,511.15,5165.148854936963
1773142560,5185.33,5185.33,5183.33,5183.33,435,496.3,5165.168003669932
1773142620,5182.0650000000005,5182.645,5180.645,5180.645,371,480.75,5165.181979888845
1773142680,5180.63,5182.63,5180.63,5182.63,327,484.75,5165.194775386176
1773142740,5182.905,5182.905,5180.905,5180.905,118,460.85,5165.199280195657
1773142740.001,5180.59,5181.345,5179.345,5179.345,501,477.2,5165.216559203626
1773142800,5176.4400000000005,5176.785,5174.785,5174.785,515,477.1,5165.228817644038
1773142860,5173.965,5175.965,5173.965,5175.965,194,465.65,5165.233358628356
1773142860.001,5178.7,5179.125,5177.125,5177.125,524,464.35,5165.248636871951
1773142920,5176.495,5178.495,5176.495,5178.495,444,456.95,5165.261591253476
1773142980,5178.625,5178.625,5176.625,5176.625,167,437.9,5165.266249046541
1773142980.001,5176.11,5178.11,5176.11,5178.11,543,444.15,5165.281559643223
1773143040,5179.28,5179.28,5177.28,5177.28,188,436.95,5165.287070595786
1773143040.001,5173.900000000001,5174.83,5172.83,5174.83,1138,487.95,5165.310388524925
1773143160,5174.89,5174.89,5172.89,5172.89,181,472.15,5165.31383260071
1773143160.001,5172.265,5173.82,5171.82,5173.82,1062,499.2,5165.332996598662
1773143280,5174.025000000001,5174.41,5172.41,5172.41,460,489.05,5165.341187246635
1773143340,5172.24,5174.24,5172.24,5174.24,475,455.2,5165.350168690989
1773143400,5177.92,5178.27,5176.27,5178.27,467,450.85,5165.363297915056
1773143460,5178.925,5179.6900000000005,5177.6900000000005,5179.6900000000005,477,454.65,5165.3782316715415
1773143520,5179.78,5179.78,5177.78,5177.78,431,450.9,5165.391128143601
1773143580,5176.24,5178.24,5176.24,5178.24,624,460.35,5165.408508573577
1773143700,5178.845,5178.845,5176.845,5176.845,111,447.35,5165.411579444031
1773143700.001,5175.115,5175.25,5173.25,5173.25,762,469.1,5165.426367727417
1773143820,5172.7,5174.7,5172.7,5174.7,115,468.95,5165.428625696443
1773143820.001,5175.22,5175.825,5173.825,5173.825,404,464.1,5165.436970676654
1773143880,5173.16,5175.16,5173.16,5175.16,345,455.6,5165.4440861132125
1773143940,5175.29,5175.42,5173.42,5173.42,410,466.4,5165.452148258623
1773144000,5172.675,5174.675,5172.675,5174.675,163,448.35,5165.455320235959
1773144000.001,5176.78,5176.78,5174.78,5174.78,680,460.15,5165.4707487493215
1773144060,5171.225,5173.225,5171.225,5173.225,588,481.2,5165.480199955097
1773144120,5174.235,5174.235,5172.235,5172.235,138,460.95,5165.482521860767
1773144120.001,5171.92,5172.895,5170.895,5170.895,558,479.45,5165.4902026061645
1773144180,5168.55,5169.575,5167.575,5167.575,891,467.1,5165.4957423915785
1773144240,5167.415,5169.415,5167.415,5169.415,722,494.15,5165.501040368513
1773144300,5169.650000000001,5169.650000000001,5167.650000000001,5167.650000000001,243,453.2,5165.502583086996
1773144300.001,5166.825,5168.755,5166.755,5166.755,1302,495.3,5165.508200510487
1773144360,5164.93,5165.665,5163.665,5163.665,1672,555.15,5165.503794520036
1773144420,5162.485,5164.485,5162.485,5164.485,1276,595.6,5165.498991295756
1773144480,5168.535,5168.535,5166.535,5166.535,1305,637,5165.503939434428
1773144540,5164.735,5166.735,5164.735,5166.735,1292,680.05,5165.505558619851
1773144600,5169.785,5171.645,5169.645,5171.645,1131,705.4,5165.519268467267
1773144660,5171.975,5171.975,5169.975,5169.975,1015,750.6,5165.530758639892
1773144720,5168.245,5170.245,5168.245,5170.245,706,747.8,5165.537063996762
1773144780,5170.975,5171.725,5169.725,5169.725,1839,834,5165.556683445447
1773144960,5165.745,5167.745,5165.745,5167.745,871,857.35,5165.559590503973
1773145020,5169.71,5170.61,5168.61,5170.61,825,881.35,5165.567508854514
1773145080,5171.735,5173.39,5171.39,5173.39,727,897.2,5165.5788809125115
1773145140,5173.46,5174.145,5172.145,5174.145,963,937.2,5165.595475061351
1773145200,5175.43,5175.57,5173.57,5175.57,1070,956.7,5165.617149744103
1773145260,5177.9800000000005,5177.9800000000005,5175.9800000000005,5175.9800000000005,1048,979.7,5165.642248233787
1773145320,5175.035,5176.82,5174.82,5176.82,1539,1049.75,5165.677256219314
1773145440,5176.955,5178.13,5176.13,5178.13,941,1068.9,5165.701209022012
1773145500,5179.84,5179.925,5177.925,5177.925,1136,1081.15,5165.732757607485
1773145620,5176.35,5178.35,5176.35,5178.35,157,1052.9,5165.736798477041
1773145620.001,5179.83,5180.14,5178.14,5178.14,703,1075.9,5165.756557061824
1773145680,5177.405,5179.405,5177.405,5179.405,644,1043,5165.77451052585
1773145740,5180.775000000001,5181.2300000000005,5179.2300000000005,5181.2300000000005,834,1001.1,5165.800949877489
1773145800,5181.31,5181.43,5179.43,5179.43,751,974.85,5165.823927147181
1773145860,5179.045,5180.3550000000005,5178.3550000000005,5180.3550000000005,969,958.05,5165.852620273647
1773145920,5181.6,5181.6,5179.6,5179.6,497,918.3,5165.8679041803725
1773145980,5178.83,5180.83,5178.83,5180.83,116,867.55,5165.871441218919
1773145980.001,5181.685,5181.685,5179.685,5179.685,351,834.35,5165.882274051306
1773146040,5178.68,5180.68,5178.68,5180.68,118,804.95,5165.885827148575
1773146040.001,5180.945,5182.415,5180.415,5182.415,622,744.1,5165.906823185881
1773146100,5183.06,5183.18,5181.18,5181.18,699,735.5,5165.930498232826
1773146160,5180.52,5181.91,5179.91,5181.91,1119,750.2,5165.966821416784
1773146280,5182.005,5182.005,5180.005,5180.005,527,740.2,5165.983230502864
1773146340,5178.97,5180.97,5178.97,5180.97,150,699.55,5165.987777375588
1773146340.001,5181.145,5182.175,5180.175,5182.175,1302,711.15,5166.030435167474
1773146460,5182.245,5182.585,5180.585,5182.585,1865,752,5166.092739602408
1773146640,5185.665,5187.435,5185.435,5187.435,808,715.45,5166.127807182893
1773146700,5188.33,5188.6,5186.6,5188.6,836,710.2,5166.166005817635
1773146760,5189.585,5189.6,5187.6,5187.6,806,693.7,5166.203269212933
1773146820,5187.405,5188.305,5186.305,5186.305,744,723.05,5166.235542458527
1773146880,5185.345,5187.345,5185.345,5187.345,737,724.75,5166.266962473114
1773147000,5187.650000000001,5187.650000000001,5185.650000000001,5185.650000000001,76,696.35,5166.270139723512
1773147000.001,5184.425,5185.615,5183.615,5183.615,346,671.95,5166.283124763856
1773147060,5183.05,5183.650000000001,5181.650000000001,5181.650000000001,525,660.65,5166.300644623946
1773147180,5180.485,5182.485,5180.485,5182.485,372,630.8,5166.312649998369
1773147240,5183.56,5184.175,5182.175,5184.175,322,622.05,5166.324157745424
1773147300,5184.255,5184.845,5182.845,5184.845,482,640.35,5166.34202537734
1773147420,5185.05,5186.04,5184.04,5186.04,502,647.9,5166.361840651761
1773147540,5187.36,5188.005,5186.005,5188.005,1115,697.75,5166.4102391944325
1773147600,5196.59,5196.59,5194.59,5194.59,343,683.8,5166.43069904969
1773147600.001,5194.25,5196.125,5194.125,5196.125,1009,699.3,5166.491137597691
1773147660,5200.54,5200.54,5198.54,5198.54,336,660.15,5166.513805087344
1773147660.001,5197.5,5197.685,5195.685,5197.685,606,664.1,5166.5518770063245
1773147720,5199.35,5200.35,5198.35,5200.35,646,688.9,5166.595898365673
1773147780,5200.6900000000005,5200.6900000000005,5198.6900000000005,5198.6900000000005,222,634.9,5166.610850362652
1773147780.001,5196.545,5198.17,5196.17,5196.17,699,576.6,5166.654223786991
1773147840,5194.095,5196.02,5194.02,5194.02,588,565.6,5166.6880211522175
1773147900,5193.725,5194.88,5192.88,5192.88,446,546.1,5166.712560700387
1773147960,5192.76,5194.76,5192.76,5194.76,152,513.4,5166.7210838806395
1773147960.001,5198.7,5198.7,5196.7,5196.7,405,496.45,5166.746480460645
1773148020,5195.9800000000005,5197.9800000000005,5195.9800000000005,5197.9800000000005,126,465.9,5166.754359289081
1773148020.001,5198.83,5200,5198,5200,795,501.85,5166.807257279521
1773148080,5201.58,5201.58,5199.58,5199.58,771,523.1,5166.859830464235
1773148140,5198.74,5200.74,5198.74,5200.74,852,539.45,5166.917434340967
1773148200,5202.61,5202.61,5200.61,5200.61,791,560.4,5166.97266988591
1773148260,5199.295,5200.685,5198.685,5200.685,645,576.55,5167.015931624469
1773148320,5201.34,5202.415,5200.415,5200.415,855,595.2,5167.074946384055
1773148440,5200.075,5201.2300000000005,5199.2300000000005,5201.2300000000005,510,595.6,5167.109515846204
1773148500,5202.075,5203.43,5201.43,5203.43,789,579.3,5167.1663642456815
1773148560,5205.255,5205.255,5203.255,5203.255,217,573,5167.182475321022
1773148560.001,5203.13,5203.58,5201.58,5203.58,402,542.65,5167.211466226266
1773148620,5203.88,5205.86,5203.86,5205.86,1148,583.25,5167.299268418822
1773148680,5214.895,5215.67,5213.67,5213.67,1158,610.85,5167.4086961752355
1773148740,5212.29,5214.29,5212.29,5214.29,273,592.2,5167.434028772234
1773148740.001,5214.585,5215.85,5213.85,5213.85,741,618.15,5167.503976052853
1773148800,5212.635,5214.635,5212.635,5214.635,778,622.1,5167.576338706092
1773148860,5217.86,5219.31,5217.31,5219.31,819,633.65,5167.659923587461
1773148920,5221.405,5221.405,5219.405,5219.405,214,622.05,5167.682329374669
1773148920.001,5218.84,5220.505,5218.505,5220.505,537,641.3,5167.738218947823
1773148980,5220.935,5222.615,5220.615,5222.615,730,657.55,5167.817072851428
1773149040,5223.185,5223.185,5221.185,5221.185,645,683.5,5167.886430412215
1773149100,5220.76,5222.76,5220.76,5222.76,231,655.3,5167.91133785727
1773149100.001,5224.54,5225.28,5223.28,5225.28,926,663.05,5168.015587057246
1773149160,5227.535,5227.535,5225.535,5225.535,231,632,5168.04226149887
1773149160.001,5225.415,5226.83,5224.83,5226.83,792,632.05,5168.133471189117
1773149220,5228.925,5228.925,5226.925,5226.925,888,644.2,5168.237905545554
1773149280,5222.43,5224.43,5222.43,5224.43,584,630.65,5168.3019707309095
1773149340,5224.4800000000005,5224.4800000000005,5222.4800000000005,5222.4800000000005,188,614.55,5168.322334048264
1773149340.001,5220.36,5222.36,5220.36,5222.36,1195,634.85,5168.447996500746
1773149400,5222.375,5222.375,5220.375,5220.375,504,649.2,5168.500171836524
1773149400.001,5214.04,5215.16,5213.16,5215.16,1648,711.5,5168.64888356102
1773149460,5219.56,5219.56,5217.56,5217.56,1023,705.25,5168.748192118714
1773149520,5216.78,5218.78,5216.78,5218.78,321,663.4,5168.779200312569
1773149520.001,5219.64,5220.665,5218.665,5220.665,1321,715.8,5168.91125837149
1773149580,5221.89,5221.89,5219.89,5219.89,500,703.75,5168.961609356658
1773149580.001,5209.645,5211.64,5209.64,5211.64,1608,745.25,5169.092921002911
1773149640,5214.62,5214.62,5212.62,5212.62,1812,794.9,5169.248030629084
1773149700,5207.81,5209.81,5207.81,5209.81,1539,861.15,5169.366604073284
1773149760,5213.1050000000005,5213.1050000000005,5211.1050000000005,5211.1050000000005,948,881.7,5169.444096404702
1773149820,5208.045,5209.27,5207.27,5209.27,1220,906.2,5169.535973356076
1773149880,5213.275000000001,5214.595,5212.595,5212.595,1261,937,5169.641755505759
1773149940,5211.405,5213.405,5211.405,5213.405,1269,988.9,5169.746422311364
1773150000,5215.785,5217.075,5215.075,5215.075,1093,997.25,5169.842435332808
1773150060,5210.53,5212.53,5210.53,5212.53,257,998.55,5169.863050287512
1773150060.001,5212.58,5212.6,5210.6,5210.6,435,980.7,5169.897402205369
1773150120,5209.875,5211.875,5209.875,5211.875,217,947.15,5169.914493244209
1773150120.001,5214.14,5215.375,5213.375,5213.375,940,964.95,5169.993433783166
1773150180,5211.72,5213.72,5211.72,5213.72,665,988.8,5170.047860419779
1773150240,5214.85,5214.85,5212.85,5212.85,211,939.6,5170.065286626806
1773150240.001,5209.175,5209.805,5207.805,5207.805,1447,986.75,5170.170585147233
1773150300,5202.6050000000005,5202.92,5200.92,5200.92,1652,986.95,5170.26861427805
1773150360,5196.1900000000005,5198.1900000000005,5196.1900000000005,5198.1900000000005,1354,1003.5,5170.338139788713
1773150420,5204.005,5204.005,5202.005,5202.005,313,1003.1,5170.357195501745
1773150420.001,5198.83,5200.695,5198.695,5200.695,675,970.8,5170.394858435036
1773150480,5203.5,5203.54,5201.54,5203.54,707,981.15,5170.437981953523
1773150540,5205.61,5205.64,5203.64,5205.64,878,944.65,5170.494833466139
1773150600,5209.295,5210.47,5208.47,5208.47,775,892.8,5170.550901128937
1773150660,5206.45,5206.89,5204.89,5204.89,889,860.3,5170.609067522211
1773150720,5202.900000000001,5204.900000000001,5202.900000000001,5204.900000000001,1166,871.2,5170.6821876093745
1773150780,5208.12,5209.24,5207.24,5209.24,929,856.65,5170.747724672972
1773150840,5209.43,5209.55,5207.55,5209.55,800,833.6,5170.804440963919
1773150900,5212.54,5213.8,5211.8,5213.8,1057,823,5170.887454037414
1773150960,5215.865,5215.865,5213.865,5213.865,834,810.05,5170.954884449012
1773151020,5213.78,5215.02,5213.02,5213.02,818,838.1,5171.019540591747
1773151080,5210.175,5211.0650000000005,5209.0650000000005,5209.0650000000005,1033,868,5171.09336904788
1773151140,5203.05,5205.05,5203.05,5205.05,273,870.8,5171.11013906803
1773151140.001,5205.34,5207.34,5205.34,5207.34,570,852.3,5171.14750507374
1773151200,5207.955,5207.955,5205.955,5205.955,285,833.3,5171.166131518245
1773151200.001,5201.22,5203.22,5201.22,5203.22,285,837,5171.182603370839
1773151200.002,5203.935,5203.935,5201.935,5201.935,330,781.15,5171.201683808765
1773151260,5201.49,5203.49,5201.49,5203.49,165,706.8,5171.2112826272505
1773151260.001,5207.615,5208.555,5206.555,5206.555,837,680.95,5171.266647498808
1773151320,5201.9400000000005,5203.93,5201.93,5203.93,1020,716.3,5171.326484981323
1773151380,5207.75,5207.75,5205.75,5205.75,265,695.8,5171.343525730301
1773151380.001,5205.235,5206.9400000000005,5204.9400000000005,5204.9400000000005,646,692.75,5171.384039537006
1773151440,5200.585,5202.585,5200.585,5202.585,818,689.75,5171.429688906147
1773151500,5205.1,5205.1,5203.1,5203.1,201,661.05,5171.441563795441
1773151500.001,5201.6900000000005,5203.6900000000005,5201.6900000000005,5203.6900000000005,500,641.6,5171.470387115593
1773151560,5205.64,5205.64,5203.64,5203.64,250,595.8,5171.485364409719
1773151560.001,5198.95,5200.95,5198.95,5200.95,249,561.8,5171.49844126622
1773151560.002,5201.1,5201.26,5199.26,5199.26,1049,574.25,5171.5527209581105
1773151620,5188.385,5190.385,5188.385,5190.385,1474,595.1,5171.601327647204
1773151680,5197.25,5197.25,5195.25,5195.25,374,572.1,5171.617824674478
1773151680.001,5191.695,5192.675,5190.675,5192.675,924,577.4,5171.651946042678
1773151740,5194.3150000000005,5194.81,5192.81,5192.81,1010,576.25,5171.691793701636
1773151800,5185.405,5187.3,5185.3,5187.3,1433,634.25,5171.730399337795
1773151860,5190.935,5191.08,5189.08,5191.08,993,655.4,5171.763790122031
1773151920,5195.27,5195.27,5193.27,5193.27,197,651,5171.771649109515
1773151920.001,5192.99,5192.99,5190.99,5190.99,337,653.6,5171.783698663346
1773151980,5189.805,5191.805,5189.805,5191.805,168,645.5,5171.789543577996
1773151980.001,5194.25,5194.25,5192.25,5192.25,398,657.15,5171.804647744082
1773152040,5190.9800000000005,5192.9800000000005,5190.9800000000005,5192.9800000000005,115,621.05,5171.8088833864285
1773152040.001,5196.81,5196.81,5194.81,5194.81,409,590.5,5171.826255218509
1773152100,5194.150000000001,5196.150000000001,5194.150000000001,5196.150000000001,147,584.6,5171.83249441432
1773152100.001,5198.09,5199.21,5197.21,5199.21,1590,631.8,5171.9084741374545
1773152160,5211.91,5211.91,5209.91,5209.91,1248,653.3,5171.994615740473
1773152220,5206.33,5207.07,5205.07,5205.07,531,669.8,5172.026567813407
1773152280,5204.755,5206.755,5204.755,5206.755,137,651.65,5172.034887647591
1773152280.001,5208.6050000000005,5209.34,5207.34,5209.34,635,670.9,5172.076320640972
1773152340,5212.535,5212.535,5210.535,5210.535,455,681.2,5172.1079983207965
1773152400,5210.400000000001,5212.400000000001,5210.400000000001,5212.400000000001,144,635.95,5172.118149300202
1773152400.001,5214.55,5214.55,5212.55,5212.55,435,584,5172.149929159264
1773152460,5211.79,5212.89,5210.89,5210.89,621,596.35,5172.193382131155
1773152520,5209.215,5211.215,5209.215,5211.215,175,558.9,5172.205296799434
1773152520.001,5211.32,5212.06,5210.06,5212.06,421,529.45,5172.234560796065
1773152580,5213.09,5213.09,5211.09,5211.09,647,490.15,5172.279865601729
1773152640,5209.81,5211.25,5209.25,5209.25,641,472.55,5172.322560669285
1773152700,5207.305,5209.225,5207.225,5209.225,740,499.7,5172.369952974968
1773152760,5211.01,5211.01,5209.01,5209.01,912,528.45,5172.429990247801
1773152820,5208.16,5210.16,5208.16,5210.16,834,561.75,5172.484454444644
1773152880,5210.675,5210.675,5208.675,5208.675,681,575.9,5172.528626667837
1773152940,5207.325,5209.21,5207.21,5209.21,683,604.3,5172.5718639657
1773153000,5211.5650000000005,5212.21,5210.21,5210.21,752,621.45,5172.622429586651
1773153060,5210.145,5212.145,5210.145,5212.145,520,640.1,5172.657865887378
1773153120,5213.665,5213.665,5211.665,5211.665,164,568.8,5172.669273920648
1773153120.001,5209.795,5210.58,5208.58,5208.58,581,535.45,5172.706496787375
1773153180,5206.38,5208.38,5206.38,5208.38,417,529.75,5172.732046897186
1773153240,5210.01,5210.01,5208.01,5208.01,139,529.85,5172.7407896238
1773153240.001,5207.275000000001,5207.415,5205.415,5205.415,673,531.75,5172.7800070552075
1773153300,5204.045,5206.045,5204.045,5206.045,178,517.9,5172.790145405112
1773153300.001,5207.05,5207.275000000001,5205.275000000001,5205.275000000001,484,534.9,5172.818156732119
1773153360,5202.955,5204.955,5202.955,5204.955,613,543.8,5172.851798592326
1773153420,5208.66,5209.685,5207.685,5209.685,556,540.55,5172.886831900367
1773153480,5213.215,5213.215,5211.215,5211.215,603,561.95,5172.927754936289
1773153540,5209.55,5210.985,5208.985,5208.985,647,573.25,5172.969060439065
1773153600,5206.195,5207.515,5205.515,5207.515,1363,609.05,5173.049146476399
1773153720,5208.400000000001,5208.400000000001,5206.400000000001,5206.400000000001,129,583.45,5173.0567553799265
1773153720.001,5204.885,5206.735,5204.735,5204.735,494,571.15,5173.084436954532
1773153780,5203.26,5205.26,5203.26,5205.26,182,534.65,5173.094368699156
1773153780.001,5209.18,5209.495,5207.495,5207.495,602,523.05,5173.130891762756
1773153840,5205.08,5206.63,5204.63,5206.63,616,519.8,5173.165845184784
1773153900,5209,5209.9800000000005,5207.9800000000005,5207.9800000000005,804,525.85,5173.2150777523675
1773153960,5206.83,5208.83,5206.83,5208.83,616,519.05,5173.252192586384
1773154020,5210.695,5210.695,5208.695,5208.695,200,503.05,5173.264638957488
1773154020.001,5207.29,5209.29,5207.29,5209.29,533,521.5,5173.297089074234
1773154080,5209.87,5209.87,5207.87,5207.87,166,500.75,5173.307158564852
1773154080.001,5207.005,5207.775000000001,5205.775000000001,5205.775000000001,634,511.6,5173.343279983858
1773154140,5205.47,5207.4400000000005,5205.4400000000005,5207.4400000000005,908,550.05,5173.395392303966
1773154200,5210.705,5210.705,5208.705,5208.705,1348,583.8,5173.478457610375
1773154320,5208.59,5210.59,5208.59,5210.59,213,585.55,5173.491749026468
1773154320.001,5211.86,5211.885,5209.885,5209.885,468,584.75,5173.521421763945
1773154380,5209.66,5211.66,5209.66,5211.66,525,580.35,5173.555048333205
1773154440,5212.125,5212.26,5210.26,5210.26,338,569.45,5173.576627028187
1773154500,5209.7,5210.465,5208.465,5210.465,453,561.95,5173.604636035891
1773154560,5211.58,5211.585,5209.585,5209.585,341,546.65,5173.625955243772
1773154620,5209.52,5211.52,5209.52,5211.52,105,483.75,5173.632622572302
1773154620.001,5211.765,5212.14,5210.14,5210.14,381,496.35,5173.656765100607
1773154680,5209.72,5211.150000000001,5209.150000000001,5209.150000000001,310,487.15,5173.675862642339
1773154740,5206.39,5206.845,5204.845,5204.845,548,505.45,5173.705557390031
1773154800,5203.285,5205.285,5203.285,5205.285,238,487.25,5173.718075026227
1773154800.001,5209.555,5210.465,5208.465,5210.465,625,487.7,5173.756401198213
1773154860,5213.85,5213.85,5211.85,5211.85,399,467.45,5173.782668230931
1773154920,5211.735,5213.735,5211.735,5213.735,135,443.4,5173.791673976792
1773154920.001,5214.72,5215.275000000001,5213.275000000001,5215.275000000001,449,455.85,5173.822769983041
1773154980,5215.95,5216,5214,5214,401,449.25,5173.850541331288
1773155040,5212.435,5214.435,5212.435,5214.435,297,455.8,5173.870633634772
1773155100,5214.51,5214.51,5212.51,5212.51,99,429.05,5173.877227321634
1773155100.001,5210.13,5212.13,5210.13,5212.13,644,415.85,5173.918198027866
1773155160,5213.68,5214.595,5212.595,5214.595,673,382.1,5173.963723126368
1773155220,5216.075,5216.075,5214.075,5214.075,387,390.8,5173.990386679934
1773155280,5213.75,5215.75,5213.75,5215.75,336,384.2,5174.013702023825
1773155340,5217.53,5218.795,5216.795,5218.795,462,381.05,5174.048091155591
1773155400,5220.04,5221.1900000000005,5219.1900000000005,5219.1900000000005,458,387.05,5174.083464274774
1773155460,5219.14,5220.255,5218.255,5220.255,404,384.6,5174.114438796398
1773155520,5221.02,5222.82,5220.82,5222.82,432,389.15,5174.149379056519
1773155580,5225.735,5226.51,5224.51,5224.51,603,414.05,5174.201131217684
1773155640,5223.2300000000005,5223.595,5221.595,5223.595,624,426.2,5174.252218075935
1773155700,5225.41,5225.41,5223.41,5223.41,711,446.25,5174.311667374292
1773155760,5222.61,5224.61,5222.61,5224.61,328,435.25,5174.338971504222
1773155820,5225.625,5225.625,5223.625,5223.625,71,426.9,5174.3449193706165
1773155820.001,5222.66,5224.525000000001,5222.525000000001,5224.525000000001,297,410.5,5174.369568806904
1773155880,5224.68,5225.25,5223.25,5225.25,489,415,5174.410693576787
1773155940,5226.37,5227.81,5225.81,5227.81,478,432.15,5174.452876017484
1773156000,5228.71,5228.71,5226.71,5226.71,641,441.75,5174.509587061923
1773156060,5224.795,5226.795,5224.795,5226.795,176,430.5,5174.524769832661
1773156060.001,5226.915,5227.25,5225.25,5227.25,744,452.85,5174.589418022976
1773156180,5228.78,5228.78,5226.78,5226.78,555,475.65,5174.6383380470525
1773156240,5225.295,5225.61,5223.61,5225.61,755,481.2,5174.701593904075
1773156300,5226.135,5226.55,5224.55,5226.55,592,477.15,5174.752007936573
1773156360,5227.735,5227.755,5225.755,5225.755,662,490.9,5174.808857897731
1773156420,5224.3550000000005,5226.2,5224.2,5226.2,522,500.2,5174.852827044438
1773156480,5226.35,5226.35,5224.35,5224.35,406,497.4,5174.886624505273
1773156540,5223.72,5225.72,5223.72,5225.72,146,481.8,5174.898776023046
1773156540.001,5226.38,5227.335,5225.335,5227.335,783,500.75,5174.965939701271
1773156600,5227.425,5227.905,5225.905,5227.905,786,518.45,5175.033927028175
1773156660,5230.2300000000005,5230.275000000001,5228.275000000001,5228.275000000001,761,526.35,5175.101725868107
1773156720,5227.245,5229.245,5227.245,5229.245,189,504.6,5175.11842433129
1773156720.001,5229.66,5231.66,5229.66,5231.66,765,507.3,5175.188955415116
1773156780,5234.285,5236.09,5234.09,5236.09,732,527.5,5175.2616218004605
1773156840,5236.6050000000005,5236.6050000000005,5234.6050000000005,5234.6050000000005,238,535.85,5175.2851510805785
1773156840.001,5231.965,5233.965,5231.965,5233.965,1066,574.3,5175.38685310597
1773156900,5236.255,5236.255,5234.255,5234.255,839,591.8,5175.468884454736
1773156960,5231.71,5232.47,5230.47,5230.47,667,601.25,5175.529796219345
1773157020,5228.735,5230.735,5228.735,5230.735,160,577.2,5175.544107579716
1773157020.001,5231.0650000000005,5231.41,5229.41,5231.41,445,590.65,5175.5843638564675
1773157080,5233.18,5234.455,5232.455,5234.455,516,579.25,5175.633542416493
1773157140,5234.66,5234.66,5232.66,5232.66,535,578.25,5175.684040052376
1773157200,5230.36,5230.6900000000005,5228.6900000000005,5228.6900000000005,413,561.15,5175.72028126836
1773157260,5228.665,5230.665,5228.665,5230.665,138,538.45,5175.732524758195
1773157260.001,5232.505,5233.635,5231.635,5233.635,535,532.1,5175.782533262892
1773157320,5235.91,5236,5234,5234,579,534.95,5175.838160648265
1773157380,5233.525000000001,5235.525000000001,5233.525000000001,5235.525000000001,570,543.15,5175.892998876878
1773157440,5235.99,5237.35,5235.35,5237.35,630,567.35,5175.955363370343
1773157500,5238.775000000001,5238.775000000001,5236.775000000001,5236.775000000001,606,558.5,5176.015979048454
1773157560,5234.26,5235,5233,5233,519,545.15,5176.064612969607
1773157620,5230.57,5232.57,5230.57,5232.57,429,528.55,5176.103522631293
1773157680,5233.955,5233.955,5231.955,5231.955,328,535.5,5176.1336176851
1773157740,5231.71,5233.71,5231.71,5233.71,375,516,5176.168242444156
1773157800,5234.555,5234.9400000000005,5232.9400000000005,5232.9400000000005,419,500.35,5176.207262733191
1773157860,5228.41,5230.09,5228.09,5228.09,620,519.45,5176.260033946449
1773157920,5227.055,5229.055,5227.055,5229.055,655,498.9,5176.315278815542
1773157980,5231.39,5231.39,5229.39,5229.39,629,488.4,5176.369916822646
1773158040,5227.295,5229.295,5227.295,5229.295,419,476,5176.4052849095815
1773158100,5229.59,5230.545,5228.545,5230.545,369,486.45,5176.437137432348
1773158160,5230.62,5231.51,5229.51,5229.51,906,509.5,5176.51561939718
1773158280,5228.285,5229.38,5227.38,5227.38,586,513,5176.5642494071
1773158400,5226.9400000000005,5228.9400000000005,5226.9400000000005,5228.9400000000005,344,503.45,5176.59287948534
1773158460,5230.47,5230.47,5228.47,5228.47,125,489.05,5176.60344866466
1773158460.001,5227.975,5229.4400000000005,5227.4400000000005,5227.4400000000005,306,497.45,5176.628797141753
1773158520,5227.075,5227.21,5225.21,5225.21,330,487.2,5176.6549227864925
1773158580,5223.765,5225.765,5223.765,5225.765,89,462.7,5176.661852706414
1773158580.001,5226.785,5228.725,5226.725,5228.725,178,443.1,5176.67655322471
1773158640,5229.095,5229.095,5227.095,5227.095,89,416.05,5176.683857910294
1773158640.001,5226.09,5228.09,5226.09,5228.09,235,397.5,5176.703007834207
1773158700,5228.76,5228.76,5226.76,5226.76,72,375.15,5176.708872537842
1773158700.001,5225.77,5227.13,5225.13,5227.13,184,362.9,5176.723569397399
1773158760,5227.81,5227.81,5225.81,5225.81,130,353,5176.733950597073
1773158820,5224.67,5226.67,5224.67,5226.67,303,349.4,5176.7578998881845
1773158940,5227.39,5227.955,5225.955,5227.955,411,349,5176.79119507851
1773159060,5228.63,5228.63,5226.63,5226.63,355,335.75,5176.819923141098
1773159120,5222.75,5224.75,5222.75,5224.75,254,315.7,5176.839150587613
1773159180,5225.8550000000005,5225.8550000000005,5223.8550000000005,5223.8550000000005,484,308.45,5176.876084969602
1773159240,5223.705,5224.915,5222.915,5224.915,534,314.2,5176.916535160168
1773159300,5226.635,5227.95,5225.95,5227.95,724,331.95,5176.974777087444
1773159420,5228.56,5229.645,5227.645,5229.645,329,303.1,5177.002089094782
1773159480,5229.945,5230.4400000000005,5228.4400000000005,5228.4400000000005,261,286.85,5177.023789115919
1773159540,5228.21,5229.54,5227.54,5229.54,784,308.85,5177.0885722284465
1773159660,5230.115,5231.12,5229.12,5231.12,851,345.15,5177.160848598667
1773159780,5232.03,5232.455,5230.455,5232.455,449,352.3,5177.199857122561
1773159840,5233.17,5234.865,5232.865,5234.865,723,371.95,5177.265321407504
1773159960,5235.650000000001,5235.650000000001,5233.650000000001,5233.650000000001,236,379.3,5177.2867019141295
1773160020,5233.4800000000005,5234.135,5232.135,5232.135,745,407.65,5177.352300270851
1773160140,5231.435,5232.955,5230.955,5230.955,1090,457.7,5177.445961034328
1773160260,5230.255,5232.255,5230.255,5232.255,665,479.2,5177.502909015277
1773160320,5233.175,5233.37,5231.37,5233.37,1135,532.35,5177.601827790787
1773160440,5234.09,5234.76,5232.76,5232.76,804,563.35,5177.6726016764
1773160560,5231.78,5232.5,5230.5,5232.5,937,603.7,5177.752506395178
1773160680,5232.695,5232.9400000000005,5230.9400000000005,5230.9400000000005,1104,643.75,5177.845957056649
1773160860,5230.415,5230.9800000000005,5228.9800000000005,5228.9800000000005,445,645.45,5177.882163520315
1773160920,5228.9400000000005,5229.545,5227.545,5229.545,431,649.25,5177.916662902179
1773160980,5229.68,5229.83,5227.83,5227.83,353,654.2,5177.944672668213
1773161040,5227.525000000001,5229.525000000001,5227.525000000001,5229.525000000001,597,659.85,5177.99231116245
1773161100,5230.3,5231.09,5229.09,5231.09,934,679.85,5178.068950068184
1773161220,5232.16,5232.16,5230.16,5230.16,219,654.6,5178.0870257787
1773161280,5230.03,5230.99,5228.99,5228.99,198,648.05,5178.102995232474
1773161340,5227.82,5228.66,5226.66,5226.66,247,647.35,5178.122003125708
1773161400,5226.015,5228.015,5226.015,5228.015,558,636.05,5178.164908924296
1773161520,5229.61,5229.87,5227.87,5227.87,196,603.3,5178.180325735952
1773161580,5227.55,5229.08,5227.08,5229.08,523,607,5178.22131666144
1773161760,5229.58,5229.58,5227.58,5227.58,867,614.2,5178.288896786988
1773161940,5226.1,5228.1,5226.1,5228.1,230,613.9,5178.306502610528
1773162000,5228.5650000000005,5229.47,5227.47,5227.47,535,603.4,5178.347992138627
1773162120,5227.11,5229.11,5227.11,5229.11,400,568.9,5178.37915802293
1773162180,5229.825,5230.17,5228.17,5230.17,938,582.55,5178.45363433242
1773162300,5230.695,5231.99,5229.99,5229.99,875,569.55,5178.524478320751
1773162420,5229.875,5231.875,5229.875,5231.875,111,534.9,5178.533546602056
1773162420.001,5232.085,5233.705,5231.705,5231.705,1322,554.15,5178.643689476017
1773162540,5230.97,5232.59,5230.59,5230.59,742,536.05,5178.704033386456
1773162600,5230.33,5232.33,5230.33,5232.33,1099,568.75,5178.793846438533
1773162720,5235.55,5235.55,5233.55,5233.55,427,568.55,5178.830341151799
1773162780,5233.43,5235.285,5233.285,5233.285,830,592.4,5178.900803268675
1773162840,5232.86,5234.58,5232.58,5232.58,648,594.95,5178.954986665499
1773162900,5231.625,5231.915,5229.915,5229.915,741,585.3,5179.013779212851
1773162960,5227.64,5228.765,5226.765,5226.765,793,614,5179.0727151150395
1773163020,5226.37,5228.37,5226.37,5228.37,877,647.95,5179.138092275565
1773163080,5229.165,5229.165,5227.165,5227.165,339,652.55,5179.163383065751
1773163080.001,5223.725,5225.7,5223.7,5225.7,1161,682.7,5179.244830930657
1773163140,5227.075,5227.57,5225.57,5227.57,905,718.15,5179.310703938397
1773163200,5229.295,5229.505,5227.505,5227.505,605,722.25,5179.355809990073
1773163260,5226.87,5228.155,5226.155,5226.155,644,711.1,5179.402407000626
1773163320,5224.915,5226.3550000000005,5224.3550000000005,5224.3550000000005,1872,793.2,5179.53221677459
1773163440,5224.335,5226.335,5224.335,5226.335,367,784.8,5179.5579395728355
1773163440.001,5229.035,5229.045,5227.045,5227.045,1475,838.55,5179.665601205255
1773163560,5226.88,5228.88,5226.88,5228.88,193,801.3,5179.679799567622
1773163560.001,5230.66,5231.635,5229.635,5229.635,715,793.3,5179.734587625953
1773163620,5228.785,5230.785,5228.785,5230.785,673,821.4,5179.785862549644
1773163680,5232.1050000000005,5232.365,5230.365,5232.365,1076,809.1,5179.870191640033
1773163740,5234.3550000000005,5234.96,5232.96,5232.96,691,806.55,5179.926212458715
1773163800,5232.435,5233.61,5231.61,5231.61,1697,836.45,5180.059851343905
1773163980,5229.14,5231.14,5229.14,5231.14,305,830.35,5180.082970813687
1773163980.001,5231.595,5232.445,5230.445,5230.445,366,807.15,5180.111037294234
1773164040,5230.4400000000005,5232.4400000000005,5230.4400000000005,5232.4400000000005,507,800.1,5180.150369046994
1773164100,5232.53,5232.53,5230.53,5230.53,193,772.7,5180.165158678332
1773164100.001,5229.39,5231.39,5229.39,5231.39,555,760.8,5180.207246696255
1773164160,5232.275000000001,5232.275000000001,5230.275000000001,5230.275000000001,181,726,5180.221016808772
1773164160.001,5229.245,5231.245,5229.245,5231.245,637,740.9,5180.269072362354
1773164220,5231.925,5231.925,5229.925,5229.925,228,694.25,5180.28625505125
1773164220.001,5227.92,5229.805,5227.805,5227.805,2183,758.15,5180.443271470411
1773164340,5227.64,5229.64,5227.64,5229.64,262,741,5180.462243687306
1773164340.001,5230.235,5231.2,5229.2,5231.2,1933,805.45,5180.606247508495
1773164460,5231.56,5231.56,5229.56,5229.56,901,756.9,5180.672676634702
1773164520,5227.52,5229.52,5227.52,5229.52,516,764.35,5180.709588236576
1773164580,5230.04,5230.04,5228.04,5228.04,558,718.5,5180.749319267005
1773164640,5227.9400000000005,5229.295,5227.295,5227.295,503,734,5180.784522330683
1773164700,5227.17,5228.82,5226.82,5226.82,469,721.7,5180.816968596065
1773164760,5226.385,5228.385,5226.385,5228.385,398,707.95,5180.844604115406
1773164820,5229.71,5230.81,5228.81,5230.81,395,673.9,5180.873416420436
1773164880,5231.11,5231.11,5229.11,5229.11,660,672.35,5180.9211257095785
1773165000,5228.51,5230.51,5228.51,5230.51,627,618.85,5180.966425120309
1773165060,5232.22,5232.81,5230.81,5230.81,976,652.4,5181.039123161584
1773165180,5230.8,5232.13,5230.13,5230.13,499,659.05,5181.075710722806
1773165300,5228.78,5229.185,5227.185,5227.185,2791,773.25,5181.267301238119
1773165600,5224.095,5226.095,5224.095,5226.095,659,796.55,5181.309968651754
1773165660,5226.115,5226.115,5224.115,5224.115,1081,822.85,5181.37875721291
1773165720,5217.63,5219.63,5217.63,5219.63,315,829.55,5181.396079448105
1773165720.001,5220.45,5222.06,5220.06,5222.06,465,820.95,5181.423273346687
1773165780,5223.235,5223.235,5221.235,5221.235,378,828.45,5181.445632916756
1773165840,5221.21,5222.25,5220.25,5220.25,595,749.05,5181.479922830921
1773165900,5218.415,5220.415,5218.415,5220.415,642,768.05,5181.515760477672
1773165960,5222.24,5224.025000000001,5222.025000000001,5224.025000000001,396,691.2,5181.539916576887
1773166020,5224.37,5225.095,5223.095,5223.095,600,676.15,5181.576816121202
1773166140,5220.72,5222.72,5220.72,5222.72,361,668.4,5181.598088475503
1773166200,5222.765,5222.765,5220.765,5220.765,470,664,5181.625325229036
1773166260,5220.68,5222.68,5220.68,5222.68,104,644.05,5181.631435046459
1773166260.001,5224.49,5226.05,5224.05,5226.05,467,643.95,5181.661135379917
1773166320,5226.06,5226.06,5224.06,5224.06,502,649.15,5181.692537883685
1773166380,5223.085,5225.085,5223.085,5225.085,190,638.9,5181.704326278314
1773166380.001,5227.1900000000005,5227.1900000000005,5225.1900000000005,5225.1900000000005,1509,681.35,5181.800865379785
1773166440,5215.435,5217.435,5215.435,5217.435,1399,719.95,5181.871604997809
1773166500,5218.685,5218.685,5216.685,5216.685,480,695.15,5181.89621462726
1773166500.001,5212.72,5214.72,5212.72,5214.72,1567,748.55,5181.96886591262
1773166560,5216.86,5216.86,5214.86,5214.86,544,636.2,5181.995165508389
1773166560.001,5205.34,5206.54,5204.54,5204.54,2746,740.55,5182.08662857546
1773166620,5187.46,5189.46,5187.46,5189.46,733,723.15,5182.093675483398
1773166620.001,5189.995,5191.995,5189.995,5191.995,1522,783.5,5182.113779110377
1773166680,5196.29,5196.29,5194.29,5194.29,760,798.25,5182.127724908736
1773166680.001,5174.785,5175.8550000000005,5173.8550000000005,5173.8550000000005,3072,932.95,5182.094486064068
1773166740,5160.650000000001,5162.650000000001,5160.650000000001,5162.650000000001,770,941.7,5182.072481270228
1773166740.001,5172.9800000000005,5172.9800000000005,5170.9800000000005,5170.9800000000005,1256,972.4,5182.053906868578
1773166800,5170.615,5172.615,5170.615,5172.615,628,984,5182.044912946657
1773166800.001,5183.93,5183.93,5181.93,5181.93,628,985.4,5182.045403568713
1773166800.002,5178.005,5179.5,5177.5,5179.5,1679,1051.3,5182.037785469237
1773166860,5187.845,5187.845,5185.845,5185.845,1540,1104.8,5182.047496657118
1773166920,5184.13,5186.13,5184.13,5186.13,490,1124.1,5182.049854204989
1773166920.001,5189.285,5189.285,5187.285,5187.285,1577,1179.6,5182.06293459914
1773166980,5185.45,5187.45,5185.45,5187.45,543,1181.65,5182.066534171817
1773166980.001,5193.6,5195.395,5193.395,5193.395,2031,1273.7,5182.100649571703
1773167040,5191.75,5192.96,5190.96,5192.96,1745,1285.5,5182.125495745872
1773167100,5196.875,5196.875,5194.875,5194.875,416,1236.35,5182.13328767783
1773167100.001,5194.395,5196.265,5194.265,5196.265,1102,1267.45,5182.153972176684
1773167160,5198.235,5198.35,5196.35,5198.35,1311,1254.65,5182.182300372115
1773167220,5201.405,5201.405,5199.405,5199.405,975,1276.2,5182.206537068069
1773167280,5198.915,5200.915,5198.915,5200.915,330,1155.4,5182.214806362512
1773167280.001,5203.995,5204.13,5202.13,5204.13,1401,1188.8,5182.256072844654
1773167340,5206.12,5206.12,5204.12,5204.12,356,1130.5,5182.267186037541
1773167340.001,5203.06,5204.52,5202.52,5204.52,1044,1144.7,5182.298365175267
1773167400,5208.11,5208.11,5206.11,5206.11,347,1008.45,5182.310111196233
1773167400.001,5204.38,5204.395,5202.395,5202.395,530,996.45,5182.325309263297
1773167460,5201.400000000001,5203.400000000001,5201.400000000001,5203.400000000001,265,946.9,5182.33277976308
1773167460.001,5206.1,5206.1,5204.1,5204.1,1171,974.05,5182.369009261225
1773167520,5201.83,5203.83,5201.83,5203.83,302,957.75,5182.377666348682
1773167520.001,5204.09,5204.3,5202.3,5202.3,1098,928.7,5182.408783568387
1773167580,5196.650000000001,5198.650000000001,5196.650000000001,5198.650000000001,1313,917.35,5182.436880521378
1773167640,5202.135,5203.305,5201.305,5201.305,1715,978.6,5182.482803455649
1773167700,5190.92,5192.92,5190.92,5192.92,1607,980.1,5182.5042785574615
1773167760,5199.055,5199.055,5197.055,5197.055,1014,1003.65,5182.5253540344365
1773167820,5193.49,5195.49,5193.49,5195.49,317,917.95,5182.530676395874
1773167820.001,5198.29,5198.3,5196.3,5196.3,1084,884.9,5182.552009053209
1773167880,5194.26,5196.26,5194.26,5196.26,865,907.35,5182.567369189892
1773167940,5198.655,5198.655,5196.655,5196.655,305,867.5,5182.573494038107
1773167940.001,5189.86,5191.86,5189.86,5191.86,1273,865.6,5182.588403182086
1773168000,5196.34,5196.34,5194.34,5194.34,1264,880.05,5182.6096937801585
1773168060,5191.5,5193.5,5191.5,5193.5,1046,915.85,5182.624178209998
1773168120,5196.135,5196.135,5194.135,5194.135,720,881.8,5182.636042208765
1773168180,5193.655,5195.655,5193.655,5195.655,238,875.9,5182.64001893327
1773168180.001,5198.085,5198.43,5196.43,5196.43,1151,881.25,5182.6624923083555
1773168240,5195.375,5197.375,5195.375,5197.375,991,913.45,5182.681266700835
1773168300,5197.8150000000005,5197.8150000000005,5195.8150000000005,5195.8150000000005,343,904.1,5182.6876482983425
1773168300.001,5193.635,5195.635,5193.635,5195.635,1328,957.25,5182.709595918406
1773168360,5203.17,5204.585,5202.585,5204.585,1264,961.9,5182.74561150818
1773168420,5205.150000000001,5205.150000000001,5203.150000000001,5203.150000000001,735,983.55,5182.766397637821
1773168480,5202.975,5204.975,5202.975,5204.975,211,939.2,5182.772496435372
1773168480.001,5205.07,5205.07,5203.07,5203.07,901,918.6,5182.797810086478
1773168540,5200.945,5202.135,5200.135,5202.135,1358,900.75,5182.831727202598
1773168600,5203.36,5203.75,5201.75,5203.75,1060,873.4,5182.860402809224
1773168660,5204.935,5204.935,5202.935,5202.935,704,857.9,5182.879889896335
1773168720,5202.31,5202.61,5200.61,5200.61,830,883.55,5182.90024522344
1773168780,5199.595,5201.325,5199.325,5201.325,1250,891.85,5182.929787324983
1773168840,5202.1,5202.985,5200.985,5200.985,1280,912.6,5182.961626029059
1773168900,5199.18,5201.05,5199.05,5199.05,1036,949.15,5182.984656554398
1773168960,5197.36,5198.835,5196.835,5196.835,1050,938,5183.0048523273545
1773169020,5196.255,5197.785,5195.785,5195.785,1210,935.3,5183.02637534145
1773169080,5192.335,5194.235,5192.235,5192.235,1161,941.05,5183.041518413051
1773169140,5191.31,5192.63,5190.63,5190.63,1714,990.75,5183.060164404441
1773169200,5184.495,5186.41,5184.41,5186.41,1653,1061.5,5183.065996513664
1773169260,5192.345,5194.02,5192.02,5194.02,1209,1064.4,5183.082324933722
1773169320,5196.35,5196.35,5194.35,5194.35,839,1056.8,5183.0954559164675
1773169380,5193.900000000001,5195.900000000001,5193.900000000001,5195.900000000001,283,1053.8,5183.0999589464045
1773169380.001,5196.57,5197.3150000000005,5195.3150000000005,5195.3150000000005,2002,1087.5,5183.133677960737
1773169500,5194.265,5195.955,5193.955,5193.955,985,1073.55,5183.148454020203
1773169560,5193.595,5195.455,5193.455,5195.455,924,1083,5183.1624813549215
1773169620,5198.400000000001,5199.175,5197.175,5199.175,984,1121.65,5183.1821504243935
1773169680,5199.835,5199.835,5197.835,5197.835,858,1119.5,5183.199252347735
1773169740,5197.025000000001,5197.685,5195.685,5197.685,752,1089.2,5183.21276015636
1773169800,5199.05,5199.05,5197.05,5197.05,885,1080.45,5183.229425599031
1773169860,5193.13,5195.13,5193.13,5195.13,1160,1103.25,5183.246319262768
1773169920,5197.77,5197.77,5195.77,5195.77,610,1092.25,5183.256741903544
1773169980,5194.665,5196.665,5194.665,5196.665,821,1070.8,5183.2702781081025
1773170040,5199.400000000001,5200.265,5198.265,5200.265,1071,1060.35,5183.2928752000735
1773170100,5200.38,5200.38,5198.38,5198.38,733,1045.2,5183.307782758784
1773170160,5198.2300000000005,5200.2300000000005,5198.2300000000005,5200.2300000000005,227,1004.05,5183.312545069751
1773170160.001,5200.97,5201.900000000001,5199.900000000001,5201.900000000001,919,989.5,5183.333774974056
1773170220,5203.27,5204.185,5202.185,5204.185,1004,981.65,5183.359864528979
1773170340,5204.635,5205.8550000000005,5203.8550000000005,5203.8550000000005,814,936.65,5183.382017699087
1773170400,5202.79,5204.43,5202.43,5202.43,829,895.45,5183.403013847599
1773170460,5202.32,5204.32,5202.32,5204.32,806,875.3,5183.423960446588
1773170520,5207.24,5207.865,5205.865,5205.865,1491,907.9,5183.468092166975
1773170640,5205.06,5206.02,5204.02,5204.02,748,931.15,5183.488402557477
1773170700,5203.785,5204.005,5202.005,5202.005,667,864.4,5183.5047623683995
1773170760,5200.795,5202.765,5200.765,5202.765,1513,890.8,5183.540662194299
1773170880,5204.29,5204.29,5202.29,5202.29,730,881.1,5183.558732643425
1773170940,5200.67,5201.045,5199.045,5199.045,1019,882.85,5183.579690553737
1773171000,5195.81,5196.295,5194.295,5194.295,1237,901.8,5183.597589449957
1773171060,5192.54,5192.915,5190.915,5190.915,1396,934,5183.611733668861
1773171120,5187.91,5189.2,5187.2,5187.2,1428,961.15,5183.619430349307
1773171180,5181.635,5183.635,5181.635,5183.635,356,920.95,5183.619136866662
1773171180.001,5184.625,5185.305,5183.305,5185.305,681,924.5,5183.620014912991
1773171240,5187.37,5187.9800000000005,5185.9800000000005,5185.9800000000005,1469,956.9,5183.625629144603
1773171300,5179.905,5181.905,5179.905,5181.905,413,924,5183.624384813558
1773171300.001,5183.785,5185.145,5183.145,5185.145,954,935.05,5183.625411734797
1773171360,5190.06,5191.72,5189.72,5191.72,1180,982.7,5183.636443903215
1773171420,5193.305,5194.05,5192.05,5192.05,1039,988.7,5183.648303120731
1773171480,5190.95,5192.95,5190.95,5192.95,1021,989.55,5183.6593713096045
1773171540,5194.55,5194.905,5192.905,5194.905,1156,1006.65,5183.674701870111
1773171600,5195.005,5195.005,5193.005,5193.005,450,987.7,5183.680338154444
1773171600.001,5184.64,5186.64,5184.64,5186.64,449,969.85,5183.681627346016
1773171600.002,5191.150000000001,5192.34,5190.34,5190.34,1525,971.55,5183.695588433544
1773171660,5187.275000000001,5187.62,5185.62,5185.62,1222,995.25,5183.699539628027
1773171720,5185.0650000000005,5187.0650000000005,5185.0650000000005,5187.0650000000005,357,979.75,5183.700741397438
1773171720.001,5188.57,5189.53,5187.53,5187.53,967,952.45,5183.706157729476
1773171780,5186.34,5188.34,5186.34,5188.34,937,962.8,5183.710783393249
1773171840,5189.55,5189.89,5187.89,5189.89,1115,967.6,5183.718421369289
1773171900,5192.09,5192.09,5190.09,5190.09,290,920.25,5183.720956829536
1773171900.001,5189.995,5191.1,5189.1,5189.1,837,892.3,5183.727236196337
1773171960,5187.82,5189.82,5187.82,5189.82,907,866.25,5183.73333647139
1773172020,5192.765,5192.765,5190.765,5190.765,209,858.9,5183.735330286547
1773172020.001,5190.365,5190.49,5188.49,5188.49,2014,925.55,5183.748826916855
1773172200,5188.165,5190.165,5188.165,5190.165,231,863.65,5183.750468179487
1773172200.001,5190.885,5192.015,5190.015,5190.015,933,889.65,5183.758450424961
1773172260,5189.28,5191.28,5189.28,5191.28,1085,896.2,5183.767618615589
1773172320,5193.235,5193.235,5191.235,5191.235,956,885,5183.777192914627
1773172380,5191.225,5193.225,5191.225,5193.225,336,849.85,5183.780824137728
1773172380.001,5195.6,5195.6,5193.6,5193.6,336,815.6,5183.785158505788
1773172380.002,5193.275000000001,5195.275000000001,5193.275000000001,5195.275000000001,771,796.35,5183.795414564468
1773172440,5197.085,5198.245,5196.245,5196.245,2047,876.2,5183.828330619849
1773172560,5195.51,5197.51,5195.51,5197.51,303,868.9,5183.833163497277
1773172560.001,5197.53,5197.975,5195.975,5195.975,1181,851.7,5183.851674888188
1773172620,5195.49,5197.49,5195.49,5197.49,1592,870.2,5183.876897152508
1773172680,5198.7,5199.54,5197.54,5199.54,1621,933.4,5183.906528923082
1773172740,5199.84,5199.84,5197.84,5197.84,904,930.25,5183.922599579192
1773172800,5194.465,5195.575,5193.575,5193.575,615,914.15,5183.930321026016
1773172920,5193.415,5195.415,5193.415,5195.415,359,876.35,5183.935044215803
1773172980,5196.17,5197.2,5195.2,5197.2,280,875.85,5183.939332812583
1773173040,5197.8150000000005,5198.18,5196.18,5198.18,211,844.55,5183.942813977013
1773173100,5198.595,5199.075,5197.075,5197.075,1070,852.7,5183.960736392186
1773173340,5195.99,5197.09,5195.09,5197.09,599,872.2,5183.969791413708
1773173520,5197.24,5198.665,5196.665,5196.665,788,810.9,5183.982550889497
1773173700,5196.57,5196.57,5194.57,5194.57,680,833.35,5183.991817091524
1773173940,5193.43,5193.875,5191.875,5193.875,578,815.6,5183.998262823854
1773174060,5196.1050000000005,5197.79,5195.79,5197.79,354,779.05,5184.003882309423
1773174180,5197.93,5198.6,5196.6,5198.6,763,769.4,5184.016724810228
1773174420,5198.795,5198.795,5196.795,5196.795,260,765.6,5184.020947478048
1773174480,5196.45,5196.93,5194.93,5194.93,168,757.2,5184.023296157675
1773174540,5194.795,5195.78,5193.78,5195.78,908,764.05,5184.035444286136
1773174960,5195.87,5195.91,5193.91,5193.91,319,677.65,5184.039499418939
1773175080,5193.295,5195.295,5193.295,5195.295,181,671.55,5184.041810181645
1773175140,5196.165,5196.71,5194.71,5196.71,544,639.7,5184.049676638255
1773175380,5197.285,5198.62,5196.62,5198.62,240,572.1,5184.053696013882
1773175500,5199.165,5199.165,5197.165,5197.165,268,504.45,5184.058142308052
1773175620,5195.26,5196.33,5194.33,5196.33,236,471.05,5184.061439308761
1773175680,5196.35,5196.435,5194.435,5196.435,519,466.25,5184.068748890688
1773175860,5196.715,5196.715,5194.715,5194.715,53,450.95,5184.069470174696
1773175860.001,5193.905,5195.195,5193.195,5195.195,995,486.7,5184.081974027227
1773176100,5195.285,5195.335,5193.335,5193.335,301,491.2,5184.08556030524
1773176160,5193.305,5194,5192,5192,535,464.45,5184.0910708854235
1773180240,5191.79,5193.2,5191.2,5193.2,114,440.2,5192.533333333333
1773180300,5193.555,5193.555,5191.555,5191.555,202,410.9,5192.334103375528
1773180360,5190.425,5191.685,5189.685,5189.685,347,394.25,5191.296538461538
1773180420,5187.795,5189.795,5187.795,5189.795,97,370.2,5191.019807017544
1773180420.001,5190.79,5191.295,5189.295,5189.295,153,360.15,5190.842484483388
1773180480,5188.425,5189.505,5187.505,5187.505,522,348.1,5189.870939605111
1773180540,5185.765,5187.765,5185.765,5187.765,157,342.95,5189.597510469012
1773180540.001,5188.375,5188.39,5186.39,5186.39,188,343.95,5189.329151685393
1773180600,5183.47,5185.47,5183.47,5185.47,62,301.65,5189.176816865726
1773180600.001,5185.85,5187.09,5185.09,5187.09,300,300.7,5188.7911749144105
1773180660,5190.735,5191.585,5189.585,5189.585,202,301.75,5188.917036405006
1773180720,5189.035,5190.115,5188.115,5190.115,203,284.7,5188.959381625442
1773180840,5191.005,5191.005,5189.005,5189.005,101,277.75,5188.98654959718
1773180900,5188.825,5190.825,5188.825,5190.825,122,270.45,5189.038158844765
1773180960,5191.33,5192.445,5190.445,5192.445,336,275.45,5189.3345846748225
1773181080,5195.17,5195.895,5193.895,5195.895,369,267.95,5189.960424460431
1773181140,5197.985,5197.985,5195.985,5195.985,239,277.25,5190.3910132830715
1773181200,5195.77,5196.775000000001,5194.775000000001,5194.775000000001,163,235.65,5190.603356977043
1773181260,5194.51,5195.195,5193.195,5193.195,235,232.35,5190.789568741893
1773181320,5189.71,5191.71,5189.71,5191.71,65,208.85,5190.793517676162
1773181320.001,5192.1900000000005,5192.845,5190.845,5192.845,135,209.9,5190.836873453926
1773181380,5192.93,5194.34,5192.34,5194.34,277,213.65,5191.008087092321
1773181440,5197.25,5197.32,5195.32,5195.32,324,212.5,5191.336411900399
1773181500,5195.22,5195.77,5193.77,5193.77,338,224.55,5191.535971243571
1773181560,5192.715,5194.645,5192.645,5194.645,364,235.1,5191.694300682694
1773181620,5194.81,5194.81,5192.81,5192.81,215,219.75,5191.760031160662
1773181680,5192.615,5192.8,5190.8,5192.8,259,224.85,5191.775909837411
1773181800,5194.63,5194.63,5192.63,5192.63,174,224.15,5191.818159827559
1773181860,5191.3,5192.88,5190.88,5190.88,230,232.55,5191.80854278967
1773181920,5189.29,5189.915,5187.915,5189.915,338,234.45,5191.68186283121
1773181980,5190.1,5190.12,5188.12,5190.12,214,235.05,5191.614168677549
1773182040,5191.485,5191.8150000000005,5189.8150000000005,5191.8150000000005,491,249.45,5191.5838176751595
1773182220,5192.74,5192.79,5190.79,5190.79,337,261.25,5191.5783750370465
1773182340,5190.715,5192.4400000000005,5190.4400000000005,5190.4400000000005,659,288.1,5191.54194092827
1773182460,5190.025000000001,5191.39,5189.39,5191.39,432,292.9,5191.50248995984
1773182520,5195.735,5195.735,5193.735,5193.735,289,288.9,5191.5930402752265
1773182580,5192.45,5194.45,5192.45,5194.45,84,281.15,5191.61274517154
1773182580.001,5194.895,5194.895,5192.895,5192.895,358,290.9,5191.684711535156
1773182640,5192.08,5194.08,5192.08,5194.08,263,292.3,5191.730366037357
1773182700,5195.345,5195.345,5193.345,5193.345,86,293.35,5191.749899276516
1773182700.001,5192.935,5193.71,5191.71,5191.71,428,308,5191.775515819963
1773182760,5191.02,5193.02,5191.02,5193.02,647,326.5,5191.809138261834
1773182880,5193.62,5193.62,5191.62,5191.62,349,327.75,5191.823670648761
1773182940,5189.475,5190.67,5188.67,5188.67,281,324.9,5191.764189150849
1773183000,5188.195,5188.625,5186.625,5186.625,385,325.95,5191.62228036921
1773183060,5186.295,5187.86,5185.86,5187.86,284,329.4,5191.520990229236
1773183120,5189.845,5191.63,5189.63,5191.63,323,332.6,5191.506852941945
1773183180,5193.27,5193.27,5191.27,5191.27,202,334,5191.513560998223
1773183240,5191,5193,5191,5193,57,325.35,5191.517155384615
1773183240.001,5193.89,5193.89,5191.89,5191.89,447,330.8,5191.55171041868
1773183360,5191,5191.51,5189.51,5189.51,182,329.2,5191.5333482525
1773183420,5188.89,5190.295,5188.295,5190.295,645,336.9,5191.447266241652
1773183600,5191.125,5191.535,5189.535,5191.535,535,346.8,5191.426351317893
1773183780,5192.5,5193.25,5191.25,5191.25,123,320,5191.4303902134125
1773183840,5190.92,5192.92,5190.92,5192.92,234,310.1,5191.443087608247
1773183900,5194.235,5195.305,5193.305,5195.305,181,304.7,5191.480771812081
1773183960,5195.495,5196.945,5194.945,5194.945,308,315.9,5191.562043968913
1773184020,5192.535,5194.535,5192.535,5194.535,275,311.75,5191.60185750157
1773184080,5195.03,5196.61,5194.61,5196.61,389,318.05,5191.705346324326
1773184200,5196.715,5196.715,5194.715,5194.715,245,326,5191.759723194881
1773184260,5192.8550000000005,5194.055,5192.055,5192.055,306,319.9,5191.777171606403
1773184380,5191.185,5192.85,5190.85,5190.85,306,302.85,5191.772530565906
1773184500,5187.99,5189.835,5187.835,5189.835,221,296.45,5191.739448563929
1773184560,5189.965,5191.05,5189.05,5191.05,196,292.2,5191.724340362644
1773184680,5191.9800000000005,5193.32,5191.32,5193.32,458,295.85,5191.7479112883875
1773184800,5197.3,5197.655,5195.655,5197.655,427,303,5191.86900990367
1773184920,5197.8,5197.8,5195.8,5195.8,67,290.2,5191.885620472724
1773184920.001,5194.805,5196.365,5194.365,5194.365,320,296.1,5191.938985687782
1773185040,5193.325,5194.365,5192.365,5192.365,248,305.65,5191.953163728005
1773185100,5191.685,5193.685,5191.685,5193.685,389,302.75,5191.974410316891
1773185220,5194.01,5194.51,5192.51,5194.51,995,343.4,5192.065134735165
1773185580,5194.945,5195.900000000001,5193.900000000001,5193.900000000001,552,338.75,5192.130736218664
1773185820,5193.685,5195.445,5193.445,5195.445,148,319.4,5192.149222059726
1773185940,5196.17,5196.17,5194.17,5194.17,28,314.65,5192.152767334119
1773185940.001,5193,5193.515,5191.515,5191.515,139,309.9,5192.1529553610435
1773186120,5191.495,5192.515,5190.515,5190.515,108,306.25,5192.148069967089
1773186240,5190.475,5191.875,5189.875,5189.875,266,304.15,5192.128412994142
1773186300,5188.93,5190.8550000000005,5188.8550000000005,5190.8550000000005,361,308.45,5192.0967206660935
1773186420,5191.12,5191.12,5189.12,5189.12,60,292,5192.090465724988
1773186420.001,5188.150000000001,5189.925,5187.925,5189.925,205,290,5192.0645049335235
1773186480,5190.215,5191.27,5189.27,5191.27,420,295.7,5192.037569712664
1773186660,5191.305,5192.67,5190.67,5192.67,487,304.75,5192.036853236503
1773186840,5194.11,5195.015,5193.015,5195.015,714,329.4,5192.105662775345
1773187020,5195.385,5197.02,5195.02,5197.02,530,346.1,5192.197494935073
1773187140,5197.415,5198.34,5196.34,5196.34,821,364.25,5192.353333662246
1773187260,5193.905,5195.045,5193.045,5193.045,759,380.85,5192.392842179216
1773187380,5190.255,5191.18,5189.18,5189.18,638,409.4,5192.332076085736
1773187500,5187.78,5189.78,5187.78,5189.78,201,403.45,5192.308055617435
1773187560,5192.205,5192.205,5190.205,5190.205,425,412.3,5192.285742473531
1773187680,5190.01,5191.78,5189.78,5189.78,361,410.9,5192.261792027417
1773187740,5186.66,5188.66,5186.66,5188.66,501,386.2,5192.186015201446
1773187800,5191.79,5191.79,5189.79,5189.79,507,383.95,5192.155495161514
1773187860,5187.215,5189.215,5187.215,5189.215,272,390.15,5192.121662471264
1773187920,5189.645,5189.645,5187.645,5187.645,189,398.2,5192.096992588533
1773187980,5187.415,5189.415,5187.415,5189.415,70,394.75,5192.088981168187
1773187980.001,5191.37,5193.07,5191.07,5193.07,743,426.5,5192.096766104482
1773188100,5195.835,5196.62,5194.62,5196.62,1351,480.75,5192.2629454916605
1773188280,5203.5,5203.5,5201.5,5201.5,431,484.25,5192.397242742681
1773188340,5201.425,5203.425,5201.425,5203.425,131,487.8,5192.439771424097
1773188340.001,5203.87,5204.3,5202.3,5204.3,401,497.6,5192.578669131907
1773188400,5204.53,5206.18,5204.18,5206.18,650,509.1,5192.833705585554
1773188460,5208.36,5208.36,5206.36,5206.36,566,513.05,5193.073274235557
1773188520,5203.29,5205.29,5203.29,5205.29,126,483.65,5193.1165123200035
1773188520.001,5205.43,5207.27,5205.27,5207.27,411,477.7,5193.279213997085
1773188580,5211.365,5211.365,5209.365,5209.365,938,483.55,5193.728089953438
1773188700,5208.695,5210.695,5208.695,5210.695,151,453.15,5193.798097825056
1773188700.001,5212.79,5212.8550000000005,5210.8550000000005,5212.8550000000005,624,452.45,5194.118803961023
1773188760,5214.93,5214.93,5212.93,5212.93,344,459.6,5194.304276605953
1773188820,5212.28,5214.28,5212.28,5214.28,93,443,5194.353856723451
1773188820.001,5215.745,5215.745,5213.745,5213.745,414,445.65,5194.580535764657
1773188880,5213.125,5215.125,5213.125,5215.125,168,429,5194.671279765948
1773188940,5215.215,5215.29,5213.29,5213.29,122,409.75,5194.735002031255
1773188940.001,5212.150000000001,5212.545,5210.545,5210.545,207,406.5,5194.8268595475365
1773189000,5210.215,5211.685,5209.685,5209.685,478,420.95,5195.02418080373
1773189120,5208.31,5208.615,5206.615,5206.615,366,435.75,5195.142320578993
1773189180,5205.84,5207.84,5205.84,5207.84,98,403.5,5195.173289250193
1773189180.001,5208.045,5210.025000000001,5208.025000000001,5210.025000000001,600,365.95,5195.393371647015
1773189300,5212.08,5212.21,5210.21,5210.21,547,371.75,5195.60932213978
1773189480,5210.03,5211.475,5209.475,5209.475,295,379.95,5195.717816385754
1773189600,5208.81,5209.575,5207.575,5207.575,317,375.75,5195.817489016093
1773189780,5207.465,5209.415,5207.415,5209.415,169,351.7,5195.872121833333
1773189840,5212.025000000001,5213.32,5211.32,5213.32,377,342.25,5196.028807984744
1773189900,5214.145,5214.145,5212.145,5212.145,246,348.25,5196.130439652414
1773189960,5211.725,5213.725,5211.725,5213.725,68,331.1,5196.158728383836
1773189960.001,5214.47,5215.49,5213.49,5215.49,377,303.05,5196.330067530275
1773190020,5215.9800000000005,5216.37,5214.37,5216.37,358,313.4,5196.497489660278
1773190080,5216.84,5217.25,5215.25,5215.25,329,298.65,5196.650499101904
1773190140,5214.465,5215.74,5213.74,5213.74,450,303.95,5196.8398196896105
1773190200,5213.075,5215.075,5213.075,5215.075,123,305.45,5196.890871645247
1773190200.001,5215.495,5216.7,5214.7,5216.7,381,303.8,5197.061638413449
1773190260,5218.3,5219.365,5217.365,5217.365,1037,347.25,5197.558733446105
1773190380,5215.395,5217.395,5215.395,5217.395,185,350.4,5197.639459493296
1773190440,5218.35,5219.59,5217.59,5217.59,208,350.45,5197.736615729098
1773190500,5215.89,5217.5,5215.5,5217.5,937,373.4,5198.133581395865
1773190740,5218.41,5218.41,5216.41,5216.41,120,361.1,5198.183877223648
1773190740.001,5215.41,5217.26,5215.26,5217.26,1268,419.6,5198.686270266586
1773190800,5221.03,5221.03,5219.03,5219.03,382,408.7,5198.857596984445
1773190800.001,5218.445,5219.135,5217.135,5217.135,684,415.55,5199.130219405288
1773190860,5213.645,5215.645,5213.645,5215.645,228,412.2,5199.205879398914
1773190860.001,5216.74,5216.85,5214.85,5216.85,880,440.35,5199.513049912963
1773190920,5217.965,5218.91,5216.91,5218.91,1332,498.5,5200.0123242278705
1773190980,5223.385,5223.385,5221.385,5221.385,346,496.95,5200.163878653576
1773190980.001,5220.915,5221.725,5219.725,5219.725,929,531.1,5200.530580089114
1773191040,5218.08,5218.705,5216.705,5218.705,1067,581.05,5200.887683100116
1773191100,5219.150000000001,5219.77,5217.77,5217.77,926,608.5,5201.192922943511
1773191160,5215.12,5217.12,5215.12,5217.12,522,616.7,5201.341098803323
1773191220,5218.28,5218.28,5216.28,5216.28,149,607.7,5201.384231297186
1773191220.001,5215.26,5216.77,5214.77,5214.77,577,614.05,5201.533044849441
1773191280,5213.755,5214.8150000000005,5212.8150000000005,5212.8150000000005,745,645.15,5201.694217438273
1773191340,5212.675,5214.135,5212.135,5214.135,770,664.6,5201.856108640916
1773191400,5214.93,5216.265,5214.265,5216.265,747,650.1,5202.037003859165
1773191460,5217.2300000000005,5217.93,5215.93,5217.93,346,658.15,5202.129278178675
1773191520,5219.88,5219.88,5217.88,5217.88,314,663.45,5202.219075070836
1773191580,5215.17,5217.17,5215.17,5217.17,404,636.8,5202.318895875134
1773191640,5217.935,5217.935,5215.935,5215.935,158,638.7,5202.3578242481735
1773191640.001,5214.925,5216.86,5214.86,5214.86,829,616.75,5202.543490167065
1773191700,5214.42,5216.02,5214.02,5216.02,506,622.95,5202.652785852794
1773191760,5216.6900000000005,5218.62,5216.62,5218.62,341,605.8,5202.7402600621435
1773191820,5219.74,5219.81,5217.81,5219.81,531,620.95,5202.88500027696
1773191940,5220.505,5222.1,5220.1,5222.1,242,589.05,5202.959293075577
1773192000,5223.2,5223.2,5221.2,5221.2,89,526.9,5202.987103551045
1773192000.001,5219.68,5220.39,5218.39,5220.39,513,535.25,5203.127804061989
1773192060,5222.24,5222.400000000001,5220.400000000001,5220.400000000001,654,521.5,5203.318027266585
1773192120,5217.785,5218.595,5216.595,5216.595,447,490.5,5203.418358981788
1773192180,5215.68,5215.765,5213.765,5213.765,356,462,5203.48111287173
1773192240,5212.575,5214.575,5212.575,5214.575,88,440.3,5203.495778910803
1773192240.001,5214.79,5215.45,5213.45,5213.45,300,447.85,5203.546462369696
1773192300,5210.81,5212.81,5210.81,5212.81,231,430.55,5203.57793577085
1773192360,5214.86,5215.9400000000005,5213.9400000000005,5213.9400000000005,487,417.65,5203.662406580272
1773192420,5211.9400000000005,5213.9400000000005,5211.9400000000005,5213.9400000000005,148,386.55,5203.6847253080605
1773192420.001,5214.435,5216.375,5214.375,5216.375,528,375.6,5203.783518726008
1773192480,5217.68,5217.68,5215.68,5215.68,526,384.6,5203.88551940234
1773192540,5214.385,5216.385,5214.385,5216.385,830,410.4,5204.035196852393
1773192660,5217.78,5217.84,5215.84,5215.84,223,401.35,5204.077438347079
1773192720,5214.97,5216.71,5214.71,5216.71,231,405,5204.119274607739
1773192780,5217.9800000000005,5219.27,5217.27,5219.27,550,391.05,5204.238851796256
1773192840,5220.005,5220.1,5218.1,5218.1,707,401.1,5204.391408201761
1773192900,5217.06,5219.06,5217.06,5219.06,381,403.1,5204.470198499439
1773192960,5219.82,5219.82,5217.82,5217.82,100,381.55,5204.490869317288
1773192960.001,5216.97,5217.34,5215.34,5215.34,573,398.1,5204.587366178715
1773193020,5214.535,5216.535,5214.535,5216.535,517,419.5,5204.672016821969
1773193080,5218.12,5218.12,5216.12,5216.12,1218,454.75,5204.882462989903
1773193200,5213.235,5215.235,5213.235,5215.235,335,438.8,5204.928520058859
1773193260,5215.595,5215.63,5213.63,5213.63,530,442.95,5204.998470013103
1773193380,5213.225,5214.8550000000005,5212.8550000000005,5214.8550000000005,254,437.85,5205.031237968227
1773193440,5215.18,5216.42,5214.42,5216.42,252,446.05,5205.069034603028
1773193500,5216.68,5217.035,5215.035,5217.035,793,470.7,5205.193001729385
1773193680,5217.93,5217.93,5215.93,5215.93,81,463.2,5205.205766849545
1773193680.001,5215.5,5216.95,5214.95,5214.95,209,449.3,5205.235750011482
1773193740,5214.72,5216.07,5214.07,5214.07,264,455.1,5205.270187801484
1773193800,5211.545,5212.985,5210.985,5210.985,661,461.75,5205.3275816041905
1773193860,5209.99,5211.99,5209.99,5211.99,578,464.35,5205.374367133322
1773193920,5214.125,5214.125,5212.125,5212.125,430,444.35,5205.4171766685
1773193980,5212,5214,5212,5214,1011,483.75,5205.523160120419
1773194100,5214.775000000001,5214.775000000001,5212.775000000001,5212.775000000001,467,495.55,5205.571829426654
1773194160,5210.395,5211.955,5209.955,5209.955,476,491.85,5205.6032683076755
1773194220,5209.695,5210.7,5208.7,5208.7,288,470.9,5205.617391165549
1773194280,5208.68,5210.68,5208.68,5210.68,156,459.65,5205.626308695595
1773194340,5211.325,5211.325,5209.325,5209.325,51,457.2,5205.629201840108
1773194340.001,5208.650000000001,5209.86,5207.86,5207.86,667,461.9,5205.654100499448
1773194400,5205.845,5205.92,5203.92,5203.92,753,473.7,5205.64384457034
1773194460,5202.8550000000005,5204.8550000000005,5202.8550000000005,5204.8550000000005,274,426.5,5205.638773618493
1773194460.001,5207.935,5208.6900000000005,5206.6900000000005,5206.6900000000005,955,457.5,5205.659383759836
1773194520,5199.71,5201.71,5199.71,5201.71,906,476.3,5205.6074362063755
1773194580,5203.47,5203.47,5201.47,5201.47,606,493.9,5205.581505882739
1773194640,5198.915,5200.915,5198.915,5200.915,189,490.75,5205.569108037523
1773194640.001,5205.2300000000005,5205.2300000000005,5203.2300000000005,5203.2300000000005,189,460.55,5205.565229186864
1773194640.002,5202.38,5202.965,5200.965,5200.965,515,482.25,5205.540526302954
1773194700,5199.245,5201.245,5199.245,5201.245,845,514.05,5205.48991673808
1773194760,5201.29,5201.29,5199.29,5199.29,514,526.55,5205.455800615767
1773194820,5198.66,5200.66,5198.66,5200.66,145,500.75,5205.446316030017
1773194820.001,5201.77,5202.35,5200.35,5200.35,622,502.95,5205.413566993931
1773194880,5198.66,5200.66,5198.66,5200.66,158,489.35,5205.4034068691435
1773194880.001,5201.195,5201.265,5199.265,5199.265,429,460.25,5205.375699075769
1773194940,5196.83,5197.35,5195.35,5195.35,647,469.25,5205.304765753736
1773195000,5194.02,5196.02,5194.02,5196.02,252,458.05,5205.275475639859
1773195000.001,5197.845,5197.845,5195.845,5195.845,822,484.75,5205.192136318064
1773195060,5194.295,5196.28,5194.28,5196.28,654,509.65,5205.120207859708
1773195120,5199.56,5200.28,5198.28,5200.28,1012,557.7,5205.056954993607
1773195240,5201.995,5202.400000000001,5200.400000000001,5202.400000000001,294,539.05,5205.045901319761
1773195300,5203.07,5203.07,5201.07,5201.07,384,520.6,5205.031588536975
1773195360,5200.995,5202.95,5200.95,5202.95,370,525.4,5205.0201829418775
1773195420,5203.725,5203.775000000001,5201.775000000001,5203.775000000001,454,500.35,5205.010496533049
1773195480,5204.74,5205.02,5203.02,5205.02,515,480.8,5205.006741231429
1773195600,5205.21,5205.21,5203.21,5203.21,284,464.7,5205.003191272063
1773195660,5203.205,5205.205,5203.205,5205.205,80,459.25,5205.002780288883
1773195660.001,5206.185,5206.185,5204.185,5204.185,346,467.1,5205.002204668643
1773195720,5203.64,5204.150000000001,5202.150000000001,5204.150000000001,720,477.35,5204.990259813078
1773195840,5204.735,5205.88,5203.88,5203.88,246,447.4,5204.989071086469
1773195960,5202.615,5204.38,5202.38,5204.38,230,433.2,5204.985882747106
1773196020,5205.43,5206.91,5204.91,5204.91,399,445.9,5204.988433086656
1773196140,5203.04,5205.04,5203.04,5205.04,290,429.3,5204.986509199941
1773196200,5205.255,5205.255,5203.255,5203.255,273,435.05,5204.983383069331
1773196260,5201.945,5203.945,5201.945,5203.945,574,442.3,5204.972922976897
1773196320,5204.8150000000005,5205.78,5203.78,5205.78,1136,466.75,5204.974607290314
1773196440,5206.64,5207.205,5205.205,5205.205,1326,520.45,5204.986994439065
1773196800,5204.875,5206.875,5204.875,5206.875,507,504.7,5204.9934089543585
1773196860,5208.31,5209.05,5207.05,5209.05,505,497.25,5205.011050436767
1773196980,5210.13,5210.13,5208.13,5208.13,404,466.85,5205.026745653015
1773197040,5207.68,5209.68,5207.68,5209.68,387,471.5,5205.042515963066
1773197100,5209.72,5211.72,5209.72,5211.72,1051,504.85,5205.106404567107
1773197220,5212.485,5213.62,5211.62,5213.62,933,533,5205.179752840284
1773197340,5213.655,5215.27,5213.27,5215.27,589,539.75,5205.235034942516
1773197400,5216.455,5216.58,5214.58,5216.58,684,548.2,5205.307289100809
1773197460,5217.165,5218.425,5216.425,5216.425,1012,584.6,5205.4240952408945
1773197580,5215.05,5217.05,5215.05,5217.05,191,590.15,5205.444558770816
1773197580.001,5219.955,5220.64,5218.64,5218.64,655,605.6,5205.532758107081
1773197700,5217.62,5218.6,5216.6,5216.6,512,595.2,5205.590828234597
1773197820,5215.64,5217.05,5215.05,5217.05,598,612.8,5205.6528523377065
1773197940,5217.59,5219.25,5217.25,5219.25,311,616.85,5205.6913838478695
1773198000,5220.505,5220.505,5218.505,5218.505,246,609.2,5205.7230833620115
1773198060,5217.165,5219.165,5217.165,5219.165,441,616.75,5205.776712342024
1773198180,5219.955,5219.99,5217.99,5217.99,555,630.85,5205.844400155924
1773198300,5214.515,5216.275000000001,5214.275000000001,5214.275000000001,817,643,5205.91423775742
1773198420,5213.805,5215.01,5213.01,5213.01,1196,646,5206.00050219443
1773198600,5212.825,5213.775000000001,5211.775000000001,5213.775000000001,458,602.6,5206.030622630978
1773198660,5213.92,5215.46,5213.46,5213.46,575,606,5206.073467121935
1773198900,5212.86,5214.86,5212.86,5214.86,799,620.7,5206.132741633396
1773199140,5214.9400000000005,5214.9400000000005,5212.9400000000005,5212.9400000000005,329,616.95,5206.155139852922
1773199200,5211.95,5212.535,5210.535,5210.535,792,637.2,5206.191286227626
1773199320,5210.115,5210.66,5208.66,5208.66,783,623.8,5206.213332465256
1773199440,5208.1,5209.76,5207.76,5207.76,598,607.05,5206.2251548389995
1773199620,5207.725,5208.61,5206.61,5206.61,671,611.15,5206.23141950645
1773199680,5206.04,5207.46,5205.46,5205.46,635,608.7,5206.230832207616
1773199740,5204.61,5205.78,5203.78,5205.78,515,583.85,5206.225773918343
1773199800,5206.74,5208.38,5206.38,5208.38,215,585.05,5206.228579624708
1773199860,5208.675,5208.89,5206.89,5208.89,407,572.65,5206.235676468704
1773200100,5209.7,5209.7,5207.7,5207.7,693,581.7,5206.248507847415
1773200340,5207.465,5208.2300000000005,5206.2300000000005,5208.2300000000005,384,571,5206.252880161653
1773200460,5209.21,5209.255,5207.255,5207.255,297,570.3,5206.257161245092
1773200580,5207.155,5208.81,5206.81,5206.81,381,577.05,5206.261161413539
1773200760,5206.305,5207.32,5205.32,5205.32,287,569.35,5206.26048484198
1773200880,5203.485,5203.78,5201.78,5201.78,1195,601.35,5206.2217420127245
1773201180,5199.42,5201.42,5199.42,5201.42,268,573.9,5206.209312019203
1773201240,5202.005,5202.005,5200.005,5200.005,178,523,5206.200964352154
1773201300,5199.53,5201.5,5199.5,5201.5,797,539.95,5206.164977862459
1773201480,5202.835,5204.675,5202.675,5202.675,839,553.15,5206.145191548959
1773201660,5199.595,5201.595,5199.595,5201.595,393,532.85,5206.128121985403
1773201780,5202.78,5204.305,5202.305,5204.305,1029,567.85,5206.106972788835
1773202080,5205.405,5205.57,5203.57,5203.57,1333,594.9,5206.08661615172
1773202380,5203.215,5205.215,5203.215,5205.215,284,569.95,5206.08305728437
1773202440,5206.495,5206.645,5204.645,5206.645,740,577.05,5206.082429768307
1773202620,5207.13,5208.81,5206.81,5206.81,306,558.8,5206.085875887844
1773202680,5205.765,5207.08,5205.08,5207.08,806,567.35,5206.087993975776
1773202980,5207.155,5207.89,5205.89,5207.89,540,568.6,5206.092892841543
1773203220,5208.14,5208.14,5206.14,5206.14,458,580.75,5206.095495491193
1773203460,5206.1,5206.285,5204.285,5204.285,134,567.1,5206.094276522986
1773203580,5204.150000000001,5206.150000000001,5204.150000000001,5206.150000000001,38,534.35,5206.094091945069
1773203640,5206.385,5207.755,5205.755,5207.755,193,524.8,5206.095615220965
1773203760,5207.88,5208.505,5206.505,5206.505,838,551.85,5206.102726160342
1773204240,5206.36,5206.795,5204.795,5204.795,139,539.75,5206.102024240898
1773204300,5204.165,5205.12,5203.12,5203.12,270,538.9,5206.097110262175
1773204420,5202.83,5204.765,5202.765,5204.765,450,501.65,5206.090065038486
1773204600,5205.665,5205.665,5203.665,5203.665,244,500.45,5206.08671078554
1773204720,5202.01,5204.01,5202.01,5204.01,333,508.2,5206.079587352334
1773204840,5204.08,5204.495,5202.495,5202.495,406,488.65,5206.07037890624
1773204960,5201.995,5203.995,5201.995,5203.995,169,455.15,5206.0667815944735
1773205020,5204.06,5205.52,5203.52,5205.52,584,464.7,5206.061305304835
1773205200,5206.215,5206.325,5204.325,5204.325,812,453.85,5206.054635259877
1773205440,5203.87,5205.87,5203.87,5205.87,275,400.95,5206.052841204885
1773205500,5206.005,5206.72,5204.72,5206.72,182,395.85,5206.052841890318
1773205560,5206.935,5208.535,5206.535,5206.535,1153,416.5,5206.062889945839
1773205800,5206.36,5207.72,5205.72,5205.72,395,420.95,5206.063857203723
1773205920,5205.175,5205.76,5203.76,5205.76,421,401.7,5206.060776802723
1773206040,5205.795,5205.795,5203.795,5203.795,261,387.75,5206.05763640901
1773206100,5203.385,5205.385,5203.385,5205.385,280,378.85,5206.054820697837
1773206160,5206.11,5206.155,5204.155,5206.155,700,407.15,5206.051858849394
1773206340,5206.655,5206.655,5204.655,5204.655,321,421.3,5206.050112316573
1773206460,5201.38,5202.66,5200.66,5202.66,392,431.25,5206.038297274808
1773206580,5202.695,5203.64,5201.64,5203.64,899,434.3,5206.017961449992
1773206820,5204.095,5204.095,5202.095,5202.095,500,452.35,5206.005989337844
1773206940,5200.41,5200.74,5198.74,5198.74,1253,501.5,5205.945741091552
1773207000,5190.705,5192.705,5190.705,5192.705,394,498.7,5205.905931159578
1773207000.001,5194.21,5194.415,5192.415,5192.415,557,514.35,5205.8542439887415
1773207060,5192.05,5194.05,5192.05,5194.05,278,511.6,5205.829207967148
1773207060.001,5196.1,5196.12,5194.12,5196.12,962,539.4,5205.757624038709
1773207120,5198.5650000000005,5198.58,5196.58,5196.58,1290,595.45,5205.6796078870275
1773207240,5195.8550000000005,5197.8550000000005,5195.8550000000005,5197.8550000000005,176,575.05,5205.669001703277
1773207240.001,5198.395,5199.905,5197.905,5199.905,710,569.95,5205.636760948112
1773207300,5202.225,5202.74,5200.74,5202.74,1553,633.85,5205.598107037421
1773207480,5202.865,5202.865,5200.865,5200.865,405,645,5205.58663615954
1773207540,5200.66,5202.66,5200.66,5202.66,551,614.9,5205.572898615083
1773207600,5204.95,5204.95,5202.95,5202.95,525,621.4,5205.5657985191765
1773207660,5201.96,5202.78,5200.78,5200.78,316,616.15,5205.556819485165
1773207720,5200.5,5201.28,5199.28,5199.28,235,614.85,5205.547739692381
1773207780,5197.650000000001,5199.650000000001,5197.650000000001,5199.650000000001,503,626,5205.525077863876
1773207840,5201.99,5201.99,5199.99,5199.99,340,608,5205.51374380605
1773207900,5198.4800000000005,5199.265,5197.265,5199.265,912,637.55,5205.470826897124
1773208020,5199.29,5199.29,5197.29,5197.29,297,632.8,5205.455671207636
1773208080,5196.34,5197.715,5195.715,5197.715,375,606.6,5205.43431500787
1773208140,5198.1900000000005,5199.96,5197.96,5199.96,831,623.15,5205.399940600486
1773208260,5200.84,5201.83,5199.83,5199.83,276,574.3,5205.390841782423
1773208320,5199.365,5200.21,5198.21,5198.21,143,561.75,5205.38458475789
1773208380,5197.88,5199.88,5197.88,5199.88,153,541.55,5205.378249110919
1773208440,5200.33,5200.33,5198.33,5198.33,264,540.85,5205.366964412503
1773208560,5197.95,5199.95,5197.95,5199.95,381,511.8,5205.351478436615
1773208620,5200.11,5200.405,5198.405,5198.405,1277,511.15,5205.298353472187
1773208800,5197.35,5199.27,5197.27,5197.27,751,539.9,5205.261909718333
1773208860,5197.125,5198.400000000001,5196.400000000001,5198.400000000001,554,532.1,5205.234516355024
1773208920,5199.175,5200.7,5198.7,5198.7,1151,512,5205.19049065238
1773209040,5198.4400000000005,5200.4400000000005,5198.4400000000005,5200.4400000000005,443,513.9,5205.174892439223
1773209100,5200.465,5202.28,5200.28,5202.28,586,515.65,5205.161378361404
1773209160,5203.07,5203.34,5201.34,5203.34,1019,540.35,5205.145069451593
1773209280,5203.86,5204.66,5202.66,5204.66,1800,614.55,5205.131886329723
1773209520,5206.17,5208.17,5206.17,5208.17,479,626.75,5205.139087794932
1773209580,5209.4800000000005,5210.26,5208.26,5210.26,563,629.75,5205.154929689574
1773209640,5210.51,5210.51,5208.51,5208.51,676,646.55,5205.172031191684
1773209760,5208.345,5210.345,5208.345,5210.345,422,622.05,5205.183961600877
1773209820,5210.97,5210.97,5208.97,5208.97,130,613.7,5205.187590173389
1773209820.001,5208.29,5209.39,5207.39,5207.39,528,621.35,5205.197054931461
1773209880,5205.93,5206.2300000000005,5204.2300000000005,5204.2300000000005,457,602.65,5205.196199678942
1773209940,5204.125,5206.125,5204.125,5206.125,746,626.15,5205.197412350059
1773210060,5207.035,5207.045,5205.045,5205.045,396,638.8,5205.19867211455
1773210120,5204.685,5205.435,5203.435,5203.435,574,659.85,5205.194790632879
1773210240,5203.25,5205.045,5203.045,5205.045,598,676.55,5205.1917920671485
1773210360,5205.09,5206.22,5204.22,5206.22,922,703.6,5205.193827774962
1773210480,5207.05,5207.395,5205.395,5205.395,770,678.25,5205.1978895798
1773210660,5203.735,5205.455,5203.455,5203.455,1011,691.25,5205.191316302982
1773210840,5202.1,5202.71,5200.71,5202.71,755,701.3,5205.177023037032
1773210960,5204.32,5204.32,5202.32,5202.32,81,647.8,5205.175956587163
1773210960.001,5202.1,5202.72,5200.72,5202.72,936,672.45,5205.158486321977
1773211140,5203.335,5203.335,5201.335,5201.335,404,663.35,5205.150881523398
1773211200,5199.78,5200.16,5198.16,5198.16,417,633.25,5205.1351952165405
1773211260,5197.725,5198.535,5196.535,5196.535,416,564.05,5205.115612882235
1773211320,5195.75,5197.03,5195.03,5195.03,1143,597.25,5205.05216488881
1773211440,5191.53,5193.53,5191.53,5193.53,204,579.3,5205.0375283036265
1773211440.001,5194.83,5195.67,5193.67,5193.67,371,564.05,5205.01421022388
1773211500,5193.645,5194.995,5192.995,5192.995,544,570.15,5204.978052028017
1773211560,5192.400000000001,5194.400000000001,5192.400000000001,5194.400000000001,1255,626.4,5204.896030558236
1773211740,5195.7300000000005,5196.6,5194.6,5196.6,931,646.55,5204.84779359482
1773211860,5197.835,5198.84,5196.84,5196.84,1609,704.15,5204.78014022055
1773212100,5195.835,5197.835,5195.835,5197.835,656,699.65,5204.751647522587
1773212220,5199.145,5199.28,5197.28,5197.28,957,727.7,5204.714688907554
1773212400,5195.535,5197.535,5195.535,5197.535,160,707,5204.707570700111
1773212400.001,5198.92,5200.1900000000005,5198.1900000000005,5198.1900000000005,871,720.65,5204.6788176256405
1773212520,5196.2,5197.895,5195.895,5197.895,386,693.85,5204.662626756519
1773212580,5199.37,5200.72,5198.72,5200.72,445,677.6,5204.651107988101
1773212640,5201.735,5201.735,5199.735,5199.735,630,658.55,5204.636126661779
1773212700,5197.58,5199.58,5197.58,5199.58,560,648.8,5204.618248818748
1773212760,5200.22,5201.82,5199.82,5201.82,409,665.2,5204.610361212532
1773212820,5202.28,5202.28,5200.28,5200.28,418,639.3,5204.601857362593
1773212880,5198.8,5199.76,5197.76,5197.76,520,645.1,5204.584077780731
1773212940,5196.35,5198.35,5196.35,5198.35,375,643,5204.569779157296
1773213000,5199.4400000000005,5199.4400000000005,5197.4400000000005,5197.4400000000005,357,640.05,5204.557055232034
1773213060,5197.085,5199.035,5197.035,5199.035,1394,652.6,5204.509843586965
1773213300,5200.08,5200.08,5198.08,5198.08,391,661.95,5204.497538184718
1773213360,5197.91,5198.695,5196.695,5196.695,340,660.4,5204.484313739919
1773213420,5195.62,5197.62,5195.62,5197.62,382,652.3,5204.4686655878595
1773213480,5197.905,5197.905,5195.905,5195.905,146,596.85,5204.462399184381
1773213480.001,5195.665,5197.665,5195.665,5197.665,1295,615.05,5204.410231372041
1773213720,5197.895,5197.895,5195.895,5195.895,219,545.55,5204.400965661303
1773213780,5195.72,5197.72,5195.72,5197.72,211,523.3,5204.392617697632
1773213840,5198.325,5198.56,5196.56,5196.56,381,494.5,5204.377946707004
1773213960,5196.27,5197.865,5195.865,5197.865,316,502.3,5204.365776108248
1773214020,5198.175,5198.175,5196.175,5196.175,200,468.75,5204.3577122440565
1773214080,5195.775000000001,5197.665,5195.665,5197.665,156,457.25,5204.351565275822
1773214140,5197.965,5198.485,5196.485,5196.485,548,462.4,5204.3305018142155
1773214260,5191.985,5193.985,5191.985,5193.985,234,442.6,5204.316762365082
1773214320,5194.17,5194.17,5192.17,5192.17,528,441,5204.2845339369815
1773214380,5190.37,5192.37,5190.37,5192.37,475,444.3,5204.252839725844
1773214440,5192.935,5192.935,5190.935,5190.935,374,442.1,5204.227795588797
1773214500,5189.735,5191.735,5189.735,5191.735,86,420.4,5204.221808128852
1773214500.001,5192.16,5194.16,5192.16,5194.16,176,410.45,5204.2118276247875
1773214560,5194.495,5194.495,5192.495,5192.495,88,397,5204.206690133033
1773214560.001,5191.45,5191.675,5189.675,5189.675,623,358.45,5204.161203750025
1773214620,5185.295,5187.295,5185.295,5187.295,178,347.8,5204.144785045518
1773214620.001,5187.99,5189.99,5187.99,5189.99,280,344.8,5204.122984098468
1773214680,5190.035,5190.035,5188.035,5188.035,140,332.7,5204.111650787319
1773214680.001,5187.08,5187.95,5185.95,5185.95,718,361.3,5204.0459589367065
1773214740,5185.26,5186.7,5184.7,5184.7,593,326.2,5203.988210016858
1773214800,5184.56,5186.56,5184.56,5186.56,200,325.25,5203.969362168637
1773214800.001,5189.72,5190.1050000000005,5188.1050000000005,5188.1050000000005,651,347.25,5203.91800927536
1773214860,5187.545,5189.545,5187.545,5189.545,595,357.95,5203.871704854357
1773214920,5191.235,5191.235,5189.235,5189.235,359,360.1,5203.845801676868
1773214980,5188.5,5190.5,5188.5,5190.5,105,355.35,5203.838206647052
1773214980.001,5192.015,5192.245,5190.245,5192.245,640,379.55,5203.797836617618
1773215160,5193.165,5193.545,5191.545,5191.545,122,358.25,5203.790568527337
1773215220,5191.015,5192.135,5190.135,5192.135,257,359.4,5203.774306687414
1773215280,5194.42,5194.6900000000005,5192.6900000000005,5194.6900000000005,284,347.2,5203.760106944653
1773215340,5194.9400000000005,5195.795,5193.795,5195.795,387,342.8,5203.743012136876
1773215400,5196.845,5197.955,5195.955,5195.955,1220,385.1,5203.698827416977
1773215580,5195.225,5196.245,5194.245,5194.245,1064,434,5203.651534433688
1773215820,5193.58,5195.58,5193.58,5195.58,509,450.65,5203.629094085358
1773215940,5196.05,5196.7,5194.7,5194.7,291,460.8,5203.616981042249
1773216000,5193.985,5194.635,5192.635,5192.635,368,448.05,5203.597892248562
1773216060,5188.650000000001,5190.14,5188.14,5190.14,860,482.15,5203.537072105228
1773216180,5193.93,5194.405,5192.405,5194.405,388,487.55,5203.518073001517
1773216240,5195.62,5196.885,5194.885,5196.885,427,501.9,5203.502529790846
1773216300,5197.425,5197.425,5195.425,5195.425,391,485.55,5203.488108468375
1773216360,5193.7,5195.7,5193.7,5195.7,242,468,5203.4779376895185
1773216420,5195.905,5195.945,5193.945,5195.945,313,473.65,5203.465199760445
1773216480,5196.495,5196.64,5194.64,5194.64,309,456.55,5203.452706764063
1773216600,5193.945,5195.295,5193.295,5195.295,214,437.5,5203.443358448101
1773216660,5195.9800000000005,5197.36,5195.36,5197.36,290,434.05,5203.43368199734
1773216720,5197.495,5197.76,5195.76,5197.76,535,455.55,5203.416958288758
1773216840,5198.695,5198.695,5196.695,5196.695,218,434.45,5203.41045713104
1773216900,5195.475,5195.475,5193.475,5193.475,134,435.05,5203.404344326709
1773216960,5192.415,5193.755,5191.755,5191.755,210,432.7,5203.393004888731
1773217080,5191.265,5192.385,5190.385,5190.385,121,424.55,5203.385667300532
1773217140,5190.165,5192.165,5190.165,5192.165,45,407.45,5203.383039413636
1773217140.001,5192.595,5192.595,5190.595,5190.595,277,360.3,5203.3665672485085
1773217200,5189.045,5190.025000000001,5188.025000000001,5188.025000000001,322,323.2,5203.3434218513785
1773217260,5187.845,5189.845,5187.845,5189.845,338,314.65,5203.320009168885
1773217320,5192.215,5192.215,5190.215,5190.215,247,312.45,5203.305003671271
1773217380,5189.895,5190.195,5188.195,5188.195,342,311.15,5203.280917944594
1773217440,5186.3150000000005,5188.3150000000005,5186.3150000000005,5188.3150000000005,304,283.35,5203.257779871368
1773217500,5188.78,5188.78,5186.78,5186.78,104,269.15,5203.249777867537
1773217500.001,5185.85,5187.85,5185.85,5187.85,391,267.35,5203.219265638258
1773217560,5187.895,5187.895,5185.895,5185.895,143,254.95,5203.207703868913
1773217560.001,5181.18,5183.02,5181.02,5183.02,395,262.6,5203.167797868769
1773217620,5184.400000000001,5185.115,5183.115,5185.115,353,264.6,5203.135840567447
1773217680,5186.625,5186.625,5184.625,5184.625,311,264.7,5203.10904233829
1773217740,5184.335,5185.51,5183.51,5183.51,365,272.25,5203.0757317390635
1773217800,5183.14,5184.435,5182.435,5184.435,426,279.05,5203.036165304485
1773217860,5186.14,5187.52,5185.52,5185.52,373,270.95,5203.005985890359
1773217920,5184.42,5185.63,5183.63,5185.63,457,282.9,5202.966478388365
1773217980,5186.54,5186.54,5184.54,5184.54,386,295.5,5202.933692559453
1773218040,5183.965,5185.965,5183.965,5185.965,396,304.8,5202.900356192134
1773218160,5186.625,5186.625,5184.625,5184.625,254,311.45,5202.8790319661075
1773218220,5183.245,5183.99,5181.99,5181.99,599,339.15,5202.821443862854
1773218280,5175.35,5177.35,5175.35,5177.35,175,334.05,5202.799715597001
1773218280.001,5178.925,5180.8550000000005,5178.8550000000005,5180.8550000000005,492,342.55,5202.7469936748375
1773218340,5184,5184.915,5182.915,5182.915,499,350.6,5202.701777899657
1773218400,5182.56,5184.56,5182.56,5184.56,321,354.3,5202.673276085902
1773218460,5184.74,5184.74,5182.74,5182.74,283,351.35,5202.64757056021
1773218520,5182.285,5183.965,5181.965,5183.965,337,353,5202.616877580033
1773218580,5185.585,5186.71,5184.71,5184.71,445,370.05,5202.580841365501
1773218640,5180.685,5181.75,5179.75,5179.75,416,371.3,5202.5376164971185
1773218700,5179.5,5181.5,5179.5,5181.5,149,371.6,5202.522466336239
1773218700.001,5183.63,5184.495,5182.495,5184.495,592,381.45,5202.470764046888
1773218820,5185.365,5186.4800000000005,5184.4800000000005,5186.4800000000005,604,394,5202.423893076489
1773219000,5187.005,5187.865,5185.865,5187.865,612,409.05,5202.380607098783
1773219180,5188.365,5188.365,5186.365,5186.365,66,394.1,5202.3759026174985
1773219180.001,5186.275000000001,5186.485,5184.485,5184.485,266,386.1,5202.354651838214
1773219240,5183.59,5185.59,5183.59,5185.59,66,370.75,5202.349317328574
1773219240.001,5185.865,5186.34,5184.34,5186.34,725,384.15,5202.293445576662
1773219420,5188.095,5188.83,5186.83,5186.83,1767,453.2,5202.173596530634
1773219600,5185.425,5186.6900000000005,5184.6900000000005,5184.6900000000005,341,450.45,5202.147351104664
1773219660,5183.99,5185.99,5183.99,5185.99,313,453.4,5202.123285049656
1773219720,5187.12,5187.12,5185.12,5185.12,343,440.6,5202.097716453575
1773219780,5184.935,5185.38,5183.38,5183.38,382,450.95,5202.06630702178
1773219840,5183.33,5184.335,5182.335,5182.335,344,443.55,5202.036480587896
1773219900,5182.245,5183.145,5181.145,5181.145,272,432.2,5202.011492627821
1773219960,5179.72,5181.72,5179.72,5181.72,257,429,5201.987055118741
1773220020,5183.5650000000005,5183.5650000000005,5181.5650000000005,5181.5650000000005,96,419.65,5201.978454328322
1773220020.001,5179.63,5181.63,5179.63,5181.63,320,418.8,5201.948001079286
1773220080,5183.08,5183.36,5181.36,5183.36,348,413.95,5201.917705227733
1773220140,5184.62,5186.085,5184.085,5186.085,384,412.35,5201.8891087094225
1773220200,5186.305,5186.305,5184.305,5184.305,238,416.8,5201.870955228928
1773220260,5183.86,5185.86,5183.86,5185.86,223,398.35,5201.8542038408295
1773220320,5187.485,5188.24,5186.24,5186.24,526,394.45,5201.818874177691
1773220440,5184.1,5185.5650000000005,5183.5650000000005,5185.5650000000005,778,402.75,5201.759927093316
1773220560,5186.900000000001,5188.135,5186.135,5186.135,639,431.4,5201.717248553693
1773220740,5186.11,5188.11,5186.11,5188.11,259,431.05,5201.700760532811
1773220800,5190.72,5190.72,5188.72,5188.72,304,442.95,5201.684087551146
1773220860,5185.915,5187.205,5185.205,5187.205,454,429.4,5201.653523796402
1773220980,5187.400000000001,5189.150000000001,5187.150000000001,5189.150000000001,344,358.25,5201.633416813865
1773221040,5189.5650000000005,5189.5650000000005,5187.5650000000005,5187.5650000000005,412,361.8,5201.6089565151915
1773221100,5186.88,5188.88,5186.88,5188.88,279,360.1,5201.592420391748
1773221160,5189.075,5189.075,5187.075,5187.075,439,364.9,5201.565569311231
1773221280,5187.02,5189.02,5187.02,5189.02,731,382.35,5201.52305669145
1773221460,5191.45,5193,5191,5193,322,381.25,5201.51004998425
1773221520,5193.615,5193.785,5191.785,5193.785,361,385.7,5201.496755286002
1773221580,5195.1900000000005,5195.755,5193.755,5195.755,552,400.45,5201.481268551515
1773221700,5196.07,5196.07,5194.07,5194.07,604,425.85,5201.463481004736
1773221820,5193.54,5195.53,5193.53,5193.53,251,422.4,5201.455525552507
1773221880,5193.26,5195.26,5193.26,5195.26,313,420.65,5201.446170164267
1773221940,5196.775000000001,5197.025000000001,5195.025000000001,5197.025000000001,464,424.65,5201.43590823734
1773222060,5197.145,5197.145,5195.145,5195.145,319,428.7,5201.428120153609
1773222120,5194.505,5194.84,5192.84,5192.84,602,447.65,5201.407473773764
1773222240,5191.725,5193.2300000000005,5191.2300000000005,5193.2300000000005,732,457.95,5201.379533217092
1773222360,5194.445,5194.445,5192.445,5192.445,327,435.4,5201.367881308452
1773222420,5191.79,5193.02,5191.02,5191.02,862,446.55,5201.332048360041
1773222600,5189.735,5190.86,5188.86,5188.86,728,470,5201.295260765346
1773222720,5187.905,5189.905,5187.905,5189.905,230,466.3,5201.283402337682
1773222780,5190.93,5192.150000000001,5190.150000000001,5192.150000000001,438,465.5,5201.265081167908
1773222900,5192.16,5192.16,5190.16,5190.16,104,453.5,5201.260449631388
1773222900.001,5189.89,5190.63,5188.63,5188.63,394,452.6,5201.240372921157
1773222960,5187.325,5188.52,5186.52,5188.52,520,464.65,5201.2107890576535
1773223020,5189.95,5189.95,5187.95,5187.95,140,449.7,5201.203300388766
1773223020.001,5187.85,5189.475,5187.475,5187.475,784,452.35,5201.159951445626
1773223140,5187.165,5188.47,5186.47,5188.47,1901,531.3,5201.053325550503
1773223440,5189.755,5189.86,5187.86,5189.86,300,528.25,5201.038403004085
1773223500,5190.745,5192.475,5190.475,5192.475,635,532.4,5201.013886367504
1773223680,5192.865,5194.400000000001,5192.400000000001,5194.400000000001,626,533.5,5200.994871856384
1773223920,5195.425,5195.425,5193.425,5193.425,52,523.55,5200.993374564815
1773223920.001,5192.735,5194.615,5192.615,5194.615,441,529.95,5200.980439272506
1773224100,5195.29,5195.29,5193.29,5193.29,223,517.9,5200.973924092931
1773224160,5192.63,5194.41,5192.41,5194.41,764,540.15,5200.951018567662
1773224340,5195.125,5195.175,5193.175,5195.175,843,552.2,5200.9285770510105
1773224580,5195.185,5195.185,5193.185,5193.185,339,532.55,5200.918678008204
1773224640,5190.7,5191.400000000001,5189.400000000001,5191.400000000001,1039,568.15,5200.875198643073
1773224880,5192.8150000000005,5192.8150000000005,5190.8150000000005,5190.8150000000005,255,537.8,5200.865367449491
1773224940,5190.650000000001,5191.96,5189.96,5189.96,283,515.55,5200.853488875953
1773225000,5185.775000000001,5187.39,5185.39,5187.39,319,520,5200.8350343432285
1773225060,5187.915,5187.915,5185.915,5185.915,261,511.15,5200.819819776344
1773225120,5184.9800000000005,5186.9800000000005,5184.9800000000005,5186.9800000000005,89,510.4,5200.814541455439
1773225120.001,5188.24,5188.24,5186.24,5186.24,460,513.7,5200.788435104329
1773225180,5185.29,5185.985,5183.985,5183.985,367,506.05,5200.764304939284
1773225240,5183.35,5185.27,5183.27,5183.27,321,515.1,5200.742324406847
1773225300,5181.5,5183.5,5181.5,5183.5,275,489.65,5200.722306064882
1773225360,5184.615,5185.245,5183.245,5183.245,501,419.65,5200.6881425337915
1773225480,5182.86,5184.075,5182.075,5184.075,268,418.05,5200.669377789125
1773225540,5184.775000000001,5185.055,5183.055,5183.055,241,398.35,5200.652843972264
1773225600,5182.935,5183.835,5181.835,5181.835,244,379.25,5200.634933340614
1773225660,5181.415,5182.235,5180.235,5180.235,464,399.85,5200.597974437014
1773225720,5177.2300000000005,5179.2300000000005,5177.2300000000005,5179.2300000000005,485,402.05,5200.554921731273
1773225780,5180.615,5180.615,5178.615,5178.615,385,410.15,5200.521977882449
1773225840,5177.68,5179.45,5177.45,5179.45,377,390.8,5200.489062766078
1773225900,5181.305,5182.85,5180.85,5182.85,338,365.55,5200.464246515273
1773225960,5184.52,5185.045,5183.045,5185.045,551,376.15,5200.428775710984
1773226080,5187.62,5188.3,5186.3,5188.3,584,353.4,5200.398940573583
1773226200,5189.0650000000005,5190.59,5188.59,5190.59,628,372.05,5200.372739977989
1773226320,5190.82,5191.025000000001,5189.025000000001,5189.025000000001,592,387.5,5200.347616129147
1773226440,5188.775000000001,5189.865,5187.865,5187.865,644,403.75,5200.317458707355
1773226560,5186.43,5187.01,5185.01,5185.01,235,402.45,5200.3038358607855
1773226620,5184.975,5186.975,5184.975,5186.975,146,405.3,5200.295750008574
1773226680,5188.075,5188.12,5186.12,5188.12,223,393.45,5200.2844272305665
1773226800,5188.885,5188.935,5186.935,5186.935,129,381.55,5200.277962008709
1773226860,5186.505,5188.115,5186.115,5188.115,115,371.25,5200.272134344236
1773226920,5189.04,5190.79,5188.79,5190.79,245,369.75,5200.262322664531
1773226980,5192.4800000000005,5193.26,5191.26,5193.26,339,361.65,5200.252077479637
1773227040,5193.405,5193.67,5191.67,5191.67,330,364.75,5200.241797199385
1773227100,5191.1050000000005,5191.400000000001,5189.400000000001,5189.400000000001,262,365.8,5200.231315993642
1773227160,5187.665,5189.665,5187.665,5189.665,168,362,5200.22390139624
1773227220,5189.74,5190.335,5188.335,5188.335,200,348.8,5200.215089864438
1773227340,5187.305,5187.505,5185.505,5185.505,286,338.85,5200.199339386857
1773227520,5184.625,5186.625,5184.625,5186.625,139,326.55,5200.191580962758
1773227640,5188.165,5189.685,5187.685,5189.685,487,332.05,5200.170294756594
1773227820,5190.025000000001,5190.025000000001,5188.025000000001,5188.025000000001,80,319.15,5200.166703603183
1773227820.001,5187.16,5187.405,5185.405,5185.405,392,311.2,5200.145129089694
1773227880,5184.005,5184.6,5182.6,5182.6,327,298.35,5200.123605476
1773227940,5181.67,5183.585,5181.585,5183.585,220,277.95,5200.108857027263
1773228000,5184.015,5184.015,5182.015,5182.015,122,254.45,5200.100576787267
1773228060,5181.685,5183.685,5181.685,5183.685,117,228.1,5200.092796625234
1773228120,5184.365,5184.365,5182.365,5182.365,245,228.6,5200.076540473375
1773228180,5180.245,5182.245,5180.245,5182.245,71,224.85,5200.071434107171
1773228180.001,5183.005,5183.435,5181.435,5181.435,132,220.3,5200.062216514142
1773228240,5181.01,5182.675,5180.675,5182.675,357,231.7,5200.037205119548
1773228360,5183.89,5183.89,5181.89,5181.89,40,227.95,5200.034492140414
1773228360.001,5181.83,5181.85,5179.85,5179.85,290,230.2,5200.0125553699545
1773228480,5179.8150000000005,5181.8150000000005,5179.8150000000005,5181.8150000000005,45,215.5,5200.009265952897
1773228480.001,5182.555,5182.865,5180.865,5180.865,311,214.55,5199.987025153069
1773228600,5180.035,5182.035,5180.035,5182.035,185,210.7,5199.973703610595
1773228660,5183.555,5184.965,5182.965,5184.965,266,215.6,5199.957593945551
1773228720,5185.75,5186.43,5184.43,5186.43,613,236.25,5199.92405626948
1773228960,5187.955,5189.495,5187.495,5187.495,658,254.85,5199.894299820581
1773229080,5186.05,5187.045,5185.045,5185.045,405,268.15,5199.87225046864
1773229140,5183.955,5185.955,5183.955,5185.955,202,253.9,5199.860950613779
1773229200,5187.79,5188.685,5186.685,5188.685,182,259,5199.852689029944
1773229260,5189.76,5190.675,5188.675,5188.675,221,250.45,5199.84379264167
1773229320,5188.185,5189.895,5187.895,5187.895,248,246.5,5199.833087144835
1773229380,5186.955,5188.875,5186.875,5186.875,423,256.65,5199.813225998067
1773229440,5184.81,5184.97,5182.97,5182.97,375,269.3,5199.790086303574
1773229500,5182.92,5184.92,5182.92,5184.92,128,269.85,5199.782504047775
1773229500.001,5185.665,5185.665,5183.665,5183.665,431,279.15,5199.757156005557
1773229560,5182.5650000000005,5184.5650000000005,5182.5650000000005,5184.5650000000005,151,283.15,5199.748046108409
1773229560.001,5185.9800000000005,5186.28,5184.28,5186.28,900,321.55,5199.699816838915
1773229680,5187.175,5188.1050000000005,5186.1050000000005,5186.1050000000005,511,329.25,5199.674819261607
1773229740,5185,5186.95,5184.95,5186.95,824,368.45,5199.633195184728
1773229800,5188.78,5188.78,5186.78,5186.78,344,371.15,5199.617402211381
1773229800.001,5182.51,5184.51,5182.51,5184.51,699,403.85,5199.575973232536
1773229860,5185.045,5187.045,5185.045,5187.045,330,404.8,5199.559629344701
1773229920,5187.085,5187.085,5185.085,5185.085,106,400.85,5199.554138895141
1773229920.001,5184.62,5184.62,5182.62,5182.62,360,405.55,5199.532200294698
1773229980,5182.38,5184.38,5182.38,5184.38,127,381.25,5199.524677852373
1773229980.001,5185.02,5185.02,5183.02,5183.02,448,370.75,5199.498154371406
1773230040,5182.7300000000005,5183.4400000000005,5181.4400000000005,5181.4400000000005,525,376.75,5199.464090309904
1773230100,5179.87,5181.63,5179.63,5181.63,424,387.85,5199.434871044163
1773230160,5182.52,5182.52,5180.52,5180.52,95,383.5,5199.428415928468
1773230160.001,5180.39,5180.715,5178.715,5178.715,1018,423.35,5199.352713658806
1773230280,5175.87,5177.87,5175.87,5177.87,191,420.5,5199.337031548095
1773230280.001,5179.62,5181.04,5179.04,5181.04,386,418.65,5199.309935937773
1773230340,5181.635,5181.635,5179.635,5179.635,462,423,5199.277484713886
1773230400,5177.865,5179.865,5177.865,5179.865,167,424.95,5199.265101298825
1773230400.001,5181.585,5182.645,5180.645,5182.645,776,442.2,5199.215703076187
1773230460,5183.295,5183.885,5181.885,5183.885,501,459.7,5199.186243831017
1773230520,5184.275000000001,5185.8150000000005,5183.8150000000005,5185.8150000000005,468,438.1,5199.162137162664
1773230580,5186.155,5186.155,5184.155,5184.155,282,426.65,5199.147313612648
1773230640,5184.07,5186.07,5184.07,5186.07,80,389.45,5199.143284449167
1773230640.001,5186.225,5186.75,5184.75,5186.75,828,413.65,5199.103777951516
1773230760,5188.125,5188.505,5186.505,5188.505,308,394.1,5199.091115806529
1773230820,5188.67,5188.67,5186.67,5186.67,93,382.25,5199.087127889711
1773230820.001,5185.585,5186.78,5184.78,5186.78,262,390.05,5199.074739516705
1773230880,5187.28,5188.655,5186.655,5188.655,180,381.05,5199.067471357306
1773230940,5189.3,5189.79,5187.79,5189.79,194,384.4,5199.060449964514
1773231000,5190.9400000000005,5190.9400000000005,5188.9400000000005,5188.9400000000005,365,380.25,5199.047907688767
1773231060,5188.91,5190.91,5188.91,5190.91,793,393.65,5199.022602511179
1773231180,5191.8,5193.275000000001,5191.275000000001,5191.275000000001,322,388.55,5199.0143484472765
1773231240,5191.24,5193.09,5191.09,5193.09,291,398.35,5199.007412443436
1773231300,5193.47,5193.81,5191.81,5191.81,296,362.25,5199.000429252974
1773231360,5190.59,5192.59,5190.59,5192.59,75,356.45,5198.998512358989
1773231360.001,5193.2300000000005,5195.18,5193.18,5195.18,148,344.55,5198.996116334893
1773231420,5195.235,5195.255,5193.255,5193.255,273,335.1,5198.99112089731
1773231540,5192.375,5194.375,5192.375,5194.375,59,329.7,5198.989997211978
1773231540.001,5195.165,5195.335,5193.335,5193.335,881,334.95,5198.974203526944
1773231660,5192.195,5193.650000000001,5191.650000000001,5191.650000000001,541,336.95,5198.961284802553
1773231720,5191.150000000001,5192.01,5190.01,5190.01,1333,380.2,5198.921862687353
1773231900,5188.475,5190.075,5188.075,5188.075,288,380.5,5198.911407311652
1773231960,5188,5190,5188,5190,56,379.3,5198.909494947875
1773231960.001,5191.175,5192.795,5190.795,5190.795,296,352.7,5198.901643177858
1773232020,5189.305,5191.03,5189.03,5191.03,651,369.85,5198.881891985849
1773232140,5192.55,5193.075,5191.075,5193.075,1171,423.75,5198.855067151698
1773232200,5197.175,5197.175,5195.175,5195.175,531,437.2,5198.8494155290655
1773232200.001,5184.415,5186.415,5184.415,5186.415,531,454.75,5198.82489048942
1773232200.002,5188.13,5188.24,5186.24,5188.24,924,491.25,5198.788357919273
1773232260,5191.445,5191.445,5189.445,5189.445,307,488.35,5198.779007741082
1773232260.001,5188.245,5190.22,5188.22,5190.22,357,466.55,5198.767461255394
1773232320,5191.845,5191.845,5189.845,5189.845,178,459.35,5198.762312628319
1773232320.001,5186.925,5188.635,5186.635,5186.635,892,489.4,5198.7266074368235
1773232380,5182.755,5184.755,5182.755,5184.755,238,486.5,5198.714449401854
1773232380.001,5185.46,5186.705,5184.705,5184.705,750,520.25,5198.679618154416
1773232440,5179.3150000000005,5181.3150000000005,5179.3150000000005,5181.3150000000005,250,525.35,5198.66394161172
1773232440.001,5181.8150000000005,5181.865,5179.865,5179.865,663,544.85,5198.622230742096
1773232500,5177.68,5179.68,5177.68,5179.68,674,575.6,5198.57648169366
1773232560,5180.375,5180.375,5178.375,5178.375,226,542.85,5198.561211409531
1773232560.001,5173.76,5175.76,5173.76,5175.76,870,559.3,5198.490804133547
1773232620,5178.22,5178.22,5176.22,5176.22,322,508.75,5198.4668414586395
1773232620.001,5173.265,5175.265,5173.265,5175.265,685,528.6,5198.4106545941695
1773232680,5180.75,5180.75,5178.75,5178.75,437,547.65,5198.382172964941
1773232740,5176.900000000001,5178.21,5176.21,5178.21,447,555.2,5198.350258859926
1773232800,5181.52,5182,5180,5180,371,541.2,5198.327809997478
1773232860,5178.04,5178.04,5176.04,5176.04,371,501.2,5198.300397315498
1773232920,5175.05,5177.05,5175.05,5177.05,142,481.75,5198.289766686022
1773232920.001,5180.400000000001,5180.78,5178.78,5180.78,392,474.8,5198.265461336326
1773232980,5182.275000000001,5182.275000000001,5180.275000000001,5180.275000000001,125,434.85,5198.258077619451
1773232980.001,5177.095,5179.095,5177.095,5179.095,430,441,5198.229045999357
1773233040,5182.29,5182.29,5180.29,5180.29,102,428.25,5198.22304964563
1773233040.001,5180.225,5180.955,5178.955,5178.955,601,449.4,5198.1850773241395
1773233100,5175.695,5177.695,5175.695,5177.695,200,414.8,5198.170714781122
1773233100.001,5177.875,5178.115,5176.115,5176.115,433,424.55,5198.139324584326
1773233160,5174.515,5175.385,5173.385,5173.385,1025,438.3,5198.055932088799
1773233220,5168.11,5170.11,5168.11,5170.11,293,440.45,5198.027643982619
1773233220.001,5171.13,5172.75,5170.75,5172.75,831,448.85,5197.9550992231725
1773233280,5177.55,5177.895,5175.895,5175.895,1490,489.65,5197.848376305457
1773233400,5172.96,5174.96,5172.96,5174.96,488,502.75,5197.809953799958
1773233460,5179.965,5179.965,5177.965,5177.965,116,465.05,5197.802520504356
1773233460.001,5177.57,5179.06,5177.06,5179.06,179,457.9,5197.790918999995
1773233520,5180.25,5180.25,5178.25,5178.25,391,443.2,5197.766307744384
1773233580,5177.21,5178.3550000000005,5176.3550000000005,5176.3550000000005,533,448,5197.729499160534
1773233640,5174.85,5176.85,5174.85,5176.85,327,442,5197.706069757956
1773233700,5177.32,5177.32,5175.32,5175.32,92,428.05,5197.699427032083
1773233700.001,5172.8,5173.62,5171.62,5171.62,301,424.55,5197.674023471014
1773233760,5170.33,5172.33,5170.33,5172.33,333,434.1,5197.645289718532
1773233820,5173.555,5174.53,5172.53,5172.53,246,426.8,5197.625354019165
1773233880,5171.29,5171.82,5169.82,5169.82,649,453,5197.567097808076
1773233940,5166.835,5168.835,5166.835,5168.835,1364,499.7,5197.435060327977
1773234000,5172.1900000000005,5172.1900000000005,5170.1900000000005,5170.1900000000005,583,523.75,5197.384136837079
1773234000.001,5164.215,5164.72,5162.72,5162.72,1635,575.45,5197.20243559025
1773234060,5162.175,5164.175,5162.175,5164.175,526,591.75,5197.144601075779
1773234060.001,5167.155,5167.155,5165.155,5165.155,1418,641,5197.000329367284
1773234120,5163.375,5165.375,5163.375,5165.375,445,612,5196.953720332698
1773234120.001,5169.625,5171.325,5169.325,5171.325,1444,669.55,5196.831136656639
1773234180,5175.51,5175.51,5173.51,5173.51,333,644.65,5196.806808041882
1773234180.001,5173.35,5175.35,5173.35,5175.35,660,603.15,5196.759819374944
1773234240,5177.21,5177.865,5175.865,5177.865,851,621.3,5196.706394990095
1773234300,5179.045,5179.045,5177.045,5177.045,210,626,5196.693602122261
1773234300.001,5176.415,5176.725,5174.725,5176.725,564,645.25,5196.65634408981
1773234360,5181.8550000000005,5181.8550000000005,5179.8550000000005,5179.8550000000005,608,656.1,5196.625000404716
1773234420,5178.18,5180.18,5178.18,5180.18,334,646.15,5196.606758853796
1773234480,5180.545,5180.545,5178.545,5178.545,97,634.65,5196.60137507751
1773234480.001,5177.22,5178.735,5176.735,5176.735,462,653.15,5196.573114214653
1773234540,5175.095,5177.095,5175.095,5177.095,838,680,5196.5194731482125
1773234600,5181.58,5182.07,5180.07,5180.07,532,689.95,5196.492838119621
1773234660,5179.43,5181.43,5179.43,5181.43,697,712.5,5196.45813680216
1773234720,5181.88,5181.88,5179.88,5179.88,583,709.2,5196.42882946682
1773234780,5178.295,5180.295,5178.295,5180.295,128,647.4,5196.422038150552
1773234780.001,5180.475,5180.535,5178.535,5178.535,186,627.55,5196.41192882205
1773234840,5177.285,5178.18,5176.18,5178.18,617,576.65,5196.375197494427
1773234960,5179.785,5179.785,5177.785,5177.785,299,565.3,5196.358331660118
1773235020,5176.505,5178.505,5176.505,5178.505,391,513.95,5196.335570379478
1773235080,5179.8550000000005,5179.8550000000005,5177.8550000000005,5177.8550000000005,322,507.8,5196.317558682722
1773235140,5176.295,5178.295,5176.295,5178.295,269,449.05,5196.301785601118
1773235200,5183.185,5183.185,5181.185,5181.185,294,447.1,5196.288469063751
1773235260,5178.3150000000005,5180.3150000000005,5178.3150000000005,5180.3150000000005,76,417.9,5196.284505922334
1773235260.001,5181.52,5181.52,5179.52,5179.52,469,398.8,5196.260880928246
1773235380,5178.595,5180.545,5178.545,5180.545,369,406.75,5196.241986319356
1773235440,5180.83,5181.3550000000005,5179.3550000000005,5179.3550000000005,702,413.65,5196.206474349982
1773235500,5178.08,5178.6900000000005,5176.6900000000005,5178.6900000000005,693,417.9,5196.167260204276
1773235560,5179.05,5179.05,5177.05,5179.05,524,427.4,5196.138307312707
1773235620,5180.13,5180.2300000000005,5178.2300000000005,5178.2300000000005,675,456.3,5196.102224073877
1773235680,5177.165,5179.165,5177.165,5179.165,491,457.75,5196.075466133792
1773235740,5181.575,5181.575,5179.575,5179.575,1435,487.6,5196.005437679725
1773235800,5174.5,5176.5,5174.5,5176.5,1386,530.3,5195.9196350281
1773235860,5178.775000000001,5178.775000000001,5176.775000000001,5176.775000000001,471,519,5195.892964347665
1773235860.001,5172.6,5173.56,5171.56,5173.56,1165,548.1,5195.811144619216
1773235920,5174.91,5174.91,5172.91,5172.91,1227,603.05,5195.7281483475845
1773235980,5169.13,5171.13,5169.13,5171.13,332,610.35,5195.702656408608
1773235980.001,5171.84,5172.92,5170.92,5172.92,690,614,5195.65358615482
1773236040,5176.27,5177.75,5175.75,5175.75,569,627.5,5195.620447268808
1773236100,5174.11,5176.11,5174.11,5176.11,491,632.5,5195.590498047115
1773236160,5176.87,5176.87,5174.87,5174.87,189,625.85,5195.579046712655
1773236160.001,5170.88,5172.88,5170.88,5172.88,613,643.05,5195.5358517745635
1773236220,5173.71,5173.71,5171.71,5171.71,212,638.95,5195.521054732789
1773236220.001,5169.37,5170.585,5168.585,5168.585,578,664.05,5195.475373513771
1773236280,5168.235,5170.235,5168.235,5170.235,183,649.75,5195.461117774768
1773236280.001,5172.37,5173.21,5171.21,5173.21,1305,696.55,5195.3715394073215
1773236340,5175.545,5175.545,5173.545,5173.545,374,680.15,5195.347862856503
1773236340.001,5172.395,5174.325,5172.325,5174.325,531,672.05,5195.313460432869
1773236400,5176.29,5176.29,5174.29,5174.29,176,654.65,5195.302764019632
1773236400.001,5173.6900000000005,5174.915,5172.915,5172.915,663,654.05,5195.259854600698
1773236460,5169.97,5171.97,5169.97,5171.97,880,673.5,5195.197203815205
1773236520,5175.295,5175.295,5173.295,5173.295,566,630.05,5195.16154475537
1773236580,5169.3,5169.36,5167.36,5167.36,1000,610.75,5195.081278774312
1773236640,5165.57,5167.57,5165.57,5167.57,831,628.75,5195.012183594826
1773236700,5167.8,5167.8,5165.8,5165.8,268,583.9,5194.9896273500435
1773236700.001,5160.72,5162.72,5160.72,5162.72,1229,584,5194.8707087409575
1773236760,5167.88,5167.88,5165.88,5165.88,1131,623.95,5194.776909262782
1773236820,5162.24,5164.24,5162.24,5164.24,610,619.95,5194.721275072027
1773236880,5164.255,5164.255,5162.255,5162.255,170,600,5194.705482148756
1773236880.001,5160.79,5162.79,5160.79,5162.79,710,610.95,5194.6380402134855
1773236940,5162.965,5162.965,5160.965,5160.965,269,614.95,5194.612175862273
1773236940.001,5158.735,5160.735,5158.735,5160.735,1083,638.45,5194.503537647776
1773237000,5162.965,5162.965,5160.965,5160.965,1230,689.35,5194.386543376172
1773237060,5149.8150000000005,5151.155,5149.155,5151.155,1849,752.9,5194.152928009091
1773237120,5163.39,5164.61,5162.61,5164.61,1978,842.65,5193.981917253357
1773237180,5168.195,5168.195,5166.195,5166.195,489,801.85,5193.94401653478
1773237180.001,5166.155,5167.59,5165.59,5167.59,1124,839.35,5193.857496897256
1773237240,5169.255,5169.255,5167.255,5167.255,1068,866.2,5193.7788278032
1773237300,5167.06,5169.06,5167.06,5169.06,346,874.7,5193.753906663038
1773237300.001,5170.985,5171.375,5169.375,5171.375,1519,917.5,5193.655009520691
1773237360,5172.62,5172.62,5170.62,5170.62,1101,928.55,5193.585649243667
1773237420,5170.235,5172.235,5170.235,5172.235,355,918,5193.563658069378
1773237420.001,5175.375,5176.38,5174.38,5176.38,1171,926.55,5193.505040176526
1773237480,5177.25,5177.25,5175.25,5175.25,1076,938.8,5193.452127875217
1773237540,5174.7,5176.7,5174.7,5176.7,402,945.5,5193.432572101625
1773237540.001,5177.22,5177.22,5175.22,5175.22,1067,937.4,5193.380443167624
1773237600,5175.155,5177.155,5175.155,5177.155,332,897.45,5193.364841920052
1773237600.001,5178.22,5179.55,5177.55,5179.55,2094,971.65,5193.280972179203
1773237660,5186.8,5186.8,5184.8,5184.8,1460,1036.15,5193.249544818895
1773237720,5181.54,5183.54,5181.54,5183.54,543,1027.8,5193.234047584997
1773237780,5183.55,5183.835,5181.835,5181.835,504,1039.55,5193.219190263258
1773237780.001,5178.365,5179.665,5177.665,5179.665,1423,1056.55,5193.16382333682
1773237840,5185.56,5186.24,5184.24,5186.24,1160,1053.05,5193.139808957039
1773237900,5189.155,5189.155,5187.155,5187.155,949,1008.05,5193.126079697394
1773237960,5183.905,5185.905,5183.905,5185.905,906,954.45,5193.106687231522
1773238020,5185.935,5185.935,5183.935,5183.935,337,946.85,5193.09891653066
1773238020.001,5180.56,5181.42,5179.42,5179.42,859,933.6,5193.068682904842
1773238080,5178.86,5180.86,5178.86,5180.86,342,897.3,5193.056783417605
1773238140,5181.12,5182.82,5180.82,5182.82,336,896.8,5193.046892144981
1773238140.001,5186.235,5187.225,5185.225,5185.225,990,870.35,5193.027817863265
1773238200,5180.555,5182.555,5180.555,5182.555,670,848.8,5193.007757132019
1773238260,5186.785,5188.435,5186.435,5188.435,720,867.05,5192.9976370687755
1773238320,5188.77,5188.77,5186.77,5186.77,480,832.5,5192.990485519267
1773238380,5186.745,5188.095,5186.095,5188.095,566,807,5192.982063629646
1773238380.001,5189.785,5190.38,5188.38,5190.38,919,832.85,5192.974047246717
1773238440,5190.465,5190.465,5188.465,5188.465,2701,914.55,5192.946549969225
1773238560,5187.16,5189.16,5187.16,5189.16,1392,967.55,5192.930186363307
1773238620,5191.38,5191.38,5189.38,5189.38,790,902.35,5192.924185534668
1773238680,5188.415,5190.415,5188.415,5190.415,232,840.95,5192.922245791904
1773238680.001,5190.735,5190.735,5188.735,5188.735,1430,885.3,5192.909041531049
1773238740,5186.52,5188.52,5186.52,5188.52,1085,914.35,5192.894695176599
1773238800,5189.165,5189.165,5187.165,5187.165,343,860.35,5192.890157381353
1773238800.001,5186.875,5188.875,5186.875,5188.875,1031,853.9,5192.877578392388
1773238860,5189.3550000000005,5189.3550000000005,5187.3550000000005,5187.3550000000005,344,823.65,5192.873229165585
1773238860.001,5187.005,5188.995,5186.995,5186.995,1002,828.45,5192.859668313955
1773238920,5186.425,5188.08,5186.08,5188.08,607,841.95,5192.85109674562
1773238980,5188.17,5188.975,5186.975,5188.975,982,848.1,5192.839559702969
1773239040,5189.400000000001,5190.385,5188.385,5188.385,1720,917,5192.822784743914
1773239100,5182.35,5184.35,5182.35,5184.35,478,924.1,5192.811550362383
1773239100.001,5188.055,5188.87,5186.87,5188.87,1368,943,5192.79539580627
1773239160,5189.39,5189.39,5187.39,5187.39,871,953.05,5192.784842518447
1773239220,5186.31,5188.31,5186.31,5188.31,870,960.55,5192.773430759016
1773239280,5192.900000000001,5192.900000000001,5190.900000000001,5190.900000000001,975,985.3,5192.770436490066
1773239340,5190.805,5192.805,5190.805,5192.805,366,975.3,5192.769848285305
1773239340.001,5195.635,5196.235,5194.235,5196.235,823,970.5,5192.775691805074
1773239400,5196.3150000000005,5196.3150000000005,5194.3150000000005,5194.3150000000005,856,878.25,5192.780472420682
1773239460,5191.150000000001,5192.22,5190.22,5190.22,928,855.05,5192.776033536912
1773239520,5187.81,5189.2,5187.2,5187.2,1177,874.4,5192.761482191261
1773239580,5186.835,5188.005,5186.005,5186.005,1152,920.4,5192.743866497932
1773239640,5184.55,5186.55,5184.55,5186.55,926,895.2,5192.727951618792
1773239700,5190.3,5190.3,5188.3,5188.3,215,851.7,5192.725926850482
1773239700.001,5187.650000000001,5189.64,5187.64,5189.64,427,855.9,5192.721919143415
1773239760,5190.485,5190.485,5188.485,5188.485,429,825.8,5192.718092420202
1773239820,5186.8150000000005,5187.78,5185.78,5185.78,436,830.4,5192.711268235486
1773239880,5184.6050000000005,5185.24,5183.24,5183.24,539,807.25,5192.699440199094
1773239940,5182.68,5184.68,5182.68,5184.68,213,787.55,5192.694831392802
1773239940.001,5185.900000000001,5185.900000000001,5183.900000000001,5183.900000000001,852,781.05,5192.677616869011
1773240000,5181.865,5183.865,5181.865,5183.865,813,735.7,5192.658498440839
1773240060,5184.525000000001,5184.525000000001,5182.525000000001,5182.525000000001,299,726.75,5192.651481627006
1773240060.001,5182.185,5183.895,5181.895,5181.895,1265,721.6,5192.619940436331
1773240120,5174.95,5176.95,5174.95,5176.95,322,694.15,5192.606951408319
1773240120.001,5177.755,5177.795,5175.795,5175.795,689,685.1,5192.579530261426
1773240180,5174.5650000000005,5176.5650000000005,5174.5650000000005,5176.5650000000005,344,653.55,5192.565397135611
1773240180.001,5180.47,5182.47,5180.47,5182.47,1037,687.1,5192.53798018869
1773240240,5184.6050000000005,5184.6050000000005,5182.6050000000005,5182.6050000000005,523,672.1,5192.526089806503
1773240300,5181.84,5183.84,5181.84,5183.84,146,636.6,5192.522740737654
1773240300.001,5184.1050000000005,5185.075,5183.075,5183.075,947,637.55,5192.502392740245
1773240360,5180.635,5182.635,5180.635,5182.635,985,627.95,5192.477064177113
1773240420,5185.37,5186.755,5184.755,5186.755,950,617.85,5192.462282939773
1773240480,5188.49,5190.025000000001,5188.025000000001,5190.025000000001,1543,648.7,5192.45066245543
1773240600,5193.085,5193.8150000000005,5191.8150000000005,5191.8150000000005,1031,689.5,5192.450739819259
1773240660,5190.645,5191.900000000001,5189.900000000001,5189.900000000001,690,702.65,5192.4475987261785
1773240720,5186.255,5188.24,5186.24,5188.24,344,698.4,5192.44355072394
1773240780,5189.3150000000005,5190.650000000001,5188.650000000001,5190.650000000001,216,687.4,5192.442268470261
1773240840,5191.09,5191.1900000000005,5189.1900000000005,5189.1900000000005,426,681.75,5192.439613425961
1773240900,5188.8,5190.06,5188.06,5190.06,578,700,5192.435375107921
1773240960,5190.525000000001,5190.525000000001,5188.525000000001,5188.525000000001,353,675.05,5192.432621237376
1773241020,5188.035,5189.755,5187.755,5187.755,561,662.45,5192.427216780755
1773241080,5185.1900000000005,5186.755,5184.755,5184.755,596,677.3,5192.417202755275
1773241140,5181.795,5183.795,5181.795,5183.795,331,630.6,5192.40983447047
1773241200,5185.325,5185.325,5183.325,5183.325,93,619.15,5192.407958701714
1773241200.001,5180.55,5182.55,5180.55,5182.55,93,589.35,5192.40561408636
1773241200.002,5183.17,5185.17,5183.17,5185.17,342,589.25,5192.399145566315
1773241260,5185.900000000001,5185.900000000001,5183.900000000001,5183.900000000001,171,545.95,5192.395941186418
1773241260.001,5180.49,5182.49,5180.49,5182.49,658,552.7,5192.3793233867
1773241320,5182.88,5182.88,5180.88,5180.88,243,557.55,5192.37303911809
1773241320.001,5179.445,5181.445,5179.445,5181.445,945,557.45,5192.346939969007
1773241380,5182.755,5182.755,5180.755,5180.755,351,525.75,5192.337813321342
1773241380.001,5178.24,5180.24,5178.24,5180.24,983,527.4,5192.308020361422
1773241440,5182.14,5182.14,5180.14,5180.14,210,460.75,5192.302288327333
1773241440.001,5180.125,5181.18,5179.18,5179.18,403,429.35,5192.29038698909
1773241500,5179.12,5179.79,5177.79,5179.79,801,434.9,5192.26542826041
1773241560,5181.13,5181.54,5179.54,5179.54,522,443.8,5192.250550471296
1773241620,5177.09,5177.4400000000005,5175.4400000000005,5175.4400000000005,546,460.3,5192.229743649062
1773241680,5173.99,5175.99,5173.99,5175.99,223,450.15,5192.220848918241
1773241680.001,5180.13,5180.3550000000005,5178.3550000000005,5180.3550000000005,951,468.8,5192.192793161056
1773241740,5181.77,5181.77,5179.77,5179.77,872,494.75,5192.168711113569
1773241800,5177.76,5179.035,5177.035,5177.035,836,508.5,5192.140355000942
1773241860,5173.785,5175.785,5173.785,5175.785,580,507.7,5192.117239167255
1773241920,5175.865,5175.865,5173.865,5173.865,185,500.4,5192.109625207222
1773241920.001,5172.06,5173.805,5171.805,5173.805,593,525.4,5192.0833327217915
1773241980,5177.135,5177.135,5175.135,5175.135,699,555.7,5192.056777669671
1773242040,5170.9400000000005,5171.245,5169.245,5169.245,862,581.7,5192.012326453818
1773242100,5168.59,5170.59,5168.59,5170.59,845,615.4,5191.968947664026
1773242160,5174.4400000000005,5175.575,5173.575,5173.575,695,617.25,5191.940360516408
1773242220,5172.0650000000005,5172.885,5170.885,5172.885,782,644.2,5191.904640233064
1773242280,5174.415,5174.82,5172.82,5174.82,391,616.5,5191.888579307746
1773242340,5175.2300000000005,5176.4400000000005,5174.4400000000005,5176.4400000000005,436,620.75,5191.872336954179
1773242400,5179.11,5179.11,5177.11,5177.11,636,603.4,5191.851643626241
1773242460,5176.335,5177.845,5175.845,5175.845,830,634.4,5191.822310453695
1773242520,5175.445,5177.245,5175.245,5177.245,637,646.1,5191.799971796061
1773242580,5178.1900000000005,5178.68,5176.68,5178.68,945,653.3,5191.7700652379535
1773242700,5179.64,5179.64,5177.64,5177.64,985,676.45,5191.739692334239
1773242820,5177.41,5179.345,5177.345,5177.345,800,689.15,5191.714585125089
1773242880,5174.84,5175.53,5173.53,5173.53,746,715.3,5191.684760042026
1773242940,5171.915,5172.895,5170.895,5170.895,616,698.55,5191.656509573072
1773243000,5168.075,5170.075,5168.075,5170.075,490,679.45,5191.6316921899015
1773243060,5170.400000000001,5170.400000000001,5168.400000000001,5168.400000000001,310,653.15,5191.615779022394
1773243120,5167.945,5169.945,5167.945,5169.945,98,629.05,5191.61080025443
1773243120.001,5171.425,5171.425,5169.425,5169.425,345,637.05,5191.593928294391
1773243180,5169.385,5171.385,5169.385,5171.385,123,613.55,5191.588094592213
1773243180.001,5172.29,5172.29,5170.29,5170.29,705,613.85,5191.555101454604
1773243240,5167.53,5169.53,5167.53,5169.53,599,600.7,5191.52431138385
1773243300,5170.545,5170.545,5168.545,5168.545,203,568.6,5191.514055739462
1773243300.001,5167.64,5169.64,5167.64,5169.64,607,564.2,5191.483118902104
1773243360,5173.28,5174.18,5172.18,5172.18,399,545.05,5191.466320657751
1773243420,5171.12,5172.82,5170.82,5172.82,563,553.65,5191.441788621283
1773243540,5173.09,5173.09,5171.09,5171.09,108,537.25,5191.436993144359
1773243540.001,5168.63,5169.9800000000005,5167.9800000000005,5167.9800000000005,591,535,5191.406652178453
1773243600,5167.865,5169.865,5167.865,5169.865,447,515.85,5191.384312470139
1773243660,5170.885,5170.885,5168.885,5168.885,143,491.15,5191.377288915538
1773243660.001,5166.43,5168.43,5166.43,5168.43,542,471,5191.348531267229
1773243720,5172.025000000001,5173.245,5171.245,5173.245,565,450,5191.324732653984
1773243780,5173.925,5173.925,5171.925,5171.925,591,439.55,5191.2999210352955
1773243840,5168.76,5169.77,5167.77,5167.77,1088,456.65,5191.244309095315
1773243900,5167.275000000001,5167.275000000001,5165.275000000001,5165.275000000001,1005,476.1,5191.187586204335
1773243960,5164.075,5166.075,5164.075,5166.075,346,468.9,5191.167705224479
1773243960.001,5168.865,5168.865,5166.865,5166.865,673,487.05,5191.132303033744
1773244020,5166.775000000001,5168.775000000001,5166.775000000001,5168.775000000001,1182,541.25,5191.071894665853
1773244080,5170.63,5170.71,5168.71,5170.71,1223,585.15,5191.014962455368
1773244140,5171.4800000000005,5171.4800000000005,5169.4800000000005,5169.4800000000005,672,612.6,5190.983964524837
1773244200,5168.655,5170.655,5168.655,5170.655,179,586.3,5190.975660538838
1773244200.001,5171.21,5173.035,5171.035,5173.035,815,597.1,5190.9422129453
1773244260,5173.865,5174.745,5172.745,5174.745,1878,680.85,5190.872649483572
1773244380,5175.31,5175.31,5173.31,5173.31,190,660,5190.8656011904395
1773244380.001,5172.6900000000005,5172.955,5170.955,5170.955,1516,715.85,5190.801760609716
1773244500,5170.415,5171.7300000000005,5169.7300000000005,5169.7300000000005,5086,942,5190.577159508585
1773244740,5166.245,5166.81,5164.81,5166.81,1323,1002.75,5190.507399497472
1773244800,5168.900000000001,5168.900000000001,5166.900000000001,5166.900000000001,1118,1029.1,5190.452184410251
1773244860,5166.1,5168.1,5166.1,5168.1,730,1043.25,5190.416065620462
1773244920,5170.335,5170.96,5168.96,5170.96,593,1065.75,5190.390449395954
1773244980,5171.8,5171.8,5169.8,5169.8,145,1045.9,5190.384249589751
1773244980.001,5169.79,5169.79,5167.79,5167.79,962,1065.75,5190.339073516859
1773245040,5164.83,5166.83,5164.83,5166.83,1415,1106.95,5190.266032843604
1773245100,5168.42,5168.985,5166.985,5166.985,1365,1120.8,5190.200315240135
1773245160,5166.67,5167.445,5165.445,5165.445,879,1114.5,5190.155321302468
1773245220,5163.95,5165.95,5163.95,5165.95,802,1137.3,5190.11300594121
1773245280,5166.16,5166.16,5164.16,5164.16,310,1119.15,5190.096388072119
1773245280.001,5163.81,5165.81,5163.81,5165.81,1309,1125.5,5190.027334279746
1773245340,5166.400000000001,5167.6050000000005,5165.6050000000005,5167.6050000000005,1355,1132.1,5189.961382532522
1773245400,5167.72,5168.255,5166.255,5168.255,1025,1149.75,5189.913144063058
1773245460,5169.295,5169.295,5167.295,5167.295,623,1171.95,5189.884414599701
1773245520,5167.150000000001,5169.150000000001,5167.150000000001,5169.150000000001,198,1141.1,5189.875516525733
1773245520.001,5170.335,5171.5,5169.5,5171.5,2097,1152.05,5189.792032751153
1773245640,5172.575,5172.68,5170.68,5170.68,907,1187.9,5189.757122037644
1773245700,5169.165,5169.345,5167.345,5167.345,1012,1162.7,5189.711297613177
1773245760,5166.38,5167.415,5165.415,5165.415,845,950.65,5189.669792829856
1773245820,5165.335,5167.335,5165.335,5167.335,290,899,5189.655935607827
1773245820.001,5169.31,5169.7300000000005,5167.7300000000005,5167.7300000000005,1855,935.85,5189.574325370139
1773245940,5167.285,5168.37,5166.37,5166.37,2063,1002.5,5189.478515497394
1773246060,5165.435,5167.435,5165.435,5167.435,1059,1025.8,5189.429064833952
1773246120,5168.385,5170.025000000001,5168.025000000001,5170.025000000001,1042,1070.65,5189.386154985672
1773246180,5170.18,5170.385,5168.385,5170.385,1929,1119,5189.30861975697
1773246300,5170.595,5170.595,5168.595,5168.595,1153,1105.9,5189.261493155874
1773246360,5164.46,5166.46,5164.46,5166.46,781,1076.7,5189.224182961835
1773246420,5168.2,5168.2,5166.2,5166.2,644,1064.95,5189.194911939025
1773246480,5165.99,5167.99,5165.99,5167.99,225,1036.1,5189.184912111369
1773246480.001,5168.9800000000005,5168.9800000000005,5166.9800000000005,5166.9800000000005,897,1065.45,5189.14572513536
1773246540,5166.4400000000005,5168.08,5166.08,5168.08,1010,1050.5,5189.1012948508815
1773246600,5169.015,5170.55,5168.55,5170.55,2044,1084.95,5189.022109426764
1773246720,5171.1900000000005,5172.1900000000005,5170.1900000000005,5172.1900000000005,2024,1134.9,5188.951003324676
1773246840,5172.685,5172.685,5170.685,5170.685,858,1146.65,5188.920739429847
1773246900,5170.46,5172.29,5170.29,5172.29,1706,1222.05,5188.861798246843
1773247020,5173.83,5174.795,5172.795,5174.795,1037,1169.05,5188.831344279561
1773247080,5175.61,5176.195,5174.195,5176.195,1490,1198.2,5188.79195223427
1773247200,5176.49,5176.49,5174.49,5174.49,213,1158.25,5188.786182811614
1773247200.001,5174.405,5175.66,5173.66,5175.66,669,1149.45,5188.767876879464
1773247260,5176.715,5176.79,5174.79,5174.79,1296,1199.75,5188.733740370785
1773247380,5174.1,5175.63,5173.63,5175.63,1511,1182.55,5188.692690553605
1773247560,5177.875,5178.150000000001,5176.150000000001,5176.150000000001,596,1109.2,5188.678742713857
1773247620,5175.92,5176.55,5174.55,5174.55,363,1074.4,5188.669119996142
1773247680,5173.79,5174.07,5172.07,5172.07,369,1040.75,5188.657551613337
1773247740,5171.35,5172.77,5170.77,5170.77,2418,1065.2,5188.576003495753
1773247920,5170.485,5172.36,5170.36,5172.36,1814,1098.25,5188.516239382375
1773248040,5174.09,5174.09,5172.09,5172.09,1528,1135.6,5188.469386449454
1773248160,5171.305,5173.305,5171.305,5173.305,948,1150.8,5188.440239922188
1773248220,5174.89,5176.33,5174.33,5176.33,1107,1194.9,5188.412829903538
1773248340,5177.185,5177.185,5175.185,5175.185,566,1178.35,5188.3990671231295
1773248400,5174.78,5176.78,5174.78,5176.78,205,1138.1,5188.394193605503
1773248400.001,5179.115,5179.4400000000005,5177.4400000000005,5177.4400000000005,1280,1099.9,5188.3687760261855
1773248520,5175.935,5177.935,5175.935,5177.935,756,1036.5,5188.352601110076
1773248580,5178.145,5179.24,5177.24,5179.24,1269,1057.05,5188.328740202875
1773248700,5179.87,5180.545,5178.545,5180.545,1147,1029.1,5188.310144898064
1773248820,5181.115,5181.115,5179.115,5179.115,524,1003.45,5188.30157987136
1773248880,5178.745,5180.135,5178.135,5180.135,621,960,5188.29107909875
1773248940,5180.555,5180.555,5178.555,5178.555,589,978.8,5188.280864663763
1773249000,5178.150000000001,5178.785,5176.785,5176.785,565,973.6,5188.2691778613125
1773249060,5175.785,5177.025000000001,5175.025000000001,5175.025000000001,2630,1040.3,5188.206310504167
1773249240,5174.57,5176.57,5174.57,5176.57,997,1014.6,5188.183042561547
1773249300,5177.335,5178.145,5176.145,5176.145,1308,1050.2,5188.154897828465
1773249420,5174.67,5174.8550000000005,5172.8550000000005,5172.8550000000005,787,1071.4,5188.133138520819
1773249480,5171.22,5172.06,5170.06,5172.06,915,1098.7,5188.104248262213
1773249540,5172.400000000001,5172.400000000001,5170.400000000001,5170.400000000001,721,1013.85,5188.081109882583
1773249600,5170.3,5172.3,5170.3,5172.3,958,971.05,5188.05148344317
1773249660,5172.81,5172.81,5170.81,5170.81,233,906.3,5188.044225372496
1773249660.001,5170.005,5172.005,5170.005,5172.005,801,898.95,5188.0191142902195
1773249720,5173.38,5174.17,5172.17,5172.17,2261,956.65,5187.954968697251
1773249840,5171.37,5173.37,5171.37,5173.37,1130,984.85,5187.9228318509
1773249900,5174.135,5174.150000000001,5172.150000000001,5172.150000000001,771,1013.15,5187.901145170572
1773249960,5170.24,5171.67,5169.67,5171.67,967,997.5,5187.870774097399
1773250020,5173.47,5173.725,5171.725,5171.725,832,1001.3,5187.846873907397
1773250080,5171.36,5172.87,5170.87,5172.87,1133,994.5,5187.8140504083785
1773250140,5173.085,5173.085,5171.085,5171.085,1986,1036.45,5187.755191148696
1773250260,5168.885,5170.085,5168.085,5168.085,1348,1077.65,5187.708042336857
1773250380,5167.535,5168.04,5166.04,5168.04,531,1073.15,5187.68818802006
1773250440,5168.21,5168.78,5166.78,5166.78,473,1067.35,5187.670598693909
1773250500,5166.395,5167.285,5165.285,5165.285,717,1074.95,5187.642027338768
1773250560,5158.875,5160.875,5158.875,5160.875,1152,1001.05,5187.584165394216
1773250620,5163.46,5163.46,5161.46,5161.46,316,967,5187.569445391878
1773250620.001,5159.685,5160.47,5158.47,5160.47,1903,996.75,5187.473095931444
1773250740,5163.77,5163.77,5161.77,5161.77,374,976.1,5187.456033404826
1773250740.001,5158.95,5160.95,5158.95,5160.95,1696,1015.15,5187.372315589394
1773250800,5163.3,5163.3,5161.3,5161.3,440,1001.1,5187.3520249740295
1773250800.001,5161.25,5161.52,5159.52,5159.52,1266,1016.5,5187.289742688895
1773250860,5154.985,5156.985,5154.985,5156.985,422,1025.95,5187.266091278855
1773250860.001,5159.735,5159.87,5157.87,5159.87,621,1016.95,5187.234590753422
1773250920,5160.7300000000005,5161.74,5159.74,5159.74,828,945.3,5187.194498197536
1773250980,5158.53,5160.53,5158.53,5160.53,777,927.65,5187.156223049699
1773251040,5163.28,5163.74,5161.74,5161.74,741,926.15,5187.123213187323
1773251100,5161.3150000000005,5163.3150000000005,5161.3150000000005,5163.3150000000005,548,905.2,5187.099095755969
1773251160,5163.71,5165.345,5163.345,5165.345,992,913.2,5187.059173233248
1773251280,5166.04,5166.365,5164.365,5166.365,565,884.8,5187.0375319762825
1773251340,5166.495,5167.945,5165.945,5167.945,708,820.9,5187.012478540871
1773251400,5168.035,5168.6,5166.6,5166.6,1072,807.1,5186.974642863316
1773251520,5166.495,5167.785,5165.785,5165.785,1232,842.15,5186.929547959573
1773251700,5165.095,5166.7,5164.7,5166.7,608,848.9,5186.906913145522
1773251760,5167.36,5167.715,5165.715,5167.715,604,843.25,5186.88556678822
1773251820,5167.835,5169.6900000000005,5167.6900000000005,5169.6900000000005,636,817.45,5186.865371956435
1773251880,5169.785,5170.8150000000005,5168.8150000000005,5170.8150000000005,990,851.15,5186.8360036928025
1773252000,5171.87,5171.87,5169.87,5169.87,1010,806.5,5186.806843031809
1773252120,5169.375,5171.375,5169.375,5171.375,1239,849.75,5186.77158882695
1773252240,5171.58,5172.025000000001,5170.025000000001,5172.025000000001,1226,826.25,5186.7382616348405
1773252360,5172.735,5174.01,5172.01,5174.01,635,836,5186.723277147391
1773252420,5175.43,5175.43,5173.43,5173.43,512,798.3,5186.711898438974
1773252480,5172.585,5174.11,5172.11,5172.11,1495,851.95,5186.675326302068
1773252660,5171.91,5173.55,5171.55,5171.55,1403,891.05,5186.639803081699
1773252780,5170.79,5172.79,5170.79,5172.79,875,893.4,5186.617593992677
1773252840,5173.205,5174.035,5172.035,5174.035,1176,913.35,5186.590406537546
1773252960,5174.2,5174.405,5172.405,5174.405,1313,941.95,5186.561029117263
1773253080,5176.89,5177.8,5175.8,5175.8,2405,1034.8,5186.518941419422
1773253260,5175.505,5177.005,5175.005,5175.005,1836,1077,5186.4845243127465
1773253440,5174.93,5176.93,5174.93,5176.93,198,1058.65,5186.481028089508
1773253440.001,5177.405,5178.3550000000005,5176.3550000000005,5178.3550000000005,3633,1204.9,5186.426187432582
1773253740,5178.395,5178.395,5176.395,5176.395,4871,1394.85,5186.348526558001
1773254580,5176.305,5178.06,5176.06,5176.06,1334,1399.95,5186.3267229583225
1773254820,5175.95,5177.715,5175.715,5175.715,2654,1502.25,5186.282088736282
1773255180,5174.545,5175.3550000000005,5173.3550000000005,5173.3550000000005,1395,1541.8,5186.253234065361
1773255360,5170.705,5172.37,5170.37,5172.37,899,1554.95,5186.231199827731
1773255480,5172.8,5173.14,5171.14,5171.14,1313,1571.1,5186.199366261537
1773255660,5170.74,5171.375,5169.375,5171.375,964,1568.8,5186.174306721598
1773255780,5172.04,5172.435,5170.435,5172.435,750,1544.35,5186.156198603909
1773255900,5172.72,5173.085,5171.085,5173.085,908,1528.45,5186.135324197492
1773256020,5173.31,5174.025000000001,5172.025000000001,5174.025000000001,1226,1558,5186.10916418253
1773256200,5174.535,5174.535,5172.535,5172.535,885,1576.65,5186.090115591435
1773256320,5171.99,5173.93,5171.93,5173.93,1301,1566.95,5186.06234843632
1773256560,5174.275000000001,5175.555,5173.555,5175.555,867,1540.15,5186.046251669848
1773256740,5176.135,5177.29,5175.29,5175.29,956,1544.2,5186.030250483296
1773256920,5173.9800000000005,5175.155,5173.155,5175.155,1231,1546.95,5186.006728657699
1773257100,5176.185,5177.405,5175.405,5177.405,1315,1547.05,5185.986595083209
1773257280,5177.915,5178.3,5176.3,5178.3,2810,1567.3,5185.9479991361995
1773257640,5178.43,5178.75,5176.75,5178.75,2432,1597.1,5185.916674222128
1773258000,5179.685,5179.685,5177.685,5177.685,615,1617.95,5185.909062317815
1773258060,5177.425,5179.425,5177.425,5179.425,510,1461.8,5185.90310065918
1773258120,5179.4800000000005,5179.945,5177.945,5179.945,778,1257.15,5185.8946858389445
1773258240,5180.13,5180.13,5178.13,5178.13,418,1211.35,5185.889845098658
1773258300,5177.985,5178.995,5176.995,5178.995,1814,1169.35,5185.867531953003
1773258600,5179.155,5179.945,5177.945,5179.945,1488,1174,5185.851620844214
1773258780,5181.975,5182.51,5180.51,5180.51,1647,1211.4,5185.839159162344
1773258900,5179.055,5181.055,5179.055,5181.055,1190,1205.25,5185.82868113978
1773258960,5182.705,5183.76,5181.76,5181.76,4229,1368.5,5185.805598410039
1773259260,5181.415,5181.615,5179.615,5179.615,342,1348.1,5185.802569059712
1773259320,5178.62,5180.175,5178.175,5180.175,575,1331.45,5185.79677095983
1773259440,5180.455,5180.455,5178.455,5178.455,430,1291.65,5185.792175782435
1773259560,5178.1900000000005,5179.57,5177.57,5177.57,744,1284.6,5185.783187111968
1773259860,5176.79,5178.79,5176.79,5178.79,171,1228.1,5185.781093208559
1773259920,5178.9800000000005,5179.225,5177.225,5177.225,463,1207.9,5185.77525815083
1773260100,5176.415,5177.475,5175.475,5175.475,647,1192.45,5185.76531182662
1773260400,5175.39,5177.265,5175.265,5177.265,257,1143.75,5185.761553873419
1773260520,5177.93,5179.24,5177.24,5177.24,792,1117.6,5185.751643070164
1773261060,5177.14,5178.13,5176.13,5176.13,1486,1051.4,5185.73049357218
1773262140,5175.735,5177.735,5175.735,5177.735,181,938.85,5185.728002440525
1773262320,5177.95,5178.525000000001,5176.525000000001,5176.525000000001,604,938.3,5185.719818099181
1773262680,5175.56,5177.56,5175.56,5177.56,60,915.8,5185.718977530951
1773266640,5178.045,5178.32,5176.32,5176.32,175,885.65,5176.986666666667
1773266700,5175.45,5175.6,5173.6,5173.6,222,875.85,5175.465659109992
1773266760,5172.1900000000005,5174.1900000000005,5172.1900000000005,5174.1900000000005,210,795.65,5174.793684788578
1773266820,5174.46,5174.46,5172.46,5172.46,77,725.1,5174.606023391813
1773266820.001,5171.35,5173.35,5171.35,5173.35,129,649.2,5174.300947109471
1773266880,5174.31,5174.31,5172.31,5172.31,25,590.95,5174.2614399363565
1773266880.001,5171.46,5172.04,5170.04,5170.04,102,384.6,5173.875709219858
1773266940,5167.56,5169.56,5167.56,5169.56,38,369.4,5173.682119972734
1773266940.001,5173.455,5174.99,5172.99,5172.99,200,350.65,5173.677798528579
1773267060,5172.035,5174.035,5172.035,5174.035,90,333.65,5173.655833333333
1773267120,5175.8150000000005,5176.28,5174.28,5174.28,403,316.6,5173.967147416716
1773267420,5174.14,5176.14,5174.14,5176.14,288,322.45,5174.188577505531
1773267600,5176.86,5176.99,5174.99,5174.99,370,317.8,5174.421807642765
1773267780,5174.91,5175.735,5173.735,5173.735,144,292.65,5174.420634856449
1773267840,5172.45,5174.425,5172.425,5174.425,183,288.95,5174.37500188253
1773267900,5174.695,5174.695,5172.695,5172.695,371,267.9,5174.250803876225
1773267960,5167.205,5169.205,5167.205,5169.205,288,208,5173.754516842634
1773268020,5169.325,5169.325,5167.325,5167.325,90,203.45,5173.602194811551
1773268020.001,5166.5650000000005,5168.405,5166.405,5166.405,328,189.65,5173.028390034825
1773268080,5166.29,5167.58,5165.58,5167.58,390,206.15,5172.449958767887
1773268140,5170.33,5170.33,5168.33,5168.33,391,216.95,5172.1508366563285
1773268200,5167.505,5168.205,5166.205,5168.205,1239,267.8,5171.1574607451175
1773268380,5168.925,5168.925,5166.925,5166.925,644,289.5,5170.798484445833
1773268440,5165.33,5166.45,5164.45,5164.45,610,316.15,5170.303849245992
1773268500,5160.585,5162.585,5160.585,5162.585,155,317.45,5170.122369915293
1773268500.001,5162.76,5163.11,5161.11,5161.11,255,328.95,5169.835440654352
1773268560,5160.945,5161.89,5159.89,5159.89,342,340.95,5169.426452291962
1773268620,5159.6900000000005,5160.7300000000005,5158.7300000000005,5158.7300000000005,474,362.75,5168.849005627759
1773268680,5158.625,5160.615,5158.615,5160.615,601,382.8,5168.243469738133
1773268740,5162.75,5162.75,5160.75,5160.75,157,386.15,5168.124260742224
1773268740.001,5160.52,5161.525000000001,5159.525000000001,5161.525000000001,353,383.65,5167.849766695205
1773268800,5162.52,5162.52,5160.52,5160.52,512,394.85,5167.503631628788
1773268860,5159.875,5160.1050000000005,5158.1050000000005,5158.1050000000005,1703,461.5,5166.217141765435
1773269040,5153.2,5155.2,5153.2,5155.2,193,463.95,5166.02526165759
1773269040.001,5158.705,5160.705,5158.705,5160.705,400,474.8,5165.828193575817
1773269100,5164.125,5164.26,5162.26,5162.26,333,472.9,5165.750804031504
1773269160,5162.125,5164.05,5162.05,5164.05,417,479.35,5165.674286028006
1773269220,5164.2,5165.11,5163.11,5165.11,394,494.55,5165.637809240875
1773269280,5166.655,5166.675,5164.675,5166.675,500,503.15,5165.6512379192045
1773269340,5168.55,5169.345,5167.345,5167.345,495,508.4,5165.73299652462
1773269400,5159.8550000000005,5161.17,5159.17,5159.17,327,505.2,5165.60109750536
1773269460,5158.765,5158.945,5156.945,5158.945,377,462.1,5165.416990663556
1773269520,5159.62,5160.4800000000005,5158.4800000000005,5158.4800000000005,389,449.35,5165.258439179235
1773269580,5155.945,5157.81,5155.81,5155.81,486,443.15,5164.989507771477
1773269640,5155.21,5157.21,5155.21,5157.21,344,452.6,5164.810311767609
1773269700,5158.5650000000005,5158.5650000000005,5156.5650000000005,5156.5650000000005,107,445.2,5164.760626391357
1773269700.001,5155.56,5156.205,5154.205,5154.205,1164,486.3,5164.102305023353
1773269760,5134.045,5136.045,5134.045,5136.045,352,480.2,5163.535458690737
1773269760.001,5136.97,5136.995,5134.995,5134.995,927,496.5,5162.158406611952
1773269820,5129.83,5131.83,5129.83,5131.83,309,504.1,5161.656258148517
1773269820.001,5131.915,5133.165,5131.165,5133.165,981,535.5,5160.229913068049
1773269880,5140.72,5141.005,5139.005,5139.005,957,557.75,5159.29353489442
1773269940,5138.405,5139.14,5137.14,5137.14,959,520.55,5158.355623805189
1773270000,5135.3150000000005,5137.3150000000005,5135.3150000000005,5137.3150000000005,375,529.65,5157.991326023719
1773270000.001,5144.255,5145.085,5143.085,5143.085,1024,560.85,5157.36736217496
1773270060,5142.64,5144.64,5142.64,5144.64,681,578.25,5156.988096742896
1773270120,5147.92,5149.33,5147.33,5149.33,536,584.2,5156.806608367906
1773270180,5149.375,5149.375,5147.375,5147.375,585,593.75,5156.602902083085
1773270240,5144.63,5146.63,5144.63,5146.63,152,576.35,5156.539038621016
1773270240.001,5147.675,5149.555,5147.555,5149.555,539,578.55,5156.379587296677
1773270300,5151.33,5151.33,5149.33,5149.33,179,571.15,5156.33571253024
1773270300.001,5148.41,5149.03,5147.03,5147.03,465,575.55,5156.184156040141
1773270360,5146.28,5148.28,5146.28,5148.28,650,588.6,5155.979006726567
1773270420,5150.025000000001,5150.025000000001,5148.025000000001,5148.025000000001,465,587.55,5155.856324233975
1773270480,5147.87,5149.1050000000005,5147.1050000000005,5149.1050000000005,1959,668.3,5155.365051611448
1773270660,5149.27,5149.27,5147.27,5147.27,392,682.55,5155.267896703589
1773270720,5147.155,5149.155,5147.155,5149.155,125,630.6,5155.2397395642965
1773270720.001,5153.11,5153.11,5151.11,5151.11,125,619.25,5155.225416087617
1773270720.002,5150.92,5152.07,5150.07,5152.07,555,600.65,5155.156492673099
1773270780,5154.195,5154.195,5152.195,5152.195,619,616.15,5155.111248142013
1773270840,5151.67,5153.67,5151.67,5153.67,489,591.55,5155.078920390987
1773270900,5153.7,5153.7,5151.7,5151.7,359,561.65,5155.048722553032
1773270960,5150.45,5152.45,5150.45,5152.45,122,519.8,5155.036414035303
1773270960.001,5154.1900000000005,5155.67,5153.67,5153.67,877,544.9,5155.017953654402
1773271080,5153.275000000001,5155.275000000001,5153.275000000001,5155.275000000001,141,500.75,5155.016223590142
1773271080.001,5155.635,5155.635,5153.635,5153.635,581,495.75,5155.0040004907005
1773271140,5153.555,5155.145,5153.145,5155.145,392,488.55,5154.998002832997
1773271200,5155.45,5155.52,5153.52,5153.52,853,501.95,5154.978347344503
1773271320,5151.625,5153.625,5151.625,5153.625,441,516.4,5154.953359933801
1773271380,5154.575,5154.575,5152.575,5152.575,434,511.15,5154.93277312826
1773271440,5151.195,5153.195,5151.195,5153.195,438,524.1,5154.903938020789
1773271500,5154.8550000000005,5155.57,5153.57,5155.57,378,519.75,5154.903931826598
1773271560,5156.515,5157.195,5155.195,5155.195,1319,553.2,5154.936983952554
1773271800,5153.37,5155.37,5153.37,5155.37,258,542.85,5154.93541729473
1773271800.001,5157.9400000000005,5157.9400000000005,5155.9400000000005,5155.9400000000005,686,479.2,5154.964691042794
1773271860,5155,5155.09,5153.09,5153.09,559,487.55,5154.947691178074
1773271920,5152.585,5153.76,5151.76,5151.76,1079,535.25,5154.881023234154
1773272040,5150.4400000000005,5150.675,5148.675,5148.675,858,571.9,5154.766938550168
1773272100,5146.185,5148.185,5146.185,5148.185,237,556,5154.725935150487
1773272100.001,5149.775000000001,5150.245,5148.245,5150.245,408,545.45,5154.676290391206
1773272160,5151.39,5153.0650000000005,5151.0650000000005,5153.0650000000005,455,543.75,5154.652051138135
1773272220,5153.25,5153.25,5151.25,5151.25,637,557.65,5154.6118999777245
1773272280,5148.31,5150.31,5148.31,5150.31,176,560.35,5154.591830950359
1773272280.001,5151.345,5151.3550000000005,5149.3550000000005,5149.3550000000005,496,541.3,5154.540393398231
1773272340,5146.4800000000005,5148.4800000000005,5146.4800000000005,5148.4800000000005,165,542.5,5154.515300372262
1773272340.001,5150.265,5151.905,5149.905,5151.905,632,545.05,5154.469139734616
1773272460,5152.150000000001,5153.34,5151.34,5151.34,246,537.75,5154.455711636223
1773272520,5151.305,5152.24,5150.24,5150.24,564,523.3,5154.411888592112
1773272640,5146.650000000001,5147.495,5145.495,5145.495,954,548.95,5154.243097862605
1773272700,5142.475,5144.36,5142.36,5142.36,901,572.3,5154.030478634995
1773272760,5140.78,5141.455,5139.455,5139.455,507,575.75,5153.883683021773
1773272820,5138.305,5140.305,5138.305,5140.305,152,564.45,5153.838750605242
1773272820.001,5143.895,5144.485,5142.485,5144.485,445,520.75,5153.747065899043
1773272880,5144.95,5146.64,5144.64,5144.64,562,535.95,5153.650647329443
1773272940,5141.375,5143.375,5141.375,5143.375,154,509.35,5153.616501793276
1773272940.001,5143.400000000001,5143.92,5141.92,5141.92,564,509.6,5153.4918733847535
1773273000,5141.745,5143.575,5141.575,5141.575,1122,511.75,5153.244548268902
1773273120,5139.265,5141.265,5139.265,5141.265,171,477.4,5153.202318485392
1773273120.001,5142.225,5143.135,5141.135,5141.135,669,499,5153.055296952406
1773273180,5140.395,5141.47,5139.47,5141.47,616,509.4,5152.911521409203
1773273240,5141.92,5143.515,5141.515,5143.515,737,523.5,5152.772190775878
1773273300,5145.25,5145.25,5143.25,5143.25,552,519.25,5152.681300713993
1773273360,5139.97,5140.53,5138.53,5138.53,369,528.9,5152.589412660892
1773273420,5137.005,5138.71,5136.71,5136.71,520,530.1,5152.444717522391
1773273480,5134.55,5136.55,5134.55,5136.55,401,541.9,5152.324127838707
1773273540,5136.79,5136.79,5134.79,5134.79,127,516.65,5152.285319752168
1773273540.001,5133.295,5135.295,5133.295,5135.295,855,547.1,5152.015995111856
1773273600,5136.02,5136.02,5134.02,5134.02,364,537.1,5151.904189029506
1773273600.001,5127.13,5129.13,5127.13,5129.13,909,534.85,5151.532501380966
1773273660,5130.08,5130.08,5128.08,5128.08,272,503.4,5151.424899737842
1773273660.001,5125.9400000000005,5127.9400000000005,5125.9400000000005,5127.9400000000005,671,511.6,5151.146785767404
1773273720,5134.5650000000005,5135.31,5133.31,5133.31,530,530.5,5150.992021088435
1773273780,5130.595,5131.055,5129.055,5131.055,873,551.9,5150.69059465755
1773273840,5132.53,5132.53,5130.53,5130.53,687,558.15,5150.468720427435
1773273900,5129.835,5131.835,5129.835,5131.835,220,561.45,5150.39862988335
1773273900.001,5134.595,5134.595,5132.595,5132.595,219,544.2,5150.336901977555
1773273900.002,5132.5650000000005,5134.25,5132.25,5132.25,594,517.8,5150.168354752714
1773273960,5130.125,5132.125,5130.125,5132.125,197,519.1,5150.108509417114
1773273960.001,5132.325,5132.92,5130.92,5130.92,894,530.35,5149.843505137316
1773274020,5125.64,5127.64,5125.64,5127.64,298,514.45,5149.734949959118
1773274020.001,5130.275000000001,5131.18,5129.18,5131.18,720,513.6,5149.51701093404
1773274080,5136.655,5136.655,5134.655,5134.655,556,513.8,5149.393800540137
1773274140,5133.345,5135.345,5133.345,5135.345,158,503.25,5149.357593927787
1773274140.001,5138.785,5139.02,5137.02,5139.02,599,507.2,5149.255895986013
1773274200,5139.21,5139.675,5137.675,5137.675,626,518.45,5149.15149190365
1773274260,5135.785,5137.785,5135.785,5137.785,160,520.1,5149.122143183794
1773274260.001,5138.195,5140.195,5138.195,5140.195,367,495.7,5149.068769908644
1773274320,5142.365,5142.365,5140.365,5140.365,392,497.1,5149.021293349409
1773274380,5139.5,5141.5,5139.5,5141.5,693,486.3,5148.936669897943
1773274440,5142.21,5142.21,5140.21,5140.21,212,483.3,5148.911267077977
1773274440.001,5138.745,5140.745,5138.745,5140.745,848,492.15,5148.801297941168
1773274500,5144.21,5144.22,5142.22,5142.22,839,507.6,5148.729329388562
1773274560,5141.71,5143.71,5141.71,5143.71,564,492.15,5148.68319753726
1773274620,5144.34,5144.34,5142.34,5142.34,178,466.7,5148.668699553287
1773274620.001,5140.89,5142.195,5140.195,5142.195,708,491.1,5148.596892228443
1773274680,5144.5,5144.5,5142.5,5142.5,511,505.7,5148.557761952442
1773274740,5139.8,5141.8,5139.8,5141.8,111,481.55,5148.546158669373
1773274740.001,5141.865,5142.955,5140.955,5142.955,360,489.7,5148.51459953678
1773274800,5143.99,5143.99,5141.99,5141.99,330,461.5,5148.487643602833
1773274860,5141.5,5143.5,5141.5,5143.5,105,451.85,5148.4793769522485
1773274860.001,5143.905,5145.89,5143.89,5145.89,443,438,5148.459415875566
1773274920,5145.995,5145.995,5143.995,5143.995,384,429.4,5148.439341326434
1773274980,5142.7300000000005,5144.7300000000005,5142.7300000000005,5144.7300000000005,90,426,5148.433926666302
1773274980.001,5145.06,5147.06,5145.06,5147.06,657,428.9,5148.415659667818
1773275040,5149.18,5151.05,5149.05,5151.05,875,441.35,5148.438842121329
1773275100,5153.75,5154.24,5152.24,5154.24,680,467.35,5148.4854271405975
1773275160,5155.21,5155.21,5153.21,5153.21,507,474.35,5148.521652154709
1773275220,5152.85,5154.85,5152.85,5154.85,176,463.55,5148.534827385599
1773275220.001,5156.275000000001,5158.225,5156.225,5158.225,1089,483.35,5148.662911300837
1773275340,5158.28,5158.28,5156.28,5156.28,191,482.3,5148.683483095182
1773275340.001,5152.71,5153.45,5151.45,5153.45,1063,493.05,5148.739375325966
1773275460,5154.545,5155.555,5153.555,5153.555,526,477.4,5148.776110169854
1773275520,5151.56,5153.41,5151.41,5153.41,634,480.9,5148.807894478567
1773275580,5153.795,5153.8,5151.8,5153.8,1023,523.15,5148.863097691616
1773275700,5154.68,5155.905,5153.905,5155.905,458,510.65,5148.899317476072
1773275760,5156.76,5158.17,5156.17,5158.17,721,521.15,5148.97558746025
1773275820,5161.6,5161.6,5159.6,5159.6,669,549.05,5149.067700526392
1773275880,5158.66,5158.66,5156.66,5156.66,727,567.4,5149.140275447632
1773275940,5155.31,5157.31,5155.31,5157.31,190,560.4,5149.157467278489
1773275940.001,5157.635,5157.86,5155.86,5155.86,419,576.1,5149.194516204511
1773276000,5155.715,5156.7,5154.7,5156.7,1014,604.65,5149.2767230751015
1773276120,5158.915,5158.915,5156.915,5156.915,104,590.65,5149.286949506074
1773276120.001,5156.24,5156.305,5154.305,5154.305,405,606.4,5149.314078918428
1773276240,5154.155,5155.13,5153.13,5153.13,682,607.65,5149.349815537841
1773276360,5152.4800000000005,5154.4800000000005,5152.4800000000005,5154.4800000000005,436,585.7,5149.37244927233
1773276420,5155.055,5155.055,5153.055,5153.055,551,579.25,5149.400142970507
1773276480,5151.035,5152.22,5150.22,5152.22,485,578.15,5149.412143905094
1773276540,5155.33,5155.33,5153.33,5153.33,293,584,5149.427528738267
1773276600,5153.165,5155.165,5153.165,5155.165,90,534.05,5149.432750330852
1773276600.001,5155.81,5155.81,5153.81,5153.81,270,538,5149.448284058204
1773276660,5153.665,5155.665,5153.665,5155.665,90,489.35,5149.453975702953
1773276660.001,5156.22,5156.22,5154.22,5154.22,361,481.1,5149.4762312286775
1773276720,5153.27,5154.78,5152.78,5154.78,818,490.3,5149.51887963796
1773276840,5155.76,5155.76,5153.76,5153.76,536,465.95,5149.54827940826
1773276900,5151.89,5153.89,5151.89,5153.89,143,450.2,5149.5541434852
1773276900.001,5154.585,5155.085,5153.085,5153.085,1691,498.7,5149.631878801155
1773277080,5152.765,5154.765,5152.765,5154.765,178,474.15,5149.640568781335
1773277080.001,5154.8550000000005,5154.8550000000005,5152.8550000000005,5152.8550000000005,809,478.25,5149.674587310531
1773277140,5152.455,5153.6900000000005,5151.6900000000005,5153.6900000000005,1668,552.15,5149.734031873571
1773277200,5161.49,5163.245,5161.245,5163.245,1594,610.9,5149.9482850211225
1773277260,5166.925,5166.925,5164.925,5164.925,369,578.65,5150.008459400107
1773277260.001,5164.805,5165.27,5163.27,5163.27,777,612.3,5150.120368991608
1773277320,5162.21,5164.21,5162.21,5164.21,259,605,5150.156222996853
1773277320.001,5164.55,5166.55,5164.55,5166.55,427,592.25,5150.2251767617145
1773277380,5167.0650000000005,5167.0650000000005,5165.0650000000005,5165.0650000000005,213,581.1,5150.259016382527
1773277380.001,5162.305,5163.575,5161.575,5161.575,1274,617.25,5150.413407616796
1773277440,5157.8,5159.26,5157.26,5157.26,1407,663.35,5150.518818749898
1773277500,5155.385,5155.650000000001,5153.650000000001,5153.650000000001,1127,705.05,5150.561024550022
1773277560,5151.99,5153.99,5151.99,5153.99,1146,757.85,5150.5918910437695
1773277620,5157.095,5157.095,5155.095,5155.095,1293,809,5150.656257490701
1773277680,5152.285,5154.285,5152.285,5154.285,332,821.1,5150.6656967387535
1773277680.001,5154.585,5156.505,5154.505,5156.505,861,846.1,5150.708094592109
1773277740,5157.985,5157.985,5155.985,5155.985,855,847.95,5150.756081392019
1773277800,5155.77,5157.77,5155.77,5157.77,284,835.35,5150.773057928295
1773277800.001,5158.045,5158.55,5156.55,5158.55,856,871,5150.829919406324
1773277860,5159.18,5159.18,5157.18,5157.18,285,800.7,5150.848552451766
1773277860.001,5156.225,5157.865,5155.865,5155.865,1056,844.6,5150.9039258473285
1773277920,5154.21,5155.79,5153.79,5155.79,989,853.6,5150.942081028446
1773277980,5157.61,5159.245,5157.245,5157.245,867,813.55,5150.996896431294
1773278040,5155.9400000000005,5157.9400000000005,5155.9400000000005,5157.9400000000005,889,778.3,5151.047107926511
1773278100,5158.37,5158.37,5156.37,5156.37,341,776.9,5151.065431357246
1773278100.001,5151.435,5153.435,5151.435,5153.435,340,755.05,5151.070609850993
1773278100.002,5154.465,5155.68,5153.68,5155.68,799,782.05,5151.098585838404
1773278160,5157.615,5157.8150000000005,5155.8150000000005,5155.8150000000005,1087,815.05,5151.1500530380345
1773278220,5154.185,5156.185,5154.185,5156.185,972,853,5151.187082693786
1773278280,5158.88,5159.82,5157.82,5157.82,1885,883.55,5151.305142186264
1773278400,5157.675,5157.975,5155.975,5155.975,867,856.55,5151.344547094663
1773278460,5155.195,5157.195,5155.195,5157.195,977,849.05,5151.387324616604
1773278520,5160.7300000000005,5161.175,5159.175,5159.175,878,835.65,5151.449560301053
1773278580,5158.245,5159.42,5157.42,5157.42,611,801.55,5151.4833874977085
1773278640,5156.425,5158.425,5156.425,5158.425,202,795.05,5151.493942934392
1773278640.001,5159.77,5160.7300000000005,5158.7300000000005,5158.7300000000005,814,792.7,5151.547151565785
1773278700,5157.34,5159.34,5157.34,5159.34,513,775.6,5151.577261944965
1773278760,5159.74,5159.74,5157.74,5157.74,155,769.15,5151.585969624183
1773278760.001,5156.66,5158.135,5156.135,5158.135,578,755.25,5151.613805671996
1773278820,5161.155,5161.155,5159.155,5159.155,141,748.05,5151.623269697839
1773278820.001,5158.475,5159.0650000000005,5157.0650000000005,5157.0650000000005,485,719.5,5151.647400776522
1773278880,5156.16,5156.875,5154.875,5156.875,746,707.35,5151.674947456201
1773278940,5157.805,5159.195,5157.195,5157.195,915,709.75,5151.72044132893
1773279000,5156.645,5158.645,5156.645,5158.645,808,705.7,5151.7608151481045
1773279060,5158.705,5158.705,5156.705,5156.705,284,702.85,5151.773509887963
1773279060.001,5154.75,5156.75,5154.75,5156.75,888,730.25,5151.803785126823
1773279120,5157.645,5157.885,5155.885,5157.885,813,730.95,5151.838385734349
1773279180,5159.455,5159.455,5157.455,5157.455,563,704.75,5151.866068418541
1773279240,5157.0650000000005,5159.0650000000005,5157.0650000000005,5159.0650000000005,842,698.25,5151.9088283487135
1773279300,5159.225,5159.225,5157.225,5157.225,240,616,5151.919970525625
1773279300.001,5156.5,5158.5,5156.5,5158.5,936,619.45,5151.962610698099
1773279360,5161.125,5161.125,5159.125,5159.125,495,595.35,5151.9923526989005
1773279420,5159.005,5161.005,5159.005,5161.005,132,558.05,5152.00079901149
1773279420.001,5161.755,5162.71,5160.71,5162.71,1536,604.3,5152.117685928912
1773279540,5164.84,5164.84,5162.84,5162.84,687,628.55,5152.176667722036
1773279600,5162.57,5163.650000000001,5161.650000000001,5163.650000000001,647,620.2,5152.229119393058
1773279660,5164.38,5165.82,5163.82,5165.82,731,631.1,5152.2996065148145
1773279720,5166.875,5166.875,5164.875,5164.875,666,656.65,5152.36507999317
1773279780,5164.83,5166.83,5164.83,5166.83,238,639.65,5152.389417160108
1773279780.001,5167.965,5169.165,5167.165,5169.165,805,672.85,5152.484948959546
1773279840,5170.36,5170.36,5168.36,5168.36,727,684.95,5152.57307028214
1773279900,5168.34,5170.34,5168.34,5170.34,268,661.05,5152.606586232452
1773279900.001,5171.16,5172.3,5170.3,5170.3,775,654.05,5152.710061291621
1773279960,5169.175,5169.66,5167.66,5169.66,566,641.95,5152.7768085792095
1773280020,5170.150000000001,5171,5169,5171,531,654.3,5152.844066222252
1773280080,5171.445,5172.32,5170.32,5172.32,465,633.15,5152.906955829271
1773280140,5173.16,5173.16,5171.16,5171.16,357,610.35,5152.955397974626
1773280200,5170.495,5171.305,5169.305,5171.305,479,606.15,5153.015937793343
1773280260,5171.77,5171.77,5169.77,5169.77,646,596.35,5153.096004036352
1773280320,5167.8150000000005,5169.0650000000005,5167.0650000000005,5167.0650000000005,1085,638.6,5153.208116305778
1773280440,5166.95,5168.655,5166.655,5166.655,1405,662.05,5153.346739813301
1773280560,5165.4400000000005,5167.125,5165.125,5165.125,783,676.45,5153.414489555886
1773280620,5164.6,5166.6,5164.6,5166.6,556,697.65,5153.462697313895
1773280680,5167.54,5169.1050000000005,5167.1050000000005,5169.1050000000005,933,667.5,5153.55884691963
1773280800,5169.405,5169.445,5167.445,5169.445,799,673.1,5153.642070429862
1773280860,5169.615,5169.615,5167.615,5167.615,395,660.5,5153.681539145827
1773280920,5167.29,5169.29,5167.29,5169.29,118,629.85,5153.693563504513
1773280920.001,5169.725,5171.68,5169.68,5171.68,640,628.55,5153.7688310586
1773280980,5172.155,5172.755,5170.755,5172.755,618,647.55,5153.845385291572
1773281040,5173.38,5173.38,5171.38,5171.38,367,625.65,5153.890441918767
1773281100,5170.99,5172.805,5170.805,5170.805,508,614.7,5153.950478770483
1773281160,5170.27,5171.085,5169.085,5171.085,718,637.2,5154.029578586354
1773281280,5172.58,5172.88,5170.88,5172.88,402,618.55,5154.0783490900685
1773281340,5174.025000000001,5174.465,5172.465,5172.465,682,624.35,5154.164653095562
1773281460,5171.45,5173.45,5171.45,5173.45,615,628.55,5154.240393857212
1773281520,5174.495,5174.8150000000005,5172.8150000000005,5172.8150000000005,1093,659.95,5154.378505742975
1773281700,5172.275000000001,5173.3150000000005,5171.3150000000005,5171.3150000000005,439,664.05,5154.429109412926
1773281760,5171.2,5172.805,5170.805,5172.805,503,665.25,5154.487248235052
1773281820,5173.03,5173.92,5171.92,5173.92,554,660.65,5154.554858814196
1773281880,5174.64,5174.64,5172.64,5172.64,435,628.15,5154.607756510856
1773281940,5171.04,5173.04,5171.04,5173.04,147,565.25,5154.624675998212
1773281940.001,5174.14,5175.150000000001,5173.150000000001,5173.150000000001,445,548.35,5154.6798481980595
1773282000,5172.455,5173.755,5171.755,5171.755,759,558.5,5154.766415908629
1773282120,5170.6050000000005,5171.26,5169.26,5169.26,429,533.3,5154.80811087462
1773282180,5168.555,5170.555,5168.555,5170.555,606,523.65,5154.866471017733
1773282240,5171.575,5171.575,5169.575,5169.575,164,512.1,5154.882556936346
1773282240.001,5169.45,5170.55,5168.55,5170.55,480,530.2,5154.928350929189
1773282300,5172.05,5172.05,5170.05,5170.05,557,526.05,5154.984083460611
1773282360,5169.39,5170.87,5168.87,5168.87,709,530.6,5155.049179873817
1773282480,5168.095,5169.175,5167.175,5169.175,1219,573.2,5155.151902205331
1773282600,5170.395,5171.505,5169.505,5171.505,1174,606.5,5155.266362561868
1773282720,5171.59,5171.59,5169.59,5169.59,503,595.75,5155.313080714516
1773282780,5169.14,5170.275000000001,5168.275000000001,5168.275000000001,737,612.5,5155.375031507055
1773282840,5164.1050000000005,5165.775000000001,5163.775000000001,5163.775000000001,856,621.2,5155.42264846094
1773282900,5163.345,5165.175,5163.175,5163.175,1227,651.8,5155.485554239539
1773282960,5162.035,5164.035,5162.035,5164.035,1089,651.6,5155.537484589094
1773283020,5164.925,5165.95,5163.95,5163.95,1779,718.6,5155.634153719087
1773283140,5159.525000000001,5161.125,5159.125,5161.125,1119,749.4,5155.666247421271
1773283200,5161.67,5161.67,5159.67,5159.67,1025,772.95,5155.6945357643735
1773283260,5157.27,5158.4800000000005,5156.4800000000005,5156.4800000000005,1086,805.5,5155.703795215504
1773283320,5155.775000000001,5157.775000000001,5155.775000000001,5157.775000000001,1062,851.25,5155.712498998304
1773283380,5159,5159,5157,5157,917,874.85,5155.722899721211
1773283440,5155.535,5157.535,5155.535,5157.535,218,847.8,5155.724347191387
1773283440.001,5157.54,5158.485,5156.485,5156.485,784,865.55,5155.730804495225
1773283500,5153.6,5154.595,5152.595,5152.595,1152,892.85,5155.714498988232
1773283560,5151.485,5153.09,5151.09,5151.09,1398,954.55,5155.683033495408
1773283620,5148.655,5150.655,5148.655,5150.655,367,948.9,5155.671173037781
1773283620.001,5151.495,5153.175,5151.175,5153.175,835,962.8,5155.656256257756
1773283680,5154.66,5154.66,5152.66,5152.66,1103,982.5,5155.641832809431
1773283740,5150.025000000001,5151.395,5149.395,5151.395,1380,990.55,5155.604064028297
1773283800,5154.2,5154.2,5152.2,5152.2,368,950.25,5155.598464398346
1773283800.001,5151.62,5152.465,5150.465,5150.465,1092,979.7,5155.5715140523425
1773283860,5145.935,5147.935,5145.935,5147.935,1278,1006.75,5155.513295028933
1773283920,5148.71,5150.505,5148.505,5150.505,1034,1015.65,5155.481282773784
1773283980,5152.405,5153.05,5151.05,5153.05,893,998.95,5155.466263534118
1773284040,5153.125,5153.205,5151.205,5153.205,825,985.75,5155.453207959501
1773284100,5153.88,5154.975,5152.975,5152.975,892,941.4,5155.44451624066
1773284160,5152.245,5154.245,5152.245,5154.245,795,925.2,5155.436570017908
1773284220,5154.8150000000005,5154.8150000000005,5152.8150000000005,5152.8150000000005,554,901.65,5155.430786558156
1773284280,5152.64,5153.85,5151.85,5151.85,1027,898.7,5155.414891752706
1773284340,5150.575,5150.955,5148.955,5148.955,666,878.9,5155.394472561224
1773284400,5148.72,5150.72,5148.72,5150.72,223,844.2,5155.388176478466
1773284400.001,5151.395,5152.95,5150.95,5152.95,787,872.65,5155.375313454129
1773284460,5153.52,5154.13,5152.13,5154.13,803,873.6,5155.367265311436
1773284520,5154.955,5155.82,5153.82,5153.82,717,851.85,5155.363967964252
1773284580,5153.075,5153.8150000000005,5151.8150000000005,5151.8150000000005,1294,846.65,5155.344620850582
1773284700,5150.8,5152.8,5150.8,5152.8,213,838.95,5155.341076621881
1773284700.001,5154.015,5154.37,5152.37,5154.37,662,830.3,5155.335478019964
1773284760,5154.7,5154.77,5152.77,5154.77,631,806.7,5155.33147623239
1773284820,5154.845,5154.845,5152.845,5152.845,528,764.1,5155.326543992842
1773284880,5151.77,5153.46,5151.46,5153.46,451,768.25,5155.320693022573
1773284940,5153.5650000000005,5155.07,5153.07,5155.07,448,736.05,5155.318593104119
1773285000,5155.545,5155.585,5153.585,5153.585,871,715.7,5155.313865850723
1773285120,5152.72,5154.14,5152.14,5154.14,1232,725.6,5155.302402880147
1773285300,5154.145,5154.375,5152.375,5152.375,688,715.35,5155.294567258769
1773285360,5150.96,5151.12,5149.12,5149.12,600,704.1,5155.27796903095
1773285420,5147.67,5149.67,5147.67,5149.67,154,667.2,5155.273119521286
1773285420.001,5149.71,5149.735,5147.735,5147.735,435,649.2,5155.25815098494
1773285480,5147.405,5149.405,5147.405,5149.405,475,645.25,5155.242679259549
1773285540,5152.78,5154.725,5152.725,5154.725,881,637.95,5155.237489384738
1773285660,5155.215,5155.215,5153.215,5153.215,118,610.55,5155.236694081974
1773285660.001,5152.195,5154.195,5152.195,5154.195,351,616.95,5155.233718464044
1773285720,5154.56,5154.56,5152.56,5152.56,116,583.4,5155.232563796091
1773285720.001,5152.04,5153.72,5151.72,5151.72,1070,596.75,5155.2175412016995
1773285840,5151.31,5153.31,5151.31,5153.31,857,603.75,5155.206703576524
1773285960,5153.385,5153.385,5151.385,5151.385,176,547.85,5155.203978043374
1773285960.001,5150.95,5152.125,5150.125,5150.125,1184,596.4,5155.178484181556
1773286080,5149.06,5151.06,5149.06,5151.06,641,595.35,5155.163562593243
1773286140,5152.68,5153.725,5151.725,5151.725,679,597.75,5155.15443668915
1773286200,5150.31,5151.765,5149.765,5149.765,531,597.9,5155.142308281345
1773286260,5148.2300000000005,5150.2300000000005,5148.2300000000005,5150.2300000000005,303,590.5,5155.134144834594
1773286320,5150.29,5150.665,5148.665,5150.665,438,590,5155.123304515586
1773286380,5151.195,5151.32,5149.32,5151.32,553,574.1,5155.111424065033
1773286500,5151.475,5152.49,5150.49,5150.49,429,533.95,5155.103286665102
1773286560,5149.38,5150.3,5148.3,5150.3,459,522.5,5155.091270945802
1773286620,5150.465,5150.465,5148.465,5148.465,841,534.55,5155.067380600562
1773286740,5148.035,5150.035,5148.035,5150.035,186,536.15,5155.062332368159
1773286800,5151.1,5152.6050000000005,5150.6050000000005,5152.6050000000005,416,535.2,5155.05615549324
1773286860,5152.72,5152.93,5150.93,5152.93,626,542.75,5155.047870504201
1773287040,5153.765,5153.765,5151.765,5151.765,483,522.85,5155.041896024031
1773287160,5151.29,5153.29,5151.29,5153.29,291,531.5,5155.0385729911795
1773287280,5153.7,5154.29,5152.29,5154.29,672,547.55,5155.03409680876
1773287580,5154.335,5154.335,5152.335,5152.335,319,557.7,5155.031049873271
1773287700,5152.305,5154.305,5152.305,5154.305,391,523.75,5155.028495413047
1773287880,5154.665,5154.665,5152.665,5152.665,146,488.2,5155.027334089622
1773287940,5152.635,5153.4400000000005,5151.4400000000005,5151.4400000000005,467,502.75,5155.020954222993
1773288060,5149.925,5151.925,5149.925,5151.925,297,458.4,5155.0157343899145
1773288180,5152.04,5153.345,5151.345,5153.345,950,473.85,5155.005408115814
1773288960,5153.9400000000005,5154.02,5152.02,5152.02,450,462.4,5155.00056590421
1773289200,5151.58,5153.08,5151.08,5151.08,583,465,5154.991786234401
1773289440,5150.715,5152.38,5150.38,5152.38,522,475.95,5154.9838849618955
1773289680,5153.16,5153.36,5151.36,5151.36,429,475.5,5154.978039229692
1773289920,5151.305,5151.84,5149.84,5149.84,290,462.35,5154.9720722144775
1773290040,5148.25,5149.85,5147.85,5147.85,450,463.4,5154.958732211004
1773290160,5146.41,5147.5650000000005,5145.5650000000005,5147.5650000000005,324,456.65,5154.946757204761
1773290220,5148.08,5149.96,5147.96,5147.96,431,436.15,5154.934291485903
1773290280,5147.185,5147.88,5145.88,5145.88,328,443.25,5154.921720243645
1773290340,5144.52,5146.165,5144.165,5146.165,604,452.65,5154.895783686037
1773290460,5146.58,5146.900000000001,5144.900000000001,5144.900000000001,420,442.35,5154.877962861051
1773290580,5144.42,5145.8,5143.8,5143.8,800,458.2,5154.840218208652
1773290820,5143.09,5145.09,5143.09,5145.09,220,454.65,5154.829843201081
1773290880,5146.78,5146.78,5144.78,5144.78,390,440.55,5154.81330545739
1773291000,5144.56,5145.485,5143.485,5143.485,515,450.35,5154.788549292961
1773291180,5142.725,5143.39,5141.39,5141.39,555,458.55,5154.756769403519
1773291420,5140.62,5142.62,5140.62,5142.62,308,466.65,5154.73905841298
1773291480,5143.075,5144.3550000000005,5142.3550000000005,5144.3550000000005,399,463.25,5154.719290914799
1773291600,5144.63,5145.35,5143.35,5145.35,536,475.2,5154.695232373696
1773291720,5145.6,5146.365,5144.365,5146.365,1350,495.2,5154.64123682062
1773291900,5147.085,5147.085,5145.085,5145.085,263,485.85,5154.630855313406
1773291960,5143.555,5143.945,5141.945,5141.945,360,474.7,5154.611672695999
1773292020,5141.46,5143.46,5141.46,5143.46,99,453.55,5154.606487904532
1773292020.001,5143.58,5145.58,5143.58,5145.58,270,445.6,5154.594904153002
1773292080,5146.93,5147.955,5145.955,5147.955,643,463.25,5154.574168836653
1773292200,5148.91,5149.25,5147.25,5147.25,304,455.95,5154.565248347145
1773292260,5146.8,5148.52,5146.52,5146.52,259,452.7,5154.55683476491
1773292380,5146.150000000001,5147.245,5145.245,5147.245,793,470.8,5154.529076698314
1773292620,5147.955,5149.12,5147.12,5147.12,747,491.75,5154.507052024892
1773292740,5146.305,5147.3550000000005,5145.3550000000005,5145.3550000000005,392,481.15,5154.492531325805
1773292800,5143.265,5144.975,5142.975,5144.975,682,494.25,5154.462300499524
1773292920,5145.255,5146.51,5144.51,5144.51,683,488.4,5154.434778376644
1773293040,5141.705,5141.705,5139.705,5139.705,582,506.5,5154.399349401347
1773293100,5137.17,5139.17,5137.17,5139.17,459,509.95,5154.3678288987685
1773293160,5141.1,5142.8550000000005,5140.8550000000005,5142.8550000000005,467,507.55,5154.3433064949595
1773293220,5143.0650000000005,5143.45,5141.45,5141.45,1035,531.55,5154.288990130728
1773293400,5141.38,5143.38,5141.38,5143.38,260,529.15,5154.276086324901
1773293400.001,5145.135,5146.255,5144.255,5146.255,1787,598.55,5154.210029741392
1773293520,5148.02,5148.075,5146.075,5148.075,1228,633.15,5154.174675913778
1773293640,5150.015,5150.015,5148.015,5148.015,185,574.9,5154.170377948084
1773293640.001,5147.33,5149.33,5147.33,5149.33,495,586.5,5154.1588726888795
1773293700,5149.87,5150.21,5148.21,5148.21,580,597.5,5154.14597374611
1773293760,5147.17,5149.17,5147.17,5149.17,808,632.95,5154.1268431016315
1773293820,5152.755,5152.755,5150.755,5150.755,216,630.25,5154.1243935208095
1773293820.001,5150.62,5151.400000000001,5149.400000000001,5151.400000000001,358,616,5154.11931181351
1773293940,5151.4800000000005,5151.4800000000005,5149.4800000000005,5149.4800000000005,78,604.7,5154.118015160647
1773293940.001,5148.475,5150.475,5148.475,5150.475,504,616.95,5154.10894510143
1773294000,5152.785,5154.25,5152.25,5154.25,333,593.95,5154.108215240337
1773294060,5154.29,5154.62,5152.62,5152.62,617,587.45,5154.106106935688
1773294240,5152.45,5154.45,5152.45,5154.45,508,593.25,5154.105426385709
1773294300,5156.485,5156.485,5154.485,5154.485,245,571.4,5154.106489192765
1773294360,5153.82,5155.14,5153.14,5155.14,692,571.85,5154.107538735894
1773294480,5156.305,5157.05,5155.05,5155.05,1276,606.55,5154.115983135171
1773294660,5154.475,5154.84,5152.84,5152.84,375,602.35,5154.115044855265
1773294720,5151.92,5153.6900000000005,5151.6900000000005,5153.6900000000005,742,616.1,5154.1117285936925
1773294840,5154.150000000001,5154.150000000001,5152.150000000001,5152.150000000001,184,573.55,5154.110753787415
1773294900,5152.1050000000005,5154.1050000000005,5152.1050000000005,5154.1050000000005,41,562.6,5154.110641025642
1773294900.001,5154.35,5155.435,5153.435,5155.435,320,489.25,5154.111500715518
1773294960,5157.4400000000005,5157.93,5155.93,5155.93,565,456.1,5154.117223030506
1773295080,5155.295,5157.2300000000005,5155.2300000000005,5155.2300000000005,433,468.5,5154.120357574377
1773295140,5154.435,5156.435,5154.435,5156.435,463,466.9,5154.123455826619
1773295200,5157.125,5157.89,5155.89,5157.89,546,465.2,5154.1303132402545
1773295260,5158.09,5158.09,5156.09,5156.09,451,447.35,5154.135103510751
1773295320,5155.615,5156.85,5154.85,5154.85,904,481.75,5154.1401360207055
1773295500,5154.1900000000005,5155.445,5153.445,5153.445,819,504.8,5154.140042377532
1773295680,5153.27,5154.35,5152.35,5154.35,524,527.1,5154.13908325852
1773295740,5155.01,5155.01,5153.01,5153.01,862,545,5154.137491253224
1773295860,5151.7,5153.7,5151.7,5153.7,424,549.55,5154.135624589649
1773295920,5155.845,5155.99,5153.99,5153.99,1383,587.85,5154.138482020474
1773296100,5152.725,5153.12,5151.12,5151.12,785,601.7,5154.131184020503
1773296280,5151.05,5151.49,5149.49,5149.49,617,620.3,5154.121513661978
1773296400,5147.76,5149.400000000001,5147.400000000001,5149.400000000001,708,621.1,5154.106512062762
1773296520,5152.555,5154.11,5152.11,5154.11,292,571.9,5154.105751426166
1773296580,5154.9400000000005,5156.735,5154.735,5156.735,621,584.2,5154.110526994974
1773296700,5157.71,5157.825,5155.825,5157.825,1710,632.6,5154.130812645798
1773297060,5160.400000000001,5160.400000000001,5158.400000000001,5158.400000000001,223,634.55,5154.135093159005
1773297120,5158.345,5160.345,5158.345,5160.345,72,636.1,5154.136644842989
1773297120.001,5160.74,5162.255,5160.255,5162.255,567,648.45,5154.1530352044365
1773297240,5162.39,5162.39,5160.39,5160.39,323,636.35,5154.161674673805
1773297300,5159.9400000000005,5161.9400000000005,5159.9400000000005,5161.9400000000005,450,637.2,5154.174052199483
1773297420,5162.1900000000005,5162.595,5160.595,5162.595,630,645.55,5154.192900646774
1773297540,5164.765,5165.585,5163.585,5165.585,542,645.35,5154.215282722108
1773297600,5166.26,5167.445,5165.445,5167.445,581,651.85,5154.24332330667
1773297660,5169.04,5169.925,5167.925,5169.925,1151,664.2,5154.309423187495
1773297780,5169.97,5169.97,5167.97,5167.97,625,654.5,5154.343590078676
1773297840,5167.900000000001,5169.715,5167.715,5169.715,1372,696.9,5154.420168561999
1773297960,5170.29,5170.29,5168.29,5168.29,578,682.7,5154.451990825605
1773298020,5167.385,5169.385,5167.385,5169.385,661,694.55,5154.487617201814
1773298140,5169.49,5169.650000000001,5167.650000000001,5169.650000000001,623,656.55,5154.521655221193
1773298200,5170.39,5170.39,5168.39,5168.39,664,650.5,5154.55794083515
1773298260,5166.93,5168.93,5166.93,5168.93,1094,674.35,5154.614081453079
1773298380,5170.295,5170.295,5168.295,5168.295,127,645.3,5154.620900826218
1773298380.001,5166.475,5168.475,5166.475,5168.475,402,650.8,5154.640711321123
1773298440,5168.96,5168.96,5166.96,5166.96,740,656.75,5154.676522230875
1773298560,5166.595,5167.275000000001,5165.275000000001,5165.275000000001,1702,656.35,5154.747522530194
1773298800,5164.52,5166.52,5164.52,5166.52,732,681.8,5154.777545218635
1773298920,5167.6,5168.085,5166.085,5168.085,1716,764,5154.857149437476
1773299220,5168.14,5168.37,5166.37,5166.37,307,751,5154.8708558589915
1773299280,5165.665,5167.665,5165.665,5167.665,373,753.5,5154.887415142296
1773299400,5167.95,5169.0650000000005,5167.0650000000005,5169.0650000000005,924,777.2,5154.932961384715
1773299640,5170.54,5170.68,5168.68,5168.68,483,769.85,5154.958315815668
1773299760,5168.31,5168.66,5166.66,5168.66,903,787.9,5155.0010430286675
1773299940,5168.685,5168.685,5166.685,5166.685,277,772.7,5155.013449188907
1773300000,5166.21,5168.135,5166.135,5168.135,504,740.35,5155.036171156332
1773300120,5168.455,5168.955,5166.955,5166.955,771,747.65,5155.0711971170895
1773300360,5166.42,5168.42,5166.42,5168.42,279,693,5155.083956357534
1773300420,5169.175,5170.275000000001,5168.275000000001,5170.275000000001,1184,723.3,5155.145704960179
1773300660,5173.425,5173.425,5171.425,5171.425,298,705.15,5155.163818192034
1773300720,5170.325,5171.1900000000005,5169.1900000000005,5169.1900000000005,213,684.65,5155.175034951082
1773300780,5169.02,5170.495,5168.495,5170.495,454,674.15,5155.198839882201
1773300900,5171.045,5171.045,5169.045,5169.045,295,634.2,5155.214143408468
1773300960,5168.385,5169.95,5167.95,5169.95,699,662.8,5155.249208904274
1773301200,5170.145,5172.015,5170.015,5172.015,360,660.7,5155.269847557898
1773301260,5173.54,5175.395,5173.395,5175.395,612,654.3,5155.312162291968
1773301320,5178.7,5178.7,5176.7,5176.7,564,597.4,5155.356272395649
1773301380,5176.61,5178.61,5176.61,5178.61,374,579.5,5155.386189350501
1773301440,5179.89,5180.5650000000005,5178.5650000000005,5180.5650000000005,624,524.9,5155.440239047647
1773301500,5185.21,5185.2300000000005,5183.2300000000005,5183.2300000000005,516,535.35,5155.492031478351
1773301560,5180.265,5181.455,5179.455,5179.455,487,541.05,5155.534266991555
1773301620,5179.335,5180.875,5178.875,5178.875,1298,559.75,5155.643494045865
1773301860,5178.615,5178.78,5176.78,5176.78,192,545.2,5155.658157596688
1773301920,5176.645,5177.985,5175.985,5177.985,706,535.35,5155.711590924443
1773302040,5179.13,5179.43,5177.43,5177.43,340,538.5,5155.738153328911
1773302100,5177.295,5179.16,5177.16,5179.16,584,542.5,5155.784438167416
1773302220,5179.56,5181.16,5179.16,5181.16,551,531.5,5155.83176614001
1773302340,5182.675,5183.5650000000005,5181.5650000000005,5183.5650000000005,711,553.1,5155.898499603524
1773302400,5185.765,5187.415,5185.415,5187.415,598,523.8,5155.9623399509965
1773302460,5189.86,5189.86,5187.86,5187.86,194,518.6,5155.98418704121
1773302460.001,5185.11,5186.005,5184.005,5184.005,675,541.7,5156.050995791972
1773302520,5183.235,5184.755,5182.755,5182.755,616,549.8,5156.10904299746
1773302580,5182.74,5183.765,5181.765,5183.765,562,563.15,5156.16116288286
1773302640,5185.515,5185.515,5183.515,5183.515,1008,578.6,5156.257881591666
1773302760,5183.38,5184.195,5182.195,5182.195,471,584.15,5156.30072050712
1773302820,5182.1900000000005,5184.1900000000005,5182.1900000000005,5184.1900000000005,398,573.45,5156.337711541216
1773302880,5185.785,5185.89,5183.89,5183.89,290,559.75,5156.365623655581
1773302940,5183.83,5185.83,5183.83,5185.83,410,561.55,5156.405838714839
1773303000,5188.96,5188.96,5186.96,5186.96,519,556.3,5156.460931109046
1773303060,5184.57,5185.33,5183.33,5183.33,766,568.8,5156.532459048728
1773303180,5182.37,5182.885,5180.885,5182.885,827,585.8,5156.604293677362
1773303360,5184.55,5184.55,5182.55,5182.55,344,538.1,5156.635215929074
1773303420,5181.55,5182.7300000000005,5180.7300000000005,5180.7300000000005,745,565.75,5156.697370049537
1773303600,5179.795,5181.11,5179.11,5179.11,828,571.85,5156.761576783466
1773303780,5178.43,5180.43,5178.43,5180.43,197,564.7,5156.77679162861
1773303840,5181.095,5181.095,5179.095,5179.095,65,538.75,5156.781806976199
1773303840.001,5178.445,5180.305,5178.305,5180.305,688,545.6,5156.8344744292635
1773303960,5180.6,5180.6,5178.6,5178.6,508,535.45,5156.872575817352
1773304080,5178.46,5179.33,5177.33,5179.33,1027,556.9,5156.947145004752
1773304260,5180.52,5181.785,5179.785,5179.785,2155,654.95,5157.114719513983
1773304800,5179.1900000000005,5180.635,5178.635,5178.635,273,634.85,5157.134740128025
1773304860,5178.3,5180.3,5178.3,5180.3,299,619,5157.156953513251
1773304980,5180.31,5182.165,5180.165,5182.165,669,624.35,5157.210607397497
1773305100,5182.915,5182.915,5180.915,5180.915,233,585.6,5157.22930245944
1773305160,5180.22,5180.295,5178.295,5178.295,247,574.4,5157.246960702395
1773305220,5178.085,5178.35,5176.35,5176.35,348,571.9,5157.269566827453
1773305280,5175.965,5177.965,5175.965,5177.965,94,562.1,5157.275751185274
1773305280.001,5178.2,5180.150000000001,5178.150000000001,5180.150000000001,180,550.6,5157.288874079422
1773305340,5180.265,5180.63,5178.63,5178.63,530,551.15,5157.327099582704
1773305460,5176.305,5177.88,5175.88,5177.88,261,525.9,5157.344094638414
1773305520,5177.925,5179.835,5177.835,5179.835,268,497.95,5157.3632293755645
1773305580,5180.35,5180.465,5178.465,5180.465,573,509.4,5157.405207009488
1773305760,5180.515,5180.515,5178.515,5178.515,65,475.4,5157.409828091859
1773305760.001,5178.405,5180,5178,5180,976,482.8,5157.479462081098
1773306000,5180.32,5180.32,5178.32,5178.32,289,487.4,5157.4996706245465
1773306060,5177.665,5179.665,5177.665,5179.665,94,488.85,5157.506239027602
1773306060.001,5180.61,5180.61,5178.61,5178.61,93,459.1,5157.512817713426
1773306060.002,5178.38,5179.61,5177.61,5177.61,550,461.2,5157.549858853725
1773306180,5177.400000000001,5179.215,5177.215,5177.215,563,438,5157.586918890887
1773306300,5176.49,5178.28,5176.28,5176.28,411,350.8,5157.612645672947
1773306420,5175.74,5177.74,5175.74,5177.74,534,363.85,5157.6461880776915
1773306540,5181.47,5181.47,5179.47,5179.47,265,362.15,5157.665408725217
1773306600,5178.42,5179.150000000001,5177.150000000001,5177.150000000001,399,348.65,5157.691305163063
1773306720,5175.945,5177.7300000000005,5175.7300000000005,5177.7300000000005,1310,402.5,5157.772697367786
1773307080,5179.1050000000005,5179.1050000000005,5177.1050000000005,5177.1050000000005,174,398.85,5157.783851890435
1773307140,5176.985,5177.4400000000005,5175.4400000000005,5175.4400000000005,387,400.8,5157.806553615791
1773307260,5174.6900000000005,5176.43,5174.43,5176.43,512,421.7,5157.835939774682
1773307380,5177.475,5177.475,5175.475,5175.475,68,416.1,5157.839917601906
1773307380.001,5175.465,5177.465,5175.465,5177.465,493,414.25,5157.869738129802
1773307500,5178.25,5179.075,5177.075,5179.075,634,432.9,5157.911199986838
1773307620,5181.14,5181.14,5179.14,5179.14,267,432.85,5157.929798797002
1773307680,5178.22,5180.22,5178.22,5180.22,82,408.3,5157.93543837943
1773307680.001,5181.46,5181.46,5179.46,5179.46,208,415.45,5157.950109519752
1773307740,5179.005,5181.005,5179.005,5181.005,401,386.7,5157.978608545993
1773307800,5182.95,5184.6,5182.6,5184.6,432,393.85,5158.014152932275
1773307860,5185.26,5185.59,5183.59,5185.59,390,408.65,5158.04738055887
1773307920,5185.89,5185.89,5183.89,5183.89,695,438.75,5158.1055858507025
1773308040,5183.26,5185.26,5183.26,5185.26,438,433.15,5158.142187296248
1773308100,5185.29,5185.29,5183.29,5183.29,370,423.5,5158.172285289476
1773308160,5182.59,5184.59,5182.59,5184.59,330,419.45,5158.199035666767
1773308220,5185.09,5186.8,5184.8,5184.8,685,427,5158.2577066783515
1773308340,5184.415,5185.935,5183.935,5185.935,657,446.6,5158.313334273731
1773308460,5186.005,5187.475,5185.475,5187.475,302,441.75,5158.340284034206
1773308520,5187.49,5187.49,5185.49,5185.49,308,391.65,5158.367088798087
1773308580,5183.45,5185.45,5183.45,5185.45,838,424.85,5158.436166607377
1773308760,5186.585,5186.585,5184.585,5184.585,249,417.95,5158.4569861599175
1773308820,5184.13,5185.455,5183.455,5185.455,1260,455.35,5158.560031146697
1773309120,5185.505,5186.67,5184.67,5186.67,668,485.35,5158.616850458252
1773309240,5186.91,5186.91,5184.91,5184.91,104,465.9,5158.625537930592
1773309240.001,5183.435,5184.825,5182.825,5184.825,713,469.85,5158.6818203403245
1773309360,5185.985,5186.725,5184.725,5186.725,401,476.55,5158.71571796091
1773309420,5188.08,5190.02,5188.02,5190.02,745,509.7,5158.786034913524
1773309540,5190.5,5190.5,5188.5,5188.5,119,505.25,5158.797168456407
1773309540.001,5188.385,5189.79,5187.79,5189.79,570,513.7,5158.850308303437
1773309600,5190.925,5190.97,5188.97,5190.97,722,528.2,5158.919965292795
1773309720,5191.715,5191.715,5189.715,5189.715,114,514.4,5158.930962953082
1773309720.001,5189.205,5189.845,5187.845,5187.845,480,503.65,5158.974436417467
1773309780,5186.66,5188.66,5186.66,5188.66,404,501.95,5159.0102873043
1773309840,5189.635,5190.51,5188.51,5190.51,378,502.35,5159.045886824744
1773309900,5191.09,5191.79,5189.79,5189.79,647,518.2,5159.107839703568
1773310020,5189.395,5191.150000000001,5189.150000000001,5189.150000000001,512,509.55,5159.1556954792995
1773310080,5188.445,5190.035,5188.035,5190.035,593,506.35,5159.210128364439
1773310200,5190.21,5190.92,5188.92,5188.92,405,511.5,5159.247460020754
1773310320,5188.845,5188.86,5186.86,5186.86,747,533.45,5159.311417075141
1773310500,5184.405,5185.715,5183.715,5185.715,498,516.45,5159.350163547375
1773310560,5186.1,5186.400000000001,5184.400000000001,5184.400000000001,761,542.05,5159.4091897600765
1773310680,5183.395,5185.395,5183.395,5185.395,364,497.25,5159.436956328306
1773310740,5185.685,5185.900000000001,5183.900000000001,5183.900000000001,435,485.6,5159.469847530671
1773310860,5183.775000000001,5185.28,5183.28,5185.28,339,497.35,5159.495467903052
1773310920,5186.26,5186.3150000000005,5184.3150000000005,5184.3150000000005,719,497.65,5159.55042915758
1773311100,5183.87,5184.06,5182.06,5182.06,910,523.1,5159.6135137448555
1773311280,5181.39,5182.945,5180.945,5180.945,341,502.9,5159.635928643996
1773311340,5180.08,5182.025000000001,5180.025000000001,5180.025000000001,558,524.85,5159.670977781621
1773311400,5178.835,5180.835,5178.835,5180.835,566,524.65,5159.705528276113
1773311460,5182.625,5182.625,5180.625,5180.625,380,507.55,5159.729929260717
1773311520,5180.415,5182.415,5180.415,5182.415,121,507.9,5159.737851787421
1773311520.001,5182.81,5182.81,5180.81,5180.81,400,503.9,5159.763678675913
1773311580,5179.365,5181.365,5179.365,5181.365,254,496.4,5159.779460174294
1773311640,5181.8550000000005,5181.865,5179.865,5179.865,745,514.75,5159.825243788077
1773311820,5178.395,5179.16,5177.16,5177.16,443,504.55,5159.848828507237
1773311880,5175.965,5177.965,5175.965,5177.965,116,484.75,5159.8548127923805
1773311880.001,5178.13,5179.6,5177.6,5179.6,192,464.7,5159.865636365426
1773311940,5179.89,5181.095,5179.095,5181.095,825,485.7,5159.915639976222
1773312120,5181.92,5182.66,5180.66,5180.66,323,464.5,5159.936005429207
1773312180,5180.275000000001,5182.275000000001,5180.275000000001,5182.275000000001,344,456.8,5159.957937434606
1773312240,5183.27,5184.07,5182.07,5184.07,276,432.55,5159.976958222982
1773312300,5184.085,5184.16,5182.16,5182.16,420,435.35,5160.005132707813
1773312420,5181.41,5183.285,5181.285,5181.285,358,431.5,5160.0281746343635
1773312480,5181.245,5183.09,5181.09,5181.09,983,463.7,5160.090634740303
1773312660,5179.99,5180.835,5178.835,5178.835,562,455.85,5160.122483417317
1773312780,5178.625,5180.625,5178.625,5180.625,504,435.55,5160.151627423257
1773312900,5182.025000000001,5182.67,5180.67,5180.67,514,444.2,5160.183323829456
1773313020,5180.6,5182.6,5180.6,5182.6,485,440.55,5160.213986228874
1773313200,5183.16,5183.58,5181.58,5183.58,673,445.9,5160.2583046854
1773313320,5183.87,5183.87,5181.87,5181.87,116,432.7,5160.265799334721
1773313320.001,5181.39,5182.14,5180.14,5182.14,1285,490.9,5160.344537979542
1773313740,5182.26,5182.26,5180.26,5180.26,495,495.65,5160.373932706863
1773313860,5179.215,5180.97,5178.97,5178.97,362,501.05,5160.394030440589
1773313980,5178.925,5179.82,5177.82,5177.82,384,483,5160.414032433745
1773314100,5176.3,5177.32,5175.32,5177.32,455,483.6,5160.4352771236645
1773314220,5177.485,5177.485,5175.485,5175.485,271,491.35,5160.447513574856
1773314280,5174.985,5175.83,5173.83,5173.83,547,509.1,5160.469557499109
1773314400,5172.875,5174.875,5172.875,5174.875,128,474.25,5160.474600046836
1773314400.001,5176.68,5177.9800000000005,5175.9800000000005,5177.9800000000005,356,475.9,5160.491771550354
1773314460,5178.4800000000005,5178.91,5176.91,5178.91,490,483.2,5160.516652812383
1773314580,5179.385,5179.7300000000005,5177.7300000000005,5177.7300000000005,1547,546.75,5160.595426347098
1773314940,5176.575,5178.575,5176.575,5178.575,387,545.1,5160.614486428183
1773315000,5180.0650000000005,5180.0650000000005,5178.0650000000005,5178.0650000000005,687,561.55,5160.649824528032
1773315120,5176.885,5178.885,5176.885,5178.885,349,529.85,5160.667215588225
1773315180,5179.91,5179.91,5177.91,5177.91,124,507.95,5160.673512345767
1773315180.001,5176.675,5178.415,5176.415,5176.415,593,512.4,5160.701054495327
1773315300,5175.59,5177.59,5175.59,5177.59,565,514.95,5160.726957473607
1773315420,5178.995,5180.385,5178.385,5178.385,1376,559.5,5160.797941288802
1773315720,5177.67,5179.67,5177.67,5179.67,610,556.35,5160.829150912377
1773315840,5181.095,5181.675,5179.675,5179.675,468,573.95,5160.854780814883
1773315900,5178.06,5179.92,5177.92,5179.92,390,529.2,5160.87489771144
1773315960,5181.045,5181.045,5179.045,5179.045,640,536.45,5160.908635806046
1773316080,5178.665,5179.6050000000005,5177.6050000000005,5177.6050000000005,599,548.3,5160.937693363992
1773316200,5177.33,5179.33,5177.33,5179.33,284,543.3,5160.951746801225
1773316260,5179.53,5179.53,5177.53,5177.53,726,556.85,5160.986627147087
1773316440,5176.545,5178.545,5176.545,5178.545,601,573.35,5161.014863226873
1773316560,5179.735,5180.825,5178.825,5180.825,617,576.85,5161.047658978289
1773316680,5181.4400000000005,5181.4400000000005,5179.4400000000005,5179.4400000000005,348,587.85,5161.06605703066
1773316740,5178.27,5180.27,5178.27,5180.27,451,592.6,5161.089218804111
1773316800,5180.61,5180.61,5178.61,5178.61,196,577.9,5161.099089355548
1773316800.001,5177.46,5178.78,5176.78,5176.78,1278,564.45,5161.156734629778
1773316920,5174.555,5176.555,5174.555,5176.555,553,572.75,5161.179178219185
1773316980,5177.47,5177.47,5175.47,5175.47,566,566.7,5161.202465336803
1773317040,5174.39,5175.1,5173.1,5173.1,800,589.25,5161.230052742905
1773317100,5171.235,5172.52,5170.52,5170.52,884,627.25,5161.2541516578585
1773317160,5170.5,5171.055,5169.055,5169.055,788,637,5161.2723813674
1773317220,5167.87,5169.87,5167.87,5169.87,558,636.65,5161.2844538194895
1773317280,5171.035,5171.035,5169.035,5169.035,184,577.05,5161.288676655033
1773317280.001,5167.38,5169.38,5167.38,5169.38,835,588.3,5161.305541923402
1773317340,5171.03,5171.03,5169.03,5169.03,812,605.5,5161.324036667779
1773317400,5167.52,5169.52,5167.52,5169.52,798,625.9,5161.340310495975
1773317460,5172.21,5172.21,5170.21,5170.21,647,626.25,5161.35699290527
1773317520,5169.735,5171.735,5169.735,5171.735,536,623.1,5161.371046488187
1773317580,5172.09,5172.09,5170.09,5170.09,558,636.8,5161.385164920681
1773317640,5168.585,5169.825,5167.825,5167.825,757,638.35,5161.399637824643
1773317700,5165.615,5167.615,5165.615,5167.615,765,646.55,5161.411034111207
1773317760,5169.185,5170.3550000000005,5168.3550000000005,5170.3550000000005,1194,675.4,5161.437483403004
1773317880,5170.99,5170.99,5168.99,5168.99,703,693.15,5161.452917767419
1773317940,5168.14,5169.9800000000005,5167.9800000000005,5167.9800000000005,1052,723.2,5161.473076214805
1773318000,5166.335,5168.335,5166.335,5168.335,663,746.55,5161.483997974721
1773318060,5169.31,5169.31,5167.31,5167.31,187,692,5161.487224749978
1773318060.001,5163.685,5165.685,5163.685,5165.685,724,700.55,5161.494006138962
1773318120,5168.22,5169.795,5167.795,5169.795,536,699.05,5161.504845097172
1773318180,5170.675,5171.36,5169.36,5171.36,650,691.55,5161.5206380125355
1773318240,5171.425,5171.49,5169.49,5169.49,653,680,5161.5355241797115
1773318300,5169.08,5170.995,5168.995,5170.995,601,670.65,5161.54945155597
1773318360,5171.09,5171.78,5169.78,5171.78,766,681.05,5161.568720338842
1773318480,5172.33,5172.925,5170.925,5170.925,705,707.1,5161.587271507282
1773318600,5170.21,5172.21,5170.21,5172.21,155,673.1,5161.5913212677715
1773318600.001,5173.900000000001,5174.8,5172.8,5172.8,582,661.6,5161.6094311858415
1773318660,5171.45,5173.45,5171.45,5173.45,142,628.8,5161.6135872179775
1773318660.001,5173.525000000001,5175.49,5173.49,5175.49,474,620.15,5161.629967434478
1773318720,5176.54,5176.54,5174.54,5174.54,646,625.65,5161.6528729575875
1773318780,5172.5650000000005,5174.3,5172.3,5172.3,750,635.25,5161.6749903123755
1773318840,5172.22,5174.22,5172.22,5174.22,957,645.25,5161.704546572961
1773318900,5175.425,5175.425,5173.425,5173.425,925,653.25,5161.73426669053
1773318960,5172.24,5173.66,5171.66,5171.66,1699,678.5,5161.780741381566
1773319140,5169.8550000000005,5171.25,5169.25,5169.25,368,661.75,5161.788465892672
1773319200,5168.68,5170.68,5168.68,5170.68,294,623.85,5161.794699840678
1773319260,5171.25,5171.88,5169.88,5171.88,699,625.65,5161.811642052224
1773319380,5173.705,5173.705,5171.705,5171.705,128,622.7,5161.815119310078
1773319380.001,5171.095,5172.99,5170.99,5172.99,674,620.2,5161.833307875037
1773319440,5174.8,5176.1900000000005,5174.1900000000005,5176.1900000000005,620,624.4,5161.855070668222
1773319500,5176.76,5177.150000000001,5175.150000000001,5177.150000000001,845,634.15,5161.88669550052
1773319620,5177.9400000000005,5179.675,5177.675,5179.675,1534,678.2,5161.953629736098
1773319740,5181.92,5183.52,5181.52,5183.52,943,695.3,5162.003735422805
1773319800,5183.645,5185,5183,5185,938,703.9,5162.056858656183
1773319980,5185.63,5185.63,5183.63,5183.63,61,671.7,5162.060298941343
1773319980.001,5183.515,5185.2,5183.2,5185.2,414,684.65,5162.083867874182
1773320040,5185.2300000000005,5185.2300000000005,5183.2300000000005,5183.2300000000005,399,675.5,5162.105893253768
1773320100,5183.205,5185.205,5183.205,5185.205,130,674.9,5162.113270871123
1773320100.001,5185.875,5185.875,5183.875,5183.875,523,677.35,5162.142907030115
1773320160,5182.9800000000005,5184.245,5182.245,5182.245,304,660.25,5162.158846457766
1773320220,5180.67,5181.12,5179.12,5179.12,171,631.3,5162.166453150196
1773320280,5178.6,5180.46,5178.46,5180.46,277,597.3,5162.178765838533
1773320340,5181.66,5181.915,5179.915,5181.915,554,578.75,5162.205369534233
1773320400,5184.51,5184.56,5182.56,5184.56,468,517.2,5162.230899161418
1773320460,5185.005,5185.145,5183.145,5185.145,847,541.15,5162.278194565407
1773320520,5186.145,5186.145,5184.145,5184.145,995,576.2,5162.334328251773
1773320580,5179.935,5181.935,5179.935,5181.935,617,572.1,5162.363531399335
1773320640,5184.36,5184.36,5182.36,5182.36,183,574.85,5162.372979634432
1773320640.001,5179.85,5180.865,5178.865,5180.865,985,590.4,5162.416742949746
1773320760,5181.95,5181.95,5179.95,5179.95,266,572.7,5162.428801613574
1773320820,5179.75,5181.75,5179.75,5181.75,351,548,5162.44509682196
1773320880,5182.55,5183.625,5181.625,5183.625,558,499.2,5162.4735436703795
1773320940,5186.075,5186.075,5184.075,5184.075,153,459.7,5162.482007671459
1773320940.001,5183.02,5184.38,5182.38,5184.38,204,423,5162.492762114045
1773321000,5184.79,5185.02,5183.02,5183.02,356,437.75,5162.511480046276
1773321060,5182.34,5183.82,5181.82,5181.82,628,448.45,5162.542552195959
1773321180,5181.77,5183.650000000001,5181.650000000001,5183.650000000001,504,453.7,5162.568038508447
1773321240,5184.62,5184.71,5182.71,5182.71,788,486.6,5162.608524319916
1773321300,5176.18,5178.18,5176.18,5178.18,603,490.6,5162.630682331806
1773321360,5178.545,5178.545,5176.545,5176.545,188,484.8,5162.637437412005
1773321360.001,5175.445,5177.445,5175.445,5177.445,472,499.85,5162.653865986993
1773321420,5177.4800000000005,5177.4800000000005,5175.4800000000005,5175.4800000000005,142,493.1,5162.6585803134385
1773321420.001,5175.04,5176.33,5174.33,5174.33,1092,520,5162.691642708036
1773321540,5172.51,5174.51,5172.51,5174.51,434,518.3,5162.703506732165
1773321600,5174.64,5174.64,5172.64,5172.64,135,482.7,5162.707014468674
1773321600.001,5171.07,5173.07,5171.07,5173.07,372,451.55,5162.715845511515
1773321660,5174.45,5174.45,5172.45,5172.45,119,426.65,5162.718874867014
1773321660.001,5170.415,5172.415,5170.415,5172.415,588,446.9,5162.73185114398
1773321720,5172.97,5172.97,5170.97,5170.97,235,409.4,5162.736962716163
1773321720.001,5165.585,5165.6900000000005,5163.6900000000005,5163.6900000000005,1048,448.5,5162.741098409263
1773321780,5158.87,5160.87,5158.87,5160.87,406,451.25,5162.738590571464
1773321780.001,5170.46,5170.46,5168.46,5168.46,406,443.65,5162.744897082316
1773321780.002,5166.96,5168.56,5166.56,5168.56,674,469.7,5162.753321057635
1773321840,5173.075,5173.075,5171.075,5171.075,681,493.55,5162.768156186934
1773321900,5168.09,5170.09,5168.09,5170.09,989,525.2,5162.784070233763
1773321960,5172.595,5173.1900000000005,5171.1900000000005,5171.1900000000005,969,542.25,5162.805276479224
1773322020,5169.525000000001,5171.375,5169.375,5171.375,552,544.65,5162.815785559537
1773322080,5173.245,5173.41,5171.41,5171.41,397,525.1,5162.824633826137
1773322140,5171.145,5171.385,5169.385,5169.385,1176,553.75,5162.845030310375
1773322200,5165.585,5167.585,5165.585,5167.585,861,587.4,5162.853429577295
1773322260,5168.685,5168.685,5166.685,5166.685,250,576.3,5162.856121198339
1773322260.001,5161.865,5163.83,5161.83,5163.83,1308,634.6,5162.857079980973
1773322320,5166.64,5166.87,5164.87,5164.87,1661,663.05,5162.867657740943
1773322380,5160.74,5162.74,5160.74,5162.74,436,663.15,5162.866835515562
1773322380.001,5164.76,5166.35,5164.35,5166.35,886,700.7,5162.872747551276
1773322440,5167.56,5168.34,5166.34,5166.34,1065,735.35,5162.883151808472
1773322500,5164.45,5166.38,5164.38,5164.38,1408,799.8,5162.890326766594
1773322560,5159.11,5160.58,5158.58,5160.58,1050,822.9,5162.882982452015
1773322620,5164.75,5165.63,5163.63,5165.63,936,857.95,5162.887547470008
1773322680,5167.66,5167.66,5165.66,5165.66,238,817.45,5162.889465308299
1773322680.001,5165.085,5165.35,5163.35,5163.35,1010,847.65,5162.89212654882
1773322740,5160.935,5161.885,5159.885,5159.885,1404,897.55,5162.8844704668945
1773322800,5158.505,5160.505,5158.505,5160.505,355,881.6,5162.881953039213
1773322800.001,5161.4800000000005,5162.79,5160.79,5160.79,953,895.2,5162.878797948941
1773322860,5158.47,5159.045,5157.045,5157.045,1112,901.35,5162.865485722071
1773322920,5156.29,5158.29,5156.29,5158.29,397,872.75,5162.860668492971
1773322920.001,5161.645,5161.645,5159.645,5159.645,397,865,5162.858328261053
1773322920.002,5159.1900000000005,5159.2,5157.2,5157.2,1461,918.2,5162.841519770192
1773322980,5155.7300000000005,5157.7300000000005,5155.7300000000005,5157.7300000000005,1471,932.95,5162.821995820964
1773323040,5161.455,5161.455,5159.455,5159.455,328,906.3,5162.819962869958
1773323040.001,5159.32,5159.32,5157.32,5157.32,1327,960.15,5162.805286119314
1773323100,5153.33,5155.325,5153.325,5155.325,1342,961.85,5162.780344097301
1773323160,5155.87,5155.87,5153.87,5153.87,1192,938.4,5162.757987700689
1773323220,5153.255,5155.255,5153.255,5155.255,1027,967.95,5162.738943396036
1773323280,5157.495,5157.495,5155.495,5155.495,365,941.9,5162.733498741667
1773323280.001,5152.47,5154.47,5152.47,5154.47,1033,940.3,5162.712626221253
1773323340,5155.4400000000005,5155.4400000000005,5153.4400000000005,5153.4400000000005,334,886.6,5162.706127427479
1773323340.001,5151.91,5153.91,5151.91,5153.91,1512,909.7,5162.673888836308
1773323400,5160.1,5160.1,5158.1,5158.1,393,882.55,5162.670431981613
1773323400.001,5156.595,5158.39,5156.39,5158.39,874,914.35,5162.6607172948325
1773323460,5159.8550000000005,5159.8550000000005,5157.8550000000005,5157.8550000000005,291,878.4,5162.658012859081
1773323460.001,5156.985,5158.1050000000005,5156.1050000000005,5156.1050000000005,847,850.55,5162.646839416745
1773323520,5154.34,5155.14,5153.14,5153.14,1122,888.9,5162.624666607048
1773323580,5149.46,5149.755,5147.755,5149.755,1141,898.3,5162.590227849421
1773323640,5151.62,5152.265,5150.265,5150.265,1047,895.05,5162.563073480105
1773323700,5147.45,5148.085,5146.085,5148.085,1063,928.35,5162.527344765107
1773323760,5150.12,5150.12,5148.12,5148.12,877,952.35,5162.500652489789
1773323820,5147.925,5149.925,5147.925,5149.925,303,894.45,5162.491770850391
1773323820.001,5152.32,5152.32,5150.32,5150.32,1140,877.9,5162.46281159887
1773323880,5150.07,5152.07,5150.07,5152.07,1074,915.2,5162.436647715753
1773323940,5154.6050000000005,5154.6050000000005,5152.6050000000005,5152.6050000000005,265,862.1,5162.431300997621
1773323940.001,5151.45,5152.32,5150.32,5152.32,1065,848.25,5162.4060906232335
1773324000,5156.475,5156.475,5154.475,5154.475,1051,841.2,5162.389360645041
1773324060,5154.085,5156.085,5154.085,5156.085,348,807.25,5162.38404890933
1773324060.001,5158.01,5158.965,5156.965,5158.965,1077,842.85,5162.3744367419085
1773324120,5161.29,5161.45,5159.45,5161.45,803,831.35,5162.371650682851
1773324180,5162.675,5163.095,5161.095,5163.095,673,848.3,5162.3717337452945
1773324240,5163.72,5163.72,5161.72,5161.72,750,810.2,5162.371758091814
1773324300,5159.475,5161.475,5159.475,5161.475,619,821.5,5162.369657147836
1773324360,5161.595,5161.595,5159.595,5159.595,212,788.4,5162.368687416318
1773324360.001,5157.685,5157.935,5155.935,5155.935,582,802.95,5162.36141341496
1773324420,5155.885,5157.885,5155.885,5157.885,185,769.85,5162.359352216514
1773324420.001,5158.935,5158.935,5156.935,5156.935,467,737.1,5162.354543842256
1773324480,5156.755,5158.755,5156.755,5158.755,140,687.05,5162.353251658128
1773324480.001,5160.775000000001,5160.775000000001,5158.775000000001,5158.775000000001,140,641.7,5162.352370040896
1773324480.002,5158.655,5159.375,5157.375,5157.375,319,604.5,5162.349397951623
1773324540,5156.705,5157.945,5155.945,5155.945,325,576.9,5162.3453703951645
1773324600,5155.295,5156.965,5154.965,5156.965,440,583.75,5162.33962921925
1773324660,5157.215,5157.84,5155.84,5157.84,453,549.4,5162.334584247691
1773324720,5161.035,5161.25,5159.25,5159.25,476,519.5,5162.332105774129
1773324780,5158.585,5160.585,5158.585,5160.585,343,523.4,5162.330324192922
1773324840,5161.465,5163.255,5161.255,5161.255,881,514.2,5162.329550928488
1773324900,5158.8150000000005,5159.185,5157.185,5157.185,1254,524.35,5162.317522887532
1773324960,5154.265,5156.265,5154.265,5156.265,945,554.2,5162.303949289533
1773325020,5157.14,5157.14,5155.14,5155.14,308,515.75,5162.299674222725
1773325020.001,5154.18,5155.12,5153.12,5153.12,1046,527.9,5162.280693805279
1773325080,5152.845,5154.485,5152.485,5154.485,1059,547.2,5162.261634840187
1773325140,5156.35,5156.62,5154.62,5156.62,778,548.6,5162.251214404308
1773325200,5157.58,5157.58,5155.58,5155.58,521,543.7,5162.2445795449285
1773325260,5151.88,5153.88,5151.88,5153.88,507,558.45,5162.234878855477
1773325320,5154.9800000000005,5154.9800000000005,5152.9800000000005,5152.9800000000005,129,535.8,5162.232532354385
1773325320.001,5152.61,5153.9400000000005,5151.9400000000005,5153.9400000000005,549,554,5162.222126802622
1773325380,5154,5154,5152,5152,809,571.1,5162.205800754943
1773325440,5149.845,5151.845,5149.845,5151.845,313,579.75,5162.198516014787
1773325440.001,5154.24,5155.215,5153.215,5155.215,590,602.25,5162.189001704599
1773325500,5155.3,5155.3,5153.3,5153.3,138,593.2,5162.186610584282
1773325500.001,5152.865,5153.675,5151.675,5153.675,621,608,5162.174615260228
1773325560,5155.005,5155.34,5153.34,5153.34,685,620.25,5162.162857160367
1773325620,5152.835,5154.245,5152.245,5152.245,886,641.9,5162.145663947455
1773325680,5150.395,5152.395,5150.395,5152.395,686,652.4,5162.130695327083
1773325740,5153.385,5153.385,5151.385,5151.385,486,659.55,5162.120445553219
1773325800,5149.965,5151.965,5149.965,5151.965,297,630.35,5162.113724180136
1773325860,5153.865,5153.865,5151.865,5151.865,92,572.25,5162.111881064533
1773325860.001,5150.5650000000005,5151.6050000000005,5149.6050000000005,5149.6050000000005,468,548.4,5162.100306979889
1773325920,5148.135,5150.135,5148.135,5150.135,595,562.75,5162.084627559334
1773325980,5150.465,5150.465,5148.465,5148.465,235,522.2,5162.078280597423
1773325980.001,5143.79,5145.79,5143.79,5145.79,865,512.5,5162.047755368509
1773326040,5147.595,5148.89,5146.89,5148.89,808,514,5162.024545377725
1773326100,5150.885,5151.655,5149.655,5149.655,2745,625.2,5161.958173880373
1773326220,5142.62,5142.72,5140.72,5140.72,1208,660.25,5161.906958896738
1773326280,5139.8,5141.8,5139.8,5141.8,436,675.6,5161.888309159692
1773326280.001,5145.7300000000005,5147.645,5145.645,5145.645,989,697.6,5161.856652830345
1773326340,5144.64,5146.64,5144.64,5146.64,668,690.55,5161.8348801242155
1773326400,5146.99,5146.99,5144.99,5144.99,242,687,5161.826849949677
1773326400.001,5143.095,5144.17,5142.17,5142.17,982,706.6,5161.788677867521
1773326460,5141.25,5142.02,5140.02,5142.02,658,732.6,5161.7611907935225
1773326520,5143.28,5143.85,5141.85,5143.85,539,728.5,5161.740743925403
1773326580,5144.82,5144.86,5142.86,5144.86,656,727.05,5161.7172704211125
1773326640,5148.85,5150.155,5148.155,5150.155,912,728.35,5161.694569803721
1773326700,5150.64,5151.150000000001,5149.150000000001,5151.150000000001,1785,783.3,5161.653984310987
1773326760,5153.84,5153.84,5151.84,5151.84,1347,826.35,5161.629063873419
1773326820,5147.92,5148.76,5146.76,5146.76,891,856.05,5161.603516177352
1773326880,5141.78,5142.03,5140.03,5140.03,932,898.05,5161.56425163995
1773326940,5138.475,5140.475,5138.475,5140.475,363,892.8,5161.548349247673
1773326940.001,5142.93,5143.57,5141.57,5141.57,891,907.6,5161.513763453717
1773327000,5140.59,5142.59,5140.59,5142.59,719,931.8,5161.485492165215
1773327060,5143.8,5143.8,5141.8,5141.8,180,897.55,5161.478623504482
1773327060.001,5141.59,5143.4400000000005,5141.4400000000005,5141.4400000000005,471,880.7,5161.460334079671
1773327120,5139.47,5141.47,5139.47,5141.47,971,792,5161.420206065562
1773327180,5143.875,5144.12,5142.12,5142.12,983,780.75,5161.383633384046
1773327240,5139.695,5141.695,5139.695,5141.695,237,770.8,5161.374005556118
1773327240.001,5142.01,5143.16,5141.16,5141.16,787,760.7,5161.343351831332
1773327300,5139.715,5141.67,5139.67,5141.67,984,776.5,5161.303548756395
1773327360,5142.28,5142.66,5140.66,5142.66,981,813.45,5161.265949447652
1773327420,5144.66,5144.765,5142.765,5142.765,1287,828.7,5161.22050823124
1773327480,5142.075,5143.97,5141.97,5143.97,1044,848,5161.183551880987
1773327540,5144.895,5144.895,5142.895,5142.895,587,850.4,5161.163138913718
1773327600,5142.71,5144.71,5142.71,5144.71,355,835.35,5161.151153895198
1773327600.001,5144.99,5144.99,5142.99,5142.99,354,807.45,5161.138949593518
1773327600.002,5137.825,5139.825,5137.825,5139.825,906,763.5,5161.099775241921
1773327660,5141.615,5141.615,5139.615,5139.615,276,709.95,5161.088478625585
1773327660.001,5137.0650000000005,5139.0650000000005,5137.0650000000005,5139.0650000000005,844,707.6,5161.050889891661
1773327720,5140.3,5140.3,5138.3,5138.3,284,675.2,5161.038586172258
1773327720.001,5134.225,5136.225,5134.225,5136.225,283,671.2,5161.024448266573
1773327720.002,5137.035,5137.91,5135.91,5135.91,1099,681.6,5160.971883192467
1773327780,5131.51,5133.51,5131.51,5133.51,366,663.95,5160.951756255054
1773327780.001,5133.74,5135.51,5133.51,5133.51,1047,707.3,5160.897062362326
1773327840,5130.900000000001,5132.03,5130.03,5130.03,947,731.1,5160.841366598502
1773327900,5129.895,5131.895,5129.895,5131.895,299,697.5,5160.824133600877
1773327900.001,5136.085,5136.76,5134.76,5134.76,667,681.7,5160.791206040173
1773327960,5131.55,5132.400000000001,5130.400000000001,5130.400000000001,443,692,5160.765632645763
1773328020,5129.955,5131.955,5129.955,5131.955,160,660.65,5160.7564758766885
1773328020.001,5134.32,5135.275000000001,5133.275000000001,5135.275000000001,865,654.7,5160.712636658301
1773328080,5135.465,5135.465,5133.465,5133.465,353,623.3,5160.694462498566
1773328080.001,5129.785,5130.455,5128.455,5128.455,855,601.7,5160.6422626377225
1773328140,5127.395,5129.395,5127.395,5129.395,251,562.05,5160.626780409986
1773328140.001,5131.76,5131.76,5129.76,5129.76,806,573,5160.579807544973
1773328200,5128.435,5128.74,5126.74,5126.74,1932,651.85,5160.456587609654
1773328260,5109.85,5111.85,5109.85,5111.85,582,663.25,5160.401514980415
1773328260.001,5118.1,5119.465,5117.465,5117.465,1287,682.3,5160.297297940607
1773328320,5114.95,5116.95,5114.95,5116.95,1455,741.25,5160.1749563477215
1773328380,5123.04,5123.79,5121.79,5123.79,1294,763.75,5160.083589236626
1773328440,5127.225,5127.225,5125.225,5125.225,317,765.4,5160.062946423237
1773328440.001,5124.87,5126.6900000000005,5124.6900000000005,5126.6900000000005,608,781.65,5160.023575853723
1773328500,5126.715,5126.715,5124.715,5124.715,303,741.85,5160.0036196608025
1773328500.001,5120.11,5122.11,5120.11,5122.11,799,763.5,5159.945132431362
1773328560,5122.78,5122.78,5120.78,5120.78,247,723.5,5159.927089345872
1773328560.001,5118.25,5120.25,5118.25,5120.25,1109,731.6,5159.842373355518
1773328620,5124.115,5125.415,5123.415,5125.415,904,761.85,5159.782405768851
1773328680,5128.075,5128.075,5126.075,5126.075,722,764.6,5159.7373749932285
1773328740,5125.335,5127.335,5125.335,5127.335,756,780.25,5159.690250514903
1773328800,5130.47,5130.47,5128.47,5128.47,992,821.85,5159.633225466874
1773328860,5126.865,5128.865,5126.865,5128.865,266,791.9,5159.617501281871
1773328860.001,5129.04,5129.625,5127.625,5129.625,666,807.55,5159.579151265806
1773328920,5130.47,5130.68,5128.68,5128.68,713,800.45,5159.538720390651
1773328980,5127.465,5129.465,5127.465,5129.465,430,809.4,5159.513947457517
1773329040,5130.2300000000005,5130.2300000000005,5128.2300000000005,5128.2300000000005,621,800.15,5159.478355431708
1773329100,5128,5130,5128,5130,265,716.8,5159.463408894587
1773329100.001,5131.46,5131.46,5129.46,5129.46,1114,743.4,5159.402388935249
1773329160,5128.49,5130.49,5128.49,5130.49,810,719.55,5159.35772182667
1773329220,5132.2300000000005,5132.72,5130.72,5132.72,823,687.95,5159.315892105684
1773329280,5132.745,5132.745,5130.745,5130.745,590,652.75,5159.285279665076
1773329340,5129.08,5129.49,5127.49,5127.49,701,671.95,5159.244757928579
1773329400,5125.25,5126.3,5124.3,5124.3,554,669.25,5159.2095297577125
1773329460,5123.765,5125.765,5123.765,5125.765,349,671.55,5159.187459622393
1773329520,5126.56,5126.56,5124.56,5124.56,556,659.4,5159.152490252429
1773329580,5123.255,5125.255,5123.255,5125.255,240,659.05,5159.137134206082
1773329580.001,5126.8,5127.265,5125.265,5125.265,802,643.7,5159.087909641167
1773329640,5124.515,5125.935,5123.935,5123.935,576,627.3,5159.051231767911
1773329700,5121.015,5122.08,5120.08,5120.08,426,612.5,5159.021125672184
1773329760,5119.51,5120.37,5118.37,5120.37,740,611.7,5158.967518535298
1773329820,5124.52,5124.83,5122.83,5122.83,631,593.65,5158.926327934392
1773329880,5121.91,5123.91,5121.91,5123.91,1038,632.25,5158.858293783373
1773329940,5132.93,5132.93,5130.93,5130.93,1646,681.25,5158.776118945974
1773330000,5126.5650000000005,5127.54,5125.54,5127.54,1606,725.9,5158.682566318942
1773330060,5129.155,5129.155,5127.155,5127.155,1279,768.35,5158.610663168452
1773330120,5126.945,5128.945,5126.945,5128.945,447,759.65,5158.585984109785
1773330120.001,5132.045,5132.045,5130.045,5130.045,754,784.1,5158.547781304087
1773330180,5129.895,5131.895,5129.895,5131.895,154,736.1,5158.540136070485
1773330180.001,5133.405,5134.405,5132.405,5134.405,633,727.25,5158.511639945466
1773330240,5134.675,5134.675,5132.675,5132.675,240,698.1,5158.500680118502
1773330240.001,5130.8150000000005,5131.965,5129.965,5129.965,1091,723.15,5158.445625056955
1773330300,5128.615,5130.615,5128.615,5130.615,613,718.75,5158.414028978553
1773330360,5130.995,5130.995,5128.995,5128.995,164,699.25,5158.40550273576
1773330360.001,5126.11,5127.695,5125.695,5125.695,691,716.35,5158.36551557453
1773330420,5125.58,5127.58,5125.58,5127.58,706,723.85,5158.325465793468
1773330480,5129.92,5130.885,5128.885,5130.885,987,761.2,5158.2755191942
1773330540,5130.905,5130.905,5128.905,5128.905,1170,779.6,5158.215182097305
1773330600,5127.635,5129.635,5127.635,5129.635,1289,815.25,5158.147607143853
1773330660,5132.06,5133.425,5131.425,5133.425,759,831.9,5158.113112206411
1773330720,5134.545,5135.425,5133.425,5133.425,506,820.2,5158.091374196991
1773330780,5133.375,5134.475,5132.475,5132.475,520,814.65,5158.068193033888
1773330840,5132.395,5134.2,5132.2,5132.2,439,784.7,5158.04844075251
1773330900,5131.04,5132.195,5130.195,5130.195,870,745.9,5158.006278017133
1773330960,5129.735,5131.735,5129.735,5131.735,812,706.2,5157.967342660011
1773331020,5132.045,5132.045,5130.045,5130.045,277,656.1,5157.953910485638
1773331020.001,5129.04,5130.86,5128.86,5130.86,730,670.25,5157.917902629701
1773331080,5132.015,5133.07,5131.07,5131.07,1297,697.4,5157.857705424177
1773331200,5130.93,5132.93,5130.93,5132.93,1418,760.6,5157.793528842433
1773331260,5134.06,5134.06,5132.06,5132.06,1348,796.35,5157.733919853643
1773331320,5130.9800000000005,5132.9800000000005,5130.9800000000005,5132.9800000000005,317,800.2,5157.719712148987
1773331320.001,5133.18,5134.845,5132.845,5132.845,814,786.35,5157.685019266627
1773331380,5132.485,5134.485,5132.485,5134.485,1022,806.8,5157.64215271626
1773331440,5134.915,5134.915,5132.915,5132.915,808,839,5157.608035387527
1773331500,5132.49,5134.49,5132.49,5134.49,279,818.4,5157.596395505132
1773331500.001,5134.895,5135.035,5133.035,5133.035,875,826.85,5157.55977782856
1773331560,5132.895,5133.1,5131.1,5131.1,880,821.5,5157.52008626558
1773331620,5130.045,5130.235,5128.235,5128.235,1205,823.25,5157.459909294433
1773331680,5122.385,5124.3,5122.3,5124.3,1194,818.5,5157.389576792264
1773331740,5125.7300000000005,5126.125,5124.125,5126.125,1183,839.7,5157.323931962201
1773331800,5126.195,5126.195,5124.195,5124.195,1039,866.35,5157.2654245514495
1773331860,5121.2300000000005,5123.2300000000005,5121.2300000000005,5123.2300000000005,247,852.7,5157.250562352536
1773331860.001,5123.63,5124.6,5122.6,5124.6,1293,895.4,5157.176033354143
1773331980,5127.275000000001,5127.68,5125.68,5127.68,1113,907.55,5157.1180654208865
1773332040,5129.31,5130.08,5128.08,5130.08,1108,922.35,5157.065161720429
1773332100,5131.295,5131.295,5129.295,5129.295,709,943.95,5157.032084155974
1773332160,5128.905,5130.905,5128.905,5130.905,221,918.5,5157.021895366236
1773332160.001,5131.425,5131.57,5129.57,5129.57,782,892.75,5156.985902623118
1773332220,5128.1900000000005,5130.12,5128.12,5130.12,656,854.65,5156.95490173495
1773332280,5130.545,5131.61,5129.61,5131.61,313,802.9,5156.9409347979035
1773332340,5131.91,5133.07,5131.07,5133.07,613,817.7,5156.915158151302
1773332400,5134.6900000000005,5135.6050000000005,5133.6050000000005,5135.6050000000005,994,826.7,5156.877786179611
1773332460,5137.525000000001,5138.175,5136.175,5136.175,1590,855.1,5156.823432909407
1773332580,5134.58,5136.345,5134.345,5134.345,811,855.25,5156.793294098029
1773332640,5133.365,5135.365,5133.365,5135.365,829,882.75,5156.762130383586
1773332700,5135.6900000000005,5135.6900000000005,5133.6900000000005,5133.6900000000005,1020,890,5156.723315120463
1773332760,5132.13,5134.13,5132.13,5134.13,547,873.35,5156.701725657878
1773332820,5135.09,5135.09,5133.09,5133.09,138,820,5156.696353958313
1773332820.001,5132.93,5133.97,5131.97,5133.97,726,796.6,5156.667577866292
1773332880,5134.3550000000005,5134.3550000000005,5132.3550000000005,5132.3550000000005,676,771.25,5156.640524925314
1773332940,5131.38,5131.82,5129.82,5129.82,964,767.5,5156.597924242749
1773333000,5128.345,5128.4800000000005,5126.4800000000005,5126.4800000000005,1159,813.1,5156.540361513772
1773333060,5125.24,5127.115,5125.115,5125.115,1062,801.55,5156.485373324348
1773333120,5125.1,5127.1,5125.1,5127.1,1102,801,5156.429728131069
1773333180,5129.17,5130.12,5128.12,5130.12,2221,856.65,5156.329431377038
1773333360,5130.415,5131.1,5129.1,5131.1,352,838.8,5156.31418117584
1773333420,5131.435,5131.705,5129.705,5129.705,575,856.5,5156.289248958152
1773333480,5129.185,5131.185,5129.185,5131.185,1080,871.4,5156.242813326542
1773333540,5133.87,5133.87,5131.87,5131.87,304,853.8,5156.230795883047
1773333540.001,5131.59,5133.06,5131.06,5133.06,597,868,5156.207088710669
1773333600,5133.575,5133.95,5131.95,5133.95,600,867.35,5156.184198565655
1773333660,5134.85,5136.17,5134.17,5136.17,605,847.9,5156.163396878724
1773333720,5136.5650000000005,5137.765,5135.765,5135.765,1728,854.8,5156.1068722791515
1773333840,5134.365,5135.635,5133.635,5133.635,1389,883.7,5156.056777538312
1773333960,5130.1900000000005,5131.38,5129.38,5129.38,1751,929.8,5155.981666787601
1773334080,5128.6900000000005,5130.6900000000005,5128.6900000000005,5130.6900000000005,772,917.4,5155.9486590866845
1773334140,5133.845,5133.91,5131.91,5131.91,672,923.65,5155.922818299275
1773334200,5131.175,5132.925,5130.925,5130.925,744,953.95,5155.893071171196
1773334260,5129.21,5131.165,5129.165,5129.165,881,961.7,5155.855396030336
1773334320,5128.12,5129.43,5127.43,5127.43,1012,978.5,5155.809376660352
1773334380,5125.175,5127.175,5125.175,5127.175,601,960.35,5155.780556873892
1773334440,5127.8,5127.8,5125.8,5125.8,170,910.9,5155.772403548605
1773334440.001,5124.61,5126.39,5124.39,5124.39,748,895.2,5155.734859270461
1773334500,5123.52,5125.345,5123.345,5123.345,766,878.4,5155.695200102269
1773334560,5122.435,5124.41,5122.41,5124.41,873,811,5155.649740033968
1773334620,5125.02,5125.13,5123.13,5123.13,821,834.45,5155.60717691979
1773334680,5122.29,5123.695,5121.695,5123.695,609,836.15,5155.574917125044
1773334740,5124.805,5125.27,5123.27,5125.27,595,811.9,5155.544982827547
1773334800,5125.345,5125.345,5123.345,5123.345,1166,855,5155.485370634878
1773334920,5122.91,5124.91,5122.91,5124.91,993,874.8,5155.435152930042
1773334980,5125.11,5126.225,5124.225,5126.225,1209,905.25,5155.376797692779
1773335040,5127.185,5128.625,5126.625,5128.625,1316,940.8,5155.318628125218
1773335100,5129.085,5129.085,5127.085,5127.085,984,903.6,5155.274967250717
1773335160,5126.51,5128.51,5126.51,5128.51,325,850.4,5155.260625031832
1773335160.001,5129.87,5129.87,5127.87,5127.87,1097,817.7,5155.213546493695
1773335220,5127.225,5127.875,5125.875,5125.875,1321,845.15,5155.152851312459
1773335280,5125.05,5125.900000000001,5123.900000000001,5125.900000000001,1365,879.8,5155.0875482522415
1773335340,5126.21,5126.21,5124.21,5124.21,2260,955.6,5154.97876763046
1773335460,5122.785,5123.905,5121.905,5121.905,1023,962.7,5154.9260339305065
1773335520,5120.935,5122.935,5120.935,5122.935,1301,977.15,5154.858590831736
1773335580,5124.24,5124.24,5122.24,5122.24,346,964.4,5154.8410516522645
1773335580.001,5121.885,5122.9400000000005,5120.9400000000005,5120.9400000000005,2067,1059.25,5154.732423487466
1773335700,5120.045,5120.55,5118.55,5118.55,1329,1088.3,5154.657941948592
1773335760,5115.455,5117.455,5115.455,5117.455,1021,1101.05,5154.59702754351
1773335820,5118.56,5118.56,5116.56,5116.56,336,1074.2,5154.577256017767
1773335820.001,5113.76,5115.76,5113.76,5115.76,336,1049.95,5154.556377316793
1773335820.002,5117.155,5118.895,5116.895,5118.895,807,1059.85,5154.510297766488
1773335880,5119.915,5119.945,5117.945,5117.945,1035,1081.85,5154.451992875685
1773335940,5117.805,5119.805,5117.805,5119.805,1035,1075.3,5154.394731070509
1773336000,5120.225,5121.32,5119.32,5121.32,2381,1144.7,5154.269333997733
1773336120,5122.785,5122.89,5120.89,5120.89,1060,1137.25,5154.215299788118
1773336180,5120.415,5121.66,5119.66,5119.66,1261,1134.5,5154.1488392934825
1773336240,5117.37,5119.37,5117.37,5119.37,337,1102.15,5154.130271600267
1773336240.001,5120.5,5121.375,5119.375,5121.375,874,1129.6,5154.084927548711
1773336300,5122.325,5122.325,5120.325,5120.325,956,1122.55,5154.035889780652
1773336360,5119.51,5121.475,5119.475,5121.475,873,1100.15,5153.990988511398
1773336420,5121.975,5121.975,5119.975,5119.975,1015,1082.65,5153.938674596532
1773336480,5117.545,5119.495,5117.495,5119.495,1560,1047.65,5153.85422880367
1773336540,5120.66,5120.66,5118.66,5118.66,1337,1063.35,5153.783202145101
1773336600,5116.54,5118.54,5116.54,5118.54,301,1013.35,5153.7665793790475
1773336600.001,5118.785,5120.2,5118.2,5118.2,374,1014.75,5153.746517611171
1773336660,5117.555,5118.22,5116.22,5116.22,809,951.85,5153.70074183946
1773336720,5115.125,5116.25,5114.25,5114.25,1056,938.2,5153.637972509664
1773336780,5112.99,5113.885,5111.885,5111.885,1268,950.55,5153.55828260308
1773336840,5111.415,5113.27,5111.27,5113.27,1429,1005.2,5153.468956718315
1773336900,5115.265,5116.015,5114.015,5114.015,1143,1045.55,5153.401407958055
1773336960,5113.0650000000005,5115.0650000000005,5113.0650000000005,5115.0650000000005,259,1018.15,5153.386022551598
1773336960.001,5115.195,5115.495,5113.495,5113.495,2300,1081.4,5153.24909988318
1773337080,5109.3,5111.3,5109.3,5111.3,1378,1098.55,5153.1601585004455
1773337140,5113.22,5113.78,5111.78,5111.78,2376,1098.3,5153.014173207446
1773337260,5105.14,5107.14,5105.14,5107.14,1055,1098.05,5152.940192225204
1773337320,5108.88,5109.54,5107.54,5109.54,1012,1085.6,5152.8731012174785
1773337380,5112.035,5112.035,5110.035,5110.035,969,1117.2,5152.811713539025
1773337440,5109.635,5110.655,5108.655,5108.655,1235,1135.25,5152.731177381283
1773337500,5107.635,5109.635,5107.635,5109.635,1041,1139.5,5152.662972891637
1773337560,5109.805,5109.805,5107.805,5107.805,355,1113.6,5152.639498673751
1773337560.001,5106.545,5108.545,5106.545,5108.545,1091,1117.4,5152.566545587179
1773337620,5111.56,5112.51,5110.51,5110.51,1868,1132.8,5152.451365257229
1773337740,5107.66,5109.02,5107.02,5109.02,658,1098.85,5152.408180857566
1773337800,5109.56,5109.805,5107.805,5107.805,812,1124.4,5152.355148748953
1773337860,5107.395,5108.925,5106.925,5106.925,946,1153,5152.292290541929
1773337920,5106.78,5108.56,5106.56,5106.56,911,1158.1,5152.231431674542
1773337980,5105.93,5107.93,5105.93,5107.93,979,1154.25,5152.16626620917
1773338040,5109.195,5109.195,5107.195,5107.195,828,1132.25,5152.112031479534
1773338100,5104.12,5106.12,5104.12,5106.12,287,1075.15,5152.092242262754
1773338100.001,5108.625,5108.625,5106.625,5106.625,1049,1070.45,5152.0228996104115
1773338160,5106.1900000000005,5107.205,5105.205,5105.205,1139,1114.45,5151.945467849604
1773338220,5104.575,5105.285,5103.285,5103.285,1173,1058.1,5151.862684020904
1773338280,5102.615,5104.615,5102.615,5104.615,1103,1044.35,5151.78509511393
1773338340,5105.785,5107.075,5105.075,5107.075,1326,991.85,5151.696931189558
1773338400,5107.475,5108.455,5106.455,5108.455,1320,1005.1,5151.612169771397
1773338460,5110.665,5112.2,5110.2,5112.2,994,1004.2,5151.553993571727
1773338520,5112.84,5112.84,5110.84,5110.84,336,972.55,5151.534353474693
1773338520.001,5109.3,5109.595,5107.595,5107.595,1065,964.05,5151.467192078269
1773338580,5107.33,5109.155,5107.155,5109.155,941,959.05,5151.408334065843
1773338640,5110.43,5110.43,5108.43,5108.43,1013,991.95,5151.346048001644
1773338700,5106.145,5107.625,5105.625,5107.625,1162,995.5,5151.271221147865
1773338760,5109.385,5109.62,5107.62,5109.62,1087,956.45,5151.204592994505
1773338820,5111.1900000000005,5112.615,5110.615,5112.615,825,964.8,5151.157738802232
1773338880,5112.785,5112.785,5110.785,5110.785,281,938.25,5151.141603677806
1773338880.001,5110.21,5110.335,5108.335,5108.335,907,936.3,5151.086403436808
1773338940,5107.27,5108.8550000000005,5106.8550000000005,5108.8550000000005,846,933.05,5151.0340533250765
1773339000,5109.2,5109.26,5107.26,5109.26,1379,953.05,5150.949798753767
1773339120,5109.76,5109.76,5107.76,5107.76,173,920.3,5150.939210857844
1773339120.001,5107.29,5108.035,5106.035,5106.035,746,943.25,5150.891764584517
1773339180,5105.42,5107.42,5105.42,5107.42,1577,969.65,5150.791917058986
1773339300,5109.95,5110.455,5108.455,5108.455,1466,986,5150.704471758903
1773339420,5108.34,5110.34,5108.34,5110.34,240,939.35,5150.690380427622
1773339420.001,5110.41,5110.58,5108.58,5108.58,903,929.35,5150.636897789871
1773339480,5107.59,5108.26,5106.26,5106.26,2027,964.4,5150.51064324989
1773339600,5104.42,5104.845,5102.845,5102.845,1277,962.25,5150.425274311471
1773339660,5101.33,5103.3150000000005,5101.3150000000005,5103.3150000000005,2754,1050.25,5150.238848977905
1773339780,5105.185,5105.900000000001,5103.900000000001,5103.900000000001,1084,1087.65,5150.168810420101
1773339840,5102.375,5104.375,5102.375,5104.375,929,1080.85,5150.107830740339
1773339900,5105.6900000000005,5105.6900000000005,5103.6900000000005,5103.6900000000005,606,1064.1,5150.068693620374
1773339960,5103.03,5105.03,5103.03,5105.03,1072,1067.05,5149.999634774469
1773340020,5106.13,5106.13,5104.13,5104.13,844,1051.15,5149.945925354197
1773340080,5103.26,5105.1900000000005,5103.1900000000005,5103.1900000000005,1869,1090.25,5149.824974515473
1773340200,5102.08,5103.650000000001,5101.650000000001,5103.650000000001,1290,1113.5,5149.740283810352
1773340320,5103.6900000000005,5103.6900000000005,5101.6900000000005,5101.6900000000005,212,1110.05,5149.726208791562
1773340320.001,5101.435,5103.435,5101.435,5103.435,784,1103.9,5149.674682059143
1773340380,5104.3550000000005,5104.3550000000005,5102.3550000000005,5102.3550000000005,919,1107.55,5149.614751948317
1773340440,5099.88,5100.9800000000005,5098.9800000000005,5098.9800000000005,1124,1094.8,5149.536368012694
1773340500,5098.68,5100.68,5098.68,5100.68,1124,1142.35,5149.458803892329
1773340560,5103.5650000000005,5103.6900000000005,5101.6900000000005,5101.6900000000005,1014,1155.75,5149.392345064355
1773340620,5100.91,5102.49,5100.49,5100.49,856,1119.7,5149.334959945514
1773340680,5099.25,5101.25,5099.25,5101.25,794,1086.1,5149.281221171132
1773340740,5101.515,5101.515,5099.515,5099.515,657,1106.95,5149.236478168557
1773340800,5099.495,5100.28,5098.28,5098.28,3634,1243.5,5148.984267412355
1773341100,5095.62,5097.62,5095.62,5097.62,261,1155.2,5148.965532813416
1773341100.001,5098.115,5098.76,5096.76,5096.76,542,1118.45,5148.927024738717
1773341160,5096.35,5097.82,5095.82,5095.82,942,1027.85,5148.859015077666
1773341220,5095.02,5097.02,5095.02,5097.02,618,1004.55,5148.81437967237
1773341280,5098.165,5098.165,5096.165,5096.165,182,967.2,5148.801368802856
1773341280.001,5096.125,5097.07,5095.07,5095.07,886,981.2,5148.736790504402
1773341340,5092.16,5092.885,5090.885,5092.885,993,977.25,5148.6598075202255
1773341400,5093.37,5094.37,5092.37,5094.37,985,984.3,5148.585655343591
1773341460,5095.005,5096.1050000000005,5094.1050000000005,5096.1050000000005,811,931.4,5148.526677506009
1773341520,5097.035,5097.475,5095.475,5097.475,672,900.5,5148.47916572225
1773341580,5099.4400000000005,5099.55,5097.55,5097.55,898,934.8,5148.417538152221
1773341700,5097.46,5099.27,5097.27,5097.27,2086,999.9,5148.274167393932
1773341940,5093.96,5094.59,5092.59,5092.59,1117,1009.8,5148.19062373515
1773342000,5091.845,5093.845,5091.845,5093.845,880,997.6,5148.124890861183
1773342060,5095.3,5095.3,5093.3,5093.3,284,955.6,5148.104014464639
1773342060.001,5091.425,5091.955,5089.955,5089.955,1266,968.2,5148.005410275757
1773342120,5085.27,5085.925,5083.925,5083.925,1138,982.3,5147.90778018965
1773342180,5079.37,5081.37,5079.37,5081.37,405,962.85,5147.87097804222
1773342180.001,5087.985,5088.57,5086.57,5088.57,1064,983.2,5147.784828219473
1773342240,5089.085,5089.265,5087.265,5089.265,1093,856.15,5147.6976118289485
1773342300,5092.665,5092.665,5090.665,5090.665,1086,897.4,5147.615204366992
1773342360,5090.35,5091.935,5089.935,5089.935,1036,922.1,5147.5357985391265
1773342420,5087.75,5089.75,5087.75,5089.75,930,921.5,5147.462809478409
1773342480,5092.24,5093.8550000000005,5091.8550000000005,5091.8550000000005,1866,983.9,5147.325501875493
1773342600,5090.135,5090.81,5088.81,5088.81,778,1013.7,5147.265286530799
1773342660,5087.52,5088.235,5086.235,5086.235,505,994.65,5147.224529148706
1773342720,5085.9400000000005,5087.9400000000005,5085.9400000000005,5087.9400000000005,165,953.25,5147.211306281914
1773342720.001,5088.3150000000005,5090.01,5088.01,5088.01,618,934.9,5147.162990765024
1773342780,5086.650000000001,5086.905,5084.905,5084.905,761,932.4,5147.100452157711
1773342840,5083.31,5085.31,5083.31,5085.31,771,937.35,5147.036267121091
1773342900,5085.89,5085.89,5083.89,5083.89,284,906.65,5147.01262482323
1773342900.001,5082.95,5083.9800000000005,5081.9800000000005,5081.9800000000005,971,850.9,5146.929458584326
1773342960,5081.0650000000005,5083.0650000000005,5081.0650000000005,5083.0650000000005,761,833.1,5146.86417771559
1773343020,5085.4800000000005,5086.4400000000005,5084.4400000000005,5086.4400000000005,931,835.65,5146.788664895973
1773343080,5087.915,5088.585,5086.585,5086.585,719,857.4,5146.73188477404
1773343140,5085.99,5087.655,5085.655,5087.655,556,821.9,5146.687857058277
1773343200,5088.13,5088.13,5086.13,5086.13,423,786.15,5146.654297192474
1773343260,5084.49,5086.49,5084.49,5086.49,144,773.1,5146.642695502487
1773343260.001,5089.04,5089.17,5087.17,5087.17,549,747.35,5146.599967499661
1773343320,5087.13,5089.13,5087.13,5089.13,498,717.6,5146.561675197504
1773343380,5091.515,5092.155,5090.155,5092.155,517,689.15,5146.524042325917
1773343440,5093.875,5093.875,5091.875,5091.875,751,674.9,5146.470512424049
1773343500,5089.78,5091.78,5089.78,5091.78,666,661.7,5146.421874956569
1773343560,5092.0650000000005,5092.0650000000005,5090.0650000000005,5090.0650000000005,229,579.85,5146.405055734105
1773343560.001,5089.2,5091.2,5089.2,5091.2,1297,605.8,5146.309648482408
1773343680,5094.62,5095.72,5093.72,5093.72,620,611.55,5146.267299176044
1773343740,5093.34,5095.32,5093.32,5095.32,818,644.2,5146.21181764562
1773343800,5095.4800000000005,5095.8550000000005,5093.8550000000005,5095.8550000000005,712,648.9,5146.164122755533
1773343860,5096.705,5097.005,5095.005,5095.005,1132,667.45,5146.089193794002
1773343980,5094.655,5096.655,5094.655,5096.655,439,650.85,5146.060377599094
1773344040,5096.7300000000005,5096.7300000000005,5094.7300000000005,5094.7300000000005,151,644.2,5146.050356509105
1773344040.001,5093.56,5095.56,5093.56,5095.56,479,619.6,5146.018278353843
1773344100,5095.885,5095.885,5093.885,5093.885,164,589.75,5146.007231342414
1773344100.001,5093.400000000001,5094.145,5092.145,5094.145,805,583.45,5145.951945717728
1773344160,5094.89,5096.47,5094.47,5094.47,1457,620.35,5145.855330529005
1773344280,5093.845,5095.845,5093.845,5095.845,739,629.5,5145.806507104213
1773344340,5096.02,5096.02,5094.02,5094.02,596,638.15,5145.766817993912
1773344400,5093.6050000000005,5094.58,5092.58,5092.58,923,677.1,5145.703745294858
1773344520,5091.07,5092.5650000000005,5090.5650000000005,5092.5650000000005,841,691.7,5145.644933999721
1773344640,5092.645,5092.645,5090.645,5090.645,620,697.8,5145.60118718042
1773344700,5090.185,5091.79,5089.79,5091.79,642,704.05,5145.555805344985
1773344760,5092.505,5093.88,5091.88,5093.88,648,698.9,5145.511831821645
1773344820,5095.53,5095.615,5093.615,5095.615,1154,723.3,5145.436295526523
1773344940,5095.845,5095.845,5093.845,5093.845,710,747.35,5145.389532781932
1773345000,5093.405,5095.405,5093.405,5095.405,546,709.8,5145.353789899477
1773345060,5096.07,5096.175,5094.175,5096.175,512,704.4,5145.320827755872
1773345120,5096.2,5096.255,5094.255,5094.255,634,695.2,5145.279591712022
1773345180,5092.645,5094.255,5092.255,5094.255,694,694.3,5145.2333374012715
1773345240,5094.49,5094.49,5092.49,5092.49,1429,709.15,5145.137562518897
1773345300,5090.385,5091.645,5089.645,5089.645,1124,743.4,5145.05836702954
1773345360,5089.36,5090.06,5088.06,5088.06,1076,789.65,5144.980578887022
1773345420,5086.595,5087.155,5085.155,5085.155,1115,821.45,5144.8960466603385
1773345480,5084.31,5084.7300000000005,5082.7300000000005,5082.7300000000005,1082,867.35,5144.810889047288
1773345540,5081.475,5083.475,5081.475,5083.475,401,847.15,5144.779086886332
1773345540.001,5085.71,5085.71,5083.71,5085.71,915,820.05,5144.709255587575
1773345600,5086.715,5087.84,5085.84,5087.84,447,805.45,5144.676416329887
1773345660,5089.165,5090.45,5088.45,5088.45,1076,829.45,5144.600186840944
1773345900,5087.62,5089.62,5087.62,5089.62,182,792.4,5144.58727578742
1773345960,5090.225,5090.925,5088.925,5088.925,561,778.4,5144.547972391789
1773346260,5088.295,5088.58,5086.58,5086.58,207,757.75,5144.532866041505
1773346320,5086.54,5087.6,5085.6,5085.6,274,739.35,5144.512540579991
1773346380,5085.515,5087.515,5085.515,5087.515,249,719.4,5144.494266261849
1773346440,5087.53,5087.53,5085.53,5085.53,88,666.1,5144.487737659524
1773346440.001,5085.215,5087.215,5085.215,5087.215,266,643.9,5144.468131363948
1773346500,5088.015,5088.825,5086.825,5088.825,329,633.05,5144.444573385533
1773346620,5089.045,5089.045,5087.045,5087.045,446,629.75,5144.412415920324
1773346680,5083.92,5085.92,5083.92,5085.92,427,619.4,5144.380329179734
1773346740,5085.9400000000005,5085.9400000000005,5083.9400000000005,5083.9400000000005,553,612.35,5144.338371994719
1773346800,5077.945,5079.945,5077.945,5079.945,498,565.8,5144.297272113766
1773346860,5082.0650000000005,5082.0650000000005,5080.0650000000005,5080.0650000000005,174,518.3,5144.2832448652125
1773346860.001,5077.145,5079.145,5077.145,5079.145,550,492,5144.2373758699805
1773346920,5081.535,5081.535,5079.535,5079.535,125,442.5,5144.227232981059
1773346920.001,5078.83,5080.78,5078.78,5080.78,325,404.65,5144.200840138311
1773346980,5082.445,5082.445,5080.445,5080.445,596,414.4,5144.153249231202
1773347100,5080.2300000000005,5080.900000000001,5078.900000000001,5078.900000000001,596,398.45,5144.10456548756
1773347160,5072.6900000000005,5074.6900000000005,5072.6900000000005,5074.6900000000005,182,385.2,5144.08843793135
1773347160.001,5074.795,5076.74,5074.74,5076.74,384,350.6,5144.055429778249
1773347220,5079.14,5079.14,5077.14,5077.14,127,347.85,5144.044798232197
1773347220.001,5076.78,5077.645,5075.645,5075.645,415,340.55,5144.009297566494
1773347280,5075.25,5076.515,5074.515,5074.515,485,354.45,5143.967164228549
1773347340,5071.4400000000005,5072.28,5070.28,5070.28,1230,402.25,5143.853976982011
1773347400,5055.125,5057.125,5055.125,5057.125,1289,454.25,5143.71223927894
1773347460,5062.3,5062.3,5060.3,5060.3,305,465.1,5143.680498274433
1773347460.001,5060,5060,5058,5058,502,476.9,5143.6268574729975
1773347520,5055.35,5057.35,5055.35,5057.35,251,473,5143.599436938204
1773347520.001,5063.51,5064.63,5062.63,5064.63,664,483.9,5143.533050273203
1773347580,5068.58,5069.89,5067.89,5069.89,735,499.3,5143.464543241646
1773347640,5071.585,5073.1,5071.1,5071.1,697,506.5,5143.401916219788
1773347700,5068.74,5070.74,5068.74,5070.74,440,503.6,5143.3615043218015
1773347760,5070.765,5070.765,5068.765,5068.765,136,501.7,5143.348913097286
1773347760.001,5067.385,5068.24,5066.24,5068.24,520,500.2,5143.29960034991
1773347820,5068.545,5069.275000000001,5067.275000000001,5069.275000000001,441,516,5143.258400524079
1773347880,5069.8550000000005,5070.825,5068.825,5070.825,317,515.6,5143.229427632744
1773347940,5071.785,5071.785,5069.785,5069.785,334,502.5,5143.199048271903
1773348000,5067.865,5069.865,5067.865,5069.865,706,508,5143.1338117101795
1773348120,5071.88,5072.5650000000005,5070.5650000000005,5070.5650000000005,546,526.2,5143.084823796392
1773348240,5070.56,5072.56,5070.56,5072.56,51,509.55,5143.080293516031
1773348240.001,5072.99,5074.085,5072.085,5074.085,264,516.4,5143.057354044941
1773348300,5075.05,5075.46,5073.46,5075.46,363,513.8,5143.02645922451
1773348420,5076.115,5078.115,5076.115,5078.115,275,503.3,5143.003982656271
1773348480,5081.145,5081.145,5079.145,5079.145,209,452.25,5142.987526221457
1773348540,5078.985,5080.985,5078.985,5080.985,67,391.15,5142.982294822464
1773348540.001,5081.47,5081.47,5079.47,5079.47,280,389.9,5142.960378354596
1773348600,5076.925,5078.265,5076.265,5078.265,224,376,5142.942148216256
1773348660,5079.53,5080.145,5078.145,5078.145,181,372.5,5142.9276984266235
1773348720,5077.655,5079.655,5077.655,5079.655,180,348.3,5142.913374503876
1773348780,5080.03,5080.03,5078.03,5078.03,165,319.8,5142.900189995166
1773348840,5077.89,5079.89,5077.89,5079.89,139,291.9,5142.889178322884
1773348900,5080.66,5080.66,5078.66,5078.66,155,277.65,5142.876923533001
1773348960,5076.955,5078.955,5076.955,5078.955,226,282.15,5142.858771916947
1773349020,5080.150000000001,5080.150000000001,5078.150000000001,5078.150000000001,271,269.7,5142.8371974728625
1773349080,5078,5080,5078,5080,101,252.7,5142.829225391438
1773353040,5083.865,5085.4800000000005,5083.4800000000005,5085.4800000000005,244,249.05,5084.813333333334
1773353100,5085.97,5085.97,5083.97,5083.97,99,237.3,5084.76234207969
1773353100.001,5081.535,5081.7,5079.7,5079.7,394,221.7,5082.4124151967435
1773353160,5077.79,5079.79,5077.79,5079.79,147,201.75,5081.865475113123
1773353160.001,5086.72,5086.72,5084.72,5084.72,147,206.55,5082.3675266731325
1773353160.002,5083.3150000000005,5084.505,5082.505,5082.505,216,204.15,5082.506816359262
1773353220,5082.1900000000005,5082.28,5080.28,5080.28,253,198.65,5082.243671111111
1773353280,5079.58,5081.58,5079.58,5081.58,91,189.45,5082.167580138278
1773353280.001,5085.775000000001,5085.775000000001,5083.775000000001,5083.775000000001,91,183.55,5082.290613357115
1773353280.002,5083.325,5083.535,5081.535,5081.535,142,187.3,5082.28368877924
1773353340,5081.305,5081.935,5079.935,5081.935,218,184.2,5082.175291380999
1773353400,5085.1900000000005,5086.225,5084.225,5084.225,542,200.1,5082.745057404541
1773353520,5082.715,5083.93,5081.93,5081.93,289,205.5,5082.730130525583
1773353580,5080.03,5081.38,5079.38,5081.38,186,205.8,5082.607500817261
1773353640,5081.63,5083.02,5081.02,5083.02,224,208.75,5082.590158899381
1773353700,5084.12,5086.12,5084.12,5086.12,228,213.2,5082.7760899079085
1773353760,5087.055,5088.905,5086.905,5088.905,774,244.15,5083.762735511474
1773353820,5090.7300000000005,5091.525000000001,5089.525000000001,5091.525000000001,617,263.7,5084.655837073304
1773353880,5091.56,5091.56,5089.56,5089.56,188,259.55,5084.86159659463
1773353880.001,5087.325,5089.325,5087.325,5089.325,520,280.5,5085.21352228164
1773353940,5090.765,5090.91,5088.91,5090.91,381,287.35,5085.533395092639
1773354000,5091.18,5091.8,5089.8,5089.8,225,293.65,5085.711964285714
1773354060,5089.74,5091.33,5089.33,5091.33,206,284.25,5085.870790511783
1773354120,5091.74,5092.045,5090.045,5092.045,231,288.45,5086.062018888722
1773354180,5094.7300000000005,5095.01,5093.01,5095.01,260,294.1,5086.373481604706
1773354240,5095.3,5095.545,5093.545,5093.545,287,297.65,5086.685920370372
1773354300,5093.095,5094.015,5092.015,5092.015,307,300.35,5086.931117401537
1773354420,5090.625,5092.2300000000005,5090.2300000000005,5092.2300000000005,128,302.2,5087.008776031435
1773354480,5092.505,5093.650000000001,5091.650000000001,5091.650000000001,192,307.25,5087.138981091096
1773354600,5090.64,5092.515,5090.515,5092.515,147,307.5,5087.225797592175
1773354720,5092.655,5092.655,5090.655,5090.655,159,304.55,5087.30587175704
1773354840,5090.1,5090.4400000000005,5088.4400000000005,5088.4400000000005,104,282.65,5087.328608514428
1773354900,5087.55,5087.97,5085.97,5085.97,203,278.35,5087.311965837283
1773355020,5085.58,5087.58,5085.58,5087.58,400,289.05,5087.293928167422
1773355200,5089,5089.125,5087.125,5089.125,170,286.35,5087.315898076213
1773355320,5089.215,5090.825,5088.825,5088.825,208,285.35,5087.364993310191
1773355440,5088.43,5090.43,5088.43,5090.43,192,256.25,5087.413928622034
1773355500,5092.84,5092.84,5090.84,5090.84,138,232.3,5087.473082146349
1773355560,5090.51,5092.51,5090.51,5092.51,46,225.2,5087.494036029464
1773355560.001,5092.67,5093.03,5091.03,5091.03,145,206.45,5087.556607283433
1773355620,5090.715,5091.145,5089.145,5089.145,166,195.7,5087.594400302878
1773355680,5088.975,5090.155,5088.155,5090.155,438,206.35,5087.674603596636
1773355860,5092.795,5093.01,5091.01,5091.01,293,210.7,5087.784852231417
1773356040,5090.925,5092.925,5090.925,5092.925,129,205.6,5087.838459204213
1773356100,5093.535,5094.935,5092.935,5094.935,320,208.6,5088.02407577808
1773356220,5094.995,5095.59,5093.59,5095.59,320,210.25,5088.217654245216
1773356340,5096.33,5096.365,5094.365,5094.365,358,212.8,5088.425034713368
1773356400,5092.135,5092.6,5090.6,5090.6,366,224.7,5088.510782697119
1773356460,5090.155,5091.67,5089.67,5089.67,367,233.45,5088.564407810501
1773356520,5089.1050000000005,5090.97,5088.97,5090.97,314,241.8,5088.607032526674
1773356580,5091.650000000001,5093.435,5091.435,5093.435,316,249.65,5088.707213164713
1773356640,5093.87,5095.085,5093.085,5095.085,266,257.75,5088.820650886103
1773356700,5095.865,5096.150000000001,5094.150000000001,5096.150000000001,576,276.4,5089.095400677742
1773356820,5096.26,5096.26,5094.26,5094.26,502,281.5,5089.297701681643
1773356940,5093.63,5095.4400000000005,5093.4400000000005,5093.4400000000005,485,297.25,5089.453659422715
1773357060,5092.14,5094.14,5092.14,5094.14,299,301.8,5089.53245072331
1773357120,5094.935,5094.935,5092.935,5092.935,192,301.8,5089.583032716132
1773357180,5091.915,5091.9400000000005,5089.9400000000005,5089.9400000000005,188,304.3,5089.595341989682
1773357240,5089.68,5091.68,5089.68,5091.68,255,314.75,5089.618099104205
1773357300,5094.17,5095.305,5093.305,5095.305,308,322.9,5089.713563211297
1773357360,5095.675,5095.675,5093.675,5093.675,550,342.1,5089.865558010392
1773357480,5093.645,5094.245,5092.245,5094.245,196,330,5089.908508135122
1773357540,5094.4800000000005,5095.09,5093.09,5095.09,534,342.05,5090.046456104216
1773357780,5096.495,5097.84,5095.84,5097.84,449,358.05,5090.224965971218
1773357840,5099.150000000001,5099.150000000001,5097.150000000001,5097.150000000001,130,348.55,5090.2796248707755
1773357840.001,5096.7300000000005,5097.745,5095.745,5097.745,281,346.6,5090.38380969261
1773357900,5099.625,5099.625,5097.625,5097.625,312,344.3,5090.516109085388
1773357960,5096.76,5097.8,5095.8,5095.8,280,340,5090.604130434786
1773358020,5095.52,5096.245,5094.245,5094.245,557,349.5,5090.727259742041
1773358140,5093.395,5094.62,5092.62,5092.62,521,359.85,5090.793908965199
1773358200,5092.125,5094.125,5092.125,5094.125,395,363.8,5090.8454944776695
1773358260,5096.175,5097.005,5095.005,5097.005,378,369.4,5090.945412335583
1773358320,5097.03,5097.91,5095.91,5097.91,381,359.65,5091.058805270706
1773358380,5097.99,5097.99,5095.99,5095.99,320,350.55,5091.142195971637
1773358440,5095.24,5095.75,5093.75,5093.75,531,352.85,5091.2211867011965
1773358560,5093.12,5095.12,5093.12,5095.12,74,341.6,5091.232016133904
1773358560.001,5095.385,5097.2300000000005,5095.2300000000005,5097.2300000000005,779,370.95,5091.413651650999
1773358740,5097.675,5098.515,5096.515,5096.515,337,378.4,5091.497429819272
1773358800,5095.765,5096.66,5094.66,5094.66,605,395.9,5091.594741042554
1773358920,5094.205,5096.205,5094.205,5096.205,211,391.05,5091.629385807871
1773358980,5096.33,5096.685,5094.685,5096.685,945,410.8,5091.795533923544
1773359160,5098.045,5098.785,5096.785,5098.785,734,437.7,5091.976136124843
1773359340,5099.61,5099.735,5097.735,5097.735,247,423.35,5092.037310425022
1773359400,5097.3,5099.3,5097.3,5099.3,206,411.2,5092.0892714467855
1773359460,5100.475,5100.995,5098.995,5098.995,200,414.7,5092.146746932325
1773359520,5098.9800000000005,5100.955,5098.955,5100.955,903,445.8,5092.416509986671
1773359820,5101.35,5101.35,5099.35,5099.35,583,459.35,5092.575688437039
1773359940,5098.12,5099.4800000000005,5097.4800000000005,5099.4800000000005,524,471.55,5092.690939703812
1773360000,5103.32,5103.96,5101.96,5101.96,367,462.05,5092.817872965043
1773360060,5101.74,5103.16,5101.16,5103.16,252,448.6,5092.902010306318
1773360120,5103.3,5103.3,5101.3,5101.3,90,433.35,5092.930075223323
1773360120.001,5099.53,5101.53,5099.53,5101.53,256,427.25,5092.999330605288
1773360180,5101.8150000000005,5101.8150000000005,5099.8150000000005,5099.8150000000005,350,425.7,5093.0875805672595
1773360240,5098.650000000001,5100.650000000001,5098.650000000001,5100.650000000001,301,424.75,5093.15682334757
1773360300,5103.95,5103.95,5101.95,5101.95,241,410.25,5093.2322716793005
1773360360,5101.85,5103.85,5101.85,5103.85,80,410.55,5093.258547710998
1773360360.001,5104.395,5104.6,5102.6,5104.6,1283,435.75,5093.692232003381
1773360720,5106.195,5107.87,5105.87,5107.87,353,436.55,5093.841589056256
1773360780,5108.3550000000005,5108.3550000000005,5106.3550000000005,5106.3550000000005,391,425.85,5094.001018902366
1773360840,5106.015,5107.900000000001,5105.900000000001,5107.900000000001,626,446.6,5094.25241279717
1773360960,5108.150000000001,5108.150000000001,5106.150000000001,5106.150000000001,117,405.2,5094.296868529555
1773360960.001,5105.49,5106.915,5104.915,5104.915,884,412.7,5094.590696739421
1773361200,5104.89,5106.845,5104.845,5106.845,528,426.75,5094.768145972914
1773361320,5108.525000000001,5108.525000000001,5106.525000000001,5106.525000000001,241,428.5,5094.854380664365
1773361380,5105.575,5106.900000000001,5104.900000000001,5104.900000000001,577,447.35,5095.029494385739
1773361560,5104.41,5106.41,5104.41,5106.41,321,418.25,5095.126050685985
1773361620,5106.55,5107.71,5105.71,5107.71,396,408.9,5095.257089835437
1773361800,5108.6,5108.695,5106.695,5106.695,223,393.85,5095.331580566827
1773361860,5106.425,5108.425,5106.425,5108.425,344,392.7,5095.448439125961
1773361920,5110.545,5110.545,5108.545,5108.545,218,391,5095.529973504718
1773361980,5108.51,5110.51,5108.51,5110.51,61,389.55,5095.553660833789
1773361980.001,5110.58,5110.58,5108.58,5108.58,720,412.75,5095.816006874227
1773362160,5107.995,5109.87,5107.87,5109.87,228,406.65,5095.896738741363
1773362220,5109.92,5109.97,5107.97,5107.97,1378,460.5,5096.344746210384
1773362580,5107.115,5109.115,5107.115,5109.115,674,482.15,5096.549407969564
1773362820,5109.265,5110.015,5108.015,5108.015,500,503.15,5096.699708498517
1773362940,5107.835,5109.665,5107.665,5109.665,540,466,5096.862086430321
1773363060,5110.52,5111.655,5109.655,5111.655,320,464.35,5096.971751617341
1773363120,5112.125,5113.285,5111.285,5111.285,427,466.15,5097.125338279671
1773363180,5111.275000000001,5112.985,5110.985,5112.985,506,460.15,5097.307713330016
1773363300,5113.485,5115.11,5113.11,5115.11,235,466.05,5097.402713582464
1773363360,5115.285,5115.400000000001,5113.400000000001,5113.400000000001,221,432.9,5097.489144468699
1773363420,5112.655,5114.37,5112.37,5114.37,1250,469,5097.951255690587
1773363600,5120.54,5120.54,5118.54,5118.54,910,502.45,5098.383305188861
1773363660,5118.09,5120.09,5118.09,5120.09,498,498.5,5098.614774780748
1773363720,5121.01,5121.01,5119.01,5119.01,144,489.65,5098.6815628372005
1773363720.001,5117.345,5119.345,5117.345,5119.345,435,491.6,5098.87129793221
1773363780,5119.935,5119.935,5117.935,5117.935,145,487.7,5098.933503656514
1773363780.001,5116.995,5118.995,5116.995,5118.995,661,503.55,5099.208303931237
1773363840,5119.4400000000005,5120.495,5118.495,5120.495,1028,544.05,5099.652880068515
1773363960,5120.89,5120.89,5118.89,5118.89,696,575.8,5099.939241807235
1773364080,5117.3,5119.3,5117.3,5119.3,282,553.9,5100.047584398593
1773364140,5120.25,5120.25,5118.25,5118.25,357,560.35,5100.185017069607
1773364200,5116.9800000000005,5117.87,5115.87,5115.87,379,510.4,5100.310483223336
1773364260,5115.6900000000005,5117.6900000000005,5115.6900000000005,5117.6900000000005,141,483.75,5100.358055886412
1773364260.001,5118.400000000001,5119.675,5117.675,5119.675,570,487.25,5100.570223497324
1773364320,5121.17,5121.17,5119.17,5119.17,143,467.4,5100.62505356764
1773364320.001,5118.515,5120.16,5118.16,5120.16,422,472.5,5100.782196138414
1773364380,5120.395,5120.93,5118.93,5118.93,1068,504.55,5101.170573240818
1773364500,5117.765,5118.735,5116.735,5116.735,544,506.45,5101.339459565436
1773364560,5116.7,5118.015,5116.015,5116.015,591,524.25,5101.510950579694
1773364620,5114.1050000000005,5116.1050000000005,5114.1050000000005,5116.1050000000005,448,535.6,5101.627967655023
1773364680,5117.255,5117.255,5115.255,5115.255,944,520.3,5101.876622439267
1773364800,5114.435,5116.435,5114.435,5116.435,207,485.15,5101.929412572823
1773364800.001,5119.595,5119.595,5117.595,5117.595,986,509.55,5102.2197873165305
1773364860,5115.81,5116.755,5114.755,5116.755,1029,553.8,5102.47242480571
1773364980,5118.32,5118.76,5116.76,5116.76,359,550,5102.566865449346
1773365040,5116.63,5118.395,5116.395,5118.395,679,576.7,5102.745824800814
1773365160,5119.0650000000005,5120.505,5118.505,5120.505,723,579.8,5102.95798459461
1773365280,5120.650000000001,5120.650000000001,5118.650000000001,5118.650000000001,415,549.15,5103.0737109137535
1773365340,5118.3550000000005,5120.34,5118.34,5120.34,1001,564.4,5103.352207528831
1773365460,5120.97,5121.2300000000005,5119.2300000000005,5119.2300000000005,392,569.9,5103.460197204834
1773365520,5119.11,5121,5119,5121,333,568.7,5103.553239883647
1773365580,5121.485,5121.795,5119.795,5119.795,1211,610.3,5103.885644182903
1773365760,5118.525000000001,5120.4400000000005,5118.4400000000005,5118.4400000000005,496,628.05,5104.007224109983
1773365820,5118.135,5118.175,5116.175,5116.175,574,628.25,5104.124775889584
1773365880,5115.015,5117.015,5115.015,5117.015,560,649.1,5104.233034503667
1773365940,5118.95,5119.04,5117.04,5117.04,501,653.05,5104.338952968993
1773366000,5117.01,5119.01,5117.01,5119.01,382,618.75,5104.422394288214
1773366060,5119.02,5119.02,5117.02,5117.02,130,598.05,5104.449235429025
1773366060.001,5115.715,5117.12,5115.12,5117.12,518,594.4,5104.545251900581
1773366120,5117.4800000000005,5117.4800000000005,5115.4800000000005,5115.4800000000005,735,608.75,5104.675443665774
1773366180,5112.3,5114.3,5112.3,5114.3,399,581.5,5104.729684472775
1773366240,5114.38,5115.275000000001,5113.275000000001,5113.275000000001,393,590.8,5104.784299320141
1773366240.001,5111.43,5113.43,5111.43,5113.43,522,567.6,5104.84664112159
1773366300,5113.735,5113.735,5111.735,5111.735,163,524.3,5104.865028668272
1773366300.001,5110.915,5111.765,5109.765,5109.765,1006,556.65,5104.947407606273
1773366360,5108.72,5110.72,5108.72,5110.72,280,536.7,5104.968352231943
1773366360.001,5111.22,5112.95,5110.95,5112.95,447,522.9,5105.015943367393
1773366420,5114.345,5114.655,5112.655,5114.655,736,538.95,5105.1110396926
1773366480,5114.925,5114.925,5112.925,5112.925,797,528.75,5105.207269133485
1773366540,5112.14,5113.81,5111.81,5113.81,636,540.95,5105.278483762496
1773366600,5114.715,5115.945,5113.945,5113.945,623,555.45,5105.359808735911
1773366660,5113.13,5114.01,5112.01,5112.01,745,532.15,5105.435263231965
1773366720,5110.95,5112,5110,5112,619,538.3,5105.485370357665
1773366780,5112.4800000000005,5112.735,5110.735,5112.735,564,537.8,5105.535935431594
1773366840,5113.795,5115.725,5113.725,5115.725,552,537.4,5105.606988496583
1773366900,5116.61,5116.61,5114.61,5114.61,431,533.9,5105.662998270821
1773366960,5114.395,5116.395,5114.395,5116.395,146,522.1,5105.682709073841
1773366960.001,5117.68,5118.4800000000005,5116.4800000000005,5118.4800000000005,623,546.75,5105.783235543202
1773367020,5120.635,5121.79,5119.79,5121.79,1211,581.4,5106.026423154296
1773367140,5124.535,5126.28,5124.28,5126.28,879,588.6,5106.24924364981
1773367200,5128.475,5128.475,5126.475,5126.475,612,599.25,5106.413421396167
1773367260,5125.935,5126.29,5124.29,5124.29,382,598.7,5106.503931729321
1773367320,5123.75,5125.75,5123.75,5125.75,128,579,5106.534269315816
1773367320.001,5126.7300000000005,5127.145,5125.145,5125.145,440,592.85,5106.641868641383
1773367380,5124.24,5126.24,5124.24,5126.24,425,563.8,5106.743387441384
1773367440,5127.215,5127.71,5125.71,5125.71,475,573.55,5106.860354801624
1773367500,5123.52,5125.16,5123.16,5123.16,1525,627.45,5107.178779828936
1773367680,5122.735,5124.735,5122.735,5124.735,106,595.95,5107.200784139005
1773367680.001,5125.78,5126.62,5124.62,5124.62,883,600.25,5107.394960422647
1773367800,5124.365,5125.88,5123.88,5123.88,277,582.3,5107.452533920661
1773367860,5123.63,5125.63,5123.63,5125.63,184,560.35,5107.491491505958
1773367920,5126.88,5126.88,5124.88,5124.88,170,531.6,5107.528527762698
1773367980,5123.17,5123.97,5121.97,5121.97,405,520.9,5107.602000340221
1773368100,5121.29,5122.715,5120.715,5120.715,651,525.25,5107.708880548707
1773368280,5119.535,5121.535,5119.535,5121.535,96,502.45,5107.723915090787
1773368280.001,5122.515,5122.515,5120.515,5120.515,378,499.8,5107.784184388764
1773368340,5119.650000000001,5121.650000000001,5119.650000000001,5121.650000000001,452,515.1,5107.854491085005
1773368400,5123.095,5123.095,5121.095,5121.095,498,508.85,5107.935631890344
1773368460,5119.695,5120.17,5118.17,5118.17,669,481.75,5108.020408141917
1773368520,5115.505,5116.83,5114.83,5116.83,412,458.4,5108.059221659189
1773368580,5117.97,5118.225,5116.225,5116.225,173,436.45,5108.076864317414
1773368640,5116.17,5118.17,5116.17,5118.17,48,419.75,5108.08208571341
1773368640.001,5118.99,5120.24,5118.24,5120.24,322,429.45,5108.124626806474
1773368700,5120.695,5122.37,5120.37,5120.37,1147,464.8,5108.292682882089
1773369000,5119.905,5121.18,5119.18,5119.18,318,459.45,5108.334225178271
1773369060,5118.775000000001,5120.725,5118.725,5120.725,688,470.1,5108.424722265857
1773369300,5121.655,5121.655,5119.655,5119.655,228,405.25,5108.455077047899
1773369420,5117.37,5118.985,5116.985,5116.985,828,441.35,5108.539509302793
1773369600,5116.455,5118.455,5116.455,5118.455,461,420.25,5108.586544657602
1773369660,5120.97,5120.975,5118.975,5118.975,343,423.55,5108.628217627193
1773369720,5117.150000000001,5118.02,5116.02,5118.02,407,434.7,5108.667070591585
1773369780,5118.155,5119.075,5117.075,5119.075,272,439.8,5108.695974208495
1773369840,5119.125,5119.125,5117.125,5117.125,316,435.35,5108.727220349981
1773369900,5115.955,5117.165,5115.165,5115.165,300,417.8,5108.750314977555
1773369960,5113.825,5115.67,5113.67,5113.67,730,449.5,5108.794156820799
1773370080,5112.975,5114.975,5112.975,5114.975,319,446.55,5108.813002949919
1773370140,5115.08,5115.08,5113.08,5113.08,399,443.9,5108.834003982863
1773370200,5112.4400000000005,5114.0650000000005,5112.0650000000005,5114.0650000000005,783,458.15,5108.871815509571
1773370320,5114.87,5115.89,5113.89,5115.89,972,473.3,5108.936468094394
1773370500,5115.995,5115.995,5113.995,5113.995,462,475.8,5108.964034395673
1773370560,5111.915,5113.915,5111.915,5113.915,345,484.4,5108.979383608354
1773370620,5114.02,5114.115,5112.115,5112.115,628,513.4,5109.004019499616
1773370740,5110.455,5112.455,5110.455,5112.455,405,517.55,5109.015605311828
1773370800,5113.665,5113.665,5111.665,5111.665,147,467.55,5109.020606091696
1773370800.001,5109.88,5111.285,5109.285,5111.285,1264,514.85,5109.041058864439
1773370920,5113.67,5114.1050000000005,5112.1050000000005,5114.1050000000005,813,521.1,5109.076968864471
1773371040,5114.425,5114.425,5112.425,5112.425,86,514,5109.080433978994
1773371040.001,5112.405,5113.96,5111.96,5113.96,422,493.7,5109.0982013984685
1773371100,5114.655,5116.035,5114.035,5114.035,1136,527.45,5109.161103200329
1773371280,5113.885,5115.3550000000005,5113.3550000000005,5113.3550000000005,338,527.2,5109.177283377327
1773371340,5113.025000000001,5115.025000000001,5113.025000000001,5115.025000000001,282,520.95,5109.191633060955
1773371400,5115.59,5115.8150000000005,5113.8150000000005,5113.8150000000005,545,534.6,5109.219798201827
1773371520,5111.25,5113.25,5111.25,5113.25,270,532.3,5109.228646764039
1773371580,5113.435,5113.435,5111.435,5111.435,94,522,5109.231275711354
1773371580.001,5110.16,5112.16,5110.16,5112.16,709,520.95,5109.24678094023
1773371700,5112.4400000000005,5113.005,5111.005,5111.005,390,524.5,5109.255889501027
1773371760,5110.845,5112.0650000000005,5110.0650000000005,5110.0650000000005,1194,564.25,5109.272667999749
1773371940,5109.82,5111.82,5109.82,5111.82,530,551.6,5109.282111416393
1773372000,5112.775000000001,5113.6900000000005,5111.6900000000005,5113.6900000000005,760,541,5109.308857053275
1773372120,5114.07,5114.07,5112.07,5112.07,357,535.75,5109.320329467723
1773372180,5111.34,5113.29,5111.29,5113.29,449,540.95,5109.334174726468
1773372300,5113.935,5113.935,5111.935,5111.935,754,547.25,5109.357014152841
1773372480,5109.54,5110.6050000000005,5108.6050000000005,5110.6050000000005,383,546.15,5109.359070864859
1773372540,5110.82,5111.8550000000005,5109.8550000000005,5109.8550000000005,299,553.75,5109.362273165551
1773372600,5109.43,5111.385,5109.385,5111.385,480,514.55,5109.368243054029
1773372720,5112.42,5112.42,5110.42,5110.42,172,482.5,5109.370949629441
1773372780,5109.55,5110.81,5108.81,5110.81,86,482.5,5109.3715574160515
1773372840,5110.91,5111.68,5109.68,5109.68,288,475.8,5109.374120261369
1773372960,5107.75,5108.42,5106.42,5108.42,161,427.05,5109.371742376611
1773373020,5108.9400000000005,5110.56,5108.56,5110.56,422,431.25,5109.373740464716
1773373260,5110.905,5112.505,5110.505,5112.505,802,457.25,5109.391553641006
1773373500,5114.245,5115.76,5113.76,5115.76,586,459.3,5109.421506781776
1773373740,5116.7300000000005,5116.7300000000005,5114.7300000000005,5114.7300000000005,217,456.65,5109.433107892088
1773373860,5114.39,5116,5114,5116,1025,503.2,5109.486726807402
1773374280,5116.325,5117.51,5115.51,5117.51,820,508.75,5109.539823931371
1773374580,5118.06,5118.175,5116.175,5116.175,229,500.7,5109.554512283325
1773374640,5116.015,5117.54,5115.54,5115.54,189,450.45,5109.565538050264
1773374760,5114.54,5115.595,5113.595,5113.595,142,431.05,5109.5713788527755
1773374820,5113.32,5115.32,5113.32,5115.32,172,401.65,5109.579023362458
1773374880,5116.12,5116.34,5114.34,5114.34,257,396.65,5109.591195302503
1773375060,5112.55,5114.55,5112.55,5114.55,88,378.6,5109.594488656183
1773375120,5115.27,5115.27,5113.27,5113.27,231,352.45,5109.603216918005
1773375420,5111.16,5112.27,5110.27,5110.27,171,341.85,5109.6051981492765
1773375600,5110.1,5110.54,5108.54,5108.54,315,342.65,5109.604110350507
1773375720,5107.555,5108.650000000001,5106.650000000001,5106.650000000001,643,350.8,5109.59143605807
1773375840,5103.76,5105.76,5103.76,5105.76,171,350.75,5109.584817729175
1773375900,5107.650000000001,5107.650000000001,5105.650000000001,5105.650000000001,148,353.85,5109.580661169693
1773376020,5105.42,5107.42,5105.42,5107.42,29,340.9,5109.579956742503
1773376020.001,5107.8150000000005,5107.8150000000005,5105.8150000000005,5105.8150000000005,210,343.35,5109.5743769188575
1773376140,5104.97,5106.6900000000005,5104.6900000000005,5106.6900000000005,244,334.45,5109.566961817148
1773376200,5107.03,5107.435,5105.435,5105.435,1323,360.5,5109.528166276
1773376500,5104.38,5105.1,5103.1,5103.1,491,355.75,5109.5043267264455
1773376680,5102.88,5104.825,5102.825,5104.825,149,352.35,5109.497622468363
1773376800,5105.17,5105.6,5103.6,5105.6,225,312.35,5109.48899526482
1773376920,5105.67,5105.87,5103.87,5103.87,261,284.4,5109.478160657958
1773377100,5103.1900000000005,5105.1900000000005,5103.1900000000005,5105.1900000000005,145,280.2,5109.472145705661
1773377280,5105.36,5106.27,5104.27,5106.27,200,280.75,5109.465678498995
1773377340,5106.28,5106.835,5104.835,5104.835,605,303.9,5109.445734656147
1773377520,5104.76,5106.155,5104.155,5104.155,641,327.35,5109.421216270994
1773377760,5104.025000000001,5105.465,5103.465,5105.465,842,356.6,5109.389240558498
1773378000,5105.585,5105.995,5103.995,5103.995,220,363.2,5109.38071206978
1773378060,5103.9400000000005,5105.9400000000005,5103.9400000000005,5105.9400000000005,80,355.65,5109.378019412945
1773378120,5106.6,5106.6,5104.6,5104.6,100,352.1,5109.374653093924
1773378240,5104.1,5104.76,5102.76,5104.76,289,350.8,5109.362185450213
1773378360,5106.13,5107.345,5105.345,5107.345,908,364.05,5109.342425801451
1773378660,5108.285,5108.75,5106.75,5108.75,395,375.25,5109.33840603548
1773378780,5109.055,5110.175,5108.175,5110.175,283,382,5109.3387938315345
1773378900,5110.505,5110.505,5108.505,5108.505,393,400.2,5109.338265849414
1773379020,5108.435,5110.165,5108.165,5108.165,648,422.1,5109.335640647328
1773379200,5107.41,5109.41,5107.41,5109.41,209,420.35,5109.334652341456
1773379320,5110.400000000001,5110.400000000001,5108.400000000001,5108.400000000001,125,360.45,5109.334385172251
1773379380,5108.145,5110.145,5108.145,5110.145,236,347.7,5109.3346556093375
1773379500,5110.400000000001,5110.400000000001,5108.400000000001,5108.400000000001,75,344,5109.334495702496
1773379560,5107.775000000001,5107.900000000001,5105.900000000001,5105.900000000001,200,342.75,5109.330098589017
1773379680,5105.72,5106.935,5104.935,5104.935,529,356.15,5109.314497344875
1773379800,5104.09,5106.09,5104.09,5106.09,186,358.2,5109.3087808300725
1773379800.001,5107.695,5108.54,5106.54,5108.54,506,373.5,5109.30306677471
1773379860,5109.915,5109.915,5107.915,5107.915,377,362.1,5109.300933543024
1773379920,5107.825,5109.825,5107.825,5109.825,134,336.75,5109.300783819788
1773379920.001,5110.745,5111.26,5109.26,5109.26,917,340.5,5109.305248777317
1773380040,5108.46,5108.915,5106.915,5106.915,393,349.15,5109.299995217232
1773380100,5106.76,5108.76,5106.76,5108.76,229,356.6,5109.297855878319
1773380160,5109.46,5109.485,5107.485,5107.485,438,373.5,5109.293982243075
1773380220,5106.38,5107.56,5105.56,5107.56,888,403.45,5109.277645541169
1773380340,5108.33,5109,5107,5109,677,391.9,5109.272771606682
1773380460,5109.17,5109.17,5107.17,5107.17,94,376.85,5109.271743168194
1773380460.001,5107.115,5107.145,5105.145,5105.145,640,394.7,5109.254954448162
1773380520,5104.285,5106.285,5104.285,5106.285,182,384.15,5109.249943469891
1773380520.001,5106.68,5106.68,5104.68,5104.68,470,375.25,5109.2361034202695
1773380580,5101.58,5103.505,5101.505,5101.505,640,396.8,5109.202158396714
1773380640,5100.08,5102.08,5100.08,5102.08,369,409,5109.180639727869
1773380700,5102.46,5102.46,5100.46,5100.46,104,402.4,5109.174373263709
1773380700.001,5099.07,5100.54,5098.54,5100.54,1111,454.2,5109.09770250117
1773380820,5101.1900000000005,5103.06,5101.06,5103.06,548,471.6,5109.070553088245
1773380940,5104.3,5105.4400000000005,5103.4400000000005,5105.4400000000005,179,454.1,5109.0648764858115
1773381000,5105.53,5105.53,5103.53,5103.53,53,447.45,5109.062973115861
1773381000.001,5102.825,5103.965,5101.965,5101.965,400,442.15,5109.044051526095
1773381060,5101.255,5102.42,5100.42,5100.42,841,465.35,5108.995131507771
1773381180,5098.61,5100.415,5098.415,5100.415,2806,598.95,5108.809273540395
1773381420,5103.55,5105.125,5103.125,5105.125,556,580.9,5108.792013817542
1773381480,5105.38,5105.54,5103.54,5103.54,625,592.5,5108.771657657658
1773381540,5102.345,5104.26,5102.26,5104.26,853,623.7,5108.740471742518
1773381600,5104.485,5105.555,5103.555,5103.555,527,628.15,5108.72372071185
1773381660,5101.505,5103.505,5101.505,5103.505,531,610.3,5108.701820022987
1773381720,5103.68,5105.46,5103.46,5105.46,557,604.3,5108.686622944488
1773381780,5107.195,5107.195,5105.195,5105.195,528,626,5108.67624899442
1773381840,5104.185,5106.185,5104.185,5106.185,592,623.6,5108.663299993767
1773381900,5107.615,5107.615,5105.615,5105.615,704,649.7,5108.651742890557
1773382020,5104.31,5106.31,5104.31,5106.31,85,630.45,5108.64998130824
1773382020.001,5107.9400000000005,5107.9400000000005,5105.9400000000005,5105.9400000000005,205,608.7,5108.647099777346
1773382080,5105.54,5107.2300000000005,5105.2300000000005,5105.2300000000005,332,606.85,5108.640832446803
1773382140,5105.075,5105.525000000001,5103.525000000001,5103.525000000001,490,626.15,5108.625919620035
1773382200,5102.96,5104.96,5102.96,5104.96,454,593.3,5108.612506131672
1773382260,5105.035,5106.455,5104.455,5106.455,981,614.95,5108.593738766506
1773382380,5107.06,5107.06,5105.06,5105.06,100,611,5108.591797936241
1773382380.001,5104.475,5105.5,5103.5,5103.5,245,620.6,5108.584471015325
1773382440,5103.36,5104.08,5102.08,5102.08,220,611.6,5108.5758042657235
1773382500,5101.215,5101.34,5099.34,5099.34,1006,619.85,5108.518023827876
1773382680,5099.04,5100.885,5098.885,5100.885,684,513.75,5108.480146684993
1773382740,5101.400000000001,5101.400000000001,5099.400000000001,5099.400000000001,657,518.8,5108.443426854707
1773382800,5099.150000000001,5100.095,5098.095,5098.095,808,527.95,5108.391737575766
1773382860,5096.7300000000005,5097.72,5095.72,5095.72,926,531.6,5108.318731102646
1773382920,5095.545,5097.545,5095.545,5097.545,683,539.4,5108.267644875658
1773382980,5098.64,5098.64,5096.64,5096.64,223,524,5108.251687427099
1773382980.001,5095.97,5096.925,5094.925,5096.925,1094,550.85,5108.166637000064
1773383040,5097.85,5097.85,5095.85,5095.85,1009,574.9,5108.090935713565
1773383100,5093.400000000001,5094.71,5092.71,5092.71,716,581.1,5108.023398826886
1773383160,5091.345,5093.345,5091.345,5093.345,821,586.95,5107.9430607314725
1773383220,5094.9800000000005,5094.9800000000005,5092.9800000000005,5092.9800000000005,881,626.75,5107.863191595275
1773383280,5089.035,5091.035,5089.035,5091.035,627,647.85,5107.793907872465
1773383340,5096.06,5097.6900000000005,5095.6900000000005,5097.6900000000005,597,661.1,5107.753447310299
1773383400,5098.585,5098.585,5096.585,5096.585,428,658,5107.725240279722
1773383520,5096.52,5096.89,5094.89,5096.89,554,663,5107.685390768153
1773383580,5098.035,5098.035,5096.035,5096.035,115,619.7,5107.677497104493
1773383580.001,5093.485,5094.84,5092.84,5092.84,435,636.45,5107.639078930695
1773383640,5091.905,5093.905,5091.905,5093.905,249,636.65,5107.616765669792
1773383700,5097.38,5097.38,5095.38,5095.38,575,654.4,5107.575514859528
1773383760,5093.81,5094.5650000000005,5092.5650000000005,5092.5650000000005,630,635.6,5107.519701186485
1773383820,5089.35,5089.92,5087.92,5089.92,1050,653.9,5107.4020033505785
1773383880,5092.38,5093.665,5091.665,5093.665,938,667.95,5107.319568605917
1773383940,5094.925,5094.925,5092.925,5092.925,762,665.65,5107.25603859336
1773384000,5090.87,5092.87,5090.87,5092.87,554,647.05,5107.205562543254
1773384060,5094.12,5094.155,5092.155,5094.155,852,655.5,5107.135185160652
1773384120,5094.925,5094.925,5092.925,5092.925,876,688.15,5107.064116553552
1773384180,5089.7300000000005,5091.7300000000005,5089.7300000000005,5091.7300000000005,656,666.25,5107.001486321191
1773384240,5092,5092.650000000001,5090.650000000001,5092.650000000001,1322,681.9,5106.883949316331
1773384360,5093.77,5093.78,5091.78,5093.78,820,687.1,5106.817423425653
1773384420,5094.89,5094.89,5092.89,5092.89,857,688.9,5106.750806378497
1773384480,5090.295,5090.665,5088.665,5090.665,1090,699.35,5106.644447046124
1773384540,5092.25,5092.525000000001,5090.525000000001,5090.525000000001,767,706.35,5106.575718638917
1773384600,5088.64,5090.64,5088.64,5090.64,488,700.9,5106.5288699580005
1773384660,5090.79,5090.79,5088.79,5088.79,165,687.75,5106.512597003343
1773384660.001,5086.5650000000005,5088.255,5086.255,5086.255,402,680.15,5106.467206331001
1773384720,5085.91,5087.665,5085.665,5087.665,571,702.95,5106.403345358663
1773384780,5088.96,5088.96,5086.96,5086.96,163,689.35,5106.385779939546
1773384780.001,5086.885,5088.675,5086.675,5088.675,276,690.7,5106.35671569751
1773384840,5089.035,5089.7,5087.7,5087.7,649,694.4,5106.29006116138
1773384900,5087.6,5089.6,5087.6,5089.6,1331,729.45,5106.159169782884
1773385020,5091.085,5091.085,5089.085,5089.085,836,718.75,5106.081819543755
1773385080,5087.45,5088.585,5086.585,5088.585,838,713.75,5105.996389889806
1773385140,5089.1050000000005,5089.1050000000005,5087.1050000000005,5087.1050000000005,1009,726.1,5105.893762094516
1773385200,5084.02,5086.02,5084.02,5086.02,265,711.65,5105.863428321184
1773385200.001,5087.155,5088.045,5086.045,5086.045,626,700.35,5105.796848642194
1773385260,5084.125,5086.125,5084.125,5086.125,671,690.1,5105.721342012419
1773385320,5089.075,5089.33,5087.33,5089.33,428,678.7,5105.6810435744155
1773385380,5089.47,5090.415,5088.415,5090.415,643,644.75,5105.624695628817
1773385440,5090.64,5091.28,5089.28,5091.28,432,625.35,5105.589111968935
1773385500,5091.41,5092.4800000000005,5090.4800000000005,5090.4800000000005,845,624.75,5105.522456592148
1773385560,5089.24,5090.445,5088.445,5090.445,664,603.45,5105.465564471509
1773385620,5090.645,5091.61,5089.61,5091.61,397,584.95,5105.434256701963
1773385680,5092.54,5093.56,5091.56,5091.56,628,591.95,5105.389368422287
1773385740,5090.025000000001,5091.93,5089.93,5089.93,423,604.85,5105.355581818312
1773385800,5089.6900000000005,5091.6900000000005,5089.6900000000005,5091.6900000000005,200,594.75,5105.340121007976
1773385860,5092.12,5093.45,5091.45,5093.45,284,580.4,5105.320915753381
1773385980,5094.265,5094.265,5092.265,5092.265,48,574.65,5105.317713931647
1773385980.001,5091.935,5092.54,5090.54,5090.54,348,578.25,5105.291324109751
1773386040,5090.265,5090.4400000000005,5088.4400000000005,5088.4400000000005,416,566.6,5105.255222630926
1773386100,5085.78,5087.78,5085.78,5087.78,383,519.2,5105.218041853952
1773386160,5088.405,5088.405,5086.405,5086.405,139,484.35,5105.204554742209
1773386160.001,5083.285,5083.8550000000005,5081.8550000000005,5081.8550000000005,391,462,5105.157230644042
1773386220,5081.51,5083.51,5081.51,5083.51,126,417.85,5105.142238583525
1773386220.001,5084.885,5085.6,5083.6,5083.6,641,436.65,5105.071128715694
1773386280,5078.75,5079.905,5077.905,5077.905,954,453.05,5104.937462173484
1773386340,5075.165,5077.165,5075.165,5077.165,260,432.5,5104.898420331483
1773386340.001,5078.24,5078.835,5076.835,5076.835,344,428.3,5104.848748508885
1773386400,5074.08,5076.08,5074.08,5076.08,114,401.85,5104.83107321257
1773386400.001,5076.97,5078.01,5076.01,5076.01,339,397.2,5104.780889479533
1773386460,5073.43,5075.43,5073.43,5075.43,503,380.1,5104.701709912895
1773386520,5077.33,5077.33,5075.33,5075.33,194,356.6,5104.672536439916
1773386520.001,5072.58,5073.935,5071.935,5073.935,614,367.45,5104.571845675434
1773386580,5074.58,5075.115,5073.115,5075.115,577,364.9,5104.481354064711
1773386640,5078.405,5078.405,5076.405,5076.405,387,363.1,5104.426239320458
1773386700,5076.395,5078.395,5076.395,5078.395,120,359.1,5104.409603642759
1773386700.001,5080.415,5081.78,5079.78,5079.78,432,366.5,5104.355970563601
1773386760,5079.265,5081.265,5079.265,5081.265,217,374.95,5104.329290679943
1773386820,5082.59,5083.405,5081.405,5083.405,331,374.1,5104.292369331949
1773386940,5085.38,5086.61,5084.61,5084.61,216,364.1,5104.271173063129
1773387000,5084.12,5085.91,5083.91,5085.91,173,353.6,5104.254200738671
1773387060,5086.51,5088.115,5086.115,5088.115,370,365.15,5104.222201423411
1773387180,5089.035,5090.735,5088.735,5090.735,125,351.85,5104.213102627795
1773387240,5091.09,5091.87,5089.87,5091.87,258,358.45,5104.195863622746
1773387360,5092.75,5093.09,5091.09,5091.09,693,361.05,5104.15174667431
1773387540,5087.97,5089.43,5087.43,5089.43,392,332.95,5104.120936837088
1773387600,5091.165,5092.1,5090.1,5092.1,417,340.8,5104.093971791697
1773387720,5092.82,5092.82,5090.82,5090.82,47,325.95,5104.090952524111
1773387720.001,5090.365,5091.59,5089.59,5089.59,283,334.4,5104.071032087259
1773387840,5089.08,5090.63,5088.63,5090.63,459,340.4,5104.038161197859
1773387960,5092.745,5092.745,5090.745,5090.745,315,331,5104.018003448025
1773388020,5087.43,5088.625,5086.625,5086.625,548,348.7,5103.971677364521
1773388080,5085.465,5087.465,5085.465,5087.465,290,332.5,5103.946543400842
1773388140,5087.595,5087.595,5085.595,5085.595,68,307.05,5103.940476455939
1773388140.001,5084.265,5086.265,5084.265,5086.265,204,297.9,5103.921618587078
1773388200,5086.74,5086.74,5084.74,5084.74,487,316.25,5103.876287169613
1773388320,5084.475,5086.42,5084.42,5086.42,312,310.25,5103.8479046698785
1773388380,5086.6900000000005,5086.6900000000005,5084.6900000000005,5084.6900000000005,316,315.2,5103.818620574733
1773388440,5084.005,5084.89,5082.89,5082.89,346,315.95,5103.783546700887
1773388500,5082.865,5084.71,5082.71,5084.71,380,324.15,5103.746089364599
1773388560,5085.45,5085.45,5083.45,5083.45,304,330.7,5103.716336841738
1773388620,5082.3150000000005,5084.3150000000005,5082.3150000000005,5084.3150000000005,270,325.7,5103.689357809357
1773388680,5085.4400000000005,5085.56,5083.56,5083.56,994,369.15,5103.593505284975
1773388800,5080.405,5081.08,5079.08,5079.08,658,389.15,5103.516013187612
1773388860,5078.055,5079.0650000000005,5077.0650000000005,5077.0650000000005,684,388.7,5103.4292074613295
1773388920,5074.3,5076.3,5074.3,5076.3,620,400.1,5103.344643582672
1773388980,5076.385,5076.385,5074.385,5074.385,220,390.25,5103.314133343463
1773388980.001,5068.86,5070.86,5068.86,5070.86,754,425.6,5103.192174213492
1773389040,5072.86,5072.86,5070.86,5070.86,266,424.75,5103.151092699351
1773389040.001,5068.225,5069.8,5067.8,5069.8,746,439.1,5103.027769270767
1773389100,5070.755,5070.755,5068.755,5068.755,159,431.3,5103.001822644789
1773389100.001,5068.61,5068.77,5066.77,5068.77,332,420.5,5102.945651826821
1773389160,5072.13,5072.64,5070.64,5072.64,581,435.05,5102.858656820562
1773389220,5073.515,5074.985,5072.985,5074.985,644,463.85,5102.770076098585
1773389280,5075.5,5075.5,5073.5,5073.5,467,477,5102.705843900218
1773389340,5071.45,5073.45,5071.45,5073.45,289,467.1,5102.6643187835125
1773389400,5074.775000000001,5074.775000000001,5072.775000000001,5072.775000000001,94,456.2,5102.6511341979285
1773389400.001,5071.245,5073.245,5071.245,5073.245,697,475.25,5102.5508632357605
1773389460,5076.3,5076.3,5074.3,5074.3,530,484.45,5102.4811034685135
1773389520,5073.2,5075.2,5073.2,5075.2,365,483.7,5102.432512773734
1773389580,5077.66,5077.66,5075.66,5075.66,310,484,5102.394020663096
1773389640,5075.575,5077.575,5075.575,5077.575,112,476.1,5102.380451428833
1773389640.001,5078.685,5079.3550000000005,5077.3550000000005,5077.3550000000005,833,468.05,5102.284373150371
1773389760,5075.915,5077.57,5075.57,5075.57,676,468.95,5102.201263229605
1773389880,5074.525000000001,5076.215,5074.215,5074.215,259,447.7,5102.167906755105
1773389940,5072.225,5074.095,5072.095,5072.095,448,439.1,5102.10593306331
1773390000,5071.035,5071.650000000001,5069.650000000001,5069.650000000001,567,456.45,5102.021366912044
1773390060,5064.415,5064.435,5062.435,5062.435,759,456.7,5101.883264749883
1773390120,5061.72,5063.72,5061.72,5063.72,306,458.7,5101.827794973063
1773390120.001,5067.415,5068.93,5066.93,5068.93,778,460.3,5101.706329416762
1773390180,5069.33,5069.33,5067.33,5067.33,581,481.4,5101.615473693161
1773390240,5064.875,5066.875,5064.875,5066.875,141,471.85,5101.592329196528
1773390240.001,5067.195,5067.95,5065.95,5067.95,603,472.95,5101.49668673826
1773390300,5070.295,5070.525000000001,5068.525000000001,5070.525000000001,470,464.25,5101.428091412605
1773390360,5071.49,5071.57,5069.57,5069.57,332,457.5,5101.380394368163
1773390420,5069.14,5070.165,5068.165,5070.165,478,466.95,5101.310355785447
1773390540,5071.385,5072.485,5070.485,5072.485,236,474.05,5101.2784029916975
1773390600,5074.785,5074.785,5072.785,5072.785,221,450.25,5101.250199269878
1773390660,5072.635,5074.635,5072.635,5074.635,365,442,5101.204606872669
1773390720,5076.485,5076.485,5074.485,5074.485,190,433.25,5101.1819626091965
1773390780,5074.275000000001,5076.275000000001,5074.275000000001,5076.275000000001,43,419.9,5101.176933127213
1773390780.001,5077.545,5078.1050000000005,5076.1050000000005,5078.1050000000005,363,432.45,5101.137586842732
1773390840,5078.485,5078.6900000000005,5076.6900000000005,5078.6900000000005,268,404.2,5101.109336381255
1773390900,5079.755,5079.755,5077.755,5077.755,237,382.25,5101.084841238746
1773390960,5077.25,5079.25,5077.25,5079.25,91,373.85,5101.075516970774
1773390960.001,5080.495,5081.125,5079.125,5081.125,807,391.8,5101.000030072741
1773391080,5082.56,5082.97,5080.97,5080.97,874,407.15,5100.923551070116
1773391140,5080.04,5082.04,5080.04,5082.04,429,390.65,5100.885722691045
1773391200,5083.525000000001,5084.585,5082.585,5082.585,293,390,5100.862449543403
1773391260,5082.24,5083.395,5081.395,5081.395,282,365.2,5100.8385984098695
1773391320,5078.775000000001,5079.665,5077.665,5077.665,292,350.75,5100.809071839337
1773391380,5076.785,5078.3550000000005,5076.3550000000005,5076.3550000000005,319,359.65,5100.7750286976
1773391440,5076.235,5078.145,5076.145,5078.145,390,349,5100.734338331338
1773391500,5078.63,5079.26,5077.26,5077.26,323,341.65,5100.70139341806
1773391560,5077.235,5078.395,5076.395,5078.395,576,353.85,5100.642369373024
1773391680,5078.655,5080.3150000000005,5078.3150000000005,5080.3150000000005,288,344.35,5100.615434278049
1773391740,5084.05,5085.63,5083.63,5085.63,396,352.35,5100.587870899887
1773391800,5086.650000000001,5087.3,5085.3,5085.3,347,358.65,5100.565343680297
1773391860,5084.96,5085.32,5083.32,5083.32,492,365,5100.5292058354835
1773391920,5082.155,5084.155,5082.155,5084.155,137,362.35,5100.518868796711
1773391920.001,5084.51,5084.51,5082.51,5082.51,457,383.05,5100.483847978022
1773392040,5082.1050000000005,5084.03,5082.03,5084.03,655,397.65,5100.434438667605
1773392160,5085.6050000000005,5085.935,5083.935,5085.935,407,404.6,5100.407290467245
1773392280,5087,5088.1900000000005,5086.1900000000005,5086.1900000000005,653,425.4,5100.36848440926
1773392400,5086.04,5088.04,5086.04,5088.04,145,428.1,5100.360225925681
1773392400.001,5089.75,5090.12,5088.12,5090.12,386,407.05,5100.341805264469
1773392460,5090.165,5090.925,5088.925,5090.925,381,382.4,5100.325023849875
1773392520,5092.505,5092.715,5090.715,5092.715,796,400.75,5100.2963453881675
1773392640,5093.985,5095.91,5093.91,5095.91,445,408.35,5100.286576256409
1773392700,5097.165,5097.165,5095.165,5095.165,539,421.2,5100.276168491451
1773392760,5092.3,5094.05,5092.05,5094.05,397,426.45,5100.264327950591
1773392820,5095.455,5095.455,5093.455,5093.455,251,423.05,5100.2576638427845
1773392880,5092.575,5093.395,5091.395,5091.395,386,422.85,5100.244012453289
1773393000,5090.555,5092.41,5090.41,5092.41,258,419.6,5100.23455927484
1773393060,5092.57,5094.215,5092.215,5094.215,269,404.25,5100.226815823047
1773393120,5094.51,5096.385,5094.385,5096.385,299,404.8,5100.221019612564
1773393180,5096.455,5096.455,5094.455,5094.455,183,394.15,5100.217010325593
1773393240,5092.29,5093.46,5091.46,5091.46,206,387.1,5100.209856292112
1773393300,5090.295,5090.895,5088.895,5088.895,273,376.15,5100.19739260428
1773393360,5088.235,5090.0650000000005,5088.0650000000005,5090.0650000000005,453,391.95,5100.176458731837
1773393480,5090.135,5090.135,5088.135,5088.135,98,374,5100.171690549008
1773393480.001,5086.755,5088.755,5086.755,5088.755,311,356.8,5100.155637630145
1773393540,5089.82,5090.165,5088.165,5088.165,524,362.65,5100.130346688261
1773393720,5087.535,5088.46,5086.46,5086.46,391,349.55,5100.108711790795
1773393840,5084.445,5086.445,5084.445,5086.445,217,353.15,5100.095491884468
1773393900,5087.245,5088.235,5086.235,5088.235,306,349.15,5100.079216907113
1773394020,5089.25,5089.4400000000005,5087.4400000000005,5087.4400000000005,222,341.2,5100.067942936765
1773394080,5086.725,5088.725,5086.725,5088.725,269,314.85,5100.0542554672875
1773394140,5092.62,5093.025000000001,5091.025000000001,5091.025000000001,802,332.7,5100.025936077108
1773394320,5089.05,5090.645,5088.645,5088.645,537,332.6,5100.001696669812
1773394500,5088.5,5090.5,5088.5,5090.5,126,319.05,5099.996301858323
1773394560,5091.150000000001,5091.150000000001,5089.150000000001,5089.150000000001,34,308.2,5099.994844710429
1773394560.001,5088.045,5089.055,5087.055,5089.055,328,305.3,5099.978839229156
1773394680,5090.015,5090.015,5088.015,5088.015,586,321.7,5099.951074598008
1773394800,5087.035,5087.485,5085.485,5085.485,229,319.7,5099.937834123136
1773394860,5084.7,5085.36,5083.36,5085.36,267,318.1,5099.9207989514525
1773394920,5085.4400000000005,5086.005,5084.005,5086.005,773,347.6,5099.873773850297
1773395100,5087.765,5088.155,5086.155,5088.155,380,356.3,5099.854170675629
1773395160,5088.215,5089.395,5087.395,5089.395,563,370.8,5099.828141810373
1773395340,5089.525000000001,5090.87,5088.87,5090.87,337,365,5099.814682327261
1773395460,5093.455,5094.515,5092.515,5092.515,808,400.5,5099.7925169530645
1773395580,5090.86,5091.675,5089.675,5091.675,1028,436.35,5099.755328792301
1773395760,5093.045,5093.525000000001,5091.525000000001,5091.525000000001,262,423.25,5099.747176584321
1773395880,5090.215,5090.285,5088.285,5088.285,300,418.7,5099.733869876943
1773396000,5087.975,5088.025000000001,5086.025000000001,5088.025000000001,597,437.7,5099.703588154042
1773396120,5088.495,5089.3150000000005,5087.3150000000005,5087.3150000000005,420,443.4,5099.6834442639565
1773396240,5087.035,5089.035,5087.035,5089.035,315,448.05,5099.668879440332
1773396300,5091.54,5091.54,5089.54,5089.54,179,443.55,5099.661963295983
1773396360,5089.485,5090.875,5088.875,5088.875,135,410.2,5099.656387511511
1773396420,5088.68,5090.145,5088.145,5090.145,200,393.35,5099.648086722314
1773396480,5090.25,5090.25,5088.25,5088.25,319,403,5099.634145272516
1773396540,5087.41,5089.41,5087.41,5089.41,221,412.35,5099.624352134031
1773396600,5089.825,5090.715,5088.715,5088.715,185,405.2,5099.616647923476
1773396660,5087.2,5089.2,5087.2,5089.2,308,391.3,5099.602786129248
1773396720,5090.925,5092.06,5090.06,5092.06,242,391.95,5099.59472674093
1773396780,5092.75,5093.795,5091.795,5093.795,320,394.6,5099.586343321475
1773396900,5094.905,5096.275000000001,5094.275000000001,5096.275000000001,201,366,5099.583106509274
1773396960,5096.74,5096.915,5094.915,5094.915,395,366.75,5099.576718359725
1773397080,5093.715,5094.085,5092.085,5092.085,175,347.35,5099.5718944561795
1773397140,5091.915,5093.915,5091.915,5093.915,104,335.7,5099.569239439216
1773397200,5094,5094,5092,5092,169,303.75,5099.564533202889
1773397260,5090.895,5092.735,5090.735,5092.735,132,258.95,5099.560543322232
1773397320,5093.045,5093.66,5091.66,5091.66,163,254,5099.55579195965
1773397440,5091.385,5093.385,5091.385,5093.385,106,244.3,5099.552872687507
1773397500,5093.435,5093.435,5091.435,5091.435,582,243.55,5099.535446327753
1773397740,5088.6,5089.59,5087.59,5087.59,366,240.85,5099.518882448771
1773397800,5085.49,5087.49,5085.49,5087.49,278,239,5099.50473653658
1773397860,5087.735,5087.735,5085.735,5085.735,86,234.35,5099.500221549546
1773397860.001,5085.595,5086.78,5084.78,5084.78,239,239.55,5099.486776778401
1773397920,5084.55,5086.55,5084.55,5086.55,435,251.3,5099.46313109457
1773397980,5086.67,5086.67,5084.67,5084.67,192,244.95,5099.452301419985
1773397980.001,5079.9400000000005,5081.9400000000005,5079.9400000000005,5081.9400000000005,191,243.45,5099.43844815273
1773397980.002,5082.675,5083.31,5081.31,5081.31,400,254.2,5099.410625046476
1773398040,5080.74,5082.74,5080.74,5082.74,433,260.45,5099.380772746977
1773398100,5083.875,5084.685,5082.685,5084.685,190,257.85,5099.369174444928
1773398160,5084.975,5085.635,5083.635,5085.635,240,253.85,5099.355454076903
1773398280,5086.375,5087.115,5085.115,5087.115,84,248,5099.351151481363
1773398340,5087.805,5089.35,5087.35,5087.35,356,246.05,5099.3351610374275
1773398520,5087.195,5087.975,5085.975,5085.975,319,253.25,5099.319134786134
1773398700,5085.445,5086.665,5084.665,5086.665,496,272.85,5099.293035995969
1773398820,5090.97,5092.63,5090.63,5092.63,413,285.05,5099.281097851624
1773398880,5093.075,5094.275000000001,5092.275000000001,5094.275000000001,391,298,5099.27236406103
1773398940,5094.64,5096.47,5094.47,5096.47,295,304.6,5099.268339141108
1773399000,5097.475,5097.475,5095.475,5095.475,566,327.6,5099.261394333848
1773399120,5094.555,5096.555,5094.555,5096.555,133,305.15,5099.259634747436
1773399180,5096.585,5098.265,5096.265,5098.265,108,292.25,5099.258931313973
1773399180.001,5098.375,5098.375,5096.375,5096.375,119,284.3,5099.257897332504
1773399240,5096.205,5096.975,5094.975,5094.975,121,286.05,5099.256183438831
1773399300,5094.835,5095.515,5093.515,5095.515,187,283.45,5099.252957227458
1773399360,5096.995,5097.57,5095.57,5095.57,329,278.15,5099.249078095277
1773399480,5095.015,5096.215,5094.215,5096.215,368,286.95,5099.243762178558
1773399600,5096.635,5097.58,5095.58,5095.58,734,314.1,5099.235199781777
1773399720,5093.555,5094.41,5092.41,5092.41,584,323.3,5099.221232793282
1773399780,5091.33,5093.33,5091.33,5093.33,238,313.55,5099.21517724952
1773399840,5093.38,5094.445,5092.445,5094.445,174,312.75,5099.211509375074
1773399840.001,5095.075,5095.595,5093.595,5093.595,935,347.5,5099.193630104089
1773400020,5089.53,5090.765,5088.765,5088.765,275,357.05,5099.183270204944
1773400080,5088.57,5089.835,5087.835,5087.835,710,374.75,5099.154083024809
1773400200,5086.685,5088.685,5086.685,5088.685,224,370,5099.144491435376
1773400260,5089.265,5089.265,5087.265,5087.265,52,347.8,5099.14224985327
1773400260.001,5086.575,5088.385,5086.385,5088.385,206,337.45,5099.13320972265
1773400320,5089.215,5091.045,5089.045,5091.045,360,335.9,5099.121119207459
1773400440,5091.385,5091.385,5089.385,5089.385,126,327.45,5099.116737594228
1773400500,5089.09,5091.09,5089.09,5091.09,142,306.25,5099.112006906868
1773400560,5091.3150000000005,5093.0650000000005,5091.0650000000005,5093.0650000000005,157,307.45,5099.107970037598
1773400620,5093.655,5094.455,5092.455,5094.455,180,311.05,5099.1043053243275
1773400680,5096.2300000000005,5096.2300000000005,5094.2300000000005,5094.2300000000005,432,326.7,5099.097360036478
1773400800,5093.5650000000005,5094.575,5092.575,5092.575,177,329.5,5099.093402489812
1773400860,5092.4400000000005,5094.4400000000005,5092.4400000000005,5094.4400000000005,467,343.5,5099.08393281903
1773401040,5094.91,5096.71,5094.71,5096.71,382,346.15,5099.079512115135
1773401160,5097.52,5097.52,5095.52,5095.52,120,333.75,5099.078191497727
1773401220,5094.955,5096.61,5094.61,5094.61,406,317.35,5099.072328980373
1773401340,5093.77,5095.705,5093.705,5093.705,164,296.35,5099.069402586871
1773401400,5092.585,5094.0650000000005,5092.0650000000005,5094.0650000000005,121,290.5,5099.0667989482245
1773401460,5094.205,5094.965,5092.965,5094.965,585,311.05,5099.056238022406
1773401700,5095.525000000001,5095.525000000001,5093.525000000001,5093.525000000001,119,270.25,5099.054047420831
1773401760,5092.865,5094.3150000000005,5092.3150000000005,5094.3150000000005,275,270.25,5099.048427814301
1773401820,5094.63,5094.755,5092.755,5092.755,554,262.45,5099.036668559129
1773401940,5092.245,5094.245,5092.245,5094.245,40,253.25,5099.0358450541335
1773401940.001,5095.84,5095.84,5093.84,5093.84,174,259.35,5099.032874552555
1773402000,5093.405,5095.405,5093.405,5095.405,67,252.4,5099.03179026861
1773402000.001,5095.42,5096.655,5094.655,5094.655,197,244.25,5099.029038044674
1773402060,5094.55,5095.325,5093.325,5095.325,484,262.15,5099.02108679855
1773402240,5095.42,5097.02,5095.02,5097.02,321,271.1,5099.017871913757
1773402300,5098.05,5098.05,5096.05,5096.05,246,275.55,5099.015748648496
1773402360,5095.445,5095.485,5093.485,5093.485,334,283.25,5099.009662851973
1773402420,5092.38,5094.38,5092.38,5094.38,853,304.3,5098.992793104138
1773402540,5096.745,5096.745,5094.745,5094.745,98,300.35,5098.991483103836
1773402540.001,5094.31,5095.865,5093.865,5095.865,483,301.15,5098.984656723206
1773402660,5096.56,5096.56,5094.56,5094.56,221,293.1,5098.981564763627
1773402720,5094.515,5096.295,5094.295,5096.295,561,315.15,5098.9745759060725
1773402900,5097.715,5098.415,5096.415,5098.415,745,332.1,5098.971191269224
1773403020,5103.53,5104.585,5102.585,5104.585,603,354.05,5098.982218893172
1773403080,5106.775000000001,5107.835,5105.835,5107.835,514,373.7,5098.997743720209
1773403140,5107.995,5109.52,5107.52,5109.52,712,380.05,5099.023566859256
1773403200,5111.74,5112.285,5110.285,5112.285,1025,425.35,5099.0708956427725
1773403260,5118.005,5118.685,5116.685,5118.685,657,444.45,5099.116424044155
1773403320,5118.835,5118.835,5116.835,5116.835,191,426.3,5099.12925816147
1773403320.001,5114.39,5116.385,5114.385,5116.385,773,462.95,5099.175992889583
1773403380,5118.095,5118.095,5116.095,5116.095,566,482.55,5099.212193722302
1773403440,5113.875,5114.935,5112.935,5114.935,422,500.3,5099.2352666736915
1773403500,5115.785,5116.145,5114.145,5116.145,564,518.65,5099.268466485229
1773403560,5117.24,5117.24,5115.24,5115.24,678,528.35,5099.309247567028
1773403620,5112.76,5113.955,5111.955,5111.955,434,534,5099.330101528007
1773403680,5109.695,5111.695,5109.695,5111.695,368,540.1,5099.345619444308
1773403740,5112.3,5112.3,5110.3,5110.3,140,530.4,5099.351481089841
1773403740.001,5109.5650000000005,5111.5650000000005,5109.5650000000005,5111.5650000000005,630,519.25,5099.377630732937
1773403800,5111.74,5111.74,5109.74,5109.74,513,540,5099.397931684257
1773403860,5107.505,5109.505,5107.505,5109.505,431,537.4,5099.412508347308
1773403920,5109.975,5109.975,5107.975,5107.975,646,558.65,5099.433818229695
1773404040,5107.785,5109.41,5107.41,5107.41,529,557.05,5099.450129156012
1773404100,5105.905,5107.475,5105.475,5105.475,461,542.85,5099.461116158777
1773404160,5105.26,5106.965,5104.965,5106.965,544,539.9,5099.474337941506
1773404280,5108.095,5108.095,5106.095,5106.095,201,524.25,5099.479541086916
1773404340,5104.365,5106.365,5104.365,5106.365,53,491.3,5099.480711668552
1773404340.001,5106.935,5107.335,5105.335,5107.335,364,458.25,5099.489991611396
1773404400,5108.89,5110.475,5108.475,5110.475,483,449.55,5099.507638671028
1773404460,5111.145,5112.865,5110.865,5112.865,367,458.35,5099.524109018793
1773404520,5114.145,5114.145,5112.145,5112.145,337,436.55,5099.539925472512
1773404580,5111.215,5113.05,5111.05,5113.05,228,419.65,5099.550260212819
1773404640,5114.095,5115.485,5113.485,5115.485,245,410.8,5099.563450656468
1773404700,5115.5,5115.5,5113.5,5113.5,360,400.6,5099.581965034928
1773404760,5111.845,5113.175,5111.175,5113.175,257,379.55,5099.59365396818
1773404820,5113.5650000000005,5115.235,5113.235,5115.235,1537,434.7,5099.674201878842
1773405000,5116.64,5116.64,5114.64,5114.64,638,448.2,5099.709027784572
1773405060,5112.385,5114.27,5112.27,5114.27,1085,495.45,5099.761469704932
1773405180,5115.485,5116.05,5114.05,5114.05,1799,553.9,5099.854478905233
1773405360,5113.11,5115.11,5113.11,5115.11,441,550.3,5099.876686462533
1773405420,5115.16,5115.68,5113.68,5113.68,246,541.05,5099.888962987108
1773405420.001,5112.3150000000005,5113.47,5111.47,5111.47,646,541.05,5099.916189565924
1773405540,5111.03,5113.03,5111.03,5113.03,80,518.6,5099.919615239953
1773405540.001,5114.36,5114.36,5112.36,5112.36,402,515.65,5099.937716849723
1773405600,5111.67,5113.67,5111.67,5113.67,161,496.5,5099.944939586327
1773405600.001,5116,5116,5114,5114,481,510.5,5099.969213129125
1773405660,5111.345,5111.505,5109.505,5109.505,792,547.45,5099.996836817489
1773405780,5108.61,5110.02,5108.02,5110.02,383,548.4,5100.009071582374
1773405840,5112.235,5113,5111,5113,946,571.55,5100.048748253044
1773405900,5117.405,5118.155,5116.155,5118.155,1352,620.8,5100.128621689773
1773405960,5121.005,5121.005,5119.005,5119.005,728,640.35,5100.176699360875
1773406020,5118.255,5120.255,5118.255,5120.255,567,657.3,5100.213821555014
1773406080,5120.875,5120.875,5118.875,5118.875,432,666.65,5100.241942074773
1773406140,5118.56,5120.56,5118.56,5120.56,142,655.75,5100.2513356336185
1773406140.001,5122.01,5122.01,5120.01,5120.01,562,671,5100.289904164164
1773406200,5119.49,5120.845,5118.845,5118.845,522,620.25,5100.323557673068
1773406260,5117.555,5119.38,5117.38,5117.38,920,634.35,5100.378077734573
1773406380,5116.635,5117.385,5115.385,5117.385,269,593.55,5100.3927619001515
1773406440,5118.49,5119.74,5117.74,5119.74,376,522.4,5100.41619722469
1773406560,5120.77,5120.77,5118.77,5118.77,274,514.05,5100.433569948356
1773406620,5116.82,5118.1050000000005,5116.1050000000005,5118.1050000000005,741,538.8,5100.475469897042
1773406740,5118.49,5119.635,5117.635,5117.635,773,545.15,5100.521173242634
1773406800,5115.385,5117.385,5115.385,5117.385,207,551.5,5100.532285977551
1773406800.001,5117.905,5119.835,5117.835,5119.835,545,558.65,5100.565888992925
1773406860,5121.1900000000005,5121.1900000000005,5119.1900000000005,5119.1900000000005,665,583.85,5100.608238159378
1773406920,5116.26,5118.26,5116.26,5118.26,503,584.95,5100.636395322908
1773406980,5120.11,5120.11,5118.11,5118.11,171,553.9,5100.646612904999
1773406980.001,5114.125,5116.125,5114.125,5116.125,171,543.3,5100.654950970712
1773406980.002,5116.735,5118.645,5116.645,5118.645,736,532.8,5100.696822922826
1773407040,5120.635,5121.265,5119.265,5119.265,1178,524.1,5100.77094878707
1773407160,5118.64,5120.485,5118.485,5118.485,752,525.3,5100.816056315201
1773407220,5117.945,5119.945,5117.945,5119.945,372,515.55,5100.838441981041
1773407280,5120.435,5120.435,5118.435,5118.435,90,498.45,5100.8437979050195
1773407280.001,5116.68,5118.09,5116.09,5116.09,558,519.25,5100.872678636095
1773407340,5113.53,5114.72,5112.72,5112.72,542,518.25,5100.89470057664
1773407400,5111.1900000000005,5112.995,5110.995,5112.995,631,523.7,5100.91807739
1773407460,5115.01,5115.01,5113.01,5113.01,583,506.85,5100.942133383572
1773407520,5110.85,5112.85,5110.85,5112.85,138,500.3,5100.947148142523
1773407520.001,5113.400000000001,5114.155,5112.155,5112.155,444,503.7,5100.96416715625
1773407580,5110.86,5112.435,5110.435,5112.435,746,527.3,5100.990122149804
1773407640,5113.025000000001,5114.995,5112.995,5114.995,866,533.55,5101.027215569473
1773407700,5115.36,5115.36,5113.36,5113.36,835,536.65,5101.061979582688
1773407760,5111.07,5113.07,5111.07,5113.07,418,547.2,5101.077142353772
1773407820,5113.635,5113.635,5111.635,5111.635,106,525.25,5101.080946559493
1773407820.001,5110.6900000000005,5111.7300000000005,5109.7300000000005,5111.7300000000005,288,506.4,5101.090130252008
1773407880,5113.87,5113.915,5111.915,5111.915,316,497.05,5101.101718491548
1773407940,5111.3,5113.3,5111.3,5113.3,337,505.35,5101.114106614601
1773408000,5115.745,5115.745,5113.745,5113.745,83,500.95,5101.11762400555
1773408000.001,5113.72,5114.45,5112.45,5112.45,82,468.25,5101.120758861294
1773408060,5112.4400000000005,5113.900000000001,5111.900000000001,5113.900000000001,292,423.95,5101.132017154906
1773408180,5114.650000000001,5114.650000000001,5112.650000000001,5112.650000000001,99,391.3,5101.135855682417
1773408240,5112.63,5114.0650000000005,5112.0650000000005,5112.0650000000005,291,387.25,5101.146583430564
1773408300,5108.055,5109.875,5107.875,5107.875,416,403.55,5101.156350783002
1773408420,5107.365,5109.365,5107.365,5109.365,289,390.1,5101.1632647215565
1773408480,5110.275000000001,5110.275000000001,5108.275000000001,5108.275000000001,549,390.45,5101.176786979776
1773408540,5108.145,5109.595,5107.595,5107.595,980,407.9,5101.19870490444
1773408600,5105.625,5107.625,5105.625,5107.625,646,411.05,5101.210426402501
1773408660,5108.04,5108.04,5106.04,5106.04,186,413.45,5101.213645101639
1773408660.001,5104.68,5106.55,5104.55,5106.55,749,428.7,5101.224631326394
1773408720,5107.45,5107.45,5105.45,5105.45,977,440.25,5101.239598237818
1773408780,5102.675,5104.225,5102.225,5102.225,891,441.5,5101.24419491199
1773408840,5100.665,5102.650000000001,5100.650000000001,5100.650000000001,629,431.2,5101.244336982912
1773408900,5100.3150000000005,5101.68,5099.68,5099.68,871,453.85,5101.241906774832
1773408960,5096.57,5098.57,5096.57,5098.57,243,460.7,5101.239387081112
1773408960.001,5099.29,5101.29,5099.29,5101.29,687,480.65,5101.23807539412
1773409020,5106.3,5106.3,5104.3,5104.3,408,485.25,5101.242784202294
1773409080,5104.255,5105.075,5103.075,5105.075,358,486.3,5101.246288146284
1773409080.001,5105.97,5106.3150000000005,5104.3150000000005,5106.3150000000005,890,526.65,5101.258368402012
1773409140,5108.775000000001,5108.775000000001,5106.775000000001,5106.775000000001,480,546.55,5101.267506393758
1773409200,5106.05,5107.95,5105.95,5105.95,569,560.4,5101.276861032995
1773409260,5103.93,5105.155,5103.155,5105.155,1179,614.4,5101.288456180485
1773409380,5107.785,5108.95,5106.95,5108.95,546,627.15,5101.300132486473
1773409440,5112.67,5114.24,5112.24,5114.24,853,649,5101.332055839989
1773409500,5116.97,5116.97,5114.97,5114.97,896,679.35,5101.371032151499
1773409560,5113.55,5115.55,5113.55,5115.55,520,677.9,5101.3923657012565
1773409620,5115.650000000001,5115.650000000001,5113.650000000001,5113.650000000001,151,636.45,5101.398288342287
1773409620.001,5112.845,5114.795,5112.795,5112.795,547,631.5,5101.4182808525
1773409680,5111.85,5112.38,5110.38,5110.38,566,650.5,5101.434763875069
1773409740,5109.88,5111.6900000000005,5109.6900000000005,5109.6900000000005,454,635.75,5101.44699832164
1773409800,5108.9400000000005,5109.785,5107.785,5107.785,376,605.7,5101.4549444114255
1773409860,5107.165,5109.1,5107.1,5107.1,290,575.65,5101.460461933887
1773409920,5106.3150000000005,5108.3150000000005,5106.3150000000005,5108.3150000000005,393,563.85,5101.467783734174
1773409980,5110.465,5110.465,5108.465,5108.465,450,542.8,5101.478153224531
1773410040,5108.2,5108.7300000000005,5106.7300000000005,5106.7300000000005,387,550,5101.485032054652
1773410100,5103.765,5105.765,5103.765,5105.765,295,530.4,5101.48823045317
1773410160,5106.22,5106.22,5104.22,5104.22,102,515.1,5101.489270260273
1773410160.001,5103.4400000000005,5104.405,5102.405,5102.405,682,531.3,5101.492500878108
1773410220,5100.52,5101.71,5099.71,5099.71,439,508.75,5101.491036410547
1773410280,5099.400000000001,5101.400000000001,5099.400000000001,5101.400000000001,379,503.7,5101.490178855478
1773410340,5102.62,5102.7,5100.7,5100.7,1053,527.9,5101.489791688375
1773410400,5095.435,5097.435,5095.435,5097.435,318,484.85,5101.4853263680925
1773410400.001,5099.435,5099.475,5097.475,5097.475,344,474.75,5101.481909047246
1773410460,5096.36,5098.36,5096.36,5098.36,172,440.7,5101.479974016874
1773410460.001,5101.9400000000005,5102.49,5100.49,5102.49,705,431.15,5101.4806913371
1773410520,5103.16,5103.785,5101.785,5103.785,599,435.1,5101.483593025126
1773410580,5104.785,5105.455,5103.455,5105.455,488,451.95,5101.48835662883
1773410640,5106.22,5107.395,5105.395,5107.395,565,452.85,5101.497086987465
1773410700,5108.07,5108.07,5106.07,5106.07,419,445.5,5101.503552879987
1773410760,5104.305,5106.305,5104.305,5106.305,376,441.6,5101.508126684889
1773410820,5108.135,5108.135,5106.135,5106.135,143,429.95,5101.510352745072
1773410820.001,5102.63,5102.7,5100.7,5100.7,1129,471.9,5101.509877274332
1773410880,5100.135,5101.8150000000005,5099.8150000000005,5099.8150000000005,1206,512.55,5101.506255577268
1773410940,5099.435,5101.215,5099.215,5099.215,1178,548.95,5101.5006852609185
1773411000,5098.22,5099.87,5097.87,5099.87,943,576.75,5101.494396864516
1773411060,5101.375,5101.375,5099.375,5099.375,822,603.1,5101.490938884547
1773411120,5094.61,5096.24,5094.24,5094.24,758,635.9,5101.476518048398
1773411180,5093.045,5094.72,5092.72,5092.72,808,642.2,5101.457674937159
1773411240,5090.505,5091.925,5089.925,5091.925,789,659.7,5101.434529617328
1773411300,5092.6,5093.16,5091.16,5093.16,794,680.45,5101.414157342817
1773411360,5094.585,5094.585,5092.585,5092.585,300,642.8,5101.407136429279
1773411360.001,5087.845,5088.435,5086.435,5086.435,1022,678,5101.365340693711
1773411420,5083.215,5084.795,5082.795,5084.795,894,705.5,5101.3213997063
1773411480,5087.68,5087.68,5085.68,5085.68,676,730.7,5101.292589931063
1773411540,5085.555,5087.555,5085.555,5087.555,228,706.85,5101.2832492602865
1773411540.001,5090.43,5091.075,5089.075,5091.075,762,715,5101.259731657781
1773411600,5092.52,5092.52,5090.52,5090.52,177,699.45,5101.254674238429
1773411600.001,5090.02,5090.63,5088.63,5088.63,548,698.6,5101.236115054125
1773411660,5087.875,5089.875,5087.875,5089.875,182,686.75,5101.229918466059
1773411660.001,5090.055,5090.435,5088.435,5088.435,916,713.75,5101.198552061454
1773411720,5087.41,5089.41,5087.41,5089.41,947,753.95,5101.165338706001
1773411780,5091.1900000000005,5091.1900000000005,5089.1900000000005,5089.1900000000005,830,739,5101.138970093169
1773411840,5088.71,5090.71,5088.71,5090.71,308,694.1,5101.12937774547
1773411840.001,5091.53,5093.06,5091.06,5093.06,725,671.45,5101.11163618063
1773411900,5093.075,5093.075,5091.075,5091.075,208,634.7,5101.106180013926
1773411900.001,5089.08,5089.76,5087.76,5089.76,664,626.8,5101.0838908604555
1773411960,5091.13,5092.06,5090.06,5092.06,426,610.2,5101.072369036059
1773412020,5092.345,5092.345,5090.345,5090.345,136,576.6,5101.068551657053
1773412020.001,5089.35,5089.35,5087.35,5087.35,469,560.6,5101.051495693753
1773412080,5085.475,5087.475,5085.475,5087.475,166,529.2,5101.04491087451
1773412080.001,5089.45,5091.325,5089.325,5091.325,727,550.55,5101.023923515571
1773412140,5091.6,5091.6,5089.6,5089.6,280,513.45,5101.015558386798
1773412140.001,5088.62,5089.49,5087.49,5087.49,1522,544.85,5100.9614332037245
1773412200,5085.535,5087.535,5085.535,5087.535,1147,568.4,5100.916870072791
1773412260,5088.995,5088.995,5086.995,5086.995,367,575.35,5100.903472718713
1773412260.001,5084.635,5086.235,5084.235,5086.235,983,586.4,5100.862069539776
1773412320,5090.485,5091.905,5089.905,5089.905,1039,629.5,5100.832787401498
1773412440,5088.235,5090.235,5088.235,5090.235,449,624.55,5100.8189524505115
1773412500,5090.5650000000005,5090.5650000000005,5088.5650000000005,5088.5650000000005,167,623.8,5100.813661654966
1773412500.001,5082.95,5084.95,5082.95,5084.95,697,612.85,5100.782219652461
1773412560,5085.455,5085.455,5083.455,5083.455,265,578.75,5100.770179907975
1773412560.001,5082.61,5084.61,5082.61,5084.61,1227,598.6,5100.714064961105
1773412620,5089.52,5089.52,5087.52,5087.52,321,599.25,5100.703145066541
1773412620.001,5086.9400000000005,5087.8550000000005,5085.8550000000005,5085.8550000000005,706,598.3,5100.676008998267
1773412680,5084.165,5086.165,5084.165,5086.165,715,623.65,5100.646653380223
1773412740,5086.705,5086.705,5084.705,5084.705,239,602.4,5100.63678427058
1773412740.001,5083.21,5083.27,5081.27,5081.27,1208,641.5,5100.575915494099
1773412800,5076.01,5078.01,5076.01,5078.01,1006,685,5100.5131092079455
1773412860,5079.6,5079.6,5077.6,5077.6,342,678.65,5100.49268264111
1773412860.001,5075.150000000001,5076.625,5074.625,5076.625,1254,733.05,5100.410359659359
1773412920,5078.25,5078.25,5076.25,5076.25,804,736.9,5100.359925702041
1773412980,5076.115,5078.115,5076.115,5078.115,250,735.4,5100.344642259331
1773412980.001,5080.5,5080.5,5078.5,5078.5,250,671.8,5100.33052466305
1773412980.002,5078.135,5080.115,5078.115,5080.115,707,649.8,5100.291231785703
1773413040,5080.650000000001,5080.650000000001,5078.650000000001,5078.650000000001,1505,706.7,5100.207553701448
1773413100,5073.3550000000005,5074.3,5072.3,5074.3,1672,741.15,5100.090291391319
1773413160,5077.765,5078.435,5076.435,5078.435,1367,757.55,5100.010049998381
1773413220,5078.86,5079.43,5077.43,5077.43,1266,798.4,5099.937339457559
1773413280,5076.985,5077.13,5075.13,5075.13,910,835.55,5099.8798999882365
1773413340,5074.84,5076.84,5074.84,5076.84,297,815.55,5099.861504655759
1773413340.001,5079.295,5079.295,5077.295,5077.295,1487,876.65,5099.776752563728
1773413400,5068.735,5070.735,5068.735,5070.735,950,862.8,5099.703482043882
1773413460,5070.905,5070.905,5068.905,5068.905,277,860.6,5099.681828998323
1773413460.001,5065.955,5066.485,5064.485,5064.485,1389,894.75,5099.5578487073135
1773413520,5059.955,5060.215,5058.215,5058.215,992,908.6,5099.453810845516
1773413580,5058.135,5060.135,5058.135,5060.135,311,912.2,5099.421773676358
1773413580.001,5061.215,5062.14,5060.14,5062.14,1338,918.7,5099.291412868598
1773413640,5064.66,5064.66,5062.66,5062.66,2106,973.7,5099.097997728989
1773413700,5045.8,5047.8,5045.8,5047.8,587,985.95,5099.020220794908
1773413700.001,5048.28,5050.28,5048.28,5050.28,1330,989.75,5098.853237344747
1773413760,5050.625,5050.625,5048.625,5048.625,665,982.8,5098.769625517527
1773413760.001,5037.525000000001,5037.915,5035.915,5035.915,2110,1075.8,5098.4385163077595
1773413820,5035.535,5037.535,5035.535,5037.535,723,1099.45,5098.326392035272
1773413820.001,5046.195,5046.195,5044.195,5044.195,722,1100.2,5098.229339617188
1773413820.002,5043.3,5045.04,5043.04,5045.04,1444,1097.15,5098.034521518536
1773413880,5049.76,5049.76,5047.76,5047.76,481,1037.6,5097.974817922056
1773413880.001,5043.845,5045.835,5043.835,5045.835,820,1010.25,5097.866695456832
1773413940,5048.25,5048.25,5046.25,5046.25,409,967.4,5097.814715098544
1773413940.001,5041.485,5042.03,5040.03,5040.03,1645,1004.15,5097.581298154875
1773414000,5038.405,5040.405,5038.405,5040.405,617,1020.15,5097.492773618916
1773414000.001,5047.8,5048.075,5046.075,5048.075,1676,1029.6,5097.285424078197
1773414060,5048.805,5048.805,5046.805,5046.805,529,1008.55,5097.220416485759
1773414060.001,5043.85,5045.85,5043.85,5045.85,1441,1066.75,5097.036086956524
1773414120,5045.955,5045.955,5043.955,5043.955,456,1020.1,5096.977399258946
1773414120.001,5042.1050000000005,5044.1050000000005,5042.1050000000005,5044.1050000000005,1702,1055.6,5096.754581103079
1773414180,5050.075,5050.075,5048.075,5048.075,415,1060.8,5096.705908350313
1773414180.001,5047.37,5049.24,5047.24,5049.24,981,1042.95,5096.590841990474
1773414240,5051.425,5051.425,5049.425,5049.425,1115,993.4,5096.46483868407
1773414300,5049.22,5051.22,5049.22,5051.22,393,983.7,5096.42102988939
1773414300.001,5057.53,5057.53,5055.53,5055.53,393,936.85,5096.382684359559
1773414300.002,5055.085,5057.085,5055.085,5057.085,618,934.5,5096.322864731937
1773414360,5057.585,5057.585,5055.585,5055.585,309,844.45,5096.29289738042
1773414360.001,5053.255,5055.255,5053.255,5055.255,1085,862.55,5096.183669894853
1773414420,5059.3,5059.485,5057.485,5059.485,972,875.05,5096.096204556404
1773414480,5062.045,5062.045,5060.045,5060.045,569,831.3,5096.047783762098
1773414540,5059.21,5061.21,5059.21,5061.21,166,815.55,5096.03361526935
1773414540.001,5065.125,5066.25,5064.25,5064.25,849,817,5095.970235307151
1773414600,5063.91,5064.175,5062.175,5062.175,726,832.85,5095.912634203491
1773414660,5059.965,5061.965,5059.965,5061.965,832,792.2,5095.843799745211
1773414720,5069.795,5069.795,5067.795,5067.795,708,796.75,5095.797541065167
1773414780,5067.515,5069.515,5067.515,5069.515,242,725.05,5095.7819884522705
1773414780.001,5071.47,5071.47,5069.47,5069.47,792,738.2,5095.7336429760435
1773414840,5068.7300000000005,5069.645,5067.645,5067.645,673,699.8,5095.689785747841
1773414900,5066.045,5068.045,5066.045,5068.045,163,685.15,5095.678823265079
1773414900.001,5068.645,5069.525000000001,5067.525000000001,5067.525000000001,799,640,5095.626750308433
1773414960,5065.9400000000005,5067.9400000000005,5065.9400000000005,5067.9400000000005,1278,683.15,5095.541094285688
1773415020,5071.505,5071.505,5069.505,5069.505,805,674.35,5095.492910317998
1773415080,5065.93,5066.015,5064.015,5064.015,824,659.8,5095.433125770215
1773415140,5062.45,5062.76,5060.76,5060.76,578,669.05,5095.386903522843
1773415200,5059.6,5061.6,5059.6,5061.6,178,658.3,5095.372487870869
1773415200.001,5063.83,5063.83,5061.83,5061.83,771,665.95,5095.313014209526
1773415260,5061.795,5063.795,5061.795,5063.795,296,665.3,5095.290676785726
1773415260.001,5067.225,5068.035,5066.035,5068.035,907,656.4,5095.231421281436
1773415320,5069.485,5069.485,5067.485,5067.485,203,617.95,5095.218565334189
1773415320.001,5067.32,5067.5,5065.5,5065.5,573,618.15,5095.179686710794
1773415380,5062.665,5062.77,5060.77,5060.77,918,655.75,5095.107496512001
1773415440,5058.59,5059.985,5057.985,5057.985,734,650,5095.045241777257
1773415500,5057.900000000001,5058.9400000000005,5056.9400000000005,5058.9400000000005,869,657.15,5094.971047888715
1773415560,5059.985,5060.945,5058.945,5060.945,839,657.5,5094.903597068122
1773415620,5063.685,5064.87,5062.87,5064.87,777,660.95,5094.848418700514
1773415680,5067.37,5067.37,5065.37,5065.37,1010,699.35,5094.781262934082
1773415740,5063.135,5064.77,5062.77,5064.77,1235,721.5,5094.694076432389
1773415800,5068.135,5068.135,5066.135,5066.135,320,703.85,5094.673551933051
1773415800.001,5065.91,5067.91,5065.91,5067.91,562,723.8,5094.638148836264
1773415860,5068.39,5068.39,5066.39,5066.39,281,697.9,5094.6203611518495
1773415860.001,5062.615,5064.615,5062.615,5064.615,744,671.2,5094.568077010318
1773415920,5064.81,5064.81,5062.81,5062.81,232,642.55,5094.551559211316
1773415920.001,5061.86,5062.235,5060.235,5060.235,522,627.45,5094.5113839110445
1773415980,5060.04,5062.04,5060.04,5062.04,144,605.75,5094.500473242045
1773415980.001,5064.285,5064.285,5062.285,5062.285,600,626.85,5094.457251652934
1773416040,5061.745,5063.745,5061.745,5063.745,228,599.7,5094.440924392252
1773416040.001,5066.385,5066.415,5064.415,5064.415,996,634.7,5094.374342077603
1773416100,5062.015,5062.56,5060.56,5060.56,1104,644.55,5094.291225761077
1773416160,5058.185,5059.91,5057.91,5059.91,1101,689.45,5094.203802157438
1773416220,5061.45,5061.795,5059.795,5059.795,920,706.8,5094.13361856444
1773416280,5058.01,5060.01,5058.01,5060.01,215,671.65,5094.116715688601
1773416280.001,5061.075,5061.6050000000005,5059.6050000000005,5059.6050000000005,699,669.9,5094.063339075377
1773416340,5056.745,5058.745,5056.745,5058.745,1025,677.7,5093.980311771004
1773416400,5059.085,5059.085,5057.085,5057.085,396,655.55,5093.948046462743
1773416400.001,5051.79,5053.79,5051.79,5053.79,1032,668.3,5093.8535132177785
1773416460,5053.95,5053.95,5051.95,5051.95,318,633.7,5093.824110699795
1773416460.001,5049.62,5051.62,5049.62,5051.62,721,608,5093.7549169192525
1773416520,5051.685,5051.685,5049.685,5049.685,201,602.05,5093.735396309515
1773416520.001,5048.27,5048.5,5046.5,5046.5,1191,633.5,5093.611623458884
1773416580,5042.795,5043.900000000001,5041.900000000001,5043.900000000001,1047,671.8,5093.494188932651
1773416640,5047.885,5048.08,5046.08,5048.08,824,675.8,5093.40980545302
1773416700,5050.81,5050.92,5048.92,5048.92,834,705.9,5093.328732680289
1773416760,5042.505,5044.505,5042.505,5044.505,212,690.4,5093.3054700868925
1773416760.001,5045.39,5045.99,5043.99,5045.99,2128,789.6,5093.080145665205
1773416820,5057.575,5057.575,5055.575,5055.575,1984,858.8,5092.91956134993
1773416880,5052,5054,5052,5054,1132,904,5092.821347781745
1773416940,5054.82,5054.82,5052.82,5052.82,354,871.9,5092.79085317656
1773416940.001,5047.785,5049.785,5047.785,5049.785,1678,900.6,5092.630952133143
1773417000,5052.93,5053.89,5051.89,5053.89,977,894.4,5092.547121835964
1773417060,5054.255,5054.255,5052.255,5052.255,267,861.75,5092.524098970791
1773417060.001,5049.265,5049.935,5047.935,5047.935,780,890,5092.449674062201
1773417120,5044.04,5046.04,5044.04,5046.04,983,904.2,5092.34935877704
1773417180,5046.965,5046.965,5044.965,5044.965,406,873.25,5092.308278226833
1773417180.001,5039.82,5041.82,5039.82,5041.82,918,899.35,5092.206771105782
1773417240,5042.62,5042.62,5040.62,5040.62,255,860.5,5092.178719588381
1773417240.001,5036.475,5037.155,5035.155,5035.155,1147,901.95,5092.039415532408
1773417300,5031.015,5033.015,5031.015,5033.015,446,888.2,5091.982099098345
1773417300.001,5039.21,5040.4800000000005,5038.4800000000005,5040.4800000000005,1396,947.95,5091.8257744332905
1773417360,5044.11,5045,5043,5043,1063,941.55,5091.716138376271
1773417420,5039.395,5040.485,5038.485,5040.485,750,926.7,5091.632913155596
1773417480,5041.52,5041.68,5039.68,5039.68,1086,939.8,5091.514099009544
1773417540,5032.865,5034.865,5032.865,5034.865,306,913.4,5091.476709520147
1773417540.001,5034.925,5034.925,5032.925,5032.925,1401,972.85,5091.304338866692
1773417600,5026.945,5028.945,5026.945,5028.945,467,889.8,5091.2418410812
1773417600.001,5032.275000000001,5033.8550000000005,5031.8550000000005,5033.8550000000005,937,837.45,5091.126566698598
1773417660,5038.175,5038.175,5036.175,5036.175,312,796.45,5091.090698354075
1773417660.001,5035.885,5036.395,5034.395,5034.395,1203,838.9,5090.948317560876
1773417720,5024.81,5026.81,5024.81,5026.81,400,775,5090.89360661026
1773417720.001,5027,5029,5027,5029,1223,787.3,5090.732537829829
1773417780,5032.795,5032.795,5030.795,5030.795,407,794.3,5090.681797877989
1773417780.001,5030.74,5031.91,5029.91,5029.91,1014,806,5090.553877847579
1773417840,5026.34,5027.93,5025.93,5025.93,1050,809.35,5090.413236892131
1773417900,5025.92,5027.92,5025.92,5027.92,356,806.85,5090.366182434202
1773417900.001,5033.75,5033.75,5031.75,5031.75,1625,842.2,5090.1697839577
1773417960,5019.2,5021.2,5019.2,5021.2,423,850.6,5090.108403664399
1773417960.001,5030.38,5032.305,5030.305,5032.305,1062,846.35,5089.979296578989
1773418020,5035.225,5035.225,5033.225,5033.225,650,856.55,5089.903598326999
1773418080,5030.8150000000005,5032.8150000000005,5030.8150000000005,5032.8150000000005,148,794.15,5089.885855400131
1773418080.001,5034.555,5035.650000000001,5033.650000000001,5035.650000000001,675,774.75,5089.809037936955
1773418140,5037.35,5038.24,5036.24,5038.24,1019,788.2,5089.69893746557
1773418200,5040.805,5040.805,5038.805,5038.805,281,747.95,5089.669760435532
1773418200.001,5038.76,5038.83,5036.83,5038.83,740,769.65,5089.591087661759
1773418260,5040.485,5040.75,5038.75,5038.75,930,746.1,5089.494956596115
1773418320,5037.055,5037.545,5035.545,5035.545,1022,773.85,5089.383005865255
1773418380,5026.195,5026.36,5024.36,5024.36,854,769.7,5089.270215397236
1773418440,5024.345,5026.345,5024.345,5026.345,294,768.8,5089.2318702639495
1773418440.001,5032.84,5033.425,5031.425,5033.425,871,752.2,5089.131165676788
1773418500,5035.03,5035.22,5033.22,5033.22,873,775.85,5089.032602687563
1773418560,5031.150000000001,5033.150000000001,5031.150000000001,5033.150000000001,1009,765.15,5088.916234538318
1773418620,5037.015,5037.015,5035.015,5035.015,603,774.95,5088.850847262736
1773418680,5034.1,5036.1,5034.1,5036.1,171,732.8,5088.832247357459
1773418680.001,5037.845,5037.895,5035.895,5035.895,831,721.85,5088.743948508935
1773418740,5030.46,5032.46,5030.46,5032.46,1270,767.55,5088.597299520142
1773418800,5035.86,5035.945,5033.945,5033.945,1057,739.15,5088.481847813993
1773418860,5031.895,5033.895,5031.895,5033.895,236,729.8,5088.455477714887
1773418860.001,5034.955,5035.42,5033.42,5035.42,1011,727.25,5088.3459067165295
1773418920,5036.845,5036.845,5034.845,5034.845,701,729.8,5088.271266593446
1773418980,5034.665,5036.665,5034.665,5036.665,181,731.45,5088.252206021793
1773418980.001,5038.325,5039.45,5037.45,5039.45,907,743.05,5088.161981008514
1773419040,5039.6050000000005,5040.365,5038.365,5040.365,630,723.6,5088.1006620936705
1773419100,5041.5,5041.54,5039.54,5039.54,682,743.65,5088.035151910497
1773419160,5035.71,5037.005,5035.005,5035.005,856,749.45,5087.945408880774
1773419220,5034.04,5036.04,5034.04,5036.04,1069,756.4,5087.833128800139
1773419280,5038.085,5039.895,5037.895,5039.895,778,744.2,5087.757697067805
1773419340,5041.755,5042.255,5040.255,5042.255,968,749.9,5087.668718211369
1773419400,5045.0650000000005,5045.07,5043.07,5045.07,770,773.7,5087.60249296287
1773419460,5046.25,5046.25,5044.25,5044.25,649,762.6,5087.547493208523
1773419520,5043.925,5045.925,5043.925,5045.925,241,731,5087.527269038132
1773419520.001,5047.915,5048.57,5046.57,5048.57,1042,732.65,5087.445506781154
1773419580,5049.49,5049.49,5047.49,5047.49,266,715.8,5087.424822059573
1773419580.001,5046.695,5046.695,5044.695,5044.695,648,739.65,5087.370943119612
1773419640,5043.87,5045.87,5043.87,5045.87,1176,756.9,5087.2731473425
1773419700,5048.21,5049.16,5047.16,5049.16,928,739.8,5087.202304919724
1773419760,5053.25,5053.25,5051.25,5051.25,718,722.85,5087.152502696342
1773419820,5046.705,5048.705,5046.705,5048.705,171,719.6,5087.139359210169
1773419820.001,5049.025000000001,5050.655,5048.655,5048.655,601,699.1,5087.094748694436
1773419880,5046.76,5047.32,5045.32,5045.32,837,705.9,5087.027325778641
1773419940,5044.905,5046.905,5044.905,5046.905,967,745.2,5086.950181778769
1773420000,5048.035,5048.035,5046.035,5046.035,576,728.65,5086.90489034565
1773420060,5045.005,5047.005,5045.005,5047.005,162,705.25,5086.892055535373
1773420060.001,5048.455,5049.2,5047.2,5049.2,539,698.1,5086.851718659869
1773420120,5049.875,5049.875,5047.875,5047.875,565,683.55,5086.809536181722
1773420180,5044.635,5046.1050000000005,5044.1050000000005,5044.1050000000005,717,665.95,5086.7508785752225
1773420240,5042.93,5044.93,5042.93,5044.93,350,644.55,5086.7219585640305
1773420300,5044.99,5045.305,5043.305,5045.305,682,630.25,5086.666215523585
1773420360,5045.62,5045.62,5043.62,5043.62,102,596.85,5086.65782162712
1773420360.001,5042.74,5044.7,5042.7,5042.7,477,588.25,5086.617760553679
1773420420,5041.900000000001,5043.7,5041.7,5043.7,530,602.7,5086.572992735645
1773420480,5044.3,5044.3,5042.3,5042.3,396,570.4,5086.539552431061
1773420540,5042.22,5044.22,5042.22,5044.22,823,598.25,5086.471151343073
1773420600,5047.38,5048.42,5046.42,5048.42,622,596.95,5086.424644890577
1773420660,5049.81,5050.9400000000005,5048.9400000000005,5050.9400000000005,574,566.85,5086.3846166253525
1773420720,5051.78,5051.78,5049.78,5049.78,618,551.35,5086.341825355843
1773420780,5049.400000000001,5051.28,5049.28,5049.28,419,536.4,5086.312467753857
1773420840,5048.83,5050.83,5048.83,5050.83,315,543.6,5086.2905594826025
1773420900,5051.17,5051.17,5049.17,5049.17,114,519.25,5086.282565684562
1773420900.001,5048.485,5049.655,5047.655,5047.655,695,512.15,5086.23188464735
1773420960,5046.06,5046.585,5044.585,5046.585,522,489.9,5086.191500539894
1773421020,5048.495,5048.495,5046.495,5046.495,461,484.15,5086.157001857286
1773421080,5046.215,5047.685,5045.685,5047.685,1636,557.85,5086.034615203033
1773421200,5049.845,5049.845,5047.845,5047.845,337,547.75,5086.0104610439785
1773421200.001,5047.305,5049.29,5047.29,5049.29,781,558.55,5085.954769303245
1773421260,5049.93,5050.6050000000005,5048.6050000000005,5048.6050000000005,861,565.75,5085.89462780198
1773421320,5047.955,5048.865,5046.865,5046.865,734,584.95,5085.84108431356
1773421380,5046.61,5046.715,5044.715,5044.715,708,586.25,5085.786688298903
1773421440,5043.62,5045.62,5043.62,5045.62,1040,633.15,5085.706205002974
1773421500,5046.85,5047.395,5045.395,5047.395,1102,664.4,5085.62496854519
1773421560,5049.295,5050.025000000001,5048.025000000001,5050.025000000001,898,682.8,5085.563479478115
1773421620,5050.275000000001,5050.275000000001,5048.275000000001,5048.275000000001,640,695,5085.519280762329
1773421680,5048.16,5050.16,5048.16,5050.16,216,664.65,5085.504612382861
1773421680.001,5050.74,5050.74,5048.74,5048.74,786,672.85,5085.451208230436
1773421740,5048.025000000001,5049.705,5047.705,5049.705,916,689.95,5085.388536410221
1773421800,5051.155,5051.155,5049.155,5049.155,492,683.65,5085.3556867175
1773421860,5049.115,5049.59,5047.59,5047.59,502,687.8,5085.320758401817
1773421860.001,5047.12,5049.12,5047.12,5049.12,1001,722.1,5085.251674984414
1773421920,5053.77,5054.295,5052.295,5052.295,942,763.5,5085.194835407862
1773421980,5051.765,5053.765,5051.765,5053.765,1228,790.15,5085.121351473207
1773422040,5057.205,5058.1900000000005,5056.1900000000005,5058.1900000000005,1049,816.5,5085.06748219263
1773422100,5060.32,5061.67,5059.67,5061.67,838,835.35,5085.030017200612
1773422160,5062.24,5062.24,5060.24,5060.24,870,797.05,5084.991088796186
1773422220,5058.545,5059.86,5057.86,5057.86,1144,837.4,5084.935051446498
1773422280,5057.81,5059.76,5057.76,5059.76,1377,867.2,5084.869355438134
1773422340,5062.03,5062.03,5060.03,5060.03,1209,884.6,5084.81552020241
1773422400,5059.02,5060.78,5058.78,5058.78,1088,902.3,5084.764777271801
1773422460,5058.12,5059.05,5057.05,5057.05,996,916.7,5084.715340786753
1773422520,5055.7300000000005,5056.99,5054.99,5056.99,796,904.5,5084.673928752485
1773422580,5058.09,5058.17,5056.17,5056.17,1052,902,5084.620370884144
1773422640,5054.84,5055.77,5053.77,5053.77,994,906.8,5084.565599821948
1773422700,5053.61,5055.255,5053.255,5053.255,726,911.1,5084.525039801911
1773422760,5053.1,5054.305,5052.305,5054.305,1339,967.25,5084.449823787344
1773422880,5057.78,5059.56,5057.56,5057.56,1076,981.75,5084.398607706219
1773422940,5055.845,5057.385,5055.385,5055.385,1090,990.45,5084.342634086515
1773423000,5053.67,5055.46,5053.46,5055.46,991,1015.4,5084.289680840162
1773423060,5056.52,5057.1050000000005,5055.1050000000005,5057.1050000000005,848,1032.7,5084.247037782656
1773423120,5058.545,5058.545,5056.545,5056.545,513,1008.3,5084.222019707232
1773423180,5056.49,5058.49,5056.49,5058.49,156,969,5084.2145931263185
1773423180.001,5059.535,5060.1,5058.1,5060.1,1637,989.45,5084.141651763826
1773423300,5060.245,5061.04,5059.04,5061.04,973,985.65,5084.100141645322
1773423360,5062.945,5063.455,5061.455,5063.455,1167,1002.1,5084.055593965946
1773423420,5064.08,5064.08,5062.08,5062.08,1171,1017.15,5084.0109931858005
1773423480,5058.1050000000005,5060.1050000000005,5058.1050000000005,5060.1050000000005,1127,1016.3,5083.961593283458
1773423540,5060.865,5060.865,5058.865,5058.865,1188,1006.85,5083.909931518757
1773423600,5057.155,5057.995,5055.995,5055.995,827,987.75,5083.869878418066
1773423660,5052.575,5053.715,5051.715,5051.715,840,975.35,5083.822935386868
1773423720,5051.21,5053.205,5051.205,5053.205,903,970.7,5083.772878160988
1773423780,5053.365,5053.825,5051.825,5053.825,1013,981.55,5083.718024351144
1773423840,5054.46,5055.49,5053.49,5053.49,1062,982.05,5083.662599643262
1773423900,5053.26,5053.41,5051.41,5051.41,896,977.15,5083.6127146638455
1773423960,5049.7300000000005,5050.3150000000005,5048.3150000000005,5048.3150000000005,725,977.1,5083.568515192324
1773424020,5047.755,5049.755,5047.755,5049.755,823,951.3,5083.518632020386
1773424080,5050.095,5050.41,5048.41,5048.41,880,941.5,5083.465435407975
1773424140,5045.99,5047.025000000001,5045.025000000001,5047.025000000001,773,925.65,5083.415159364633
1773424200,5047.99,5047.99,5045.99,5045.99,697,910.95,5083.3703070575475
1773424260,5044.59,5046.59,5044.59,5046.59,836,910.35,5083.3155825098465
1773424320,5048.58,5048.715,5046.715,5046.715,836,926.5,5083.263145756785
1773424380,5046.11,5047.185,5045.185,5047.185,1575,997.45,5083.162404065196
1773424500,5047.515,5047.75,5045.75,5045.75,869,959.05,5083.106902794121
1773424560,5043.555,5045.555,5043.555,5045.555,902,955.5,5083.047078606579
1773424620,5046.7300000000005,5046.7300000000005,5044.7300000000005,5044.7300000000005,618,928.05,5083.006743005368
1773424680,5044.445,5046.445,5044.445,5046.445,195,879.25,5082.994162657798
1773424680.001,5046.455,5047.475,5045.475,5047.475,854,865.6,5082.94068927061
1773424740,5047.58,5048.025000000001,5046.025000000001,5048.025000000001,932,852.8,5082.883397522056
1773424800,5049.66,5049.66,5047.66,5047.66,969,859.9,5082.825644930773
1773424860,5045.185,5046.925,5044.925,5046.925,2429,939.35,5082.67309219483
1773425040,5049.74,5050.835,5048.835,5050.835,709,929.65,5082.6335587998
1773425100,5051.88,5051.88,5049.88,5049.88,766,917.3,5082.591451532402
1773425160,5049.085,5049.905,5047.905,5047.905,734,900.9,5082.54872649131
1773425220,5047.8,5048.895,5046.895,5048.895,644,888.3,5082.510950601417
1773425280,5049.6050000000005,5049.685,5047.685,5047.685,764,890.25,5082.466404266698
1773425340,5047.07,5048.89,5046.89,5046.89,908,894.5,5082.412382384369
1773425400,5045.375,5047.375,5045.375,5047.375,1003,900.65,5082.351454802308
1773425460,5047.585,5047.585,5045.585,5045.585,1095,916.75,5082.28432645112
1773425520,5042.2,5042.79,5040.79,5042.79,1143,939.05,5082.206523563116
1773425580,5043.6900000000005,5044.435,5042.435,5042.435,1192,956.85,5082.127678324954
1773425640,5041.7,5043.055,5041.055,5041.055,1113,970.7,5082.0517519234045
1773425700,5040.84,5042.84,5040.84,5042.84,1146,949.25,5081.974744117077
1773425760,5044.205,5044.205,5042.205,5042.205,914,951.5,5081.914612763002
1773425820,5042.1,5044.1,5042.1,5044.1,311,921.95,5081.894488195331
1773425820.001,5044.8,5046.465,5044.465,5044.465,1351,958.6,5081.811159355246
1773425880,5043.145,5044.29,5042.29,5044.29,2712,1084.45,5081.638188006651
1773426000,5044.735,5045.03,5043.03,5043.03,1132,1098.35,5081.566590086823
1773426060,5042.28,5044.025000000001,5042.025000000001,5042.025000000001,1282,1115.85,5081.483687198186
1773426120,5040.245,5041.38,5039.38,5039.38,1301,1132.45,5081.394204506095
1773426180,5037.255,5039.255,5037.255,5039.255,1168,1069.4,5081.311376301992
1773426240,5041.775000000001,5042.575,5040.575,5040.575,1119,1089.9,5081.237232646266
1773426300,5039.84,5041.265,5039.265,5039.265,921,1097.65,5081.1744217467485
1773426360,5038.5650000000005,5038.77,5036.77,5036.77,578,1089.85,5081.132721668173
1773426420,5036.26,5038.26,5036.26,5038.26,728,1094.05,5081.0805006848195
1773426480,5039.37,5040.175,5038.175,5040.175,817,1096.7,5081.024618691684
1773426540,5042.33,5042.67,5040.67,5042.67,657,1084.15,5080.982483507164
1773426600,5045.92,5047.39,5045.39,5047.39,1510,1109.5,5080.897671952293
1773426720,5049.585,5049.585,5047.585,5047.585,683,1088.9,5080.861157380492
1773426780,5045.95,5047.82,5045.82,5045.82,794,1071.45,5080.816519054418
1773426840,5045.45,5046.13,5044.13,5046.13,862,1054.95,5080.766748198716
1773426900,5046.865,5047.615,5045.615,5045.615,835,1041.05,5080.719784189323
1773426960,5045.2300000000005,5045.68,5043.68,5045.68,1349,1051.2,5080.641395827468
1773427080,5045.78,5045.78,5043.78,5043.78,751,1043.05,5080.597213584079
1773427140,5042.18,5043.685,5041.685,5043.685,787,1066.85,5080.549204229212
1773427200,5044.275000000001,5044.68,5042.68,5044.68,1128,1055.7,5080.482425008169
1773427320,5045.325,5047.03,5045.03,5047.03,1043,972.25,5080.424859651648
1773427440,5047.035,5047.035,5045.035,5045.035,157,923.5,5080.416043309156
1773427440.001,5043.150000000001,5045.150000000001,5043.150000000001,5045.150000000001,528,885.8,5080.385386824113
1773427500,5045.61,5045.61,5043.61,5043.61,595,850.5,5080.350704340928
1773427560,5043.035,5044.43,5042.43,5042.43,983,841.25,5080.291681599352
1773427680,5041.655,5043.32,5041.32,5043.32,1337,852.15,5080.210749719626
1773427860,5043.39,5043.900000000001,5041.900000000001,5043.900000000001,784,845.3,5080.164184351368
1773427920,5044.2,5044.61,5042.61,5044.61,523,842.55,5080.133782077104
1773427980,5044.89,5045.72,5043.72,5045.72,962,854.25,5080.079704658388
1773428160,5045.895,5046.62,5044.62,5044.62,1240,875.4,5080.010708058197
1773428280,5043.5,5045.5,5043.5,5045.5,630,874.05,5079.975301779068
1773428340,5046.695,5048.655,5046.655,5048.655,778,837.45,5079.935592727041
1773428400,5049.8,5049.965,5047.965,5047.965,730,839.8,5079.899171637965
1773428460,5047.825,5049.36,5047.36,5047.36,783,839.25,5079.85944630155
1773428520,5047.055,5048.52,5046.52,5046.52,1844,888.35,5079.76382300472
1773428700,5045.585,5046.595,5044.595,5044.595,514,872.3,5079.73569933944
1773428760,5044.57,5046.49,5044.49,5044.49,1386,874.15,5079.659861647799
1773428880,5040.445,5042.445,5040.445,5042.445,744,873.8,5079.6153166979075
1773428940,5044.245,5044.63,5042.63,5042.63,611,865,5079.580277854533
1773429000,5041.085,5041.55,5039.55,5039.55,748,846,5079.533841004733
1773429060,5036.845,5038.845,5036.845,5038.845,707,829.2,5079.487779830132
1773429120,5039.12,5039.12,5037.12,5037.12,254,834.05,5079.471100067818
1773429120.001,5034.005,5036.005,5034.005,5036.005,682,841.75,5079.423753570821
1773429180,5037.63,5038.5,5036.5,5038.5,742,849.1,5079.375265721318
1773429240,5039.995,5040.39,5038.39,5038.39,800,839.95,5079.324649982999
1773429300,5038.275000000001,5038.5650000000005,5036.5650000000005,5036.5650000000005,883,817.25,5079.266404908276
1773429360,5034.47,5034.845,5032.845,5034.845,1119,834,5079.187478988462
1773429420,5036.53,5037.455,5035.455,5037.455,1549,885.3,5079.084988080022
1773429540,5037.775000000001,5038.13,5036.13,5038.13,1047,889.55,5079.0170936992345
1773429600,5039.32,5039.32,5037.32,5037.32,220,838.55,5079.003034917381
1773429600.001,5036.5650000000005,5037.6,5035.6,5037.6,516,832.85,5078.969252616518
1773429660,5038.52,5038.52,5036.52,5036.52,558,821.85,5078.933001395233
1773429720,5036.115,5037.525000000001,5035.525000000001,5037.525000000001,613,816,5078.892936818613
1773429780,5038.96,5039.825,5037.825,5039.825,447,799.2,5078.865365703096
1773429840,5040.595,5040.595,5038.595,5038.595,569,735.45,5078.830416077955
1773429900,5037.845,5038.79,5036.79,5036.79,805,750,5078.77882514478
1773429960,5035.4400000000005,5036.2300000000005,5034.2300000000005,5034.2300000000005,939,727.65,5078.715090588255
1773430020,5033.335,5034.745,5032.745,5034.745,964,738.65,5078.648633090802
1773430080,5035.455,5035.455,5033.455,5033.455,767,746.45,5078.595949104711
1773430140,5032.435,5034.435,5032.435,5034.435,263,722.2,5078.577769460408
1773430140.001,5035.78,5035.78,5033.78,5033.78,966,735.15,5078.512130836443
1773430200,5032.57,5034.57,5032.57,5034.57,619,753.4,5078.469655677998
1773430260,5034.8150000000005,5034.8150000000005,5032.8150000000005,5032.8150000000005,192,728.9,5078.45637276265
1773430260.001,5032.405,5033.79,5031.79,5033.79,690,726.3,5078.408322147564
1773430320,5034.955,5036.4800000000005,5034.4800000000005,5036.4800000000005,769,724.75,5078.358063923261
1773430380,5037.135,5037.135,5035.135,5035.135,803,720.75,5078.305695688286
1773430440,5032.495,5033.35,5031.35,5031.35,1001,714.85,5078.23479768668
1773430500,5028.985,5030.985,5028.985,5030.985,1052,690,5078.157791815166
1773430560,5032.265,5033.685,5031.685,5033.685,841,679.7,5078.099873212783
1773430620,5033.7,5033.7,5031.7,5031.7,609,699.15,5078.0574199236535
1773430680,5031.3150000000005,5033.3150000000005,5031.3150000000005,5033.3150000000005,207,683.7,5078.043096774947
1773430680.001,5034.285,5034.285,5032.285,5032.285,944,703,5077.978327784557
1773430740,5029.575,5030.035,5028.035,5028.035,972,720.95,5077.905555364791
1773430800,5027.24,5027.33,5025.33,5025.33,1052,751.2,5077.822718597264
1773430860,5023.08,5025.08,5023.08,5025.08,934,769.45,5077.747154543343
1773430920,5026,5027.045,5025.045,5025.045,1590,808.7,5077.622127832767
1773431040,5024.32,5026.32,5024.32,5026.32,228,773.15,5077.6042286198835
1773431040.001,5026.445,5026.445,5024.445,5024.445,885,769.2,5077.534144881119
1773431100,5022.835,5024.835,5022.835,5024.835,644,763.05,5077.482348015921
1773431160,5025.055,5025.055,5023.055,5023.055,213,760.55,5077.465095220877
1773431160.001,5019.900000000001,5020.61,5018.61,5018.61,947,759.6,5077.382189883556
1773431220,5013.07,5015.07,5013.07,5015.07,245,740.9,5077.358984076089
1773431220.001,5017.135,5018.035,5016.035,5016.035,635,763.05,5077.301110783061
1773431280,5014.71,5016.54,5014.54,5016.54,675,762.3,5077.238873646223
1773431340,5017.06,5017.06,5015.06,5015.06,957,771.7,5077.150640680138
1773431400,5010.55,5012.1900000000005,5010.1900000000005,5012.1900000000005,963,779.7,5077.056051360839
1773431460,5013.57,5013.57,5011.57,5011.57,937,776.5,5076.965276185622
1773431520,5009.765,5011.745,5009.745,5011.745,697,758.75,5076.896711174084
1773431580,5017.1,5017.34,5015.34,5015.34,443,738.85,5076.8564641955345
1773431640,5014.900000000001,5016.900000000001,5014.900000000001,5016.900000000001,1095,763.15,5076.757580024649
1773431700,5021.165,5022.96,5020.96,5022.96,1389,822.25,5076.645122017691
1773431760,5023.650000000001,5023.650000000001,5021.650000000001,5021.650000000001,1383,844.2,5076.533658118796
1773431820,5018.125,5019.81,5017.81,5017.81,1845,887.85,5076.375187580784
1773431880,5015.5,5016.055,5014.055,5016.055,1841,927.3,5076.209531875517
1773431940,5019.155,5019.155,5017.155,5017.155,447,902.95,5076.1710496511205
1773431940.001,5016.735,5018.32,5016.32,5018.32,726,859.75,5076.108476302695
1773432000,5019.91,5020.675,5018.675,5020.675,409,868.8,5076.074701630765
1773432060,5020.88,5021.265,5019.265,5019.265,253,837.2,5076.053801039914
1773432120,5018.29,5019.275000000001,5017.275000000001,5017.275000000001,230,816.5,5076.0341407523665
1773432180,5017.03,5019.03,5017.03,5019.03,169,814.3,5076.019807986988
1773432240,5020.6,5020.745,5018.745,5018.745,144,774.15,5076.0078230243325
1773432300,5018.4400000000005,5019.52,5017.52,5017.52,185,771.15,5075.992100014453
1773432360,5015.505,5016.52,5014.52,5014.52,228,750.8,5075.971729176187
1773432420,5012.575,5014.545,5012.545,5014.545,226,728.35,5075.9511161706005
1773432480,5015.62,5016.9400000000005,5014.9400000000005,5016.9400000000005,268,693.9,5075.9276326063755
1773432540,5017.8550000000005,5017.8550000000005,5015.8550000000005,5015.8550000000005,181,654.8,5075.911848871711
1773432600,5015.31,5017.31,5015.31,5017.31,55,610.7,5075.9070641926455
1773432600.001,5018.985,5018.985,5016.985,5016.985,256,588.65,5075.885182593866
1773432660,5014.52,5016.43,5014.43,5016.43,524,592.7,5075.838994210786
1773432780,5016.95,5018.405,5016.405,5018.405,563,566.1,5075.791076034667
1773432900,5019.75,5019.945,5017.945,5019.945,343,513.8,5075.762694677777
1773432960,5021.71,5021.71,5019.71,5019.71,258,457.55,5075.741780126565
1773433020,5018.625,5020.495,5018.495,5020.495,439,387.25,5075.705877150385
1773433140,5020.62,5020.62,5018.62,5018.62,95,299.95,5075.698038524593
1773433140.001,5015.02,5016.465,5014.465,5014.465,610,308.1,5075.644054724878
1773433260,5013.04,5014.57,5012.57,5012.57,240,283.8,5075.622177258172
1773433320,5012.505,5014.505,5012.505,5014.505,88,267.75,5075.614236690331
1773433320.001,5015.735,5015.75,5013.75,5013.75,1077,308.95,5075.518128308248
1773433680,5013.47,5015.25,5013.25,5015.25,1303,362.6,5075.402571171033
1773433920,5019.115,5019.115,5017.115,5017.115,242,366.25,5075.3822836256
1773433980,5015.615,5016.705,5014.705,5016.705,428,380.45,5075.345353231777
1773434160,5017.175,5017.45,5015.45,5017.45,397,391.05,5075.311568563911
1773434280,5020.26,5020.26,5018.26,5018.26,421,400.7,5075.277094505529
1773434400,5016.675,5018.675,5016.675,5018.675,59,392.35,5075.272187912047
1773434400.001,5018.6900000000005,5020.5,5018.5,5020.5,427,400.3,5075.237833446773
1773434520,5022.64,5023.82,5021.82,5023.82,403,411.4,5075.207389518363
1773434580,5025.165,5025.165,5023.165,5023.165,391,428.2,5075.1782705739515
1773434640,5022.175,5024.175,5022.175,5024.175,142,422.5,5075.167637035224
1773434640.001,5025.645,5025.645,5023.645,5023.645,502,421.4,5075.130664319579
1773434700,5021.400000000001,5023.400000000001,5021.400000000001,5023.400000000001,413,413.9,5075.099343348088
1773434760,5024.05,5024.475,5022.475,5022.475,346,414.05,5075.07333669917
1773434820,5022.21,5023.12,5021.12,5021.12,682,435.25,5075.020815665669
1773434940,5018.535,5020.29,5018.29,5020.29,827,454.65,5074.954684360878
1773435060,5021.145,5021.145,5019.145,5019.145,548,477.3,5074.91109914128
1773435120,5016.87,5018.87,5016.87,5018.87,147,454.15,5074.899078269866
1773435120.001,5019.32,5020.900000000001,5018.900000000001,5018.900000000001,421,463.2,5074.865506503241
1773435180,5018.525000000001,5020.525000000001,5018.525000000001,5020.525000000001,220,469.8,5074.848071708653
1773435240,5022.37,5022.37,5020.37,5020.37,298,430.85,5074.824978780335
1773435300,5017.71,5018.705,5016.705,5018.705,232,377.3,5074.806012702116
1773435360,5019.46,5020.35,5018.35,5020.35,215,375.95,5074.7889566813
1773435420,5021.78,5021.78,5019.78,5019.78,175,363.3,5074.775273863052
1773435480,5018.96,5020.96,5018.96,5020.96,73,347.1,5074.769552106323
1773435540,5021.84,5021.84,5019.84,5019.84,22,327.15,5074.767834728777
1773612240,5014.955,5016.195,5014.195,5016.195,343,341.35,5015.528333333333
1773612300,5021.84,5021.84,5019.84,5019.84,289,334.45,5017.804818037974
1773612360,5019.415,5021.415,5019.415,5021.415,93,318.95,5018.182399999999
1773612360.001,5028.865,5028.865,5026.865,5026.865,358,317.3,5021.272923976608
1773612420,5026.195,5028.195,5026.195,5028.195,133,316.85,5021.957109375
1773612420.001,5031.005,5031.005,5029.005,5029.005,664,324.95,5024.68182535461
1773612480,5019.875,5021.875,5019.875,5021.875,177,313.15,5024.382939555988
1773612480.001,5023.285,5023.285,5021.285,5021.285,112,301.45,5024.257396649762
1773612540,5020.1,5022.1,5020.1,5022.1,55,270.1,5024.187556954436
1773612540.001,5025.225,5025.225,5023.225,5023.225,310,244.25,5024.151358852933
1773612600,5020.415,5022.415,5020.415,5022.415,84,221.05,5024.074256429844
1773612600.001,5024.31,5025.725,5023.725,5025.725,301,228.75,5024.17573198584
1773612660,5026.25,5026.25,5024.25,5024.25,397,227.55,5024.264438580619
1773612720,5021.655,5023.655,5021.655,5023.655,99,221.5,5024.227444607125
1773612720.001,5024.305,5024.32,5022.32,5022.32,263,219.75,5024.138721225303
1773612780,5019.86,5021.86,5019.86,5021.86,87,212.5,5024.070660469234
1773612780.001,5022.95,5024.155,5022.155,5024.155,306,217.05,5024.0268893801685
1773612840,5026,5026,5024,5024,102,213.4,5024.042527358415
1773612840.001,5023.53,5023.79,5021.79,5021.79,247,222.1,5023.953905731523
1773612900,5020.4800000000005,5021.64,5019.64,5019.64,424,242.2,5023.634659372419
1773612960,5017.08,5019.08,5017.08,5019.08,113,230.7,5023.515633783874
1773612960.001,5020.05,5020.38,5018.38,5018.38,373,234.9,5023.202889931207
1773613020,5015.02,5016.455,5014.455,5014.455,964,278.45,5021.965155703844
1773613080,5007.26,5009.26,5007.26,5009.26,1194,320.25,5019.832950053418
1773613140,5010.035,5010.32,5008.32,5008.32,1070,367.1,5018.47684778375
1773613200,5005.555,5007.555,5005.555,5007.555,255,346.65,5018.1415395816775
1773613200.001,5007.82,5009.82,5007.82,5009.82,704,373,5017.476655984028
1773613260,5011,5011,5009,5009,352,385,5017.198095213968
1773613260.001,5000.91,5002.91,5000.91,5002.91,351,399.8,5016.684482550553
1773613260.002,5004.165,5004.77,5002.77,5004.77,654,417,5015.927808687387
1773613320,5012.075,5013.7,5011.7,5013.7,532,439.4,5015.7928042258445
1773613380,5014.900000000001,5014.900000000001,5012.900000000001,5012.900000000001,105,429.6,5015.772498045347
1773613380.001,5012.52,5013.51,5011.51,5011.51,346,427.05,5015.667567822101
1773613440,5008.495,5010.495,5008.495,5010.495,349,439.55,5015.500609536292
1773613500,5010.885,5010.885,5008.885,5008.885,117,432.25,5015.444127647487
1773613500.001,5007.685,5009.685,5007.685,5009.685,404,448.1,5015.240150205598
1773613560,5013.645,5013.915,5011.915,5013.915,342,449.9,5015.188026755425
1773613620,5014.31,5014.31,5012.31,5012.31,268,458.2,5015.143590637574
1773613680,5009.11,5011.11,5009.11,5011.11,317,461.7,5015.034466456716
1773613740,5013.71,5013.71,5011.71,5011.71,344,457.7,5014.969151188265
1773613800,5011.545,5013.545,5011.545,5013.545,130,458.55,5014.9499123489995
1773613800.001,5016.975,5016.975,5014.975,5014.975,438,461.8,5014.970713419378
1773613860,5010.765,5012.765,5010.765,5012.765,154,421.3,5014.940662703804
1773613860.001,5016.83,5016.83,5014.83,5014.83,411,382.15,5014.955765316237
1773613920,5014.775000000001,5016.775000000001,5014.775000000001,5016.775000000001,128,335.05,5014.965433623871
1773613920.001,5018.18,5018.18,5016.18,5016.18,352,339.9,5015.007852048768
1773613980,5013.81,5015.81,5013.81,5015.81,112,310.3,5015.008817125653
1773613980.001,5018.465,5018.465,5016.465,5016.465,375,311.45,5015.058268521968
1773614040,5015.37,5017.37,5015.37,5017.37,315,309.65,5015.089840776619
1773614100,5017.715,5017.715,5015.715,5015.715,319,292.9,5015.114469778467
1773614160,5014.07,5016.07,5014.07,5016.07,394,286,5015.121115360658
1773614220,5016.12,5016.12,5014.12,5014.12,389,300.2,5015.113687410789
1773614280,5011.42,5013.42,5011.42,5013.42,251,295.45,5015.080340069045
1773614340,5014.6050000000005,5014.675,5012.675,5012.675,544,305.2,5015.028683142179
1773614400,5010.795,5012.795,5010.795,5012.795,369,317.8,5014.971387297677
1773614460,5013.24,5013.24,5011.24,5011.24,119,303.55,5014.951986204204
1773614460.001,5008.39,5010.39,5008.39,5010.39,563,314.6,5014.799941807412
1773614520,5012.375,5012.375,5010.375,5010.375,716,337,5014.665911573772
1773614640,5009.495,5011.495,5009.495,5011.495,256,333.95,5014.6175950425395
1773614700,5012.3150000000005,5014.26,5012.26,5014.26,230,328.25,5014.60613853361
1773614760,5014.72,5016.12,5014.12,5016.12,479,345.7,5014.6254240724875
1773614820,5017.36,5018.055,5016.055,5018.055,658,356.7,5014.709202611365
1773614880,5020.34,5020.34,5018.34,5018.34,326,365.3,5014.772808045036
1773614940,5017.745,5019.745,5017.745,5019.745,77,348.6,5014.787807160414
1773614940.001,5021.43,5022.74,5020.74,5022.74,653,374.85,5014.996870642173
1773615060,5023.85,5023.85,5021.85,5021.85,323,373.4,5015.102113248695
1773615120,5019.93,5020.625,5018.625,5018.625,319,383.75,5015.159232128101
1773615180,5018.055,5020.055,5018.055,5020.055,418,385.9,5015.233458039413
1773615240,5022.13,5023.87,5021.87,5023.87,442,392.25,5015.378675488498
1773615300,5024.24,5024.74,5022.74,5024.74,641,408.35,5015.6025108103395
1773615480,5025.915,5026.31,5024.31,5026.31,451,411.2,5015.781146351083
1773615600,5026.335,5026.335,5024.335,5024.335,403,411.9,5015.925435159656
1773615660,5019.495,5020.715,5018.715,5018.715,894,444.05,5016.041390838242
1773615720,5010.68,5012.68,5010.68,5012.68,260,429.85,5016.002468069027
1773615720.001,5013.18,5014.17,5012.17,5012.17,450,433.9,5015.950393257057
1773615780,5011.915,5013.865,5011.865,5011.865,456,450.75,5015.894342513691
1773615840,5006.02,5008.02,5006.02,5008.02,494,447.3,5015.745288974458
1773615900,5010.2300000000005,5010.2300000000005,5008.2300000000005,5008.2300000000005,196,421.3,5015.698194634482
1773615900.001,5003.245,5005.245,5003.245,5005.245,195,418.25,5015.622636304504
1773615900.002,5005.31,5005.31,5003.31,5003.31,296,421.55,5015.5037424984475
1773615960,5002.29,5004.29,5002.29,5004.29,148,405,5015.443406881248
1773615960.001,5007.485,5007.53,5005.53,5007.53,548,399.5,5015.285041091276
1773616020,5010.385,5010.485,5008.485,5010.485,484,407.4,5015.197353461036
1773616080,5012.2300000000005,5012.2300000000005,5010.2300000000005,5010.2300000000005,116,409.35,5015.180883349839
1773616080.001,5009.77,5009.77,5007.77,5007.77,152,384.3,5015.147208790485
1773616140,5006.6900000000005,5007.21,5005.21,5005.21,434,389.85,5015.016899965452
1773616200,5004.35,5006.35,5004.35,5006.35,512,399.5,5014.864651140562
1773616260,5007.045,5008.665,5006.665,5008.665,554,406.3,5014.745562164755
1773616320,5009.66,5009.66,5007.66,5007.66,141,391.25,5014.717352076384
1773616320.001,5007.3550000000005,5009.005,5007.005,5007.005,311,374.75,5014.649709668455
1773616380,5005.93,5007.005,5005.005,5005.005,295,366.95,5014.568687835866
1773616440,5004.92,5006.92,5004.92,5006.92,95,351.55,5014.5445919757585
1773616440.001,5007.8550000000005,5007.8550000000005,5005.8550000000005,5005.8550000000005,432,328.45,5014.4402475714505
1773616500,5004.96,5006.96,5004.96,5006.96,288,329.85,5014.370216790034
1773616560,5007.9400000000005,5007.9400000000005,5005.9400000000005,5005.9400000000005,526,333.65,5014.250215985893
1773616620,5004.395,5005.775000000001,5003.775000000001,5003.775000000001,500,335.85,5014.108186601022
1773616680,5002.265,5004.255,5002.255,5002.255,538,338.05,5013.936567240788
1773616740,5002.175,5002.79,5000.79,5000.79,1894,422.95,5013.297074472881
1773616800,4982.265,4984.265,4982.265,4984.265,586,442.5,5012.833575423457
1773616800.001,4986.39,4986.465,4984.465,4984.465,782,466.8,5012.268407339768
1773616860,4984.22,4986.22,4984.22,4986.22,391,478.95,5011.99864173618
1773616860.001,4991.185,4991.185,4989.185,4989.185,390,471.05,5011.777800533523
1773616860.002,4988.3,4990.3,4988.3,4990.3,588,476.25,5011.449808727339
1773616920,4991.52,4991.52,4989.52,4989.52,293,485.1,5011.29402505501
1773616920.001,4977.08,4977.36,4975.36,4975.36,1165,535.75,5010.295738675477
1773616980,4967.775000000001,4969.775000000001,4967.775000000001,4969.775000000001,436,535.85,5009.86399033491
1773616980.001,4981.75,4982.96,4980.96,4982.96,1251,572.8,5009.058955979833
1773617040,4987.225,4987.33,4985.33,4985.33,1006,595.4,5008.529864462181
1773617100,4982.655,4984.655,4982.655,4984.655,244,600.55,5008.394060643171
1773617100.001,4984.715,4985.155,4983.155,4985.155,831,626.55,5007.95186455203
1773617160,4988.78,4988.78,4986.78,4986.78,737,648.65,5007.620903778487
1773617220,4983.8150000000005,4985.8150000000005,4983.8150000000005,4985.8150000000005,229,655.35,5007.508763737261
1773617220.001,4987.33,4989.205,4987.205,4989.205,1070,687.25,5007.076525059801
1773617280,4990.4800000000005,4990.4800000000005,4988.4800000000005,4988.4800000000005,790,712.35,5006.779890682917
1773617340,4987.0650000000005,4989.0650000000005,4987.0650000000005,4989.0650000000005,254,698.75,5006.682631739749
1773617340.001,4990.14,4990.14,4988.14,4988.14,792,713.35,5006.392495781844
1773617400,4987.88,4989.88,4987.88,4989.88,268,699.85,5006.29866075614
1773617400.001,4990.67,4992.35,4990.35,4992.35,799,645.1,5006.064470827317
1773617460,4992.46,4992.46,4990.46,4990.46,265,629.05,5005.985504199166
1773617460.001,4988.51,4989.465,4987.465,4989.465,867,633.3,5005.693299376421
1773617520,4990.47,4991.435,4989.435,4989.435,650,646.25,5005.497068085298
1773617580,4985.6,4987.475,4985.475,4985.475,1239,688.7,5005.043606000441
1773617640,4978.955,4980.955,4978.955,4980.955,363,677.45,5004.874845408904
1773617640.001,4981.735,4983.735,4981.735,4983.735,823,703.95,5004.5429344133945
1773617700,4988.95,4989.6050000000005,4987.6050000000005,4987.6050000000005,783,684.85,5004.31067418359
1773617760,4984.77,4985.225,4983.225,4983.225,691,697.6,5004.056654304317
1773617820,4982.205,4983.89,4981.89,4983.89,713,670.7,5003.792617938781
1773617880,4984.615,4984.615,4982.615,4982.615,179,629.35,5003.727563802706
1773617880.001,4982.6,4984.6,4982.6,4984.6,499,642.1,5003.554082683481
1773617940,4987.32,4987.32,4985.32,4985.32,746,637.85,5003.326883689886
1773618000,4982.08,4984.08,4982.08,4984.08,413,621.65,5003.185317353759
1773618060,4985.21,4985.21,4983.21,4983.21,110,615.7,5003.148826475389
1773618060.001,4979.84,4981.84,4979.84,4981.84,837,604.05,5002.837294214288
1773618120,4984.845,4985.53,4983.53,4985.53,650,597.05,5002.6415715953
1773618180,4986.045,4986.045,4984.045,4984.045,203,594.5,5002.580802404207
1773618180.001,4980.695,4982.695,4980.695,4982.695,671,588.45,5002.35310523506
1773618240,4985.345,4985.345,4983.345,4983.345,747,612.4,5002.129644392977
1773618300,4980,4981.05,4979.05,4981.05,712,608.05,5001.880013220474
1773618360,4983.14,4983.77,4981.77,4981.77,659,627.75,5001.675604354114
1773618420,4977.07,4979.02,4977.02,4979.02,992,634,5001.312269771969
1773618480,4980.225,4980.225,4978.225,4978.225,1291,666.05,5000.866735906946
1773618540,4972.38,4974.38,4972.38,4974.38,338,621,5000.72619766225
1773618540.001,4974.88,4976.865,4974.865,4976.865,849,645.3,5000.411414628492
1773618600,4979.81,4980.845,4978.845,4978.845,948,651.55,5000.116148301589
1773618660,4976.365,4978.365,4976.365,4978.365,717,648.25,4999.8791413664785
1773618720,4981.685,4981.685,4979.685,4979.685,165,621.95,4999.831747371929
1773618720.001,4977.385,4978.655,4976.655,4978.655,757,624.15,4999.591200035882
1773618780,4985.71,4985.735,4983.735,4983.735,736,652,4999.430290719709
1773618840,4982.3150000000005,4984.3150000000005,4982.3150000000005,4984.3150000000005,241,639.1,4999.375735917074
1773618840.001,4987.345,4987.9800000000005,4985.9800000000005,4987.9800000000005,904,647,4999.221330605193
1773618900,4991.49,4991.49,4989.49,4989.49,723,662.5,4999.129470600601
1773618960,4988.435,4990.435,4988.435,4990.435,251,669.55,4999.096652489896
1773618960.001,4993.22,4993.805,4991.805,4993.805,1163,685.85,4999.0014130668815
1773619020,4997.64,4998.74,4996.74,4996.74,1241,715.4,4998.974668738737
1773619080,4992.84,4994.84,4992.84,4994.84,905,750.5,4998.916659146028
1773619140,4998.22,4998.6900000000005,4996.6900000000005,4998.6900000000005,1193,776.6,4998.902654340454
1773619200,5010.06,5010.4400000000005,5008.4400000000005,5010.4400000000005,1197,799.1,4999.07099902969
1773619260,5015.45,5016.38,5014.38,5016.38,1255,826.25,4999.33689501379
1773619320,5021.32,5021.32,5019.32,5019.32,1411,863.85,4999.701283000461
1773619380,5015.35,5017.35,5015.35,5017.35,1628,895.65,5000.0401372325505
1773619440,5023.545,5023.545,5021.545,5021.545,1004,881.3,5000.309654207982
1773619500,5020.33,5022.33,5020.33,5022.33,291,878.95,5000.384625500697
1773619500.001,5024.825,5025.685,5023.685,5023.685,1249,898.95,5000.740429221191
1773619560,5022.635,5023.31,5021.31,5021.31,929,898,5000.972359631796
1773619620,5021.235,5023.235,5021.235,5023.235,304,877.35,5001.049265847447
1773619620.001,5028.7,5028.7,5026.7,5026.7,1269,932.55,5001.4347541794095
1773619680,5023.7,5025.415,5023.415,5023.415,1212,955.3,5001.747207170799
1773619740,5019.77,5021.77,5019.77,5021.77,1062,971.6,5001.978412177993
1773619800,5023.575,5023.575,5021.575,5021.575,255,972.3,5002.036363031416
1773619800.001,5020.275000000001,5022.145,5020.145,5022.145,745,964.35,5002.197462230328
1773619860,5023.02,5023.02,5021.02,5021.02,1055,980.95,5002.423497922254
1773619920,5017.78,5019.78,5017.78,5019.78,916,1014.2,5002.589887661441
1773619980,5025.93,5026.325,5024.325,5024.325,948,1003.45,5002.818664393644
1773620040,5022.615,5023.8550000000005,5021.8550000000005,5021.8550000000005,876,985.2,5003.002859625344
1773620100,5021.285,5023.285,5021.285,5023.285,775,978.7,5003.163763023175
1773620160,5023.46,5023.46,5021.46,5021.46,282,933.15,5003.220194876231
1773620160.001,5016.8,5018.775000000001,5016.775000000001,5018.775000000001,981,922.35,5003.372743014211
1773620220,5021.895,5021.895,5019.895,5019.895,233,871.25,5003.414472831466
1773620220.001,5019.1900000000005,5019.1900000000005,5017.1900000000005,5017.1900000000005,657,833.55,5003.512665162678
1773620280,5016.11,5017.1,5015.1,5017.1,1045,804.4,5003.650897277079
1773620340,5019.835,5020.385,5018.385,5020.385,834,795.9,5003.786925148797
1773620400,5020.415,5020.6050000000005,5018.6050000000005,5020.6050000000005,1100,836.35,5003.965284456534
1773620520,5021.1900000000005,5021.1900000000005,5019.1900000000005,5019.1900000000005,143,781.05,5003.988065173659
1773620520.001,5018.05,5018.89,5016.89,5018.89,507,759.95,5004.060050102565
1773620580,5019.405,5020.61,5018.61,5020.61,542,771.85,5004.145451722666
1773620640,5021.485,5022.05,5020.05,5020.05,655,741.15,5004.252433387871
1773620700,5019.650000000001,5021.13,5019.13,5021.13,538,707.45,5004.337941291815
1773620760,5022.09,5022.09,5020.09,5020.09,482,678.45,5004.4151659217905
1773620820,5019.245,5019.645,5017.645,5017.645,500,690.7,5004.482639075011
1773620880,5016.025000000001,5016.895,5014.895,5016.895,704,688.65,5004.562392250663
1773620940,5017.905,5017.905,5015.905,5015.905,747,673.25,5004.648296817294
1773621000,5014.9800000000005,5016.93,5014.93,5016.93,512,653.05,5004.7049657903
1773621060,5018.82,5020.085,5018.085,5020.085,594,635.35,5004.787779457051
1773621120,5023.91,5025.02,5023.02,5025.02,855,634.3,5004.945017435848
1773621180,5028.53,5028.53,5026.53,5026.53,717,631.4,5005.093975323741
1773621240,5025.875,5027.875,5025.875,5027.875,242,629.4,5005.143828369772
1773621240.001,5030.9800000000005,5030.9800000000005,5028.9800000000005,5028.9800000000005,1045,632.6,5005.380054231168
1773621300,5025.195,5025.77,5023.77,5023.77,1354,688.65,5005.615162417537
1773621420,5022.08,5024.08,5022.08,5024.08,160,663.8,5005.641072336256
1773621420.001,5024.09,5025.125,5023.125,5025.125,395,631.3,5005.708457793531
1773621480,5025.54,5026.365,5024.365,5026.365,602,619.7,5005.816964218624
1773621540,5027.31,5028.54,5026.54,5026.54,727,601.05,5005.956264004346
1773621600,5026.04,5026.755,5024.755,5024.755,658,626.8,5006.0703279009695
1773621660,5024.52,5025.075,5023.075,5025.075,601,631.5,5006.167954295145
1773621720,5025.895,5026.86,5024.86,5026.86,641,636.45,5006.281017290277
1773621780,5027.27,5028.56,5026.56,5028.56,1185,662.95,5006.504267501764
1773621900,5028.895,5028.895,5026.895,5026.895,178,644.95,5006.536890479712
1773621900.001,5026.25,5028.25,5026.25,5028.25,590,650.35,5006.644414411682
1773621960,5028.66,5028.66,5026.66,5026.66,206,635.65,5006.681241338276
1773621960.001,5025.29,5027.29,5025.29,5027.29,718,636.35,5006.8042423266215
1773622020,5030.135,5030.135,5028.135,5028.135,1271,662.55,5007.041824977337
1773622140,5026.8150000000005,5027.38,5025.38,5025.38,943,684.1,5007.192905001557
1773622200,5021.205,5021.42,5019.42,5019.42,936,701.2,5007.293847305512
1773622260,5018.245,5020.245,5018.245,5020.245,225,669.7,5007.316922251717
1773622260.001,5020.27,5021.865,5019.865,5019.865,560,661.85,5007.3784147804045
1773622320,5018.285,5019.66,5017.66,5017.66,594,679.45,5007.432188297582
1773622380,5017.035,5019.035,5017.035,5019.035,204,637.4,5007.450604483441
1773622380.001,5022.225,5023.04,5021.04,5023.04,1128,626.1,5007.5882738883865
1773622500,5027.05,5027.05,5025.05,5025.05,637,649.95,5007.682229368544
1773622560,5020.9800000000005,5022.375,5020.375,5022.375,410,650.7,5007.728862862917
1773622620,5024.650000000001,5024.650000000001,5022.650000000001,5022.650000000001,330,637.1,5007.770464966124
1773622680,5022.52,5024.52,5022.52,5024.52,121,606.8,5007.786188150407
1773622680.001,5028.38,5028.38,5026.38,5026.38,121,579.95,5007.804999488786
1773622680.002,5026.28,5028.28,5026.28,5028.28,390,569.4,5007.867160032397
1773622740,5028.63,5028.63,5026.63,5026.63,194,547.05,5007.897442296719
1773622740.001,5025.14,5026.66,5024.66,5024.66,1928,584.2,5008.163291020901
1773622800,5012.435,5014.435,5012.435,5014.435,577,604.15,5008.188760861459
1773622800.001,5018.4800000000005,5019.3,5017.3,5019.3,1228,636.05,5008.2888024741405
1773622860,5026.150000000001,5026.335,5024.335,5024.335,1749,713.2,5008.513732638218
1773622920,5022.285,5024.285,5022.285,5024.285,866,720.6,5008.613721051409
1773622980,5026.495,5026.495,5024.495,5024.495,210,667.55,5008.640242016518
1773622980.001,5018.21,5018.7,5016.7,5016.7,1005,670.65,5008.7066637255475
1773623040,5011.67,5013.67,5011.67,5013.67,264,637.05,5008.715237578733
1773623040.001,5017.435,5017.545,5015.545,5015.545,1094,680.5,5008.776717805897
1773623100,5012.415,5014.415,5012.415,5014.415,364,670.7,5008.790247225086
1773623100.001,5015.575,5017.57,5015.57,5017.57,951,688.55,5008.847522870285
1773623160,5023.38,5023.38,5021.38,5021.38,317,694.2,5008.878510447369
1773623160.001,5021.17,5021.755,5019.755,5019.755,1034,689.5,5008.966233683667
1773623220,5015.24,5017.24,5015.24,5017.24,344,674.85,5008.985418181772
1773623220.001,5017.285,5018.42,5016.42,5018.42,697,689.2,5009.029992888453
1773623280,5019.64,5019.64,5017.64,5017.64,1000,722.7,5009.097165999279
1773623340,5012.865,5014.865,5012.865,5014.865,819,757.6,5009.127239826277
1773623400,5018.785,5018.785,5016.785,5016.785,281,765.6,5009.144044044222
1773623400.001,5010.22,5011.57,5009.57,5011.57,1076,799.9,5009.157538738827
1773623460,5013.4400000000005,5013.4400000000005,5011.4400000000005,5011.4400000000005,264,803.4,5009.1630785441
1773623460.001,5010.925,5012.22,5010.22,5010.22,1141,764.05,5009.176959023256
1773623520,5004.33,5004.97,5002.97,5002.97,1941,832.25,5009.1020844734685
1773623580,4991.805,4993.805,4991.805,4993.805,520,796.85,5009.0444947841115
1773623580.001,4994.115,4996.1,4994.1,4996.1,830,750.9,5008.966568108081
1773623640,4996.9400000000005,4996.9400000000005,4994.9400000000005,4994.9400000000005,415,728.35,5008.928433192557
1773623640.001,4986.325,4986.49,4984.49,4984.49,1426,789.15,5008.697538733813
1773623700,4983.7,4985.7,4983.7,4985.7,506,764.2,5008.616259288167
1773623700.001,4995.985,4995.985,4993.985,4993.985,1238,812.9,5008.499886116306
1773623760,4991.1900000000005,4993.1900000000005,4991.1900000000005,4993.1900000000005,366,776.5,5008.460621670557
1773623760.001,4996.2,4996.2,4994.2,4994.2,934,805,5008.375896437513
1773623820,4993.325,4995.325,4993.325,4995.325,284,771.65,5008.349949081533
1773623820.001,4998.435,4998.435,4996.435,4996.435,898,800.7,5008.283073038044
1773623880,4996.215,4998.215,4996.215,4998.215,307,764.35,5008.2612981426755
1773623880.001,5005.6900000000005,5005.6900000000005,5003.6900000000005,5003.6900000000005,989,796.6,5008.23594838602
1773623940,5001.71,5003.71,5001.71,5003.71,1199,821.7,5008.1953977268995
1773624000,5005.735,5005.735,5003.735,5003.735,1394,841.4,5008.161262987128
1773624060,5001.43,5003.43,5001.43,5003.43,356,818.25,5008.148887915764
1773624060.001,5003.97,5005.335,5003.335,5003.335,1437,876.05,5008.110861621211
1773624120,5002.085,5002.495,5000.495,5000.495,1519,898.2,5008.044154338421
1773624180,4993.86,4995.86,4993.86,4995.86,346,902.3,5008.016116831767
1773624180.001,4996.025000000001,4996.205,4994.205,4994.205,1239,907.2,5007.914218681563
1773624240,4990.67,4992.67,4990.67,4992.67,413,830.8,5007.873209965527
1773624240.001,4995.16,4996.145,4994.145,4994.145,1221,865.85,5007.774435381309
1773624300,4991.715,4993.715,4991.715,4993.715,407,844.7,5007.737407923374
1773624300.001,4994.345,4996.345,4994.345,4996.345,742,861.05,5007.682381243757
1773624360,4997.585,4997.585,4995.585,4995.585,371,808.3,5007.656360903175
1773624360.001,4992.650000000001,4994.650000000001,4992.650000000001,4994.650000000001,1428,854.4,5007.53760096832
1773624420,4997.125,4997.125,4995.125,4995.125,352,810.1,5007.51250647406
1773624420.001,4994.25,4994.34,4992.34,4992.34,1158,849.7,5007.411265122929
1773624480,4988.875,4990.875,4988.875,4990.875,1114,858.7,5007.296532221368
1773624540,4991.82,4991.82,4989.82,4989.82,364,862.7,5007.259979430011
1773624540.001,4986.04,4988.04,4986.04,4988.04,1182,876.9,5007.120542399756
1773624600,4991.83,4991.83,4989.83,4989.83,409,882,5007.080307558172
1773624600.001,4985.13,4987.015,4985.015,4987.015,1359,900.5,5006.914910349129
1773624660,4990.68,4990.765,4988.765,4988.765,1151,898.1,5006.7975717748195
1773624720,4982.675,4984.675,4982.675,4984.675,278,842.3,5006.760689758888
1773624720.001,4986.545,4988.150000000001,4986.150000000001,4988.150000000001,1041,876.55,5006.644567825507
1773624780,4989.97,4989.97,4987.97,4987.97,346,822,5006.608585717418
1773624780.001,4987.18,4988.905,4986.905,4988.905,970,794.55,5006.506254469786
1773624840,4989.84,4991.765,4989.765,4991.765,1676,861.05,5006.359368800051
1773624900,4997.71,4997.71,4995.71,4995.71,450,821.6,5006.333882206762
1773624900.001,4992.865,4992.865,4990.865,4990.865,1054,853.65,5006.245893039761
1773624960,4985.54,4987.54,4985.54,4987.54,526,818.9,5006.188593888816
1773624960.001,4993.49,4993.49,4991.49,4991.49,1378,867.45,5006.080701760256
1773625020,4990.185,4992.185,4990.185,4992.185,426,851.65,5006.046168806103
1773625020.001,4995.445,4996.1,4994.1,4996.1,1739,920.05,5005.944417680643
1773625080,4997.415,4997.415,4995.415,4995.415,438,870.55,5005.920658420367
1773625080.001,4995.27,4996.965,4994.965,4996.965,936,899.75,5005.87137661532
1773625140,4997.6900000000005,4998.22,4996.22,4998.22,1269,905.3,5005.814016722453
1773625200,4999.955,4999.955,4997.955,4997.955,829,891.05,5005.781761588934
1773625260,4997.49,4999.49,4997.49,4999.49,254,885.55,5005.772213377484
1773625260.001,5001.400000000001,5003.24,5001.24,5003.24,910,871.95,5005.756564373145
1773625320,5003.4800000000005,5003.4800000000005,5001.4800000000005,5001.4800000000005,328,867.9,5005.750210317776
1773625320.001,4999.055,5000.845,4998.845,5000.845,1728,886.35,5005.699016348258
1773625440,5004.4800000000005,5004.955,5002.955,5004.955,720,864.8,5005.693636425429
1773625500,5005.41,5005.88,5003.88,5005.88,820,891.9,5005.691559307638
1773625560,5009.34,5009.34,5007.34,5007.34,716,875.65,5005.70026852625
1773625620,5005.79,5007.79,5005.79,5007.79,245,870.6,5005.7020980039215
1773625620.001,5008.66,5009.27,5007.27,5007.27,899,867.05,5005.712589703679
1773625680,5006.3,5008.115,5006.115,5006.115,1076,837.05,5005.718563906674
1773625740,5003.505,5005.17,5003.17,5005.17,1168,872.95,5005.71123677839
1773625800,5008.095,5008.095,5006.095,5006.095,1050,872.75,5005.716899705799
1773625860,5002.955,5004.955,5002.955,5004.955,767,884.8,5005.711296023535
1773625920,5006.42,5006.42,5004.42,5004.42,258,828.8,5005.710472933859
1773625920.001,5002.715,5004.715,5002.715,5004.715,1017,858.35,5005.701883916213
1773625980,5006.645,5007.3,5005.3,5007.3,1215,832.15,5005.707598935815
1773626040,5009.925,5011.41,5009.41,5011.41,1202,870.35,5005.737981279214
1773626100,5013.9400000000005,5014.150000000001,5012.150000000001,5014.150000000001,1290,888.05,5005.7878102412415
1773626160,5015.495,5015.495,5013.495,5013.495,659,857.55,5005.815240942791
1773626220,5013.415,5014.74,5012.74,5012.74,613,846.75,5005.838302492381
1773626280,5012.415,5014.415,5012.415,5014.415,628,865.45,5005.862843533446
1773626340,5016.53,5016.75,5014.75,5016.75,1003,870.1,5005.913237799809
1773626400,5018.8550000000005,5018.8550000000005,5016.8550000000005,5016.8550000000005,283,867.85,5005.929365208324
1773626400.001,5016.67,5018.67,5016.67,5018.67,490,805.95,5005.958339136691
1773626460,5019.0650000000005,5019.0650000000005,5017.0650000000005,5017.0650000000005,245,782.2,5005.9724484478475
1773626460.001,5016.06,5017.62,5015.62,5015.62,981,790.25,5006.0217053195565
1773626520,5012.400000000001,5014.155,5012.155,5014.155,2050,856.95,5006.09548338378
1773626640,5014.63,5015.6,5013.6,5013.6,718,880.6,5006.123664479517
1773626700,5012.22,5012.93,5010.93,5012.93,1387,905,5006.164298152272
1773626820,5015.9800000000005,5015.9800000000005,5013.9800000000005,5013.9800000000005,390,870.7,5006.1800538983825
1773626880,5012.27,5014.27,5012.27,5014.27,138,819.2,5006.184929708407
1773626880.001,5016.77,5016.78,5014.78,5014.78,447,789.05,5006.204592666119
1773626940,5012.475,5014.3,5012.3,5012.3,533,777.35,5006.221667558897
1773627000,5011.3550000000005,5013.3550000000005,5011.3550000000005,5013.3550000000005,143,771.6,5006.226045533018
1773627000.001,5013.53,5014.07,5012.07,5012.07,1533,797.4,5006.272957184327
1773627180,5010.7300000000005,5012.7300000000005,5010.7300000000005,5012.7300000000005,898,781.55,5006.297294353043
1773627240,5015.8,5016.195,5014.195,5016.195,760,759.45,5006.330014030421
1773627300,5018.055,5018.055,5016.055,5016.055,456,717.75,5006.352067232585
1773627360,5012.32,5014.32,5012.32,5014.32,452,707.4,5006.367393845522
1773627420,5015.435,5016.84,5014.84,5016.84,688,711.15,5006.398625988179
1773627480,5017.425,5017.425,5015.425,5015.425,471,703.3,5006.419715141825
1773627540,5015.375,5017.375,5015.375,5017.375,140,660.15,5006.426364542841
1773627540.001,5017.615,5018.775000000001,5016.775000000001,5016.775000000001,1004,696.2,5006.477182750833
1773627660,5014.9400000000005,5016.9400000000005,5014.9400000000005,5016.9400000000005,529,698.15,5006.50093725409
1773627720,5017.25,5017.47,5015.47,5015.47,430,707.4,5006.519892642828
1773627780,5014.885,5016.495,5014.495,5014.495,268,671.75,5006.530475067736
1773627840,5012.76,5013.56,5011.56,5013.56,444,591.45,5006.543357638268
1773627960,5013.925,5013.925,5011.925,5011.925,258,568.45,5006.550465031539
1773628020,5010.645,5012.645,5010.645,5012.645,359,517.05,5006.5593257894725
1773628080,5014.1050000000005,5014.125,5012.125,5012.125,426,518.85,5006.57137524583
1773628140,5010.93,5012.93,5010.93,5012.93,361,530,5006.5806855655355
1773628200,5012.945,5014.485,5012.485,5012.485,504,532.85,5006.595657082794
1773628200.001,5008.705,5010.14,5008.14,5008.14,923,552.35,5006.604844406525
1773628260,5005.795,5007.685,5005.685,5007.685,1297,610.05,5006.607244742827
1773628320,5009.2,5009.2,5007.2,5007.2,1005,583.65,5006.612884448006
1773628380,5005.87,5007.87,5005.87,5007.87,323,554.9,5006.613733001707
1773628380.001,5009.82,5009.82,5007.82,5007.82,789,556.35,5006.620284972789
1773628440,5006.3150000000005,5008.3150000000005,5006.3150000000005,5008.3150000000005,233,545.2,5006.621345919608
1773628440.001,5009.97,5009.97,5007.97,5007.97,935,569.35,5006.629657528705
1773628500,5003.82,5005.82,5003.82,5005.82,234,546.65,5006.628135303568
1773628500.001,5005.900000000001,5005.97,5003.97,5003.97,423,544.25,5006.624430318969
1773628560,5003.695,5005.695,5003.695,5005.695,211,547.8,5006.622950490232
1773628560.001,5007.425,5007.76,5005.76,5007.76,1162,555.7,5006.62534003672
1773628620,5010.175,5010.175,5008.175,5008.175,895,574,5006.633978146477
1773628680,5004.465,5004.96,5002.96,5002.96,540,579.5,5006.626922870279
1773628740,5002.64,5004.64,5002.64,5004.64,506,591.4,5006.62110220752
1773628800,5008.58,5008.58,5006.58,5006.58,714,604.9,5006.623032469729
1773628860,5003.54,5004.915,5002.915,5004.915,599,621.95,5006.6169010836475
1773628920,5005.945,5006.79,5004.79,5004.79,459,626.95,5006.614610093221
1773628980,5004.38,5006.36,5004.36,5006.36,642,637.75,5006.612072674229
1773629040,5008.1050000000005,5008.1050000000005,5006.1050000000005,5006.1050000000005,477,643.55,5006.612398596576
1773629100,5004.86,5006.86,5004.86,5006.86,149,625.8,5006.612131437338
1773629100.001,5007.1900000000005,5008.945,5006.945,5006.945,807,620,5006.615570791829
1773629160,5004.33,5006.33,5004.33,5006.33,673,588.8,5006.612846076333
1773629220,5007.150000000001,5007.150000000001,5005.150000000001,5005.150000000001,226,549.85,5006.612081777647
1773629220.001,5002.82,5002.955,5000.955,5000.955,1072,587.3,5006.589461280313
1773629280,4997.895,4999.895,4997.895,4999.895,1064,601.05,5006.556492172601
1773629340,5001.68,5003.03,5001.03,5001.03,627,620.75,5006.543699399637
1773629400,5000.14,5001.845,4999.845,5001.845,1326,640.3,5006.513995849962
1773629520,5003.555,5003.555,5001.555,5001.555,171,637.15,5006.510933571698
1773629520.001,5001.24,5003.075,5001.075,5001.075,623,647.15,5006.498569320182
1773629580,4999.3550000000005,5001.3550000000005,4999.3550000000005,5001.3550000000005,808,677,5006.479098892104
1773629640,5003.29,5003.74,5001.74,5003.74,1122,675,5006.463324168867
1773629760,5004.74,5005.5,5003.5,5005.5,599,660.2,5006.4593035440475
1773629820,5006.225,5006.225,5004.225,5004.225,278,647.1,5006.457510978938
1773629880,5003.845,5004.56,5002.56,5002.56,449,644.25,5006.451555102107
1773630000,5001.97,5003.97,5001.97,5003.97,50,611.05,5006.450908957813
1773630000.001,5004.46,5005.385,5003.385,5003.385,352,598.7,5006.447447301832
1773630060,5002.39,5003.21,5001.21,5001.21,400,595.75,5006.439965502848
1773630120,5000.91,5002.91,5000.91,5002.91,610,594.15,5006.429515806862
1773630180,5005.36,5005.645,5003.645,5003.645,452,592.9,5006.425615436852
1773630240,5001.88,5003.85,5001.85,5001.85,465,608.7,5006.418223415143
1773630300,5001.38,5003.38,5001.38,5003.38,493,593,5006.410810266734
1773630360,5004.525000000001,5004.585,5002.585,5004.585,949,606.8,5006.4012469559075
1773630420,5005.7300000000005,5005.7300000000005,5003.7300000000005,5003.7300000000005,577,624.35,5006.396581455666
1773630480,5002.955,5004.745,5002.745,5002.745,864,613.95,5006.3862149185225
1773630540,5002.595,5004.595,5002.595,5004.595,557,588.6,5006.380724152914
1773630600,5007.115,5007.115,5005.115,5005.115,643,589.4,5006.379183241459
1773630660,5003.59,5004.71,5002.71,5002.71,802,563.2,5006.369581126884
1773630720,5001.295,5003.06,5001.06,5001.06,897,599.5,5006.353033352273
1773630840,4998.21,5000.21,4998.21,5000.21,434,590.05,5006.341310699123
1773630900,5001.555,5001.555,4999.555,4999.555,289,564.1,5006.334303658215
1773630960,4998.695,5000.695,4998.695,5000.695,90,512.5,5006.332055896603
1773630960.001,5000.88,5001.1050000000005,4999.1050000000005,4999.1050000000005,649,515,5006.315236312856
1773631020,4998.3550000000005,5000.3550000000005,4998.3550000000005,5000.3550000000005,442,523.2,5006.303685403612
1773631080,5001.21,5001.395,4999.395,5001.395,1646,583.05,5006.267729060796
1773631200,5002.16,5002.97,5000.97,5002.97,1036,632.35,5006.251702112023
1773631320,5003.62,5003.62,5001.62,5001.62,122,620.85,5006.249815362313
1773631320.001,5001.245,5003.245,5001.245,5003.245,539,627.8,5006.242112972448
1773631380,5004.29,5004.54,5002.54,5002.54,585,626.55,5006.2352171509865
1773631440,5002.24,5004.24,5002.24,5004.24,740,640.95,5006.227589651848
1773631500,5005.845,5007.035,5005.035,5007.035,834,659.4,5006.228042712181
1773631560,5009.47,5009.47,5007.47,5007.47,344,651.95,5006.230573546059
1773631620,5007.215,5009.215,5007.215,5009.215,66,607.8,5006.231163049999
1773631620.001,5010.09,5011.33,5009.33,5011.33,1068,632.35,5006.249329843428
1773631740,5011.515,5012.06,5010.06,5012.06,542,616.25,5006.260007813009
1773631800,5012.14,5013.115,5011.115,5011.115,897,633.25,5006.278912118321
1773631860,5010.735,5012.5,5010.5,5012.5,687,635.45,5006.293438483824
1773631920,5013.2,5013.685,5011.685,5013.685,1162,653.45,5006.323055150231
1773632040,5014.07,5014.07,5012.07,5012.07,879,652.55,5006.344350836834
1773632160,5011.74,5013.74,5011.74,5013.74,180,639.85,5006.34892305379
1773632220,5014.57,5015.86,5013.86,5013.86,373,644.05,5006.36042142106
1773632340,5013.575,5013.7300000000005,5011.7300000000005,5011.7300000000005,1027,690.9,5006.383699820009
1773632460,5011.345,5013.345,5011.345,5013.345,499,683.4,5006.39547245762
1773632520,5014.685,5015.965,5013.965,5015.965,542,688.4,5006.413521339773
1773632640,5019.12,5019.875,5017.875,5017.875,250,618.6,5006.42485186168
1773632700,5017.68,5018.54,5016.54,5016.54,117,572.65,5006.429563841286
1773632760,5016.1,5018.1,5016.1,5018.1,162,574.65,5006.436218402906
1773632820,5020.5,5020.5,5018.5,5018.5,158,555.6,5006.443722659146
1773632880,5018.2300000000005,5019.775000000001,5017.775000000001,5017.775000000001,629,557.8,5006.471812312733
1773633060,5017.165,5019.165,5017.165,5019.165,132,527.4,5006.477718259506
1773633180,5020.1900000000005,5021.01,5019.01,5019.01,201,495.75,5006.487580744096
1773633300,5018.85,5020.5,5018.5,5018.5,667,511.9,5006.51894169309
1773633540,5018.405,5020.405,5018.405,5020.405,161,516.65,5006.526829450586
1773633600,5020.655,5022.295,5020.295,5022.295,365,481.5,5006.547230015065
1773633660,5024.185,5025.51,5023.51,5025.51,214,465.1,5006.561709651573
1773633720,5026.17,5026.17,5024.17,5024.17,53,422.9,5006.565290883121
1773633720.001,5022.925,5024.05,5022.05,5022.05,549,416,5006.598009983753
1773633900,5021.400000000001,5021.9800000000005,5019.9800000000005,5021.9800000000005,656,390.7,5006.633543906729
1773634140,5023.885,5025.12,5023.12,5025.12,245,359,5006.649600250821
1773634260,5025.495,5025.495,5023.495,5023.495,438,371.9,5006.67776400241
1773634380,5022.265,5024.265,5022.265,5024.265,278,367.15,5006.695018236351
1773634440,5024.4400000000005,5026.32,5024.32,5024.32,692,350.4,5006.741330273384
1773634620,5024.26,5025.3150000000005,5023.3150000000005,5025.3150000000005,437,347.3,5006.769915751304
1773634800,5026.505,5026.505,5024.505,5024.505,373,338.85,5006.794954795728
1773634920,5023.625,5024.37,5022.37,5022.37,486,350.65,5006.823698885459
1773635040,5021.1900000000005,5022.76,5020.76,5022.76,449,367.25,5006.848624505111
1773635160,5023.365,5023.61,5021.61,5021.61,215,369.9,5006.860674335335
1773635220,5021.05,5022.43,5020.43,5020.43,264,375.2,5006.874314104427
1773635400,5020.425,5022.2300000000005,5020.2300000000005,5020.2300000000005,209,354.2,5006.884942145455
1773635460,5020.085,5021.135,5019.135,5021.135,337,364.45,5006.901522496615
1773635520,5021.985,5023.9400000000005,5021.9400000000005,5023.9400000000005,291,368.95,5006.91876053362
1773635580,5024.99,5024.99,5022.99,5022.99,241,347.65,5006.933343226641
1773635640,5022.095,5022.495,5020.495,5020.495,351,357.15,5006.951374636393
1773635700,5019.615,5020.1900000000005,5018.1900000000005,5018.1900000000005,1481,412.95,5007.014695654518
1773636000,5017.56,5017.635,5015.635,5015.635,386,421.55,5007.027551852464
1773636060,5014.405,5016.405,5014.405,5016.405,753,456.55,5007.051012068907
1773636180,5016.865,5018.05,5016.05,5016.05,249,441.55,5007.059612573466
1773636360,5015.31,5016.05,5014.05,5016.05,476,432.55,5007.073747047954
1773636780,5016.2,5016.2,5014.2,5014.2,75,424.05,5007.075831541181
1773636900,5014.1,5015.39,5013.39,5013.39,88,406.55,5007.078021786696
1773637020,5012.95,5014.56,5012.56,5014.56,768,431.05,5007.096632461616
1773637200,5014.83,5015.42,5013.42,5015.42,192,406.05,5007.101855963029
1773637260,5015.86,5015.86,5013.86,5013.86,40,386.2,5007.102911084507
1773637260.001,5013.66,5015.555,5013.555,5015.555,294,382.25,5007.111034397911
1773637320,5016.13,5016.13,5014.13,5014.13,940,404.95,5007.136588742569
1773637440,5013.715,5014.805,5012.805,5014.805,1166,440.8,5007.165347797345
1773637560,5015.58,5015.58,5013.58,5013.58,531,456.6,5007.178568875232
1773637680,5012.22,5013.12,5011.12,5013.12,236,455.2,5007.182942213199
1773637800,5014.150000000001,5015.24,5013.24,5013.24,1089,499.2,5007.208568010463
1773637980,5012.47,5013.36,5011.36,5011.36,253,495,5007.212830383306
1773638100,5009.765,5010.61,5008.61,5008.61,384,499.65,5007.215597827985
1773638280,5008.085,5010.085,5008.085,5010.085,430,509.1,5007.218900395166
1773638340,5010.76,5010.79,5008.79,5010.79,633,523.2,5007.225296689432
1773638460,5011.7300000000005,5012.89,5010.89,5010.89,928,495.55,5007.23923585367
1773638700,5010.77,5012.77,5010.77,5012.77,186,485.55,5007.242371294798
1773638760,5013.26,5013.26,5011.26,5011.26,91,452.45,5007.243848130415
1773638820,5008.9400000000005,5010.865,5008.865,5010.865,184,449.2,5007.245730346027
1773638880,5011.835,5011.835,5009.835,5009.835,1351,492.95,5007.26088947513
1773639000,5006.9400000000005,5007.785,5005.785,5005.785,781,528.25,5007.258717300101
1773639060,5004.3150000000005,5006.3150000000005,5004.3150000000005,5006.3150000000005,991,573.4,5007.253250892007
1773639120,5007.91,5007.91,5005.91,5005.91,785,574.25,5007.251436528542
1773639180,5005.775000000001,5006.765,5004.765,5004.765,625,595.9,5007.247559464359
1773639240,5004.150000000001,5005.41,5003.41,5005.41,665,627.15,5007.24189552865
1773639300,5005.55,5007.21,5005.21,5007.21,2695,747.2,5007.23555063501
1773639480,5009.985,5010.575,5008.575,5010.575,1382,769.3,5007.247941855616
1773639540,5012.405,5013.125,5011.125,5013.125,1090,765.5,5007.266924387312
1773639600,5015.87,5017.31,5015.31,5017.31,688,773.35,5007.288436581909
1773639660,5017.72,5017.72,5015.72,5015.72,283,775.7,5007.297014727799
1773639720,5013.93,5015.93,5013.93,5015.93,131,727.8,5007.300490005739
1773639780,5016.89,5017.13,5015.13,5017.13,573,743.8,5007.317940894275
1773639900,5017.775000000001,5018.085,5016.085,5016.085,1565,802.85,5007.3667585621215
1773640140,5015.9800000000005,5017.6,5015.6,5017.6,527,807.7,5007.383399982616
1773640260,5017.865,5017.865,5015.865,5015.865,352,793.65,5007.394016949879
1773640320,5015.85,5017.85,5015.85,5017.85,128,753.65,5007.398146455792
1773640320.001,5018.125,5019.725,5017.725,5019.725,1131,800.9,5007.441446478311
1773640440,5020.18,5020.37,5018.37,5018.37,400,816.35,5007.456655069708
1773640500,5017.185,5018.78,5016.78,5018.78,430,828.65,5007.471659806699
1773640560,5018.965,5018.965,5016.965,5016.965,1243,823.25,5007.512844814842
1773640680,5015.9400000000005,5017.9400000000005,5015.9400000000005,5017.9400000000005,650,816.7,5007.533490975893
1773640740,5018.525000000001,5018.955,5016.955,5018.955,1701,852.2,5007.5926969244865
1773640920,5019.185,5019.185,5017.185,5017.185,134,819.65,5007.59714402789
1773640920.001,5015.89,5016.29,5014.29,5014.29,625,819.65,5007.611993846611
1773640980,5013.1,5015.1,5013.1,5015.1,625,817.65,5007.625730019471
1773641040,5017.505,5018.075,5016.075,5018.075,537,709.75,5007.642626413861
1773641100,5019.585,5020.1,5018.1,5018.1,536,667.45,5007.6617709383545
1773641160,5018.07,5019.08,5017.08,5019.08,666,646.25,5007.684713153185
1773641280,5019.89,5021.155,5019.155,5021.155,634,643.55,5007.710668705595
1773641340,5022.43,5023.36,5021.36,5023.36,603,659.55,5007.73950092389
1773641400,5023.57,5023.57,5021.57,5021.57,526,679.3,5007.763795656445
1773641460,5020.49,5022.49,5020.49,5022.49,615,681.4,5007.791289744242
1773641580,5026.185,5026.185,5024.185,5024.185,98,608.05,5007.796604368253
1773641580.001,5023.91,5025.78,5023.78,5025.78,189,591.15,5007.80700176633
1773641640,5027.92,5028.12,5026.12,5028.12,497,598.4,5007.83797237218
1773641700,5031.395,5033.215,5031.215,5033.215,504,617.2,5007.87741154123
1773641760,5034.76,5034.76,5032.76,5032.76,230,572.15,5007.8960070472895
1773641820,5032.42,5034.42,5032.42,5034.42,273,565.8,5007.918325966467
1773641880,5034.485,5034.485,5032.485,5032.485,364,562.5,5007.947333012259
1773641940,5032.425,5034.425,5032.425,5034.425,101,505.4,5007.955563300984
1773641940.001,5036.01,5036.01,5034.01,5034.01,101,477.95,5007.964081075935
1773641940.002,5033.7,5034.68,5032.68,5032.68,1166,451.2,5008.057146751863
1773642060,5031.535,5032.62,5030.62,5030.62,477,468.35,5008.091937423467
1773642120,5029.16,5030.05,5028.05,5030.05,492,461.7,5008.124777416908
1773642240,5030.86,5030.86,5028.86,5028.86,62,433.55,5008.128936458085
1773642240.001,5027.845,5028.84,5026.84,5026.84,665,439.95,5008.169242456943
1773642360,5025.62,5027.62,5025.62,5027.62,59,416.1,5008.1727082864245
1773642360.001,5027.82,5029.465,5027.465,5029.465,643,414.95,5008.214099739606
1773642420,5030.3550000000005,5030.64,5028.64,5028.64,427,404.6,5008.242171620362
1773642480,5027.22,5029.22,5027.22,5029.22,373,393.1,5008.2657575601925
1773642600,5029.7,5029.7,5027.7,5027.7,231,378.35,5008.280202810047
1773642660,5026.2300000000005,5028.2300000000005,5026.2300000000005,5028.2300000000005,474,371.3,5008.308595943249
1773642720,5028.650000000001,5028.83,5026.83,5026.83,1552,444,5008.400660338376
1773642840,5024.745,5026.34,5024.34,5024.34,851,477.1,5008.444233830479
1773642960,5024.1050000000005,5025.81,5023.81,5023.81,904,497.45,5008.488798081113
1773643080,5023.725,5025.725,5023.725,5025.725,185,481.5,5008.498218144608
1773643080.001,5026.405,5026.82,5024.82,5024.82,781,509.05,5008.538893882587
1773643200,5021.185,5023.185,5021.185,5023.185,580,524.4,5008.56370674697
1773643260,5024.49,5024.725,5022.725,5022.725,882,550.3,5008.603621963615
1773643380,5022.4400000000005,5024.425,5022.425,5022.425,791,584.8,5008.638514100919
1773643500,5020.650000000001,5022.485,5020.485,5020.485,428,601.15,5008.654799044204
1773643560,5019.905,5020.6050000000005,5018.6050000000005,5018.6050000000005,590,572.35,5008.673811828449
1773643620,5015.325,5015.77,5013.77,5013.77,962,596.6,5008.69058996778
1773643680,5009.6900000000005,5011.6900000000005,5009.6900000000005,5011.6900000000005,266,585.3,5008.692466388259
1773643680.001,5011.7,5011.81,5009.81,5009.81,366,600.5,5008.694438928394
1773643740,5009.56,5011.56,5009.56,5011.56,183,576.4,5008.695653761509
1773643740.001,5013.035,5014.2300000000005,5012.2300000000005,5012.2300000000005,1057,626.3,5008.709016839508
1773643800,5005.525000000001,5007.525000000001,5005.525000000001,5007.525000000001,291,608.7,5008.7073975575195
1773643800.001,5009.85,5011.3550000000005,5009.3550000000005,5009.3550000000005,689,621.8,5008.710114635408
1773643860,5008.435,5009.435,5007.435,5007.435,1027,654.5,5008.708245433509
1773643920,5005.405,5007.405,5005.405,5007.405,1028,694.35,5008.702206380403
1773643980,5009.875,5010.205,5008.205,5010.205,1092,725.25,5008.704920392407
1773644100,5010.385,5012.13,5010.13,5012.13,581,676.7,5008.709675966317
1773644160,5013.400000000001,5013.400000000001,5011.400000000001,5011.400000000001,428,655.55,5008.713934011007
1773644220,5011.06,5013.06,5011.06,5013.06,131,616.9,5008.715361904961
1773644220.001,5013.67,5014.995,5012.995,5014.995,937,654.5,5008.730899232297
1773644280,5015.115,5015.115,5013.115,5013.115,580,644.45,5008.739538675469
1773644340,5012.24,5012.57,5010.57,5010.57,357,633.3,5008.742165024233
1773644400,5010.14,5012.14,5010.14,5012.14,127,595.55,5008.7431865118415
1773644400.001,5013.275000000001,5014.67,5012.67,5014.67,377,574.85,5008.749020133026
1773644460,5014.7300000000005,5015.785,5013.785,5013.785,1509,628.9,5008.774222487759
1773644700,5011.8150000000005,5012.615,5010.615,5012.615,440,621.4,5008.778307476914
1773644760,5013.52,5013.5650000000005,5011.5650000000005,5011.5650000000005,728,609.7,5008.785645270508
1773644820,5009.76,5011.76,5009.76,5011.76,204,606.6,5008.787018493672
1773644820.001,5012.76,5014.41,5012.41,5014.41,430,609.8,5008.793227424134
1773644880,5014.965,5016.59,5014.59,5014.59,960,648.65,5008.811253924448
1773645000,5012.015,5014.015,5012.015,5014.015,1450,668.3,5008.830286398968
1773645180,5014.1050000000005,5014.1050000000005,5012.1050000000005,5012.1050000000005,695,688.5,5008.83819521878
1773645240,5009.8,5010.035,5008.035,5008.035,919,700,5008.837833919808
1773645300,5000.805,5002.805,5000.805,5002.805,255,661.4,5008.832918149759
1773645300.001,5004.11,5006.11,5004.11,5006.11,652,642.6,5008.8265708496465
1773645360,5009.63,5009.63,5007.63,5007.63,625,619.25,5008.825621353038
1773645420,5003.615,5005.615,5003.615,5005.615,135,596.95,5008.824121288893
1773645420.001,5006.47,5008.1900000000005,5006.1900000000005,5006.1900000000005,470,599.05,5008.82147482478
1773645480,5005.43,5007.34,5005.34,5007.34,764,630.7,5008.816788082153
1773645540,5009.05,5009.05,5007.05,5007.05,457,606.7,5008.8153542270375
1773645600,5005.91,5007.91,5005.91,5007.91,576,606.5,5008.812776028264
1773645660,5008.045,5008.045,5006.045,5006.045,836,630.45,5008.807786517219
1773645720,5003.4400000000005,5005.11,5003.11,5003.11,540,651.1,5008.800081105972
1773645780,5002.005,5003.86,5001.86,5003.86,506,657.55,5008.792046286598
1773645840,5004.435,5005.5,5003.5,5005.5,452,604.7,5008.786985110683
1773645900,5005.900000000001,5005.900000000001,5003.900000000001,5003.900000000001,344,599.9,5008.782882689156
1773645960,5002.295,5004.295,5002.295,5004.295,308,578.9,5008.778400396397
1773646020,5004.78,5004.78,5002.78,5002.78,114,574.4,5008.776684889987
1773646020.001,5001.795,5002.26,5000.26,5000.26,426,574.2,5008.767257804444
1773646080,4998.54,5000.54,4998.54,5000.54,482,550.3,5008.755189452807
1773646140,5003.71,5004.400000000001,5002.400000000001,5004.400000000001,434,499.5,5008.749061277477
1773646200,5005.465,5005.465,5003.465,5003.465,199,474.7,5008.746479110526
1773646260,5003.445,5005.2300000000005,5003.2300000000005,5005.2300000000005,194,438.45,5008.744199806394
1773646260.001,5006.04,5006.04,5004.04,5004.04,181,434.75,5008.742148306501
1773646320,5003.08,5005.08,5003.08,5005.08,123,408.3,5008.740654133007
1773646380,5005.135,5007.135,5005.135,5007.135,79,381,5008.740150484723
1773646380.001,5007.435,5007.435,5005.435,5005.435,142,381.35,5008.739099732266
1773646440,5004.305,5005.495,5003.495,5003.495,469,381.3,5008.733086864951
1773646500,5002.415,5004.415,5002.415,5004.415,616,373.9,5008.724501425501
1773646560,5004.74,5004.74,5002.74,5002.74,235,362.8,5008.721009575625
1773646560.001,5001.27,5002.345,5000.345,5000.345,1222,395.1,5008.694775783654
1773646620,4992.03,4994.03,4992.03,4994.03,329,369.75,5008.680742680495
1773646620.001,4996.225,4996.24,4994.24,4994.24,416,363.55,5008.664819556955
1773646680,4993.845,4995.845,4993.845,4995.845,208,348.65,5008.657028728309
1773646680.001,4999.6050000000005,4999.6050000000005,4997.6050000000005,4997.6050000000005,207,336.4,5008.651061620455
1773646680.002,4996.75,4997.31,4995.31,4997.31,426,340.5,5008.636879893321
1773646740,4998.72,4998.72,4996.72,4996.72,469,348.55,5008.622270642692
1773646800,4995.415,4996.82,4994.82,4994.82,487,367.2,5008.60458225956
1773646860,4993.37,4995.37,4993.37,4995.37,399,365.85,5008.589262323083
1773646920,4995.765,4995.765,4993.765,4993.765,578,370.65,5008.566696311293
1773647040,4991.895,4993.895,4991.895,4993.895,557,376.8,5008.543172639734
1773647100,4999.400000000001,4999.400000000001,4997.400000000001,4997.400000000001,162,374.95,5008.53850165223
1773647100.001,4996.46,4998.46,4996.46,4998.46,431,386.8,5008.5257709351035
1773647160,4999.74,5000.055,4998.055,4998.055,583,406.9,5008.510083808596
1773647280,4996.39,4998.16,4996.16,4998.16,362,418.85,5008.499149338498
1773647400,4999.05,4999.7,4997.7,4997.7,151,422.45,5008.4949561082585
1773647460,4996.76,4996.81,4994.81,4994.81,316,431.15,5008.483691374288
1773647580,4993.76,4995.76,4993.76,4995.76,176,416.5,5008.477241139278
1773647640,4995.92,4995.92,4993.92,4993.92,61,388.75,5008.47492241974
1773647640.001,4993.82,4995.755,4993.755,4995.755,333,393.65,5008.462734859651
1773647700,4997.925,4998.235,4996.235,4996.235,369,351,5008.451083167183
1773647760,4995.715,4996.56,4994.56,4996.56,415,355.3,5008.436865359872
1773647820,4998.225,4998.235,4996.235,4996.235,440,356.5,5008.423035128595
1773647880,4993.55,4995.55,4993.55,4995.55,473,369.75,5008.40560652737
1773647940,4995.81,4996.8150000000005,4994.8150000000005,4996.8150000000005,808,399.8,5008.378713257991
1773648000,4999.24,4999.56,4997.56,4997.56,792,418.1,5008.356926923864
1773648060,4996.995,4997.3550000000005,4995.3550000000005,4995.3550000000005,1270,458.15,5008.314624477042
1773648180,4992.4400000000005,4994.4400000000005,4992.4400000000005,4994.4400000000005,206,444.1,5008.306540182549
1773648180.001,4998.345,4998.345,4996.345,4996.345,568,452.55,5008.289252514584
1773648240,4995.335,4997.335,4995.335,4997.335,377,442.5,5008.277458882828
1773648300,4999.245,4999.245,4997.245,4997.245,128,421.05,5008.273888386568
1773648300.001,4993.555,4995.555,4993.555,4995.555,530,439.45,5008.254824589691
1773648360,4997.655,4997.655,4995.655,4995.655,608,448.3,5008.235359915404
1773648420,4994.87,4996.735,4994.735,4994.735,603,449.3,5008.214632023386
1773648480,4994.51,4996.205,4994.205,4996.205,586,460.5,5008.194766723541
1773648540,4997.1900000000005,4998.06,4996.06,4998.06,774,491.65,5008.172455191778
1773648600,5000.435,5000.465,4998.465,4998.465,742,512.95,5008.154587925602
1773648660,4997.285,4999.285,4997.285,4999.285,505,529.4,5008.141778391033
1773648720,4999.4800000000005,4999.4800000000005,4997.4800000000005,4997.4800000000005,164,534.55,5008.137420200346
1773648720.001,4995.43,4995.885,4993.885,4993.885,642,550,5008.114270103153
1773648780,4988.75,4990.75,4988.75,4990.75,321,547.6,5008.098920840385
1773648840,4991.46,4991.46,4989.46,4989.46,81,530.9,5008.0950610964865
1773648840.001,4988.75,4990.75,4988.75,4990.75,549,536.35,5008.068881259622
1773648900,4991.7,4991.7,4989.7,4989.7,234,524.4,5008.0579211801005
1773648900.001,4988.055,4990.055,4988.055,4990.055,849,526.45,5008.0160766993595
1773648960,4992.145,4993.01,4991.01,4991.01,567,515.2,5007.9916555778755
1773649020,4990.205,4992.205,4990.205,4992.205,504,476.9,5007.969825578846
1773649080,4992.985,4993.74,4991.74,4991.74,607,496.95,5007.944996386079
1773649140,4990.22,4991.395,4989.395,4991.395,469,492,5007.923799944175
1773649200,4993.2300000000005,4993.2300000000005,4991.2300000000005,4991.2300000000005,463,496.3,5007.904344083063
1773649260,4990.650000000001,4992.61,4990.61,4992.61,801,529.95,5007.870894138241
1773649320,4998.6,5000.555,4998.555,5000.555,730,539.95,5007.855676792817
1773649380,5001.4800000000005,5001.63,4999.63,5001.63,617,540.4,5007.844589470036
1773649440,5003.39,5003.63,5001.63,5001.63,608,540.65,5007.83580894035
1773649500,5001.2,5001.79,4999.79,4999.79,517,537.2,5007.825891511863
1773649560,4996.650000000001,4997,4995,4997,686,532.8,5007.805433205144
1773649620,5001.38,5001.38,4999.38,4999.38,743,532.85,5007.79050272334
1773649680,4998.015,5000.015,4998.015,5000.015,677,541.45,5007.775726133106
1773649740,5000.175,5000.175,4998.175,4998.175,246,545.55,5007.770047558762
1773649740.001,4996.97,4997.525000000001,4995.525000000001,4995.525000000001,1012,564.05,5007.739851545281
1773649800,4994.955,4996.955,4994.955,4996.955,605,578.25,5007.722025166799
1773649860,4998.74,4998.74,4996.74,4996.74,116,580,5007.718947246353
1773649860.001,4996.17,4997.185,4995.185,4995.185,785,591.8,5007.695032824369
1773649980,4992.16,4994.16,4992.16,4994.16,502,605.2,5007.676755031409
1773650040,4994.655,4994.655,4992.655,4992.655,611,593.3,5007.65430344553
1773650100,4992.3,4994.3,4992.3,4994.3,539,591.9,5007.634985186608
1773650160,4994.91,4995.51,4993.51,4993.51,820,607.7,5007.606834017824
1773650280,4988.650000000001,4989.5,4987.5,4987.5,478,601.25,5007.583158992745
1773650340,4985.895,4987.895,4985.895,4987.895,166,586.1,5007.574553923119
1773650340.001,4990.08,4990.21,4988.21,4988.21,744,600.15,5007.539193106565
1773650400,4986.465,4988.465,4986.465,4988.465,617,590.95,5007.508281081999
1773650460,4990.54,4990.54,4988.54,4988.54,504,579.65,5007.484901270463
1773650520,4987.63,4988.325,4986.325,4986.325,364,567,5007.46601124862
1773650580,4985.115,4987.115,4985.115,4987.115,237,548.45,5007.453404790832
1773650640,4988.035,4989.37,4987.37,4989.37,245,534.85,5007.441786030143
1773650700,4989.655,4989.655,4987.655,4987.655,96,505.35,5007.437144649463
1773650700.001,4986.91,4987.875,4985.875,4987.875,450,490.7,5007.414152777114
1773650760,4989.785,4990.49,4988.49,4988.49,429,478.3,5007.39439129978
1773650820,4986.735,4988.735,4986.735,4988.735,448,488.4,5007.372571446936
1773650880,4991.7300000000005,4992.915,4990.915,4992.915,445,460.05,5007.355628955916
1773650940,4993.72,4993.72,4991.72,4991.72,586,459.1,5007.333579754119
1773651060,4991.32,4993.32,4991.32,4993.32,440,475.3,5007.317361297685
1773651120,4995.165,4996.87,4994.87,4996.87,473,459.7,5007.304177496563
1773651180,4997.3,4997.81,4995.81,4995.81,291,449.15,5007.296281393606
1773651240,4995.2300000000005,4996.04,4994.04,4994.04,782,457.7,5007.271657308175
1773651360,4991.56,4991.86,4989.86,4989.86,2494,555.45,5007.167851510492
1773651660,4985.235,4987.235,4985.235,4987.235,231,526,5007.156030353094
1773651660.001,4988.175,4989.465,4987.465,4987.465,432,523.7,5007.135635573526
1773651720,4984.305,4985.685,4983.685,4985.685,582,544.5,5007.103738305988
1773651780,4987.2,4987.71,4985.71,4985.71,469,530.75,5007.079677803001
1773651840,4985.52,4986.43,4984.43,4984.43,792,539.5,5007.03666915752
1773651900,4979.955,4981.955,4979.955,4981.955,699,549.25,5006.992285765724
1773651960,4985.395,4985.395,4983.395,4983.395,157,538.9,5006.983411315248
1773651960.001,4983.22,4984.39,4982.39,4984.39,843,569.2,5006.935176209598
1773652080,4985.985,4986.455,4984.455,4984.455,666,590.25,5006.899497155234
1773652140,4983.435,4985.435,4983.435,4985.435,571,614,5006.868505460444
1773652200,4985.785,4985.785,4983.785,4983.785,203,601.65,5006.857350726637
1773652200.001,4983.67,4985.53,4983.53,4985.53,714,615.9,5006.8189241103655
1773652260,4985.625,4986.03,4984.03,4986.03,648,625.9,5006.784957143955
1773652320,4986.81,4986.81,4984.81,4984.81,591,633.2,5006.754235054134
1773652380,4984.35,4986.35,4984.35,4986.35,216,614.7,5006.743137615629
1773652380.001,4986.655,4987.335,4985.335,4985.335,795,632.45,5006.703009245968
1773652440,4985.24,4986.89,4984.89,4986.89,932,655.4,5006.656664562344
1773652500,4987.825,4987.825,4985.825,4985.825,563,669,5006.62913658962
1773652560,4984.875,4986.875,4984.875,4986.875,394,649.6,5006.609646134073
1773652620,4987.755,4988.985,4986.985,4986.985,1407,595.25,5006.545249766228
1773652800,4986.455,4988.35,4986.35,4988.35,766,622,5006.510433081116
1773652920,4988.585,4988.63,4986.63,4986.63,1156,658.2,5006.45705842962
1773653100,4983.835,4985.835,4983.835,4985.835,119,635.05,5006.450972356693
1773653100.001,4987.6,4989.595,4987.595,4989.595,635,643.35,5006.424282160766
1773653160,4990.895,4990.895,4988.895,4988.895,364,621.95,5006.409571715713
1773653220,4988.02,4989.34,4987.34,4987.34,836,628.8,5006.372773828605
1773653400,4987.005,4988.505,4986.505,4986.505,511,646.5,5006.349334405958
1773653460,4984.595,4986.595,4984.595,4986.595,508,629.75,5006.3245822089275
1773653520,4988.57,4989.72,4987.72,4989.72,481,620.5,5006.304783189149
1773653580,4991.805,4991.805,4989.805,4989.805,118,597.85,5006.300331742549
1773653580.001,4989.38,4990.27,4988.27,4988.27,409,608.15,5006.283427549155
1773653700,4987.85,4989.79,4987.79,4987.79,403,592.6,5006.266343499322
1773653760,4987.215,4987.91,4985.91,4985.91,299,575.15,5006.252353604918
1773653820,4985.52,4986.71,4984.71,4984.71,824,586.8,5006.2115570873975
1773653940,4982.795,4984.795,4982.795,4984.795,515,601.75,5006.1846172681035
1773654000,4986.54,4986.54,4984.54,4984.54,862,605.1,5006.141869895832
1773654120,4983.41,4984.62,4982.62,4982.62,678,592.4,5006.105297082674
1773654240,4981.41,4983.41,4981.41,4983.41,364,582.45,5006.0852439894825
1773654300,4983.695,4983.695,4981.695,4981.695,135,569.5,5006.077693999882
1773654300.001,4978.37,4978.395,4976.395,4976.395,887,543.5,5006.017147810789
1773654360,4972.535,4974.535,4972.535,4974.535,250,517.7,5005.998251593653
1773654360.001,4976.555,4978.145,4976.145,4978.145,458,482.8,5005.967574355557
1773654420,4978.47,4979.17,4977.17,4979.17,1241,538.9,5005.887760563394
1773654540,4981.025000000001,4981.025000000001,4979.025000000001,4979.025000000001,682,541.25,5005.845990375215
1773654600,4978.735,4980.735,4978.735,4980.735,229,534.5,5005.832196319304
1773654600.001,4985.47,4985.47,4983.47,4983.47,595,522.45,5005.802073413002
1773654660,4983.4400000000005,4983.92,4981.92,4981.92,638,528.8,5005.767562175206
1773654780,4979.53,4980.43,4978.43,4978.43,372,522,5005.744464523647
1773654840,4976.82,4978.82,4976.82,4978.82,730,534.45,5005.697654138366
1773654960,4979.335,4979.335,4977.335,4977.335,149,536,5005.688066699507
1773654960.001,4977.03,4977.635,4975.635,4977.635,611,546.1,5005.6473563297095
1773655020,4979.965,4979.965,4977.965,4977.965,336,542.75,5005.626313682994
1773655080,4976.345,4977.525000000001,4975.525000000001,4975.525000000001,381,546.85,5005.6003392888615
1773655140,4972.895,4974.895,4972.895,4974.895,106,510.95,5005.592639068348
1773655140.001,4975.5650000000005,4976.01,4974.01,4974.01,585,514.45,5005.550816963316
1773655200,4973.22,4974.61,4972.61,4972.61,964,519.55,5005.4790322580675
1773655260,4970.81,4972.2300000000005,4970.2300000000005,4972.2300000000005,1023,536.8,5005.399167974885
1773655320,4975.58,4975.58,4973.58,4973.58,587,547.95,5005.357132031178
1773655380,4973.135,4975.135,4973.135,4975.135,165,549.45,5005.34542059794
1773655380.001,4976.42,4976.42,4974.42,4974.42,485,529.35,5005.311735786106
1773655440,4973.055,4975.055,4973.055,4975.055,417,537.7,5005.282165931345
1773655500,4977.82,4977.82,4975.82,4975.82,155,522.55,5005.2719347015345
1773655500.001,4973.7,4975.545,4973.545,4975.545,635,492.25,5005.227757753122
1773655560,4976.845,4977.16,4975.16,4977.16,472,481.75,5005.196746781758
1773655680,4977.49,4977.92,4975.92,4977.92,282,484.4,5005.178740688528
1773655740,4980.29,4980.29,4978.29,4978.29,290,469.15,5005.161375948994
1773655800,4976.21,4978.035,4976.035,4976.035,348,454.65,5005.138778055389
1773655920,4975.41,4977.41,4975.41,4977.41,48,438.45,5005.135668483464
1773655920.001,4979.215,4980.225,4978.225,4978.225,576,430.75,5005.101226123699
1773655980,4977.415,4979.415,4977.415,4979.415,408,443.7,5005.07675097845
1773656040,4979.555,4979.555,4977.555,4977.555,116,418.95,5005.069661624394
1773656040.001,4976.88,4978.725,4976.725,4978.725,460,425.15,5005.041414676346
1773656100,4980.525000000001,4981.54,4979.54,4981.54,382,425.2,5005.0204447788465
1773656160,4981.705,4981.705,4979.705,4979.705,333,436.55,5005.001815242945
1773656220,4977.99,4979.99,4977.99,4979.99,81,411.35,5004.997095297964
1773656220.001,4980.37,4980.885,4978.885,4980.885,318,379.05,5004.979227295132
1773656340,4981.3,4981.3,4979.3,4979.3,577,356.75,5004.946543280895
1773656460,4979.27,4981.27,4979.27,4981.27,83,331.55,5004.941968442729
1773656460.001,4982.14,4982.59,4980.59,4982.59,729,359.75,5004.904036015716
1773656580,4983.46,4985.12,4983.12,4985.12,294,350.2,5004.890453801702
1773656640,4985.77,4986,4984,4986,449,351.8,5004.870637346059
1773656700,4987.675,4987.82,4985.82,4987.82,604,374.25,5004.846520653798
1773656760,4988.095,4989.05,4987.05,4989.05,407,362.85,5004.831433985917
1773656820,4990.0650000000005,4991.42,4989.42,4989.42,895,384,5004.801780778828
1773656940,4985.535,4987.535,4985.535,4987.535,469,393.35,5004.782901304684
1773657000,4988.405,4988.405,4986.405,4986.405,173,387.5,5004.776026195653
1773657000.001,4985.36,4987.3,4985.3,4987.3,501,395.15,5004.755654077385
1773657060,4987.900000000001,4987.900000000001,4985.900000000001,4985.900000000001,385,412,5004.739972441062
1773657120,4985.625,4987.625,4985.625,4987.625,138,390.1,5004.734479071529
1773657120.001,4987.87,4987.87,4985.87,4985.87,454,392.4,5004.716002482393
1773657180,4985.205,4987.12,4985.12,4987.12,332,403.2,5004.702452873342
1773657240,4988.22,4988.22,4986.22,4986.22,195,389.95,5004.694692639267
1773657300,4985.42,4987.42,4985.42,4987.42,59,373.8,5004.69232843313
1773657300.001,4987.74,4987.775000000001,4985.775000000001,4985.775000000001,763,395.3,5004.661279857932
1773657480,4983.835,4984.225,4982.225,4982.225,477,415.1,5004.638151437944
1773657540,4981.07,4982.4400000000005,4980.4400000000005,4982.4400000000005,492,423.8,5004.613122980952
1773657600,4983.35,4983.35,4981.35,4981.35,224,406.15,5004.601867263227
1773657660,4980.84,4982.555,4980.555,4982.555,659,434.95,5004.568630479343
1773657780,4984.625,4984.91,4982.91,4984.91,444,420.7,5004.548611552928
1773657840,4985.515,4985.945,4983.945,4985.945,562,434.1,5004.524617472057
1773657900,4988.165,4988.58,4986.58,4988.58,326,427.95,5004.512628358831
1773657960,4988.74,4990.395,4988.395,4990.395,540,424.75,5004.494974415282
1773658080,4993.18,4994.58,4992.58,4994.58,246,416.7,5004.489221349975
1773658140,4994.85,4994.85,4992.85,4992.85,258,384.85,5004.482968312033
1773658200,4992.49,4994.255,4992.255,4994.255,461,384.45,5004.471885876654
1773658260,4996.955,4996.99,4994.99,4996.99,596,405.6,5004.461183566047
1773658320,4997.88,4999.3,4997.3,4997.3,609,411,5004.452479292892
1773658380,4997.075,4997.585,4995.585,4995.585,575,420.5,5004.44211489966
1773658440,4995.155,4997.155,4995.155,4997.155,575,442.35,5004.432075398668
1773658500,4997.400000000001,4998.705,4996.705,4998.705,872,463.25,5004.419859886291
1773658620,4999.09,5000.0650000000005,4998.0650000000005,5000.0650000000005,1163,504.8,5004.407096957609
1773658800,5001.31,5001.31,4999.31,4999.31,326,511.35,5004.403942758749
1773658860,4998.12,4999.555,4997.555,4997.555,813,549.05,5004.392985697068
1773658980,4996.645,4997.885,4995.885,4997.885,690,545.4,5004.382209827021
1773659100,4999.22,4999.22,4997.22,4997.22,187,530.9,5004.379566914862
1773659160,4997.05,4998.900000000001,4996.900000000001,4996.900000000001,314,522,5004.3749154396155
1773659220,4995.8150000000005,4997.8150000000005,4995.8150000000005,4997.8150000000005,329,527.25,5004.369749523983
1773659280,4998.715,4999.7300000000005,4997.7300000000005,4999.7300000000005,593,523.95,5004.362921182076
1773659400,5003.93,5005.7,5003.7,5005.7,435,523.5,5004.363553420129
1773659460,5006.515,5006.515,5004.515,5004.515,494,520.1,5004.364428655791
1773659520,5004.435,5005.04,5003.04,5003.04,462,526.9,5004.3637712082955
1773659580,5002.005,5004,5002,5004,1154,557.6,5004.361204981572
1773659760,5004.66,5005.495,5003.495,5005.495,1417,616.15,5004.362629104351
1773659880,5008.42,5010.11,5008.11,5010.11,784,642.45,5004.371184683065
1773659940,5013.93,5014.185,5012.185,5012.185,704,654.6,5004.383988704933
1773660000,5011.77,5013.77,5011.77,5013.77,675,658.55,5004.396592826581
1773660060,5014.3150000000005,5015.04,5013.04,5015.04,714,663.8,5004.411824524045
1773660120,5015.745,5017.6,5015.6,5017.6,910,680.55,5004.436141817429
1773660180,5020.365,5020.365,5018.365,5018.365,242,663.9,5004.443675859236
1773660180.001,5016.74,5018.56,5016.56,5018.56,588,649.7,5004.460523424142
1773660240,5020.49,5020.49,5018.49,5018.49,406,611.85,5004.473223389355
1773660300,5018.43,5020.43,5018.43,5020.43,104,600.75,5004.476607316019
1773660300.001,5021.42,5022.825,5020.825,5020.825,934,606.8,5004.510358965544
1773660420,5019.11,5021.11,5019.11,5021.11,341,589.35,5004.521889554345
1773660480,5021.125,5021.125,5019.125,5019.125,733,616.65,5004.545606668693
1773660540,5017.57,5019.275000000001,5017.275000000001,5017.275000000001,645,633.2,5004.5638905676515
1773660600,5016.8550000000005,5018.46,5016.46,5018.46,638,648.65,5004.581727013383
1773660660,5018.785,5019.455,5017.455,5017.455,614,649.7,5004.5992726061495
1773660720,5017.2,5019.2,5017.2,5019.2,421,649,5004.6116422454
1773660780,5020.04,5020.04,5018.04,5018.04,90,628.8,5004.614316625738
1773660780.001,5018.01,5018.86,5016.86,5016.86,567,634.05,5004.629733074759
1773660900,5016.585,5018.585,5016.585,5018.585,379,595.3,5004.640329710219
1773660960,5019.6050000000005,5019.6050000000005,5017.6050000000005,5017.6050000000005,570,552.95,5004.656658061037
1773661080,5015.525000000001,5017.525000000001,5015.525000000001,5017.525000000001,70,517.25,5004.6584527229015
1773661080.001,5018.78,5019.455,5017.455,5019.455,842,524.15,5004.683407175059
1773661320,5019.635,5019.635,5017.635,5017.635,111,495.95,5004.686577041321
1773661320.001,5015.27,5016.375,5014.375,5014.375,339,477.2,5004.693933034101
1773661380,5013.88,5015.88,5013.88,5015.88,249,444.15,5004.699418979945
1773661440,5015.985,5017.645,5015.645,5017.645,282,446.15,5004.7066669073865
1773661500,5018.45,5018.45,5016.45,5016.45,112,422.35,5004.709575566005
1773661500.001,5014.255,5014.755,5012.755,5012.755,822,443.15,5004.7245362261665
1773661620,5012.57,5013.2300000000005,5011.2300000000005,5011.2300000000005,1018,488.85,5004.739756759147
1773661740,5010.51,5011.89,5009.89,5009.89,734,478.85,5004.748643822553
1773661860,5007.675,5007.835,5005.835,5005.835,1034,513.5,5004.752408643227
1773661980,5000.43,5000.64,4998.64,4998.64,685,511.1,5004.744671754311
1773662040,4996.400000000001,4998.400000000001,4996.400000000001,4998.400000000001,163,487,5004.742302233829
1773662040.001,4999.195,4999.9400000000005,4997.9400000000005,4997.9400000000005,648,487.5,5004.7340698919215
1773662100,4995.45,4997.45,4995.45,4997.45,215,467.55,5004.730532026013
1773662100.001,4999.04,5000.095,4998.095,4998.095,362,464.6,5004.726063434654
1773662160,4996.955,4998.49,4996.49,4996.49,602,490.2,5004.716651309512
1773662220,4996.18,4998.18,4996.18,4998.18,454,484.55,5004.709902746571
1773662280,4999.455,4999.455,4997.455,4997.455,146,472.9,5004.707918415895
1773662280.001,4997.32,4997.865,4995.865,4995.865,661,477.45,5004.696784294745
1773662340,4992.78,4994.78,4992.78,4994.78,171,482.5,5004.693057197957
1773662340.001,4997.31,4997.49,4995.49,4995.49,474,464.1,5004.68473235332
1773662400,4994.55,4996.55,4994.55,4996.55,1041,510.6,5004.665922006934
1773662460,5000.93,5000.93,4998.93,4998.93,574,522.35,5004.659955242047
1773662520,4998.53,5000.47,4998.47,5000.47,478,533.8,5004.655199485944
1773662580,5001.75,5001.75,4999.75,4999.75,128,526.1,5004.6540883452935
1773662580.001,4999.21,5000.88,4998.88,5000.88,223,531.65,5004.652061097254
1773662640,5001.595,5002.37,5000.37,5002.37,302,505.65,5004.650239222906
1773662700,5002.83,5003.85,5001.85,5003.85,449,477.2,5004.648892970055
1773662820,5004.6900000000005,5004.6900000000005,5002.6900000000005,5002.6900000000005,201,450.55,5004.648362288141
1773662880,5000.91,5001.415,4999.415,4999.415,210,409.35,5004.646403737907
1773662940,4998.865,5000.865,4998.865,5000.865,369,393.55,5004.643054205278
1773663000,5001.455,5002.845,5000.845,5000.845,357,403.25,5004.640774519747
1773663060,5000.4800000000005,5001.885,4999.885,5001.885,362,388.95,5004.638249911535
1773663120,5003.145,5003.42,5001.42,5003.42,352,395.8,5004.636898857177
1773663180,5004.4400000000005,5006.13,5004.13,5006.13,349,395.15,5004.637485756152
1773663240,5006.95,5006.95,5004.95,5004.95,453,387.7,5004.638387515178
1773663300,5003.005,5005.005,5003.005,5005.005,432,386.6,5004.638124226889
1773663360,5006.01,5007.335,5005.335,5007.335,570,407.8,5004.640472027517
1773663420,5009.425,5010.005,5008.005,5010.005,719,410.7,5004.647314949879
1773663480,5011.92,5012.9400000000005,5010.9400000000005,5012.9400000000005,668,435.55,5004.6576211724005
1773663540,5014.150000000001,5014.425,5012.425,5014.425,900,456.85,5004.674161840165
1773663600,5017.015,5017.015,5015.015,5015.015,651,437.35,5004.6886140562165
1773663660,5014.93,5016.93,5014.93,5016.93,202,418.75,5004.693327621376
1773663660.001,5018.735,5018.735,5016.735,5016.735,582,423.95,5004.70822089592
1773663720,5016.57,5018.57,5016.57,5018.57,190,427.05,5004.713267264758
1773663720.001,5018.87,5019.42,5017.42,5017.42,843,458.05,5004.735921290068
1773663780,5015.900000000001,5016.955,5014.955,5014.955,988,492.35,5004.757490276852
1773663840,5013.6050000000005,5015.6050000000005,5013.6050000000005,5015.6050000000005,947,517.25,5004.776788811384
1773663900,5015.67,5017.67,5015.67,5017.67,878,551.1,5004.798238760912
1773663960,5018.67,5018.67,5016.67,5016.67,593,570.25,5004.813077995944
1773664020,5016.205,5018.205,5016.205,5018.205,188,561.2,5004.81785081717
1773664020.001,5019.035,5020.325,5018.325,5020.325,866,586.65,5004.843446519028
1773664080,5024.935,5024.935,5022.935,5022.935,956,616.35,5004.879093647755
1773664140,5022.06,5024.06,5022.06,5024.06,729,635.2,5004.905884069913
1773664200,5024.56,5024.56,5022.56,5022.56,242,629.85,5004.914680307865
1773664200.001,5020.39,5022.39,5020.39,5022.39,546,634.5,5004.932868642692
1773664260,5025.585,5025.585,5023.585,5023.585,152,620.5,5004.938686462538
1773664260.001,5020.66,5022.01,5020.01,5022.01,732,628.6,5004.962443110369
1773664320,5023.3150000000005,5023.3150000000005,5021.3150000000005,5021.3150000000005,801,632.7,5004.989370346672
1773664380,5019.18,5021.18,5019.18,5021.18,202,609.4,5004.995561908903
1773664380.001,5021.185,5022.985,5020.985,5022.985,1143,621.55,5005.034567859771
1773664500,5024.425,5024.425,5022.425,5022.425,769,627.45,5005.06188178706
1773664560,5019.745,5021.17,5019.17,5021.17,816,658.15,5005.086627022629
1773664620,5022.095,5022.095,5020.095,5020.095,487,653.4,5005.101604399454
1773664680,5018.9800000000005,5020.9800000000005,5018.9800000000005,5020.9800000000005,141,650.95,5005.10581143044
1773664680.001,5021.225,5023.215,5021.215,5023.215,662,641.9,5005.128430864196
1773664740,5024.225,5024.77,5022.77,5022.77,759,630.45,5005.155611367894
1773664800,5019.6,5021.38,5019.38,5021.38,1032,634.7,5005.186952822586
1773664920,5023.13,5023.13,5021.13,5021.13,262,603.9,5005.195443353152
1773664980,5020.705,5022.705,5020.705,5022.705,71,577.8,5005.197776199806
1773664980.001,5023.045,5024.075,5022.075,5022.075,385,587.65,5005.210942744307
1773665040,5021.75,5022.325,5020.325,5020.325,974,593.05,5005.240847982346
1773665160,5020.1050000000005,5022.1050000000005,5020.1050000000005,5022.1050000000005,386,564.55,5005.2530034100855
1773665220,5022.13,5022.13,5020.13,5020.13,123,534.25,5005.256719532345
1773665220.001,5019.3550000000005,5020.455,5018.455,5018.455,797,562,5005.278165012865
1773665280,5017.02,5019.02,5017.02,5019.02,654,567.4,5005.294739244849
1773665340,5019.045,5019.045,5017.045,5017.045,215,570.55,5005.29991150114
1773665340.001,5016.785,5018.785,5016.785,5018.785,732,570.55,5005.318064885074
1773665400,5019.05,5019.05,5017.05,5017.05,259,543.45,5005.32427453138
1773665400.001,5014.88,5014.88,5012.88,5012.88,624,564.55,5005.334184070129
1773665460,5011.92,5013.92,5011.92,5013.92,182,516.5,5005.336966780129
1773665460.001,5016.63,5016.63,5014.63,5014.63,536,504.85,5005.347263048906
1773665520,5013.085,5015.085,5013.085,5015.085,176,472.85,5005.350341219116
1773665520.001,5017.02,5017.5650000000005,5015.5650000000005,5017.5650000000005,572,477.1,5005.363062921741
1773665580,5018.575,5019.26,5017.26,5017.26,918,515.95,5005.385236331536
1773665700,5015.72,5017.72,5015.72,5017.72,367,501.2,5005.393463215066
1773665760,5018.88,5019.1900000000005,5017.1900000000005,5019.1900000000005,479,487.2,5005.405534839694
1773665820,5019.955,5020.825,5018.825,5020.825,450,458.1,5005.418266403422
1773665880,5021.31,5021.645,5019.645,5019.645,311,460.55,5005.427143892118
1773665940,5019.64,5021.585,5019.585,5019.585,1131,513.55,5005.459209450299
1773666000,5016.26,5018.26,5016.26,5018.26,354,512,5005.467418884751
1773666000.001,5018.92,5019.78,5017.78,5017.78,549,490.75,5005.481022927303
1773666060,5015.61,5017.38,5015.38,5017.38,719,507.4,5005.496420361421
1773666120,5017.475,5017.475,5015.475,5015.475,613,531.9,5005.508847160702
1773666180,5013.885,5015.885,5013.885,5015.885,216,502.85,5005.5128393809155
1773666180.001,5016.97,5016.97,5014.97,5014.97,692,504.75,5005.526157521998
1773666240,5014.245,5016.245,5014.245,5016.245,533,520.65,5005.536332658512
1773666300,5017.675,5018.01,5016.01,5016.01,637,515.9,5005.549793293197
1773666360,5015.895,5017.895,5015.895,5017.895,606,533.25,5005.563202100409
1773666420,5018.1,5019.52,5017.52,5019.52,606,532.35,5005.57844376883
1773666480,5020.05,5020.63,5018.63,5020.63,714,558.95,5005.597854814202
1773666540,5020.9800000000005,5021.64,5019.64,5021.64,457,555,5005.6111230776405
1773666600,5021.755,5022.82,5020.82,5022.82,844,588.4,5005.637444759498
1773666720,5023.705,5023.705,5021.705,5021.705,375,578.55,5005.649267210251
1773666780,5020.11,5022.11,5020.11,5022.11,405,552.9,5005.661308928352
1773666840,5022.91,5024.400000000001,5022.400000000001,5024.400000000001,478,558.45,5005.677556316665
1773666900,5028.305,5028.475,5026.475,5028.475,1027,585.85,5005.720221919577
1773666960,5030.215,5030.215,5028.215,5028.215,886,607.65,5005.758680073241
1773667020,5027.305,5029.02,5027.02,5029.02,858,635,5005.794953138917
1773667080,5029.375,5029.375,5027.375,5027.375,616,609.25,5005.820564791143
1773667140,5026.205,5026.805,5024.805,5024.805,593,621.2,5005.842319414705
1773667200,5024.145,5026.145,5024.145,5026.145,974,642.45,5005.877959053485
1773667320,5026.51,5026.51,5024.51,5024.51,109,611.95,5005.88187816414
1773667320.001,5024.27,5026.27,5024.27,5026.27,383,600.45,5005.895940606226
1773667380,5027.06,5027.06,5025.06,5025.06,362,607.75,5005.909296642971
1773667440,5023.295,5025.295,5023.295,5025.295,135,579.9,5005.913997084083
1773667440.001,5026.61,5027.175,5025.175,5027.175,404,573.45,5005.929461171167
1773667500,5027.965,5027.99,5025.99,5025.99,493,566.25,5005.948436312914
1773667620,5023.5,5023.71,5021.71,5021.71,457,558.8,5005.962365826312
1773667680,5020.55,5020.585,5018.585,5020.585,862,571.6,5005.984650288358
1773667740,5022.265,5022.265,5020.265,5020.265,1154,593.6,5006.01653392644
1773667800,5019.225,5021.225,5019.225,5021.225,455,593.5,5006.028753948511
1773667800.001,5024.155,5024.155,5022.155,5022.155,1199,611.25,5006.065858484691
1773667860,5020.92,5022.92,5020.92,5022.92,371,611.05,5006.076918048295
1773667860.001,5026.31,5026.31,5024.31,5024.31,371,609.35,5006.089821868272
1773667860.002,5023.435,5023.765,5021.765,5021.765,703,620.6,5006.110936488187
1773667920,5018.305,5020.305,5018.305,5020.305,1044,621.45,5006.13684300766
1773667980,5023.715,5025.01,5023.01,5025.01,1307,642.5,5006.180389799017
1773668040,5029.91,5030.45,5028.45,5030.45,1177,658.45,5006.231119527313
1773668100,5032.85,5034.27,5032.27,5034.27,1120,683.65,5006.286987194323
1773668160,5034.53,5034.53,5032.53,5032.53,1550,731.5,5006.3627834606295
1773668220,5029.945,5031.945,5029.945,5031.945,423,703.95,5006.381920939605
1773668220.001,5032.865,5033.655,5031.655,5031.655,1140,755.5,5006.435506326552
1773668280,5026.595,5028.595,5026.595,5028.595,1530,812.85,5006.4949298467845
1773668340,5030.55,5030.55,5028.55,5028.55,383,813.9,5006.510644804885
1773668340.001,5027.545,5029.02,5027.02,5027.02,978,856.05,5006.547977542234
1773668400,5024.545,5026.295,5024.295,5024.295,1411,906.4,5006.594694138575
1773668460,5022.55,5024.55,5022.55,5024.55,361,899.8,5006.6059088880775
1773668460.001,5024.6,5026.27,5024.27,5026.27,864,920.15,5006.635356922225
1773668520,5030.11,5030.11,5028.11,5028.11,288,891.45,5006.64679147786
1773668520.001,5028.04,5030.04,5028.04,5030.04,1054,886.45,5006.689663840579
1773668580,5033.46,5033.72,5031.72,5031.72,1020,914.7,5006.736490585858
1773668640,5030.325,5032.325,5030.325,5032.325,817,895.6,5006.772813451429
1773668700,5033.72,5033.72,5031.72,5031.72,297,891.9,5006.786377184083
1773668700.001,5028.255,5029.97,5027.97,5029.97,1387,942.7,5006.841924274277
1773668760,5031.49,5031.655,5029.655,5031.655,1383,976.7,5006.901173536162
1773668820,5033.05,5033.05,5031.05,5031.05,1107,979.85,5006.949817235488
1773668880,5024.045,5026,5024,5026,1129,970.95,5006.986495706557
1773668940,5028.735,5029.79,5027.79,5027.79,1179,971.05,5007.031136723557
1773669000,5025.425,5026.91,5024.91,5024.91,941,962.1,5007.061861839761
1773669060,5024.135,5025.925,5023.925,5025.925,1150,942.1,5007.098629945314
1773669180,5026.11,5027.225,5025.225,5027.225,370,939.45,5007.111272706202
1773669180.001,5028.075,5028.89,5026.89,5028.89,685,916.7,5007.136635852268
1773669240,5029.32,5029.77,5027.77,5027.77,646,872.5,5007.160740618112
1773669300,5026.4800000000005,5027.22,5025.22,5025.22,787,892.7,5007.186522217809
1773669360,5023.335,5025.335,5023.335,5025.335,599,873.75,5007.204822180862
1773669420,5027.135,5027.135,5025.135,5025.135,194,812.9,5007.211124940456
1773669420.001,5023.76,5025.1,5023.1,5025.1,986,844.15,5007.240739690153
1773669480,5030.38,5030.38,5028.38,5028.38,746,838.25,5007.269072590711
1773669540,5027.28,5029.28,5027.28,5029.28,241,835.9,5007.27802816742
1773669540.001,5031.02,5031.02,5029.02,5029.02,771,821.75,5007.3080669746405
1773669600,5027.085,5029.085,5027.085,5029.085,264,783.95,5007.317752232276
1773669600.001,5033.755,5034.28,5032.28,5032.28,1326,809.4,5007.376675610493
1773669660,5031.765,5032.1900000000005,5030.1900000000005,5030.1900000000005,956,842.35,5007.415530926451
1773669720,5030.18,5032.18,5030.18,5032.18,300,788,5007.4280383497935
1773669720.001,5034.29,5034.29,5032.29,5032.29,1166,777.15,5007.479433243551
1773669780,5029.6900000000005,5031.63,5029.63,5031.63,1314,787.5,5007.532592063981
1773669840,5032.555,5032.555,5030.555,5030.555,744,768.25,5007.562915227188
1773669900,5030.14,5032.14,5030.14,5032.14,201,719.35,5007.571181058508
1773669900.001,5033.64,5033.64,5031.64,5031.64,1038,724.2,5007.615261554161
1773669960,5030.895,5032.47,5030.47,5032.47,1227,728.05,5007.666107997799
1773670020,5033.83,5035.12,5033.12,5035.12,1186,768.85,5007.720426232733
1773670080,5038.145,5038.145,5036.145,5036.145,901,779.65,5007.76517197838
1773670140,5032.28,5033.87,5031.87,5033.87,662,780.45,5007.793887578731
1773670200,5037.72,5037.72,5035.72,5035.72,615,771.85,5007.823841278603
1773670260,5035.025000000001,5037.025000000001,5035.025000000001,5037.025000000001,590,771.4,5007.852489976995
1773670320,5037.74,5037.74,5035.74,5035.74,218,772.6,5007.86307880254
1773670320.001,5031.84,5033.84,5031.84,5033.84,673,756.95,5007.892021321725
1773670380,5034.685,5034.685,5032.685,5032.685,228,731.05,5007.901880568488
1773670380.001,5029.03,5030.45,5028.45,5028.45,1211,779.55,5007.94542643963
1773670440,5027.475,5029.475,5027.475,5029.475,942,788.1,5007.978684508901
1773670500,5030.08,5030.08,5028.08,5028.08,307,790.25,5007.989468472628
1773670500.001,5024.900000000001,5026.900000000001,5024.900000000001,5026.900000000001,307,739.3,5007.998936848938
1773670500.002,5027.145,5028.900000000001,5026.900000000001,5028.900000000001,686,725.8,5008.022375429176
1773670560,5030.02,5030.02,5028.02,5028.02,228,722.2,5008.030327955646
1773670560.001,5027.79,5028.475,5026.475,5026.475,606,694.2,5008.049856482995
1773670620,5025.51,5027.51,5025.51,5027.51,201,638.55,5008.056223877871
1773670620.001,5027.77,5029.67,5027.67,5029.67,612,631.95,5008.077810581605
1773670680,5029.91,5029.91,5027.91,5027.91,875,665.65,5008.107969035313
1773670740,5024.205,5026.1,5024.1,5026.1,712,649.35,5008.128685428821
1773670800,5027.4800000000005,5027.4800000000005,5025.4800000000005,5025.4800000000005,508,613.4,5008.144044016229
1773670860,5024.99,5026.99,5024.99,5026.99,173,562.75,5008.1493196954825
1773670860.001,5028.1900000000005,5028.1900000000005,5026.1900000000005,5026.1900000000005,835,559.45,5008.175486227671
1773670920,5022.63,5024.63,5022.63,5024.63,220,537.35,5008.1813023437535
1773670920.001,5025.695,5025.95,5023.95,5023.95,583,535.75,5008.197331534434
1773670980,5021.31,5023.225,5021.225,5021.225,738,543.15,5008.214217471915
1773671040,5019.66,5021.66,5019.66,5021.66,471,555.8,5008.224266127085
1773671100,5021.88,5021.88,5019.88,5019.88,144,529.35,5008.22722781741
1773671100.001,5018.91,5020.665,5018.665,5020.665,669,551.4,5008.240357085893
1773671160,5020.845,5020.99,5018.99,5018.99,951,538.4,5008.258429466585
1773671220,5017.16,5018.655,5016.655,5016.655,1124,547.5,5008.275355179136
1773671280,5015.7,5017.055,5015.055,5015.055,1231,593.7,5008.290553975757
1773671340,5014.63,5015.11,5013.11,5013.11,1432,649.95,5008.303549318233
1773671400,5009.86,5010.5,5008.5,5008.5,1008,666.05,5008.3049860868205
1773671460,5008.36,5010.36,5008.36,5010.36,318,670.55,5008.305714795026
1773671460.001,5012.14,5012.51,5010.51,5012.51,852,682.85,5008.310682647915
1773671520,5013.71,5013.71,5011.71,5011.71,780,711.8,5008.315903247949
1773671580,5007.1900000000005,5009.1900000000005,5007.1900000000005,5009.1900000000005,902,726.3,5008.316210782613
1773671640,5011.46,5011.46,5009.46,5009.46,674,716.25,5008.31821425229
1773671700,5008.305,5010.305,5008.305,5010.305,219,691.6,5008.31868875208
1773671700.001,5013.375,5013.785,5011.785,5011.785,662,699.3,5008.323174431809
1773671760,5011.295,5012.27,5010.27,5010.27,781,729.7,5008.326516564631
1773671820,5008.365,5010.365,5008.365,5010.365,578,716.85,5008.327813638101
1773671880,5010.395,5010.395,5008.395,5008.395,183,715,5008.328033257562
1773671880.001,5006.575,5008.575,5006.575,5008.575,453,708.5,5008.327722568388
1773671940,5009.7300000000005,5009.7300000000005,5007.7300000000005,5007.7300000000005,135,678.35,5008.327737774706
1773671940.001,5006.400000000001,5008.400000000001,5006.400000000001,5008.400000000001,499,679.75,5008.327253577918
1773672000,5009.83,5009.83,5007.83,5007.83,181,681.6,5008.327303620135
1773672000.001,5004.06,5005.87,5003.87,5005.87,629,679.6,5008.324100133086
1773672060,5006.145,5006.145,5004.145,5004.145,756,669.85,5008.31977638487
1773672120,5001.575,5003.575,5001.575,5003.575,662,646.75,5008.313949536845
1773672180,5003.965,5003.965,5001.965,5001.965,230,596.7,5008.311824576379
1773672180.001,5001.3550000000005,5002.265,5000.265,5000.265,2680,659.1,5008.279805241899
1773672360,4999.895,5001.895,4999.895,5001.895,835,650.45,5008.2702862393235
1773672420,5002.715,5002.715,5000.715,5000.715,334,651.25,5008.266568581511
1773672420.001,4995.135,4995.74,4993.74,4993.74,1677,692.5,5008.22911367295
1773672480,4988.09,4990.09,4988.09,4990.09,447,675.85,5008.2155773194545
1773672480.001,4992.3,4994.2,4992.2,4994.2,1071,684.3,5008.190299688624
1773672540,5000.535,5000.535,4998.535,4998.535,962,698.7,5008.176420882948
1773672600,4995.5650000000005,4996.56,4994.56,4994.56,1280,751.75,5008.149870942458
1773672660,4991.33,4993.33,4991.33,4993.33,359,736.6,5008.140970918444
1773672660.001,4994.935,4995.06,4993.06,4995.06,868,740.95,5008.121894925196
1773672720,4998.14,4998.14,4996.14,4996.14,289,726.5,5008.116669761189
1773672720.001,4995.02,4996.555,4994.555,4996.555,636,749.15,5008.104255464055
1773672780,4997.53,4997.53,4995.53,4995.53,920,772.5,5008.086794348465
1773672840,4995.045,4995.85,4993.85,4993.85,971,814.3,5008.065824665321
1773672900,4991.895,4993.895,4991.895,4993.895,245,801.6,5008.060041761519
1773672900.001,4993.99,4995.265,4993.265,4995.265,791,832.1,5008.0431237263
1773672960,4999.56,4999.56,4997.56,4997.56,868,844.05,5008.029604580908
1773673020,4997.195,4999.195,4997.195,4999.195,302,821.35,5008.025054120346
1773673020.001,5001.645,5001.645,4999.645,4999.645,302,803.35,5008.021361702532
1773673020.002,4999.445,4999.905,4997.905,4997.905,758,829.75,5008.010021410214
1773673080,4995.41,4996.59,4994.59,4996.59,849,738.2,5007.993797000901
1773673140,4997.53,4997.68,4995.68,4997.68,973,745.1,5007.976930701405
1773673200,5002.495,5002.495,5000.495,5000.495,258,741.3,5007.974156028256
1773673200.001,4996.7,4997.37,4995.37,4995.37,992,707.05,5007.955498470148
1773673260,4993.83,4995.29,4993.29,4993.29,1042,736.8,5007.9325540416685
1773673320,4992.42,4994.42,4992.42,4994.42,356,701.05,5007.9246184929
1773673320.001,4997.39,4998.865,4996.865,4998.865,1198,712.85,5007.906334911873
1773673380,5002.13,5002.13,5000.13,5000.13,280,662.85,5007.903212616077
1773673380.001,4999.545,5001.545,4999.545,5001.545,336,661.7,5007.899512494369
1773673440,5002.055,5002.055,5000.055,5000.055,168,626.7,5007.897622646201
1773673440.001,4998.27,4999.155,4997.155,4997.155,1019,663.2,5007.881557268203
1773673500,4994.8550000000005,4995.68,4993.68,4993.68,585,660.65,5007.869179459401
1773673560,4993.09,4995.09,4993.09,4995.09,151,622.2,5007.866006271909
1773673560.001,4997.09,4997.74,4995.74,4997.74,527,600,5007.857124231947
1773673620,4998.77,4999.585,4997.585,4997.585,646,620.05,5007.847443999833
1773673680,4995.71,4997.12,4995.12,4997.12,756,618.3,5007.834021743646
1773673740,4998.675,4998.675,4996.675,4996.675,920,620.9,5007.81900201913
1773673800,4990.4400000000005,4992.4400000000005,4990.4400000000005,4992.4400000000005,1393,675.45,5007.784298797197
1773673860,4995.425,4995.425,4993.425,4993.425,1086,714.65,5007.761250122062
1773673920,4991.150000000001,4993.150000000001,4991.150000000001,4993.150000000001,777,715.6,5007.742872401856
1773673980,4995.16,4995.96,4993.96,4995.96,804,713.35,5007.727395801443
1773674040,4998.7,4999.8,4997.8,4999.8,1199,724.65,5007.7114927835955
1773674100,5000.595,5000.925,4998.925,5000.925,993,761.4,5007.700088015599
1773674160,5001.84,5003.16,5001.16,5001.16,1359,779.75,5007.687813655402
1773674280,5000.26,5002.26,5000.26,5002.26,95,732.4,5007.686923460519
1773674280.001,5003.115,5004.715,5002.715,5004.715,377,733.45,5007.68481557204
1773674340,5004.85,5004.85,5002.85,5002.85,536,700.35,5007.6813853391795
1773674400,5002.51,5004.51,5002.51,5004.51,432,707.95,5007.678841309201
1773674460,5005.91,5005.91,5003.91,5003.91,625,722.4,5007.675869248977
1773674520,5001.87,5002.7300000000005,5000.7300000000005,5000.7300000000005,1684,798.2,5007.659701919541
1773674700,4994.275000000001,4996.275000000001,4994.275000000001,4996.275000000001,926,793.55,5007.642663683843
1773674820,4998.28,4998.28,4996.28,4996.28,81,768.35,5007.641341079781
1773674820.001,4995.025000000001,4995.89,4993.89,4993.89,453,783.45,5007.632298664443
1773674880,4987.79,4988.275000000001,4986.275000000001,4986.275000000001,574,785.8,5007.614196569018
1773674940,4984.54,4986.54,4984.54,4986.54,212,764.1,5007.607173684378
1773674940.001,4993.145,4993.145,4991.145,4991.145,577,755.15,5007.593298760231
1773675000,4990.64,4992.64,4990.64,4992.64,182,718.25,5007.588972104145
1773675000.001,4994.905,4995.475,4993.475,4993.475,485,672.85,5007.579053342074
1773675060,4993.38,4995.155,4993.155,4993.155,394,638.25,5007.57081475993
1773675120,4992.88,4994.77,4992.77,4994.77,429,620.85,5007.562039077465
1773675180,4994.89,4995.59,4993.59,4995.59,458,603.55,5007.553252832983
1773675240,4995.875,4997.37,4995.37,4997.37,625,574.85,5007.542969593991
1773675300,4998.3,4998.34,4996.34,4998.34,549,552.65,5007.534759739149
1773675360,4998.67,5000.66,4998.66,5000.66,926,531,5007.524193569945
1773675540,5002.39,5002.39,5000.39,5000.39,181,535.3,5007.52242284553
1773675600,5000.265,5001.05,4999.05,4999.05,125,522.7,5007.520947217002
1773675600.001,4998.36,5000.265,4998.265,5000.265,474,519.6,5007.5152719321195
1773675720,5003.4800000000005,5003.4800000000005,5001.4800000000005,5001.4800000000005,329,514.45,5007.5126039536235
1773675780,5000.2300000000005,5002.2300000000005,5000.2300000000005,5002.2300000000005,129,489.65,5007.511444926039
1773675780.001,5002.975,5002.975,5000.975,5000.975,455,428.2,5007.507414275871
1773675840,4996.765,4997.400000000001,4995.400000000001,4995.400000000001,595,411.65,5007.497150111959
1773675900,4993.445,4995.445,4993.445,4995.445,162,415.7,5007.494044066108
1773675900.001,4996.695,4997.76,4995.76,4997.76,434,414.75,5007.487243973222
1773675960,4998.495,4999.66,4997.66,4997.66,1076,439.85,5007.472419003818
1773676080,4995.7,4997.16,4995.16,4995.16,1400,499.25,5007.447948620972
1773676200,4990.7,4992.7,4990.7,4992.7,222,481.5,5007.44281426279
1773676200.001,4992.78,4993.2,4991.2,4991.2,261,485.45,5007.436717054615
1773676260,4991.175,4992.58,4990.58,4990.58,564,489.4,5007.423033763711
1773676320,4988.27,4989.585,4987.585,4987.585,801,509.75,5007.400049643907
1773676380,4986.155,4988.155,4986.155,4988.155,647,520.65,5007.380786157318
1773676440,4990.53,4990.53,4988.53,4988.53,616,528.55,5007.364052338357
1773676500,4986.5,4988.5,4986.5,4988.5,572,525.9,5007.347377355864
1773676560,4990.515,4990.515,4988.515,4988.515,576,527.25,5007.331772750956
1773676620,4985.695,4987.08,4985.08,4985.08,452,503.55,5007.317232300232
1773676680,4984.215,4985.89,4983.89,4985.89,409,514.95,5007.303773192316
1773676740,4988.06,4988.06,4986.06,4986.06,466,532,5007.289501039152
1773676800,4985.86,4987.86,4985.86,4987.86,182,517.4,5007.284058691508
1773676800.001,4990.275000000001,4990.275000000001,4988.275000000001,4988.275000000001,668,534.35,5007.265844805537
1773676860,4988.185,4988.205,4986.205,4986.205,514,553.6,5007.250274117548
1773676920,4985.745,4987.745,4985.745,4987.745,176,539.65,5007.24500199732
1773676920.001,4988.715,4989.765,4987.765,4989.765,751,547.45,5007.224786811818
1773676980,4992.705,4992.705,4990.705,4990.705,1085,593.6,5007.199313408538
1773677040,4988.43,4990.13,4988.13,4990.13,750,609.4,5007.17963559565
1773677100,4990.905,4992.255,4990.255,4992.255,673,589.25,5007.164128671332
1773677160,4992.96,4993.3,4991.3,4993.3,830,560.75,5007.146326896359
1773677220,4996.43,4996.745,4994.745,4994.745,1106,604.95,5007.127201384326
1773677280,4993.55,4994.745,4992.745,4994.745,1567,670.25,5007.0971387138925
1773677400,4995.55,4996.615,4994.615,4996.615,1244,704.25,5007.076785131985
1773677460,4996.695,4997.595,4995.595,4997.595,1120,720.2,5007.060131969974
1773677520,4998.115,4998.8,4996.8,4996.8,1375,756.6,5007.0408441535665
1773677640,4996.13,4997.6,4995.6,4997.6,674,759.5,5007.030892822538
1773677700,4997.91,4998.12,4996.12,4996.12,662,764,5007.020996030588
1773677760,4994.52,4995.66,4993.66,4995.66,843,777.35,5007.006217469316
1773677820,4995.825,4995.825,4993.825,4993.825,805,795,5006.991551012199
1773677880,4992.650000000001,4994.6050000000005,4992.6050000000005,4992.6050000000005,1283,838.7,5006.965972178427
1773678000,4992.1050000000005,4994.085,4992.085,4992.085,1101,870.45,5006.943267135471
1773678060,4988.385,4990.33,4988.33,4990.33,668,894.75,5006.9265367012595
1773678120,4990.645,4990.89,4988.89,4990.89,516,887.15,5006.914053859575
1773678180,4991.275000000001,4991.275000000001,4989.275000000001,4989.275000000001,569,889.9,5006.90007854998
1773678240,4987.46,4988.195,4986.195,4986.195,561,909.15,5006.883823812223
1773678300,4985.665,4987.665,4985.665,4987.665,704,906.8,5006.863601961125
1773678360,4987.695,4987.695,4985.695,4985.695,283,866.7,5006.855224436028
1773678360.001,4980.195,4982.195,4980.195,4982.195,283,843.35,5006.844879558908
1773678360.002,4982.67,4984.67,4982.67,4984.67,442,831.8,5006.830317331076
1773678420,4985.71,4985.71,4983.71,4983.71,221,801.35,5006.823162146003
1773678420.001,4978.25,4980.25,4978.25,4980.25,801,786.1,5006.7917370064715
1773678480,4981.11,4981.11,4979.11,4979.11,497,732.6,5006.772413227753
1773678540,4978.515,4980.515,4978.515,4980.515,603,700.55,5006.749067307048
1773678600,4980.66,4980.66,4978.66,4978.66,150,652.05,5006.7431536533595
1773678600.001,4977.83,4978.11,4976.11,4976.11,494,608,5006.721886292065
1773678660,4975.955,4977.955,4975.955,4977.955,172,582.9,5006.714614948572
1773678660.001,4979.6,4980.54,4978.54,4980.54,574,578.5,5006.692504336429
1773678720,4982.7300000000005,4982.7300000000005,4980.7300000000005,4980.7300000000005,688,570.75,5006.667552958336
1773678780,4978.95,4979.535,4977.535,4977.535,811,571.05,5006.634493333181
1773678840,4975.92,4976.54,4974.54,4974.54,726,543.2,5006.601853190471
1773678900,4974.235,4976.235,4974.235,4976.235,258,501.05,5006.590403557594
1773678900.001,4979.345,4980.805,4978.805,4980.805,1032,519.25,5006.551423746119
1773678960,4983.645,4984.51,4982.51,4982.51,975,542.2,5006.518926400971
1773679020,4980.885,4982.885,4980.885,4982.885,442,535.85,5006.503620402277
1773679080,4982.9400000000005,4983.305,4981.305,4983.305,406,528.1,5006.489820880595
1773679080.001,4983.99,4984.205,4982.205,4982.205,657,525.75,5006.467742028966
1773679140,4981.49,4983.49,4981.49,4983.49,151,519.15,5006.462663040078
1773679140.001,4984.015,4985.42,4983.42,4985.42,561,533.05,5006.445351540902
1773679200,4986.54,4987.255,4985.255,4987.255,706,546.25,5006.425444416519
1773679260,4987.38,4987.400000000001,4985.400000000001,4985.400000000001,671,568.75,5006.406064566683
1773679320,4985.3,4987.3,4985.3,4987.3,759,566.65,5006.384797027246
1773679380,4989.825,4989.825,4987.825,4987.825,916,587.6,5006.361600273058
1773679440,4987.075,4987.425,4985.425,4985.425,1043,609.6,5006.3317229663535
1773679500,4984,4985.185,4983.185,4985.185,1178,661,5006.295469389148
1773679560,4986.245,4986.245,4984.245,4986.245,2142,743.4,5006.233049768943
1773679680,4988.57,4989.185,4987.185,4989.185,973,783.45,5006.20883808467
1773679740,4990.58,4991.625,4989.625,4991.625,1154,812.45,5006.184156981868
1773679800,4992.825,4992.92,4990.92,4990.92,1816,868.85,5006.147074915196
1773679920,4990,4992,4990,4992,732,864.9,5006.131921823012
1773679980,4992.705,4992.900000000001,4990.900000000001,4990.900000000001,1245,890.85,5006.106625468019
1773680100,4990.555,4991.245,4989.245,4989.245,655,910.7,5006.09184136415
1773680160,4989.125,4991.125,4989.125,4991.125,656,891.9,5006.077561066685
1773680220,4991.175,4991.9400000000005,4989.9400000000005,4991.9400000000005,2400,963.15,5006.028252197703
1773680400,4996.545,4996.545,4994.545,4994.545,715,976.8,5006.017529759677
1773680460,4993.01,4995.01,4993.01,4995.01,879,1000.45,5006.003320081368
1773680520,4996.35,4996.35,4994.35,4994.35,242,979.7,5005.999639608213
1773680520.001,4993.755,4995.755,4993.755,4995.755,947,1019.5,5005.985354595174
1773680580,4997.29,4997.29,4995.29,4995.29,1016,1042.25,5005.9712882209915
1773680640,4993.395,4995.395,4993.395,4995.395,939,1053.9,5005.956732699023
1773680700,4997.085,4997.285,4995.285,4995.285,2099,1125.3,5005.927861880213
1773680880,4994.675,4996.675,4994.675,4996.675,214,1098.05,5005.924944427953
1773680880.001,4997.015,4998.075,4996.075,4998.075,1442,1124.35,5005.908099421261
1773681000,4999.615,4999.615,4997.615,4997.615,604,1102.4,5005.901786391379
1773681060,4996.845,4998.845,4996.845,4998.845,194,1053.2,5005.899733446689
1773681060.001,4999.405,5000.3,4998.3,5000.3,694,980.8,5005.893780543282
1773681120,5000.885,5002.31,5000.31,5002.31,657,965,5005.889961444921
1773681180,5002.83,5003.900000000001,5001.900000000001,5001.900000000001,842,949.4,5005.886138993353
1773681240,5001.505,5002.78,5000.78,5000.78,1014,909.3,5005.879998133398
1773681300,5000.33,5002.045,5000.045,5002.045,1181,931.75,5005.872757378812
1773681360,5003.02,5003.02,5001.02,5001.02,2083,973.65,5005.860915288766
1773681480,5000.095,5001.79,4999.79,4999.79,2188,1050.3,5005.844904066234
1773681600,4998.1,4999.295,4997.295,4997.295,2243,1129.65,5005.821033720956
1773681720,4997.08,4998.735,4996.735,4996.735,1767,1098,5005.800997948885
1773681840,4996.68,4998.68,4996.68,4998.68,918,1108.15,5005.791381750536
1773681900,4998.765,4998.765,4996.765,4996.765,634,1095.9,5005.784258732879
1773681960,4995.995,4997.995,4995.995,4997.995,699,1118.75,5005.776322510811
1773682020,4999.25,5000.725,4998.725,5000.725,629,1102.85,5005.771497449478
1773682080,5001.8150000000005,5001.89,4999.89,4999.89,1705,1137.3,5005.759596510812
1773682140,4994.82,4996.635,4994.635,4994.635,1615,1171.1,5005.737038693438
1773682200,4993.1900000000005,4995.1,4993.1,4995.1,1198,1126.05,5005.718981005999
1773682260,4995.7,4995.7,4993.7,4993.7,1245,1177.6,5005.700165416166
1773682320,4991.025000000001,4992.400000000001,4990.400000000001,4990.400000000001,1284,1169.7,5005.675194438169
1773682380,4990.22,4990.5650000000005,4988.5650000000005,4988.5650000000005,2495,1264.25,5005.620850609426
1773682500,4987.7,4989.435,4987.435,4989.435,982,1303.65,5005.5989580563555
1773682560,4990.365,4990.365,4988.365,4988.365,712,1304.55,5005.583368176017
1773682620,4987.84,4989.84,4987.84,4989.84,1252,1334.3,5005.556259576465
1773682680,4990.405,4990.405,4988.405,4988.405,939,1339.15,5005.535861025087
1773682740,4986.56,4987.9800000000005,4985.9800000000005,4987.9800000000005,1148,1345.85,5005.508334620651
1773682800,4988.53,4988.53,4986.53,4986.53,787,1326.15,5005.489391474371
1773682860,4986.285,4988.285,4986.285,4988.285,240,1234,5005.483755435246
1773682860.001,4988.37,4989.31,4987.31,4987.31,1013,1175.25,5005.460482125532
1773682920,4986.525000000001,4987.925,4985.925,4987.925,980,1112.1,5005.437103157544
1773682980,4988.515,4989.33,4987.33,4989.33,1808,1114.15,5005.397449996033
1773683100,4991.43,4992.9400000000005,4990.9400000000005,4990.9400000000005,864,1111.45,5005.381888152424
1773683160,4990.775000000001,4990.925,4988.925,4988.925,1520,1155.75,5005.350603677055
1773683280,4985.225,4987.225,4985.225,4987.225,534,1147.5,5005.33753247912
1773683340,4987.52,4987.52,4985.52,4985.52,811,1156.6,5005.31732344222
1773683400,4984.1900000000005,4986.015,4984.015,4986.015,900,1116.35,5005.293965925213
1773683460,4988.015,4989.32,4987.32,4989.32,1447,1107.95,5005.262730281677
1773683580,4989.495,4989.495,4987.495,4987.495,891,1092.6,5005.242987368048
1773683640,4987.125,4989.125,4987.125,4989.125,1450,1102.85,5005.211511651016
1773683760,4991.155,4991.64,4989.64,4989.64,671,1072.2,5005.198588497478
1773683820,4989.61,4990.535,4988.535,4990.535,1188,1006.85,5005.175091186052
1773683940,4991.715,4993.26,4991.26,4993.26,816,998.55,5005.161859144716
1773684000,4993.900000000001,4994.75,4992.75,4994.75,879,1006.9,5005.149322697076
1773684060,4995.615,4995.985,4993.985,4993.985,742,981.4,5005.139304600059
1773684120,4993.755,4993.755,4991.755,4991.755,2628,1065.85,5005.096464016825
1773684300,4990.045,4992.045,4990.045,4992.045,1115,1064.2,5005.076885801434
1773684360,4994,4994,4992,4992,709,1060.3,5005.0656336637385
1773684420,4991.650000000001,4993.650000000001,4991.650000000001,4993.650000000001,211,1058.85,5005.062374364278
1773684420.001,4996.645,4997.8550000000005,4995.8550000000005,4997.8550000000005,1086,1062.5,5005.051457017266
1773684480,5000.155,5000.155,4998.155,4998.155,575,1042.25,5005.046887059441
1773684540,4998.150000000001,4999.505,4997.505,4999.505,568,980.25,5005.042391382409
1773684540.001,5000.015,5001,4999,4999,2733,1073.7,5005.023726620119
1773684720,4997.85,4999.845,4997.845,4997.845,759,1035.65,5005.017453444989
1773684840,4997.785,4999.785,4997.785,4999.785,498,1033.85,5005.013727217072
1773684900,5000.585,5000.585,4998.585,4998.585,417,1014.15,5005.010681166843
1773684960,4998.53,5000.2300000000005,4998.2300000000005,4998.2300000000005,945,1016.4,5005.003365372481
1773685080,4997.86,4999.3150000000005,4997.3150000000005,4999.3150000000005,1365,1012.3,5004.992400498613
1773685380,4999.71,5000.9800000000005,4998.9800000000005,5000.9800000000005,527,994.1,5004.989285671578
1773685500,5001.265,5002.2300000000005,5000.2300000000005,5002.2300000000005,354,939.3,5004.987754392101
1773685560,5002.900000000001,5004.285,5002.285,5004.285,862,948.85,5004.986265573677
1773685620,5008.185,5008.185,5006.185,5006.185,1272,953.05,5004.989253436304
1773685680,5005.595,5006.535,5004.535,5006.535,2028,1013.65,5004.991492621142
1773685800,5007.465,5007.505,5005.505,5007.505,964,1017.9,5004.993726062712
1773685860,5007.785,5007.905,5005.905,5007.905,831,1022.35,5004.996063591682
1773685980,5010.650000000001,5012.085,5010.085,5010.085,1720,976.95,5005.00844299721
1773686160,5008.745,5010.745,5008.745,5010.745,779,960.15,5005.013376935073
1773686220,5011.41,5012.955,5010.955,5012.955,748,962.1,5005.020168721259
1773686280,5013.68,5014.725,5012.725,5014.725,1418,1022.45,5005.036136354481
1773686400,5015.425,5015.425,5013.425,5013.425,240,980.15,5005.038843299028
1773686400.001,5012.145,5013.835,5011.835,5013.835,1266,1014.7,5005.051642031561
1773686520,5014.135,5015.395,5013.395,5015.395,1161,1044.35,5005.065592939922
1773686640,5015.835,5015.92,5013.92,5015.92,799,947.65,5005.075690985907
1773686700,5015.955,5016.26,5014.26,5014.26,1029,961.15,5005.088249934542
1773686820,5013.95,5015.95,5013.95,5015.95,146,943.55,5005.0900937767365
1773686820.001,5016.135,5016.135,5014.135,5014.135,544,949.9,5005.096633750755
1773686880,5014.1,5016.1,5014.1,5016.1,198,912.55,5005.099166709983
1773686880.001,5017.455,5017.81,5015.81,5015.81,621,875.35,5005.107904184212
1773686940,5015.175,5016.32,5014.32,5016.32,775,887.75,5005.11800130136
1773687000,5017.41,5017.905,5015.905,5015.905,767,908.4,5005.128844563184
1773687060,5015.55,5016.135,5014.135,5014.135,1343,932.45,5005.1448523018535
1773687180,5013.615,5015.615,5013.615,5015.615,682,902.95,5005.15308421222
1773687240,5015.8150000000005,5015.8150000000005,5013.8150000000005,5013.8150000000005,862,844.65,5005.16297425541
1773687300,5012.945,5013.975,5011.975,5013.975,3067,949.8,5005.193584312241
1773687600,5017.245,5017.29,5015.29,5015.29,1566,986.55,5005.21419706607
1773687720,5014.6,5015.865,5013.865,5013.865,471,924.1,5005.219560913325
1773687780,5013.465,5013.475,5011.475,5011.475,508,910.55,5005.223856177536
1773687840,5011.225,5012.495,5010.495,5010.495,590,902.65,5005.228132332275
1773687900,5009.8550000000005,5010.905,5008.905,5010.905,1647,914.1,5005.238184312264
1773688080,5011.650000000001,5013.285,5011.285,5013.285,858,945,5005.24588982616
1773688140,5017.5650000000005,5019.43,5017.43,5019.43,966,930,5005.261761058921
1773688200,5020.465,5020.465,5018.465,5018.465,243,884.1,5005.265856403963
1773688200.001,5018.35,5018.47,5016.47,5016.47,729,880.6,5005.27636232375
1773688260,5015.4800000000005,5017.31,5015.31,5015.31,1008,879.55,5005.289440636405
1773688320,5012.615,5012.8550000000005,5010.8550000000005,5012.8550000000005,1744,959.45,5005.30399869645
1773688440,5013.6050000000005,5013.6050000000005,5011.6050000000005,5011.6050000000005,630,963.75,5005.309306009456
1773688500,5011.305,5013.305,5011.305,5013.305,208,964.25,5005.311148677806
1773688500.001,5013.81,5015.35,5013.35,5015.35,858,976.1,5005.320858593239
1773688560,5015.685,5015.685,5013.685,5013.685,1232,998.95,5005.3342732340725
1773688680,5012.07,5013.3550000000005,5011.3550000000005,5013.3550000000005,1968,1059,5005.351681868721
1773688860,5014.03,5014.705,5012.705,5014.705,1093,1046.5,5005.363087370614
1773688980,5014.92,5014.92,5012.92,5012.92,163,1020.55,5005.3646972943425
1773688980.001,5011.3,5012.785,5010.785,5010.785,1425,1048.7,5005.375097217794
1773689100,5010.685,5011.77,5009.77,5009.77,1697,980.2,5005.385374977317
1773689280,5009.765,5011.765,5009.765,5011.765,876,945.7,5005.391356910999
1773689340,5012.55,5012.55,5010.55,5010.55,857,965,5005.397318082603
1773689400,5008.235,5010.235,5008.235,5010.235,1244,1001.8,5005.403504643629
1773689520,5011.58,5011.58,5009.58,5009.58,1191,1031.85,5005.410372348555
1773689640,5009.33,5011.005,5009.005,5011.005,1472,1023.1,5005.418993900858
1773689760,5013.925,5014.745,5012.745,5014.745,2693,1114.85,5005.446621534049
1773690000,5014.835,5014.835,5012.835,5012.835,1094,1121.25,5005.457048197073
1773690120,5010.96,5011.485,5009.485,5011.485,2536,1235.9,5005.473087186319
1773690420,5011.905,5011.905,5009.905,5009.905,113,1205.1,5005.473766747544
1773690420.001,5009.24,5010.55,5008.55,5010.55,1045,1206.95,5005.479195226676
1773690540,5011.895,5012.06,5010.06,5012.06,651,1152.3,5005.483727389339
1773690600,5012.805,5014.63,5012.63,5014.63,1250,1183.3,5005.496186302319
1773690720,5015.93,5016.2300000000005,5014.2300000000005,5014.2300000000005,1065,1226.15,5005.507939358225
1773690840,5013.435,5015.400000000001,5013.400000000001,5015.400000000001,858,1226.15,5005.517222310833
1773690900,5015.55,5015.6900000000005,5013.6900000000005,5015.6900000000005,1209,1225,5005.530681774799
1773691020,5015.87,5015.87,5013.87,5013.87,1115,1182.35,5005.542426366817
1773691080,5011.935,5013.935,5011.935,5013.935,1175,1186.45,5005.553029220527
1773691200,5014.29,5014.29,5012.29,5012.29,422,1199.4,5005.55667658377
1773691260,5010.1050000000005,5010.535,5008.535,5008.535,469,1151.6,5005.558671170384
1773691380,5008.235,5010.235,5008.235,5010.235,63,1069.9,5005.558965883942
1773691380.001,5010.325,5011.92,5009.92,5011.92,483,1050.25,5005.562172889732
1773691500,5013.87,5015.55,5013.55,5015.55,473,1031.05,5005.567310945214
1773691620,5017.935,5019.68,5017.68,5019.68,197,978.7,5005.57039717336
1773691680,5020.285,5020.76,5018.76,5018.76,204,929.35,5005.573689790603
1773691740,5018.645,5020.2,5018.2,5020.2,445,878,5005.580922050758
1773691860,5021.835,5021.835,5019.835,5019.835,62,746.45,5005.581998988357
1773691860.001,5019.4400000000005,5019.4400000000005,5017.4400000000005,5017.4400000000005,182,700.85,5005.584652090349
1773691920,5017.145,5018.805,5016.805,5016.805,450,596.55,5005.590874724252
1773692100,5016.03,5017.87,5015.87,5015.87,196,600.7,5005.593369854331
1773692160,5015.645,5016.89,5014.89,5016.89,1381,617.5,5005.610415694194
1773692880,5017.34,5017.34,5015.34,5015.34,38,586.85,5005.610874399899
1773692880.001,5015.175,5016.04,5014.04,5014.04,277,538.2,5005.613798918812
1773693000,5013.53,5014.195,5012.195,5012.195,358,502.85,5005.616809476736
1773693120,5010.495,5011.055,5009.055,5009.055,432,481.55,5005.618865925403
1773693300,5008.05,5009.95,5007.95,5007.95,175,429.85,5005.619474184703
1773693360,5007.845,5009.845,5007.845,5009.845,147,381.45,5005.62008064457
1773693420,5010.96,5011.215,5009.215,5009.215,438,344.6,5005.622243357346
1773693720,5008.45,5010.03,5008.03,5010.03,353,341.15,5005.623772854744
1773693900,5010.14,5010.14,5008.14,5008.14,197,327.55,5005.624498902491
1773693960,5007.625,5009.46,5007.46,5007.46,189,333.85,5005.625046372081
1773694020,5007.385,5009.385,5007.385,5009.385,205,319.95,5005.625780298954
1773694080,5010.595,5010.595,5008.595,5008.595,144,303.5,5005.626386168518
1773694140,5008.585,5010.055,5008.055,5008.055,436,315.45,5005.627947063847
1773694320,5007.535,5008.055,5006.055,5006.055,246,317.55,5005.628258167301
1773694380,5004.8,5006.8,5004.8,5006.8,202,305.4,5005.628376109627
1773694440,5006.8150000000005,5007.165,5005.165,5007.165,233,313.95,5005.62861037018
1773694500,5008.485,5008.85,5006.85,5006.85,257,317.7,5005.6291709848165
1773694560,5006.57,5007.915,5005.915,5005.915,222,306.3,5005.629415227173
1773694620,5005.900000000001,5007.54,5005.54,5007.54,210,307,5005.629716882323
1773698640,5011.11,5013.1,5011.1,5013.1,186,247.25,5012.433333333333
1773698760,5013.82,5015.305,5013.305,5015.305,135,252.1,5013.360669781931
1773698880,5016.185,5016.185,5014.185,5014.185,37,240.1,5013.514767225326
1773698880.001,5012.88,5013.32,5011.32,5011.32,170,230.7,5013.022765151515
1773698940,5006.395,5008.395,5006.395,5008.395,126,215.4,5012.002737003058
1773699000,5009.09,5009.09,5007.09,5007.09,41,208.7,5011.75224940048
1773699000.001,5005.155,5007.135,5005.135,5005.135,551,228.9,5009.120811931514
1773699120,5000.76,5002.76,5000.76,5002.76,118,212.9,5008.512862903226
1773699120.001,5004.415,5006.400000000001,5004.400000000001,5004.400000000001,202,205.35,5008.068334397617
1773699180,5002.995,5004.995,5002.995,5004.995,271,209.05,5007.516597713665
1773699240,5005.635,5006.0650000000005,5004.0650000000005,5006.0650000000005,486,223.9,5007.073430908309
1773699300,5007.97,5007.97,5005.97,5005.97,390,233.15,5007.010645042389
1773699360,5005.6900000000005,5007.6900000000005,5005.6900000000005,5007.6900000000005,125,232.2,5007.01120389946
1773699360.001,5008.3550000000005,5008.3550000000005,5006.3550000000005,5006.3550000000005,320,226.4,5007.012264091198
1773699420,5006.01,5008.01,5006.01,5008.01,140,221.1,5007.026317970488
1773699480,5008.025000000001,5008.025000000001,5006.025000000001,5006.025000000001,502,236.1,5006.98210877193
1773699600,5005.375,5005.375,5003.375,5003.375,247,236.8,5006.802645169262
1773699660,5001.675,5002.54,5000.54,5002.54,523,250.1,5006.238524799417
1773699780,5003.150000000001,5003.150000000001,5001.150000000001,5001.150000000001,76,242.8,5006.166191347396
1773699780.001,5000.4400000000005,5000.89,4998.89,5000.89,758,270.2,5005.33260763632
1773699900,5002.4400000000005,5002.4400000000005,5000.4400000000005,5000.4400000000005,403,281.05,5005.039331553873
1773699960,4999.96,5001.87,4999.87,5001.87,263,287.45,5004.873126029655
1773700020,5002.01,5002.015,5000.015,5000.015,328,302,5004.658246587476
1773700080,4999.42,5001.42,4999.42,5001.42,148,300.9,5004.569959517264
1773700140,5002.05,5002.185,5000.185,5000.185,288,309,5004.413262364648
1773700200,4998.685,5000.685,4998.685,5000.685,413,327.6,5004.16279931926
1773700260,5004.455,5004.615,5002.615,5002.615,750,337.55,5004.080162144138
1773700380,5002.215,5004.215,5002.215,5004.215,541,358.7,5004.046463457485
1773700500,5004.7,5005.14,5003.14,5003.14,560,376.6,5004.031703487947
1773700620,5002.325,5003.62,5001.62,5001.62,1185,422.3,5003.830607637202
1773700860,5000.39,5002.39,5000.39,5002.39,335,414.75,5003.764122716144
1773700920,5002.97,5003.02,5001.02,5003.02,1302,460.35,5003.610024748323
1773701220,5004.615,5006.1050000000005,5004.1050000000005,5006.1050000000005,248,466.5,5003.647288105414
1773701280,5006.28,5006.53,5004.53,5004.53,894,495.2,5003.753331929772
1773701640,5003.79,5004.345,5002.345,5002.345,531,514.75,5003.724359351629
1773701820,5002.3,5002.82,5000.82,5000.82,376,508.45,5003.664127949985
1773701880,5000.74,5002.74,5000.74,5002.74,302,511.2,5003.630463877795
1773701940,5002.755,5004.13,5002.13,5004.13,618,515.95,5003.623526764726
1773702060,5006.4400000000005,5006.4400000000005,5004.4400000000005,5004.4400000000005,975,560.9,5003.714680408473
1773702360,5002.995,5004.995,5002.995,5004.995,308,538.4,5003.726367590074
1773702480,5005.205,5006.96,5004.96,5006.96,1956,616.05,5004.003341607827
1773703320,5009.37,5009.57,5007.57,5009.57,827,644.25,5004.217126527742
1773703560,5010.225,5010.225,5008.225,5008.225,359,645.8,5004.304014790654
1773703680,5007.96,5009.96,5007.96,5009.96,376,657.2,5004.399290756731
1773703800,5010.215,5011.5650000000005,5009.5650000000005,5011.5650000000005,616,673.6,5004.596444811059
1773703920,5012.995,5013.79,5011.79,5013.79,1683,737.1,5005.249078099657
1773704160,5014.22,5014.22,5012.22,5012.22,969,748.05,5005.571441690625
1773704340,5010.53,5012.53,5010.53,5012.53,396,740.8,5005.678129585225
1773704400,5014.705,5014.705,5012.705,5012.705,746,750.1,5005.916278077456
1773704580,5011.7300000000005,5012.525000000001,5010.525000000001,5010.525000000001,377,709.7,5005.997530743148
1773704640,5008.83,5010.17,5008.17,5010.17,1213,753.6,5006.163063578566
1773704760,5010.475,5010.475,5008.475,5008.475,445,710.75,5006.213780179837
1773704820,5007.17,5009.17,5007.17,5009.17,335,715.1,5006.242756390884
1773704880,5009.650000000001,5011.1,5009.1,5011.1,402,690.5,5006.305446623501
1773705000,5012.125,5013.64,5011.64,5013.64,267,677.3,5006.371046894385
1773705120,5013.72,5014.900000000001,5012.900000000001,5014.900000000001,458,681.4,5006.501529453686
1773705300,5015.265,5015.61,5013.61,5013.61,862,709.4,5006.737032046103
1773705480,5012.495,5013.425,5011.425,5013.425,737,715.35,5006.889028862403
1773705600,5013.615,5013.64,5011.64,5013.64,683,700.75,5007.028109151357
1773705660,5014.2,5014.2,5012.2,5012.2,586,714.65,5007.140414902349
1773705720,5007.845,5009.33,5007.33,5007.33,754,654.55,5007.161095059635
1773705780,5005.45,5007.45,5005.45,5007.45,423,634.35,5007.156045024548
1773705840,5007.53,5007.53,5005.53,5005.53,569,644.85,5007.139097823727
1773705900,5004.945,5006.945,5004.945,5006.945,173,634.7,5007.134499495638
1773705900.001,5007.39,5008.785,5006.785,5008.785,620,634.9,5007.152981406297
1773705960,5009.650000000001,5010.38,5008.38,5010.38,1062,603.85,5007.2327998101755
1773706080,5011.805,5011.805,5009.805,5009.805,199,565.35,5007.251610097771
1773706080.001,5006.12,5006.71,5004.71,5004.71,1122,601.65,5007.192162093427
1773706140,5002.24,5004.24,5002.24,5004.24,308,579.75,5007.160936452354
1773706140.001,5004.54,5006.54,5004.54,5006.54,1033,612.55,5007.124721738187
1773706260,5007.88,5007.88,5005.88,5005.88,764,590.1,5007.112942316587
1773706320,5004.06,5006.06,5004.06,5006.06,757,605.7,5007.07890890394
1773706440,5006.935,5007.79,5005.79,5007.79,412,609.55,5007.079382323274
1773706500,5007.900000000001,5008.8550000000005,5006.8550000000005,5008.8550000000005,394,609.15,5007.090569794737
1773706560,5009.92,5010.7300000000005,5008.7300000000005,5008.7300000000005,439,617.75,5007.116203473948
1773706620,5007.625,5008.525000000001,5006.525000000001,5006.525000000001,1061,647.9,5007.118177742163
1773706800,5004.645,5006.645,5004.645,5006.645,540,631.8,5007.103199862111
1773706860,5007.025000000001,5007.025000000001,5005.025000000001,5005.025000000001,887,639.3,5007.073376844047
1773707040,5004.54,5004.715,5002.715,5002.715,619,636.1,5007.019735647836
1773707100,5001.63,5003.63,5001.63,5003.63,642,638.9,5006.959512946221
1773707160,5005.945,5005.945,5003.945,5003.945,692,635.8,5006.92253309814
1773707220,5001.32,5002.39,5000.39,5002.39,534,641.35,5006.860099207691
1773707280,5002.6900000000005,5004.47,5002.47,5004.47,367,631.25,5006.835078396826
1773707340,5004.685,5004.955,5002.955,5002.955,474,646.3,5006.801462039287
1773707460,5002.47,5004.47,5002.47,5004.47,92,619.9,5006.795386803814
1773707460.001,5005.885,5006.05,5004.05,5004.05,375,585.55,5006.778358163854
1773707520,5003.03,5004,5002,5002,291,590.15,5006.75238564007
1773707640,5001.84,5003.84,5001.84,5003.84,448,556.45,5006.71791544845
1773707700,5006.395,5007.3,5005.3,5005.3,1097,595.9,5006.700606732057
1773707820,5004.63,5005.51,5003.51,5003.51,476,568.05,5006.675623981924
1773707940,5003.39,5004.16,5002.16,5002.16,556,557.65,5006.631631376985
1773708120,5001.585,5001.77,4999.77,4999.77,641,551.85,5006.551061389984
1773708180,4998.29,5000.29,4998.29,5000.29,192,540.85,5006.524178254311
1773708180.001,5000.5,5001.54,4999.54,5001.54,463,544.3,5006.471789611744
1773708240,5002.07,5003.03,5001.03,5003.03,574,551.05,5006.425105381242
1773708300,5003.24,5004.12,5002.12,5002.12,865,541.25,5006.363851012069
1773708420,5001.735,5002.07,5000.07,5000.07,603,544.4,5006.298575976764
1773708480,4999.99,5001.99,4999.99,5001.99,673,533.7,5006.234987054342
1773708540,5002.06,5002.06,5000.06,5000.06,821,543.8,5006.150421146788
1773708600,4998.46,5000.46,4998.46,5000.46,1121,567.75,5006.019898134244
1773708660,5000.74,5000.74,4998.74,4998.74,757,571,5005.9294597597345
1773708720,4998.645,5000.645,4998.645,5000.645,228,555.7,5005.905048396095
1773708720.001,5002.085,5002.445,5000.445,5002.445,1503,612.5,5005.7963973653805
1773708840,5004.5650000000005,5006.3550000000005,5004.3550000000005,5006.3550000000005,1845,681.05,5005.793014118208
1773709020,5006.535,5006.535,5004.535,5004.535,1007,726.8,5005.783079070597
1773709140,5002.385,5003.03,5001.03,5001.03,1223,769.2,5005.701365521603
1773709200,4997.8550000000005,4999.8550000000005,4997.8550000000005,4999.8550000000005,544,781.85,5005.643945709425
1773709200.001,5003.265,5004.150000000001,5002.150000000001,5004.150000000001,1590,838.95,5005.589670116124
1773709260,5006.215,5006.83,5004.83,5004.83,1320,850.1,5005.587770177205
1773709320,5002.725,5003.35,5001.35,5001.35,1710,911.8,5005.49569950999
1773709380,4994.935,4996.935,4994.935,4996.935,1550,961.5,5005.284982492329
1773709440,5003.84,5003.900000000001,5001.900000000001,5003.900000000001,1343,996.6,5005.245175436064
1773709500,5005.85,5005.85,5003.85,5003.85,892,1031.6,5005.235906718017
1773709560,5003.18,5005.18,5003.18,5005.18,282,1022.55,5005.233011990001
1773709560.001,5006.655,5006.655,5004.655,5004.655,774,1032.55,5005.2339761965
1773709620,5004.385,5006.385,5004.385,5006.385,246,1001.6,5005.235644709574
1773709620.001,5007.445,5007.445,5005.445,5005.445,614,1002.15,5005.243112533439
1773709680,5005.285,5007.285,5005.285,5007.285,183,977.65,5005.246597769439
1773709680.001,5007.525000000001,5009.22,5007.22,5009.22,912,982.2,5005.287840953125
1773709740,5009.4400000000005,5009.97,5007.97,5009.97,2004,1026.35,5005.394956383806
1773709860,5011.8150000000005,5011.8150000000005,5009.8150000000005,5009.8150000000005,568,1016.9,5005.43312703949
1773709920,5009.56,5011.56,5009.56,5011.56,153,1013.15,5005.444141615907
1773709920.001,5011.5650000000005,5012.6050000000005,5010.6050000000005,5012.6050000000005,1208,998.4,5005.545953119458
1773710040,5012.62,5012.62,5010.62,5010.62,212,916.75,5005.561704307199
1773710040.001,5006.31,5008.31,5006.31,5008.31,212,877,5005.56740018672
1773710040.002,5010.33,5011.79,5009.79,5011.79,1213,876.5,5005.65304335947
1773710160,5014.25,5014.25,5012.25,5012.25,133,855.95,5005.665299295478
1773710160.001,5011.735,5012.74,5010.74,5010.74,783,815.6,5005.721770342642
1773710220,5010.165,5012.165,5010.165,5012.165,793,789.25,5005.778745646768
1773710280,5012.475,5012.475,5010.475,5010.475,265,717,5005.796363871156
1773710280.001,5010.415,5011.02,5009.02,5009.02,854,682.2,5005.8371190152
1773710340,5008.535,5009.88,5007.88,5009.88,3558,792.95,5005.978315467167
1773710700,5010.74,5010.74,5008.74,5008.74,188,757.75,5005.98587460662
1773710700.001,5008.055,5009.625,5007.625,5009.625,774,782.35,5006.0126146088805
1773710760,5011.45,5013.265,5011.265,5013.265,1219,804.6,5006.104617532683
1773710880,5013.87,5014.88,5012.88,5014.88,1493,866.95,5006.24102515277
1773711000,5015.3,5016.35,5014.35,5014.35,458,859.15,5006.286079394084
1773711060,5013.89,5015.125,5013.125,5013.125,353,867.65,5006.315661943683
1773711120,5012.47,5013.435,5011.435,5013.435,1121,878.1,5006.395428213301
1773711300,5016.005,5016.7,5014.7,5016.7,428,799.3,5006.440702915493
1773711360,5018.745,5019.51,5017.51,5019.51,674,804.6,5006.531778504114
1773711420,5019.92,5019.92,5017.92,5017.92,593,826.6,5006.609162174256
1773711480,5015.95,5017.95,5015.95,5017.95,516,792,5006.668454187929
1773711540,5018.575,5018.575,5016.575,5016.575,191,790.95,5006.690149236362
1773711540.001,5015.900000000001,5017.900000000001,5015.900000000001,5017.900000000001,808,820.75,5006.780879032517
1773711600,5018.400000000001,5018.8550000000005,5016.8550000000005,5018.8550000000005,780,799.1,5006.874863741512
1773711660,5019.915,5019.915,5017.915,5017.915,1430,863.95,5007.049059429295
1773711780,5017.175,5019.045,5017.045,5017.045,1423,895.95,5007.204637327483
1773711900,5016.83,5018.83,5016.83,5018.83,605,886.55,5007.272200188186
1773711960,5019.47,5020.535,5018.535,5020.535,2210,983.8,5007.549628699469
1773712140,5021.49,5022.4800000000005,5020.4800000000005,5022.4800000000005,1048,993.5,5007.697064441574
1773712200,5025.29,5026.03,5024.03,5026.03,2018,916.5,5008.041823796585
1773712440,5026.7,5027.21,5025.21,5025.21,1512,982.7,5008.298843806493
1773712560,5025.185,5027.185,5025.185,5027.185,165,952.25,5008.3274515467
1773712560.001,5027.305,5027.7,5025.7,5027.7,1509,966.75,5008.5922642043415
1773712740,5028.195,5028.195,5026.195,5026.195,1149,949.55,5008.787095778187
1773712860,5025.8,5027.8,5025.8,5027.8,646,958.95,5008.896440626884
1773712920,5029.9800000000005,5029.9800000000005,5027.9800000000005,5027.9800000000005,728,977.7,5009.028210161663
1773712980,5024.6050000000005,5025.345,5023.345,5023.345,621,952.7,5009.113001312229
1773713040,5023.275000000001,5025.275000000001,5023.275000000001,5025.275000000001,646,963.6,5009.203685425595
1773713100,5026.17,5026.63,5024.63,5024.63,709,965.35,5009.3063924044945
1773713160,5024.205,5024.6900000000005,5022.6900000000005,5022.6900000000005,656,968.5,5009.3888724481285
1773713220,5022.6050000000005,5023.825,5021.825,5021.825,820,983.7,5009.484319566841
1773713340,5021.425,5023.425,5021.425,5023.425,748,1011.55,5009.571941458695
1773713400,5023.5650000000005,5024.61,5022.61,5022.61,1423,1042.3,5009.741908287506
1773713520,5021.650000000001,5023.54,5021.54,5021.54,681,1037.35,5009.815452737828
1773713580,5020.765,5022.645,5020.645,5022.645,1250,1028.35,5009.9457655924125
1773713760,5023.71,5023.71,5021.71,5021.71,114,962.9,5009.957900154704
1773713760.001,5021.03,5021.96,5019.96,5019.96,1328,999.05,5010.077855129032
1773714060,5019.85,5021.85,5019.85,5021.85,302,903.65,5010.106178253137
1773714120,5022.175,5023.7,5021.7,5021.7,828,892.65,5010.191313393493
1773714240,5021.16,5023.16,5021.16,5023.16,403,811.9,5010.232750261192
1773714300,5023.835,5024.745,5022.745,5024.745,1653,818.95,5010.421432257748
1773714540,5025.8,5027.305,5025.305,5027.305,466,834,5010.48349555972
1773714600,5027.8150000000005,5027.8150000000005,5025.8150000000005,5025.8150000000005,412,779.15,5010.537444342592
1773714660,5024.675,5025.9400000000005,5023.9400000000005,5023.9400000000005,1186,781,5010.672705587353
1773714840,5023.845,5024.175,5022.175,5022.175,530,775.2,5010.724763422985
1773714900,5021.975,5023.975,5021.975,5023.975,1411,809.35,5010.86646327968
1773715080,5025.85,5026.79,5024.79,5026.79,1245,840.55,5011.0165628720615
1773715200,5027.235,5027.67,5025.67,5027.67,604,838.45,5011.092503552181
1773715260,5027.9400000000005,5027.9400000000005,5025.9400000000005,5025.9400000000005,452,825.6,5011.147457955866
1773715320,5025.83,5027.83,5025.83,5027.83,158,800.7,5011.167264379605
1773715320.001,5027.95,5029.305,5027.305,5029.305,891,804.25,5011.288262121108
1773715440,5029.41,5029.54,5027.54,5027.54,781,805.9,5011.390347152476
1773715560,5027.455,5028.22,5026.22,5026.22,900,779.75,5011.497354438087
1773715680,5025.225,5025.345,5023.345,5023.345,852,788.3,5011.578629833471
1773715800,5021.47,5023.47,5021.47,5023.47,125,732.05,5011.589315061193
1773715800.001,5023.685,5024.78,5022.78,5024.78,249,738.8,5011.613018926728
1773715860,5025.205,5026.35,5024.35,5026.35,1064,725.6,5011.725900566014
1773715980,5026.59,5027.045,5025.045,5025.045,3383,879.65,5012.073778592282
1773716280,5024.09,5024.1900000000005,5022.1900000000005,5022.1900000000005,952,885.85,5012.148730289116
1773716400,5020.93,5022.93,5020.93,5022.93,178,874.6,5012.1618587616795
1773716400.001,5023.6050000000005,5024.9800000000005,5022.9800000000005,5024.9800000000005,1001,842,5012.249912925242
1773716580,5024.995,5025.75,5023.75,5023.75,1098,873.6,5012.345858626124
1773716760,5022.64,5023.835,5021.835,5023.835,2635,984.75,5012.546866731047
1773717300,5025.39,5027.25,5025.25,5027.25,1505,1000.7,5012.694205771308
1773717540,5027.38,5029.28,5027.28,5029.28,850,1016.7,5012.788025598716
1773717660,5029.625,5029.900000000001,5027.900000000001,5029.900000000001,940,993.15,5012.894514647602
1773717780,5029.935,5031.2,5029.2,5031.2,1501,1005.95,5013.075031511295
1773718020,5032.26,5033.68,5031.68,5033.68,1082,1029.85,5013.22104429359
1773718200,5033.76,5033.76,5031.76,5031.76,189,1016.7,5013.245580671184
1773718200.001,5029.92,5031.92,5029.92,5031.92,441,1030.85,5013.299101849545
1773718260,5032.305,5032.305,5030.305,5030.305,526,1012.6,5013.3615293643625
1773718320,5029.67,5031.54,5029.54,5029.54,1771,1062.1,5013.559521998639
1773718560,5029.1050000000005,5030.785,5028.785,5030.785,644,1049.3,5013.62999433871
1773718680,5031.09,5031.09,5029.09,5029.09,362,1024.8,5013.668481801842
1773718740,5027.6,5029.145,5027.145,5027.145,1365,1086.8,5013.794622447137
1773719160,5025.945,5027.945,5025.945,5027.945,1230,1135.85,5013.9021236585295
1773719460,5028.085,5029.345,5027.345,5029.345,280,1096.65,5013.928892673902
1773719520,5029.7300000000005,5030.255,5028.255,5028.255,159,935.45,5013.944300589468
1773719580,5028.24,5029.54,5027.54,5027.54,757,925.7,5014.013744229975
1773719760,5026.87,5028.18,5026.18,5028.18,1009,967.25,5014.100789931113
1773720060,5028.795,5029.58,5027.58,5029.58,128,923.6,5014.112896473194
1773720120,5029.6050000000005,5029.6900000000005,5027.6900000000005,5029.6900000000005,898,913.6,5014.197905312748
1773720540,5030.085,5030.655,5028.655,5028.655,829,823.3,5014.277088309535
1773720780,5028.645,5029.7,5027.7,5027.7,465,771.3,5014.318345056529
1773720900,5027.39,5028.68,5026.68,5028.68,1405,799.05,5014.4384487881325
1773721320,5029.87,5030.45,5028.45,5028.45,1095,806.8,5014.538091995141
1773721560,5026.400000000001,5028.185,5026.185,5028.185,475,755.5,5014.576203807301
1773721620,5030.375,5031.8150000000005,5029.8150000000005,5031.8150000000005,843,743.55,5014.662111476655
1773721740,5032.985,5034.3150000000005,5032.3150000000005,5034.3150000000005,659,767.05,5014.738740560637
1773721860,5034.635,5034.6900000000005,5032.6900000000005,5034.6900000000005,4167,953.35,5015.218649893101
1773722640,5042.185,5042.185,5040.185,5040.185,195,936.8,5015.248466216501
1773722640.001,5039.775000000001,5041.1,5039.1,5041.1,714,883.95,5015.355276202075
1773722700,5041.900000000001,5041.900000000001,5039.900000000001,5039.900000000001,616,882.55,5015.447186746052
1773722760,5038.21,5039.71,5037.71,5039.71,1043,916.6,5015.591944124212
1773722880,5039.74,5040.45,5038.45,5040.45,1277,912.2,5015.7722945455425
1773723000,5041.895,5041.895,5039.895,5039.895,200,860.7,5015.801204951477
1773723000.001,5039.78,5040.185,5038.185,5038.185,586,876,5015.879702197276
1773723120,5037.7,5039.7,5037.7,5039.7,478,891.95,5015.9438407947255
1773723240,5039.965,5039.965,5037.965,5037.965,87,858.45,5015.955273938751
1773723240.001,5037.7,5039.7,5037.7,5039.7,497,832.85,5016.021520108125
1773723300,5039.78,5039.78,5037.78,5037.78,638,858.35,5016.103851161742
1773723420,5037.545,5038.88,5036.88,5038.88,730,849.95,5016.1963398411945
1773723540,5039.1900000000005,5039.1900000000005,5037.1900000000005,5037.1900000000005,898,853.4,5016.30723162586
1773723660,5036.93,5037.895,5035.895,5035.895,1152,887.75,5016.439387865301
1773723840,5034.37,5036.33,5034.33,5036.33,1154,875.2,5016.564222192214
1773724020,5037.91,5037.91,5035.91,5035.91,350,837.95,5016.603559023783
1773724080,5034.7300000000005,5035.17,5033.17,5033.17,884,858.4,5016.688691702296
1773724200,5032.4400000000005,5034.4400000000005,5032.4400000000005,5034.4400000000005,451,838.8,5016.731642344314
1773724260,5036.400000000001,5037.265,5035.265,5037.265,562,833.95,5016.793685045032
1773724380,5037.53,5038.89,5036.89,5038.89,490,650.1,5016.851876477806
1773724440,5041.025000000001,5041.025000000001,5039.025000000001,5039.025000000001,473,664,5016.911588842647
1773724500,5038.905,5040.905,5038.905,5040.905,166,636.6,5016.932972153351
1773724500.001,5041.455,5042.27,5040.27,5042.27,701,640.85,5017.028104522854
1773724560,5043.145,5044.18,5042.18,5044.18,502,613.8,5017.101040969521
1773724620,5044.900000000001,5044.900000000001,5042.900000000001,5042.900000000001,161,558,5017.124394997381
1773724620.001,5041.575,5042.45,5040.45,5040.45,600,578,5017.203036266763
1773724680,5037.62,5038.375,5036.375,5036.375,2128,655.1,5017.431013550856
1773724980,5035.9800000000005,5036.905,5034.905,5034.905,1111,686.75,5017.539201138014
1773725160,5034.615,5035.425,5033.425,5035.425,834,724.1,5017.61594573652
1773725280,5036.01,5036.63,5034.63,5036.63,1256,762.05,5017.738274639916
1773725400,5038.21,5038.95,5036.95,5038.95,1336,796.95,5017.882955101312
1773725520,5039.585,5039.585,5037.585,5037.585,652,793.05,5017.952716825661
1773725580,5036.07,5038.07,5036.07,5038.07,392,767.75,5017.992686639411
1773725640,5038.305,5038.305,5036.305,5036.305,106,715.45,5018.003226871212
1773725640.001,5035.51,5036.62,5034.62,5034.62,1197,717.6,5018.110942971841
1773725760,5033.57,5035.57,5033.57,5035.57,580,729.1,5018.161500668771
1773725820,5036.735,5036.735,5034.735,5034.735,474,708.6,5018.203816149453
1773725880,5034.675,5035.585,5033.585,5033.585,1194,745.75,5018.302426796908
1773726000,5032.41,5034.095,5032.095,5034.095,673,751.3,5018.354634850384
1773726060,5034.46,5035.67,5033.67,5033.67,1673,810.45,5018.490597156473
1773726240,5031.585,5033.325,5031.325,5031.325,565,815.05,5018.529274911862
1773726300,5029.99,5031.61,5029.61,5029.61,526,833.05,5018.5605223988805
1773726360,5028.225,5029.535,5027.535,5029.535,1301,863.05,5018.627895066042
1773726480,5030.3150000000005,5031.455,5029.455,5029.455,1329,904.4,5018.704127099784
1773726600,5027.86,5029.415,5027.415,5029.415,717,932.2,5018.739939506207
1773726660,5030.86,5030.86,5028.86,5028.86,602,932.3,5018.772134381443
1773726720,5026.59,5028.025000000001,5026.025000000001,5028.025000000001,674,859.6,5018.800730860649
1773726780,5028.37,5028.37,5026.37,5026.37,710,839.55,5018.829524861183
1773726840,5022.75,5024.75,5022.75,5024.75,266,811.15,5018.836397414274
1773726840.001,5027.045,5028.285,5026.285,5026.285,1051,800.9,5018.878125552437
1773726900,5023.745,5024.38,5022.38,5022.38,1130,790.6,5018.901044334594
1773726960,5021.7300000000005,5023.7300000000005,5021.7300000000005,5023.7300000000005,1093,812.65,5018.923062337971
1773727080,5023.9800000000005,5023.9800000000005,5021.9800000000005,5021.9800000000005,164,801.25,5018.9260155072525
1773727080.001,5021.09,5023.09,5021.09,5021.09,519,821.9,5018.933102239547
1773727140,5020.12,5021.78,5019.78,5021.78,924,808.25,5018.9427768919995
1773727200,5023.0650000000005,5023.0650000000005,5021.0650000000005,5021.0650000000005,1625,860.5,5018.964372703753
1773727260,5011.645,5013.645,5011.645,5013.645,452,859.4,5018.951507152314
1773727260.001,5016.765,5018.195,5016.195,5016.195,1107,855.05,5018.940564285222
1773727320,5009.6,5011.6,5009.6,5011.6,369,839.85,5018.926612758781
1773727320.001,5012.135,5013.925,5011.925,5013.925,997,806.05,5018.900053271487
1773727380,5017.900000000001,5019.465,5017.465,5019.465,1049,830.25,5018.899554250245
1773727440,5020.14,5020.14,5018.14,5018.14,973,852.6,5018.8991334885195
1773727500,5016.58,5016.63,5014.63,5014.63,886,831.85,5018.8843351909745
1773727560,5008.63,5010.615,5008.615,5008.615,619,796.35,5018.85685523528
1773727620,5008.365,5010.365,5008.365,5010.365,203,770.65,5018.848268116347
1773727620.001,5012.74,5012.74,5010.74,5010.74,203,750.7,5018.8412973345485
1773727620.002,5010.6900000000005,5011.015,5009.015,5009.015,531,743.55,5018.818908644126
1773727680,5007.43,5009.43,5007.43,5009.43,726,744.35,5018.785415894385
1773727740,5010.54,5010.54,5008.54,5008.54,274,744.75,5018.773389898984
1773727740.001,5007.705,5009.385,5007.385,5009.385,1237,754.05,5018.716718850857
1773727800,5010.28,5010.28,5008.28,5008.28,705,732.8,5018.685436438013
1773727860,5007.02,5009.02,5007.02,5009.02,192,687.75,5018.676434714613
1773727860.001,5011.62,5012.82,5010.82,5012.82,841,721.6,5018.6516358598155
1773727920,5013.6900000000005,5013.6900000000005,5011.6900000000005,5011.6900000000005,540,722.65,5018.636306993694
1773727980,5009.765,5011.385,5009.385,5011.385,785,715.7,5018.608376943082
1773728040,5013.195,5013.625,5011.625,5013.625,1026,685.75,5018.582447719116
1773728100,5013.715,5013.715,5011.715,5011.715,789,702.6,5018.560641329075
1773728160,5010.02,5011.955,5009.955,5009.955,1385,716.5,5018.511933158211
1773728280,5007.62,5009.43,5007.43,5007.43,635,729.8,5018.482717759906
1773728340,5007.28,5009.28,5007.28,5009.28,214,690.65,5018.473396788344
1773728340.001,5012.725,5013.400000000001,5011.400000000001,5013.400000000001,592,667.8,5018.458439165787
1773728400,5013.76,5014.33,5012.33,5012.33,687,653.5,5018.441972594027
1773728460,5011.705,5013.365,5011.365,5013.365,670,642.7,5018.42513423617
1773728520,5013.49,5013.585,5011.585,5011.585,866,655.05,5018.401829601963
1773728580,5009.3150000000005,5009.75,5007.75,5007.75,936,691.7,5018.361254663361
1773728640,5005.04,5007.04,5005.04,5007.04,233,693.2,5018.349140662841
1773728640.001,5007.825,5009.13,5007.13,5009.13,801,706.7,5018.314917010989
1773728700,5010.415,5010.825,5008.825,5010.825,906,715.7,5018.283102816123
1773728760,5011.785,5013.385,5011.385,5011.385,1115,757.75,5018.25333357613
1773728880,5010.35,5012.35,5010.35,5012.35,719,731.85,5018.2331562701165
1773728940,5012.435,5012.52,5010.52,5012.52,962,744.7,5018.207048383947
1773729000,5012.8,5013.6900000000005,5011.6900000000005,5013.6900000000005,992,784.7,5018.185265669794
1773729060,5014.09,5014.685,5012.685,5014.685,847,785,5018.170368504589
1773729180,5014.83,5015.6,5013.6,5013.6,526,784.3,5018.161720756848
1773729240,5012.935,5014.92,5012.92,5012.92,2530,871.55,5018.113486635309
1773729480,5012.150000000001,5014.150000000001,5012.150000000001,5014.150000000001,493,844.9,5018.103993960344
1773729540,5015.72,5015.72,5013.72,5013.72,358,823.35,5018.098467919871
1773729600,5013.695,5015.695,5013.695,5015.695,1090,808.6,5018.084634711791
1773729720,5017.215,5017.215,5015.215,5015.215,267,790.2,5018.082205980933
1773729780,5014.36,5015.295,5013.295,5015.295,521,805.55,5018.074791671824
1773729900,5015.765,5015.765,5013.765,5013.765,524,802.15,5018.066943014597
1773729960,5011.39,5012.745,5010.745,5012.745,399,787.75,5018.057135091508
1773730020,5013.4400000000005,5013.49,5011.49,5011.49,628,785.65,5018.041964370285
1773730140,5010.165,5011.965,5009.965,5009.965,651,774.9,5018.022266432296
1773730260,5009.52,5011.52,5009.52,5011.52,340,745.1,5018.012327607072
1773730320,5012.215,5012.215,5010.215,5010.215,295,748.2,5018.003760556716
1773730380,5010.055,5012.055,5010.055,5012.055,755,745.9,5017.983481347504
1773730560,5012.25,5012.25,5010.25,5010.25,1100,755.6,5017.952059824956
1773730680,5008.6900000000005,5010.6900000000005,5008.6900000000005,5010.6900000000005,603,730,5017.932781276932
1773730740,5012.075,5012.075,5010.075,5010.075,535,720.8,5017.917301393792
1773730800,5009.63,5011.63,5009.63,5011.63,197,682.55,5017.91179366567
1773730800.001,5012.615,5012.615,5010.615,5010.615,432,654.55,5017.900298227526
1773730860,5009.515,5011.515,5009.515,5011.515,117,618.05,5017.896988349027
1773730860.001,5012.49,5013.66,5011.66,5013.66,585,621,5017.885507504787
1773730920,5015.095,5015.095,5013.095,5013.095,364,512.7,5017.879508639497
1773730980,5012.365,5014.275000000001,5012.275000000001,5014.275000000001,503,513.2,5017.870940055047
1773731040,5014.9400000000005,5015.155,5013.155,5015.155,438,517.2,5017.865041287115
1773731100,5015.205,5015.765,5013.765,5015.765,1010,513.2,5017.853960324329
1773731220,5016.97,5017.08,5015.08,5015.08,559,527.8,5017.849299443039
1773731280,5012.675,5014.08,5012.08,5012.08,881,545.8,5017.831574283641
1773731460,5011.465,5013.465,5011.465,5013.465,109,525.05,5017.829412025531
1773731460.001,5014.455,5015.365,5013.365,5013.365,1497,579.95,5017.807136593745
1773731760,5013.085,5013.995,5011.995,5011.995,405,568.8,5017.7989844853355
1773731880,5011.645,5012.46,5010.46,5010.46,597,566.1,5017.783438156166
1773732000,5009.295,5011.18,5009.18,5011.18,646,581.4,5017.765154778781
1773732120,5011.95,5012.395,5010.395,5012.395,564,594.85,5017.751929094357
1773732240,5014.275000000001,5015.295,5013.295,5015.295,331,573.65,5017.747918068132
1773732360,5016.995,5018.63,5016.63,5018.63,249,531.1,5017.748125956019
1773732420,5018.91,5018.91,5016.91,5016.91,200,510.95,5017.747993153024
1773732480,5015.6050000000005,5017.6050000000005,5015.6050000000005,5017.6050000000005,494,508.9,5017.746447128708
1773732600,5020.055,5020.055,5018.055,5018.055,301,514.1,5017.747580443821
1773732660,5017.725,5019.725,5017.725,5019.725,104,497.7,5017.748106535712
1773732660.001,5021.14,5022.18,5020.18,5022.18,303,507,5017.752504317361
1773732720,5022.97,5023.415,5021.415,5023.415,648,510.15,5017.764952300575
1773732840,5024.435,5025.43,5023.43,5025.43,1249,554.4,5017.798402266746
1773733080,5027.035,5027.9800000000005,5025.9800000000005,5027.9800000000005,774,567.95,5017.826501716343
1773733200,5028.2,5028.2,5026.2,5026.2,430,567.55,5017.8413092957135
1773733260,5023.535,5025.535,5023.535,5025.535,117,522.9,5017.844439718856
1773733260.001,5025.57,5026.185,5024.185,5024.185,373,513.6,5017.854377385063
1773733380,5023.535,5024.235,5022.235,5022.235,212,480.15,5017.858442506493
1773733440,5022.05,5024,5022,5024,648,507.1,5017.871887546477
1773733620,5024.09,5025.49,5023.49,5023.49,397,452.1,5017.881329008152
1773733740,5022.6900000000005,5023.49,5021.49,5021.49,721,467.9,5017.892961723915
1773733920,5020.57,5021.08,5019.08,5019.08,641,470.1,5017.897434990544
1773734040,5017.36,5019.36,5017.36,5019.36,119,443.75,5017.8977913893095
1773734040.001,5020.365,5021.91,5019.91,5021.91,705,450.8,5017.906643291605
1773734160,5022.045,5023.305,5021.305,5021.305,1241,496.3,5017.925488364163
1773734400,5020.415,5022.415,5020.415,5022.415,166,492.15,5017.927857492194
1773734400.001,5023.96,5025.41,5023.41,5023.41,877,526,5017.947923674789
1773734520,5023.39,5024.095,5022.095,5024.095,401,521.35,5017.956089197453
1773734640,5024.425,5024.955,5022.955,5024.955,568,534.7,5017.969424933421
1773734760,5026.135,5026.135,5024.135,5024.135,123,535.65,5017.972539383119
1773734760.001,5022.655,5024.655,5022.655,5024.655,687,554.85,5017.987817095792
1773734880,5025.1050000000005,5025.1050000000005,5023.1050000000005,5023.1050000000005,116,528.25,5017.990296215147
1773734880.001,5022.150000000001,5023.11,5021.11,5021.11,474,489.5,5017.996916305497
1773734940,5019.05,5021.05,5019.05,5021.05,119,456.75,5017.9979633501025
1773734940.001,5021.735,5023.6,5021.6,5023.6,282,449.35,5018.003089477464
1773735000,5024.22,5024.46,5022.46,5022.46,437,465.35,5018.0113228323635
1773735060,5021.7,5023.295,5021.295,5021.295,372,465.3,5018.0167192589515
1773735120,5020.95,5021.93,5019.93,5019.93,642,486.8,5018.022787343799
1773735240,5019.83,5021.83,5019.83,5021.83,114,460.1,5018.024098439604
1773735240.001,5022.025000000001,5023.115,5021.115,5023.115,371,458.8,5018.030101142721
1773735300,5023.36,5024.25,5022.25,5024.25,695,457.5,5018.044179856549
1773735420,5025.33,5026.01,5024.01,5026.01,833,467.1,5018.066292068231
1773735540,5026.36,5027.655,5025.655,5027.655,1144,518.35,5018.103258014207
1773735660,5029.625,5029.625,5027.625,5027.625,615,513.85,5018.125900640463
1773735720,5023.16,5025.075,5023.075,5023.075,367,470.15,5018.133338445887
1773735780,5023.015,5023.435,5021.435,5021.435,463,485,5018.13995806898
1773735840,5020.505,5022.505,5020.505,5022.505,550,468.65,5018.147272130716
1773735900,5023.21,5025.150000000001,5023.150000000001,5025.150000000001,434,470.3,5018.157144396621
1773735960,5025.265,5025.265,5023.265,5023.265,147,449.25,5018.160190271154
1773735960.001,5022.76,5023.24,5021.24,5021.24,448,465.5,5018.166203144447
1773736020,5021.0650000000005,5022.04,5020.04,5020.04,458,454.05,5018.17036462134
1773736080,5019.015,5021.015,5019.015,5021.015,304,463.45,5018.172730117904
1773736140,5021.935,5021.935,5019.935,5019.935,504,464.95,5018.177095904486
1773736260,5019.42,5021.42,5019.42,5021.42,230,470.5,5018.179207318672
1773736320,5021.725,5023.345,5021.345,5021.345,690,490.9,5018.18860714574
1773736500,5019.1050000000005,5021.1050000000005,5019.1050000000005,5021.1050000000005,1372,537.65,5018.199525674228
1773736740,5023.09,5023.09,5021.09,5021.09,411,539.6,5018.204689746285
1773736800,5019.77,5021.77,5019.77,5021.77,111,513.05,5018.205825794977
1773736800.001,5021.825,5023.59,5021.59,5023.59,501,532.4,5018.214156119264
1773736920,5024.17,5025.345,5023.345,5023.345,456,536.65,5018.223459065722
1773737040,5022.2,5022.465,5020.465,5020.465,350,519.4,5018.227036511149
1773737100,5018.685,5020.685,5018.685,5020.685,97,482.6,5018.227646990283
1773737100.001,5021.135,5022.025000000001,5020.025000000001,5020.025000000001,234,437.1,5018.229671102831
1773737160,5019.68,5021.68,5019.68,5021.68,227,417.7,5018.231887619868
1773737220,5022.5650000000005,5024.555,5022.555,5024.555,758,437.25,5018.24688751789
1773737400,5024.79,5024.79,5022.79,5022.79,293,428.75,5018.252222309598
1773737460,5022.685,5023.14,5021.14,5021.14,546,428.55,5018.258991971308
1773737580,5020.945,5022.945,5020.945,5022.945,389,426.3,5018.264438479952
1773737640,5024.51,5025.585,5023.585,5023.585,307,434.3,5018.2708345570545
1773737700,5023.24,5023.63,5021.63,5021.63,330,428.4,5018.275452203528
1773737760,5021.4800000000005,5023.4800000000005,5021.4800000000005,5023.4800000000005,846,447.8,5018.288756729006
1773737940,5025.61,5026.055,5024.055,5024.055,599,462.55,5018.302083029288
1773738060,5023.305,5023.385,5021.385,5021.385,347,454.7,5018.30657737993
1773738180,5020.545,5021.055,5019.055,5021.055,513,468.85,5018.310259794748
1773738300,5021.125,5021.125,5019.125,5019.125,257,447.2,5018.311571415616
1773738360,5017.96,5018.945,5016.945,5018.945,220,389.6,5018.311546242879
1773738420,5019.165,5019.165,5017.165,5017.165,244,381.25,5018.311143498714
1773738480,5016.035,5018.035,5016.035,5018.035,211,386.25,5018.310459746415
1773738540,5018.765,5018.765,5016.765,5016.765,206,371.5,5018.309837963842
1773738600,5016.51,5018.51,5016.51,5018.51,787,388.05,5018.308580362367
1773738720,5019.045,5019.045,5017.045,5017.045,142,377.65,5018.308290159939
1773738720.001,5015.075,5017.075,5015.075,5017.075,142,379.9,5018.307366903936
1773738720.002,5017.53,5018,5016,5016,257,381.05,5018.305925218056
1773738780,5015.25,5015.835,5013.835,5013.835,520,395.7,5018.299173563783
1773738840,5013.265,5014.77,5012.77,5014.77,786,397.1,5018.287947827709
1773738900,5017.415,5017.695,5015.695,5015.695,700,417.45,5018.283368966408
1773739020,5013.93,5015.045,5013.045,5015.045,381,409.2,5018.278323187417
1773739080,5015.505,5015.865,5013.865,5015.865,1173,448.4,5018.266119212581
1773739260,5017.54,5018.22,5016.22,5018.22,583,462.2,5018.264718247819
1773739320,5018.365,5018.55,5016.55,5016.55,663,478.85,5018.262380885109
1773739440,5015.805,5017.595,5015.595,5017.595,349,454,5018.260816595665
1773739500,5018.77,5019.45,5017.45,5019.45,757,461.9,5018.262142198052
1773739680,5019.66,5019.875,5017.875,5017.875,405,464.8,5018.262521079187
1773739740,5017.655,5018.4400000000005,5016.4400000000005,5016.4400000000005,823,480.3,5018.259346131899
1773739860,5016.185,5016.795,5014.795,5014.795,656,500.25,5018.253234101416
1773739980,5014.1900000000005,5015.49,5013.49,5013.49,564,517.45,5018.24555398217
1773740100,5012.91,5014.91,5012.91,5014.91,677,539.1,5018.236567655236
1773740220,5015.585,5016.68,5014.68,5016.68,506,553.85,5018.232842880166
1773740340,5016.85,5016.85,5014.85,5014.85,96,548.35,5018.23197979143
1773740340.001,5014.46,5015.36,5013.36,5013.36,561,537.05,5018.22418540777
1773740400,5011.8550000000005,5013.39,5011.39,5013.39,755,567.7,5018.210498178617
1773740520,5013.875,5014.165,5012.165,5014.165,656,593.4,5018.200332765518
1773740640,5015.28,5015.400000000001,5013.400000000001,5015.400000000001,682,614.65,5018.192574476931
1773740820,5016.0650000000005,5016.0650000000005,5014.0650000000005,5014.0650000000005,66,591.95,5018.191825156262
1773740820.001,5013.9800000000005,5014.955,5012.955,5012.955,1616,633.45,5018.167725538315
1773741240,5012.83,5014.31,5012.31,5012.31,683,632.6,5018.156181776746
1773741360,5010.64,5012.64,5010.64,5012.64,118,619.45,5018.153807264157
1773741360.001,5012.8,5013.485,5011.485,5011.485,1032,612.4,5018.133714787726
1773741540,5010.165,5010.57,5008.57,5010.57,588,612.65,5018.118046651323
1773741600,5011.7,5012.59,5010.59,5012.59,555,607.25,5018.106935614534
1773741660,5013.875,5015.7,5013.7,5015.7,412,610.4,5018.102848588522
1773741720,5016.615,5016.615,5014.615,5014.615,495,597.3,5018.098348660858
1773741780,5008.925,5009.885,5007.885,5007.885,542,604.15,5018.0817044522455
1773741840,5007.3550000000005,5009.3550000000005,5007.3550000000005,5009.3550000000005,450,585.5,5018.068127033636
1773741900,5009.625,5011,5009,5009,734,589.4,5018.048365923118
1773741960,5003.665,5004.64,5002.64,5002.64,583,590.35,5018.020876476122
1773742020,5002.475,5004.475,5002.475,5004.475,186,565.8,5018.0124260940465
1773742020.001,5005.675,5005.735,5003.735,5003.735,733,577.15,5017.980608926013
1773742080,5002.29,5004.29,5002.29,5004.29,536,599.15,5017.956108689725
1773742140,5005.36,5005.36,5003.36,5003.36,177,579.95,5017.9482636387565
1773742140.001,5001.215,5003.215,5001.215,5003.215,591,571.75,5017.919358231678
1773742200,5004.400000000001,5006.01,5004.01,5006.01,525,565.2,5017.898424241369
1773742260,5006.1,5006.1,5004.1,5004.1,254,543.8,5017.887857130036
1773742320,5004.01,5005.97,5003.97,5003.97,929,586.95,5017.84897106531
1773742500,5003.585,5005.585,5003.585,5005.585,114,511.85,5017.844316364006
1773742500.001,5006.28,5006.305,5004.305,5006.305,356,495.5,5017.830610644127
1773742560,5006.995,5006.995,5004.995,5004.995,323,505.75,5017.81822575055
1773742620,5004.645,5006.22,5004.22,5004.22,659,487.1,5017.7914296060835
1773742740,5003.985,5005.985,5003.985,5005.985,127,464.05,5017.786450623494
1773742740.001,5006.475,5006.88,5004.88,5006.88,868,479.7,5017.754962306676
1773742860,5007.02,5008.185,5006.185,5008.185,858,502,5017.72750504877
1773742980,5008.205,5009.12,5007.12,5009.12,1368,545.65,5017.688011987625
1773743160,5009.4400000000005,5009.4400000000005,5007.4400000000005,5007.4400000000005,695,553.3,5017.667328093277
1773743280,5003.915,5004.465,5002.465,5002.465,607,561.15,5017.639973740507
1773743340,5001.77,5003.77,5001.77,5003.77,153,532.1,5017.633081626142
1773743340.001,5003.900000000001,5004.045,5002.045,5004.045,665,536.2,5017.603767013642
1773743400,5008.035,5008.78,5006.78,5008.78,530,553.4,5017.58823764992
1773743460,5009.59,5009.59,5007.59,5007.59,412,537.35,5017.576382920664
1773743520,5005.255,5007.255,5005.255,5007.255,317,526.4,5017.565653031533
1773743580,5007.785,5007.785,5005.785,5005.785,107,522.9,5017.5619909679945
1773743580.001,5004.91,5006.82,5004.82,5004.82,778,532.25,5017.533129966538
1773743640,5004.215,5005.595,5003.595,5003.595,443,528.15,5017.51509294228
1773743700,5002.25,5004.25,5002.25,5004.25,210,525.95,5017.50612303589
1773743760,5004.925,5004.925,5002.925,5002.925,69,482.95,5017.503180064006
1773743760.001,5002.445,5003.425,5001.425,5001.425,879,521.2,5017.461767095777
1773743880,5001.415,5003.025000000001,5001.025000000001,5001.025000000001,509,528.85,5017.43726635676
1773743940,4999.045,4999.555,4997.555,4999.555,420,533.7,5017.413517715214
1773744000,5000.6050000000005,5000.6050000000005,4998.6050000000005,4998.6050000000005,280,514.75,5017.398045957934
1773744060,4997.345,4999.345,4997.345,4999.345,341,525.45,5017.3786235647685
1773744120,4999.655,4999.655,4997.655,4997.655,140,489.05,5017.370509362751
1773744120.001,4992.07,4994.06,4992.06,4994.06,611,476.7,5017.326036284637
1773744180,4996.025000000001,4997.375,4995.375,4997.375,688,442.7,5017.283064779979
1773744240,5000.43,5000.43,4998.43,4998.43,483,432.1,5017.256493609815
1773744300,4996.3550000000005,4998.3550000000005,4996.3550000000005,4998.3550000000005,153,409.4,5017.247441343301
1773744300.001,5000.83,5001.345,4999.345,4999.345,492,426.35,5017.221839794103
1773744360,4998.975,5000.975,4998.975,5000.975,406,413.4,5017.201133707843
1773744420,5001.47,5001.47,4999.47,4999.47,247,399.25,5017.188433679944
1773744480,4998.93,5000.78,4998.78,4998.78,416,399.45,5017.16622303508
1773744540,4998.1900000000005,5000.1900000000005,4998.1900000000005,5000.1900000000005,449,406.05,5017.1424162579515
1773744600,5000.24,5001.485,4999.485,5001.485,309,416.15,5017.127271277892
1773744660,5001.91,5003.74,5001.74,5003.74,485,401.5,5017.106835590923
1773744780,5003.95,5005.005,5003.005,5003.005,571,407.9,5017.083874851724
1773744900,5002.505,5004.495,5002.495,5002.495,324,413.6,5017.070387123238
1773744960,5002.46,5002.93,5000.93,5000.93,215,420.9,5017.060445901018
1773745020,4999.735,5001.17,4999.17,5001.17,617,407.8,5017.029975626539
1773745140,5001.965,5001.965,4999.965,4999.965,717,418.2,5016.994981348432
1773745200,4996.925,4998.925,4996.925,4998.925,356,415,5016.975149609626
1773745260,5000.055,5000.055,4998.055,4998.055,99,405.95,5016.96977840097
1773745260.001,4997.41,4999.41,4997.41,4999.41,374,407.6,5016.9495397226
1773745320,5001.7,5002.2,5000.2,5002.2,822,441.7,5016.91200793061
1773745440,5002.3550000000005,5002.455,5000.455,5000.455,408,431.55,5016.8929499376345
1773745500,5000.2300000000005,5001.895,4999.895,5001.895,513,422.8,5016.869214127764
1773745560,5002.08,5002.08,5000.08,5000.08,254,411.35,5016.857127403991
1773745620,5000.05,5002.05,5000.05,5002.05,59,406.65,5016.854433299597
1773745620.001,5002.17,5004.13,5002.13,5004.13,281,396.1,5016.843338277039
1773745680,5004.215,5005.045,5003.045,5005.045,831,417.35,5016.812870815113
1773745860,5006.16,5006.16,5004.16,5004.16,288,419.4,5016.802725881237
1773745920,5003.8550000000005,5005.325,5003.325,5003.325,311,414.15,5016.7910275547965
1773745980,5002.885,5004.885,5002.885,5004.885,252,404.3,5016.781731771676
1773746040,5005.01,5006.900000000001,5004.900000000001,5006.900000000001,585,418.1,5016.763657753867
1773746160,5007.445,5008.585,5006.585,5008.585,695,428.6,5016.745688596006
1773746280,5010.28,5010.28,5008.28,5008.28,329,416.5,5016.738195733794
1773746340,5007.8,5008.555,5006.555,5008.555,1165,458.55,5016.708190350634
1773746640,5009.8150000000005,5009.8150000000005,5007.8150000000005,5007.8150000000005,519,473.75,5016.695783402642
1773746820,5007.115,5008.295,5006.295,5006.295,1275,506.65,5016.659851361604
1773747240,5004.37,5006.37,5004.37,5006.37,580,499.8,5016.641483988572
1773747360,5006.38,5007.775000000001,5005.775000000001,5007.775000000001,672,515.6,5016.623003667444
1773747480,5008.49,5009.37,5007.37,5009.37,1276,574.45,5016.593959033908
1773747840,5010.08,5011.495,5009.495,5011.495,290,570.25,5016.5891573813515
1773747900,5011.635,5011.635,5009.635,5009.635,246,541.45,5016.584718719571
1773747960,5009.56,5010.79,5008.79,5008.79,1379,590,5016.55662175154
1773748260,5008.295,5009.615,5007.615,5007.615,468,587.75,5016.545566840704
1773748320,5007.425,5007.725,5005.725,5005.725,907,620.4,5016.519345135055
1773748560,5005.4800000000005,5005.6900000000005,5003.6900000000005,5003.6900000000005,432,639.05,5016.504403439577
1773748620,5003.27,5005.27,5003.27,5005.27,385,644.25,5016.491388012247
1773748680,5005.33,5005.33,5003.33,5003.33,359,620.65,5016.4786591363145
1773748740,5002.225,5003.395,5001.395,5001.395,566,634.55,5016.45554045006
1773748800,5001.135,5002.400000000001,5000.400000000001,5000.400000000001,545,646.25,5016.431815499176
1773748860,4999.485,5001.485,4999.485,5001.485,1043,685.8,5016.3858844262695
1773748980,5002.84,5003.955,5001.955,5003.955,425,677.8,5016.370203155154
1773749040,5005.08,5005.08,5003.08,5003.08,376,661.85,5016.356846080826
1773749100,5002.57,5003.59,5001.59,5003.59,463,668.55,5016.339365834398
1773749160,5004.99,5006.62,5004.62,5006.62,969,658.75,5016.311158028831
1773749280,5008.27,5009.26,5007.26,5009.26,1151,690.35,5016.2863400003
1773749400,5010.445,5010.445,5008.445,5008.445,520,652.6,5016.2759318861945
1773749460,5007.51,5009.51,5007.51,5009.51,656,656.4,5016.262354473562
1773749580,5009.53,5009.95,5007.95,5009.95,1191,682.35,5016.239284834071
1773749700,5012.715,5012.715,5010.715,5010.715,429,640,5016.233507886787
1773749760,5008.425,5010.425,5008.425,5010.425,305,640.75,5016.228037701794
1773749820,5010.67,5010.88,5008.88,5010.88,679,662.4,5016.216747057069
1773749940,5013.5,5014.63,5012.63,5014.63,483,617.6,5016.213742065784
1773750000,5016.165,5017.885,5015.885,5017.885,388,613.6,5016.2148170727805
1773750060,5018.085,5018.085,5016.085,5016.085,127,574.6,5016.2150050453265
1773750060.001,5014.925,5016.83,5014.83,5016.83,1201,613.05,5016.2148345163105
1773750300,5017.35,5017.67,5015.67,5017.67,318,609.7,5016.215522932793
1773750360,5018.4400000000005,5019.1,5017.1,5019.1,580,620.75,5016.219048950463
1773750480,5020.63,5021,5019,5021,704,627.65,5016.2269732660325
1773750600,5021.995,5022.135,5020.135,5020.135,380,619.4,5016.23172431071
1773750660,5019.995,5021.995,5019.995,5021.995,312,582.85,5016.236066505194
1773750720,5022.875,5022.875,5020.875,5020.875,107,566.95,5016.237616266374
1773750720.001,5020.745,5022.265,5020.265,5022.265,464,571.35,5016.244397950988
1773750780,5022.925,5022.925,5020.925,5020.925,599,578.15,5016.253116553297
1773750840,5019.95,5021.95,5019.95,5021.95,663,562.85,5016.262178159985
1773750900,5023.935,5023.935,5021.935,5021.935,641,537.35,5016.273200187517
1773750960,5019.36,5020.08,5018.08,5018.08,545,538.6,5016.27685117426
1773751020,5017.650000000001,5018.435,5016.435,5016.435,939,552.75,5016.2789434891665
1773751140,5016.02,5018.02,5016.02,5018.02,1204,553.4,5016.282426723827
1773751320,5018.525000000001,5018.5650000000005,5016.5650000000005,5016.5650000000005,1056,584.75,5016.285118265425
1773751500,5016.325,5016.505,5014.505,5014.505,396,589.3,5016.283935588394
1773751560,5013.84,5014.035,5012.035,5012.035,286,569.65,5016.281189649799
1773751620,5011.67,5012.645,5010.645,5010.645,336,562.3,5016.276718392546
1773751680,5010,5012,5010,5012,514,568.6,5016.269923761291
1773751740,5013.275000000001,5013.275000000001,5011.275000000001,5011.275000000001,292,576.85,5016.266546728695
1773751800,5011.1050000000005,5012.725,5010.725,5010.725,431,538.35,5016.260939081352
1773751860,5009.63,5011.63,5009.63,5011.63,298,537.35,5016.2567290036595
1773751920,5013.045,5013.6,5011.6,5013.6,358,526.25,5016.253559108819
1773751980,5014.29,5014.29,5012.29,5012.29,216,501.85,5016.251662890007
1773752040,5011.895,5013.7,5011.7,5013.7,554,510.55,5016.246922325979
1773752160,5013.77,5013.77,5011.77,5011.77,430,516.45,5016.242571055625
1773752220,5011.225,5012.91,5010.91,5010.91,1516,586.9,5016.22386063734
1773752400,5010.22,5012.22,5010.22,5012.22,807,604.05,5016.213912040278
1773752460,5015.26,5017.185,5015.185,5017.185,1677,657.95,5016.215253607195
1773752580,5017.28,5017.28,5015.28,5015.28,297,639.65,5016.215044144462
1773752580.001,5014.24,5015.36,5013.36,5015.36,767,645.95,5016.211985569535
1773752640,5017.150000000001,5017.97,5015.97,5015.97,1095,673.45,5016.2132007037835
1773752760,5013.595,5015.475,5013.475,5013.475,434,648.2,5016.210854116153
1773752820,5013.400000000001,5015.400000000001,5013.400000000001,5015.400000000001,108,593.4,5016.210437736095
1773752820.001,5016.1,5016.11,5014.11,5014.11,688,575,5016.207868394437
1773752880,5013.635,5014.8550000000005,5012.8550000000005,5012.8550000000005,1079,609.15,5016.200340130668
1773753000,5012.38,5014.38,5012.38,5014.38,434,616.55,5016.197539781584
1773753060,5017.82,5018.21,5016.21,5016.21,614,630.45,5016.198619905265
1773753180,5015.7300000000005,5017.41,5015.41,5017.41,388,624.15,5016.19916681762
1773753300,5017.595,5018.7300000000005,5016.7300000000005,5018.7300000000005,522,635.65,5016.201681521702
1773753420,5019.67,5019.67,5017.67,5017.67,271,627.65,5016.203175663406
1773753480,5015.42,5016.11,5014.11,5016.11,259,625.7,5016.202667784111
1773753540,5018.78,5018.78,5016.78,5016.78,189,617.25,5016.203274251256
1773753600,5015.14,5017.14,5015.14,5017.14,62,609.55,5016.203317433629
1773753600.001,5018.400000000001,5018.400000000001,5016.400000000001,5016.400000000001,316,597.65,5016.204020466821
1773753660,5013.755,5014.77,5012.77,5012.77,363,594.3,5016.20143423476
1773753720,5012.43,5014.43,5012.43,5014.43,198,528.4,5016.200192034209
1773753780,5015.150000000001,5016,5014,5014,260,501.05,5016.199166739528
1773753840,5013.455,5014.575,5012.575,5012.575,382,436.3,5016.19626441403
1773753900,5012.285,5014.145,5012.145,5012.145,393,441.1,5016.192850761146
1773753960,5011.71,5013.71,5011.71,5013.71,248,415.15,5016.19084749284
1773754020,5014.81,5014.81,5012.81,5012.81,75,364.15,5016.190325505543
1773754020.001,5012.650000000001,5012.650000000001,5010.650000000001,5010.650000000001,476,366.25,5016.184384058901
1773754140,5010.505,5012.505,5010.505,5012.505,96,365.65,5016.183315768363
1773754140.001,5012.86,5013.09,5011.09,5013.09,709,366.7,5016.176502308363
1773754200,5016.655,5017,5015,5017,543,339.9,5016.176719661124
1773754260,5017.75,5019.24,5017.24,5019.24,673,351.85,5016.180829275752
1773754320,5026.63,5027.205,5025.205,5025.205,928,367.55,5016.203689033046
1773754380,5022.375,5024.375,5022.375,5024.375,918,394.05,5016.221160239164
1773754440,5025.545,5025.545,5023.545,5023.545,986,417.25,5016.241090671303
1773754500,5018.09,5019.900000000001,5017.900000000001,5019.900000000001,1058,456.6,5016.249077735591
1773754560,5020.975,5021.035,5019.035,5019.035,729,480.1,5016.255416127334
1773754620,5017.905,5019.905,5017.905,5019.905,715,506.4,5016.260777458531
1773754680,5022.735,5023.415,5021.415,5023.415,596,533.1,5016.270482616101
1773754740,5025.75,5027.7,5025.7,5027.7,613,547.95,5016.287017277418
1773754800,5029.41,5029.41,5027.41,5027.41,238,541.7,5016.294045190723
1773754800.001,5025.145,5025.6,5023.6,5023.6,905,577.05,5016.312075989416
1773754860,5022.705,5024.705,5022.705,5024.705,333,580.7,5016.318500164799
1773754860.001,5030.585,5030.585,5028.585,5028.585,1009,612.05,5016.351001951834
1773754920,5027.85,5029.85,5027.85,5029.85,1501,667.45,5016.398796339493
1773754980,5031.59,5031.59,5029.59,5029.59,275,668.8,5016.408246160436
1773754980.001,5029.585,5029.61,5027.61,5027.61,1140,722.05,5016.441701560348
1773755040,5026.335,5027.63,5025.63,5025.63,1394,767.95,5016.47555415097
1773755100,5024.58,5025.03,5023.03,5025.03,766,801.45,5016.490414827133
1773755160,5026.18,5026.205,5024.205,5024.205,1064,819.2,5016.51229095884
1773755220,5022.715,5024.715,5022.715,5024.715,946,839.35,5016.529739045025
1773755280,5027.3150000000005,5027.3150000000005,5025.3150000000005,5025.3150000000005,212,816.3,5016.534640717613
1773755280.001,5023.66,5025.185,5023.185,5025.185,414,790.6,5016.542717764502
1773755340,5025.3150000000005,5025.3150000000005,5023.3150000000005,5023.3150000000005,934,791.4,5016.559657896685
1773755400,5019.495,5021.285,5019.285,5019.285,1102,797.2,5016.56874722088
1773755460,5016.225,5017.35,5015.35,5015.35,1357,812.15,5016.566931518538
1773755520,5010.645,5012.645,5010.645,5012.645,1102,830.8,5016.554708862087
1773755580,5013.745,5013.745,5011.745,5011.745,371,813.6,5016.550996862129
1773755580.001,5005.59,5007.59,5005.59,5007.59,371,802.35,5016.542378582643
1773755580.002,5009.12,5010.57,5008.57,5010.57,974,820.4,5016.5268128018
1773755640,5013.84,5014.41,5012.41,5014.41,768,846.9,5016.521676465784
1773755700,5015.405,5015.915,5013.915,5013.915,747,839,5016.518200704658
1773755760,5013.785,5015.265,5013.265,5015.265,923,868.5,5016.513960000544
1773755820,5017.985,5017.985,5015.985,5015.985,533,844.7,5016.514135426403
1773755880,5015.265,5017.265,5015.265,5017.265,146,776.95,5016.514164797088
1773755880.001,5017.285,5017.575,5015.575,5017.575,900,808.2,5016.515010565601
1773756000,5018.015,5018.015,5016.015,5016.015,203,761.35,5016.515091183999
1773756000.001,5013.025000000001,5015.025000000001,5013.025000000001,5015.025000000001,1215,752.4,5016.508864755823
1773756060,5017.49,5017.49,5015.49,5015.49,1367,782.45,5016.507724483772
1773756120,5010.7,5012.7,5010.7,5012.7,895,774,5016.498260143427
1773756180,5012.915,5012.915,5010.915,5010.915,275,740.45,5016.495066781139
1773756180.001,5009.5,5011.5,5009.5,5011.5,1233,791.5,5016.478626819522
1773756240,5012.24,5012.24,5010.24,5010.24,1033,822.45,5016.465104804886
1773756300,5010.0650000000005,5012.0650000000005,5010.0650000000005,5012.0650000000005,357,793.6,5016.460858916971
1773756300.001,5012.645,5014.175,5012.175,5012.175,1466,811.8,5016.448447461561
1773756360,5011.6900000000005,5012.785,5010.785,5012.785,1412,814.55,5016.434192074747
1773756420,5014.22,5015.685,5013.685,5015.685,1515,835.2,5016.429208440402
1773756480,5020.675,5020.675,5018.675,5018.675,389,836.1,5016.431838288036
1773756480.001,5018.305,5018.915,5016.915,5016.915,1010,868.05,5016.4345277083685
1773756540,5016.585,5018.53,5016.53,5018.53,1050,871.85,5016.437993576105
1773756600,5018.63,5018.63,5016.63,5016.63,1129,889.9,5016.440227354422
1773756660,5015.015,5017.015,5015.015,5017.015,924,898.75,5016.440032121146
1773756720,5018.81,5018.81,5016.81,5016.81,714,888.3,5016.4417311709485
1773756780,5016.16,5018.16,5016.16,5018.16,252,874.25,5016.442339142246
1773756780.001,5020.1050000000005,5020.215,5018.215,5018.215,897,911.8,5016.4473487164005
1773756840,5017.6,5018.345,5016.345,5016.345,1277,930.65,5016.448993789229
1773756900,5014.39,5016.33,5014.33,5014.33,1450,993,5016.444202331711
1773756960,5013.875,5015.5650000000005,5013.5650000000005,5013.5650000000005,1258,995.15,5016.437887456024
1773757020,5012.185,5013.3550000000005,5011.3550000000005,5013.3550000000005,1266,990.1,5016.427148511791
1773757080,5015.92,5016.86,5014.86,5014.86,1213,1006,5016.424684210092
1773757140,5011.765,5013.5,5011.5,5013.5,1001,1042.3,5016.416591940466
1773757200,5013.86,5013.86,5011.86,5011.86,871,1024.2,5016.4089801437085
1773757260,5010.925,5012.925,5010.925,5012.925,212,983.15,5016.407004208892
1773757260.001,5013.025000000001,5014.6,5012.6,5012.6,812,1005.9,5016.401288604374
1773757320,5012.3550000000005,5013.68,5011.68,5011.68,998,982.5,5016.39223877693
1773757380,5009.09,5011.09,5009.09,5011.09,833,953.55,5016.381139600123
1773757440,5012.395,5012.395,5010.395,5010.395,196,887.6,5016.378813192731
1773757440.001,5009.68,5010.18,5008.18,5008.18,964,916.35,5016.362646405272
1773757500,5007.5650000000005,5009.14,5007.14,5009.14,1210,926.35,5016.341448934879
1773757560,5011.955,5011.955,5009.955,5009.955,719,909.8,5016.332331450357
1773757620,5009.5650000000005,5010.585,5008.585,5008.585,348,870.75,5016.326872803626
1773757680,5008.36,5009.0650000000005,5007.0650000000005,5007.0650000000005,399,844.5,5016.319282184536
1773757740,5006.895,5008.895,5006.895,5008.895,292,823.4,5016.3140564213945
1773757800,5009.900000000001,5009.900000000001,5007.900000000001,5007.900000000001,91,815.35,5016.312497311227
1773757800.001,5007.11,5007.91,5005.91,5005.91,817,811.35,5016.294938661592
1773757860,5002.965,5004.965,5002.965,5004.965,794,787.2,5016.27394856765
1773757920,5009.61,5009.68,5007.68,5009.68,552,742.3,5016.265127522273
1773757980,5009.87,5009.87,5007.87,5007.87,748,716.8,5016.252425064088
1773758040,5007.7300000000005,5009.7300000000005,5007.7300000000005,5009.7300000000005,915,699.25,5016.238000058477
1773758100,5011.36,5012.955,5010.955,5012.955,517,664.45,5016.233527255482
1773758160,5013.35,5013.35,5011.35,5011.35,141,621.45,5016.2322252793565
1773758160.001,5008.96,5010.895,5008.895,5010.895,819,618.85,5016.2214771405825
1773758220,5012.35,5012.35,5010.35,5010.35,980,657.25,5016.21035167542
1773758280,5007.375,5009.1900000000005,5007.1900000000005,5009.1900000000005,737,653.5,5016.198014520621
1773758340,5009.765,5010.38,5008.38,5010.38,649,636.05,5016.188862656153
1773758400,5011.165,5011.165,5009.165,5009.165,534,621.1,5016.181489064391
1773758460,5008.235,5010.235,5008.235,5010.235,398,631.2,5016.175777056794
1773758520,5010.795,5012.06,5010.06,5012.06,457,605.85,5016.171038648129
1773758580,5014.26,5014.76,5012.76,5012.76,720,581.35,5016.166761399263
1773758700,5012.66,5014.66,5012.66,5014.66,129,551.85,5016.16615465906
1773758700.001,5015.205,5015.945,5013.945,5015.945,524,560.65,5016.165149042411
1773758820,5017.875,5019.3150000000005,5017.3150000000005,5019.3150000000005,492,565.3,5016.167787122769
1773758940,5019.325,5019.72,5017.72,5017.72,364,568.9,5016.169529763497
1773759000,5016.87,5017.68,5015.68,5015.68,562,592.45,5016.169744295366
1773759120,5014.14,5014.4400000000005,5012.4400000000005,5012.4400000000005,573,580.25,5016.165966633018
1773759180,5010.86,5011.13,5009.13,5009.13,707,575.9,5016.156289175718
1773759240,5008.6900000000005,5010.6900000000005,5008.6900000000005,5010.6900000000005,339,565.25,5016.151824361421
1773759300,5010.755,5011.615,5009.615,5009.615,1082,581.95,5016.138216090791
1773759360,5008.76,5009.955,5007.955,5009.955,680,570.2,5016.128250898372
1773759420,5010.995,5010.995,5008.995,5008.995,347,561.7,5016.123453831616
1773759480,5008.78,5010.78,5008.78,5010.78,94,559.35,5016.122246309436
1773759480.001,5011.33,5011.33,5009.33,5009.33,448,540.8,5016.116386363247
1773759540,5007.3,5008.33,5006.33,5008.33,724,528,5016.103338190855
1773759600,5010.415,5011.67,5009.67,5011.67,894,535.85,5016.093635802941
1773759660,5015.5,5015.81,5013.81,5015.81,630,534.9,5016.092363498357
1773759720,5016.3550000000005,5016.79,5014.79,5016.79,361,526.25,5016.092387239507
1773759780,5017.38,5017.38,5015.38,5015.38,114,512.05,5016.09237617411
1773759780.001,5014.28,5015.71,5013.71,5015.71,397,509.05,5016.09149275181
1773759840,5016.33,5016.33,5014.33,5014.33,313,488.7,5016.090766335058
1773759900,5012.77,5014.77,5012.77,5014.77,649,514.7,5016.0880358707855
1773759960,5017.39,5017.650000000001,5015.650000000001,5015.650000000001,845,530.75,5016.088444109869
1773760020,5014.775000000001,5015.245,5013.245,5013.245,1180,565.15,5016.083029868366
1773760080,5008.2,5010.2,5008.2,5010.2,984,596.15,5016.069473042646
1773760140,5011.785,5011.785,5009.785,5009.785,598,597.95,5016.062415333852
1773760200,5008.325,5010.325,5008.325,5010.325,188,578.7,5016.059886973203
1773760200.001,5011.400000000001,5011.715,5009.715,5009.715,482,567.45,5016.054145224376
1773760260,5008.245,5010.245,5008.245,5010.245,436,572.3,5016.048227311505
1773760320,5011.92,5011.9400000000005,5009.9400000000005,5009.9400000000005,417,539.05,5016.0434754041735
1773760380,5009.135,5010.835,5008.835,5008.835,379,524,5016.038287392666
1773760440,5007.6050000000005,5009.6050000000005,5007.6050000000005,5009.6050000000005,299,521.6,5016.033848046905
1773760500,5011.625,5012.6900000000005,5010.6900000000005,5012.6900000000005,424,538.1,5016.030295226019
1773760560,5014.150000000001,5014.975,5012.975,5012.975,1101,570.75,5016.024813145644
1773760680,5008.7,5010.7,5008.7,5010.7,133,541.2,5016.0231525082545
1773760680.001,5010.89,5012.27,5010.27,5012.27,981,545.55,5016.0141352267
1773760800,5014.485,5014.485,5012.485,5012.485,170,522.55,5016.0131235581475
1773760800.001,5012.22,5012.305,5010.305,5010.305,696,539.3,5016.0058392896335
1773760860,5005.725,5007.725,5005.725,5007.725,936,580.4,5015.988487054163
1773760920,5008.845,5009.2,5007.2,5007.2,1053,613.2,5015.970805808932
1773761040,5007.045,5009.045,5007.045,5009.045,765,635.8,5015.958816630442
1773761100,5009.6,5009.6,5007.6,5007.6,793,643,5015.946246048431
1773761160,5004.1,5005.435,5003.435,5003.435,978,649.65,5015.922421837082
1773761220,5000.8550000000005,5001.11,4999.11,4999.11,849,633.1,5015.894278964108
1773761280,4995.895,4997.895,4995.895,4997.895,195,593.65,5015.886809092254
1773761280.001,4999.06,4999.945,4997.945,4997.945,500,588.75,5015.869100877734
1773761340,4993.905,4995.905,4993.905,4995.905,1112,634.95,5015.8221747899315
1773761400,5000.075,5000.465,4998.465,4998.465,1011,661.4,5015.787730462652
1773761460,4998.195,4999.255,4997.255,4999.255,997,689.45,5015.752798544962
1773761520,5000.67,5000.67,4998.67,4998.67,1132,725.2,5015.715029937564
1773761580,4997.205,4998.345,4996.345,4996.345,1235,768,5015.66820128641
1773761640,4992.27,4994.27,4992.27,4994.27,788,792.45,5015.63300804377
1773761700,4995.765,4995.765,4993.765,4993.765,237,783.1,5015.622842394251
1773761700.001,4990.63,4992.63,4990.63,4992.63,1304,793.25,5015.560589071299
1773761760,4992.975,4992.975,4990.975,4990.975,534,813.3,5015.534843983268
1773761760.001,4982.43,4984.43,4982.43,4984.43,1580,843.25,5015.433982450007
1773761820,4990.39,4990.39,4988.39,4988.39,1315,900.5,5015.3644734548125
1773761880,4983.34,4984.925,4982.925,4982.925,1265,928.95,5015.284133565337
1773761940,4981.99,4982.5,4980.5,4980.5,1249,944.6,5015.199168296676
1773762000,4978.135,4980.135,4978.135,4980.135,1106,947.25,5015.1205463419265
1773762060,4980.935,4980.935,4978.935,4978.935,397,928.85,5015.09251444899
1773762060.001,4973.72,4975.72,4973.72,4975.72,397,909.05,5015.060940003033
1773762060.002,4976.68,4978.68,4976.68,4978.68,1206,920.45,5014.972402274638
1773762120,4981.72,4981.72,4979.72,4979.72,401,898.05,5014.944941212344
1773762120.001,4979.265,4980.14,4978.14,4980.14,856,931.1,5014.884921333981
1773762180,4981.835,4983.35,4981.35,4983.35,1391,975.65,5014.796623022561
1773762240,4985.535,4986.005,4984.005,4986.005,1255,982.8,5014.723924407781
1773762300,4988.775000000001,4990.34,4988.34,4990.34,1224,993.45,5014.663775155431
1773762360,4992.33,4992.37,4990.37,4990.37,799,983.55,5014.626800169615
1773762420,4990.015,4992.015,4990.015,4992.015,245,939.2,5014.615635065751
1773762420.001,4994.495,4994.495,4992.495,4992.495,813,918.1,5014.581543274545
1773762480,4991.12,4992.865,4990.865,4992.865,962,926.8,5014.539535154956
1773762600,4992.955,4993.16,4991.16,4993.16,619,945.9,5014.512944068157
1773762660,4994.6,4995.47,4993.47,4995.47,672,914.3,5014.487169542857
1773762720,4996,4996.255,4994.255,4996.255,904,932.8,5014.453981357012
1773762780,4997.66,4997.66,4995.66,4995.66,953,901.45,5014.420484571091
1773762840,4995.205,4996.4400000000005,4994.4400000000005,4996.4400000000005,1732,922.3,5014.358070705861
1773762960,4998.405,4998.405,4996.405,4996.405,278,872.95,5014.3487888056
1773762960.001,4995.515,4996.57,4994.57,4996.57,872,854.1,5014.31777447088
1773763020,4996.6,4997.67,4995.67,4997.67,866,842.1,5014.288910347354
1773763080,4999.1050000000005,4999.1050000000005,4997.1050000000005,4997.1050000000005,835,864,5014.262403471749
1773763140,4996.56,4998.56,4996.56,4998.56,960,892.15,5014.232257507568
1773763200,4999.28,4999.475,4997.475,4997.475,928,878.25,5014.203663078017
1773763260,4996.115,4998.115,4996.115,4998.115,639,890.15,5014.183185235409
1773763320,4998.375,4998.375,4996.375,4996.375,207,857.7,5014.176401356408
1773763320.001,4993.145,4994.28,4992.28,4994.28,1109,843.6,5014.132894463554
1773763380,4995.255,4995.39,4993.39,4995.39,1710,866.35,5014.06977898087
1773763500,4998.165,4998.165,4996.165,4996.165,639,837.1,5014.048857749642
1773763560,4995.02,4995.1900000000005,4993.1900000000005,4993.1900000000005,821,838.2,5014.017420351445
1773763620,4991.705,4993.705,4991.705,4993.705,223,837.1,5014.008552307837
1773763620.001,4993.735,4995.365,4993.365,4993.365,996,846.25,5013.970907565282
1773763680,4992.43,4994.045,4992.045,4994.045,1209,858.6,5013.92391145907
1773763740,4994.595,4995.345,4993.345,4995.345,937,874.5,5013.889931096253
1773763800,4995.775000000001,4997.215,4995.215,4997.215,843,883.05,5013.862427795598
1773763860,4998.995,4998.995,4996.995,4996.995,686,872.15,5013.841546015032
1773763920,4996.375,4997.85,4995.85,4995.85,1273,888.15,5013.800206147273
1773764040,4994.46,4995.515,4993.515,4993.515,790,841.05,5013.77119789288
1773764100,4993.365,4995.150000000001,4993.150000000001,4995.150000000001,917,873,5013.738150548423
1773764160,4995.3,4996.85,4994.85,4996.85,913,875.05,5013.708254764844
1773764220,4998.345,5000.3150000000005,4998.3150000000005,5000.3150000000005,927,878.1,5013.683985580244
1773764280,5003.095,5003.095,5001.095,5001.095,467,859.7,5013.673627180122
1773764340,5001.085,5001.18,4999.18,4999.18,468,835.1,5013.66159872993
1773764340.001,4998.195,5000.195,4998.195,5000.195,234,800.4,5013.655453946104
1773764340.002,5000.935,5001.67,4999.67,5001.67,325,784.7,5013.647818529281
1773764400,5002.575,5002.575,5000.575,5000.575,542,801.45,5013.635345108397
1773764460,4999.5,5000.585,4998.585,5000.585,1755,833.75,5013.590833401129
1773764640,5002.325,5004.16,5002.16,5004.16,554,775.95,5013.58050063479
1773764700,5004.225,5004.225,5002.225,5002.225,1399,813.95,5013.552950723276
1773764880,5002,5004,5002,5004,786,812.2,5013.538173225454
1773764940,5005.68,5005.96,5003.96,5005.96,818,841.95,5013.525784512545
1773765000,5006.03,5006.03,5004.03,5004.03,685,826.4,5013.5146888709905
1773765060,5002.32,5003.74,5001.74,5003.74,1630,847.45,5013.483557930799
1773765180,5005.825,5005.825,5003.825,5003.825,618,831.5,5013.473404878663
1773765240,5002.185,5004.025000000001,5002.025000000001,5004.025000000001,650,821.85,5013.461406461764
1773765300,5004.25,5004.25,5002.25,5002.25,1055,840.3,5013.441143887277
1773765420,5001.13,5002.5,5000.5,5002.5,392,796.25,5013.432861935365
1773765480,5002.81,5002.81,5000.81,5000.81,266,770.05,5013.427076170898
1773765540,5000.49,5001.985,4999.985,4999.985,267,737.55,5013.420873748981
1773765600,4999.89,5001.865,4999.865,5001.865,1773,780.55,5013.381595912818
1773765780,5002.39,5002.445,5000.445,5002.445,1164,792.4,5013.357167505593
1773765900,5003.24,5003.31,5001.31,5001.31,614,799.75,5013.344543134062
1773765960,4999.215,5000.925,4998.925,4998.925,1585,855.6,5013.305273127863
1773766140,4998.785,5000.785,4998.785,5000.785,1371,912.45,5013.272783232906
1773766260,5002.02,5002.02,5000.02,5000.02,153,903.85,5013.26932359525
1773766260.001,4999.45,5000.3,4998.3,4998.3,1351,944.3,5013.234692464673
1773766380,4997.6050000000005,4999.6050000000005,4997.6050000000005,4999.6050000000005,783,895.7,5013.214658228723
1773766440,5000.755,5001.765,4999.765,5001.765,1483,942.15,5013.18258471982
1773766560,5003.41,5003.875,5001.875,5001.875,1905,967.45,5013.146524013847
1773766740,5001.625,5003.47,5001.47,5003.47,1618,1009.05,5013.116838473891
1773766860,5004.45,5005.465,5003.465,5005.465,864,1011.35,5013.10410913494
1773766920,5005.97,5006.435,5004.435,5006.435,830,1018.6,5013.093341185542
1773766980,5006.545,5006.545,5004.545,5004.545,763,975.25,5013.08272016458
1773767040,5004.495,5005.24,5003.24,5003.24,1283,1008.5,5013.061974715062
1773767160,5003.02,5004.945,5002.945,5004.945,1065,1029.25,5013.045521522029
1773767280,5006.045,5006.09,5004.09,5004.09,1784,1065.7,5013.019594371322
1773767460,5003.74,5005.55,5003.55,5003.55,1189,1105.55,5013.001280930136
1773767580,5003.26,5004.33,5002.33,5002.33,3616,1273.05,5012.938380927047
1773767940,5002.075,5004.075,5002.075,5004.075,156,1267.5,5012.935796740959
1773767940.001,5004.445,5005.645,5003.645,5005.645,1379,1247.8,5012.916768297089
1773768060,5006.49,5007.235,5005.235,5007.235,1325,1255.85,5012.902215374927
1773768180,5007.34,5008.6900000000005,5006.6900000000005,5008.6900000000005,757,1263,5012.895833982707
1773768240,5008.8,5008.8,5006.8,5006.8,294,1198.45,5012.893077474814
1773768240.001,5005.995,5007.81,5005.81,5007.81,1002,1180,5012.883145306483
1773768300,5008.085,5008.32,5006.32,5008.32,1262,1235.45,5012.871791815537
1773768420,5008.49,5008.49,5006.49,5006.49,857,1210.75,5012.863378817704
1773768480,5006.425,5007.25,5005.25,5005.25,1041,1223.65,5012.850979483407
1773768540,5001.2300000000005,5003.2300000000005,5001.2300000000005,5003.2300000000005,873,1193.15,5012.835603283957
1773768600,5003.36,5004.5,5002.5,5004.5,572,1126.5,5012.82679600591
1773768660,5004.59,5005.025000000001,5003.025000000001,5003.025000000001,1047,1097.95,5012.810466313591
1773768780,5002.32,5004.32,5002.32,5004.32,532,1081.35,5012.802156457873
1773768840,5004.49,5005.64,5003.64,5005.64,1382,1108.95,5012.78374431823
1773769020,5006.58,5006.58,5004.58,5004.58,883,1114.95,5012.772435653664
1773769140,5003.2300000000005,5004.245,5002.245,5002.245,591,1080.35,5012.762543064352
1773769200,5000.68,5002.2300000000005,5000.2300000000005,5002.2300000000005,644,1059.3,5012.750313515096
1773769320,5002.29,5002.29,5000.29,5000.29,501,995.15,5012.740303049813
1773769380,4997.965,4999.225,4997.225,4997.225,1244,997.9,5012.709073838635
1773769500,4996.84,4998.695,4996.695,4998.695,715,852.85,5012.691348954665
1773769560,4998.81,4999.335,4997.335,4999.335,546,872.35,5012.67843190794
1773769620,4999.375,5000.95,4998.95,5000.95,2131,909.95,5012.634029751098
1773769920,5002.41,5003.38,5001.38,5003.38,1480,917.7,5012.6094093360825
1773770160,5003.875,5003.875,5001.875,5001.875,978,928.75,5012.592925783502
1773770280,5001.33,5003.245,5001.245,5001.245,1479,988,5012.566544464613
1773770460,5000.92,5002.92,5000.92,5002.92,685,972.15,5012.554760434493
1773770520,5003.835,5005.795,5003.795,5005.795,1467,982.4,5012.5366320974945
1773770640,5006.33,5007.405,5005.405,5007.405,1655,1022.3,5012.520708097696
1773770820,5007.5650000000005,5007.615,5005.615,5005.615,698,1005.15,5012.513489977158
1773770940,5005.5650000000005,5007.005,5005.005,5007.005,312,977.1,5012.51029822707
1773771000,5007.275000000001,5008.145,5006.145,5008.145,2819,1089.45,5012.486907941202
1773771540,5008.545,5008.725,5006.725,5006.725,813,1077.75,5012.480086496965
1773771660,5006.375,5008.375,5006.375,5008.375,388,1070.55,5012.477039631105
1773771720,5009.0650000000005,5009.21,5007.21,5007.21,1128,1057.85,5012.468515691988
1773771840,5006.705,5007.38,5005.38,5005.38,2087,1118.05,5012.446575801576
1773772020,5004.735,5006.53,5004.53,5004.53,1603,1168.65,5012.427600886244
1773772140,5004.075,5004.38,5002.38,5002.38,749,1173.9,5012.416142831595
1773772200,5000.14,5002.14,5000.14,5002.14,444,1171.05,5012.408225470465
1773772260,5002.645,5002.645,5000.645,5000.645,500,1133.85,5012.39919161246
1773772320,4999.935,5001.935,4999.935,5001.935,117,1103.95,5012.397071559424
1773772320.001,5002.8,5003.4800000000005,5001.4800000000005,5003.4800000000005,756,1114.45,5012.385291301784
1773772440,5004,5004.525000000001,5002.525000000001,5004.525000000001,626,1039.2,5012.376621190021
1773772560,5004.81,5004.81,5002.81,5002.81,354,982.9,5012.371506755213
1773772620,5002.415,5003.7,5001.7,5003.7,1575,1012.75,5012.347692328658
1773772920,5003.915,5004.965,5002.965,5004.965,1429,1010.25,5012.329110543189
1773773160,5006.175,5007.835,5005.835,5007.835,583,1005.15,5012.324254654174
1773773220,5007.9800000000005,5008.0650000000005,5006.0650000000005,5008.0650000000005,2838,1073.7,5012.301795144293
1773773580,5008.45,5008.45,5006.45,5006.45,162,999.05,5012.300445989029
1773773580.001,5006.095,5007.57,5005.57,5005.57,1117,1020,5012.28958659734
1773773700,5005.045,5005.745,5003.745,5003.745,2111,1109.95,5012.2630135515365
1773773940,5003.485,5003.89,5001.89,5001.89,402,989.1,5012.256782741302
1773774000,5001.095,5003.095,5001.095,5003.095,612,979.05,5012.247187080738
1773774120,5003.53,5004.245,5002.245,5004.245,312,975.25,5012.242874486373
1773774180,5004.395,5005.75,5003.75,5003.75,900,963.85,5012.231659637071
1773774360,5002.585,5004.245,5002.245,5004.245,1218,920.4,5012.214910651429
1773774540,5004.505,5004.505,5002.505,5002.505,1035,892,5012.200061247444
1773774720,5002.145,5002.655,5000.655,5000.655,579,883.5,5012.1900776045295
1773774840,5000.515,5002.515,5000.515,5002.515,795,901.05,5012.177062140049
1773774960,5002.72,5002.72,5000.72,5000.72,372,894.65,5012.170711414142
1773775020,5000.705,5001.805,4999.805,4999.805,1191,948.35,5012.148708122712
1773775200,4999.400000000001,5001.13,4999.13,4999.13,2125,1016.8,5012.107396882255
1773775500,4999.015,5000.295,4998.295,5000.295,1635,1067.25,5012.075367085341
1773775680,5000.475,5000.875,4998.875,4998.875,2053,1152.2,5012.035102311407
1773775920,4998.06,5000.06,4998.06,5000.06,125,1079.7,5012.03263007539
1773775920.001,5000.25,5000.25,4998.25,4998.25,1075,1062,5012.010608370738
1773776040,4996.445,4998.445,4996.445,4998.445,215,1043.6,5012.005830776643
1773776040.001,4999.31,5001.31,4999.31,5001.31,644,933.9,5011.994417255088
1773776100,5001.6050000000005,5002.095,5000.095,5000.095,1281,989.85,5011.9720182689325
1773776220,4999.765,5001.51,4999.51,5001.51,983,983.15,5011.955015234526
1773776340,5001.7,5002.16,5000.16,5002.16,1244,939.8,5011.934826362655
1773776460,5002.85,5003.865,5001.865,5001.865,1656,1002.5,5011.9107322981845
1773776640,5001.81,5003.36,5001.36,5001.36,1202,1032,5011.892383440386
1773776760,5001.005,5001.92,4999.92,4999.92,1296,1081.2,5011.869799296013
1773776880,4999.1050000000005,5001.1050000000005,4999.1050000000005,5001.1050000000005,724,1072.4,5011.857056736877
1773776940,5001.795,5002.04,5000.04,5000.04,1731,1098.05,5011.827418839193
1773777060,4999.6900000000005,5001.415,4999.415,5001.415,553,1073.95,5011.818018994328
1773777120,5001.725,5002.295,5000.295,5000.295,1473,1118.65,5011.7935397531965
1773777240,4999.89,5001.85,4999.85,4999.85,2627,1210.25,5011.748373184973
1773777420,4999.845,5000.16,4998.16,5000.16,2205,1301.9,5011.70731175492
1773777540,5000.47,5002,5000,5002,480,1266.35,5011.699750729856
1773777600,5002.055,5002.775000000001,5000.775000000001,5002.775000000001,509,1185.55,5011.692343443307
1773777840,5004.14,5005.285,5003.285,5005.285,322,1119.9,5011.6888890801365
1773777960,5006.035,5006.645,5004.645,5004.645,456,1040.05,5011.684482084411
1773778260,5004.495,5005.075,5003.075,5003.075,864,1077,5011.674095657761
1773778860,5002.775000000001,5004.24,5002.24,5004.24,788,1062.65,5011.6644459888785
1773779400,5004.64,5005.43,5003.43,5003.43,561,1079.95,5011.6580335465005
1773779700,5003.12,5005.12,5003.12,5005.12,1138,1104.65,5011.6456710981165
1773780300,5005.715,5005.75,5003.75,5003.75,581,1069.65,5011.639343765771
1773780540,5002.81,5004.255,5002.255,5002.255,426,1041.8,5011.63375265913
1773780780,5001.68,5003.615,5001.615,5003.615,442,1001.7,5011.627976866974
1773781020,5003.925,5005.495,5003.495,5005.495,317,934.75,5011.624735435652
1773781080,5005.900000000001,5005.905,5003.905,5003.905,120,880.65,5011.623462892798
1773785095,5001.96,5002.66,5000.66,5000.66,184,825.05,5001.326666666667
1773785259,4999.89,5000.04,4998.04,4998.04,93,793.5,5000.447027677497
1773785267,4997.78,4999.585,4997.585,4999.585,61,710,5000.171139053255
1773785274,4999.75,5001.04,4999.04,5001.04,172,690.95,5000.239330065359
1773785364,5001.13,5002.735,5000.735,5002.735,394,637,5001.036484144543
1773785544,5003.74,5004.45,5002.45,5004.45,437,527.5,5001.931616952523
1773785726,5004.635,5005.27,5003.27,5003.27,187,426.6,5002.17699934555
1773785787,5003.155,5003.57,5001.57,5001.57,230,414.1,5002.18480565036
1773785932,5000.8,5002.395,5000.395,5002.395,266,401.95,5002.12481472332
1773786024,5002.51,5002.775000000001,5000.775000000001,5000.775000000001,987,435.2,5001.900880106277
1773786659,4999.650000000001,5000.1,4998.1,4998.1,309,427.85,5001.609171686748
1773786758,4998.08,4999.34,4997.34,4999.34,479,408.6,5001.239004123892
1773786947,4999.37,5000.33,4998.33,4998.33,640,401.2,5000.915711496584
1773787450,4998.305,4998.305,4996.305,4996.305,82,377.25,5000.844176067241
1773787464,4995.6900000000005,4997.6900000000005,4995.6900000000005,4997.6900000000005,110,325.85,5000.753419707767
1773787474,4997.865,4997.865,4995.865,4995.865,198,306.7,5000.580318216332
1773787511,4995.81,4996.1,4994.1,4994.1,105,290.65,5000.456598432644
1773787542,4993.91,4995.39,4993.39,4995.39,477,292.4,4999.951189552147
1773787600,4995.415,4997.235,4995.235,4997.235,66,279.85,4999.910424806768
1773787625,4997.275000000001,4998.445,4996.445,4998.445,117,279.7,4999.865831545704
1773787655,4998.49,4999.64,4997.64,4999.64,99,275.45,4999.85031120089
1773787675,4999.755,5001.285,4999.285,4999.285,253,283.45,4999.8546238367535
1773787751,4999.26,5000.78,4998.78,5000.78,117,286.25,4999.859616251581
1773787801,5001.79,5003.47,5001.47,5003.47,141,284.7,4999.926518912531
1773787833,5003.52,5003.615,5001.615,5001.615,139,271.95,4999.978129434023
1773787880,5001.6050000000005,5001.775000000001,4999.775000000001,4999.775000000001,22,251.2,4999.979731605133
1773787889,4999.675,5001.115,4999.115,4999.115,354,259.55,4999.969296274247
1773788052,4999.07,5000.28,4998.28,5000.28,472,271.65,4999.945931720205
1773788249,5000.34,5001.42,4999.42,5001.42,195,268.1,4999.967248172217
1773788435,5001.535,5002.76,5000.76,5000.76,391,238.3,5000.040622562256
1773788560,5000.695,5002.255,5000.255,5002.255,278,236.75,5000.094038278502
1773788718,5002.345,5003.18,5001.18,5001.18,253,225.45,5000.147410327395
1773788803,5001.175,5001.2,4999.2,4999.2,575,222.2,5000.129237682464
1773789101,4999,5001,4999,5001,521,244.15,5000.140544980859
1773789565,5001.225,5001.785,4999.785,4999.785,549,266.1,5000.15770621923
1773790054,4999.76,5001.215,4999.215,5001.215,527,282.55,5000.177349395673
1773790231,5002.125,5003.775000000001,5001.775000000001,5003.775000000001,374,296,5000.278343314292
1773790361,5003.82,5003.82,5001.82,5001.82,410,292.65,5000.358724402225
1773790581,5001.775000000001,5003.34,5001.34,5001.34,2547,416.7,5000.66263497695
1773792148,5001.31,5003.31,5001.31,5003.31,174,419.55,5000.687278631866
1773792213,5003.455,5005.455,5003.455,5005.455,139,421.55,5000.727638770885
1773792231,5005.515,5006.93,5004.93,5006.93,344,426.1,5000.859258824071
1773792276,5007.58,5008.1,5006.1,5008.1,299,435.2,5000.9923696982005
1773792314,5008.42,5009.74,5007.74,5009.74,204,438.35,5001.10248369069
1773792357,5009.745,5010.53,5008.53,5010.53,176,440.2,5001.2042800554555
1773792390,5010.655,5012.24,5010.24,5010.24,1697,523.95,5002.18177649806
1773792713,5009.96,5011.96,5009.96,5011.96,133,512.9,5002.253157605387
1773792759,5011.985,5012.150000000001,5010.150000000001,5010.150000000001,349,506.75,5002.42565354573
1773792883,5009.515,5011.37,5009.37,5011.37,113,502.65,5002.479290670336
1773792903,5011.745,5011.965,5009.965,5009.965,236,494.9,5002.588142762847
1773792992,5009.865,5010.845,5008.845,5010.845,402,501.1,5002.756934963397
1773793099,5011.3150000000005,5011.95,5009.95,5009.95,195,498.2,5002.840814543199
1773793136,5009.58,5010.5,5008.5,5008.5,123,475.6,5002.883112983601
1773793163,5008.485,5008.78,5006.78,5006.78,199,459.5,5002.931953856083
1773793189,5006.6050000000005,5006.725,5004.725,5004.725,382,451.15,5002.981469575604
1773793260,5004.585,5006.495,5004.495,5006.495,386,444.1,5003.038224529146
1773793400,5007.3,5007.4800000000005,5005.4800000000005,5005.4800000000005,133,432.05,5003.059431136188
1773793439,5005.3550000000005,5006.34,5004.34,5004.34,420,432.55,5003.100497614862
1773793618,5004.215,5005.045,5003.045,5003.045,370,323.7,5003.111645386573
1773793756,5002.705,5004.11,5002.11,5002.11,272,328.6,5003.107213114753
1773793816,5001.945,5002.945,5000.945,5002.945,242,333.75,5003.097568953634
1773793869,5003.485,5003.485,5001.485,5001.485,232,328.15,5003.087134388917
1773793945,5001.43,5002.3150000000005,5000.3150000000005,5002.3150000000005,1762,401.3,5002.975908685414
1773794516,5002.84,5003.175,5001.175,5003.175,351,408.65,5002.96881747609
1773794581,5003.26,5003.38,5001.38,5003.38,182,408.95,5002.966824073279
1773794618,5003.41,5004.55,5002.55,5004.55,301,339.15,5002.978500091702
1773794697,5004.56,5005.685,5003.685,5003.685,381,351.55,5003.000291847161
1773794732,5003.64,5003.805,5001.805,5001.805,240,346.1,5002.995059661277
1773794797,5001.375,5003.28,5001.28,5003.28,186,349.75,5002.992153829363
1773794839,5003.47,5004.05,5002.05,5002.05,334,354.65,5002.988438845821
1773794899,5001.96,5003.53,5001.53,5003.53,434,356.25,5002.986284421871
1773794968,5003.59,5005.400000000001,5003.400000000001,5005.400000000001,97,351.35,5002.992982858346
1773794975,5005.405,5006.63,5004.63,5006.63,479,369.15,5003.048177127783
1773795071,5006.775000000001,5007.995,5005.995,5007.995,213,369.85,5003.083253626254
1773795092,5008.11,5008.365,5006.365,5006.365,692,385.35,5003.185652225511
1773795227,5006.245,5006.900000000001,5004.900000000001,5004.900000000001,344,383.25,5003.215957807623
1773795304,5004.8,5005.435,5003.435,5003.435,424,397.8,5003.2296382038285
1773795375,5003.42,5005.205,5003.205,5005.205,742,413.9,5003.264081214011
1773795541,5005.51,5005.51,5003.51,5003.51,159,403.35,5003.26919905709
1773795600,5003.47,5004.93,5002.93,5002.93,106,395.05,5003.270418804318
1773795605,5002.455,5004.445,5002.445,5004.445,43,385.1,5003.271185104614
1773795608,5004.525000000001,5005.895,5003.895,5003.895,225,384.75,5003.2812929634
1773795624,5003.56,5004.625,5002.625,5002.625,247,309,5003.281381401072
1773795643,5002.6050000000005,5002.865,5000.865,5000.865,230,302.95,5003.267600817266
1773795656,5000.33,5001.96,4999.96,4999.96,871,337.4,5003.191114362348
1773795711,4999.57,5000.225,4998.225,5000.225,343,339.5,5003.150148984666
1773795728,5000.27,5002.11,5000.11,5002.11,246,332.75,5003.136455717529
1773795752,5002.650000000001,5004.415,5002.415,5004.415,327,337.1,5003.142912122188
1773795782,5004.765,5006.37,5004.37,5006.37,484,352,5003.182285696128
1773795812,5006.415,5007.74,5005.74,5007.74,305,350.55,5003.2196301540835
1773795834,5007.965,5008.62,5006.62,5008.62,224,340.05,5003.252762970137
1773795851,5008.72,5008.76,5006.76,5006.76,58,338.1,5003.260313776862
1773795854,5006.615,5008.615,5006.615,5008.615,414,334.85,5003.320077906081
1773795900,5008.825,5010.09,5008.09,5010.09,229,335.65,5003.362814130788
1773795920,5010.095,5010.415,5008.415,5008.415,430,322.55,5003.4370311462535
1773795946,5008.3550000000005,5009.86,5007.86,5009.86,774,344.05,5003.5684272148155
1773795999,5010.09,5010.55,5008.55,5008.55,132,329.45,5003.590329905992
1773796009,5008.205,5010.205,5008.205,5010.205,61,295.4,5003.600969717407
1773796017,5010.3550000000005,5012.255,5010.255,5012.255,854,330.15,5003.796112287226
1773796114,5012.33,5013.3550000000005,5011.3550000000005,5013.3550000000005,1288,389.25,5004.112123122624
1773796201,5015.66,5015.825,5013.825,5013.825,1270,450.6,5004.463521845759
1773796259,5013.425,5013.57,5011.57,5011.57,1509,514.8,5004.764113192557
1773796401,5011.5650000000005,5013.335,5011.335,5013.335,781,541.5,5004.9192069274495
1773796560,5013.54,5015.02,5013.02,5013.02,244,542.2,5004.972625664843
1773796585,5013.015,5013.695,5011.695,5011.695,444,520.85,5005.053649452964
1773796680,5011.5,5013.150000000001,5011.150000000001,5013.150000000001,564,531.9,5005.155715990743
1773796795,5013.18,5015.01,5013.01,5015.01,178,528.5,5005.195378297318
1773796819,5015.1,5016.29,5014.29,5014.29,454,534.85,5005.301685417515
1773796873,5014.11,5014.43,5012.43,5012.43,1383,579.8,5005.551986301369
1773797067,5012.400000000001,5012.400000000001,5010.400000000001,5010.400000000001,354,582.25,5005.5969429347815
1773797161,5009.8,5011.27,5009.27,5009.27,1050,623.55,5005.699400773485
1773797354,5008.56,5009.495,5007.495,5007.495,582,649.75,5005.731206498578
1773797407,5007.175,5008.400000000001,5006.400000000001,5008.400000000001,1475,702.8,5005.794672512231
1773797530,5008.615,5009.455,5007.455,5009.455,377,710.2,5005.818732590033
1773797571,5009.61,5009.62,5007.62,5007.62,1176,747.5,5005.879091347086
1773797685,5007.515,5007.545,5005.545,5005.545,442,730.9,5005.882120615751
1773797716,5005.3,5005.9400000000005,5003.9400000000005,5003.9400000000005,788,763.7,5005.861739837233
1773797794,5003.87,5004.5650000000005,5002.5650000000005,5004.5650000000005,545,787.9,5005.840278184479
1773797836,5004.57,5004.575,5002.575,5002.575,377,764.05,5005.820776700638
1773797852,5002.57,5003.755,5001.755,5003.755,444,721.85,5005.796838167586
1773797880,5003.995,5005.34,5003.34,5005.34,582,687.45,5005.784082523765
1773797923,5005.35,5005.81,5003.81,5005.81,964,660.2,5005.772255421947
1773797993,5005.85,5005.93,5003.93,5003.93,1040,673.15,5005.7493024631085
1773798076,5003.83,5004.52,5002.52,5004.52,262,674.05,5005.740022387036
1773798089,5004.595,5005.37,5003.37,5003.37,773,690.5,5005.715774325825
1773798129,5003.345,5004.54,5002.54,5004.54,644,694.5,5005.694179421845
1773798172,5004.58,5004.58,5002.58,5002.58,680,719.6,5005.664259265916
1773798240,5002.54,5003.835,5001.835,5001.835,561,724.95,5005.632681747528
1773798300,5001.8,5001.95,4999.95,4999.95,354,673.5,5005.601276205635
1773798319,4999.8,5000.365,4998.365,4998.365,712,691.4,5005.519574920236
1773798366,4998.06,4998.545,4996.545,4998.545,1322,705,5005.347114077918
1773798439,4998.56,4999.27,4997.27,4999.27,1012,726.5,5005.232578681794
1773798504,4999.29,4999.53,4997.53,4997.53,932,699.35,5005.124222985999
1773798606,4997.185,4997.805,4995.805,4997.805,338,697.4,5005.079868596907
1773798620,4998.4800000000005,4999.085,4997.085,4997.085,256,651.4,5005.049170539338
1773798644,4996.85,4998.725,4996.725,4996.725,320,645.3,5005.009282512914
1773798665,4996.24,4997.365,4995.365,4995.365,1496,680.7,5004.795855845835
1773798728,4994.75,4994.83,4992.83,4992.83,177,662.3,5004.764163325674
1773798734,4992.2,4993.455,4991.455,4993.455,436,665.25,5004.681988637258
1773798751,4993.55,4995.41,4993.41,4995.41,159,651,5004.65718100471
1773798762,4995.535,4996.95,4994.95,4996.95,784,661.1,5004.555371306577
1773798827,4997.43,4998.435,4996.435,4998.435,451,635.45,5004.508232565899
1773798884,4998.7,5000.095,4998.095,4998.095,369,601.9,5004.475761617461
1773798920,4998.0650000000005,4998.11,4996.11,4996.11,265,602.05,5004.444645386285
1773798942,4996.075,4997.55,4995.55,4997.55,251,575.95,5004.415810847766
1773798975,4997.59,4999.59,4997.59,4999.59,202,553.85,5004.399006139367
1773798992,4999.68,4999.77,4997.77,4999.77,1244,582.05,5004.301069336663
1773799112,4999.875,5000.7,4998.7,5000.7,1246,616.3,5004.2234537501945
1773799230,5000.705,5002.5650000000005,5000.5650000000005,5000.5650000000005,271,612.15,5004.2116663274355
1773799243,5000.11,5001.37,4999.37,5001.37,198,586.45,5004.201596164161
1773799262,5001.650000000001,5002.14,5000.14,5000.14,1814,611.05,5004.114606940227
1773799444,4999.915,5000.05,4998.05,4998.05,360,578.45,5004.087296723116
1773799500,4997.99,4998.59,4996.59,4998.59,500,556.85,5004.044285325519
1773799543,4998.83,4999.96,4997.96,4999.96,498,564.85,5004.011494255264
1773799570,5000.405,5000.405,4998.405,4998.405,295,566.8,5003.991379840253
1773799602,4998.25,4999.2300000000005,4997.2300000000005,4999.2300000000005,1350,618.3,5003.892083615636
1773799713,4999.485,5001.275000000001,4999.275000000001,4999.275000000001,2032,645.1,5003.786225152754
1773799932,4998.915,5000.8,4998.8,5000.8,134,642.95,5003.779781475436
1773799942,5001.12,5001.4400000000005,4999.4400000000005,4999.4400000000005,966,669.45,5003.733658650722
1773800047,4999.425,5001.1,4999.1,5001.1,1230,723,5003.681721596725
1773800246,5001.45,5003.03,5001.03,5003.03,367,702.15,5003.67556004092
1773800305,5003.85,5005.1050000000005,5003.1050000000005,5005.1050000000005,805,719.85,5003.683300076472
1773800453,5005.12,5006.465,5004.465,5006.465,568,729.8,5003.698335607009
1773800517,5006.4800000000005,5007.1050000000005,5005.1050000000005,5005.1050000000005,1018,767.45,5003.724419432841
1773800618,5004.92,5005.6900000000005,5003.6900000000005,5003.6900000000005,573,783.55,5003.728865048492
1773800680,5003.47,5003.845,5001.845,5003.845,604,803.65,5003.724814605031
1773800765,5004.305,5004.35,5002.35,5002.35,622,772.55,5003.71948960512
1773800953,5002.34,5003.08,5001.08,5001.08,654,742.95,5003.704013885724
1773801053,5001.025000000001,5002.465,5000.465,5002.465,869,772.85,5003.684355333966
1773801117,5002.595,5002.6,5000.6,5000.6,1022,814.05,5003.6553755092145
1773801232,5000.415,5001.96,4999.96,5001.96,338,740.25,5003.646048753893
1773801252,5002.145,5003.875,5001.875,5001.875,735,759,5003.636646763575
1773801382,5001.7300000000005,5002.595,5000.595,5002.595,1210,794.5,5003.613035372285
1773801517,5002.74,5003.485,5001.485,5001.485,419,790.55,5003.606074416807
1773801558,5001.455,5002.54,5000.54,5002.54,2577,904.65,5003.556756717951
1773801918,5002.63,5004.325,5002.325,5004.325,1160,895.15,5003.558041642585
1773802103,5004.345,5004.345,5002.345,5002.345,580,822.55,5003.5546075934735
1773802175,5002.245,5002.33,5000.33,5000.33,346,833.15,5003.545052630443
1773802222,5000.3,5002.295,5000.295,5002.295,168,793.25,5003.54158252061
1773802256,5002.650000000001,5003.31,5001.31,5001.31,196,741.55,5003.538284099179
1773802278,5000.7300000000005,5001.84,4999.84,5001.84,601,753.25,5003.523097593812
1773802337,5002.055,5002.49,5000.49,5000.49,288,727.4,5003.515837984662
1773802406,5000.17,5000.96,4998.96,4998.96,162,707.1,5003.50913836371
1773802429,4998.68,4998.9800000000005,4996.9800000000005,4996.9800000000005,312,671.8,5003.48975295165
1773802458,4996.8,4997.6900000000005,4995.6900000000005,4995.6900000000005,398,663.05,5003.459790857537
1773802485,4995.125,4996.54,4994.54,4994.54,634,664.55,5003.404935000944
1773802554,4994.3550000000005,4995.82,4993.82,4993.82,127,639.8,5003.39307671905
1773802583,4993.755,4994.305,4992.305,4992.305,473,630.75,5003.341722074053
1773802649,4992.135,4992.67,4990.67,4990.67,1823,678.45,5003.117967450166
1773802757,4990.665,4992.615,4990.615,4992.615,407,647.7,5003.071681294291
1773802789,4992.66,4992.665,4990.665,4990.665,3360,798.8,5002.683337107191
1773803060,4990.66,4990.66,4988.66,4988.66,21,763.1,5002.680576296545
1773803061,4988.1900000000005,4988.365,4986.365,4986.365,245,714.85,5002.642929914312
1773803068,4986.305,4988.305,4986.305,4988.305,53,696.55,5002.6351253741595
1773803070,4988.485,4990.45,4988.45,4990.45,241,579.75,5002.604800298948
1773803081,4990.7,4990.7,4988.7,4988.7,56,524.55,5002.597545959241
1773803085,4988.6,4990.26,4988.26,4990.26,217,506.4,5002.569990625825
1773803100,4990.9800000000005,4991.215,4989.215,4989.215,161,497.15,5002.55007427448
1773803110,4988.505,4988.82,4986.82,4988.82,248,501.15,5002.515348917505
1773803127,4989.295,4990.6050000000005,4988.6050000000005,4990.6050000000005,207,501.7,5002.490078912886
1773803137,4990.79,4992.215,4990.215,4992.215,184,480.85,5002.470572075433
1773803154,4992.91,4993.6,4991.6,4991.6,1080,520.45,5002.364902082994
1773803227,4990.865,4992.3150000000005,4990.3150000000005,4992.3150000000005,480,536.35,5002.315804038727
1773803274,4992.38,4993.36,4991.36,4993.36,424,541.95,5002.277018876415
1773803325,4993.365,4993.645,4991.645,4991.645,500,547.05,5002.229875961511
1773803384,4991.41,4993.41,4991.41,4993.41,334,532.05,5002.199992014613
1773803429,4993.525000000001,4993.59,4991.59,4991.59,492,550.3,5002.154064846021
1773803531,4991.5650000000005,4993.375,4991.375,4993.375,289,541.1,5002.128506681771
1773803570,4993.535,4994.37,4992.37,4994.37,456,472.75,5002.092689641135
1773803623,4994.375,4996.36,4994.36,4996.36,381,471.45,5002.070039682908
1773803689,4996.405,4996.405,4994.405,4994.405,61,306.5,5002.066076108418
1773803694,4994.345,4995.725,4993.725,4995.725,1095,360.2,5001.9955484630955
1773803913,4995.765,4996.76,4994.76,4996.76,1947,445.3,5001.891784847883
1773804246,4996.975,4996.975,4994.975,4994.975,642,474.75,5001.855762082174
1773804409,4994.95,4996.5650000000005,4994.5650000000005,4996.5650000000005,1182,521.8,5001.793209397838
1773804578,4996.6,4997.13,4995.13,4995.13,972,567.6,5001.741875645859
1773804761,4995.1050000000005,4997.1050000000005,4995.1050000000005,4997.1050000000005,1774,645.45,5001.660288347584
1773805075,4997.265,4997.55,4995.55,4995.55,528,663.8,5001.635477544903
1773805206,4995.32,4996.93,4994.93,4996.93,349,668.85,5001.619341925212
1773805342,4997.435,4997.6,4995.6,4995.6,372,677.1,5001.602259944925
1773805415,4994.945,4995.435,4993.435,4993.435,1543,745.05,5001.504271498322
1773805752,4993.385,4994.71,4992.71,4992.71,2197,800.9,5001.355848315837
1773806094,4992.6050000000005,4993.16,4991.16,4991.16,485,801.15,5001.317587064265
1773806161,4991.055,4991.715,4989.715,4991.715,613,810.6,5001.265735389811
1773806236,4991.785,4992.005,4990.005,4992.005,782,824.7,5001.202199756658
1773806356,4992.05,4993.025000000001,4991.025000000001,4991.025000000001,1089,862.45,5001.118185264502
1773806477,4990.765,4991.4400000000005,4989.4400000000005,4991.4400000000005,1318,903.75,5001.008753712057
1773806651,4991.76,4992.64,4990.64,4990.64,922,935.4,5000.937485313958
1773807173,4990.46,4991.68,4989.68,4991.68,380,931.6,5000.907530607275
1773807428,4991.92,4992.8,4990.8,4990.8,531,939.1,5000.867878485873
1773807667,4990.665,4992.665,4990.665,4992.665,430,957.55,5000.837813890182
1773807839,4993.2,4993.66,4991.66,4991.66,214,913.5,5000.8234802853
1773807967,4991.325,4991.765,4989.765,4989.765,881,860.2,5000.751928548727
1773808300,4989.75,4990.32,4988.32,4988.32,555,855.85,5000.70111637239
1773808410,4988.135,4988.205,4986.205,4986.205,311,812.3,5000.667728500675
1773808460,4986.175,4988.11,4986.11,4988.11,292,778.3,5000.637819714456
1773808495,4988.2,4988.7,4986.7,4986.7,329,706.05,5000.604087923012
1773808548,4986.67,4986.96,4984.96,4984.96,163,687.8,5000.585250870615
1773808569,4984.83,4985.88,4983.88,4983.88,770,708.85,5000.490524166744
1773808694,4983.81,4985.195,4983.195,4983.195,502,715.35,5000.426740019662
1773808781,4983.1900000000005,4983.97,4981.97,4981.97,389,657.65,5000.374018852735
1773808821,4981.955,4983.83,4981.83,4983.83,343,564.95,5000.329163260033
1773808877,4983.92,4984.09,4982.09,4982.09,152,548.3,5000.308891098326
1773808906,4981.99,4983.99,4981.99,4983.99,97,522.5,5000.296395560779
1773808922,4984.8,4985.7300000000005,4983.7300000000005,4983.7300000000005,577,512.25,5000.2271211892385
1773808976,4983.4800000000005,4985.475,4983.475,4985.475,500,482.8,5000.16912616977
1773809118,4985.4800000000005,4986.41,4984.41,4986.41,205,427.15,5000.146913805577
1773809184,4986.545,4986.785,4984.785,4984.785,860,424.05,5000.052598913904
1773809512,4984.325,4985.68,4983.68,4983.68,610,435.55,4999.981424170609
1773809684,4983.46,4984.41,4982.41,4984.41,324,425.2,4999.942432823689
1773809795,4984.47,4985.900000000001,4983.900000000001,4985.900000000001,304,418.9,4999.909367668624
1773809884,4985.975,4987.4800000000005,4985.4800000000005,4987.4800000000005,478,432.1,4999.863241620182
1773810001,4987.555,4987.785,4985.785,4985.785,324,404.25,4999.831299205362
1773810080,4985.76,4987.1050000000005,4985.1050000000005,4985.1050000000005,859,419.45,4999.743077311729
1773810252,4984.9400000000005,4986.8,4984.8,4986.8,259,416.85,4999.7173770187
1773810342,4987.16,4989.04,4987.04,4989.04,264,415.45,4999.695583616529
1773810370,4989.08,4990.595,4988.595,4990.595,498,423.9,4999.6603153708365
1773810464,4991.13,4991.765,4989.765,4991.765,1064,468.95,4999.594767210384
1773810675,4991.8,4992.25,4990.25,4990.25,351,448,4999.572905661775
1773810800,4989.76,4990.975,4988.975,4988.975,815,463.65,4999.515152304364
1773811073,4988.900000000001,4989.47,4987.47,4987.47,171,452.75,4999.501285793695
1773811113,4987.055,4987.58,4985.58,4987.58,899,480.55,4999.421149767141
1773811232,4987.865,4989.865,4987.865,4989.865,301,488,4999.399406471261
1773811263,4990.035,4991.375,4989.375,4991.375,484,507.35,4999.369783794124
1773811333,4991.41,4992.51,4990.51,4992.51,707,513.85,4999.3324967241015
1773811459,4992.515,4993.150000000001,4991.150000000001,4991.150000000001,80,492.85,4999.328285850684
1773811464,4990.475,4992.11,4990.11,4990.11,559,510.55,4999.294937948209
1773811551,4990.005,4990.745,4988.745,4988.745,572,496.15,4999.255657575967
1773811680,4988.74,4990.6050000000005,4988.6050000000005,4990.6050000000005,155,473.4,4999.245633732431
1773811705,4991.1,4992.29,4990.29,4992.29,581,486.25,4999.215019333222
1773811804,4992.5,4992.59,4990.59,4990.59,187,480.4,4999.20474467757
1773811817,4990.49,4991.03,4989.03,4991.03,299,471.45,4999.186530914552
1773811846,4991.26,4992.84,4990.84,4990.84,716,491.05,4999.148831351953
1773811892,4990.795,4990.95,4988.95,4988.95,685,482.35,4999.104274240324
1773811938,4988.85,4989.71,4987.71,4989.71,682,503.5,4999.057668285503
1773812001,4990.02,4991.22,4989.22,4991.22,425,511.55,4999.033189163561
1773812040,4991.3550000000005,4993.27,4991.27,4993.27,810,527.15,4998.998107773136
1773812099,4993.71,4994.795,4992.795,4994.795,736,510.75,4998.974084649275
1773812165,4994.89,4995.9400000000005,4993.9400000000005,4995.9400000000005,735,529.95,4998.955942622494
1773812230,4995.99,4997.91,4995.91,4997.91,325,505.45,4998.952238291094
1773812258,4997.93,4999.93,4997.93,4999.93,181,505.95,4998.952612588657
1773812267,4999.955,5001.385,4999.385,5001.385,695,495.75,4998.960732483302
1773812310,5001.4800000000005,5001.4800000000005,4999.4800000000005,4999.4800000000005,190,490.2,4998.962221543022
1773812325,4998.915,4999.37,4997.37,4997.37,686,500.3,4998.9580445875645
1773812388,4997.175,4998.24,4996.24,4996.24,389,484.4,4998.952808355807
1773812439,4996.015,4997.7300000000005,4995.7300000000005,4997.7300000000005,589,509.85,4998.945533828803
1773812481,4997.79,4999.145,4997.145,4999.145,584,511.1,4998.943757146577
1773812546,4999.32,5000.72,4998.72,5000.72,660,515.5,4998.948505381572
1773812645,5000.785,5001.185,4999.185,4999.185,456,530.55,4998.951167817384
1773812700,4999.01,5000.725,4998.725,5000.725,1016,552.3,4998.958392388451
1773812843,5000.76,5002.4400000000005,5000.4400000000005,5002.4400000000005,141,550,4998.96093922516
1773812874,5002.845,5002.845,5000.845,5000.845,370,553.55,4998.966980778381
1773812893,5000.485,5001.18,4999.18,5001.18,554,545.45,4998.972445444512
1773812930,5001.295,5001.305,4999.305,4999.305,180,520.2,4998.973591435324
1773812944,4998.925,4999.645,4997.645,4999.645,950,533.6,4998.973619965335
1773813077,4999.865,5000.375,4998.375,4998.375,320,528.35,4998.97375759242
1773813112,4998.25,5000.25,4998.25,5000.25,677,521.7,4998.976354813061
1773813198,5000.32,5001.34,4999.34,4999.34,729,521.35,4998.98106025865
1773813325,4999.29,4999.385,4997.385,4997.385,407,504.95,4998.978696556895
1773813383,4997.29,4997.705,4995.705,4995.705,415,509.45,4998.971953327723
1773813490,4995.6900000000005,4996.99,4994.99,4996.99,292,515,4998.967141759519
1773813544,4997.165,4999.125,4997.125,4999.125,499,505.2,4998.965567077657
1773813609,4999.26,5000.635,4998.635,5000.635,396,515.5,4998.968023864911
1773813661,5001.185,5001.185,4999.185,4999.185,237,493.05,4998.9693176478095
1773813681,4999.16,4999.68,4997.68,4997.68,1948,571,4998.961913507144
1773813951,4997.3550000000005,4998.1900000000005,4996.1900000000005,4998.1900000000005,502,566.65,4998.957518596956
1773814026,4998.36,5000.03,4998.03,5000.03,635,569.2,4998.959080804345
1773814083,5000.1050000000005,5001.37,4999.37,5001.37,206,546.5,4998.961256367562
1773814120,5001.82,5001.895,4999.895,5001.895,782,562.8,4998.9719399448795
1773814182,5002.435,5003.82,5001.82,5003.82,837,553.85,4998.9929247587115
1773814277,5003.88,5004.975,5002.975,5004.975,527,573.15,4999.009667854111
1773814360,5005.015,5006.91,5004.91,5006.91,282,568.75,4999.021839928872
1773814395,5006.92,5008.6900000000005,5006.6900000000005,5008.6900000000005,445,563.3,4999.045678487757
1773814432,5008.705,5008.705,5006.705,5006.705,70,557.8,4999.049145523874
1773814436,5006.6050000000005,5008.6050000000005,5006.6050000000005,5008.6050000000005,220,521.3,4999.060763789459
1773814462,5008.85,5009.66,5007.66,5007.66,744,542.5,4999.101539527721
1773814513,5007.46,5009.25,5007.25,5009.25,768,547.05,4999.144416541544
1773814581,5009.33,5010.95,5008.95,5010.95,1023,561.75,4999.211110005578
1773814681,5011.07,5011.07,5009.07,5009.07,574,570.1,4999.246352372951
1773814756,5009,5009.91,5007.91,5009.91,1484,623.55,4999.332148480572
1773814920,5010.075,5010.075,5008.075,5008.075,287,623.3,4999.34774019503
1773814952,5007.82,5008.685,5006.685,5008.685,276,612.15,4999.361534854362
1773814979,5008.8150000000005,5009.9800000000005,5007.9800000000005,5007.9800000000005,2344,709.55,4999.485320416933
1773815319,5007.935,5009.935,5007.935,5009.935,591,727.25,4999.518094236662
1773815437,5009.955,5010.81,5008.81,5008.81,426,651.15,4999.542084011911
1773815490,5008.745,5010.595,5008.595,5010.595,194,635.75,4999.553465624304
1773815520,5010.615,5011.995,5009.995,5009.995,445,626.25,4999.581317648847
1773815546,5009.925,5011.650000000001,5009.650000000001,5011.650000000001,207,626.3,4999.59460072825
1773815590,5011.7300000000005,5012.09,5010.09,5012.09,280,601.2,4999.6132112781825
1773815610,5012.62,5013.61,5011.61,5013.61,1140,616.35,4999.698056783877
1773815751,5013.705,5015.3,5013.3,5015.3,262,603.1,4999.719872506056
1773815781,5016.26,5016.53,5014.53,5014.53,513,614.65,4999.764010549565
1773815828,5014.365,5015.39,5013.39,5013.39,771,630.95,4999.8250098070675
1773815932,5013.285,5013.99,5011.99,5011.99,468,650.85,4999.858165810879
1773815981,5011.935,5013.24,5011.24,5013.24,1065,693.1,4999.932494945613
1773816111,5013.3,5013.66,5011.66,5011.66,467,679.25,4999.964184049448
1773816197,5011.47,5012.725,5010.725,5012.725,1624,722.05,5000.070768186487
1773816474,5012.76,5014.055,5012.055,5014.055,627,702.25,5000.1159276124945
1773816567,5014.06,5014.965,5012.965,5012.965,312,689.15,5000.138695264061
1773816598,5012.91,5013.875,5011.875,5011.875,542,642.05,5000.1748845355305
1773816658,5011.805,5011.805,5009.805,5009.805,356,645.5,5000.194580389332
1773816707,5009.485,5011.485,5009.485,5011.485,251,644.25,5000.208888742817
1773816732,5011.61,5011.61,5009.61,5009.61,435,548.8,5000.232333640258
1773816803,5009.27,5010.56,5008.56,5010.56,76,523.05,5000.236262662206
1773816806,5011.04,5011.09,5009.09,5009.09,134,508.45,5000.243084441568
1773816838,5009.055,5011.05,5009.05,5011.05,155,506.5,5000.251482095914
1773816852,5011.075,5011.415,5009.415,5009.415,861,527.3,5000.296496263793
1773817018,5009.395,5010.71,5008.71,5010.71,741,554,5000.334757424535
1773817207,5010.755,5012.06,5010.06,5012.06,770,578.5,5000.37968347262
1773817380,5012.14,5012.72,5010.72,5010.72,233,533.15,5000.393197940653
1773817418,5010.650000000001,5012.650000000001,5010.650000000001,5012.650000000001,255,532.8,5000.408751157748
1773817494,5012.78,5014.16,5012.16,5014.16,436,528.95,5000.438704312366
1773817604,5014.76,5015.14,5013.14,5013.14,84,494.6,5000.4445974857945
1773817624,5013.055,5014.1900000000005,5012.1900000000005,5014.1900000000005,365,489.45,5000.469602795049
1773817678,5014.32,5014.32,5012.32,5012.32,172,444.8,5000.480869927761
1773817707,5012.3150000000005,5013.32,5011.32,5011.32,607,451.8,5000.517304230485
1773817801,5011.16,5012.17,5010.17,5010.17,999,420.55,5000.5708057281145
1773818070,5010.16,5010.21,5008.21,5008.21,572,417.8,5000.595389072005
1773818229,5008.145,5008.915,5006.915,5006.915,869,445.65,5000.626662640114
1773818386,5006.865,5008.46,5006.46,5008.46,476,442.35,5000.64419226566
1773818503,5008.515,5008.785,5006.785,5006.785,580,453.55,5000.664421050565
1773818730,5006.295,5008.295,5006.295,5008.295,212,451.6,5000.671976729309
1773818781,5008.375,5008.5650000000005,5006.5650000000005,5006.5650000000005,361,447.9,5000.684073604861
1773818897,5006.435,5008.435,5006.435,5008.435,194,453.8,5000.691087329656
1773818924,5008.63,5009.88,5007.88,5007.88,1065,500.35,5000.733551860424
1773819250,5007.86,5008.215,5006.215,5006.215,198,502.5,5000.739724478655
1773819319,5006.005,5007.21,5005.21,5005.21,710,494.95,5000.758151900056
1773819419,5005,5007,5005,5007,705,493.15,5000.777940062461
1773819532,5007.02,5007.46,5005.46,5005.46,534,481.35,5000.792281180072
1773819716,5005.115,5006.47,5004.47,5004.47,352,487.3,5000.799945885439
1773819848,5003.895,5004.25,5002.25,5002.25,104,479.75,5000.801048681071
1773819868,5002.085,5002.59,5000.59,5000.59,562,486.05,5000.802327809999
1773819948,5000.32,5002.32,5000.32,5002.32,105,487.1,5000.802773949918
1773819961,5002.445,5002.445,5000.445,5000.445,160,476.85,5000.803020514254
1773819989,5000.25,5000.665,4998.665,4998.665,296,483.05,5000.800850959607
1773820019,4998.555,4999.88,4997.88,4999.88,310,468.2,5000.798403182594
1773820044,5000.18,5000.2300000000005,4998.2300000000005,4998.2300000000005,270,431.75,5000.795852697007
1773820085,4997.97,4998.86,4996.86,4996.86,149,410.6,5000.793434936046
1773820103,4996.7,4997.845,4995.845,4995.845,792,406.75,5000.7766688420525
1773820184,4995.765,4996.635,4994.635,4994.635,365,401.2,5000.766806553554
1773820222,4994.395,4994.785,4992.785,4992.785,444,394.4,5000.750812609978
1773820262,4992.695,4994.25,4992.25,4994.25,178,392.7,5000.7445355555565
1773820275,4994.295,4994.31,4992.31,4992.31,307,390,5000.732820233809
1773820309,4992.245,4993.7,4991.7,4993.7,259,393.25,5000.723036079929
1773820343,4993.775000000001,4995.255,4993.255,4993.255,608,370.4,5000.702807375847
1773820406,4993.18,4994.495,4992.495,4994.495,284,374.7,5000.693270129486
1773820442,4994.53,4994.775000000001,4992.775000000001,4992.775000000001,135,345.95,5000.6884910232075
1773820457,4992.77,4993.78,4991.78,4991.78,184,319.9,5000.681094457478
1773820483,4991.71,4992.515,4990.515,4992.515,904,338.4,5000.6423202270025
1773820590,4993.22,4994.42,4992.42,4994.42,411,341.35,5000.6285984756705
1773820641,4995.155,4995.71,4993.71,4995.71,651,368.7,5000.611032627513
1773820742,4995.765,4996.405,4994.405,4994.405,548,368,5000.596406252259
1773820821,4994.27,4995.3,4993.3,4993.3,779,401.7,5000.571614743344
1773820944,4993.275000000001,4994.76,4992.76,4994.76,203,403.85,5000.565308047554
1773820980,4994.895,4996.8550000000005,4994.8550000000005,4996.8550000000005,227,400.4,5000.56054841517
1773821006,4996.985,4997.115,4995.115,4995.115,453,407.55,5000.550200411403
1773821054,4993.9400000000005,4995.9400000000005,4993.9400000000005,4995.9400000000005,223,405.2,5000.54458152283
1773821092,4996.4400000000005,4996.4400000000005,4994.4400000000005,4994.4400000000005,208,408.15,5000.539185994003
1773821126,4994.42,4995.01,4993.01,4993.01,365,386.8,5000.52725822504
1773821196,4993,4993.26,4991.26,4991.26,350,386.05,5000.512947688525
1773821260,4991.18,4991.56,4989.56,4989.56,112,369.45,5000.507473688713
1773821277,4989.455,4989.685,4987.685,4987.685,436,382.35,5000.482343260772
1773821332,4987.675,4989.675,4987.675,4989.675,417,387.85,5000.459700832254
1773821374,4989.68,4991.545,4989.545,4991.545,102,380,5000.4550781949665
1773821384,4991.705,4993.11,4991.11,4993.11,380,368.6,5000.440703688142
1773821425,4993.28,4994.22,4992.22,4992.22,389,373.85,5000.426854827942
1773821483,4992.175,4994.175,4992.175,4994.175,346,384.4,5000.415591490184
1773821564,4994.52,4995.17,4993.17,4993.17,982,424.3,5000.3853333598745
1773821686,4992.915,4994.37,4992.37,4994.37,263,392.25,5000.377112764453
1773821720,4994.39,4995.935,4993.935,4993.935,431,393.25,5000.365492148562
1773821781,4993.715,4993.85,4991.85,4991.85,276,374.5,5000.355392160064
1773821814,4991.795,4993.005,4991.005,4991.005,684,381.3,5000.327787238132
1773821893,4990.93,4992.07,4990.07,4990.07,1080,396.35,5000.279886410757
1773822047,4989.805,4989.805,4987.805,4987.805,126,392.5,5000.273010156846
1773822054,4987.76,4988.67,4986.67,4986.67,634,412.85,5000.235215791812
1773822114,4986.62,4986.635,4984.635,4984.635,143,397.35,5000.225381587231
1773822119,4984.28,4986.05,4984.05,4984.05,316,402,5000.202845862497
1773822142,4983.93,4985.650000000001,4983.650000000001,4985.650000000001,242,403.7,5000.185928146878
1773822172,4985.745,4985.925,4983.925,4983.925,525,411.7,5000.14841325556
1773822240,4983.49,4985.49,4983.49,4985.49,170,402.7,5000.136484556839
1773822258,4986.24,4986.33,4984.33,4984.33,723,433.25,5000.086531158636
1773822327,4984.145,4986.08,4984.08,4986.08,353,429.1,5000.062931457378
1773822366,4986.24,4988.11,4986.11,4988.11,269,421.7,5000.047483435575
1773822398,4988.185,4988.89,4986.89,4986.89,888,461,4999.997211289185
1773822479,4986.865,4988.865,4986.865,4988.865,386,461.3,4999.976605345473
1773822516,4988.935,4990.03,4988.03,4990.03,801,481.9,4999.9382809567405
1773822629,4990.095,4991.6050000000005,4989.6050000000005,4991.6050000000005,1401,534.65,4999.881795423732
1773822897,4991.955,4992.255,4990.255,4990.255,540,512.55,4999.860172331863
1773822982,4990.155,4991.12,4989.12,4989.12,375,518.15,4999.84331866238
1773823050,4988.275000000001,4989.255,4987.255,4989.255,260,509.6,4999.830278068681
1773823140,4989.505,4990.325,4988.325,4988.325,229,507.25,4999.819228502237
1773823191,4987.535,4989.18,4987.18,4989.18,171,481.6,4999.810628339096
1773823215,4989.35,4989.825,4987.825,4987.825,355,445.35,4999.792781747903
1773823263,4987.805,4988.3,4986.3,4986.3,379,458,4999.771227928214
1773823321,4986.285,4986.34,4984.34,4984.34,234,438,4999.755924950652
1773823338,4984.175,4986.17,4984.17,4986.17,206,441.15,4999.742932098085
1773823351,4986.545,4987.53,4985.53,4987.53,342,442.45,4999.723468859777
1773823391,4987.745,4987.745,4985.745,4985.745,271,443.9,4999.707547759646
1773823440,4985.655,4986.82,4984.82,4984.82,345,434.9,4999.685927954609
1773823516,4984.645,4985.435,4983.435,4983.435,106,431.7,4999.678651908429
1773823530,4983.195,4983.295,4981.295,4981.295,146,402.85,4999.667266021962
1773823536,4980.63,4980.685,4978.685,4978.685,51,387.75,4999.662706424511
1773823537,4978.415,4979.455,4977.455,4979.455,123,380.45,4999.651413401247
1773823539,4980.25,4982.18,4980.18,4982.18,221,347.1,4999.633799591059
1773823550,4982.45,4984.37,4982.37,4984.37,1000,377.8,4999.564105804877
1773823614,4984.74,4986.095,4984.095,4986.095,307,353.1,4999.545145706361
1773823640,4986.45,4988.45,4986.45,4988.45,348,300.45,4999.5272900280515
1773823664,4988.935,4990.5,4988.5,4988.5,586,302.75,4999.5008721718705
1773823749,4987.895,4988.650000000001,4986.650000000001,4988.650000000001,326,300.3,4999.484557597748
1773823800,4988.72,4989.47,4987.47,4987.47,1258,350.2,4999.422865887653
1773824050,4987.405,4988.56,4986.56,4988.56,342,355.85,4999.405851064749
1773824118,4989.150000000001,4989.150000000001,4987.150000000001,4987.150000000001,682,381.4,4999.371845446816
1773824286,4986.845,4988.405,4986.405,4988.405,248,376.05,4999.35944570037
1773824323,4988.51,4988.685,4986.685,4986.685,539,384.05,4999.331693537554
1773824395,4986.485,4988.485,4986.485,4988.485,316,388.15,4999.316114289386
1773824468,4988.805,4989.835,4987.835,4989.835,744,415.05,4999.283887285829
1773824641,4990.165,4991.045,4989.045,4989.045,1592,477.55,4999.219278672355
1773825122,4988.86,4989.195,4987.195,4987.195,391,483.55,4999.200482080955
1773825245,4987.175,4988.22,4986.22,4986.22,1140,523.3,4999.14135012237
1773825379,4986.215,4986.87,4984.87,4986.87,773,556.65,4999.099358742356
1773825507,4986.9400000000005,4988.26,4986.26,4988.26,185,558.6,4999.090428303722
1773825569,4988.385,4990.07,4988.07,4990.07,224,567.25,4999.081333164278
1773825615,4990.215,4992.21,4990.21,4992.21,233,572.75,4999.07397861777
1773825641,4992.22,4994.175,4992.175,4994.175,172,570.3,4999.06997294798
1773825664,4994.35,4994.47,4992.47,4992.47,377,539.15,4999.0606278313235
1773825700,4992.455,4993.16,4991.16,4991.16,503,548.95,4999.045458058178
1773825786,4991.1,4993.1,4991.1,4993.1,773,570.2,4999.02421788143
1773825940,4993.11,4994.41,4992.41,4992.41,443,563.05,4999.013288873681
1773826031,4992.3150000000005,4992.42,4990.42,4990.42,434,568.45,4998.99904475517
1773826163,4990.305,4992.255,4990.255,4992.255,74,509.25,4998.996774805316
1773826178,4992.36,4993.925,4991.925,4993.925,274,505.85,4998.990273854512
1773826277,4993.995,4995.03,4993.03,4995.03,707,507.1,4998.976788013583
1773826544,4995.165,4995.8150000000005,4993.8150000000005,4995.8150000000005,510,520.2,4998.968755596604
1773826676,4995.85,4995.85,4993.85,4993.85,339,510.2,4998.962555323217
1773826751,4993.785,4994.14,4992.14,4992.14,1339,561.35,4998.928878104952
1773827223,4992.09,4993.635,4991.635,4993.635,762,562.25,4998.910378782634
1773827431,4993.715,4995.26,4993.26,4993.26,691,517.2,4998.896391759068
1773827579,4993.145,4993.8550000000005,4991.8550000000005,4991.8550000000005,513,523.3,4998.883137080857
1773827851,4991.825,4992.900000000001,4990.900000000001,4990.900000000001,915,512.05,4998.85610338478
1773828120,4990.51,4991.18,4989.18,4991.18,489,497.85,4998.8396617458
1773828220,4991.185,4991.195,4989.195,4989.195,124,494.8,4998.835177286966
1773828240,4989.155,4990.245,4988.245,4988.245,332,500.2,4998.821923743781
1773828316,4987.515,4989.265,4987.265,4989.265,355,506.3,4998.807344311971
1773828376,4989.275000000001,4990.54,4988.54,4990.54,560,525.7,4998.78729186206
1773828498,4990.7,4991.585,4989.585,4989.585,590,536.35,4998.767154874818
1773828630,4989.545,4990.425,4988.425,4990.425,858,554.1,4998.736353153004
1773828799,4990.4400000000005,4991.71,4989.71,4989.71,298,530.35,4998.726437745778
1773828849,4989.705,4989.755,4987.755,4987.755,629,539.65,4998.700703740907
1773828968,4987.75,4988.575,4986.575,4988.575,770,556.45,4998.667810982296
1773829107,4988.66,4990.24,4988.24,4988.24,915,598.5,4998.632586508807
1773829305,4988.165,4990.095,4988.095,4990.095,688,619.2,4998.607679425963
1773829423,4990.18,4991.135,4989.135,4989.135,287,598.2,4998.597750160753
1773829476,4989.015,4989.135,4987.135,4987.135,305,587.95,4998.584828989398
1773829539,4986.965,4987.375,4985.375,4985.375,367,589.35,4998.566791174417
1773829650,4985.185,4986.735,4984.735,4984.735,232,534,4998.554833983854
1773829714,4984.64,4985.1050000000005,4983.1050000000005,4983.1050000000005,135,502.65,4998.547025117516
1773829760,4983.02,4983.375,4981.375,4981.375,159,476.05,4998.536762959257
1773829781,4981,4982.985,4980.985,4982.985,170,458.9,4998.5259887417415
1773829796,4983.1900000000005,4984.29,4982.29,4982.29,444,435.35,4998.499022040611
1773829824,4982.135,4984.1050000000005,4982.1050000000005,4984.1050000000005,136,417.7,4998.491036054654
1773829831,4984.49,4986.22,4984.22,4986.22,167,419.85,4998.482617534523
1773829835,4986.7,4987.685,4985.685,4985.685,175,412,4998.474351466446
1773829840,4985.575,4985.675,4983.675,4983.675,223,405.4,4998.462090669895
1773829868,4983.645,4983.755,4981.755,4981.755,330,393.9,4998.441524106108
1773829906,4981.58,4983.58,4981.58,4983.58,151,371.95,4998.432419209121
1773829918,4984.075,4984.235,4982.235,4982.235,469,352.5,4998.404186511937
1773829979,4982.21,4982.8550000000005,4980.8550000000005,4980.8550000000005,240,349.6,4998.388496194697
1773830013,4980.255,4981.3150000000005,4979.3150000000005,4981.3150000000005,179,327.1,4998.376207863323
1773830026,4981.385,4982.915,4980.915,4980.915,572,317.2,4998.33911535457
1773830092,4980.825,4981.115,4979.115,4979.115,78,275.35,4998.333528027074
1773830109,4979.08,4979.935,4977.935,4977.935,254,253.65,4998.3142008941395
1773830133,4974.45,4974.935,4972.935,4972.935,72,242.9,4998.307341355973
1773830134,4971.45,4972.400000000001,4970.400000000001,4970.400000000001,163,235.8,4998.290234203032
1773830137,4964.665,4964.86,4962.86,4962.86,80,221.45,4998.279522642131
1773830138,4959.71,4961.71,4959.71,4961.71,22,210.95,4998.276367713438
1773830138.001,4962.0650000000005,4963.89,4961.89,4963.89,122,210.3,4998.259905695121
1773830140,4967.5650000000005,4967.5650000000005,4965.5650000000005,4965.5650000000005,139,209.3,4998.2427774379275
1773830143,4964.17,4965.575,4963.575,4965.575,291,215.35,4998.2054983257
1773830150,4965.92,4967.78,4965.78,4965.78,296,207.95,4998.169412069171
1773830160,4965.3,4966.75,4964.75,4966.75,268,214.55,4998.136436638138
1773830167,4967.22,4967.22,4965.22,4965.22,45,208.45,4998.13087243163
1773830168,4964.765,4966.76,4964.76,4966.76,152,207.3,4998.112212338122
1773830173,4967,4968.93,4966.93,4968.93,177,205,4998.091981311861
1773830178,4968.95,4969.82,4967.82,4969.82,124,194.7,4998.0782468901925
1773830183,4970.845,4971.055,4969.055,4971.055,168,195.55,4998.060453357968
1773830188,4971.0650000000005,4971.365,4969.365,4969.365,201,182.15,4998.038920688432
1773830197,4969.35,4970.93,4968.93,4968.93,509,195.6,4997.983695749477
1773830222,4968.825,4970.34,4968.34,4970.34,179,195.6,4997.964378047249
1773830232,4970.965,4971.59,4969.59,4971.59,445,189.25,4997.9185844889635
1773830273,4971.7300000000005,4972.5,4970.5,4972.5,204,195.55,4997.898349215647
1773830287,4973.81,4974.06,4972.06,4972.06,320,198.85,4997.867756504722
1773830306,4971.92,4973.87,4971.87,4973.87,181,204.3,4997.850812860328
1773830327,4974.015,4976.015,4974.015,4976.015,163,204.3,4997.836900312297
1773830341,4976.45,4977.87,4975.87,4975.87,252,212.9,4997.816559950033
1773830361,4975.78,4976.265,4974.265,4976.265,144,219,4997.8044425697035
1773830382,4976.3550000000005,4976.97,4974.97,4976.97,149,220.35,4997.792315971766
1773830398,4977.25,4979.155,4977.155,4979.155,244,225.6,4997.774503357553
1773830430,4979.775000000001,4980.02,4978.02,4978.02,327,227.4,4997.750927980232
1773830483,4977.615,4978.695,4976.695,4976.695,161,220.65,4997.738536661171
1773830529,4976.365,4978.34,4976.34,4978.34,285,221.5,4997.71697353967
1773830580,4978.495,4978.585,4976.585,4976.585,223,230.4,4997.699779366429
1773830610,4975.785,4976.465,4974.465,4974.465,224,234,4997.680749529144
1773830621,4973.32,4975.32,4973.32,4975.32,370,243.65,4997.6487212003685
1773830637,4976.21,4976.21,4974.21,4974.21,335,254.2,4997.620080225318
1773830651,4973.465,4975.465,4973.465,4975.465,71,249.35,4997.613998423575
1773830654,4975.91,4977.585,4975.585,4977.585,271,252.85,4997.592968767189
1773830673,4977.885,4979.63,4977.63,4979.63,135,234.15,4997.58354332268
1773830686,4979.8,4979.875,4977.875,4977.875,103,230.35,4997.576195763751
1773830693,4977.755,4978.51,4976.51,4976.51,198,218,4997.561075498259
1773830703,4976.125,4977.775000000001,4975.775000000001,4977.775000000001,451,230.35,4997.5266032533245
1773830746,4977.8150000000005,4978.425,4976.425,4976.425,103,219.5,4997.5187403151485
1773830758,4976.41,4978.1,4976.1,4978.1,273,224.1,4997.498277049851
1773830786,4978.27,4979.835,4977.835,4979.835,339,232.9,4997.47511679178
1773830816,4979.91,4980.305,4978.305,4978.305,250,232.8,4997.4578913329005
1773830900,4978.045,4979.125,4977.125,4977.125,335,242.35,4997.433389280844
1773830998,4976.84,4976.885,4974.885,4974.885,235,246.65,4997.414281659598
1773831019,4974.59,4974.63,4972.63,4972.63,337,251.3,4997.384118418045
1773831042,4972.31,4974.31,4972.31,4974.31,120,240.95,4997.373550323043
1773831047,4974.415,4975.045,4973.045,4975.045,439,254.85,4997.33616374213
1773831110,4975.155,4976.455,4974.455,4974.455,278,254.5,4997.313315747418
1773831146,4973.47,4974.965,4972.965,4972.965,295,258.1,4997.287497483869
1773831182,4972.905,4974.715,4972.715,4972.715,657,279.75,4997.2295934165095
1773831285,4972.055,4973.185,4971.185,4971.185,439,283.2,4997.188586397877
1773831372,4971.16,4971.285,4969.285,4969.285,153,274.1,4997.173256387434
1773831387,4969.045,4969.12,4967.12,4967.12,166,278.85,4997.155322056459
1773831408,4966.76,4968.76,4966.76,4968.76,139,272.25,4997.14047822024
1773831418,4968.79,4969.35,4967.35,4967.35,297,280.35,4997.108728713815
1773831450,4966.525000000001,4966.5650000000005,4964.5650000000005,4964.5650000000005,79,279.15,4997.099487866816
1773831454,4964.21,4964.285,4962.285,4962.285,97,274.1,4997.087337578657
1773831459,4962.275000000001,4962.5650000000005,4960.5650000000005,4960.5650000000005,69,255,4997.078264621072
1773831462,4960.495,4960.83,4958.83,4960.83,235,261.6,4997.046478484384
1773831472,4962.235,4963.255,4961.255,4963.255,153,255.6,4997.027171797816
1773831482,4963.6,4965.16,4963.16,4965.16,163,246.8,4997.0077634677045
1773831496,4965.64,4967.285,4965.285,4967.285,338,251.2,4996.970217127489
1773831528,4967.755,4967.81,4965.81,4965.81,107,239.8,4996.958295095111
1773831536,4965.04,4967.04,4965.04,4967.04,112,233.65,4996.945783669544
1773831547,4967.35,4968.02,4966.02,4968.02,185,226.05,4996.925801615232
1773831574,4968.07,4969.235,4967.235,4967.235,252,232.65,4996.899130079111
1773831605,4966.62,4968.62,4966.62,4968.62,55,213.45,4996.893325786388
1773831609,4968.72,4969.93,4967.93,4967.93,330,216.05,4996.859321942764
1773831644,4967.805,4968.255,4966.255,4966.255,177,210.15,4996.840038253459
1773831663,4965.8150000000005,4966.36,4964.36,4964.36,164,185.5,4996.821062741409
1773831683,4964.3550000000005,4966.185,4964.185,4964.185,164,171.75,4996.802005533388
1773831697,4964.18,4966.13,4964.13,4966.13,197,173.95,4996.779581334114
1773831722,4966.16,4968.16,4966.16,4968.16,82,169.75,4996.7708612960005
1773831732,4968.515,4968.515,4966.515,4966.515,178,171.7,4996.751748979412
1773831779,4966.435,4966.505,4964.505,4964.505,92,161.45,4996.74120956928
1773831796,4964.305,4965.145,4963.145,4963.145,151,165.05,4996.72318188081
1773831825,4963.135,4963.22,4961.22,4961.22,32,161.8,4996.719140668242
1773831827,4960.58,4961.435,4959.435,4959.435,357,176.2,4996.671812257961
1773831845,4959.185,4961.185,4959.185,4961.185,80,168.45,4996.66134387431
1773831847,4961.495,4961.495,4959.495,4959.495,431,182.35,4996.604494081826
1773831872,4958.215,4959.885,4957.885,4957.885,328,190.6,4996.559442619642
1773831887,4957.82,4959.3150000000005,4957.3150000000005,4959.3150000000005,148,181.1,4996.539201040912
1773831895,4959.895,4959.895,4957.895,4957.895,197,185.6,4996.512229818804
1773831907,4957.845,4958.1050000000005,4956.1050000000005,4956.1050000000005,34,181.7,4996.507359388428
1773831911,4955.305,4957.04,4955.04,4955.04,275,186.2,4996.466955389514
1773831921,4954.9800000000005,4956.93,4954.93,4954.93,224,184.8,4996.434014928546
1773831933,4954.835,4956.365,4954.365,4956.365,145,189.3,4996.412773172611
1773831940,4956.38,4957.5650000000005,4955.5650000000005,4955.5650000000005,150,180.3,4996.391109785222
1773831950,4955.49,4957.015,4955.015,4957.015,167,179.8,4996.367088664665
1773831967,4957.150000000001,4957.725,4955.725,4955.725,64,174.8,4996.357900562643
1773831973,4955.695,4955.965,4953.965,4953.965,56,169.4,4996.349510549149
1773831986,4953.675,4954.745,4952.745,4954.745,900,204.55,4996.213350053332
1773832050,4954.79,4956.055,4954.055,4956.055,121,206.5,4996.19567796075
1773832061,4957.275000000001,4958.035,4956.035,4956.035,182,206.7,4996.169980146037
1773832082,4954.795,4955.185,4953.185,4953.185,56,204.9,4996.161509373944
1773832085,4953.155,4954.72,4952.72,4952.72,81,201.4,4996.149128413489
1773832093,4952.22,4954.22,4952.22,4954.22,20,200.8,4996.146084399919
1773832094,4954.295,4954.43,4952.43,4952.43,122,189.05,4996.127326349705
1773832102,4952.38,4953.185,4951.185,4953.185,468,208.45,4996.054555545258
1773832129,4953.265,4955.045,4953.045,4953.045,219,197.85,4996.021517003655
1773832139,4952.79,4952.79,4950.79,4950.79,145,188.7,4995.998506166468
1773832149,4950.485,4952.4800000000005,4950.4800000000005,4952.4800000000005,194,191,4995.968002620277
1773832171,4952.975,4954.66,4952.66,4954.66,85,185.4,4995.95531012799
1773832182,4955.05,4956.86,4954.86,4956.86,120,189.7,4995.938343147753
1773832191,4956.885,4957.9800000000005,4955.9800000000005,4955.9800000000005,415,196.7,4995.880445146305
1773832213,4955.86,4957.72,4955.72,4957.72,274,199.2,4995.842707201171
1773832234,4957.745,4959.745,4957.745,4959.745,145,199.2,4995.823807085906
1773832246,4960.005,4961.22,4959.22,4959.22,382,210.8,4995.775201255749
1773832279,4958.995,4959.135,4957.135,4957.135,183,211.6,4995.750612741112
1773832324,4956.955,4958.955,4956.955,4958.955,63,211.55,4995.742263670595
1773832335,4959.04,4961.04,4959.04,4961.04,205,219,4995.716632742521
1773832355,4961.085,4961.095,4959.095,4959.095,144,181.2,4995.698339575313
1773832391,4958.665,4960.075,4958.075,4960.075,127,181.5,4995.682062983908
1773832407,4960.305,4962.195,4960.195,4962.195,430,193.9,4995.630276041101
1773832440,4962.245,4964.245,4962.245,4964.245,308,206.5,4995.595502627149
1773832462,4964.965,4966.9400000000005,4964.9400000000005,4966.9400000000005,183,211.6,4995.576613600259
1773832475,4967.005,4968.955,4966.955,4968.955,115,216.35,4995.5655712725775
1773832482,4968.96,4970.625,4968.625,4968.625,622,241.35,4995.508192382194
1773832518,4968.595,4970.595,4968.595,4970.595,132,224.55,4995.496342664897
1773832537,4970.865,4972.335,4970.335,4970.335,1116,269.4,4995.400783090908
1773832646,4970.045,4970.95,4968.95,4970.95,1199,322.1,4995.295945617593
1773832785,4970.985,4972.900000000001,4970.900000000001,4972.900000000001,333,329.05,4995.269241920065
1773832840,4973.255,4974.135,4972.135,4972.135,372,343.4,4995.240217976369
1773832900,4972.125,4972.865,4970.865,4970.865,370,355.9,4995.209794673136
1773832986,4970.645,4970.865,4968.865,4968.865,122,341.25,4995.198934441293
1773833014,4968.5650000000005,4968.68,4966.68,4966.68,624,358.75,4995.138813939253
1773833077,4966.675,4966.675,4964.675,4964.675,675,385.25,4995.06940058601
1773833132,4963.715,4965.055,4963.055,4963.055,550,393.65,4995.010011062966
1773833176,4963.015,4963.175,4961.175,4961.175,189,393.95,4994.988431435326
1773833185,4960.985,4961.2300000000005,4959.2300000000005,4959.2300000000005,305,406.05,4994.9516263643345
1773833203,4959.195,4959.400000000001,4957.400000000001,4957.400000000001,163,403.95,4994.930963231549
1773833208,4957.3550000000005,4958.6050000000005,4956.6050000000005,4956.6050000000005,209,407.2,4994.903931995992
1773833217,4956.36,4956.42,4954.42,4954.42,114,406.55,4994.888348902122
1773833219,4953.905,4954.985,4952.985,4952.985,382,404.15,4994.834341247533
1773833229,4952.535,4954.535,4952.535,4954.535,119,394.7,4994.8176341237495
1773833233,4954.685,4954.685,4952.685,4952.685,56,388.35,4994.8096775228905
1773833235,4952.6,4953.635,4951.635,4951.635,175,391.35,4994.784203576244
1773833244,4951.485,4953.03,4951.03,4951.03,84,364.45,4994.771812944481
1773833247,4950.8,4950.86,4948.86,4948.86,116,363.65,4994.753852377209
1773833251,4948.8,4948.8,4946.8,4946.8,31,309.4,4994.748836473903
1773833251.001,4946.78,4948.715,4946.715,4946.715,78,253.35,4994.736197839881
1773833253,4946.55,4948.475,4946.475,4948.475,393,256.35,4994.673193860846
1773833265,4949.585,4949.915,4947.915,4949.915,220,248.75,4994.639079704065
1773833277,4950.05,4950.05,4948.05,4948.05,38,232.15,4994.6331234896625
1773833279,4947.905,4949.905,4947.905,4949.905,102,231.15,4994.6173249466065
1773833286,4950.17,4950.995,4948.995,4950.995,311,215.5,4994.570378099233
1773833309,4951.150000000001,4951.150000000001,4949.150000000001,4949.150000000001,61,184.8,4994.561075188393
1773833312,4949.095,4951.095,4949.095,4951.095,105,162.55,4994.545289816815
1773833318,4951.625,4951.625,4949.625,4949.625,81,157.15,4994.53308254439
1773833321,4949.295,4950.07,4948.07,4948.07,145,149.15,4994.5104793471455
1773833326,4947.035,4948.900000000001,4946.900000000001,4946.900000000001,198,150.9,4994.478862298164
1773833338,4946.695,4948.67,4946.67,4948.67,324,156.65,4994.427697795163
1773833353,4948.7300000000005,4950.7,4948.7,4950.7,302,166.05,4994.382189687578
1773833367,4951.245,4951.245,4949.245,4949.245,93,151.6,4994.368155990349
1773833376,4948.885,4950.125,4948.125,4950.125,73,149.3,4994.357034229501
1773833387,4950.175,4950.175,4948.175,4948.175,169,154.95,4994.330954373263
1773833400,4947.61,4948.83,4946.83,4946.83,130,152.7,4994.310320710514
1773833403,4946.595,4948.385,4946.385,4948.385,307,163.85,4994.261895997602
1773833413,4948.405,4950.115,4948.115,4950.115,78,161.95,4994.250065395428
1773833415,4950.13,4952.04,4950.04,4952.04,167,168.75,4994.225844202926
1773833422,4952.47,4954.385,4952.385,4954.385,245,177.1,4994.192301408387
1773833434,4954.6050000000005,4955.875,4953.875,4955.875,556,185.25,4994.119180247865
1773833464,4955.92,4956.63,4954.63,4956.63,112,179.85,4994.104769142229
1773833472,4957.185,4957.79,4955.79,4957.79,271,191.5,4994.07100353762
1773833490,4957.92,4958.7,4956.7,4958.7,807,226.75,4993.973286001811
1773833529,4958.88,4959.75,4957.75,4959.75,430,232.7,4993.922949378233
1773833552,4959.76,4961.335,4959.335,4961.335,271,243.2,4993.892740001165
1773833576,4961.445,4962.2300000000005,4960.2300000000005,4960.2300000000005,888,282.35,4993.79481244249
1773833648,4959.59,4959.595,4957.595,4957.595,443,300.45,4993.742280368034
1773833676,4957.01,4957.185,4955.185,4955.185,253,305.85,4993.710315508624
1773833688,4955.005,4956.825,4954.825,4956.825,224,307.15,4993.682288466624
1773833702,4956.915,4957.035,4955.035,4955.035,171,299.5,4993.660660923466
1773833715,4954.725,4955.29,4953.29,4953.29,83,288.55,4993.649690048164
1773833726,4953.085,4953.6,4951.6,4953.6,235,295.65,4993.617860818657
1773833748,4953.735,4953.735,4951.735,4951.735,316,307.8,4993.574580739995
1773833772,4951.685,4953.505,4951.505,4951.505,228,310.75,4993.543235621939
1773833797,4951.35,4951.35,4949.35,4949.35,80,308.25,4993.531676276979
1773833804,4948.55,4948.625,4946.625,4948.625,127,299.25,4993.5124710097825
1773833812,4949.04,4949.215,4947.215,4947.215,261,308.4,4993.472986348484
1773833824,4947.1900000000005,4949.075,4947.075,4949.075,267,313.4,4993.433130430993
1773833838,4949.3,4950.085,4948.085,4948.085,520,327.15,4993.356300783035
1773833862,4947.825,4948.51,4946.51,4948.51,297,314.2,4993.311646471389
1773833885,4949.205,4950.765,4948.765,4950.765,128,315,4993.29338163733
1773833890,4951.005,4951.71,4949.71,4951.71,530,327.95,4993.219568803451
1773833922,4952.6900000000005,4952.6900000000005,4950.6900000000005,4950.6900000000005,71,291.15,4993.2097735686375
1773833926,4950.42,4950.54,4948.54,4948.54,334,286.35,4993.161392082055
1773833953,4947.93,4949.4800000000005,4947.4800000000005,4947.4800000000005,361,290.85,4993.107960823321
1773833974,4947.345,4948.885,4946.885,4948.885,188,255.85,4993.080229597064
1773833986,4949.265,4949.265,4947.265,4947.265,148,241.1,4993.058283377839
1773833995,4946.75,4947.725,4945.725,4945.725,304,243.65,4993.011735427777
1773834013,4941.395,4943.395,4941.395,4943.395,90,236.95,4992.996891132142
1773834015,4944.650000000001,4945.705,4943.705,4945.705,82,232.5,4992.983995115001
1773834018,4946.14,4946.145,4944.145,4944.145,508,253.75,4992.903880064168
1773834034,4942.195,4944.195,4942.195,4944.195,143,249.15,4992.88077551773
1773834041,4944.92,4945.915,4943.915,4943.915,239,245.3,4992.843031598534
1773834056,4943.495,4943.64,4941.64,4941.64,507,259.25,4992.759393802395
1773834082,4941.6050000000005,4943.13,4941.13,4943.13,980,304.25,4992.599008869035
1773834137,4943.145,4943.365,4941.365,4941.365,163,306.05,4992.572202933243
1773834143,4941.29,4943.13,4941.13,4943.13,387,312.35,4992.5092156964665
1773834165,4943.435,4943.54,4941.54,4941.54,514,324.7,4992.425374852461
1773834203,4939.585,4940.935,4938.935,4940.935,244,310.9,4992.384140249015
1773834216,4941.445,4942.08,4940.08,4940.08,316,311.85,4992.331324106324
1773834231,4939.81,4940.04,4938.04,4940.04,265,318.7,4992.285938344553
1773834247,4940.93,4941.28,4939.28,4939.28,248,304.6,4992.24399399817
1773834257,4936.185,4936.7,4934.7,4936.7,92,305.65,4992.227288035761
1773834259,4936.895,4937.5650000000005,4935.5650000000005,4935.5650000000005,209,299.4,4992.189507143121
1773834265,4935.49,4937.49,4935.49,4937.49,28,282.75,4992.184502937476
1773834266,4937.765,4938.635,4936.635,4938.635,242,285.45,4992.142183715447
1773834279,4938.64,4940.075,4938.075,4938.075,340,295.05,4992.083685604159
1773834300,4937.67,4938.47,4936.47,4936.47,96,284.65,4992.066695402856
1773834305,4936.400000000001,4937.31,4935.31,4937.31,120,286.15,4992.045281814925
1773834311,4937.465,4939.45,4937.45,4939.45,87,286.4,4992.030366583516
1773834314,4939.91,4940.09,4938.09,4938.09,251,273.55,4991.987360534878
1773834325,4937.64,4939.4400000000005,4937.4400000000005,4939.4400000000005,322,282.5,4991.932308239734
1773834354,4940.16,4942.145,4940.145,4942.145,222,281.65,4991.8963472084015
1773834368,4943.995,4945.27,4943.27,4945.27,88,260.7,4991.8829892294025
1773834370,4945.5,4945.5,4943.5,4943.5,41,213.75,4991.876710745758
1773834371,4943.205,4943.395,4941.395,4941.395,101,210.65,4991.860569201157
1773834374,4940.805,4942.255,4940.255,4940.255,268,204.7,4991.816809501831
1773834392,4940.150000000001,4940.150000000001,4938.150000000001,4938.150000000001,108,184.4,4991.798467766401
1773834398,4937.24,4937.755,4935.755,4935.755,354,189.9,4991.735722871258
1773834423,4933.17,4934.89,4932.89,4934.89,161,182.15,4991.706101114024
1773834427,4935.49,4936.925,4934.925,4936.925,150,176.4,4991.679506695105
1773834433,4936.95,4937.3150000000005,4935.3150000000005,4935.3150000000005,163,172.15,4991.650492211671
1773834441,4935.02,4936.93,4934.93,4936.93,62,170.65,4991.639519761467
1773834446,4937.32,4937.595,4935.595,4935.595,249,172.65,4991.595495415824
1773834467,4935.56,4936.025000000001,4934.025000000001,4934.025000000001,94,175.95,4991.578422941358
1773834476,4933.84,4935.59,4933.59,4935.59,166,172.15,4991.548421362683
1773834485,4935.6,4937.385,4935.385,4937.385,239,167.1,4991.506649586356
1773834499,4937.67,4937.67,4935.67,4935.67,116,168.1,4991.486257278359
1773834504,4935.17,4935.185,4933.185,4933.185,176,170.9,4991.453953156948
1773834511,4932.68,4932.82,4930.82,4930.82,103,171.7,4991.434289185179
1773834518,4930.68,4932,4930,4932,151,166.7,4991.405411044997
1773834523,4932.405,4934.06,4932.06,4934.06,79,154.55,4991.390831390104
1773834532,4934.41,4935.82,4933.82,4935.82,163,151.6,4991.361684636878
1773834548,4935.835,4937.4400000000005,4935.4400000000005,4937.4400000000005,83,151.35,4991.347282064733
1773834553,4939.74,4939.755,4937.755,4937.755,230,160.8,4991.308615255522
1773834565,4937.71,4939.055,4937.055,4939.055,204,165.95,4991.274345140031
1773834585,4939.27,4939.27,4937.27,4937.27,324,168.75,4991.219543201109
1773834606,4937.155,4937.61,4935.61,4935.61,149,170.8,4991.19359487721
1773834612,4935.375,4935.995,4933.995,4933.995,361,171.15,4991.128982459142
1773834627,4933.8550000000005,4934.5650000000005,4932.5650000000005,4932.5650000000005,223,174.25,4991.088134367475
1773834635,4932.555,4933.695,4931.695,4933.695,131,173.3,4991.064081029201
1773834639,4934.09,4936.025000000001,4934.025000000001,4936.025000000001,545,192.4,4990.968234333697
1773834667,4936.38,4937.975,4935.975,4937.975,75,193.05,4990.955531841249
1773834669,4938.155,4939.845,4937.845,4939.845,976,229.4,4990.796519667847
1773834722,4940.005,4940.28,4938.28,4938.28,824,265.9,4990.662430972058
1773834774,4938.27,4938.865,4936.865,4936.865,559,285.55,4990.5693814735
1773834798,4936.86,4937.33,4935.33,4935.33,201,283.65,4990.535037196256
1773834804,4934.725,4935.87,4933.87,4933.87,315,293.6,4990.479862418753
1773834818,4933.8150000000005,4935.8150000000005,4933.8150000000005,4935.8150000000005,282,298.9,4990.43109907058
1773834831,4935.955,4936,4934,4934,139,300.7,4990.406885702268
1773834836,4932.515,4933.54,4931.54,4933.54,410,313.65,4990.333293415448
1773834855,4933.805,4935.33,4933.33,4933.33,547,337.05,4990.237316914789
1773834880,4933.115,4933.32,4931.32,4931.32,631,360.45,4990.123064805577
1773834909,4931.085,4932.4400000000005,4930.4400000000005,4932.4400000000005,537,383.15,4990.0258297387945
1773834935,4932.67,4934.43,4932.43,4934.43,119,377.6,4990.005060748567
1773834942,4934.5,4934.5,4932.5,4932.5,282,381.5,4989.955383151144
1773834952,4932.33,4933.195,4931.195,4931.195,342,382.4,4989.893870443243
1773834965,4930.61,4931.31,4929.31,4931.31,181,384,4989.860685800957
1773834969,4933.1,4933.1,4931.1,4931.1,105,371.2,4989.841816929961
1773834971,4930.735,4932.3150000000005,4930.3150000000005,4932.3150000000005,183,369.2,4989.808893515943
1773834977,4932.72,4933.975,4931.975,4933.975,303,377.8,4989.756016350439
1773834989,4934.21,4934.21,4932.21,4932.21,193,360.2,4989.722129913734
1773834996,4932.13,4934.13,4932.13,4934.13,82,360.55,4989.707893246061
1773834999,4934.16,4934.635,4932.635,4934.635,320,327.75,4989.652902590143
1773835013,4934.88,4934.96,4932.96,4932.96,834,328.25,4989.509215535233
1773835048,4932.9400000000005,4934.365,4932.365,4932.365,256,313.1,4989.46478984354
1773835057,4932.005,4934.005,4932.005,4934.005,202,313.15,4989.42997472235
1773835066,4934.075,4934.405,4932.405,4932.405,777,336.25,4989.295824038249
1773835104,4931.21,4931.635,4929.635,4929.635,249,334.6,4989.250857327546
1773835122,4928.8,4929.015,4927.015,4927.015,97,332.5,4989.232580996594
1773835126,4926.64,4927.845,4925.845,4925.845,63,315.15,4989.220491087273
1773835129,4925.82,4926.88,4924.88,4926.88,337,304.65,4989.155591440411
1773835140,4927.08,4928.89,4926.89,4928.89,190,282.6,4989.120226634246
1773835145,4928.925,4929.735,4927.735,4929.735,470,279.25,4989.034132830841
1773835184,4930.235,4931.1900000000005,4929.1900000000005,4929.1900000000005,224,284.5,4988.993725973433
1773835200,4929.150000000001,4930.32,4928.32,4928.32,253,283.05,4988.947483745038
1773835210,4927.6900000000005,4929.6900000000005,4927.6900000000005,4929.6900000000005,124,272.15,4988.9248594288865
1773835215,4930.485,4930.485,4928.485,4928.485,184,272.3,4988.8913911847
1773835227,4928.475,4930.255,4928.255,4928.255,206,277.35,4988.853821654341
1773835237,4926.405,4928.36,4926.36,4928.36,196,278,4988.817387833567
1773835249,4928.455,4929.51,4927.51,4927.51,222,273.95,4988.776499246756
1773835262,4926.34,4926.95,4924.95,4924.95,227,275.65,4988.732982915946
1773835269,4922.8150000000005,4924.8150000000005,4922.8150000000005,4924.8150000000005,50,274.05,4988.723183078974
1773835270,4924.825,4925.63,4923.63,4923.63,123,264.2,4988.699143479898
1773835273,4923.400000000001,4924.85,4922.85,4924.85,335,239.25,4988.633645592472
1773835284,4926.125,4926.17,4924.17,4924.17,372,245.05,4988.561804974943
1773835299,4922.8550000000005,4924.41,4922.41,4924.41,271,248.5,4988.508675080155
1773835314,4924.77,4924.77,4922.77,4922.77,54,212.35,4988.498048637028
1773835317,4922.12,4924.12,4922.12,4924.12,213,210.55,4988.456177773683
1773835326,4924.88,4925.155,4923.155,4923.155,342,222.8,4988.389441458932
1773835342,4922.575,4923.71,4921.71,4923.71,274,233.35,4988.335430383236
1773835357,4924.54,4924.54,4922.54,4922.54,58,219.4,4988.324037401867
1773835360,4921.37,4923.37,4921.37,4923.37,74,213.6,4988.3093950025395
1773835366,4923.55,4925.28,4923.28,4925.28,138,197,4988.2829008137105
1773835376,4925.835,4927.32,4925.32,4925.32,383,204.95,4988.211068729755
1773835394,4924.88,4925.825,4923.825,4923.825,571,220.85,4988.101718485927
1773835419,4923.18,4923.825,4921.825,4923.825,199,224.6,4988.062899848617
1773835428,4924.5650000000005,4925.03,4923.03,4925.03,291,229.95,4988.007270712481
1773835441,4925.055,4926.45,4924.45,4924.45,287,234,4987.9531496124
1773835456,4924.4400000000005,4926.4400000000005,4924.4400000000005,4926.4400000000005,332,240.8,4987.891311766857
1773835471,4926.49,4927.715,4925.715,4927.715,225,240.95,4987.850332214777
1773835482,4928.1900000000005,4929.595,4927.595,4929.595,173,238.25,4987.819834103255
1773835489,4929.83,4931.63,4929.63,4931.63,287,250.1,4987.771054457969
1773835506,4931.915,4932.645,4930.645,4930.645,317,259.8,4987.717602860689
1773835525,4930,4932,4930,4932,158,250.95,4987.691009365289
1773835532,4932.16,4932.16,4930.16,4930.16,91,236.9,4987.675566643889
1773835536,4929.76,4930.86,4928.86,4928.86,266,236.65,4987.62944328315
1773835550,4928.76,4930.150000000001,4928.150000000001,4928.150000000001,93,238.6,4987.613137862231
1773835556,4927.92,4928.13,4926.13,4926.13,149,235.4,4987.58613610652
1773835568,4926.02,4927.45,4925.45,4925.45,294,233,4987.53233254637
1773835593,4925.415,4927.09,4925.09,4927.09,178,228.2,4987.499965780635
1773835605,4927.81,4927.81,4925.81,4925.81,106,230.6,4987.480724289778
1773835613,4925.515,4925.6050000000005,4923.6050000000005,4923.6050000000005,109,232.35,4987.460236165879
1773835617,4923.01,4923.78,4921.78,4921.78,84,229.65,4987.444000458828
1773835622,4921.57,4922.495,4920.495,4920.495,187,219.85,4987.4071717976085
1773835632,4920.27,4921.205,4919.205,4921.205,218,202.2,4987.36388598385
1773835640,4921.37,4921.38,4919.38,4919.38,133,198.9,4987.337311083673
1773835647,4917.74,4918.955,4916.955,4916.955,100,189.35,4987.316624194374
1773835651,4915.995,4916.83,4914.83,4916.83,94,179.7,4987.29678305221
1773835654,4916.975,4917.975,4915.975,4917.975,291,177.65,4987.236417602037
1773835664,4918.45,4918.8550000000005,4916.8550000000005,4918.8550000000005,392,186,4987.156286247599
1773835682,4919.825,4920.84,4918.84,4920.84,168,185.75,4987.122987921255
1773835688,4920.875,4921.650000000001,4919.650000000001,4919.650000000001,433,193.05,4987.037501290455
1773835707,4919.155,4920.185,4918.185,4918.185,451,199.75,4986.946743272743
1773835735,4917.795,4918.0650000000005,4916.0650000000005,4916.0650000000005,131,198.4,4986.919607131338
1773835740,4915.345,4916.135,4914.135,4914.135,79,197.8,4986.90280301712
1773835742,4914.085,4915.13,4913.13,4913.13,509,209.95,4986.7932144315655
1773835762,4912.52,4914.52,4912.52,4914.52,430,226.8,4986.7009620509325
1773835780,4914.525000000001,4914.525000000001,4912.525000000001,4912.525000000001,386,238.65,4986.6175976100385
1773835801,4912.375,4914.375,4912.375,4914.375,87,228.3,4986.598966348955
1773835803,4914.575,4915.26,4913.26,4915.26,356,237.2,4986.523751624802
1773835826,4915.515,4915.545,4913.545,4913.545,186,241.2,4986.484308322361
1773835841,4912.74,4913.2300000000005,4911.2300000000005,4911.2300000000005,114,241.45,4986.4593809786265
1773835845,4909.465,4911.465,4909.465,4911.465,76,241.05,4986.442527348151
1773835847,4911.695,4912.9800000000005,4910.9800000000005,4912.9800000000005,202,241.8,4986.398665076106
1773835854,4913.46,4913.7300000000005,4911.7300000000005,4911.7300000000005,69,234.35,4986.383711149444
1773835856,4911.655,4913.64,4911.64,4913.64,87,232.05,4986.365011701729
1773835861,4913.79,4915.34,4913.34,4915.34,215,237.8,4986.31991072195
1773835869,4915.375,4916.99,4914.99,4916.99,189,242.55,4986.28122263359
1773835875,4917.725,4919.425,4917.425,4917.425,122,234.1,4986.256902753133
1773835879,4917.225,4918.59,4916.59,4916.59,77,218.35,4986.24137433216
1773835881,4916.495,4916.87,4914.87,4914.87,291,224.5,4986.18129043421
1773835892,4914.82,4915.255,4913.255,4913.255,82,206.95,4986.1639913805775
1773835895,4912.24,4914.24,4912.24,4914.24,71,187.95,4986.148947431153
1773835897,4914.3,4916.075,4914.075,4916.075,281,195.45,4986.090972284199
1773835909,4916.37,4916.95,4914.95,4916.95,255,204.25,4986.039093836703
1773835919,4917.585,4918.25,4916.25,4916.25,497,203.65,4985.93911902025
1773835955,4915.33,4915.525000000001,4913.525000000001,4913.525000000001,178,191.05,4985.901972612222
1773835963,4912.95,4913.265,4911.265,4911.265,195,181.5,4985.860041526404
1773835971,4910.58,4911.03,4909.03,4909.03,114,182.85,4985.834809553285
1773835976,4908.6900000000005,4910.6900000000005,4908.6900000000005,4910.6900000000005,60,168.05,4985.821593229548
1773835977,4911.27,4912.16,4910.16,4910.16,293,173.4,4985.757802964985
1773835987,4909.85,4911.6,4909.6,4909.6,306,183,4985.690801135633
1773836000,4909.53,4909.975,4907.975,4907.975,217,190.05,4985.642336660985
1773836006,4906.265,4907.955,4905.955,4907.955,551,207.5,4985.517392571219
1773836020,4908.335,4908.895,4906.895,4906.895,475,227.8,4985.410376757395
1773836039,4906.79,4908.61,4906.61,4908.61,280,237.45,4985.347739887687
1773836053,4909.07,4909.835,4907.835,4907.835,280,240.7,4985.2856553097845
1773836066,4907.08,4907.925,4905.925,4905.925,132,237.85,4985.255694459667
1773836074,4905.505,4907.36,4905.36,4907.36,205,242,4985.209269630155
1773836083,4907.87,4909.005,4907.005,4909.005,297,253,4985.143514612759
1773836093,4909.655,4910.175,4908.175,4908.175,151,246,4985.110345531089
1773836098,4908.02,4909.83,4907.83,4909.83,205,252.15,4985.065550507724
1773836104,4909.835,4910.415,4908.415,4910.415,160,256.6,4985.030894416262
1773836110,4910.485,4911.485,4909.485,4911.485,338,259.45,4984.958827239591
1773836120,4912.365,4912.365,4910.365,4910.365,369,265.15,4984.880535921507
1773836142,4910.21,4910.6,4908.6,4908.6,100,245.3,4984.858840901766
1773836154,4908.08,4908.195,4906.195,4906.195,88,240.8,4984.839152498859
1773836161,4905.9800000000005,4906.43,4904.43,4904.43,321,247.1,4984.765795079383
1773836172,4902.225,4904.225,4902.225,4904.225,148,248.8,4984.73136621234
1773836176,4904.385,4906.225,4904.225,4906.225,102,250.9,4984.7082394064355
1773836179,4906.6050000000005,4906.925,4904.925,4904.925,180,245.25,4984.667477511903
1773836185,4903.905,4904.59,4902.59,4902.59,443,252.1,4984.564379601864
1773836202,4902.5650000000005,4903.82,4901.82,4903.82,761,279.3,4984.387658549503
1773836226,4904.465,4904.75,4902.75,4902.75,371,270.3,4984.302060413075
1773836252,4902.135,4902.955,4900.955,4900.955,125,252.8,4984.272621699376
1773836259,4900.665,4902.455,4900.455,4902.455,437,260.65,4984.1700757073595
1773836278,4902.505,4902.505,4900.505,4900.505,591,276.2,4984.030762051096
1773836311,4898.7,4900.7,4898.7,4900.7,65,272.85,4984.015258341545
1773836313,4901.715,4903.045,4901.045,4901.045,371,281.15,4983.928643624918
1773836325,4899.875,4900.545,4898.545,4900.545,426,287.6,4983.827200310707
1773836342,4900.900000000001,4902.155,4900.155,4902.155,370,298.55,4983.7409767214795
1773836355,4902.35,4903.41,4901.41,4903.41,218,299.2,4983.6910330469045
1773836366,4904.2300000000005,4906.115,4904.115,4906.115,207,301.55,4983.645249273274
1773836372,4906.72,4907.11,4905.11,4905.11,194,294.35,4983.602569381465
1773836379,4904.8550000000005,4906.615,4904.615,4906.615,107,281.25,4983.579101333312
1773836384,4906.625,4907.345,4905.345,4905.345,91,280.8,4983.559169958615
1773836389,4905.145,4906.985,4904.985,4906.985,272,290,4983.499891230437
1773836402,4907.305,4907.305,4905.305,4905.305,302,289.05,4983.433885767501
1773836411,4904.175,4904.255,4902.255,4902.255,211,292.2,4983.386022857901
1773836419,4901.455,4903.455,4901.455,4903.455,168,295.5,4983.347891593918
1773836425,4903.84,4903.84,4901.84,4901.84,96,291.3,4983.326042368159
1773836428,4901.685,4903.52,4901.52,4903.52,130,275.65,4983.296600525528
1773836432,4903.645,4904.29,4902.29,4904.29,287,251.95,4983.232299648777
1773836440,4904.335,4906.05,4904.05,4906.05,277,247.25,4983.17170743301
1773836448,4906.31,4906.64,4904.64,4904.64,138,247.9,4983.141526167419
1773836452,4904.415,4904.58,4902.58,4902.58,130,232.55,4983.112364021026
1773836457,4902.14,4904.14,4902.14,4904.14,48,205.4,4983.101632384071
1773836459,4904.425,4906.16,4904.16,4906.16,188,211.55,4983.060693534872
1773836466,4906.18,4907.505,4905.505,4907.505,190,202.5,4983.020079686695
1773836471,4907.8550000000005,4908.28,4906.28,4906.28,142,188.3,4982.989797552372
1773836474,4905.71,4907.31,4905.31,4907.31,253,182.45,4982.935688892066
1773836484,4907.835,4907.835,4905.835,4905.835,142,178.65,4982.905296864837
1773836488,4904.735,4906.735,4904.735,4906.735,251,180.85,4982.851330471704
1773836496,4907.02,4907.02,4905.02,4905.02,96,175.95,4982.830607476289
1773836501,4904.900000000001,4905.11,4903.11,4903.11,99,175.55,4982.808719717798
1773836505,4901.905,4902.21,4900.21,4900.21,344,188.2,4982.729972134602
1773836518,4899.435,4900.615,4898.615,4898.615,97,179.45,4982.707362344791
1773836521,4898.285,4899.215,4897.215,4897.215,122,170.45,4982.678465757315
1773836524,4897.155,4899.155,4897.155,4899.155,51,162.45,4982.666478251686
1773836525,4899.36,4901.255,4899.255,4901.255,187,163.4,4982.62364905628
1773836532,4901.575,4902.24,4900.24,4900.24,125,164.85,4982.595155828242
1773836537,4900.05,4902.05,4900.05,4902.05,58,161.25,4982.582018824846
1773836540,4902.0650000000005,4902.52,4900.52,4900.52,419,167.85,4982.48701185336
1773836561,4900.28,4901.925,4899.925,4901.925,260,167,4982.42822094944
1773836574,4902.185,4902.91,4900.91,4902.91,363,178.25,4982.347276342051
1773836591,4904.6900000000005,4905.035,4903.035,4905.035,516,197.55,4982.235540354913
1773836613,4905.185,4906.22,4904.22,4906.22,245,207.4,4982.183405119227
1773836623,4906.265,4906.645,4904.645,4904.645,281,212.05,4982.123508108385
1773836634,4904.6050000000005,4905.585,4903.585,4905.585,267,215.9,4982.066390714563
1773836644,4906.26,4906.72,4904.72,4906.72,216,219.6,4982.020924079296
1773836651,4906.745,4908.165,4906.165,4908.165,113,212.6,4981.997611980516
1773836654,4908.51,4908.51,4906.51,4906.51,103,210.65,4981.976283909072
1773836658,4906.235,4906.8,4904.8,4904.8,193,207.75,4981.935439501523
1773836665,4904.615,4905.37,4903.37,4903.37,118,208.85,4981.910022158011
1773836669,4902.4400000000005,4902.825,4900.825,4900.825,258,216.8,4981.852692056528
1773836680,4900.58,4900.81,4898.81,4898.81,480,223.6,4981.743579619722
1773836701,4898.59,4900.525000000001,4898.525000000001,4900.525000000001,85,223,4981.724377246176
1773836704,4901.47,4903.285,4901.285,4903.285,342,234,4981.6498085545245
1773836729,4903.985,4903.985,4901.985,4901.985,355,249.2,4981.572586519444
1773836754,4901.895,4902.26,4900.26,4900.26,185,249.1,4981.531525572223
1773836765,4900.145,4900.195,4898.195,4898.195,94,247.55,4981.510144102898
1773836769,4898.13,4898.4400000000005,4896.4400000000005,4896.4400000000005,109,250.1,4981.484838359195
1773836772,4895.175,4897.175,4895.175,4897.175,247,241.5,4981.427144030605
1773836779,4897.285,4899.02,4897.02,4899.02,184,237.7,4981.385148829803
1773836785,4899.135,4899.135,4897.135,4897.135,144,226.75,4981.352094460374
1773836790,4896.995,4897.925,4895.925,4895.925,502,226.05,4981.235401553175
1773836818,4895.92,4897.695,4895.695,4897.695,177,222.65,4981.194545289246
1773836826,4898.22,4899.275000000001,4897.275000000001,4899.275000000001,130,215.1,4981.165125944114
1773836833,4899.905,4901.305,4899.305,4901.305,199,211.7,4981.121238648067
1773836839,4901.455,4903.39,4901.39,4903.39,123,207.05,4981.094838361275
1773836843,4903.725,4904.895,4902.895,4902.895,178,210.3,4981.057072878957
1773836850,4902.745,4903.995,4901.995,4903.995,247,217.5,4981.004571269185
1773836859,4904.305,4904.33,4902.33,4902.33,248,220.25,4980.951703631643
1773836869,4902.32,4902.395,4900.395,4900.395,260,227.35,4980.894980902553
1773836886,4900.015,4900.33,4898.33,4898.33,175,223.2,4980.85586109921
1773836898,4898.325,4900.325,4898.325,4900.325,53,201.85,4980.844116464715
1773836901,4900.8,4902.1050000000005,4900.1050000000005,4900.1050000000005,312,213.2,4980.775994227395
1773836926,4899.525000000001,4900.74,4898.74,4900.74,315,211.85,4980.706735145637
1773836945,4900.755,4900.755,4898.755,4898.755,103,199.25,4980.68393149031
1773836951,4898.445,4900.34,4898.34,4900.34,224,201.2,4980.634536666542
1773836965,4900.655,4902.43,4900.43,4902.43,489,220.95,4980.5296932372485
1773836999,4902.4800000000005,4902.66,4900.66,4900.66,46,217.8,4980.519790410131
1773837001,4900.64,4900.7300000000005,4898.7300000000005,4898.7300000000005,79,209.4,4980.502374823818
1773837003,4895.900000000001,4897.900000000001,4895.900000000001,4897.900000000001,172,208.8,4980.463472511953
1773837009,4899.47,4900.1050000000005,4898.1050000000005,4898.1050000000005,134,208.3,4980.433749785047
1773837014,4897.43,4899.29,4897.29,4897.29,170,191.7,4980.395696938283
1773837018,4897.03,4897.97,4895.97,4895.97,149,190.3,4980.361840032773
1773837023,4894.205,4895.57,4893.57,4893.57,405,204.05,4980.267317014348
1773837033,4893.22,4893.665,4891.665,4891.665,188,203.5,4980.222540108595
1773837037,4891.075,4893.075,4891.075,4893.075,116,203.15,4980.19495862689
1773837040,4893.2300000000005,4893.88,4891.88,4893.88,300,209.25,4980.124360860556
1773837047,4894.06,4894.06,4892.06,4892.06,263,210.05,4980.062218320109
1773837056,4892.025000000001,4893.92,4891.92,4893.92,117,203.5,4980.034768091345
1773837060,4893.97,4895.1,4893.1,4895.1,128,196.9,4980.005165023102
1773837065,4897.045,4897.045,4895.045,4895.045,50,190.65,4979.993779548689
1773837066,4894.34,4896.14,4894.14,4896.14,257,200.85,4979.935141360071
1773837080,4896.465,4897.53,4895.53,4897.53,309,200.7,4979.865904770383
1773837092,4897.97,4898.13,4896.13,4896.13,356,202.75,4979.786216035844
1773837103,4895.55,4896.485,4894.485,4894.485,152,205.2,4979.751564687968
1773837110,4893.0650000000005,4894.84,4892.84,4894.84,397,213.85,4979.6601494681845
1773837123,4895.165,4897.005,4895.005,4897.005,116,195.2,4979.63415111257
1773837127,4897.21,4897.21,4895.21,4895.21,48,195.3,4979.6233383178915
1773837129,4894.97,4896.365,4894.365,4894.365,114,197.05,4979.597410115013
1773837133,4894.175,4894.79,4892.79,4892.79,29,189.9,4979.590694083741
1773837134,4892.775000000001,4894.03,4892.03,4892.03,347,200.55,4979.509706110134
1773837147,4891.67,4891.84,4889.84,4889.84,139,199,4979.476489244021
1773837151,4886.115,4887.7300000000005,4885.7300000000005,4885.7300000000005,342,208.65,4979.391096285805
1773837158,4885.68,4887.68,4885.68,4887.68,163,196.55,4979.350721930703
1773837162,4887.78,4888.135,4886.135,4888.135,202,197.25,4979.30098270316
1773837169,4889.16,4890.205,4888.205,4890.205,268,204.85,4979.236560726691
1773837181,4890.545,4890.545,4888.545,4888.545,97,194.7,4979.2131817691
1773837184,4888.205,4890.205,4888.205,4890.205,58,184.45,4979.199259116
1773837186,4890.58,4890.77,4888.77,4888.77,453,201.25,4979.090543824377
1773837203,4888.075,4889.335,4887.335,4889.335,365,213.1,4979.002389946011
1773837217,4889.55,4889.625,4887.625,4887.625,316,226.4,4978.925891476386
1773837231,4887.595,4888.51,4886.51,4888.51,290,228.05,4978.8554539224215
1773837241,4888.74,4888.74,4886.74,4886.74,104,217.8,4978.830099021955
1773837245,4886.615,4887.24,4885.24,4887.24,188,209.4,4978.783883370194
1773837251,4887.4800000000005,4887.58,4885.58,4885.58,237,213.65,4978.725481922738
1773837265,4884.995,4886.995,4884.995,4886.995,179,202.75,4978.681460561362
1773837277,4887.28,4889.03,4887.03,4889.03,68,200.35,4978.66511660821
1773837280,4889.24,4890.54,4888.54,4888.54,158,205.85,4978.627518225815
1773837287,4888.52,4888.82,4886.82,4888.82,402,220.25,4978.530873696416
1773837305,4889.38,4889.38,4887.38,4887.38,303,233.95,4978.458080224905
1773837320,4887.08,4888.33,4886.33,4886.33,91,221.15,4978.43598739232
1773837323,4886.02,4887.495,4885.495,4887.495,586,243.5,4978.293713092192
1773837346,4887.845,4889.275000000001,4887.275000000001,4887.275000000001,486,250.7,4978.177484678845
1773837364,4887.165,4887.96,4885.96,4885.96,402,262.65,4978.0801731129595
1773837386,4885.47,4887.47,4885.47,4887.47,160,260.55,4978.041574378508
1773837395,4887.84,4887.905,4885.905,4885.905,31,248.7,4978.034080669218
1773837396,4885.785,4887.58,4885.58,4887.58,227,255.2,4977.979449615272
1773837409,4887.95,4888.805,4886.805,4886.805,452,274.9,4977.871529436802
1773837434,4886.71,4887.54,4885.54,4885.54,145,259.5,4977.836479834327
1773837444,4884.88,4885.765,4883.765,4885.765,116,247.05,4977.808120516805
1773837448,4886.205,4887.215,4885.215,4885.215,134,237.95,4977.7756588144275
1773837455,4885.14,4886.165,4884.165,4886.165,285,237.7,4977.706405623498
1773837468,4886.575,4886.58,4884.58,4884.58,91,237.05,4977.68425479738
1773837471,4884.4400000000005,4884.7,4882.7,4882.7,115,233.4,4977.655708161607
1773837476,4882.335,4882.41,4880.41,4880.41,642,253.65,4977.492797639695
1773837497,4880.2,4881.535,4879.535,4879.535,236,256.5,4977.432507365378
1773837506,4878.37,4880.37,4878.37,4880.37,231,264.65,4977.373264662123
1773837512,4880.475,4881.12,4879.12,4879.12,155,264.5,4977.33358719679
1773837518,4878.79,4880.64,4878.64,4880.64,242,256.5,4977.27182204612
1773837530,4880.7300000000005,4881.525000000001,4879.525000000001,4881.525000000001,178,250.25,4977.226854246478
1773837536,4883.29,4884.17,4882.17,4884.17,261,258.75,4977.162801754201
1773837543,4884.835,4884.835,4882.835,4882.835,99,234.4,4977.138528445753
1773837546,4882.145,4883.72,4881.72,4883.72,157,217.95,4977.099876011471
1773837551,4884.39,4885.985,4883.985,4885.985,303,213,4977.0271634088285
1773837560,4886.1050000000005,4887.72,4885.72,4887.72,111,210.55,4977.001058338324
1773837563,4888.68,4889.06,4887.06,4887.06,167,217.35,4976.962105463241
1773837567,4886.625,4887.61,4885.61,4887.61,170,214.5,4976.922139958913
1773837574,4888.2300000000005,4889.45,4887.45,4889.45,243,204.05,4976.866241323094
1773837583,4889.485,4889.485,4887.485,4887.485,86,201.1,4976.846333502072
1773837585,4887.345,4888.345,4886.345,4886.345,305,210.55,4976.77489561389
1773837595,4885.8550000000005,4886.03,4884.03,4884.03,130,210.35,4976.743696810315
1773837599,4883.705,4885.62,4883.62,4885.62,58,199,4976.729822958038
1773837601,4885.68,4886.705,4884.705,4886.705,387,213.8,4976.63845125686
1773837615,4886.95,4887.72,4885.72,4885.72,229,219.5,4976.58467796112
1773837623,4885.505,4887.505,4885.505,4887.505,66,190.7,4976.56926942047
1773837626,4887.58,4889.54,4887.54,4889.54,312,194.5,4976.498150930794
1773837638,4889.595,4889.595,4887.595,4887.595,78,186.85,4976.480265342877
1773837641,4887.535,4889.535,4887.535,4889.535,95,183.85,4976.458641141357
1773837646,4889.84,4889.84,4887.84,4887.84,89,176.2,4976.438308752481
1773837649,4887.79,4889.205,4887.205,4887.205,355,185.05,4976.356716098819
1773837675,4887.145,4887.765,4885.765,4885.765,196,181.8,4976.311000076084
1773837699,4885.68,4886.995,4884.995,4886.995,102,181.95,4976.28720013778
1773837706,4887.015,4888.805,4886.805,4888.805,204,184.3,4976.24059497553
1773837717,4888.8550000000005,4889.97,4887.97,4887.97,449,191.6,4976.138770552136
1773837739,4887.575,4887.575,4885.575,4885.575,38,187.95,4976.129928183532
1773837740,4885.035,4885.37,4883.37,4883.37,132,186.2,4976.098472962553
1773837743,4882.865,4884.865,4882.865,4884.865,104,182.9,4976.07374868501
1773837745,4885.1,4886.095,4884.095,4886.095,173,179.4,4976.033200470944
1773837750,4886.205,4886.71,4884.71,4884.71,357,192.95,4975.949592747402
1773837763,4884.515,4885.035,4883.035,4883.035,162,185.8,4975.911003262237
1773837767,4882.985,4883.015,4881.015,4881.015,144,186.5,4975.875977747606
1773837770,4880.035,4881.945,4879.945,4879.945,298,198.5,4975.802754589867
1773837778,4879.7,4881.615,4879.615,4881.615,172,187.75,4975.760692063231
1773837783,4881.665,4881.885,4879.885,4879.885,326,192.6,4975.680738064572
1773837793,4879.400000000001,4880.5650000000005,4878.5650000000005,4880.5650000000005,558,217.2,4975.543257725029
1773837813,4880.7,4880.7,4878.7,4878.7,84,205.8,4975.52248107629
1773837816,4878.645,4878.845,4876.845,4876.845,30,203.4,4975.514919913665
1773837816.001,4875.415,4877.03,4875.03,4877.03,476,222.45,4975.393701478712
1773837827,4877.2300000000005,4877.2300000000005,4875.2300000000005,4875.2300000000005,330,234.5,4975.309442112035
1773837838,4875.095,4876.09,4874.09,4876.09,466,240.05,4975.190135069786
1773837853,4876.29,4876.6,4874.6,4874.6,188,239.65,4975.142007803614
1773837858,4874.55,4876.54,4874.54,4874.54,200,244.55,4975.090828724236
1773837864,4874.465,4876.465,4874.465,4876.465,208,244.75,4975.037973017011
1773837873,4877.18,4878.615,4876.615,4876.615,875,266.05,4974.819552455856
1773837905,4876.125,4876.91,4874.91,4874.91,505,289.4,4974.691740415349
1773837921,4874.7300000000005,4875.975,4873.975,4875.975,370,301.3,4974.598051759281
1773837932,4876.365,4878.3550000000005,4876.3550000000005,4878.3550000000005,104,301.3,4974.572379918355
1773837935,4878.995,4879.78,4877.78,4877.78,138,299.55,4974.538602817358
1773837939,4877.245,4878.55,4876.55,4876.55,330,298.2,4974.456894997906
1773837952,4876.3150000000005,4878.3150000000005,4876.3150000000005,4878.3150000000005,128,296.5,4974.425379710403
1773837958,4878.475,4879.175,4877.175,4877.175,370,307.8,4974.334577866145
1773837973,4877.14,4879.14,4877.14,4879.14,99,297.85,4974.31047003879
1773837976,4879.41,4879.41,4877.41,4877.41,191,298.8,4974.263800859041
1773837981,4877.32,4877.78,4875.78,4875.78,315,298.25,4974.185629541775
1773837992,4875.39,4877.39,4875.39,4877.39,232,281.95,4974.128298343209
1773838005,4877.515,4879.14,4877.14,4879.14,238,289.65,4974.070609892687
1773838015,4879.435,4879.435,4877.435,4877.435,27,289.5,4974.064044372147
1773838016,4877.25,4877.395,4875.395,4875.395,46,268,4974.052622993876
1773838017,4874.97,4875.650000000001,4873.650000000001,4873.650000000001,90,256,4974.02988671844
1773838020,4873.63,4875.63,4873.63,4875.63,148,240.1,4973.992763035959
1773838026,4875.6900000000005,4877.04,4875.04,4877.04,145,237.95,4973.956936309188
1773838038,4877.155,4878.68,4876.68,4878.68,126,234.25,4973.92634831835
1773838045,4878.76,4878.76,4876.76,4876.76,74,227.55,4973.908283205706
1773838048,4876.435,4877.775000000001,4875.775000000001,4875.775000000001,163,191.95,4973.868108979384
1773838058,4875.5,4877.14,4875.14,4875.14,252,179.3,4973.805659879641
1773838073,4874.93,4876.93,4874.93,4876.93,362,178.9,4973.716507708272
1773838088,4877.625,4878.255,4876.255,4876.255,140,180.7,4973.682305274839
1773838093,4876.2,4876.405,4874.405,4874.405,201,183.85,4973.632304547407
1773838102,4874.32,4875.835,4873.835,4873.835,140,174.35,4973.597306881788
1773838107,4873.58,4875.57,4873.57,4875.57,312,183.55,4973.519716693418
1773838119,4875.72,4876.25,4874.25,4876.25,173,173.7,4973.477042780551
1773838128,4876.6050000000005,4877.34,4875.34,4875.34,118,174.65,4973.4480828247115
1773838136,4875.21,4875.735,4873.735,4873.735,385,184.35,4973.352160004393
1773838153,4873.61,4875.385,4873.385,4875.385,578,197.5,4973.2089592914945
1773838186,4875.4400000000005,4875.4400000000005,4873.4400000000005,4873.4400000000005,432,207.5,4973.1015386098325
1773838207,4872.995,4874.13,4872.13,4872.13,337,212.45,4973.016795321446
1773838220,4871.41,4873.41,4871.41,4873.41,157,218.95,4972.977343401638
1773838225,4874.205,4874.205,4872.205,4872.205,91,221.2,4972.954519833037
1773838227,4871.935,4872.87,4870.87,4872.87,286,231,4972.882377767985
1773838243,4873.215,4873.24,4871.24,4871.24,164,231.8,4972.840934418134
1773838252,4870.89,4872.89,4870.89,4872.89,132,231.15,4972.807706852066
1773838259,4873.29,4875.29,4873.29,4875.29,165,233.1,4972.767193542713
1773838268,4875.525000000001,4875.655,4873.655,4875.655,282,243.5,4972.698287181076
1773838281,4876.34,4878.06,4876.06,4878.06,72,238.95,4972.68114227629
1773838284,4878.635,4880.275000000001,4878.275000000001,4880.275000000001,183,235.5,4972.638605704234
1773838290,4881.0650000000005,4882.06,4880.06,4880.06,346,234.7,4972.559253043785
1773838300,4879.58,4880.665,4878.665,4880.665,311,243.25,4972.487479461344
1773838311,4881.045,4882.93,4880.93,4882.93,333,249.85,4972.412630952203
1773838324,4883.555,4885.54,4883.54,4885.54,644,275.05,4972.27241130871
1773838351,4885.63,4887.400000000001,4885.400000000001,4885.400000000001,358,277.35,4972.195718855821
1773838368,4885.01,4886.6050000000005,4884.6050000000005,4886.6050000000005,370,287.2,4972.116481080562
1773838389,4886.695,4888.685,4886.685,4888.685,84,285.5,4972.098945933512
1773838394,4889.245,4890.055,4888.055,4890.055,698,301.15,4971.955889120163
1773838422,4890.5,4891.705,4889.705,4889.705,88,276.65,4971.938102802442
1773838425,4889.27,4890.12,4888.12,4888.12,389,274.5,4971.8580460040375
1773838446,4888.04,4888.1900000000005,4886.1900000000005,4886.1900000000005,162,265.75,4971.823978073507
1773838454,4885.535,4887.465,4885.465,4887.465,283,272.05,4971.764489004867
1773838464,4887.650000000001,4887.650000000001,4885.650000000001,4885.650000000001,328,283.9,4971.6952543374255
1773838476,4885.625,4886.585,4884.585,4886.585,327,285.95,4971.62602083575
1773838487,4886.62,4888.475,4886.475,4888.475,343,294.9,4971.555118530301
1773838500,4888.625,4888.625,4886.625,4886.625,105,293.55,4971.533303960123
1773838503,4886.52,4887.275000000001,4885.275000000001,4885.275000000001,182,294.4,4971.49491326303
1773838512,4885.08,4885.46,4883.46,4883.46,87,284.65,4971.4761847610225
1773838518,4881.14,4883.12,4881.12,4883.12,134,287.75,4971.446801966232
1773838522,4883.1900000000005,4885.13,4883.13,4885.13,216,289.4,4971.400548287724
1773838530,4885.215,4886.900000000001,4884.900000000001,4886.900000000001,215,282.85,4971.355493919657
1773838539,4886.96,4887.18,4885.18,4885.18,361,285.35,4971.279608461577
1773838554,4884.99,4885.76,4883.76,4883.76,721,304.75,4971.125937744121
1773838584,4883.49,4885.49,4883.49,4885.49,71,276.1,4971.110903627662
1773838587,4885.525000000001,4886.29,4884.29,4884.29,331,274.75,4971.040992270222
1773838617,4884.265,4885.3150000000005,4883.3150000000005,4885.3150000000005,161,264.3,4971.00690639622
1773838631,4885.365,4885.625,4883.625,4883.625,96,264.9,4970.986510808671
1773838637,4882.9800000000005,4883.4400000000005,4881.4400000000005,4881.4400000000005,583,259.15,4970.859739343142
1773838664,4881.255,4882.11,4880.11,4880.11,206,265.05,4970.814361770458
1773838673,4879.38,4881.38,4879.38,4881.38,146,252.9,4970.782206036089
1773838682,4881.52,4882.68,4880.68,4880.68,391,264.35,4970.696808010532
1773838709,4880.525000000001,4880.525000000001,4878.525000000001,4878.525000000001,384,269.4,4970.611078451705
1773838726,4878.035,4880.035,4878.035,4880.035,197,262.85,4970.567244588487
1773838734,4880.06,4881.83,4879.83,4879.83,142,253.6,4970.536065306548
1773838740,4878.345,4880.045,4878.045,4880.045,542,263.55,4970.41577955988
1773838773,4880.745,4882.035,4880.035,4882.035,476,282.1,4970.312706112845
1773838796,4882.08,4882.205,4880.205,4880.205,188,282.4,4970.271835178592
1773838801,4878.8550000000005,4879.435,4877.435,4877.435,167,286.4,4970.234436997569
1773838804,4876.675,4877.075,4875.075,4875.075,125,285.95,4970.2057476716855
1773838806,4874.1050000000005,4874.74,4872.74,4872.74,224,286.35,4970.153110229626
1773838810,4871.01,4872.38,4870.38,4870.38,131,282.15,4970.12160297075
1773838812,4869.58,4871.26,4869.26,4869.26,152,271.7,4970.08465703898
1773838815,4867.96,4869.405,4867.405,4867.405,276,249.45,4970.016399419783
1773838820,4867.37,4868.415,4866.415,4866.415,267,259.25,4969.9498140592805
1773838825,4865.6900000000005,4867.17,4865.17,4865.17,217,253.55,4969.895107097137
1773838829,4864.415,4865.27,4863.27,4863.27,129,251.95,4969.862019371278
1773838831,4863.255,4865.255,4863.255,4865.255,63,250.3,4969.8459671253995
1773838832,4865.49,4865.49,4863.49,4863.49,292,235.75,4969.771325261573
1773838837,4863.4800000000005,4864.150000000001,4862.150000000001,4864.150000000001,107,230.8,4969.743825799249
1773838839,4864.915,4865.68,4863.68,4865.68,115,229.25,4969.7147114919735
1773838841,4865.9800000000005,4866.025000000001,4864.025000000001,4864.025000000001,195,219.45,4969.665229175474
1773838845,4863.96,4865.025000000001,4863.025000000001,4865.025000000001,246,212.55,4969.602673795823
1773838850,4865.035,4865.035,4863.035,4863.035,137,209.55,4969.567651085394
1773838853,4862.17,4862.89,4860.89,4860.89,115,208.2,4969.537675041568
1773838855,4858.27,4860.27,4858.27,4860.27,70,184.6,4969.51910697812
1773838856,4861.485,4862.725,4860.725,4860.725,150,168.3,4969.479986404336
1773838859,4860.5650000000005,4861.825,4859.825,4859.825,216,169.7,4969.423233833724
1773838863,4859.665,4860.28,4858.28,4858.28,182,170.45,4969.374782818582
1773838867,4858.12,4859.7,4857.7,4859.7,169,172.65,4969.32986590712
1773838871,4859.8150000000005,4861.255,4859.255,4859.255,53,164.1,4969.31590046153
1773838872,4856.635,4857.895,4855.895,4857.895,110,163.05,4969.286213609648
1773838874,4857.955,4858.06,4856.06,4856.06,397,175.3,4969.178722653869
1773838882,4855.935,4857.85,4855.85,4857.85,95,166.25,4969.153135404767
1773838884,4858.36,4858.36,4856.36,4856.36,123,159.05,4969.119977684975
1773838887,4853.775000000001,4855.775000000001,4853.775000000001,4855.775000000001,88,152.6,4969.095861344403
1773838889,4856.015,4856.015,4854.015,4854.015,116,151.95,4969.063968272849
1773838892,4853.49,4855.485,4853.485,4855.485,238,160.7,4968.998666238372
1773838898,4855.56,4856.41,4854.41,4854.41,198,156,4968.944518981639
1773838903,4854.295,4855.76,4853.76,4853.76,239,162.6,4968.878855233032
1773838909,4853.71,4855.325,4853.325,4855.325,127,163.2,4968.844063975018
1773838913,4855.755,4857.31,4855.31,4857.31,224,164.65,4968.783817350963
1773838919,4858.6900000000005,4859.975,4857.975,4857.975,191,161.9,4968.733411942716
1773838923,4857.54,4858.905,4856.905,4856.905,142,162.15,4968.695603727097
1773838927,4856.77,4858,4856,4856,139,163.35,4968.658317973214
1773838931,4855.995,4857.995,4855.995,4857.995,107,165.2,4968.629802368419
1773838934,4858.96,4860.38,4858.38,4858.38,143,164.85,4968.592303532828
1773838938,4858.025000000001,4860.025000000001,4858.025000000001,4860.025000000001,99,159,4968.56643164852
1773838941,4860.335,4860.505,4858.505,4860.505,288,164.3,4968.491568119532
1773838949,4861.35,4861.695,4859.695,4859.695,98,160.75,4968.4662398127675
1773838951,4859.56,4861.56,4859.56,4861.56,118,164,4968.435908115548
1773838954,4862.135,4862.135,4860.135,4860.135,106,163.8,4968.408652365789
1773838956,4860.075,4862.02,4860.02,4862.02,149,151.4,4968.370559664365
1773838960,4862.325,4863.08,4861.08,4861.08,325,162.9,4968.287870573862
1773838966,4860.985,4861.24,4859.24,4861.24,283,170.9,4968.21518003399
1773838973,4861.555,4863.13,4861.13,4863.13,539,193.45,4968.079431226855
1773838984,4863.9800000000005,4863.9800000000005,4861.9800000000005,4861.9800000000005,91,192.2,4968.056586699716
1773838986,4860.92,4862.42,4860.42,4860.42,299,195.25,4967.980485944063
1773838995,4860.04,4860.46,4858.46,4858.46,236,197.15,4967.919396244976
1773839000,4857.655,4857.91,4855.91,4857.91,480,209.2,4967.793210059676
1773839014,4858.03,4859.945,4857.945,4859.945,224,214.05,4967.73550376877
1773839021,4860.650000000001,4861.685,4859.685,4861.685,229,214.3,4967.677518242403
1773839027,4861.77,4861.985,4859.985,4861.985,496,229.55,4967.552493581389
1773839041,4862.045,4862.77,4860.77,4860.77,206,232.75,4967.500712106426
1773839046,4860.495,4862.135,4860.135,4860.135,384,245,4967.40374511289
1773839058,4859.745,4861.745,4859.745,4861.745,70,243.15,4967.3861336535665
1773839059,4862.745,4864.615,4862.615,4864.615,248,248.4,4967.325468904456
1773839066,4864.72,4865.35,4863.35,4865.35,120,249.45,4967.296349053616
1773839069,4865.495,4865.495,4863.495,4863.495,671,268.6,4967.132998327233
1773839088,4863.415,4864.41,4862.41,4862.41,280,277.7,4967.0642703731055
1773839096,4862.21,4862.47,4860.47,4860.47,253,284.45,4967.001090691418
1773839103,4859.905,4861.285,4859.285,4861.285,180,288.15,4966.955966725736
1773839108,4861.36,4863.055,4861.055,4863.055,129,287.15,4966.924189315361
1773839112,4863.150000000001,4864.415,4862.415,4862.415,546,298.2,4966.79079382893
1773839127,4862.245,4863.695,4861.695,4863.695,722,320.15,4966.614833963189
1773839145,4863.95,4865.03,4863.03,4865.03,138,300.1,4966.581702226908
1773839148,4865.49,4865.87,4863.87,4863.87,400,315.55,4966.485952047517
1773839159,4862.9800000000005,4864.33,4862.33,4862.33,173,309.25,4966.443971025708
1773839163,4862.05,4862.965,4860.965,4860.965,188,306.85,4966.39778716599
1773839169,4860.825,4861.32,4859.32,4859.32,313,298.5,4966.319780273915
1773839179,4859.115,4859.14,4857.14,4857.14,85,291.55,4966.298182135364
1773839183,4856.75,4857.88,4855.88,4857.88,147,287.45,4966.26064617992
1773839186,4858.89,4859.75,4857.75,4859.75,392,282.25,4966.162390805943
1773839195,4859.97,4861.1900000000005,4859.1900000000005,4861.1900000000005,245,284.2,4966.101897235727
1773839201,4861.195,4861.425,4859.425,4859.425,261,278.05,4966.037266061826
1773839207,4859.400000000001,4860.645,4858.645,4860.645,319,290.5,4965.958294959775
1773839217,4861.015,4862.87,4860.87,4862.87,488,302.5,4965.840245351762
1773839235,4863.045,4864.650000000001,4862.650000000001,4864.650000000001,210,307,4965.790399035542
1773839240,4864.665,4864.665,4862.665,4862.665,81,277.5,4965.7710626500375
1773839242,4861.97,4863.295,4861.295,4863.295,735,300.25,4965.594733478472
1773839267,4863.35,4864.47,4862.47,4864.47,115,293.35,4965.567513298874
1773839272,4864.92,4865.58,4863.58,4863.58,332,300.95,4965.489353433354
1773839285,4863.05,4863.985,4861.985,4861.985,93,299.15,4965.467136284655
1773839289,4861.805,4863.45,4861.45,4863.45,282,285.95,4965.399913001794
1773839302,4864.085,4865.900000000001,4863.900000000001,4865.900000000001,164,258.05,4965.36179149649
1773839306,4865.995,4865.995,4863.995,4865.995,574,279.85,4965.228720804926
1773839334,4866.585,4866.585,4864.585,4864.585,108,265.25,4965.2037034930345
1773839337,4864.53,4865.89,4863.89,4865.89,230,268.1,4965.150452494644
1773839345,4866.725,4867.68,4865.68,4865.68,298,273.6,4965.082316683252
1773839354,4865.66,4866.195,4864.195,4864.195,150,265.45,4965.047540386633
1773839358,4863.275000000001,4865.275000000001,4863.275000000001,4865.275000000001,445,283.45,4964.9442520461425
1773839369,4866.650000000001,4866.650000000001,4864.650000000001,4864.650000000001,129,282.55,4964.914560837296
1773839372,4864.02,4865.795,4863.795,4865.795,430,284.45,4964.815530921983
1773839387,4865.82,4865.82,4863.82,4863.82,154,279.9,4964.779884197203
1773839395,4863.81,4864.01,4862.01,4862.01,102,271.95,4964.755862127295
1773839398,4861.825,4863.54,4861.54,4861.54,369,274.45,4964.668653396605
1773839409,4861.5,4863.2,4861.2,4863.2,283,264.2,4964.602083087668
1773839420,4863.235,4864.555,4862.555,4862.555,160,261.7,4964.564738107957
1773839431,4862.165,4863.645,4861.645,4863.645,142,264.75,4964.5315379498925
1773839444,4864.1,4864.225,4862.225,4862.225,49,230.45,4964.52007682017
1773839448,4861.8550000000005,4862.21,4860.21,4860.21,144,231.9,4964.485742572626
1773839456,4859.585,4860.650000000001,4858.650000000001,4858.650000000001,181,224.35,4964.4419692834
1773839461,4858.095,4859.8150000000005,4857.8150000000005,4859.8150000000005,108,225.1,4964.415825972775
1773839463,4860.39,4860.39,4858.39,4858.39,128,217.4,4964.38483114765
1773839466,4857.835,4858.725,4856.725,4856.725,150,216.7,4964.347958483247
1773839470,4856.635,4857.185,4855.185,4855.185,214,198.7,4964.294640658633
1773839476,4854.57,4855.4800000000005,4853.4800000000005,4853.4800000000005,303,208.45,4964.218052643095
1773839488,4853.25,4854.06,4852.06,4854.06,260,209.95,4964.151969206319
1773839496,4855.400000000001,4856.16,4854.16,4854.16,201,205.1,4964.101596042933
1773839504,4854.005,4854.2300000000005,4852.2300000000005,4852.2300000000005,132,204.2,4964.06795657983
1773839508,4849.645,4851.645,4849.645,4851.645,59,184.9,4964.052668000238
1773839509,4852.005,4852.645,4850.645,4850.645,151,186,4964.013673714729
1773839513,4850.625,4852.55,4850.55,4852.55,110,170,4963.985428261628
1773839515,4852.96,4853.445,4851.445,4853.445,189,171.75,4963.9373178475225
1773839520,4854.6050000000005,4855.49,4853.49,4855.49,452,189.25,4963.8245424036295
1773839531,4855.895,4857.395,4855.395,4855.395,220,181.8,4963.770358645016
1773839537,4855.385,4857.385,4855.385,4857.385,162,175.75,4963.730737555793
1773839542,4857.395,4859.18,4857.18,4859.18,201,177.8,4963.682442712473
1773839547,4859.31,4860.175,4858.175,4860.175,427,192.05,4963.5809624640215
1773839559,4860.685,4861.365,4859.365,4859.365,341,206.65,4963.50046954928
1773839571,4858.585,4859.35,4857.35,4859.35,455,222.2,4963.3918646068405
1773839585,4859.385,4859.92,4857.92,4859.92,276,226.95,4963.326453189564
1773839593,4861.1900000000005,4862.845,4860.845,4862.845,272,235.15,4963.263879610655
1773839602,4863.5650000000005,4863.5650000000005,4861.5650000000005,4861.5650000000005,169,237.2,4963.22506064595
1773839609,4861.21,4862.8550000000005,4860.8550000000005,4862.8550000000005,156,237.5,4963.189238859192
1773839617,4863.385,4865.085,4863.085,4865.085,275,240.55,4963.127546162017
1773839627,4865.13,4865.6900000000005,4863.6900000000005,4863.6900000000005,265,238.65,4963.068132611801
1773839636,4863.295,4864.225,4862.225,4862.225,487,250,4962.95751467584
1773839648,4862.03,4863.965,4861.965,4863.965,308,255.35,4962.887964901509
1773839655,4864.1050000000005,4864.1050000000005,4862.1050000000005,4862.1050000000005,841,290.8,4962.697549670573
1773839680,4862.055,4862.395,4860.395,4860.395,172,296.45,4962.658030527726
1773839689,4859.745,4860.41,4858.41,4858.41,300,303.9,4962.587829988343
1773839700,4858.12,4858.88,4856.88,4856.88,242,310.5,4962.530434851982
1773839706,4856.8550000000005,4857.22,4855.22,4855.22,92,305.65,4962.508286913508
1773839709,4854.925,4854.99,4852.99,4852.99,171,291.6,4962.466284582365
1773839713,4852.8550000000005,4852.8550000000005,4850.8550000000005,4850.8550000000005,81,284.65,4962.446009890098
1773839715,4850.75,4851.025000000001,4849.025000000001,4849.025000000001,191,286.1,4962.397442747318
1773839719,4847.84,4849.84,4847.84,4849.84,205,286.3,4962.345122721283
1773839723,4849.89,4851.54,4849.54,4851.54,278,278.85,4962.275313485557
1773839731,4851.84,4851.84,4849.84,4849.84,157,269.65,4962.235797830218
1773839736,4849.82,4850.27,4848.27,4848.27,107,252.25,4962.208504579267
1773839739,4848.16,4848.43,4846.43,4846.43,124,244.65,4962.1763779353305
1773839742,4846.04,4848.04,4846.04,4848.04,132,237.65,4962.142280476355
1773839746,4848.81,4849.25,4847.25,4847.25,151,236.75,4962.103484418733
1773839751,4843.74,4845.74,4843.74,4845.74,163,237.1,4962.060592712845
1773839755,4846.26,4847.245,4845.245,4847.245,244,235.55,4961.997270680241
1773839761,4848.14,4848.14,4846.14,4846.14,69,225.75,4961.9794120330125
1773839762,4845.555,4846.6050000000005,4844.6050000000005,4844.6050000000005,154,209.1,4961.939042608071
1773839766,4844.29,4845.575,4843.575,4845.575,216,204.5,4961.882291401473
1773839772,4846.045,4846.495,4844.495,4844.495,353,180.1,4961.789864204925
1773839782,4844.22,4845.575,4843.575,4843.575,360,189.5,4961.695012451192
1773839794,4842.18,4843.075,4841.075,4841.075,334,191.2,4961.605277689431
1773839802,4840.61,4842.155,4840.155,4842.155,148,186.5,4961.565473944526
1773839807,4842.215,4843.465,4841.465,4843.465,267,195.25,4961.494515194981
1773839813,4843.55,4844.09,4842.09,4844.09,170,195.2,4961.449617293092
1773839818,4844.99,4846.04,4844.04,4846.04,339,208.1,4961.361664990315
1773839827,4846.07,4846.845,4844.845,4844.845,116,204.35,4961.331635673362
1773839830,4843.1050000000005,4845.1050000000005,4843.1050000000005,4845.1050000000005,110,199.6,4961.302910212246
1773839833,4845.205,4846.475,4844.475,4844.475,507,211.05,4961.171489963173
1773839852,4844.1050000000005,4845.04,4843.04,4845.04,292,217.8,4961.095434743826
1773839866,4845.18,4845.895,4843.895,4843.895,110,217.95,4961.06685567087
1773839870,4843.63,4843.63,4841.63,4841.63,107,217.1,4961.038529276499
1773839877,4841.61,4841.905,4839.905,4839.905,163,218.65,4960.994777316058
1773839881,4839.31,4840.74,4838.74,4838.74,274,224.8,4960.920591833509
1773839887,4838.6900000000005,4838.865,4836.865,4836.865,176,225.45,4960.872253026308
1773839893,4836.6,4837.585,4835.585,4835.585,164,221.45,4960.826777031383
1773839897,4835.525000000001,4836.38,4834.38,4836.38,58,220.9,4960.810632535148
1773839898,4836.66,4838.42,4836.42,4838.42,60,216.2,4960.794207996229
1773839899,4838.58,4840.195,4838.195,4840.195,346,222.7,4960.700943763898
1773839907,4840.34,4841.4400000000005,4839.4400000000005,4839.4400000000005,378,223.95,4960.599703290612
1773839914,4838.5650000000005,4840.5650000000005,4838.5650000000005,4840.5650000000005,107,211.3,4960.571026638217
1773839916,4841.585,4843.545,4841.545,4843.545,184,203.8,4960.5229623624655
1773839920,4843.61,4844.905,4842.905,4842.905,152,204,4960.483520518272
1773839923,4842.445,4843.455,4841.455,4843.455,140,197.65,4960.446972785118
1773839926,4843.705,4844.275000000001,4842.275000000001,4844.275000000001,528,215.55,4960.310298818566
1773839940,4844.42,4845.900000000001,4843.900000000001,4845.900000000001,67,201.95,4960.293219752097
1773839943,4845.935,4846.915,4844.915,4844.915,348,213.55,4960.204860369305
1773839950,4844.905,4846.905,4844.905,4846.905,104,213.25,4960.178631657488
1773839952,4847.01,4848.28,4846.28,4848.28,240,199.9,4960.118879790003
1773839958,4848.89,4850.085,4848.085,4850.085,362,203.4,4960.03031798282
1773839966,4850.13,4851.02,4849.02,4851.02,274,211.6,4959.963945005563
1773839972,4851.625,4851.625,4849.625,4849.625,356,224.05,4959.8777800325015
1773839982,4848.9800000000005,4850.9800000000005,4848.9800000000005,4850.9800000000005,203,226.05,4959.828716924098
1773839992,4851.365,4851.92,4849.92,4851.92,572,240.95,4959.691890766208
1773840031,4851.9400000000005,4853.37,4851.37,4853.37,222,243.25,4959.63958859993
1773840042,4853.625,4854.845,4852.845,4854.845,339,252,4959.5609206331055
1773840056,4855.775000000001,4856.93,4854.93,4856.93,295,263.85,4959.493911242856
1773840070,4857.04,4857.56,4855.56,4855.56,187,270.2,4959.451464035997
1773840081,4855.35,4855.78,4853.78,4853.78,147,260.25,4959.417545969132
1773840088,4853.6050000000005,4855.16,4853.16,4855.16,152,248.95,4959.3825128430435
1773840094,4855.175,4857.135,4855.135,4857.135,157,251.45,4959.34703275384
1773840101,4857.185,4859.06,4857.06,4859.06,617,273.1,4959.210439507705
1773840122,4859.115,4860.425,4858.425,4860.425,524,291.7,4959.096291498919
1773840140,4860.535,4862.42,4860.42,4862.42,195,294.45,4959.054731382084
1773840147,4862.86,4863.285,4861.285,4861.285,139,275,4959.025188477299
1773840153,4861.06,4862.08,4860.08,4860.08,183,280.8,4958.9858387940185
1773840160,4860.06,4862.06,4860.06,4862.06,137,270.25,4958.95659468378
1773840167,4863.0650000000005,4863.2300000000005,4861.2300000000005,4861.2300000000005,636,296.85,4958.821762139203
1773840195,4861.0650000000005,4862.845,4860.845,4860.845,376,303.65,4958.741909942589
1773840228,4860.8150000000005,4861.96,4859.96,4859.96,566,313.85,4958.620861862518
1773840263,4859.905,4860.9400000000005,4858.9400000000005,4858.9400000000005,136,306.95,4958.591518313846
1773840272,4857.97,4858.29,4856.29,4856.29,176,297.95,4958.55255417696
1773840281,4855.905,4857.085,4855.085,4857.085,279,301.75,4958.490521380064
1773840293,4857.22,4859.145,4857.145,4859.145,239,285.1,4958.438513301423
1773840300,4859.4800000000005,4859.865,4857.865,4857.865,194,283.7,4958.396359797361
1773840305,4857.705,4859.705,4857.705,4859.705,98,271.65,4958.375187246863
1773840308,4859.985,4860.88,4858.88,4860.88,777,295.75,4958.209619864446
1773840341,4861.375,4861.5650000000005,4859.5650000000005,4861.5650000000005,188,295.8,4958.169923121492
1773840349,4862.075,4863.45,4861.45,4863.45,155,296.2,4958.137852543247
1773840354,4863.6900000000005,4865.67,4863.67,4865.67,425,309.85,4958.052072316122
1773840369,4865.95,4866.035,4864.035,4864.035,177,310.85,4958.016278293844
1773840374,4863.455,4864.8,4862.8,4862.8,907,325.35,4957.830867257921
1773840412,4862.62,4862.775000000001,4860.775000000001,4860.775000000001,164,307.35,4957.796701834584
1773840419,4860.71,4862.05,4860.05,4860.05,478,321.5,4957.696511929928
1773840437,4860.045,4860.125,4858.125,4858.125,212,325.15,4957.6512616958935
1773840443,4857.97,4859.63,4857.63,4859.63,223,327.15,4957.603790809426
1773840454,4859.92,4860.3,4858.3,4860.3,885,364.55,4957.417123364403
1773840488,4860.625,4860.965,4858.965,4860.965,186,342.05,4957.3782481759445
1773840493,4861.18,4862.965,4860.965,4860.965,649,355.7,4957.244706100633
1773840515,4860.7,4861.015,4859.015,4859.015,218,338.3,4957.199019531611
1773840522,4858.93,4859.595,4857.595,4859.595,581,360.55,4957.076528250063
1773840544,4859.865,4861.26,4859.26,4861.26,518,377.65,4956.96942463596
1773840567,4861.365,4862.400000000001,4860.400000000001,4862.400000000001,146,371,4956.939636642597
1773840576,4862.425,4863.135,4861.135,4861.135,430,380.55,4956.852075932148
1773840600,4856.79,4858.79,4856.79,4858.79,257,383.7,4956.797797806485
1773840604,4859.33,4860.205,4858.205,4858.205,190,388.3,4956.75801239724
1773840607,4857.875,4859.875,4857.875,4859.875,114,355.15,4956.734238713879
1773840609,4860.295,4860.435,4858.435,4860.435,117,351.6,4956.7099914865885
1773840611,4860.4400000000005,4860.915,4858.915,4858.915,453,366.5,4956.6160449023755
1773840620,4858.545,4859.25,4857.25,4857.25,185,354.5,4956.577073007536
1773840625,4857.245,4857.6900000000005,4855.6900000000005,4855.6900000000005,510,371.15,4956.468099926023
1773840637,4854.74,4855.545,4853.545,4853.545,230,337.3,4956.417981380185
1773840642,4853.185,4855.045,4853.045,4855.045,477,352.95,4956.314365555144
1773840652,4855.9800000000005,4856.905,4854.905,4854.905,239,341,4956.263134968007
1773840656,4854.81,4855.705,4853.705,4855.705,371,348.95,4956.183292123243
1773840663,4855.86,4856.89,4854.89,4854.89,161,345.85,4956.148859880491
1773840666,4854.66,4856.295,4854.295,4856.295,183,310.75,4956.109779076328
1773840671,4857.155,4857.635,4855.635,4857.635,249,313.9,4956.057360821216
1773840679,4857.67,4857.87,4855.87,4857.87,103,286.6,4956.035745356125
1773840682,4858.015,4858.015,4856.015,4856.015,180,284.7,4955.997794176946
1773840687,4855.975,4856.765,4854.765,4856.765,419,276.6,4955.909046243433
1773840697,4857.46,4858.925,4856.925,4858.925,310,266.2,4955.844905669777
1773840703,4859.185,4860.635,4858.635,4858.635,243,271.05,4955.795223527224
1773840710,4857.56,4857.72,4855.72,4857.72,327,265.9,4955.7268920637725
1773840719,4858.035,4858.035,4856.035,4856.035,485,277.3,4955.62535757575
1773840729,4855.635,4855.76,4853.76,4853.76,141,274.85,4955.595200406496
1773840732,4852.985,4853.95,4851.95,4853.95,243,281.3,4955.542682686313
1773840739,4854.71,4856.405,4854.405,4856.405,202,285.55,4955.500114108254
1773840744,4857.005,4858.465,4856.465,4858.465,177,271.75,4955.463613359595
1773840752,4861.015,4861.875,4859.875,4861.875,237,274.35,4955.416487111496
1773840757,4862.9800000000005,4863.28,4861.28,4861.28,315,264.6,4955.354414175959
1773840764,4861.2,4861.255,4859.255,4859.255,102,258.2,4955.333896671315
1773840767,4858.985,4859.715,4857.715,4859.715,170,242.85,4955.299407604146
1773840772,4860.53,4860.93,4858.93,4858.93,138,237.8,4955.271588153355
1773840776,4858.89,4859.36,4857.36,4857.36,266,232.55,4955.217131570549
1773840783,4856.885,4856.885,4854.885,4854.885,246,236.8,4955.165542611523
1773840788,4854.67,4855.84,4853.84,4855.84,135,234.4,4955.13714684839
1773840791,4855.88,4856.665,4854.665,4856.665,124,228.15,4955.111294157857
1773840793,4857.27,4857.55,4855.55,4855.55,288,237.4,4955.051433349872
1773840801,4854.86,4856.86,4854.86,4856.86,164,236.6,4955.017370276764
1773840806,4856.935,4856.975,4854.975,4854.975,472,239.25,4954.91891942711
1773840819,4854.835,4856.675,4854.675,4854.675,293,238.4,4954.8577184985725
1773840829,4852.83,4853.55,4851.55,4851.55,293,240.9,4954.794673284144
1773840836,4850.735,4852.59,4850.59,4852.59,171,233.1,4954.757809640169
1773840839,4852.6900000000005,4853.97,4851.97,4851.97,181,217.9,4954.719089466221
1773840843,4851.55,4853.55,4851.55,4853.55,100,215.85,4954.697761355645
1773840845,4854.455,4855.07,4853.07,4853.07,525,229.95,4954.5868724280745
1773840859,4852.685,4854.685,4852.685,4854.685,180,228.85,4954.5490154482595
1773840863,4855.195,4857.025000000001,4855.025000000001,4857.025000000001,252,232.6,4954.497296066925
1773840872,4857.215,4858.66,4856.66,4858.66,131,227.3,4954.470879276724
1773840877,4859.445,4859.585,4857.585,4859.585,292,226.15,4954.412612122331
1773840887,4859.71,4860.47,4858.47,4858.47,242,233.15,4954.364486329062
1773840896,4858.295,4858.295,4856.295,4856.295,195,234.4,4954.324857733717
1773840902,4856.245,4858.245,4856.245,4858.245,113,233.15,4954.302053579255
1773840905,4858.665,4860.52,4858.52,4860.52,89,224.3,4954.284522622257
1773840907,4860.75,4860.75,4858.75,4858.75,181,221.05,4954.248725073248
1773840911,4858.71,4860.71,4858.71,4860.71,95,219.05,4954.230071201233
1773840913,4861.185,4861.185,4859.185,4859.185,85,217.1,4954.213353204048
1773840915,4858.7300000000005,4860.72,4858.72,4860.72,109,208.15,4954.191969295427
1773840918,4860.895,4861.1050000000005,4859.1050000000005,4859.1050000000005,177,208.8,4954.157161815983
1773840923,4858.955,4860.955,4858.955,4860.955,118,191.1,4954.134098029667
1773840927,4861.225,4862.005,4860.005,4860.005,218,187.35,4954.0916923843315
1773840934,4859.835,4860.31,4858.31,4860.31,191,182.25,4954.054161803618
1773840939,4860.435,4861.205,4859.205,4861.205,300,188.7,4953.995831678679
1773840947,4861.4800000000005,4862.895,4860.895,4862.895,561,207.7,4953.888918310404
1773840961,4863.775000000001,4863.9800000000005,4861.9800000000005,4861.9800000000005,253,215.35,4953.841003624073
1773840966,4860.8,4862.555,4860.555,4860.555,248,201.5,4953.793351530797
1773840971,4859.725,4859.985,4857.985,4857.985,244,204.7,4953.745215584188
1773840977,4857.92,4858.96,4856.96,4856.96,180,201.1,4953.709354245307
1773840982,4856.8550000000005,4857.21,4855.21,4855.21,303,209.7,4953.647949670023
1773840989,4854.405,4855.91,4853.91,4855.91,595,224.85,4953.526814120512
1773841002,4856.195,4857.695,4855.695,4857.695,256,225.55,4953.475731912758
1773841008,4858.335,4859.825,4857.825,4859.825,168,224.2,4953.442978280452
1773841012,4860.375,4861.17,4859.17,4859.17,329,235,4953.379362603341
1773841021,4859.05,4860.04,4858.04,4858.04,160,238.55,4953.348082776822
1773841024,4858.02,4860.02,4858.02,4860.02,175,238.25,4953.314127729721
1773841028,4860.215,4860.7300000000005,4858.7300000000005,4860.7300000000005,384,252.7,4953.240268913687
1773841037,4861.705,4862.045,4860.045,4862.045,330,264.95,4953.177784370233
1773841049,4862.58,4863.925,4861.925,4861.925,399,279.45,4953.103345360936
1773841060,4861.645,4862.4800000000005,4860.4800000000005,4860.4800000000005,410,291.1,4953.025762353559
1773841074,4860.475,4861.145,4859.145,4861.145,232,296.8,4952.981600780492
1773841081,4861.165,4861.75,4859.75,4859.75,182,295,4952.946963201163
1773841086,4859.535,4860.9800000000005,4858.9800000000005,4858.9800000000005,174,294.15,4952.9135970140715
1773841091,4858.79,4860.79,4858.79,4860.79,97,284,4952.895101692889
1773841093,4860.85,4860.985,4858.985,4858.985,101,261,4952.875753640849
1773841095,4858.88,4860.695,4858.695,4860.695,654,281.05,4952.751169699773
1773841114,4861.215,4861.215,4859.215,4859.215,178,277.55,4952.717265849435
1773841118,4858.875,4860.875,4858.875,4860.875,158,273.25,4952.687297974729
1773841122,4862.235,4862.685,4860.685,4862.685,239,276.2,4952.642890202713
1773841132,4862.805,4863.295,4861.295,4861.295,227,272.4,4952.6007260212
1773841140,4860.675,4861.805,4859.805,4861.805,617,273.5,4952.485279820687
1773841154,4862.6,4863.32,4861.32,4863.32,245,272.95,4952.440277884561
1773841161,4863.36,4865.145,4863.145,4865.145,459,287.5,4952.357800590237
1773841174,4865.74,4867.22,4865.22,4867.22,381,290.1,4952.291070165451
1773841184,4867.59,4869.41,4867.41,4869.41,154,289.8,4952.264815413009
1773841187,4869.455,4870.16,4868.16,4868.16,375,299.8,4952.201016064719
1773841195,4867.56,4868.8,4866.8,4868.8,329,297.05,4952.144658262732
1773841203,4868.84,4869.8,4867.8,4869.8,420,301.55,4952.073676922882
1773841214,4869.915,4869.93,4867.93,4867.93,257,294.45,4952.030022284899
1773841221,4867.91,4869.52,4867.52,4869.52,439,295.9,4951.955787278556
1773841233,4869.74,4869.74,4867.74,4867.74,130,290.8,4951.933711650356
1773841236,4867.54,4867.925,4865.925,4867.925,446,304,4951.857023840471
1773841247,4868.36,4870.21,4868.21,4870.21,260,308.3,4951.813587771003
1773841254,4870.61,4872.25,4870.25,4872.25,129,309.9,4951.792587771363
1773841257,4872.42,4874.32,4872.32,4874.32,166,313.15,4951.766277671068
1773841263,4874.92,4876.795,4874.795,4876.795,160,288.45,4951.741738271604
1773841268,4877.01,4878.61,4876.61,4878.61,196,289.35,4951.7124202466775
1773841273,4878.66,4879.6,4877.6,4877.6,245,293.7,4951.675965941402
1773841279,4877.2,4879.2,4877.2,4879.2,443,303.9,4951.610381507657
1773841286,4879.61,4879.745,4877.745,4877.745,386,311.85,4951.553236533396
1773841294,4877.655,4878.61,4876.61,4878.61,360,299,4951.499680311269
1773841303,4878.785,4880.375,4878.375,4880.375,787,326.1,4951.385674285934
1773841325,4881.01,4882.68,4880.68,4882.68,265,316.4,4951.348599296971
1773841334,4882.735,4884.6900000000005,4882.6900000000005,4884.6900000000005,245,309.6,4951.315350308547
1773841342,4885.415,4885.6900000000005,4883.6900000000005,4883.6900000000005,159,309.85,4951.293896760071
1773841346,4882.975,4883.665,4881.665,4881.665,252,303.7,4951.258895275734
1773841353,4881.14,4881.725,4879.725,4881.725,367,305.6,4951.207043888395
1773841365,4882.07,4882.59,4880.59,4880.59,466,307.9,4951.141501451058
1773841383,4880.41,4881.76,4879.76,4879.76,316,310.85,4951.0965991735975
1773841393,4879.715,4880.14,4878.14,4878.14,400,308.9,4951.038541499354
1773841411,4877.72,4878.2,4876.2,4876.2,151,309.95,4951.016060978005
1773841415,4876.1900000000005,4876.675,4874.675,4874.675,216,298.45,4950.983266204948
1773841422,4874.650000000001,4876.075,4874.075,4874.075,291,300,4950.938779173372
1773841430,4873.335,4873.535,4871.535,4871.535,150,301.05,4950.915104250194
1773841433,4871.18,4873.18,4871.18,4873.18,225,304,4950.879759054335
1773841442,4873.935,4874.97,4872.97,4872.97,254,308.7,4950.8404679348705
1773841450,4872.5650000000005,4873.46,4871.46,4871.46,279,312.85,4950.796512403382
1773841457,4871.015,4871.505,4869.505,4871.505,304,315.8,4950.747890634485
1773841467,4871.99,4872.01,4870.01,4870.01,123,299.8,4950.728195043557
1773841470,4869.51,4871.12,4869.12,4871.12,237,292.35,4950.690166511427
1773841478,4871.535,4872.5650000000005,4870.5650000000005,4872.5650000000005,322,290.45,4950.639486198122
1773841494,4873.78,4874.3150000000005,4872.3150000000005,4874.3150000000005,207,261.45,4950.607663731455
1773841503,4874.775000000001,4875.725,4873.725,4875.725,108,253.6,4950.5913751448215
1773841507,4875.755,4876.345,4874.345,4874.345,230,252.85,4950.556688466402
1773841512,4874.235,4876.2,4874.2,4874.2,155,252.65,4950.533285781069
1773841516,4874.11,4874.25,4872.25,4872.25,203,250.2,4950.501868377104
1773841523,4871.665,4871.915,4869.915,4869.915,613,262.5,4950.4043006773945
1773841544,4869.515,4871.155,4869.155,4871.155,284,253.4,4950.359125969337
1773841551,4871.205,4871.8550000000005,4869.8550000000005,4869.8550000000005,93,242.25,4950.344350110751
1773841553,4869.635,4871.555,4869.555,4871.555,293,236.9,4950.29804762322
1773841561,4871.62,4871.62,4869.62,4869.62,338,246.25,4950.2442966259405
1773841570,4869.5650000000005,4870.49,4868.49,4870.49,211,246,4950.210584379511
1773841575,4870.8550000000005,4870.8550000000005,4868.8550000000005,4868.8550000000005,97,236.3,4950.195037690693
1773841577,4867.265,4869.265,4867.265,4869.265,210,239.3,4950.161015437313
1773841583,4869.49,4871.11,4869.11,4871.11,153,235.7,4950.136805963844
1773841589,4871.71,4872.575,4870.575,4872.575,301,238.05,4950.090095820179
1773841595,4873.02,4874.02,4872.02,4872.02,239,236.05,4950.053415585562
1773841600,4871.955,4872.64,4870.64,4870.64,145,228.1,4950.030782185772
1773841603,4870.36,4872.16,4870.16,4870.16,168,230.35,4950.004415132954
1773841608,4870.12,4872.12,4870.12,4872.12,250,231,4949.9655212191365
1773841614,4872.795,4874.400000000001,4872.400000000001,4872.400000000001,370,233.4,4949.909210260008
1773841622,4872.28,4874.28,4872.28,4874.28,176,231.85,4949.882643792096
1773841626,4874.405,4875.06,4873.06,4875.06,371,245,4949.827275542372
1773841634,4875.275000000001,4876.925,4874.925,4876.925,501,258.55,4949.754480178047
1773841644,4877.665,4877.665,4875.665,4875.665,247,263.15,4949.718679796782
1773841651,4874.535,4875.545,4873.545,4875.545,283,267.15,4949.676892974445
1773841657,4876.06,4877.475,4875.475,4877.475,219,247.45,4949.645421737441
1773841662,4878.405,4879.495,4877.495,4877.495,384,252.45,4949.591328953328
1773841674,4877.445,4879.1,4877.1,4877.1,470,271.3,4949.5248674514305
1773841688,4877.08,4877.7,4875.7,4875.7,474,280.35,4949.45665950697
1773841702,4875.595,4876.275000000001,4874.275000000001,4874.275000000001,269,276.9,4949.417253736875
1773841709,4873.79,4874.135,4872.135,4872.135,907,311.7,4949.280885067425
1773841733,4871.735,4872.745,4870.745,4870.745,203,317,4949.249876688643
1773841737,4870.595,4871.08,4869.08,4869.08,643,338.65,4949.149723356907
1773841758,4868.485,4869.62,4867.62,4869.62,894,375.7,4949.00950589361
1773841792,4869.85,4871.71,4869.71,4871.71,56,363.45,4949.000967887764
1773841794,4872.075,4872.685,4870.685,4870.685,328,367.9,4948.951194737428
1773841803,4870.46,4870.785,4868.785,4868.785,242,372.75,4948.913614604887
1773841809,4867.905,4869.57,4867.57,4869.57,199,374.3,4948.88252548122
1773841813,4869.655,4870.345,4868.345,4868.345,234,373.5,4948.846048790348
1773841820,4867.81,4868.585,4866.585,4866.585,102,360.1,4948.829808821068
1773841822,4866.49,4868.49,4866.49,4868.49,126,357.6,4948.809897123321
1773841824,4868.81,4869.645,4867.645,4869.645,205,349.3,4948.777983739241
1773841828,4869.775000000001,4870.185,4868.185,4868.185,149,331.7,4948.754767372124
1773841831,4868.13,4870.115,4868.115,4870.115,219,330.3,4948.720923086323
1773841835,4870.975,4871.785,4869.785,4869.785,575,344.9,4948.633322799723
1773841850,4869.53,4869.71,4867.71,4867.71,132,340.55,4948.612707488466
1773841853,4867.575,4868.6,4866.6,4866.6,127,327.7,4948.592608799559
1773841856,4866.575,4867.05,4865.05,4865.05,207,314.55,4948.559246840192
1773841861,4864.545,4866.545,4864.545,4866.545,168,299.25,4948.532243007527
1773841864,4866.99,4867.1900000000005,4865.1900000000005,4867.1900000000005,121,291.85,4948.512956432086
1773841866,4867.62,4868.185,4866.185,4866.185,370,265,4948.454273140323
1773841876,4865.64,4867.245,4865.245,4867.245,150,262.35,4948.430427029398
1773841883,4867.37,4867.37,4865.37,4865.37,360,248.2,4948.372874639193
1773841892,4864.905,4866.225,4864.225,4864.225,161,211.55,4948.346804371276
1773841897,4863.715,4864.735,4862.735,4864.735,481,232.8,4948.26824687825
1773841908,4864.835,4865.8550000000005,4863.8550000000005,4863.8550000000005,169,224.85,4948.240828771137
1773841911,4863.68,4864.325,4862.325,4862.325,1023,263.9,4948.0722163349965
1773841936,4862.195,4863.055,4861.055,4861.055,657,286.8,4947.96266869804
1773841951,4861.035,4862.51,4860.51,4862.51,488,299.5,4947.88159425323
1773841960,4862.7300000000005,4864.125,4862.125,4864.125,214,305.1,4947.84675569826
1773841964,4864.47,4866.29,4864.29,4866.29,802,338.9,4947.719790988785
1773841983,4866.395,4867.895,4865.895,4867.895,308,344.05,4947.672086840239
1773841991,4868.255,4868.635,4866.635,4868.635,969,385.05,4947.523749949591
1773842018,4869.08,4870.125,4868.125,4870.125,170,382.6,4947.498269185607
1773842023,4870.3150000000005,4872.06,4870.06,4870.06,445,376.1,4947.4327309789805
1773842036,4868.31,4869.625,4867.625,4869.625,371,388.05,4947.376919073323
1773842045,4869.67,4870.545,4868.545,4870.545,281,395.75,4947.335194571012
1773842053,4870.845,4871.05,4869.05,4869.05,145,392.65,4947.313636801004
1773842058,4868.8150000000005,4869.92,4867.92,4867.92,817,425.1,4947.190627792192
1773842081,4867.035,4868.335,4866.335,4868.335,234,430.75,4947.1550563252995
1773842091,4868.76,4870.7300000000005,4868.7300000000005,4870.7300000000005,197,422.1,4947.1260356525745
1773842097,4872.07,4873.68,4871.68,4873.68,332,431.2,4947.079047454004
1773842106,4873.775000000001,4874.33,4872.33,4874.33,363,431.35,4947.0281902169345
1773842116,4874.41,4874.72,4872.72,4874.72,182,432.4,4947.002853465122
1773842122,4875.24,4876.38,4874.38,4874.38,780,447.35,4946.89594224308
1773842144,4873.395,4874.49,4872.49,4874.49,646,471.2,4946.806134538388
1773842160,4875.085,4875.085,4873.085,4873.085,162,428.15,4946.783625630176
1773842165,4872.46,4872.46,4870.46,4870.46,328,411.7,4946.7364579500245
1773842173,4870.21,4870.455,4868.455,4868.455,278,401.2,4946.695467596908
1773842181,4868.435,4869.395,4867.395,4869.395,404,410.7,4946.635674352789
1773842191,4869.75,4869.96,4867.96,4869.96,743,407.75,4946.526742923566
1773842207,4870.155,4870.29,4868.29,4870.29,537,419.2,4946.448539620716
1773842227,4870.34,4870.92,4868.92,4868.92,677,404.6,4946.350127536407
1773842261,4868.77,4870.665,4868.665,4870.665,132,402.7,4946.331071456263
1773842267,4870.76,4871.87,4869.87,4871.87,182,389.55,4946.3052272814675
1773842276,4873.62,4874.77,4872.77,4874.77,800,411,4946.196215523456
1773842303,4875.135,4876.615,4874.615,4876.615,374,415.65,4946.146666720107
1773842321,4876.63,4877.825,4875.825,4875.825,361,426.45,4946.099276115096
1773842341,4875.285,4876.585,4874.585,4876.585,140,392.6,4946.080763600513
1773842354,4877.4400000000005,4879.165,4877.165,4879.165,95,385.65,4946.068668823651
1773842361,4880.175,4880.59,4878.59,4878.59,286,390.1,4946.03269164968
1773842369,4878.555,4880.005,4878.005,4880.005,535,400.25,4945.965577798432
1773842401,4880.06,4880.79,4878.79,4878.79,251,394.65,4945.934193107698
1773842407,4878.22,4879.705,4877.705,4879.705,371,404.1,4945.88756641267
1773842442,4879.8550000000005,4880.3,4878.3,4878.3,181,374.15,4945.864817838876
1773842458,4877.47,4878.5,4876.5,4876.5,404,362.05,4945.812733057096
1773842477,4875.715,4877.36,4875.36,4875.36,422,375.05,4945.75750982746
1773842499,4873.655,4874.34,4872.34,4874.34,465,381.9,4945.6947104980545
1773842515,4874.66,4876.235,4874.235,4876.235,1060,421,4945.555719155719
1773842542,4876.57,4878.215,4876.215,4878.215,459,423.75,4945.497401954289
1773842552,4878.505,4879.535,4877.535,4879.535,258,399.5,4945.465302172757
1773842559,4879.545,4879.66,4877.66,4877.66,268,386.05,4945.431720011081
1773842567,4877.54,4878.25,4876.25,4878.25,523,378.35,4945.365556454698
1773842581,4878.91,4880.295,4878.295,4880.295,657,404.6,4945.285125604862
1773842600,4880.395,4880.900000000001,4878.900000000001,4880.900000000001,617,426.35,4945.210464977785
1773842616,4881.595,4883.42,4881.42,4883.42,540,413.35,4945.147791040744
1773842631,4883.45,4884.900000000001,4882.900000000001,4884.900000000001,90,399.15,4945.137605092949
1773842634,4885.265,4886.57,4884.57,4884.57,450,403.6,4945.08756458167
1773842648,4884.4400000000005,4885.06,4883.06,4883.06,232,408.2,4945.061148506978
1773842656,4882.975,4884.43,4882.43,4884.43,432,425.05,4945.012049881714
1773842671,4885.285,4885.61,4883.61,4883.61,142,417.85,4944.996063271665
1773842675,4883.07,4884.975,4882.975,4884.975,419,412.05,4944.948965105081
1773842685,4885.085,4885.86,4883.86,4885.86,157,407.35,4944.931593445602
1773842692,4886.2300000000005,4887.31,4885.31,4885.31,222,399.9,4944.907368801633
1773842698,4885.135,4886.02,4884.02,4886.02,155,398.6,4944.890288220584
1773842703,4886.155,4887.665,4885.665,4887.665,460,401.4,4944.841054087924
1773842717,4887.835,4888.7,4886.7,4888.7,229,391.75,4944.817013268785
1773842730,4888.75,4889.8,4887.8,4889.8,259,381.45,4944.790373755424
1773842741,4890.125,4891.71,4889.71,4891.71,411,349,4944.74960143845
1773842756,4891.88,4892.795,4890.795,4890.795,270,339.55,4944.723058726595
1773842767,4890.465,4891.415,4889.415,4891.415,637,358.5,4944.659704958147
1773842794,4891.75,4892.900000000001,4890.900000000001,4892.900000000001,339,362.05,4944.626976851758
1773842814,4893.16,4893.91,4891.91,4891.91,209,346.35,4944.606951789717
1773842821,4891.795,4891.83,4889.83,4889.83,349,330.95,4944.572211727266
1773842838,4889.79,4889.99,4887.99,4887.99,300,315.1,4944.5413699391265
1773842850,4887.985,4889.52,4887.52,4889.52,490,312.6,4944.491245141306
1773842867,4889.685,4891.08,4889.08,4889.08,622,339.2,4944.428766695543
1773842898,4888.895,4890.89,4888.89,4890.89,133,323.35,4944.415541953529
1773842904,4891.265,4891.55,4889.55,4891.55,700,346.75,4944.346890673511
1773842935,4891.6,4893.37,4891.37,4893.37,40,327.15,4944.343106424082
1773842936,4894.5,4894.67,4892.67,4892.67,88,324.45,4944.3348851090595
1773842939,4892.43,4893.365,4891.365,4893.365,796,343.3,4944.2597104991955
1773842966,4893.455,4894.6,4892.6,4892.6,290,349.95,4944.23267841508
1773842979,4892.385,4893.555,4891.555,4893.555,320,354.85,4944.202661972132
1773842989,4893.655,4893.805,4891.805,4891.805,482,371.2,4944.157149309589
1773843003,4891.47,4892.035,4890.035,4890.035,343,365.35,4944.123702944323
1773843012,4889.83,4891.14,4889.14,4889.14,242,366,4944.099735467881
1773843020,4888.7300000000005,4889.695,4887.695,4887.695,502,378.15,4944.04876376133
1773843035,4887.57,4887.900000000001,4885.900000000001,4887.900000000001,330,374.1,4944.014629321487
1773843043,4888.4400000000005,4888.645,4886.645,4886.645,398,380.5,4943.973572361609
1773843054,4886.49,4886.775000000001,4884.775000000001,4884.775000000001,71,352.2,4943.966012864855
1773843056,4884.66,4886.51,4884.51,4886.51,223,346.4,4943.942445217635
1773843063,4886.54,4886.555,4884.555,4884.555,1011,386.5,4943.834696758786
1773843092,4884.225,4884.255,4882.255,4882.255,664,402.25,4943.761376612854
1773843116,4881.63,4883.1050000000005,4881.1050000000005,4883.1050000000005,166,395.55,4943.742928745974
1773843122,4883.695,4885.325,4883.325,4885.325,111,376.6,4943.731045796229
1773843127,4886.045,4887.745,4885.745,4887.745,608,375.9,4943.668704885829
1773843149,4887.81,4887.84,4885.84,4885.84,480,393.25,4943.619089009009
1773843176,4885.195,4887.195,4885.195,4887.195,265,371.5,4943.591744172674
1773843185,4887.275000000001,4887.3150000000005,4885.3150000000005,4885.3150000000005,99,374.45,4943.581437473203
1773843189,4885.215,4885.650000000001,4883.650000000001,4883.650000000001,839,412,4943.491718031358
1773843222,4883.63,4885.150000000001,4883.150000000001,4883.150000000001,362,390.3,4943.4527645943745
1773843236,4882.825,4883.91,4881.91,4883.91,345,393.05,4943.415331309604
1773843246,4883.935,4884.4400000000005,4882.4400000000005,4882.4400000000005,490,401.55,4943.3621245525865
1773843265,4882.31,4883.01,4881.01,4881.01,242,389.55,4943.335258740885
1773843276,4880.59,4882.235,4880.235,4882.235,997,422.25,4943.224628364448
1773843316,4882.3,4883.66,4881.66,4881.66,950,457.65,4943.120873361045
1773843349,4881.405,4881.675,4879.675,4879.675,436,454.35,4943.071822623326
1773843364,4879.57,4880.985,4878.985,4878.985,871,481.4,4942.972987490317
1773843393,4878.37,4879.400000000001,4877.400000000001,4877.400000000001,536,488.3,4942.91080023751
1773843420,4876.88,4876.88,4874.88,4874.88,152,492.35,4942.8925022248595
1773843427,4874.79,4876.79,4874.79,4876.79,172,489.8,4942.871985758786
1773843432,4876.95,4876.95,4874.95,4874.95,465,462.5,4942.816162253269
1773843449,4874.945,4876.945,4874.945,4876.945,645,461.55,4942.739643809328
1773843485,4877.01,4877.01,4875.01,4875.01,198,463.15,4942.715977391935
1773843495,4874.92,4875.675,4873.675,4873.675,435,479.35,4942.663007371889
1773843515,4873.495,4875.495,4873.495,4875.495,132,455.55,4942.647064318175
1773843519,4875.595,4876.415,4874.415,4874.415,373,450.2,4942.602221729948
1773843531,4873.81,4874.875,4872.875,4874.875,508,462.35,4942.540456206291
1773843549,4875.66,4875.79,4873.79,4873.79,704,492.6,4942.455354491444
1773843573,4873.665,4874.4400000000005,4872.4400000000005,4872.4400000000005,832,492.25,4942.35306231223
1773843616,4871.905,4872.8550000000005,4870.8550000000005,4870.8550000000005,411,494.7,4942.301488154827
1773843637,4870.385,4871.42,4869.42,4869.42,207,487.8,4942.275015227191
1773843649,4869.35,4870.585,4868.585,4868.585,102,468.4,4942.261826928988
1773843654,4868.1900000000005,4869.015,4867.015,4867.015,197,466.15,4942.235821446259
1773843661,4866.905,4868.845,4866.845,4868.845,174,425,4942.213020132377
1773843666,4869.21,4869.995,4867.995,4869.995,408,397.9,4942.160439636164
1773843684,4870.055,4870.055,4868.055,4868.055,212,386.7,4942.132921011104
1773843698,4867.895,4868.41,4866.41,4866.41,286,357.45,4942.09499834232
1773843723,4866.3550000000005,4867.365,4865.365,4867.365,303,345.8,4942.054660902887
1773843740,4867.39,4868.83,4866.83,4868.83,153,345.85,4942.0347045510125
1773843747,4869.02,4870.77,4868.77,4870.77,90,341.75,4942.023278711728
1773843751,4871.17,4871.17,4869.17,4869.17,112,324.1,4942.009012255607
1773843754,4868.91,4869.99,4867.99,4867.99,317,307.7,4941.968003949871
1773843765,4867.885,4869.025000000001,4867.025000000001,4867.025000000001,462,320.9,4941.907534320973
1773843782,4866.705,4868.705,4866.705,4868.705,197,309,4941.8818998866245
1773843790,4868.835,4870.16,4868.16,4868.16,780,341.4,4941.781659269537
1773843836,4867.995,4868.705,4866.705,4866.705,167,331.1,4941.759805922431
1773843846,4866.135,4868.135,4866.135,4868.135,59,308.65,4941.752098375981
1773843850,4868.335,4868.825,4866.825,4866.825,217,284.3,4941.723772934378
1773843879,4866.555,4866.725,4864.725,4864.725,83,246.85,4941.712638158801
1773843885,4863.8550000000005,4865.8550000000005,4863.8550000000005,4865.8550000000005,130,232.8,4941.695158229951
1773843890,4866.25,4867.795,4865.795,4867.795,186,231.75,4941.670796193027
1773843899,4867.8,4867.8,4865.8,4865.8,324,242.85,4941.628020740993
1773843913,4865.375,4866.195,4864.195,4864.195,175,241.75,4941.60444401643
1773843923,4863.945,4865.945,4863.945,4865.945,58,235.95,4941.596675619135
1773843927,4866.34,4866.39,4864.39,4864.39,102,220.65,4941.582978120849
1773843936,4864.255,4865.285,4863.285,4863.285,361,228.1,4941.533839641149
1773843957,4862.56,4863.28,4861.28,4861.28,269,227.25,4941.496319180838
1773843964,4861.17,4862.31,4860.31,4860.31,248,224.5,4941.461337743201
1773843969,4859.26,4861.26,4859.26,4861.26,207,227.2,4941.432023836842
1773843974,4861.82,4862.95,4860.95,4862.95,196,232.5,4941.404867111901
1773843980,4862.97,4863.375,4861.375,4861.375,976,275.7,4941.26950248244
1773844009,4861.235,4861.965,4859.965,4861.965,520,285.85,4941.19689547865
1773844022,4862.005,4863.645,4861.645,4863.645,111,268.3,4941.181739277051
1773844025,4864.3150000000005,4865.22,4863.22,4865.22,987,307.8,4941.04993883012
1773844057,4865.6,4865.6,4863.6,4863.6,873,312.45,4940.9333033734065
1773844093,4863.265,4864.03,4862.03,4864.03,534,330.8,4940.86129528643
1773844119,4864.17,4864.955,4862.955,4864.955,223,339,4940.831622496903
1773844132,4864.97,4864.97,4862.97,4862.97,498,353.05,4940.764877200726
1773844155,4861.34,4862.655,4860.655,4862.655,907,394.25,4940.64101943406
1773844179,4862.725,4863.26,4861.26,4861.26,572,416.35,4940.563047450908
1773844199,4860.845,4862.39,4860.39,4862.39,204,417.25,4940.535204809724
1773844203,4862.59,4864.035,4862.035,4864.035,360,419.05,4940.487143229939
1773844215,4864.05,4864.245,4862.245,4862.245,303,425.45,4940.446498510905
1773844227,4862,4862.6,4860.6,4860.6,343,439.7,4940.399564438982
1773844238,4860.135,4861.37,4859.37,4861.37,284,448.8,4940.360469317495
1773844248,4861.67,4861.67,4859.67,4859.67,154,438.45,4940.339188375872
1773844254,4859.400000000001,4861.06,4859.06,4861.06,78,428.9,4940.32842166634
1773844260,4861.57,4862.795,4860.795,4862.795,139,423.45,4940.309658321126
1773844267,4862.82,4862.82,4860.82,4860.82,362,431.2,4940.260434149949
1773844292,4860.58,4860.58,4858.58,4858.58,267,434.75,4940.223136022698
1773844309,4858.5650000000005,4858.975,4856.975,4856.975,178,394.85,4940.197797209654
1773844321,4856.8,4858.8,4856.8,4858.8,52,371.45,4940.190441861874
1773844324,4858.985,4860.9800000000005,4858.9800000000005,4860.9800000000005,228,377.3,4940.1590634271715
1773844336,4861.0650000000005,4861.53,4859.53,4859.53,416,348.75,4940.101791465662
1773844361,4859.39,4861.21,4859.21,4859.21,285,319.35,4940.062445053833
1773844371,4858.715,4860.08,4858.08,4860.08,409,313.1,4940.00572100757
1773844388,4860.32,4862.1900000000005,4860.1900000000005,4862.1900000000005,78,305.85,4939.995195262043
1773844390,4862.725,4864.255,4862.255,4864.255,445,303.2,4939.936777319428
1773844407,4864.575,4865.21,4863.21,4865.21,280,271.85,4939.900524931415
1773844419,4865.255,4865.29,4863.29,4863.29,607,273.6,4939.821443616433
1773844446,4863.09,4863.92,4861.92,4863.92,325,279.65,4939.778777633572
1773844466,4864.35,4864.415,4862.415,4862.415,386,280.95,4939.728051770338
1773844491,4862.055,4863.71,4861.71,4863.71,520,291.8,4939.659788273205
1773844518,4863.79,4863.79,4861.79,4861.79,162,282.75,4939.638383737434
1773844528,4861.74,4862.4400000000005,4860.4400000000005,4860.4400000000005,231,280.1,4939.607349480455
1773844543,4859.72,4860.0650000000005,4858.0650000000005,4858.0650000000005,259,285.35,4939.571530797092
1773844559,4857.88,4859.64,4857.64,4859.64,118,287.35,4939.555271131565
1773844564,4859.985,4861.425,4859.425,4861.425,186,289.7,4939.530222242169
1773844572,4861.455,4861.465,4859.465,4859.465,255,284.35,4939.495633900513
1773844590,4859.045,4860.22,4858.22,4858.22,279,284.95,4939.457231570992
1773844603,4857.785,4859.67,4857.67,4857.67,385,295.3,4939.403937819391
1773844641,4857.415,4858.795,4856.795,4858.795,275,306.45,4939.365815988664
1773844667,4859,4859.875,4857.875,4859.875,411,315.6,4939.309664354345
1773844690,4860.265,4862.13,4860.13,4862.13,216,305.6,4939.281015414784
1773844701,4862.205,4862.6050000000005,4860.6050000000005,4862.6050000000005,217,302.2,4939.252430620259
1773844709,4862.61,4863.85,4861.85,4863.85,287,296.1,4939.21526562882
1773844720,4863.945,4865.27,4863.27,4863.27,170,300.7,4939.1934865923595
1773844728,4863.265,4865.01,4863.01,4863.01,517,304.3,4939.127101509287
1773844757,4862.825,4864.255,4862.255,4862.255,339,307.25,4939.0832007887375
1773844781,4862.06,4863.06,4861.06,4861.06,283,291.05,4939.046016401162
1773844797,4860.835,4860.87,4858.87,4858.87,256,287.6,4939.011458563606
1773844808,4858.53,4859.585,4857.585,4859.585,371,286.85,4938.961040742658
1773844837,4859.695,4861.17,4859.17,4861.17,257,273.7,4938.9268432456065
1773844851,4861.3550000000005,4863.3150000000005,4861.3150000000005,4863.3150000000005,414,286.3,4938.873322359452
1773844873,4863.32,4863.37,4861.37,4861.37,414,295.45,4938.819447651039
1773844893,4861.36,4861.865,4859.865,4861.865,578,311.4,4938.743537663415
1773844923,4862.03,4862.475,4860.475,4862.475,541,332.55,4938.67317921802
1773844950,4862.5,4864.035,4862.035,4864.035,386,342.55,4938.624074773582
1773844975,4864.045,4864.045,4862.045,4862.045,157,337.65,4938.603946439847
1773844985,4861.84,4861.915,4859.915,4859.915,158,331.6,4938.583132454012
1773844994,4859.91,4860.900000000001,4858.900000000001,4860.900000000001,810,352.85,4938.476126265502
1773845039,4860.945,4862.72,4860.72,4862.72,414,359.8,4938.422816572457
1773845072,4863.150000000001,4863.46,4861.46,4861.46,249,351.7,4938.390820053205
1773845091,4861.400000000001,4862.59,4860.59,4862.59,232,352.5,4938.360952757356
1773845103,4863.475,4865.275000000001,4863.275000000001,4865.275000000001,215,352.4,4938.334266366656
1773845112,4866.715,4866.8550000000005,4864.8550000000005,4866.8550000000005,864,381.25,4938.229512879767
1773845154,4866.86,4867.13,4865.13,4865.13,391,392.3,4938.181949804577
1773845173,4865.11,4866.835,4864.835,4866.835,486,390.75,4938.123220591168
1773845206,4867.235,4867.875,4865.875,4867.875,534,400.5,4938.059732396039
1773845236,4868.42,4870.11,4868.11,4870.11,694,421.05,4937.979988640682
1773845271,4870.31,4871.205,4869.205,4869.205,823,449.4,4937.886251613066
1773845310,4869.17,4869.83,4867.83,4867.83,292,445.45,4937.852384647533
1773845327,4867.56,4868.905,4866.905,4868.905,468,456,4937.797971692366
1773845352,4868.965,4869.295,4867.295,4867.295,52,437.9,4937.79190703274
1773845354,4867.195,4867.4800000000005,4865.4800000000005,4865.4800000000005,529,443.65,4937.728668563808
1773845388,4864.965,4866.965,4864.965,4866.965,198,424.65,4937.705077759175
1773845402,4867,4867,4865,4865,305,412.85,4937.668447671861
1773845415,4864.025000000001,4864.8550000000005,4862.8550000000005,4862.8550000000005,595,423.3,4937.594970459671
1773845442,4862.725,4864.5,4862.5,4864.5,311,431,4937.5567839955565
1773845457,4864.75,4866.735,4864.735,4866.735,225,434.35,4937.5300185620345
1773845465,4866.97,4868.63,4866.63,4868.63,285,408.1,4937.497042701541
1773845476,4868.74,4869.895,4867.895,4867.895,806,427.7,4937.404754676673
1773845509,4867.33,4868.735,4866.735,4866.735,1103,470.4,4937.2767381798785
1773845569,4866.615,4866.695,4864.695,4864.695,149,466.25,4937.258976986617
1773845579,4864.66,4864.66,4862.66,4862.66,223,466.65,4937.231659257412
1773845592,4862.6050000000005,4864.6050000000005,4862.6050000000005,4864.6050000000005,134,430.15,4937.215389605268
1773845606,4864.995,4865.385,4863.385,4863.385,239,422.55,4937.186434121498
1773845632,4863.075,4863.31,4861.31,4861.31,63,401.4,4937.178588874545
1773845635,4861.06,4863.005,4861.005,4863.005,264,387.9,4937.145889366643
1773845648,4863.06,4865.06,4863.06,4865.06,387,372.55,4937.099321839448
1773845673,4865.09,4865.765,4863.765,4865.765,778,370.3,4937.0067916331545
1773845731,4865.8,4865.885,4863.885,4865.885,306,371,4936.9705237619655
1773845751,4865.900000000001,4867.83,4865.83,4867.83,152,355.2,4936.953009945862
1773845763,4867.97,4868.245,4866.245,4868.245,770,391.1,4936.864950262418
1773845820,4868.35,4870.155,4868.155,4870.155,192,374.25,4936.843631675432
1773845830,4870.175,4871.7300000000005,4869.7300000000005,4869.7300000000005,290,378.85,4936.811891185244
1773845853,4869.485,4870.47,4868.47,4868.47,444,385.8,4936.762433287307
1773845899,4868.365,4870.025000000001,4868.025000000001,4870.025000000001,183,365.2,4936.742136393161
1773845918,4870.0650000000005,4871.895,4869.895,4871.895,171,358.2,4936.723707514053
1773845939,4872.135,4872.715,4870.715,4870.715,376,365.75,4936.683316756353
1773845971,4870.64,4871.43,4869.43,4871.43,266,364.8,4936.6545023079925
1773846010,4871.525000000001,4871.5650000000005,4869.5650000000005,4869.5650000000005,167,332.85,4936.636279038382
1773846030,4868.05,4868.97,4866.97,4866.97,94,282.4,4936.62562535316
1773846032,4866.185,4868.185,4866.185,4868.185,88,279.35,4936.615637569368
1773846034,4869.935,4871.86,4869.86,4871.86,96,273,4936.60532442287
1773846038,4872.31,4874.27,4872.27,4874.27,398,286.2,4936.564176518184
1773846052,4874.295,4875.650000000001,4873.650000000001,4873.650000000001,511,299.8,4936.512022324687
1773846066,4873.475,4873.645,4871.645,4871.645,979,345.6,4936.409133097174
1773846100,4870.12,4870.59,4868.59,4868.59,87,336.75,4936.399570647681
1773846102,4868.505,4869.72,4867.72,4867.72,799,357.35,4936.31074089755
1773846139,4867.515,4867.89,4865.89,4867.89,633,350.1,4936.239328468255
1773846175,4867.905,4869.765,4867.765,4869.765,1187,394.15,4936.109440562846
1773846233,4870.12,4870.76,4868.76,4868.76,245,398.8,4936.082824943027
1773846245,4868.12,4869.9800000000005,4867.9800000000005,4869.9800000000005,383,379.45,4936.041189538478
1773846303,4870.400000000001,4871.650000000001,4869.650000000001,4871.650000000001,489,394.3,4935.989434941996
1773846346,4871.75,4872.900000000001,4870.900000000001,4872.900000000001,1016,430.6,4935.88422941662
1773846408,4873.28,4875.045,4873.045,4875.045,144,415.6,4935.869848029709
1773846419,4875.125,4876.555,4874.555,4874.555,204,416.65,4935.849765165895
1773846437,4874.195,4875.745,4873.745,4875.745,210,418.6,4935.829056675471
1773846456,4875.79,4876.935,4874.935,4876.935,126,406.1,4935.816881607308
1773846472,4876.995,4877.715,4875.715,4877.715,285,407.05,4935.789721595213
1773846532,4878.055,4878.34,4876.34,4876.34,687,433.05,4935.724308382754
1773846612,4876.28,4876.7300000000005,4874.7300000000005,4874.7300000000005,91,432.9,4935.7154173887175
1773846622,4874.72,4875.68,4873.68,4873.68,91,433.05,4935.706374290412
1773846639,4873.47,4873.47,4871.47,4871.47,128,434.65,4935.693200863887
1773846649,4870.8,4872.08,4870.08,4872.08,657,447.6,4935.62490141251
1773846699,4872.3550000000005,4873.285,4871.285,4873.285,113,427.7,4935.613389120926
1773846717,4873.99,4874.525000000001,4872.525000000001,4872.525000000001,84,382.95,4935.604911898788
1773846725,4872.445,4873.685,4871.685,4873.685,116,384.4,4935.593176542254
1773846739,4873.785,4874.97,4872.97,4874.97,270,357.95,4935.566439099808
1773846775,4875.015,4875.06,4873.06,4873.06,144,333.5,4935.552054528287
1773846785,4873.04,4874.405,4872.405,4874.405,314,289.85,4935.520717279519
1773846809,4874.51,4875.75,4873.75,4875.75,415,298.35,4935.4802495173135
1773846900,4875.835,4876.09,4874.09,4874.09,211,289.75,4935.459583944224
1773846928,4873.9400000000005,4875.9400000000005,4873.9400000000005,4875.9400000000005,103,270.45,4935.449586937571
1773846934,4876.61,4877.53,4875.53,4875.53,1041,271.7,4935.350282765435
1773847015,4875.125,4876.835,4874.835,4876.835,206,274.8,4935.330661840091
1773847035,4877.02,4878.62,4876.62,4878.62,381,283.65,4935.295500770432
1773847070,4878.685,4880.27,4878.27,4878.27,387,292.5,4935.260441772397
1773847112,4877.995,4878.125,4876.125,4876.125,107,291.55,4935.250387292295
1773847128,4876.1050000000005,4876.595,4874.595,4874.595,272,290.9,4935.224175269107
1773847155,4874.585,4876.585,4874.585,4876.585,252,269.15,4935.200176759003
1773847201,4876.89,4877.185,4875.185,4875.185,104,269.8,4935.190267141259
1773847228,4875.075,4875.645,4873.645,4873.645,222,276.35,4935.168576289252
1773847251,4873.6050000000005,4873.665,4871.665,4871.665,18,270.85,4935.166761050503
1773847251.001,4871.015,4872.03,4870.03,4870.03,462,261.1,4935.118994396657
1773847267,4869.445,4870.12,4868.12,4868.12,248,267.85,4935.092623265216
1773847283,4867.81,4869.255,4867.255,4869.255,363,281.8,4935.053946024598
1773847299,4869.59,4870.265,4868.265,4870.265,419,296.95,4935.010035495516
1773847321,4870.58,4870.62,4868.62,4868.62,314,299.15,4934.977010791064
1773847340,4868.475,4869.765,4867.765,4869.765,837,333.8,4934.888889978274
1773847392,4869.79,4871.675,4869.675,4871.675,656,350.9,4934.821990052574
1773847450,4872.135,4873,4871,4873,203,340.3,4934.80174543353
1773847471,4873.185,4874.6900000000005,4872.6900000000005,4874.6900000000005,461,352.8,4934.757062337771
1773847499,4874.745,4874.745,4872.745,4872.745,125,353.9,4934.744835943424
1773847504,4872.275000000001,4873.900000000001,4871.900000000001,4873.900000000001,242,313.95,4934.721110705576
1773847519,4874.125,4874.125,4872.125,4872.125,245,315.9,4934.696937592375
1773847532,4871.97,4872.11,4870.11,4870.11,512,322.45,4934.644839266075
1773847578,4869.985,4871.5,4869.5,4871.5,166,311.4,4934.627981208369
1773847606,4871.54,4871.54,4869.54,4869.54,63,309.2,4934.621522777065
1773847618,4869.4800000000005,4870.72,4868.72,4870.72,453,318.25,4934.575011231915
1773847680,4871.085,4872.66,4870.66,4872.66,147,313,4934.560385857673
1773847708,4872.67,4873.83,4871.83,4871.83,283,321.95,4934.532475118906
1773847783,4871.35,4873.02,4871.02,4871.02,151,318.4,4934.517398770452
1773847810,4871,4873,4871,4873,117,323.35,4934.505842248279
1773847834,4873.075,4873.38,4871.38,4871.38,303,315.4,4934.475795872869
1773847898,4871.365,4873.145,4871.145,4871.145,190,312.5,4934.456898786985
1773847932,4871.045,4872.895,4870.895,4872.895,163,302.5,4934.440803924153
1773847961,4873.215,4874.3150000000005,4872.3150000000005,4874.3150000000005,316,297.35,4934.410336968885
1773848036,4874.345,4874.725,4872.725,4872.725,1176,340.45,4934.296743595551
1773848146,4872.615,4874.615,4872.615,4874.615,205,308.85,4934.277165893357
1773848204,4874.67,4875.62,4873.62,4873.62,396,295.85,4934.23959533826
1773848248,4873.025000000001,4874.435,4872.435,4872.435,945,332.95,4934.148359828718
1773848379,4872.3,4874.3,4872.3,4874.3,217,320.75,4934.12763000838
1773848426,4874.335,4874.525000000001,4872.525000000001,4872.525000000001,152,322.1,4934.113012086034
1773848448,4871.995,4873.7,4871.7,4873.7,250,322.5,4934.088922251638
1773848476,4874.455,4874.545,4872.545,4872.545,487,334.6,4934.042186680773
1773848509,4872.305,4872.305,4870.305,4870.305,72,312.6,4934.035028986515
1773848513,4869.87,4869.875,4867.875,4867.875,103,309.45,4934.024397885491
1773848517,4867.41,4868.9800000000005,4866.9800000000005,4868.9800000000005,422,327.4,4933.980725596551
1773848532,4868.995,4869.345,4867.345,4867.345,755,342.5,4933.902377915298
1773848574,4867.09,4869.09,4867.09,4869.09,104,340.35,4933.891667568396
1773848587,4869.43,4869.96,4867.96,4867.96,97,331.05,4933.881712283424
1773848599,4867.81,4868.92,4866.92,4866.92,609,353.95,4933.8182838090715
1773848673,4866.34,4866.4800000000005,4864.4800000000005,4864.4800000000005,135,354.85,4933.80372235172
1773848701,4864.3550000000005,4866.14,4864.14,4866.14,407,360.05,4933.760068300202
1773848741,4866.205,4866.205,4864.205,4864.205,45,352.8,4933.755202612842
1773848749,4864.1,4866.1,4864.1,4866.1,146,351.95,4933.739549574009
1773848765,4866.27,4866.585,4864.585,4864.585,236,347.95,4933.714195310166
1773848797,4864.5650000000005,4864.765,4862.765,4862.765,152,296.75,4933.697441534778
1773848809,4862.365,4863.29,4861.29,4863.29,560,314.5,4933.635076678724
1773848842,4863.625,4864.505,4862.505,4864.505,632,326.3,4933.566026810222
1773848901,4864.535,4865.1900000000005,4863.1900000000005,4863.1900000000005,361,297.1,4933.526656977429
1773848937,4863.135,4864.335,4862.335,4862.335,184,295.45,4933.5063614130995
1773848953,4862.085,4863.89,4861.89,4863.89,1020,338.85,4933.394417976657
1773849042,4864.27,4865.13,4863.13,4865.13,156,334.15,4933.377630635008
1773849063,4865.18,4865.52,4863.52,4865.52,382,328.9,4933.336790115756
1773849134,4865.555,4866.295,4864.295,4864.295,516,351.1,4933.281787716991
1773849227,4863.77,4865.05,4863.05,4865.05,252,358.55,4933.254731115606
1773849279,4865.3,4866.005,4864.005,4866.005,1121,393.5,4933.136294641286
1773849378,4866.4400000000005,4866.465,4864.465,4864.465,947,403.1,4933.036259096738
1773849480,4864.06,4864.365,4862.365,4862.365,720,433.9,4932.95805320445
1773849515,4862.22,4864.095,4862.095,4864.095,271,442.6,4932.928829340157
1773849551,4864.155,4864.16,4862.16,4862.16,254,424.85,4932.901224073159
1773849592,4862.115,4863.085,4861.085,4863.085,1394,487.8,4932.749226824196
1773849736,4863.215,4864.835,4862.835,4864.835,334,484.15,4932.713809600756
1773849779,4865.495,4867.475,4865.475,4867.475,75,485.65,4932.706167771816
1773849792,4867.775000000001,4868.115,4866.115,4868.115,156,486.15,4932.690432760058
1773849823,4868.14,4869.900000000001,4867.900000000001,4867.900000000001,209,484.8,4932.669724917648
1773849872,4867.865,4867.885,4865.885,4865.885,122,483.3,4932.657263495598
1773849880,4865.4400000000005,4866.755,4864.755,4866.755,269,468.75,4932.629611205742
1773849907,4866.8,4868.26,4866.26,4868.26,1091,491.7,4932.520226496785
1773850014,4868.55,4870.14,4868.14,4870.14,206,483.95,4932.500210869775
1773850033,4870.25,4870.625,4868.625,4868.625,413,495.4,4932.460005154361
1773850087,4868.205,4870.12,4868.12,4870.12,365,462.65,4932.424605641367
1773850119,4870.4800000000005,4871.07,4869.07,4871.07,948,502.25,4932.334233699461
1773850216,4871.09,4872.22,4870.22,4872.22,497,508,4932.287838132148
1773850275,4872.495,4874.4800000000005,4872.4800000000005,4874.4800000000005,976,531,4932.200315812348
1773850380,4874.56,4876.205,4874.205,4876.205,298,533.3,4932.174432964991
1773850415,4876.645,4878.435,4876.435,4878.435,297,492.1,4932.14967525958
1773850433,4878.585,4879.46,4877.46,4877.46,226,456.05,4932.130975191051
1773850456,4877.24,4878.225,4876.225,4876.225,1085,474.3,4932.039329333223
1773850547,4876.195,4876.67,4874.67,4874.67,176,469.55,4932.024073563386
1773850568,4874.595,4876.535,4874.535,4876.535,383,476,4931.991214382117
1773850600,4877.16,4878.56,4876.56,4876.56,492,430.9,4931.950080273437
1773850644,4876.395,4876.8,4874.8,4874.8,349,431.65,4931.920002026816
1773850712,4874.715,4876.0650000000005,4874.0650000000005,4876.0650000000005,379,446.85,4931.887335026032
1773850774,4876.075,4877.095,4875.095,4877.095,368,457.45,4931.856229948024
1773850835,4877.265,4877.82,4875.82,4877.82,1209,507.45,4931.755618234387
1773850976,4877.985,4879.52,4877.52,4877.52,546,528.65,4931.711159496958
1773851028,4877.415,4878.805,4876.805,4878.805,711,550.75,4931.653323744731
1773851104,4878.8150000000005,4878.8150000000005,4876.8150000000005,4876.8150000000005,401,516.25,4931.6203601646
1773851135,4876.595,4878.585,4876.585,4878.585,253,518.6,4931.599750905583
1773851164,4878.7,4880.655,4878.655,4880.655,290,512.45,4931.5770572759575
1773851204,4880.955,4881.285,4879.285,4881.285,155,501.95,4931.565084127522
1773851229,4881.485,4883.215,4881.215,4881.215,348,471.95,4931.538889043768
1773851258,4880.925,4882.365,4880.365,4880.365,689,481.55,4931.486220818898
1773851317,4880.035,4881.365,4879.365,4881.365,336,449.55,4931.460406860541